{
  "variant": "fiducial",
  "args": {
    "pixels": [
      10066,
      10324,
      8793,
      9171,
      9430,
      9689
    ],
    "datadir": "mockdata",
    "out": "output/mock_dc2",
    "n_rand": 200,
    "sigz0": 0.03,
    "outlier_frac": 0.02,
    "mstar_scatter": 0.16,
    "clmass_scatter": 0.25,
    "smhm_inverse": "posterior",
    "logmh_max": 13.8,
    "sn_noise": 0.15,
    "seed": 31415,
    "variant": ""
  },
  "n_src": 1951,
  "A_mock_kappa": [
    0.30651066428876267,
    0.031607228235201755
  ],
  "A_mock_desfit": [
    0.4173415137760878,
    0.09547875556013444
  ],
  "r2": 0.29343596564253793,
  "var_pred": 0.00036785495958921406,
  "var_true": 0.00011777536297701776,
  "cov": 0.00011280928929126005
}