{
  "variant": "sm0.85",
  "args": {
    "pixels": [
      10066,
      10324,
      8793,
      9171,
      9430,
      9689
    ],
    "datadir": "mockdata",
    "out": "output/mock_dc2",
    "n_rand": 200,
    "sigz0": 0.001,
    "outlier_frac": 0.0,
    "mstar_scatter": 0.001,
    "clmass_scatter": 0.02,
    "smhm_inverse": "posterior",
    "logmh_max": 13.8,
    "sn_noise": 0.15,
    "smooth_arcmin": 0.85,
    "seed": 31415,
    "variant": "sm0.85"
  },
  "n_src": 1948,
  "A_mock_kappa": [
    0.8348895791660224,
    0.07240476852746376
  ],
  "A_mock_desfit": [
    0.8893589982570962,
    0.2411550372813547
  ],
  "r2": 0.47300107662202556,
  "var_pred": 7.989158260256213e-05,
  "var_true": 0.00011773266526351205,
  "cov": 6.673490794425643e-05
}