{
  "variant": "noiseless",
  "args": {
    "pixels": [
      10066,
      10324,
      8793,
      9171,
      9430,
      9689
    ],
    "datadir": "mockdata",
    "out": "output/mock_dc2",
    "n_rand": 200,
    "sigz0": 0.001,
    "outlier_frac": 0.0,
    "mstar_scatter": 0.001,
    "clmass_scatter": 0.02,
    "smhm_inverse": "posterior",
    "logmh_max": 13.8,
    "sn_noise": 0.15,
    "seed": 31415,
    "variant": "noiseless"
  },
  "n_src": 1948,
  "A_mock_kappa": [
    0.44804533074844566,
    0.03743085107240354
  ],
  "A_mock_desfit": [
    0.4236231285003334,
    0.13127851132510648
  ],
  "r2": 0.3339180405952342,
  "var_pred": 0.00019583618834273378,
  "var_true": 0.00011773266526351205,
  "cov": 8.778855577225792e-05
}