{
  "variant": "naive",
  "args": {
    "pixels": [
      10066,
      10324,
      8793,
      9171,
      9430,
      9689
    ],
    "datadir": "mockdata",
    "out": "output/mock_dc2",
    "n_rand": 200,
    "sigz0": 0.03,
    "outlier_frac": 0.02,
    "mstar_scatter": 0.16,
    "clmass_scatter": 0.25,
    "smhm_inverse": "naive",
    "logmh_max": 13.8,
    "sn_noise": 0.15,
    "seed": 31415,
    "variant": "naive"
  },
  "n_src": 1951,
  "A_mock_kappa": [
    0.22143279453663373,
    0.018596272979086993
  ],
  "A_mock_desfit": [
    0.2943792941634148,
    0.05768649846060922
  ],
  "r2": 0.28472701638586245,
  "var_pred": 0.0006839104609222392,
  "var_true": 0.00011777536297701776,
  "cov": 0.0001515178662182204
}