{
  "BGS_BRIGHT_0.1_0.2": {
    "n": 20000,
    "median_offset_dex": -0.22562776915415483,
    "nmad_dex": 0.1863552726524344,
    "our_med": 10.27049444302282,
    "fsf_med": 10.51746654510498
  },
  "BGS_BRIGHT_0.2_0.3": {
    "n": 20000,
    "median_offset_dex": -0.2486315228570044,
    "nmad_dex": 0.14948219223730527,
    "our_med": 10.57933301960433,
    "fsf_med": 10.845072746276855
  },
  "BGS_BRIGHT_0.3_0.4": {
    "n": 20000,
    "median_offset_dex": -0.21670042212529417,
    "nmad_dex": 0.13581474866647292,
    "our_med": 10.777291235321197,
    "fsf_med": 11.01013708114624
  },
  "LRG_0.4_0.6": {
    "n": 20000,
    "median_offset_dex": -0.24918208815642284,
    "nmad_dex": 0.12310951426462803,
    "our_med": 10.918073422133936,
    "fsf_med": 11.164906978607178
  },
  "LRG_0.6_0.8": {
    "n": 20000,
    "median_offset_dex": -0.18315591745498505,
    "nmad_dex": 0.10289785463508341,
    "our_med": 10.959031137062457,
    "fsf_med": 11.13720989227295
  },
  "LRG_0.8_1.1": {
    "n": 20000,
    "median_offset_dex": -0.09599522956488205,
    "nmad_dex": 0.09482785739369874,
    "our_med": 11.022739722980226,
    "fsf_med": 11.125525951385498
  }
}