CID,FIELD,GROUP,zHD,MU,MUERR,PROBIA,HOST_RA,HOST_DEC,HOST_LOGMASS,kappa_raw,kappa_ext,kappa_gal_ext,kappa_cl_ext,gamma,dmu_pred,zbin,rand_mean,rand_sig,n_rand_ok,area_frac,area_flag,cl_dz_min_2am,frac_nir,n_spec_region,hr,hr_glob
1317666,X3,X,0.14136,39.34775,0.1421,1.0,36.771015,-5.002413,10.062,0.00046272940594658477,-0.0001468537561395999,-0.00030014518179345614,0.00015329142565385608,0.0003248863284208489,0.0003198627553209477,0.125,0.0006095831620861847,0.0004408090824282823,496,1.0,False,,0.9592265657839428,28317,0.23109731142795886,0.2177806564271607
1296657,X2,X,0.14624,39.29023,0.1306,1.0,36.255253,-6.27862,9.466,0.004126090269066383,0.003484719712011234,0.0037592045135725225,-0.0002744848015612888,0.003224733049240243,-0.007594847767373356,0.125,0.0006413705570551486,0.00046718475390220297,496,1.0,False,,0.0,28317,0.09359249721389039,0.08027584221309225
1530193,X3,X,0.14802,39.16841,0.1602,1.0,36.571732,-5.372609,11.165,0.0007725645607424977,0.0001195994210962106,0.0002471579786427577,-0.00012755855754654723,0.0012015626051990734,-0.00025679420759365176,0.125,0.0006529651396462871,0.00047680538816932986,496,1.0,False,,0.8755803156917363,28317,-0.05678065240526588,-0.07009730740606401
1277173,X1,X,0.1494,39.34373,0.0979,0.98907,34.878971,-4.508702,10.988,0.002104203288958897,0.0014422490908992554,-0.00025915148641465747,0.0017014005773139127,0.00042441614043201974,-0.003138374550872123,0.125,0.0006619541980596416,0.00048426408215170914,496,1.0,False,0.002001044022968502,0.863734368262182,28317,0.0966231695725168,0.08330651457171867
1247420,X1,X,0.15026,39.18191,0.1013,0.99945,34.056301,-4.197441,10.814,0.00279793487407978,0.002130378799037903,-0.00011138661919842511,0.002241765418236328,0.0032239881718005687,-0.004641493360531269,0.17500000000000004,0.0006675560750418771,0.0004889122537639164,496,1.0,False,0.41454975396866794,0.5939947780678851,28317,-0.005328948470839784,-0.09207568917392295
1317164,X1,X,0.15459,39.23567,0.1743,1.0,34.285286,-4.29746,10.816,0.0016206118958434746,0.0009248510215770863,0.0006304239417513332,0.00029442707982575315,0.0019584353033022827,-0.002010041827470464,0.17500000000000004,0.0006957608742663883,0.0005123152573463093,496,1.0,False,,0.9462039045553146,28317,-0.018768020551469228,-0.10551476125455239
1770639,X2,X,0.17623,40.67369,121.9264,0.0,35.444328,-6.509918,10.453,8.892416929280272e-05,-0.0007517244341652014,-0.00040486326592676416,-0.00034686116823843724,0.0007129402532323842,0.0016407438602373532,0.17500000000000004,0.0008406486034580041,0.0006295516729784363,496,1.0,False,,0.0,28317,1.1077349672826673,1.0209882265795842
1298893,X2,X,0.19616,39.9279,0.1359,1.0,35.724442,-6.257048,10.786,0.0024681995252340506,0.0014340701897903485,-0.0001850260653640489,0.0016190962551543974,0.0021981377947907464,-0.0031176185963339926,0.17500000000000004,0.001034129335443702,0.0007417334723080345,496,1.0,False,0.0008694489031567562,0.0,28317,0.10512924774532481,0.01838250704224165
1334620,X2,X,0.19624,39.94861,0.1849,1.0,35.753036,-6.264285,10.159,0.001915379130987233,0.000880473154371486,-0.0003926397811370866,0.0012731129355085726,0.0006770485771955105,-0.0019140461611205136,0.17500000000000004,0.001034905976615747,0.0007421837755667585,496,1.0,False,0.0008025145455761291,0.0,28317,0.1248582129350598,0.03811147223197664
1922067,X1,X,0.19771,39.8289,0.1094,1.0,34.866459,-4.913116,8.974,0.0004827944925812536,-0.0005663822655708194,-0.00012355797592308946,-0.00044282428964772977,0.00044408336670188507,0.0012427498203148916,0.17500000000000004,0.001049176758152073,0.0007504580979458106,496,1.0,False,,0.9578524836929252,28317,-0.012812444975167786,-0.09955918567825095
1309013,X2,X,0.2126,40.01692,0.1966,1.0,35.46608,-7.339446,10.492,0.0002856061497331998,-0.0009081229465657394,-0.0004119611940565739,-0.0004961617525091655,0.0020361902191800667,0.0019845007915508407,0.22500000000000003,0.0011937290962989392,0.0008342707919758016,496,1.0,False,,0.0,28317,-0.08326251083359003,-0.08678760206237812
1292805,X3,X,0.21415,41.12692,0.8952,0.0722,35.723347,-4.491385,10.678,0.002397595806584467,0.0011888192875771568,0.0017051566593510458,-0.0005163373717738889,0.0034797470981293177,-0.0025819995070920686,0.22500000000000003,0.0012087765190073102,0.0008429954176135776,496,1.0,False,0.4631635300415928,0.8744889615699101,28317,1.009154871743684,1.005629780514896
1282114,X1,X,0.21781,40.26232,0.1452,0.99999,35.116001,-4.53321,10.19,0.0002388231624338731,-0.0010054846901944936,-0.0005947932412574682,-0.00041069144893702517,0.0011079972051088727,0.002199594693930258,0.22500000000000003,0.0012443078526283666,0.0008635967917001973,496,1.0,False,,0.9520661157024793,28317,0.10350125903073072,0.09997616780194263
1295062,X2,X,0.21839,40.05123,0.2672,0.99679,35.482319,-5.598152,9.209,6.858179690732196e-05,-0.0011813567042183704,-0.0006409837582231802,-0.00054037294599519,0.00046145319288082266,0.002582647116751285,0.22500000000000003,0.0012499385011256923,0.0008668614903259457,496,1.0,False,,0.28928247048138056,28317,-0.11403569174411209,-0.11756078297290018
1250912,X3,X,0.21898,40.34771,0.1788,1.0,36.689491,-3.992791,10.614,0.0005145128784268658,-0.000741153351342658,-0.0002303081814234929,-0.000510845169919165,0.0002822486953386678,0.0016266913963521638,0.22500000000000003,0.0012556662297695238,0.0008701824768590346,496,1.0,False,,0.48593558907460255,28317,0.1759024752076659,0.1723773839788778
1292560,X1,X,0.22482,40.26777,0.0985,1.0,35.055962,-5.361173,8.606,0.0015345585350221166,0.0002221974996933114,0.0007920787854597199,-0.0005698812857664083,0.004309386060390634,-0.00048635163859695255,0.22500000000000003,0.0013123610353288052,0.0009030546147458813,496,1.0,False,,0.8341209829867675,28317,0.03207655811647393,0.028551466887685843
1248039,X2,X,0.22566,40.27718,0.1907,0.99996,34.858189,-6.177236,9.37,0.00023068634200290605,-0.0010915827879471826,-0.0005330827260588917,-0.0005585000618882907,0.001253383747110386,0.0023876537793657425,0.22500000000000003,0.0013222691299500885,0.0009094635792834704,496,1.0,False,,0.0,28317,0.03242434172914878,0.028899250500360688
1288083,X2,X,0.23048,40.25625,0.1114,1.0,35.583374,-6.613701,10.058,0.0007232909795993485,-0.0006585756390837092,-5.792753238762231e-05,-0.0006006481066960866,0.0005388394702055971,0.0014447174078994073,0.22500000000000003,0.0013818666186830577,0.0009488691402385003,496,1.0,False,,0.0,28317,-0.039908871288849554,-0.04343396251763765
1291149,X2,X,0.23057,42.30845,238.612,0.0,35.334316,-7.257593,10.144,0.00013339742638360686,-0.001249582008479112,-0.0006548754474392458,-0.000594706561039866,0.0005312256008625811,0.0027331122115168485,0.22500000000000003,0.0013829794348627186,0.0009496049287210631,496,1.0,False,,0.0,28317,2.0113408254536105,2.007815734224822
1262746,X3,X,0.23079,40.29796,0.1226,1.0,37.156616,-5.162936,10.483,0.0001051462723178034,-0.001280553379872976,-0.0007030687622260702,-0.0005774846176469058,0.0008762737985732851,0.002800509851812639,0.22500000000000003,0.0013856996521907795,0.0009514035227895499,496,1.0,False,,0.5752799668187474,28317,-0.0014706918566442634,-0.004995783085432356
1310367,X2,X,0.23332,40.44286,0.1187,1.0,34.742355,-6.718553,10.543,0.007413132361988225,0.005996150210524746,-0.0005497202665740072,0.006545870477098753,0.0013227156644846521,-0.013061558179163223,0.22500000000000003,0.0014169821514634791,0.0009720873545771486,496,1.0,False,0.4901242175591088,0.0,28317,0.11687822989543585,0.11335313866664776
1336687,X2,X,0.2338,40.15655,0.22,1.0,35.605694,-6.14983,8.606,0.0013100546167602084,-0.00011286255432813096,0.0004329284337240473,-0.000545790988052178,0.004488749645450754,0.00023981416809028397,0.22500000000000003,0.0014229171710883393,0.0009760115598174838,496,1.0,False,0.16355973415464417,0.0,28317,-0.17443900574676086,-0.17796409697554894
1279500,X3,X,0.2347,40.35195,0.1408,1.0,36.925968,-4.315206,9.708,0.0010388655026070206,-0.0003951798302779309,1.0364759428539163e-05,-0.00040554458970646983,0.0017633388558301974,0.0008720298035674451,0.22500000000000003,0.0014340453328849515,0.0009833694446431114,496,1.0,False,,0.962996802192782,28317,0.011598042517812617,0.008072951289024525
1317277,X2,X,0.2371,40.3202,0.1215,1.0,35.903202,-5.481431,10.09,0.0002756235508740826,-0.0011880968801351692,-0.0008055337356050738,-0.000382563144530095,0.0005713641140944621,0.0025994852334567846,0.22500000000000003,0.0014637204310092517,0.0010029904708447862,496,1.0,False,,0.7525100401606426,28317,-0.0449581764206126,-0.048483267649400696
1373042,X3,X,0.2372,40.46564,0.1018,1.0,36.188477,-4.163778,10.742,0.0035982357976988813,0.0021332789042677837,0.002715189371490412,-0.0005819104672226283,0.004652862079368761,-0.00465211281443603,0.22500000000000003,0.0014649568934310974,0.0010038080136031892,496,1.0,False,,0.9322660098522167,28317,0.0994532863813067,0.0959281951525186
1434248,X3,X,0.23734,40.33508,0.1117,1.0,35.74157,-4.311234,11.091,0.00041855239304675935,-0.0010481355477749222,-0.00044089621131401097,-0.0006072393364609112,0.0010651940606203913,0.002296745495523218,0.22500000000000003,0.0014666879408216816,0.0010049525734649536,496,1.0,False,,0.837796480489671,28317,-0.03254599116144695,-0.03607108239023504
1840041,X1,X,0.23891,40.39397,0.1535,1.0,35.022514,-4.161102,9.873,0.00033711337140926846,-0.0011489870294353927,-0.0005355167634751392,-0.0006134702659602535,0.0018606748490207529,0.002513145316886653,0.22500000000000003,0.0014861004008446612,0.0010177879947718825,496,1.0,False,,0.688715953307393,28317,0.01025717129795291,0.006732080069164818
1319711,X3,X,0.24171,40.38161,0.0839,1.0,36.47266,-4.849606,10.112,0.0008855583990462693,-0.0006351629496100752,-0.00022352204033649866,-0.00041164090927357647,0.0025558768408167204,0.0013935539864895466,0.22500000000000003,0.0015207213486563445,0.0010406791920071698,496,1.0,False,,0.9775179856115108,28317,-0.030551253062659697,-0.03407634429144779
1334645,X2,X,0.24701,40.26524,0.102,1.0,36.380207,-5.879127,10.475,0.004101570979437405,0.0025153171224232313,-0.00018253225658601416,0.0026978493790092454,0.004711300758876183,-0.005471578138872118,0.22500000000000003,0.0015862538570141737,0.0010840089582025343,496,1.0,False,,0.0,28317,-0.19994444348669127,-0.20346953471547935
1901059,X1,X,0.25126,40.41245,0.1417,1.0,34.972778,-4.147843,9.171,0.00027968395716550167,-0.001359119552777119,-0.0007133283813922787,-0.0006457911713848402,0.001240497153251678,0.002977041982198658,0.275,0.0016388035099426208,0.0011187545254346663,496,1.0,False,,0.5433205292360221,28317,-0.09000792511121594,-0.09802257543166193
1367234,X1,X,0.25173,40.51833,0.1434,1.0,34.128532,-4.631213,9.374,0.001020210486160295,-0.0006244043971650015,-3.672489575589548e-05,-0.000587679501409106,0.0021391865191184205,0.0013788036233899213,0.275,0.0016446148833252966,0.0011225969763991612,496,1.0,False,0.5742212777515918,0.9740955783832068,28317,0.011293803772332547,0.0032791534518865663
1305276,X1,X,0.25286,40.70136,0.2031,0.96996,34.147984,-5.271097,10.203,5.446548769447704e-05,-0.001604121420997677,-0.0008735794423625903,-0.0007305419786350868,0.0003595322012742439,0.003510814554796114,0.275,0.0016585869086921542,0.001131835209569116,496,1.0,False,,0.9495798319327731,28317,0.18334876764701144,0.17533411732656545
1262726,X3,X,0.25378,40.35512,0.1134,1.0,36.833012,-4.5417,10.81,0.005184598287452327,0.003514635924479191,-0.0005802522354829139,0.004094888159962105,0.006602424852899775,-0.007681401614714867,0.275,0.001669962362973136,0.0011393566029464248,496,1.0,False,0.04364402048206224,0.888030888030888,28317,-0.1717931862879424,-0.1798078366083884
1373028,X2,X,0.25517,40.30212,0.1141,1.0,36.375137,-5.976596,11.125,0.0024327662153923587,0.0007456170247555653,0.00035230112912802377,0.00039331589562754173,0.005534156010121064,-0.001634997044344813,0.275,0.0016871491906367934,0.0011507204472882282,496,1.0,False,,0.0,28317,-0.23818638550530116,-0.24620103582574715
1297026,X3,X,0.25854,40.59566,0.0934,1.0,35.82106,-5.182104,10.869,0.0003304522226115792,-0.0013983657516414187,-0.0006968003343208299,-0.0007015654173205883,0.0023842179662213,0.0030608066289315545,0.275,0.0017288179742529978,0.0011782716382464128,496,1.0,False,0.058528135776375806,0.9969849246231156,28317,0.023160542794777052,0.015145892474331072
1697026,X3,X,0.26046,40.98259,0.24,0.99997,36.702026,-5.115818,9.018,0.0014003176681694606,-0.0003522403845829774,-0.0006372217902534529,0.0002849814056704754,0.006541831582336852,0.0007503901913358466,0.275,0.001752558052752438,0.0011939684592077527,496,1.0,False,,0.9548467274233637,28317,0.39192231786057624,0.3839076675401303
1373040,X3,X,0.26162,40.58782,0.1271,1.0,36.983479,-3.992379,10.818,0.002199524427212092,0.00043262341036624254,0.0010618797546077267,-0.0006292563442414841,0.0027501627632162563,-0.0009214398924317045,0.275,0.0017669010168458496,0.0012034519552052288,496,1.0,False,0.4541621090344161,0.45789473684210524,28317,-0.013764353957348794,-0.021779004277794774
1910132,X3,X,0.26271,40.54026,0.0903,1.0,37.114784,-4.355264,11.099,0.001426896118259364,-0.0003534823389846045,0.00018692778924385076,-0.0005404101282284553,0.0032430056394218802,0.0007858318470725825,0.275,0.0017803784572439686,0.0012123631712718224,496,0.825,True,,0.8057692307692308,28317,-0.07154152147990792,-0.0795561718003539
1434201,X1,X,0.26317,41.83784,320.3305,0.0,33.97361,-4.228872,9.731,0.004742934418319728,0.002956868233935268,-0.0007472701525657475,0.0037041383865010153,0.00981030155457811,-0.0065097511989034365,0.275,0.0017860661843844597,0.0012161238679604769,496,1.0,False,,0.6771201413427562,28317,1.2217384116589258,1.21372376133848
1892103,X2,X,0.26584,40.74542,0.1774,1.0,36.076553,-6.136219,10.271,0.003600089904650878,0.0017810101736031344,0.002327457148853228,-0.0005464469752500939,0.004857890516764003,-0.003875224407404735,0.275,0.0018190797310477435,0.00123795225960984,496,1.0,False,,0.0,28317,0.10449581527688431,0.09648116495643833
1366690,X3,X,0.27119,40.77037,0.1154,1.0,35.61335,-4.166646,10.288,0.0061478283242710485,0.004262597853654553,0.004632869278299095,-0.00037027142464454184,0.00661314595495936,-0.009310936268911949,0.275,0.001885230470616495,0.0012816907971844062,496,1.0,False,,0.6734854445318647,28317,0.08039420120829285,0.07237955088784687
1278493,X2,X,0.27237,40.69293,0.1247,1.0,35.487408,-6.829734,9.845,0.00030808897433226036,-0.0015917317528620157,-0.0007488097184700217,-0.000842922034391994,0.002161191608374182,0.003484993776509918,0.275,0.001899820727194276,0.0012913378017335628,496,1.0,False,0.47480685649614496,0.0,28317,-0.007744061188738192,-0.015758711509184172
1368133,X3,X,0.27618,40.76795,0.2444,1.0,36.743748,-3.868896,9.476,0.0021554503008700135,0.00020471422978936196,-0.00027241685512581883,0.0004771310849151811,0.002672046755360498,-0.0004223453065905396,0.275,0.0019507360710806516,0.0013258710857751458,496,1.0,False,,0.08401200171453065,28317,0.03302359303501143,0.025008942714565444
1792093,X3,X,0.27659,40.82561,0.081,1.0,36.492168,-3.890228,10.063,0.0022234571395587464,0.0002663291051741537,0.0008827380921800445,-0.000616408987005891,0.005166605056317339,-0.0005781052752926556,0.275,0.0019571280343845926,0.001330399122125306,496,1.0,False,0.39347793731738456,0.17103566824237215,28317,0.08702373590695353,0.07900908558650754
1503024,X2,X,0.27694,40.92631,0.1242,0.99999,35.106445,-6.386547,11.357,0.0014209249709453576,-0.0005416596174791853,0.00033102811524326537,-0.0008726877327224506,0.00547892209001036,0.0011762645484847101,0.275,0.001962584588424543,0.001334264519009589,496,1.0,False,0.295205726189171,0.0,28317,0.1846034362004759,0.1765887858800299
1291242,X2,X,0.27905,40.89237,0.2187,0.99999,35.999081,-6.289639,9.895,0.00114171219286777,-0.00085376762134047,-1.6458637186400225e-05,-0.00083730898415407,0.002923640257165799,0.0018785172214327859,0.275,0.00199547981420824,0.001357567340226265,496,1.0,False,,0.0,28317,0.13192941446757808,0.1239147641471321
1255576,X2,X,0.2801,40.7781,0.1056,1.0,36.110085,-7.297196,10.815,0.0009626295699273964,-0.0010492199064006929,-0.00016232685842585293,-0.00088689304797484,0.0015670943042564217,0.0023118745847545007,0.275,0.0020118494763280894,0.0013691635308791135,496,1.0,False,0.18225138661042103,0.0,28317,0.008385574991010083,0.0003709246705641024
1248084,X3,X,0.28063,40.69969,0.1279,1.0,36.336864,-5.321878,11.026,0.002211557547012901,0.00019144528885288838,0.0005000879542527408,-0.00030864266539985254,0.001437949903941653,-0.0003859847458135548,0.275,0.0020201122581600126,0.001375016846161027,496,1.0,False,0.03761429921210654,0.891555145362252,28317,-0.0746932994239912,-0.08270794974443718
1312897,X3,X,0.28578,40.65082,0.2153,1.0,35.710201,-4.423567,10.547,0.0006618601218018553,-0.0014385414315174184,-0.0006021259932057439,-0.0008364154383116746,0.0015451156966757808,0.003156813213915699,0.275,0.0021004015533192737,0.0014318934003154733,496,1.0,False,,0.8226867982965544,28317,-0.16851075219103243,-0.1765254025114784
1334644,X2,X,0.28805,40.79063,0.1205,1.0,35.108238,-5.772735,11.358,0.00028797796494113613,-0.0018478132388658115,-0.0009028824732307276,-0.0009449307656350842,0.0003881198781135393,0.0040527392144945554,0.275,0.0021357912038069476,0.0014569632601078215,496,1.0,False,0.3910174294476146,0.009307972480777013,28317,-0.048275062685000515,-0.056289713005446496
1313594,X1,X,0.28834,40.84993,0.0989,1.0,34.832684,-5.789241,10.077,0.0027611503566684543,0.0006208380080855477,0.0011414917778815327,-0.0005206537697959848,0.0016257502789022934,-0.0013185857363807322,0.275,0.0021403123485829066,0.0014601660175262276,496,1.0,False,0.3138612478072558,0.01553556827473426,28317,0.008534541559534228,0.0005198912390882472
1457045,X1,X,0.28848,41.84104,136.2306,0.0,33.867168,-4.531437,9.704,0.002861842017959886,0.0007193470477609991,-0.0001803932955317302,0.0008997403432927297,0.007621241129281791,-0.0015982425615293835,0.275,0.002142494970198887,0.0014617121762799407,496,1.0,False,,0.6258009397693294,28317,0.9984431106886548,0.9904284603682088
1334597,X3,X,0.28895,40.72403,0.1191,1.0,35.831333,-4.067795,9.101,0.0029069118040017127,0.0007570894612348939,0.0013121528643953591,-0.0005550634031604654,0.0027591906710310817,-0.0016387945671402972,0.275,0.002149822342766819,0.0014669028520959775,496,1.0,False,,0.4448246364414029,28317,-0.12259632348444419,-0.13061097380489017
1861178,X1,X,0.29093,40.58483,0.1372,1.0,34.347382,-4.237406,9.648,0.0013640627085928468,-0.0008166281398856883,-0.0006472132798046822,-0.0001694148600810062,0.004651112751708405,0.001772705285768162,0.275,0.002180690848478535,0.0014887699544699202,496,1.0,False,,0.7791685292802861,28317,-0.27870508775340136,-0.2867197380738473
1340706,X3,X,0.29323,40.88986,0.2023,1.0,37.057957,-5.316424,9.377,0.0004365292530391908,-0.0017800189505590138,-0.0008343528910327668,-0.0009456660595262472,0.0008110826172700219,0.003907969265775177,0.275,0.0022165482035982047,0.0015141711339952068,496,1.0,False,,0.8471849865951743,28317,0.006816554354976825,-0.0011980959654691557
1266255,X3,X,0.29358,40.99129,0.1076,0.99807,36.697826,-4.450047,10.49,0.004718236207441743,0.0024962314498035883,-0.00010847652787990291,0.0026047079776834914,0.009099411664156386,-0.005481892524371349,0.275,0.002222004757638155,0.0015180365308794896,496,1.0,False,0.0007885094079994786,0.963998305802626,28317,0.1052903081066959,0.09727565778624991
1256680,X1,X,0.29438,41.07496,0.1846,0.99999,33.899609,-5.664846,9.705,0.0029016663835527627,0.0006671895023947234,0.0015703533709636864,-0.0009031638685689631,0.005721700887263211,-0.0014646557989366179,0.275,0.0022344768811580393,0.00152687172375785,496,1.0,False,,0.2669021190716448,28317,0.1822153976454289,0.17420074732498292
1250665,X3,X,0.29461,40.91041,0.1873,1.0,36.7132,-4.498739,10.068,0.0057910012544268846,0.003552938637756878,-0.0009512993694056301,0.004504238007162508,0.008999250909455683,-0.007811316122889088,0.275,0.0022380626166700066,0.0015294118417103787,496,1.0,False,,0.9604660840615897,28317,0.015729374063809667,0.007714723743363686
1310432,X2,X,0.29471,40.88079,0.1629,1.0,36.299622,-6.359627,10.325,0.029728487580212955,0.027488865948102962,0.0018975059996851427,0.02559135994841782,0.013450697666792282,-0.06091391911939332,0.275,0.002239621632109993,0.0015305162408201741,496,1.0,False,0.07006202161101717,0.0,28317,-0.01473193924858399,-0.02274658956902997
1299503,X3,X,0.29498,43.93669,248.0366,0.0,36.583385,-4.034513,9.16,0.008269836468023598,0.006026005494225644,-0.0011118707715083703,0.007137876265734015,0.007421815230012616,-0.013210565421451863,0.275,0.002243830973797954,0.0015334981184166208,496,1.0,False,,0.650939777522056,28317,3.0388978331918968,3.0308831828714506
1300703,X3,X,0.29571,41.04146,0.1368,1.0,36.640308,-5.476426,10.781,0.0012888123415979598,-0.0009663994449118887,-0.0007098142690147246,-0.00025658517589716406,0.0004287015780045516,0.0021399522356944324,0.275,0.0022552117865098486,0.0015415602319181244,496,1.0,False,,0.4862981885740827,28317,0.13753942138227168,0.1295247710618257
1295436,X3,X,0.29584,42.4282,223.8633,0.0,36.773102,-4.989804,9.189,0.0025065563769712247,0.00024931787038939444,-0.0009753921473898247,0.001224710017779219,0.00589668685945292,-0.000544553112004395,0.275,0.0022572385065818303,0.0015429959507608582,496,1.0,False,0.06895913075688356,0.9553235908141963,28317,1.523189528678401,1.515174878357955
1293319,X2,X,0.29686,40.89235,0.1636,1.0,36.002781,-6.497495,9.14,0.0003135248277574786,-0.0019596156363122057,-0.0009815360852807311,-0.0009780795510314748,0.0024541213474602703,0.004293208517795454,0.275,0.0022731404640696845,0.0015542608216807681,496,1.0,False,,0.0,28317,-0.02119659437914115,-0.029211244699587132
1901115,X2,X,0.29874,40.92345,0.1893,1.0,35.546413,-6.515906,10.247,0.001217900978358286,-0.0010845489759831284,-5.579792193753392e-05,-0.0010287510540455944,0.0006163960430798096,0.0023972191033216294,0.275,0.0023024499543414143,0.0015750235249449157,496,1.0,False,,0.0,28317,-0.005758993448274827,-0.013773643768720808
1293275,X2,X,0.30179,41.80664,47.043,0.0,36.095112,-6.315369,8.618,0.0009333476136555978,-0.0014166523116053787,-0.0005174651686859829,-0.0008991871429193957,0.003554248405743744,0.0031134280670121195,0.32500000000000007,0.0023499999252609765,0.0016087076977936653,496,1.0,False,,0.0,28317,0.8410903680190879,0.8441995305862393
1321006,X2,X,0.30244,41.1294,0.118,1.0,36.445389,-5.944666,11.286,0.006780951378774304,0.004420817853153422,-0.0008559059058908449,0.0052767237590442655,0.011371409349819698,-0.009710123295139837,0.32500000000000007,0.0023601335256208827,0.0016158862920073332,496,1.0,False,,0.0,28317,0.15850678078655223,0.16161594335370366
1339002,X2,X,0.30251,40.93181,0.1755,1.0,35.830547,-6.526311,10.68,0.0025844925052569373,0.0002232676688280642,0.0012665593354812947,-0.0010432916666532302,0.0029722124834971053,-0.00045252911447930203,0.32500000000000007,0.002361224836428873,0.0016166593713841898,496,1.0,False,,0.0,28317,-0.03965804859295529,-0.03654888602580386
1334654,X2,X,0.30259,42.00282,15.5403,0.0004,35.196243,-5.966147,9.47,0.0011187473941104383,-0.0012437246546704239,-0.00020684130868942247,-0.0010368833459810012,0.002757553653825997,0.002740251475262186,0.32500000000000007,0.002362472048780862,0.0016175428906720262,496,1.0,False,,0.0,28317,1.0306951542084941,1.0338043167756454
1659022,X2,X,0.30317,41.38656,129.9918,0.0,36.122417,-7.080275,8.674,0.00017417003449037323,-0.002197344303842405,-0.0011507935087239172,-0.001046550795118488,0.0009323146490160647,0.004819439670317698,0.32500000000000007,0.0023715143383327784,0.0016239484055088373,496,1.0,False,,0.0,28317,0.4096781732796225,0.41278733584677396
1259412,X3,X,0.30477,40.93882,0.0984,0.99898,36.345585,-5.323428,10.471,0.0010163160420807572,-0.0013801425432917915,-0.000891197013223765,-0.0004889455300680264,0.0027017664255190926,0.003037087142614776,0.32500000000000007,0.002396458585372549,0.0016416187912655588,496,1.0,False,0.01841703901837105,0.90177736202058,28317,-0.051141015269948846,-0.04803185270279742
1849051,X2,X,0.30546,40.93135,0.1245,1.0,36.421795,-6.70483,10.228,0.01623109764764519,0.013823881855736742,0.014855013839638293,-0.0010311319839015544,0.012481286840069925,-0.030418723390055552,0.32500000000000007,0.0024072157919084497,0.0016492391451231447,496,1.0,False,0.00019916351324436018,0.0,28317,-0.06423182023088769,-0.06112265766373626
1368131,X3,X,0.30694,40.93472,0.0905,1.0,35.745728,-4.125017,10.923,0.011278176432229529,0.008847887211809291,-0.0006531507786195608,0.009501037990428852,0.00375996221100649,-0.019385256308802556,0.32500000000000007,0.002430289220420237,0.0016655842519481118,496,1.0,False,0.011201738411862814,0.6554903604358759,28317,-0.07287852568347175,-0.06976936311632032
1777124,X1,X,0.30743,41.34191,0.1595,0.99996,34.096344,-3.997547,9.471,0.0010475454425098933,-0.0013903829535662736,-0.0009495009156230798,-0.0004408820379431936,0.004270523455213697,0.003052542659136763,0.32500000000000007,0.002437928396076167,0.0016709958075861076,496,1.0,False,,0.009908536585365854,28317,0.3303447811905892,0.3334539437577406
1292767,X3,X,0.30893,40.93935,0.1835,0.99999,37.096832,-4.542818,8.357,0.0002524739766149428,-0.0022088396510610087,-0.0012819379814168854,-0.0009269016696441233,0.0015956609221552355,0.00484528023005985,0.32500000000000007,0.0024613136276759517,0.0016875617942330337,496,0.55,True,,0.9362934362934363,28317,-0.08432189765490306,-0.08121273508775162
1650024,X1,X,0.30994,41.14081,0.139,1.0,34.649563,-5.065838,10.057,0.0009727027894171071,-0.0015043568942026998,-0.00037961776987615974,-0.00112473912432654,0.0022645838288907114,0.0033115235420533855,0.32500000000000007,0.002477059683619807,0.0016987162252419643,496,1.0,False,,0.9017031630170317,28317,0.10901687517952696,0.1121260377466784
1848053,X2,X,0.31016,41.7196,25.5919,0.0001,35.943733,-5.701038,9.713,0.002992889311233479,0.0005123997936457036,0.0014045190069470535,-0.00089211921330135,0.0022106562686682795,-0.0010758660078560465,0.32500000000000007,0.0024804895175877754,0.0017011459032835134,496,1.0,False,,0.03869346733668342,28317,0.6860411432252812,0.6891503057924326
1300516,X1,X,0.31042,40.68442,0.2425,1.0,34.546402,-5.010082,9.753,0.0003704968923551527,-0.0021140460653765853,-0.0009854737389188876,-0.0011285723264576972,0.0017085983479441433,0.004639679361759909,0.32500000000000007,0.002484542957731738,0.0017040173409689804,496,1.0,False,,0.8915605846298915,28317,-0.35122413743352665,-0.3481149748663752
1321338,X2,X,0.31048,41.08142,0.1611,1.0,35.940353,-6.521291,9.98,0.0001724586753755087,-0.0023130196916202202,-0.0012168266164141975,-0.0010961930752060233,0.0009260053869897428,0.005074051986338496,0.32500000000000007,0.002485478366995729,0.0017046799804348576,496,1.0,False,,0.0,28317,0.04529487346173456,0.04840403602888599
1264434,X3,X,0.31075,40.85079,0.1347,1.0,36.716187,-4.355173,11.026,0.003958947122401202,0.0014692594137175109,0.0016435005940609296,-0.00017424118034341848,0.0063434332103202715,-0.0031955125609184794,0.32500000000000007,0.002489687708683691,0.0017076618580313045,496,1.0,False,,0.9653423499577346,28317,-0.18749851373879578,-0.18438935117164434
1337838,X2,X,0.31194,41.03821,0.1303,1.0,35.49612,-6.498145,7.969,0.001075900436346101,-0.001432339556073419,-0.0003036857371004791,-0.0011286538189729399,0.0025425407381352003,0.0031544461450524505,0.32500000000000007,0.00250823999241952,0.0017208042074378658,496,1.0,False,,0.0,28317,-0.009592764287220326,-0.006483601720068895
1294743,X3,X,0.31257,41.05905,0.2082,0.99991,36.102661,-4.675164,10.237,0.006945138557456141,0.0044270767677647115,0.00552543741951581,-0.0010983606517510985,0.008899296972304726,-0.009687210169240906,0.32500000000000007,0.0025180617896914293,0.0017277619218295747,496,1.0,False,,0.9720018665422305,28317,0.006223867747571341,0.009333030314722771
1662023,X2,X,0.31268,40.87877,0.1075,1.0,35.455215,-6.45148,10.37,0.0008112451145191146,-0.0017085315921562994,-0.0005747332480776515,-0.0011337983440786474,0.0020367764339569725,0.003758431349367602,0.32500000000000007,0.002519776706675414,0.0017289767608503494,496,1.0,False,,0.0,28317,-0.1749322673954984,-0.17182310482834695
1321365,X2,X,0.3127,42.23841,195.0641,0.0,36.341213,-6.006461,8.91,0.0022291609913272885,-0.0002909275184361216,-0.0001082186651541789,-0.00018270885328194333,0.008237286889222933,0.0006088316638051018,0.32500000000000007,0.00252008850976341,0.001729197640672308,496,1.0,False,,0.0,28317,1.1845484659486298,1.1876576285157812
1283878,X3,X,0.31286,41.10731,0.114,1.0,37.133186,-4.041304,11.246,0.0038418398078321745,0.0013192568733647867,-0.0007647655790961605,0.002084022452460947,0.005523862394515019,-0.0028619034136531446,0.32500000000000007,0.002522582934467388,0.0017309646792479808,496,1.0,False,0.013207805858964371,0.4606741573033708,28317,0.05217467192914372,0.05528383449629515
1341894,X1,X,0.31293,41.09265,0.1346,1.0,35.302498,-4.650253,9.854,0.012149267650158663,0.009625593404883285,0.009907677816885199,-0.000282084412001913,0.01385235126066058,-0.021208112161833468,0.32500000000000007,0.0025236742452753773,0.0017317377586248371,496,1.0,False,,0.9551482059282371,28317,0.036957576586352466,0.040066739153503894
1913214,X2,X,0.31615,41.10099,0.1151,1.0,35.648705,-6.468292,10.634,0.00026858452763909495,-0.0023052900148038207,-0.0011725836247441987,-0.0011327063900596218,0.0009580117552255679,0.005059992678005806,0.32500000000000007,0.0025738745424429155,0.0017672994099602385,496,1.0,False,,0.0,28317,0.019795036183026034,0.022904198750177466
1345553,X1,X,0.31794,41.1955,0.1235,1.0,35.344563,-4.667805,9.847,0.0029372923125976945,0.000335511393779036,0.0006195269922022633,-0.0002840155984232271,0.0025247147698670273,-0.0006894967400850015,0.32500000000000007,0.0026017809188186585,0.0017870681540255702,496,1.0,False,,0.9494828957836118,28317,0.10023192195994512,0.10334108452709656
1259615,X1,X,0.32008,41.245,0.1491,0.99708,35.21627,-4.591587,10.406,0.007044248309672605,0.004409104460438253,0.00445461522027049,-4.55107598322361e-05,0.005339742378428619,-0.009603658111429304,0.32500000000000007,0.0026351438492343516,0.0018107022949751849,496,1.0,False,0.34984243379189145,0.9678443826915443,28317,0.13300299828250617,0.1361121608496576
1293366,X2,X,0.3204,41.26326,0.1538,1.0,36.235241,-6.03647,11.187,0.0017892954332450956,-0.0008508372653972102,-0.00031618381822068244,-0.000534653447176528,0.0030575621875497945,0.0018914557985586964,0.32500000000000007,0.002640132698642306,0.0018142363721265296,496,1.0,False,,0.0,28317,0.14877037863302378,0.15187954120017522
1566028,X2,X,0.32059,41.06264,0.1387,1.0,35.806854,-6.998025,10.31,0.04394013584111092,0.04129704101313264,0.042463546256356004,-0.0011665052432233611,0.021053549104321636,-0.09229765196067749,0.32500000000000007,0.0026430948279782783,0.0018163347304351399,496,1.0,False,,0.0,28317,-0.053328524330240705,-0.050219361763089276
1246527,X3,X,0.32078,41.19991,0.1387,1.0,36.019295,-5.015696,11.12,0.001080972180001514,-0.0015650847773127376,-0.0007269693931965036,-0.0008381153841162338,0.005944538167709077,0.003416493506976632,0.32500000000000007,0.0026460569573142517,0.0018184330887437508,496,1.0,False,0.0005451324217507824,0.9462414578587699,28317,0.08246338369664075,0.08557254626379218
1261579,X3,X,0.32214,40.97363,0.1064,1.0,36.12019,-4.96643,11.221,0.0008963726658442574,-0.0017708869014537987,-0.0011580921891517046,-0.0006127947123020936,0.0017671569514369336,0.0038993181033844942,0.32500000000000007,0.002667259567298056,0.0018334529166369636,496,1.0,False,0.12998623443810792,0.9212253829321663,28317,-0.15437304662230444,-0.151263884055153
1310396,X2,X,0.3225,41.21681,0.1051,1.0,35.060162,-6.052902,9.3,0.00023996975913902853,-0.002432902263742976,-0.0012431256982581942,-0.0011897765654847816,0.0010164337107398988,0.005340112594170545,0.32500000000000007,0.0026728720228820046,0.001837428753432226,496,1.0,False,0.24551984877126654,0.0,28317,0.08601950910728762,0.08912867167443905
1891147,X2,X,0.32274,41.12372,0.141,0.99878,36.062782,-6.915025,9.063,0.0030463007007724956,0.0003696870408345255,0.0008142924649766215,-0.00044460542414209616,0.01029420127688568,-0.0008663012128012036,0.32500000000000007,0.00267661365993797,0.0018400793112957345,496,1.0,False,0.3102348156100216,0.0,28317,-0.008927187506487235,-0.005818024939335805
1340700,X3,X,0.3255,41.0611,0.1836,1.0,36.162487,-4.681663,10.461,0.0002156805647028732,-0.0025052017067272556,-0.0013447883173794241,-0.0011604133893478312,0.0009007481009294178,0.00549892430380167,0.32500000000000007,0.002720882271430129,0.0018710548944788233,496,1.0,False,,0.9457579972183588,28317,-0.09280783114890367,-0.08969866858175224
1305626,X3,X,0.32572,41.14461,0.1054,1.0,35.654636,-4.133271,9.251,0.008830410436807238,0.006105552825855776,0.0066442396838828615,-0.0005386868580270854,0.009649219036853944,-0.013386935897821622,0.32500000000000007,0.002724857610951462,0.0018737020063315808,496,1.0,False,,0.6699266503667481,28317,-0.010985331511186849,-0.007876168944035419
1314071,X3,X,0.32707,40.96772,0.1501,1.0,36.619431,-4.035996,10.144,0.004134203861169653,0.001384952121337285,-0.0012093305403400477,0.0025942826616773326,0.007912771695148119,-0.0030403101546835265,0.32500000000000007,0.0027492517398323684,0.0018899456472462265,496,1.0,False,,0.6488941548183255,28317,-0.19820740391402636,-0.19509824134687492
1259511,X3,X,0.3271,41.23238,0.0826,1.0,36.732697,-3.742704,10.824,0.0031648326625527507,0.0004150388309674736,-0.0013723501269539847,0.0017873889579214585,0.0069624468648918835,-0.0009050527631636737,0.32500000000000007,0.002749793831585277,0.0018903066170443297,496,1.0,False,,0.0,28317,0.06622344317658191,0.06933260574373334
1306073,X3,X,0.32858,41.15561,0.1025,1.0,36.850567,-3.749221,10.475,0.002278165544799519,-0.0004983714799292696,0.0005083944320924399,-0.0010067659120217096,0.004983073580728272,0.0011118528161902872,0.32500000000000007,0.0027765370247287884,0.0019081144604174225,496,1.0,False,,0.0,28317,-0.021827347321683115,-0.018718184754531682
1266808,X1,X,0.3293,42.20032,200.9551,0.0,34.983429,-4.672231,10.698,0.0005785172424023152,-0.00221102998439629,-0.001082005928395194,-0.0011290240560010963,0.002858558976879225,0.004854376153290284,0.32500000000000007,0.0027895472267986054,0.0019167777355719004,496,1.0,False,,0.9670378619153674,28317,1.017411698810434,1.0205208613775854
1301933,X3,X,0.32959,41.25571,0.0986,1.0,36.663174,-4.97178,9.733,0.004053653505672803,0.0012588660585960763,0.0020019454605818936,-0.0007430794019858168,0.007400866647234923,-0.002748933126761874,0.32500000000000007,0.0027947874470767267,0.001920267110286899,496,1.0,False,,0.9573874950219037,28317,0.07060124818114077,0.07371041074829221
1338675,X3,X,0.33047,41.20651,0.1893,1.0,36.743702,-4.96763,9.319,0.0034444417881519746,0.0006337529829899165,0.0007453770298193828,-0.00011162404682946614,0.0018177550939101647,-0.0013297472072871163,0.32500000000000007,0.002810688805162058,0.0019308555576979273,496,1.0,False,0.041135839214713595,0.9395581492288454,28317,0.014734974093307493,0.017844136660458924
1321276,X3,X,0.33121,41.34494,0.1268,0.99998,37.034294,-4.091055,9.974,0.0037200276891320525,0.0008959672873982381,0.0008149495092463202,8.101777815191819e-05,0.008877944471175637,-0.0019884647779234597,0.32500000000000007,0.0028240604017338144,0.001939759479384474,496,1.0,False,,0.7866545619609623,28317,0.14757195240868926,0.1506811149758407
1260241,X3,X,0.33336,41.22274,0.1175,1.0,36.660114,-5.357857,11.029,0.001328423321485079,-0.0015344869892072147,-0.0005178702465129966,-0.0010166167426942183,0.004107492274114896,0.003376364223123671,0.32500000000000007,0.0028629103106922937,0.0019656289815818723,496,1.0,False,,0.9132562277580071,28317,0.009187351708582434,0.012296514275733864
1295024,X2,X,0.33386,41.51629,0.1646,0.99995,35.051785,-7.049985,10.34,0.010243182342845375,0.007371237169604597,0.007989806929012598,-0.0006185697594080009,0.012494979445949028,-0.016237081461098455,0.32500000000000007,0.0028719451732407784,0.0019716451448835936,496,1.0,False,,0.0,28317,0.2989873457496509,0.30209650831680235
1480038,X2,X,0.33423,41.22336,0.1221,1.0,35.783585,-6.791717,10.459,0.005844173613122472,0.0029655426415958154,0.004254120949096712,-0.001288578307500896,0.00910732973390333,-0.00652391672747738,0.32500000000000007,0.002878630971526657,0.0019760971057268674,496,1.0,False,,0.0,28317,0.0032856878264689946,0.006394850393620425
1531112,X1,X,0.3347,41.27318,0.1287,1.0,33.82246,-5.316269,9.431,0.001566724161705389,-0.0013203995806168422,-0.00012763653345938385,-0.0011927630471574584,0.002971407558321477,0.0029218287115460886,0.32500000000000007,0.002887123742322231,0.0019817522992304844,496,1.0,False,,0.37163561076604557,28317,0.04958902704181812,0.05269818960896955
1929216,X1,X,0.33584,41.31977,0.1783,1.0,34.725739,-4.049246,10.02,0.01323257881517677,0.010324855586243995,0.011353520666516884,-0.0010286650802728884,0.010179729648286404,-0.02266045091424105,0.32500000000000007,0.002907723228932774,0.0019954691515584075,496,1.0,False,0.3431249251407354,0.07640354579991558,28317,0.08766821461456631,0.09077737718171774
1314897,X3,X,0.33662,41.10509,0.1566,0.99999,36.606773,-4.154642,10.901,0.0008654802330066527,-0.0020563373815017556,-0.001339260904338683,-0.0007170764771630723,0.003065313312072143,0.004521889002118154,0.32500000000000007,0.0029218176145084083,0.0020048543663090915,496,1.0,False,,0.964919521254643,28317,-0.13281957204087347,-0.12971040947372203
1368530,X1,X,0.34224,41.47595,0.1658,0.99999,34.285057,-5.275648,9.939,0.0004281234228265903,-0.0025952460467267755,-0.0011989698206961693,-0.0013962762260306065,0.0015971720227040951,0.005704775005687869,0.32500000000000007,0.003023369469553366,0.0020724760418204323,496,1.0,False,,0.9772607086197779,28317,0.19655924261338187,0.1996684051805333
1876421,X2,X,0.34313,41.38335,0.1365,1.0,34.838043,-6.329509,9.327,0.004460832911518433,0.0014213813866287657,0.0010853096360678427,0.00033607175056092273,0.005657375363169951,-0.0030689529225791726,0.32500000000000007,0.0030394515248896676,0.002083184812497495,496,1.0,False,0.02034799312054676,0.0,28317,0.09744810141918891,0.10055726398634035
1531108,X1,X,0.34387,41.34527,0.1924,1.0,34.103191,-4.6868,8.677,0.002076976057103817,-0.0009758470643576071,0.00018066907224311172,-0.0011565161366007186,0.001557468339176752,0.002183127007536782,0.32500000000000007,0.003052823121461424,0.002092088734184042,496,1.0,False,0.5236592825198867,0.9700892857142858,28317,0.05396624406190343,0.05707540662905486
1776135,X1,X,0.3441,42.49381,283.2525,0.0,33.962044,-5.517095,10.687,0.019979466362873288,0.016922487204639562,0.006552401861989056,0.010370085342650505,0.012859426868632052,-0.03740456769711541,0.32500000000000007,0.003056979158233726,0.002094856169302834,496,1.0,False,0.06614091213451383,0.7607142857142857,28317,1.20082948194085,1.2039386445080014
1323106,X1,X,0.34417,41.33949,0.1104,1.0,34.085419,-5.013755,10.364,0.001482887277516177,-0.001575356761474336,-0.00035115276769558416,-0.0012242039937787523,0.00325144791937962,0.0034767233007716187,0.32500000000000007,0.003058244038990513,0.002095698432165074,496,1.0,False,,0.9452463912394226,28317,0.04599936911133485,0.04910853167848628
1948484,X3,X,0.34436,41.09129,0.1802,0.99999,35.975529,-3.851234,10.82,0.0011897180591973954,-0.0018719592275615424,-0.0005159712202398104,-0.0013559880073217324,0.0021227562361807793,0.004130788271462384,0.32500000000000007,0.003061677286758938,0.0020979845742197284,496,1.0,False,,0.023340040241448694,28317,-0.20358473852243064,-0.2004755759552792
1329312,X3,X,0.34478,41.25878,0.1051,1.0,36.263176,-5.541998,10.862,0.0025717684960420476,-0.000497498075257616,-0.0014205185827314136,0.0009230205074737979,0.0037581906770267595,0.001134852537191762,0.32500000000000007,0.0030692665712996636,0.0021030381513931734,496,1.0,False,,0.17903930131004367,28317,-0.03915183616690198,-0.03604267359975055
1292823,X3,X,0.34565,41.30887,0.1262,1.0,36.623569,-4.401132,9.027,0.004385961727689763,0.001300974495555737,0.0017939896644735942,-0.0004930151689178572,0.0032595356637874647,-0.00278263674925488,0.32500000000000007,0.0030849872321340264,0.002113506275538168,496,1.0,False,,0.9918976545842217,28317,0.004616563971388552,0.007725726538539982
1770442,X1,X,0.34578,41.29105,0.1427,0.9998,33.758274,-5.514939,10.576,0.0015762916490463098,-0.0015110446473503218,-0.0005202312337825479,-0.0009908134135677739,0.0033969435737488964,0.003337793279829385,0.32500000000000007,0.0030873362963966316,0.0021150704779966147,496,1.0,False,,0.15532544378698224,28317,-0.014146776742855685,-0.011037614175704254
1254356,X2,X,0.35129,41.47435,0.1285,1.0,35.395866,-7.221087,10.248,0.0024121513259257677,-0.0007747491557551552,-0.0015305978210861083,0.0007558486653309528,0.007225542517761358,0.0017125862413950787,0.3750000000000001,0.003186900481680923,0.002181368597581577,496,1.0,False,,0.0,28317,0.15681124365670077,0.13257834062867047
1261503,X2,X,0.35211,41.15259,0.1223,1.0,34.953094,-6.78175,10.758,0.004136711332886156,0.0009349936766257193,-0.0008400305163799386,0.0017750241930056575,0.0057396942609980245,-0.0019937627426403117,0.3750000000000001,0.0032017176562604364,0.0021912351053963992,496,1.0,False,,0.0,28317,-0.17080517843198048,-0.19503808146001078
1256765,X2,X,0.35267,42.02292,32.6184,0.0001,35.418507,-6.483821,8.926,0.002244823893540303,-0.0009670128087744347,-0.0006576082255048083,-0.0003094045832696267,0.0042664632881725005,0.002160852336058821,0.3750000000000001,0.0032118367023147376,0.002197973208294326,496,1.0,False,,0.0,28317,0.6955325727199936,0.6712996696919633
1935471,X2,X,0.35433,41.10221,0.1098,0.99997,35.814743,-6.134845,10.632,0.000855044139203606,-0.002386788306772098,-0.001091253940379434,-0.0012955343663926644,0.0038246457117136023,0.005249995985459346,0.3750000000000001,0.0032418324459757043,0.002217946870456039,496,1.0,False,,0.0,28317,-0.23697716762984963,-0.26121007065787993
1260113,X1,X,0.35469,41.30599,0.2287,0.95092,33.601913,-5.246937,11.045,0.00025509951805626787,-0.0029932380289543455,-0.0015957213244625426,-0.0013975167044918031,0.0030961949755365778,0.006572608635732291,0.3750000000000001,0.0032483375470106135,0.002222278508033278,496,1.0,False,,0.0,28317,-0.035749385680671084,-0.05998228870870137
1251552,X2,X,0.35484,41.5652,0.1302,1.0,36.36768,-6.006832,9.98,0.00436217933565174,0.0011111313298765822,0.0001105614436357641,0.0010005698862408175,0.011761125988019842,-0.002486899497600935,0.3750000000000001,0.0032510480057751576,0.002224083357023794,496,1.0,False,,0.0,28317,0.22239789868911988,0.19816499566108958
1331836,X1,X,0.35667,41.3561,0.128,1.0,35.06308,-5.170041,10.652,0.00012083511009167971,-0.0031632804926109283,-0.0016416406943765929,-0.0015216397982343358,0.0004586980359873143,0.00695165416497303,0.3750000000000001,0.003284115602702608,0.002246102514708092,496,1.0,False,0.1869504006132663,0.9253731343283582,28317,0.0003661883868589996,-0.02386671464117129
1265281,X3,X,0.36021,41.60278,0.2716,0.9999,35.896263,-4.571359,9.183,0.00027415059813050256,-0.0030739318314153717,-0.0015213584858830753,-0.001552573345532296,0.0008878306385721127,0.006759657618361443,0.3750000000000001,0.003348082429545874,0.0022886969508842748,496,1.0,False,,0.9408033826638478,28317,0.2222043707803211,0.1979714677522908
1264512,X2,X,0.36027,41.34945,0.1453,1.0,36.080235,-6.381612,9.0,0.0014984604724375145,-0.0018507061406141771,-0.00048754610528368666,-0.0013631600353304907,0.004131171064643183,0.004083326240413837,0.3750000000000001,0.0033491666130516917,0.0022894188904804807,496,1.0,False,,0.0,28317,-0.031544723131457716,-0.055777626159488
1905244,X3,X,0.36176,41.48715,0.1265,1.0,36.339825,-4.414424,10.417,0.0038885101781856524,0.0005124196747394783,0.0017963760028842305,-0.0012839563281447528,0.009524162867924409,-0.0011347607743007818,0.3750000000000001,0.003376090503446174,0.002307347057119609,496,1.0,False,0.48983668194101737,0.9879717959352966,28317,0.09576848160862585,0.07153557858059556
1333291,X3,X,0.3646,41.232,0.1694,0.99999,36.347569,-4.368682,10.012,0.02850230118225001,0.02507489265952845,0.02618938127952359,-0.0011144886199951397,0.023839123757137655,-0.05589941711852858,0.3750000000000001,0.003427408522721561,0.0023415188646733823,496,1.0,False,0.0010259416678880349,0.9906351791530945,28317,-0.17906977588416292,-0.20330267891219322
1255735,X3,X,0.36463,41.30831,0.2163,1.0,36.338848,-4.395229,8.28,0.004485572317934747,0.0010576217034602765,0.0023247735816492483,-0.0012671518781889714,0.012535425498503531,-0.002393481910450717,0.3750000000000001,0.003427950614474471,0.0023418798344714857,496,1.0,False,,0.9881342062193126,28317,-0.10296699034269761,-0.1271998933707279
1308582,X3,X,0.36704,41.25502,0.0964,1.0,37.137203,-4.372703,10.659,0.0011013768586834935,-0.002370121793274669,-0.001475107836837376,-0.0008950139564372929,0.003233294586717558,0.005225106727693408,0.3750000000000001,0.0034714986519581623,0.0023708777415857793,496,0.75,True,,0.7377746279234585,28317,-0.17285178181893865,-0.19708468484696895
1918076,X3,X,0.36966,41.37922,0.274,0.99995,36.165459,-3.747552,9.79,0.0009520549779009056,-0.0025667863538113124,-0.0009573934285194203,-0.0016093929252918918,0.0008137845305259722,0.005664531023876606,0.3750000000000001,0.003518841331712218,0.002402402437286796,496,1.0,False,,0.0,28317,-0.0665783227138702,-0.09081122574190048
1321973,X1,X,0.37043,41.29234,0.1464,0.99999,34.41362,-4.215644,10.96,0.004580588952776685,0.0010478339327398022,0.0008026059518374102,0.00024522798090239207,0.01066068349056695,-0.0023253330374648625,0.3750000000000001,0.0035327550200368826,0.0024116673287714455,496,1.0,False,,0.6895043731778425,28317,-0.15870440198139998,-0.18293730500943028
1434203,X1,X,0.37567,41.36417,0.1722,1.0,34.862087,-4.879738,9.458,0.0013629949892745132,-0.002265278713169409,-0.0015242564288891083,-0.0007410222842803005,0.004624177542600791,0.0049903252607098325,0.3750000000000001,0.003628273702443922,0.0024773961791790247,496,1.0,False,,0.9785107446276862,28317,-0.12230861077311471,-0.146541513801145
1282736,X2,X,0.37797,41.47658,0.1632,1.0,35.808937,-6.267941,10.528,0.0024385941147492996,-0.0012341006161154648,-0.0007897033436423154,-0.00044439727247314953,0.0020181949774023926,0.002768221828820949,0.3750000000000001,0.0036726947308647643,0.0025142686732218026,496,1.0,False,,0.0,28317,-0.0253071602973348,-0.04954006332536509
1847100,X2,X,0.3789,41.47386,0.1468,1.0,36.015373,-6.270972,8.361,0.0009094658171112653,-0.002781190460028015,-0.0011360964401012164,-0.0016450940199267989,0.004612220317707665,0.006113799260938165,0.3750000000000001,0.0036906562771392803,0.002529177986030405,496,1.0,False,,0.0,28317,-0.0342328774535373,-0.058465780481567586
1923060,X1,X,0.38247,41.42685,0.1332,1.0,34.833241,-5.172078,10.298,0.0033652890356389736,-0.0003943164030057013,0.0013429032640559467,-0.0017372196670616478,0.007600645093926029,0.0008825076419157274,0.3750000000000001,0.003759605438644675,0.0025864105093924557,496,1.0,False,,0.933597621407334,28317,-0.10493424150911733,-0.12916714453714762
1343401,X1,X,0.38283,41.44162,0.1592,1.0,34.572369,-5.654891,10.822,0.0009103904236095785,-0.0028561678716574903,-0.001677407486735108,-0.0011787603849223824,0.003419550521949667,0.006291446229845815,0.3750000000000001,0.0037665582952670688,0.0025921818562861087,496,1.0,False,0.1900233578964876,0.40790616854908773,28317,-0.0925418793783278,-0.11677478240635808
1879414,X3,X,0.38889,41.585,0.1334,1.0,36.198956,-5.209619,7.954,0.006501903929166171,0.002618305880755489,-0.0005657906768749056,0.0031840965576303945,0.008584160427602187,-0.005702099400801831,0.3750000000000001,0.003883598048410682,0.002689332862329255,496,1.0,False,,0.8967032967032967,28317,0.011123098466359414,-0.013109804561670876
1246626,X3,X,0.39282,41.54316,0.2135,1.0,37.306267,-4.334408,10.646,0.001286598794474048,-0.0026729012720644223,-0.001247222466462407,-0.0014256788056020149,0.004007346563426714,0.005898884735126364,0.3750000000000001,0.00395950006653847,0.0027523367325849586,496,0.875,True,0.004149854252523662,0.0709639266706091,28317,-0.0561665444072018,-0.08039944743523209
1329198,X3,X,0.39521,41.14772,5.763,0.0021,35.820892,-3.95941,9.486,0.0038712274398953255,-0.00013443186921958516,0.0007757192253459405,-0.0009101510945655259,0.005398167354567726,0.0003563386340103038,0.3750000000000001,0.004005659309114911,0.00279065206335115,496,1.0,False,,0.10444078947368421,28317,-0.46696812182692027,-0.49120102485495054
1329615,X2,X,0.4036,41.73836,0.1551,1.0,35.442188,-5.639512,10.926,0.0006344105431804652,-0.003533288952217435,-0.001956186087098062,-0.0015771028651193736,0.004456321600680889,0.007777239249965553,0.42500000000000016,0.0041676994953979,0.002925156509011546,496,0.95,False,,0.16732716864817263,28317,0.0410879033871628,0.04618787133462532
1530120,X1,X,0.40467,41.66284,183.6521,0.0,34.142475,-5.63683,9.758,0.000669680176657031,-0.0035186847537018694,-0.0015853064273304474,-0.0019333783263714218,0.0010407054834710404,0.007763379437207355,0.42500000000000016,0.0041883649303589,0.0029423102345010116,496,1.0,False,,0.5161461090524087,28317,-0.04114921035072665,-0.036049242403264126
1880632,X3,X,0.40538,41.53219,0.1213,1.0,36.659134,-4.481378,10.56,0.006478708786300614,0.002276631277603105,-0.0011594787589818544,0.003436110036584959,0.0047618862372832025,-0.0048851138054304775,0.42500000000000016,0.004202077508697509,0.0029536926130968267,496,1.0,False,0.07882565569454528,0.9590544533558464,28317,-0.17624725037181815,-0.17114728242435562
1262588,X2,X,0.40644,42.13934,0.484,0.3241,34.911228,-6.294156,10.52,0.0009547937776786593,-0.0032677560310736733,-0.001394494144206723,-0.0018732618868669505,0.004513231250372395,0.00720344695801369,0.42500000000000016,0.004222549808752332,0.0029706860233948027,496,1.0,False,,0.0,28317,0.4242754787104322,0.42937544665789473
1292997,X3,X,0.41447,41.75128,0.2499,0.99939,35.598251,-4.873073,11.007,0.0014984948260477592,-0.002879142312365169,-0.001835048730236208,-0.0010440935821289616,0.003968568147239926,0.0063691274461942175,0.42500000000000016,0.004377637138412928,0.0030994191221615456,496,1.0,False,0.027338861905872855,0.9675675675675676,28317,-0.013473261107800269,-0.008373293160337743
1896164,X3,X,0.42068,41.57618,0.1235,1.0,36.694061,-5.518899,11.194,0.0026316201058937325,-0.0018659538092554717,-0.00023897844015168413,-0.0016269753691037878,0.0025069067736359354,0.004177372007478569,0.42500000000000016,0.004497573915149204,0.0031989748560770468,496,1.0,False,,0.3309703145768719,28317,-0.226389446118534,-0.22128947817107147
1337311,X1,X,0.42131,41.91931,0.1409,1.0,34.414543,-4.16759,10.424,0.007683241676294944,0.003173500262056552,0.004013053529898352,-0.0008395532678418,0.002198523086781855,-0.006821746717763399,0.42500000000000016,0.004509741414238392,0.003209074713140939,496,1.0,False,0.3852713341916964,0.5138321995464853,28317,0.11293321660928275,0.11803318455674527
1368143,X3,X,0.42348,41.72135,0.1491,0.99994,35.940483,-5.160461,10.199,0.004877692011862557,0.00032604032298362996,0.0021307675278080434,-0.0018047272048244134,0.008646702990680105,-0.0006728796852809426,0.42500000000000016,0.004551651688878927,0.0032438631096943426,496,1.0,False,,0.9890492782478845,28317,-0.0981004848918469,-0.09300051694438438
1302523,X3,X,0.42391,41.85669,0.1031,1.0,36.31778,-4.659705,10.506,0.011863219735025035,0.007303263245180472,0.0033217304978625066,0.003981532747317965,0.016068748388890903,-0.01615544549968171,0.42500000000000016,0.004559956489844563,0.003250756662928427,496,1.0,False,,0.9316914498141264,28317,0.03465628269755901,0.03975625064502153
1311632,X1,X,0.4242,41.7406,0.1531,1.0,34.68988,-5.072289,10.379,0.0014794770609307126,-0.003086080341193,-0.0008809851008366682,-0.0022050952403563323,0.001115128134815217,0.006840475352814018,0.42500000000000016,0.004565557402123712,0.0032554058034816474,496,1.0,False,0.056733604830782186,0.9147248388696083,28317,-0.0831745195586701,-0.07807455161120758
1305387,X2,X,0.42467,42.18998,0.2967,0.99053,36.35133,-5.991406,9.917,0.017083027546693292,0.012508392803979234,0.0006957856303141017,0.011812607173665132,0.013340714878555227,-0.02753856612371983,0.42500000000000016,0.004574634742714059,0.0032629406174816927,496,1.0,False,0.07466290439189424,0.0,28317,0.3633865330000153,0.3684865009474778
1632070,X2,X,0.42513,42.1526,0.2522,0.99977,35.710827,-6.952427,9.871,0.004445995400865241,-0.00013752167036427693,0.001846438573505374,-0.001983960243869652,0.007519800894882369,0.000358817029036557,0.42500000000000016,0.004583517071229518,0.0032696398956316122,496,1.0,False,,0.0,28317,0.3232503758410819,0.32835034378854444
1295027,X2,X,0.42561,41.76441,0.1372,0.99996,35.432812,-6.940386,10.076,0.0045772535605174925,-1.5527055124083672e-05,0.0021631205442226966,-0.0021786475993467807,0.006367923519122728,0.00011066385224986312,0.42500000000000016,0.004592780615641576,0.0032748419023912547,496,1.0,False,,0.0,28317,-0.06781265392270323,-0.06271268597524071
1338324,X1,X,0.42602,42.16596,0.2183,0.98656,34.960121,-5.12952,10.058,0.0001924758711955779,-0.004408217355297965,-0.0021990457451133874,-0.0022091716101845784,0.001092714667352961,0.009715648272225921,0.42500000000000016,0.004600693226493543,0.003279285283165116,496,1.0,False,0.3265592347933409,0.9001029866117405,28317,0.3312856891287102,0.33638565707617274
1408068,X3,X,0.42713,41.89593,0.223,0.99998,36.392204,-4.371409,10.938,0.015078818916768169,0.010456703743821742,0.008341333953789542,0.0021153697900321987,0.0045323714888297235,-0.022833155013136663,0.42500000000000016,0.0046221151729464284,0.003291314923796789,496,1.0,False,0.042834219727705264,0.9933554817275747,28317,0.05462929123252043,0.05972925917998295
1336359,X1,X,0.42821,42.27783,0.2647,0.99983,35.238991,-5.289758,9.271,0.00039448008343048605,-0.004248478064443074,-0.0020297731769267752,-0.0022187048875162993,0.0006461023825531172,0.009371803028579397,0.42500000000000016,0.004642958147873561,0.0033030194390059847,496,1.0,False,0.43746367831061256,0.9063992359121299,28317,0.4300973670021951,0.4351973349496576
1265040,X1,X,0.42981,41.45573,0.205,0.99837,33.967983,-5.738808,11.061,0.002922891321240179,-0.001750945308006911,-0.0013718902199021303,-0.0003790550881047814,0.002647435512359987,0.003903536954071844,0.42500000000000016,0.00467383662924709,0.0033203594615381273,496,1.0,False,0.0007623390520418656,0.13916500994035785,28317,-0.40150367862361475,-0.3964037106761522
1260107,X1,X,0.42982,41.89811,0.3071,0.99879,34.653896,-4.864961,9.716,0.0022871024445696637,-0.00238692717518601,-0.00015908067321699281,-0.0022278465019690175,0.005160418756603683,0.005297186267920157,0.42500000000000016,0.0046740296197556735,0.0033204678366789524,496,1.0,False,,0.8813392417528311,28317,0.04081704355001155,0.04591701149747407
1260159,X1,X,0.43034,41.92619,0.2046,0.99951,34.788071,-4.037522,10.998,0.002997290749057843,-0.0016867743771442276,-0.001397890622163051,-0.00028888375498117716,0.005848801047860958,0.003741706593824414,0.42500000000000016,0.004684065126202071,0.0033261033440018985,496,1.0,False,0.0066138121006194504,0.04821802935010482,28317,0.06581636631597594,0.07091633426343846
1916124,X1,X,0.43071,41.74154,0.1921,1.0,34.32325,-4.70075,9.599,0.00046947995626892784,-0.004221725818750771,-0.0020381367175828524,-0.002183589101167919,0.000829087872077263,0.009316041169510299,0.42500000000000016,0.004691205775019699,0.0033301132242124563,496,1.0,False,,0.9819247679531021,28317,-0.1210235422487808,-0.11592357430131828
1317526,X3,X,0.4316,42.00453,0.1314,0.99986,35.957134,-3.998689,9.159,0.004490596641802651,-0.00021778528848107395,0.001933059980593706,-0.002150845269074779,0.007190523349444282,0.0005409181511124225,0.42500000000000016,0.004708381930283725,0.0033397586117459603,496,1.0,False,,0.32723577235772355,28317,0.13670601256132403,0.14180598050878657
1367571,X1,X,0.43311,41.75842,0.1381,0.99947,35.383884,-5.326175,10.671,0.001054271938433423,-0.0036832515586465693,-0.0015159866630331045,-0.0021672648956134644,0.0030428913465271245,0.00813770198704177,0.42500000000000016,0.004737523497079992,0.0033561232580106687,496,1.0,False,0.28524677100850593,0.9863746958637469,28317,-0.11830592628305207,-0.11320595833558955
1310485,X2,X,0.43313,41.9139,0.1803,1.0,35.259193,-6.395823,9.288,0.0012208844961938792,-0.0035170249819032827,-0.0014466825842919958,-0.0020703423976112874,0.00305463465370048,0.007777108930206564,0.42500000000000016,0.004737909478097162,0.003356340008292321,496,1.0,False,,0.0,28317,0.03705636148673126,0.042156329434193784
1314067,X3,X,0.43365,41.79666,0.1106,1.0,36.691128,-4.824842,9.352,0.0031829946828702002,-0.001564950301673358,-5.422858501389271e-05,-0.0015107217166594655,0.005347430667555896,0.003508524789800963,0.42500000000000016,0.004747944984543558,0.0033619755156152667,496,1.0,False,,0.9600329625051504,28317,-0.08324237934212657,-0.07814241139466405
1660018,X2,X,0.43435,41.60541,0.2014,1.0,36.210514,-5.864627,9.879,0.0028719600468207172,-0.0018894942733237606,-0.0021941061007350517,0.00030461182741129116,0.002575152409529529,0.004240672059805556,0.42500000000000016,0.004761454320144478,0.0033695617754730795,496,1.0,False,,0.0,28317,-0.2786045199331208,-0.27350455198565826
1909346,X3,X,0.43448,42.25091,0.2565,0.9064,35.921303,-4.806608,9.039,0.0019039021004142631,-0.002860061096341813,-0.0006550544288046595,-0.0022050066675371543,0.00517974801087966,0.006329580685729007,0.42500000000000016,0.004763963196756076,0.0033709706523038156,496,1.0,False,,0.945054945054945,28317,0.3661324771344117,0.37123244508187425
1321166,X3,X,0.4351,42.0886,0.1354,1.0,37.247936,-4.362462,10.744,0.0014432563421955837,-0.0033326722660927356,-0.0018576158099638555,-0.00147505645612888,0.00521825193324058,0.007357624670873285,0.42500000000000016,0.0047759286082883195,0.0033776899110350206,496,0.675,True,,0.24817518248175183,28317,0.20018646577231652,0.20528643371977906
1501097,X1,X,0.43587,41.80467,0.1444,1.0,34.206219,-4.218188,10.254,0.006782379044448387,0.0019915901669990575,-0.0017363823466011073,0.0037279725136001637,0.006867384776244087,-0.004289217104158048,0.42500000000000016,0.004790788877449329,0.003386034796878614,496,1.0,False,,0.6895815542271563,28317,-0.08825250644620534,-0.08315253849874282
1313698,X1,X,0.43619,41.84314,0.1563,1.0,34.805801,-4.187651,9.902,0.00569293101876742,0.0008959664450433839,0.00310265716570313,-0.0022066907206597466,0.005363886109030177,-0.0018575428197407026,0.42500000000000016,0.004796964573724036,0.0033895028013850425,496,1.0,False,0.4225137342552168,0.49811498586239394,28317,-0.051654180695701754,-0.04655421274823923
1256701,X1,X,0.43629,42.28125,0.235,0.92841,34.007782,-4.728896,10.365,0.008963288809655785,0.004164394330845903,0.005851366412841338,-0.0016869720819954342,0.001724709131144224,-0.008977701886227995,0.42500000000000016,0.004798894478809882,0.0033905865527933013,496,1.0,False,0.08174532998210665,0.9809397163120568,28317,0.3858711836703937,0.3909711516178562
1316831,X1,X,0.43848,41.96879,0.1349,0.99999,35.065357,-4.223817,10.739,0.00044091515193420567,-0.004400244248255693,-0.0021051389812291486,-0.0022951052670265445,0.0023389338654882384,0.009706167855984502,0.42500000000000016,0.004841159400189899,0.0034143207086341698,496,1.0,False,,0.9402985074626866,28317,0.06063889796788875,0.06573886591535127
1334614,X2,X,0.43941,42.79751,289.7856,0.0,36.220749,-5.810372,10.158,0.005081303441125849,0.0002221959236375871,-0.0016913747716036007,0.001913570695241187,0.00292646517613703,-0.0003621208089311309,0.42500000000000016,0.004859107517488262,0.003424399596730978,496,1.0,False,,0.0,28317,0.8839530384584057,0.8890530064058682
1310294,X1,X,0.43967,41.94286,0.1607,0.9999,33.549484,-4.695752,8.904,0.005055179519250851,0.00019105424853938912,-0.0008767382114482952,0.0010677924599876844,0.013733449512573416,-0.0005029656654146203,0.42500000000000016,0.0048641252707114615,0.003427217350392451,496,1.0,False,0.34669750706759184,0.0,28317,0.027793631642145055,0.03289359958960758
1904152,X3,X,0.44025,42.07844,0.1423,1.0,36.346565,-5.176935,10.995,0.007290340939319743,0.0024150222191103785,0.0023033949247080266,0.00011162729440235145,0.009911399277967527,-0.005251600390416842,0.42500000000000016,0.004875318720209364,0.0034335031085603518,496,1.0,False,0.16583926401666382,0.913215859030837,28317,0.16000949135719128,0.16510945930465382
1256823,X3,X,0.44084,41.9191,0.1135,1.0,36.531815,-4.617454,9.313,0.003193663780862834,-0.0016930413793530196,-0.0006253667553121943,-0.0010676746240408262,0.008061054510547113,0.003748372813802645,0.42500000000000016,0.0048867051602158535,0.0034398972418690794,496,1.0,False,,0.9769163763066202,28317,-0.002748412266763963,0.0023515556806985617
1641173,X3,X,0.44364,42.2474,0.1954,0.99816,36.320126,-4.488861,10.622,0.020604878851867004,0.015664136349247473,0.017626863603608517,-0.0019627272543610414,0.018006606135465508,-0.03471192014096705,0.42500000000000016,0.004940742502619529,0.0034702422813003273,496,1.0,False,,0.9860347016504444,28317,0.3093889880591026,0.3144889560065651
1645125,X2,X,0.44419,41.96627,0.16,1.0,35.159477,-5.767602,9.505,0.0006305850882977959,-0.004320771892293884,-0.001958913274442034,-0.0023618586178518496,0.0022581751737459905,0.009537349824060418,0.42500000000000016,0.0049513569805916795,0.003476202914045751,496,1.0,False,,0.0,28317,0.025095379286971323,0.030195347234433848
1265089,X2,X,0.44472,41.86658,0.1654,0.99848,36.228413,-5.622369,10.962,0.00415677535887336,-0.0008048101186733008,-0.0016513371018686046,0.0008465269831953032,0.007819955706855024,0.001824427608297291,0.42500000000000016,0.004961585477546661,0.003481946796509524,496,1.0,False,,0.034013605442176874,28317,-0.07763973272202189,-0.07253976477455937
1251975,X2,X,0.44647,41.90973,0.0678,0.99999,35.061081,-5.824061,10.901,0.001802459063791364,-0.003192899752757594,-0.0008330011575145664,-0.002359898595243028,0.0011341175442976823,0.00709398391893471,0.42500000000000016,0.004995358816548958,0.0035009124461540535,496,1.0,False,,0.0,28317,-0.04452035063678987,-0.03942038268932735
1253474,X1,X,0.4467,41.82253,0.1154,1.0,34.52916,-5.711363,10.997,0.0023579950736804505,-0.002641802524565952,-0.0004638428645839382,-0.0021779596599820145,0.0029507033880026242,0.005875082087781799,0.42500000000000016,0.004999797598246402,0.003503405074393049,496,1.0,False,,0.2234464521815778,28317,-0.13303593120524465,-0.12793596325778211
1264499,X2,X,0.44841,41.66406,0.181,1.0,35.491611,-6.136648,10.595,0.001843359110495723,-0.0031894398647186392,-0.0009245316951193273,-0.0022649081695993124,0.0067502263517997246,0.0070283938589627525,0.42500000000000016,0.005032798975214362,0.0035219372234742753,496,1.0,False,,0.0,28317,-0.3012672088631258,-0.29616724091566327
1255487,X1,X,0.45012,41.90324,0.2107,1.0,34.843578,-5.66788,9.513,0.002964473996445733,-0.0021013263557365883,0.00016031963267575588,-0.0022616459884123447,0.008401982445820185,0.004653597308946098,0.4750000000000001,0.005065800352182321,0.003540469372555502,496,1.0,False,,0.34917891097666376,28317,-0.0839296980008795,-0.06671383101688222
1367556,X1,X,0.45115,41.89587,0.128,1.0,34.670261,-4.671014,9.209,0.0037408417219868305,-0.0013448366525796998,0.0010780835276870413,-0.0024229201802667415,0.0073890371166189205,0.003018286019835935,0.4750000000000001,0.00508567837456653,0.0035516320120605686,496,1.0,False,,0.9418063314711359,28317,-0.09714176921778499,-0.0799259022337877
1252829,X1,X,0.45168,41.75649,0.1374,1.0,34.339718,-5.662422,10.799,0.0009702382196872388,-0.004125668651834273,-0.0022548430476725546,-0.0018708256041617191,0.0028420287708510027,0.009121460929727775,0.4750000000000001,0.005095906871521512,0.0035573758945243407,496,1.0,False,0.0029483081670891695,0.4001019367991845,28317,-0.23952303233230748,-0.2223071653483102
1552028,X1,X,0.4518,42.01453,0.1065,1.0,34.482056,-5.541532,10.172,0.0004878448337555368,-0.004610377923868988,-0.0021852404643088134,-0.002425137459560175,0.0043882493375322395,0.01016562108706513,0.4750000000000001,0.005098222757624525,0.0035586763962142504,496,1.0,False,0.13893098222895714,0.8360142984807865,28317,0.01783789298362155,0.035053759967618836
1337267,X1,X,0.45318,41.93843,0.2617,0.9999,34.17128,-4.797093,9.269,0.01347021920427338,0.008345363756464184,0.010773188861043935,-0.00242782510457975,0.012779628573825278,-0.018320129930009657,0.4750000000000001,0.005124855447809195,0.0035736321656482236,496,1.0,False,,0.9526290857413549,28317,-0.0660593830116765,-0.048843516027679224
1916143,X2,X,0.45362,42.06582,0.1399,1.0,35.387547,-5.621445,8.804,0.0004295858111422996,-0.004703761219044616,-0.002415681195882635,-0.0022880800231619815,0.0015580296096613666,0.010385393257445502,0.4750000000000001,0.005133347030186915,0.0035784006718445624,496,1.0,False,,0.2228236355435273,28317,0.058849190756653694,0.07606505774065098
1253475,X1,X,0.45412,42.18464,0.2443,0.98439,34.613754,-5.638916,10.959,0.004644486604662028,-0.0004985099509541152,-0.0014850039906084305,0.0009864940396543146,0.009239133547107045,0.00114617834135022,0.4750000000000001,0.005142996555616143,0.0035838194288858568,496,1.0,False,0.16331526971639201,0.4369602763385147,28317,0.17485211545557905,0.19206798243957635
1777122,X1,X,0.45429,41.97567,0.1899,0.99284,34.058311,-4.096692,11.221,0.0020855096795196317,-0.003060767714742449,-0.0021269808027957826,-0.0009337869119466664,0.007253291137189933,0.006759678293362535,0.4750000000000001,0.005146277394262081,0.003585661806279897,496,1.0,False,0.21413198192932634,0.2366018261214768,28317,-0.0350750302457639,-0.017859163261766616
1937078,X1,X,0.45525,42.10631,2.5388,0.0074,34.742489,-4.688351,9.606,0.0016998470229670362,-0.003464957460119162,-0.0010457448111591576,-0.0024192126489600042,0.000913012991140595,0.007695274435250769,0.4750000000000001,0.005164804483086198,0.0035960658197991815,496,1.0,False,,0.9668202764976959,28317,0.09016618247527948,0.10738204945927676
1247537,X1,X,0.45565,41.96742,0.1422,1.0,34.025459,-5.010814,9.927,0.00624549562405783,0.0010729715206282495,-0.0015621393632631996,0.0026351108838914496,0.014255579933092915,-0.0023838087334996892,0.4750000000000001,0.00517252410342958,0.0036004008254322175,496,1.0,False,0.033490193384398695,0.9236417033773862,28317,-0.050970174235004426,-0.03375430725100714
1905184,X3,X,0.45587,41.653,0.3367,0.3559,36.016575,-4.411976,10.537,0.002892075231670067,-0.0022846946629483727,-0.0001649349790027151,-0.0021197596839456585,0.004775365272338361,0.005106077924102583,0.4750000000000001,0.0051767698946184396,0.0036027850785303865,496,1.0,False,,0.9465263157894737,28317,-0.3666248853404282,-0.3494090183564309
1531145,X3,X,0.45675,42.1682,0.2471,1.0,35.74062,-4.793897,9.836,0.0007429336830568368,-0.0044508193763170435,-0.0019760987005003347,-0.0024747206758167096,0.0026285536017908997,0.009835555215168197,0.4750000000000001,0.0051937530593738805,0.0036123220909230645,496,1.0,False,,0.9968325791855204,28317,0.14364183027153404,0.16085769725553134
1531113,X1,X,0.45694,42.25569,0.2055,1.0,33.677761,-4.509542,9.93,0.04041252096324356,0.03521510108420657,-0.0016506270707835127,0.03686572815499009,0.02767466809862589,-0.0789824786804323,0.4750000000000001,0.005197419879036988,0.003614381218598757,496,1.0,False,0.12331324556948128,0.002957329953527672,28317,0.23006785496753696,0.24728372195153425
1339875,X1,X,0.45944,41.92794,0.1676,1.0,35.215054,-4.754419,10.475,0.0030992775597591055,-0.002146389946424021,0.00018619578912859895,-0.00233258573555262,0.005266480348486323,0.004802805704262409,0.4750000000000001,0.0052456675061831265,0.0036414750038052286,496,1.0,False,0.29645617497122184,0.9659727782225781,28317,-0.11164345067117391,-0.09442758368717663
1784110,X1,X,0.45993,42.05468,0.1767,0.98776,34.767574,-4.118862,10.502,0.008611794154596546,0.0033566701134927768,0.00561084384180767,-0.002254173728314893,0.014362973576445169,-0.007411288250015179,0.4750000000000001,0.00525512404110377,0.003646785385705697,496,1.0,False,,0.23129251700680273,28317,0.012368456070120895,0.02958432305411818
1565032,X1,X,0.46097,42.34155,0.1445,1.0,34.17984,-4.953646,10.712,0.0003898382102361189,-0.004885356843760444,-0.0023706762618536503,-0.002514680581906795,0.0010642189881403196,0.010788265163162985,0.4750000000000001,0.005275195053996563,0.0036580564003515885,496,1.0,False,,0.9498031496062992,28317,0.2934572064326561,0.3106730734166534
1338959,X2,X,0.46167,41.9024,0.1712,1.0,36.407967,-6.462298,10.026,0.008694321532712473,0.00340561714311499,0.0047012492805841456,-0.001295632137469155,0.0023699140710369535,-0.007303418032418178,0.4750000000000001,0.005288704389597483,0.0036656426602094012,496,1.0,False,,0.0,28317,-0.14957715943464917,-0.13236129245065187
1366187,X3,X,0.4629,42.1586,0.1395,1.0,36.731888,-5.210237,10.317,0.0015670598764097638,-0.0037453823457436184,-0.001915462102552255,-0.0018299202431913638,0.006308794902301722,0.008272506669977583,0.4750000000000001,0.005312442222153382,0.003678972802530985,496,1.0,False,0.12714471255724935,0.9734477124183006,28317,0.0998107706699118,0.11702663765390908
1924089,X2,X,0.46299,42.06566,0.1065,1.0,35.111511,-6.761767,10.349,0.002824424343006833,-0.00248975479372381,-0.002586051254009227,9.629646028541574e-05,0.0051926587286394476,0.005556173833972679,0.4750000000000001,0.005314179136730643,0.0036799481787984176,496,1.0,False,0.1336372770832336,0.0,28317,0.006372991079608606,0.023588858063605892
1924103,X2,X,0.4638,42.14301,0.1206,1.0,35.111195,-7.163266,10.813,0.001149806035222713,-0.004180005332703279,-0.0018130916847365539,-0.0023669136479667254,0.002234862319011608,0.009254626044753822,0.4750000000000001,0.005329811367925992,0.0036887265652053147,496,1.0,False,,0.0,28317,0.07924704087153618,0.09646290785553346
1876431,X2,X,0.46482,42.02051,0.1307,1.0,35.836521,-6.39018,10.075,0.001806826353130894,-0.0035426700466707236,-0.0013727327391296268,-0.002169937307541097,0.003157819054256035,0.007864897789134408,0.4750000000000001,0.005349496399801618,0.003699780829569555,496,1.0,False,,0.0,28317,-0.048878956749760324,-0.03166308976576304
1595028,X2,X,0.46523,42.2212,0.2072,0.99974,35.630634,-6.797498,9.942,0.00981933153695071,0.004461922526297127,-0.00039918214248144297,0.004861104668778569,0.0020609731938305543,-0.009616768115517408,0.4750000000000001,0.0053574090106535835,0.003704224210343416,496,1.0,False,0.061307781030964396,0.0,28317,0.14955286459237999,0.16676873157637728
1797044,X3,X,0.4667,42.40418,0.1791,1.0,35.800816,-5.055265,10.084,0.0031068609343019456,-0.002278917681113568,-0.0007676290269113149,-0.001511288654202253,0.008825549477593843,0.005045314558800047,0.4750000000000001,0.005385778615415514,0.0037201553560448223,496,1.0,False,,0.9902957486136784,28317,0.3244517354598104,0.34166760244380767
1262016,X3,X,0.46694,42.05559,0.1259,1.0,36.069851,-4.863433,9.422,0.0022914065681731055,-0.003099003819448438,-0.001863099420057841,-0.0012359043993905971,0.006198878582466458,0.006872647774994422,0.4750000000000001,0.005390410387621543,0.0037227563594246435,496,1.0,False,,0.9061260467166152,28317,-0.025455371793625933,-0.008239504809628647
1317724,X3,X,0.46775,42.27658,0.1346,1.0,37.337154,-4.721061,10.41,0.00044246999266385294,-0.004963572626153039,-0.002646682770217065,-0.0023168898559359744,0.0009798157823472152,0.010965816484398146,0.4750000000000001,0.005406042618816892,0.00373153474583154,496,0.6,True,,0.006085192697768763,28317,0.19109406046096228,0.20830992744495958
1255470,X1,X,0.46877,42.0701,0.1661,0.99999,35.054214,-5.448999,10.907,0.003969101479943489,-0.0014566261707490286,-0.0015316080813591701,7.498191061014112e-05,0.011822822811630673,0.003192241011328917,0.4750000000000001,0.005425727650692517,0.0037425890101957806,496,1.0,False,,0.7221702525724977,28317,-0.020967546500891207,-0.003751679516893921
1339149,X2,X,0.46879,42.00695,0.1483,1.0,35.555401,-5.871532,9.779,0.0017949636403325011,-0.003631149991377184,-0.0014993475765534671,-0.0021318024148237174,0.003169875391725115,0.008060059119460445,0.4750000000000001,0.005426113631709685,0.003742805760477432,496,1.0,False,,0.0,28317,-0.08422687618387652,-0.06701100919987923
1901738,X1,X,0.46975,42.10012,0.1352,0.99999,35.005737,-5.347675,10.746,0.0030000583835139063,-0.002444582337019897,-0.00033697984651374696,-0.0021076024905061497,0.010994154026200638,0.005360000403407782,0.4750000000000001,0.005444640720533803,0.003753209773996717,496,1.0,False,,0.8661567877629063,28317,0.0037004230447196945,0.02091629002871698
1311755,X3,X,0.471,42.02791,0.1528,1.0,35.603935,-4.257517,9.453,0.013554515502657169,0.008085750968550296,0.009972087981331253,-0.0018863370127809574,0.011630064326788623,-0.017716782375230146,0.4750000000000001,0.0054687645341068725,0.0037667566665999528,496,1.0,False,,0.7871287128712872,28317,-0.07532100935927825,-0.05810514237528097
1303317,X3,X,0.47429,42.10133,0.2011,0.99999,36.964386,-5.405995,10.719,0.004474743657393352,-0.001057514754037839,0.0011472896910985583,-0.002204804445136397,0.006115518222237604,0.0024295471796314805,0.4750000000000001,0.005532258411431191,0.00380241208793167,496,1.0,False,,0.6963682432432432,28317,-0.019748184636327257,-0.0025323176523299705
1901798,X2,X,0.47577,42.48698,0.2093,0.99996,35.139446,-6.560511,10.737,0.019814472006258667,0.014252631499821436,0.016336867722269804,-0.0020842362224483663,0.021999731112818877,-0.03173119783361975,0.4750000000000001,0.00556184050643723,0.0038204888441472885,496,1.0,False,,0.0,28317,0.35791104930431333,0.37512691628831063
1256332,X3,X,0.47803,42.08767,0.1559,1.0,37.245861,-4.734426,9.949,0.000144683587556365,-0.005463765071746021,-0.0028807031400440077,-0.002583061931702013,0.0021309292360283125,0.012059798409053043,0.4750000000000001,0.005608448659302386,0.003850961044082844,496,0.575,True,,0.22278056951423786,28317,-0.05355628756529267,-0.036340420581295385
1291143,X2,X,0.47819,42.04154,0.2083,0.99986,36.056557,-7.366668,10.699,0.0015966778008132925,-0.004015070550727334,-0.0014479921901122482,-0.002567078360615086,0.004905236414408468,0.008890096859100952,0.4750000000000001,0.005611748351540627,0.003853118367972087,496,1.0,False,,0.0,28317,-0.10054494322738332,-0.08332907624338604
1847216,X2,X,0.47905,42.31888,0.158,1.0,36.168037,-6.89419,10.472,0.0006692051865836241,-0.004960279010737549,-0.0026665522121540647,-0.0022937267985834848,0.0024596982260594582,0.010965597813253765,0.4750000000000001,0.005629484197321173,0.0038647139838767675,496,1.0,False,,0.0,28317,0.17218438596504643,0.18940025294904372
1847303,X3,X,0.47964,42.15841,0.1333,1.0,36.655151,-3.63921,8.906,0.0046667477266933155,-0.0009749040857563729,-0.002770665839989161,0.001795761754232788,0.014192969988805482,0.002064877904054364,0.4750000000000001,0.005641651812449688,0.003872669115718351,496,1.0,False,0.02942607661323026,0.0,28317,0.008555731349467702,0.025771598333464988
1256817,X3,X,0.47982,42.03231,0.1534,0.99999,36.803795,-4.634438,10.82,0.019590776041775355,0.013945412075557644,0.0012586986116431905,0.012686713463914454,0.015738584239965422,-0.03078512367614919,0.4750000000000001,0.00564536396621771,0.0038750961050937494,496,1.0,False,,0.9263252470799641,28317,-0.1185072017348288,-0.10129133475083152
1329622,X2,X,0.48607,42.11261,0.2402,0.9997,35.499199,-6.228611,9.871,0.006913411654577127,0.0011391534603031224,0.003754392007794855,-0.0026152385474917336,0.003831389528676023,-0.0023312461094824617,0.4750000000000001,0.005774258194274005,0.0039593665695173,496,1.0,False,,0.0,28317,-0.07143429362123026,-0.054218426637232975
1876533,X3,X,0.48981,42.18153,0.1654,1.0,36.780964,-4.077421,10.768,0.002747976877323816,-0.003103411623019076,-0.002093051860662624,-0.0010103597623564516,0.004173271491560557,0.006926531917765201,0.4750000000000001,0.005851388500342892,0.004009794015428354,496,1.0,False,0.14705902094898002,0.7880203908241291,28317,-0.022206466343192052,-0.004990599359194766
1386047,X3,X,0.49181,42.28746,0.1432,1.0,36.735493,-4.419457,10.486,0.004133407628139262,-0.0017592270251816445,-0.0013665079404845317,-0.0003927190846971123,0.004056143426847683,0.004002743076092597,0.4750000000000001,0.005892634653320907,0.004036760564043889,496,1.0,False,0.4312144307921249,0.964195450716091,28317,0.07325071863236605,0.09046658561636334
1280332,X3,X,0.49219,42.73941,0.377,0.7454,35.584282,-4.873461,10.847,0.0045434634686878205,-0.0013570079536989084,-0.002346971387447913,0.0009899634337490045,0.007770240036501528,0.003062513594730436,0.4750000000000001,0.005900471422386729,0.004041884208280841,496,1.0,False,0.07799945047212486,0.9662304769945125,28317,0.5232153983850838,0.540431265369081
1896111,X3,X,0.49243,42.08046,0.1721,1.0,35.71595,-4.917502,11.085,0.009016459475372243,0.0031110385146281526,0.005847373996281656,-0.0027363354816535047,0.008437930146456333,-0.006715016115051811,0.4750000000000001,0.00590542096074409,0.004045120194114705,496,1.0,False,0.18678933015283802,0.993886462882096,28317,-0.1369877477902504,-0.11977188080625312
1305350,X2,X,0.49263,42.32964,0.2662,0.99948,35.932045,-7.177537,9.513,0.011172852082769764,0.005263306506727871,0.005519233539680602,-0.00025592703295273123,0.01479234022664727,-0.011590309560053764,0.4750000000000001,0.0059095455760418926,0.004047816848976259,496,1.0,False,,0.0,28317,0.11114840108171382,0.1283642680657111
1250435,X1,X,0.49292,42.12039,0.1543,0.99999,33.790543,-4.626537,9.957,0.011417132571808122,0.0055016063035844154,-0.0009599397241887783,0.006461546027773194,0.025952136862149866,-0.012700869518438861,0.4750000000000001,0.005915526268223706,0.0040517269985255126,496,1.0,False,,0.3319228960977903,28317,-0.09961447748869982,-0.08239861050470254
1258500,X3,X,0.49383,41.98288,0.204,0.99897,36.695435,-5.042486,10.044,0.003856717546737681,-0.002077575721091021,-0.001108641656678097,-0.0009689340644129234,0.013418225975130808,0.004478283455840188,0.4750000000000001,0.005934293267828702,0.004063996778145581,496,1.0,False,,0.9607600165220983,28317,-0.241866373701569,-0.2246505067175717
1279488,X3,X,0.49412,42.23993,0.2381,0.99946,36.254013,-4.734176,9.277,0.0016355534772296277,-0.004304720482780885,-0.0022476203903186464,-0.0020571000924622393,0.0036866548336335152,0.009550860124053526,0.4750000000000001,0.005940273960010513,0.004067906927694834,496,1.0,False,,0.9263775971093045,28317,0.01367419411995048,0.030890061103947767
1254299,X1,X,0.495,42.13799,0.1533,1.0,34.452332,-4.535697,10.867,0.007745102897551976,0.001786680630231136,0.002630021383280034,-0.0008433407530488981,0.012440628144798434,-0.003879852695630308,0.4750000000000001,0.00595842226732084,0.0040797722090856695,496,1.0,False,0.0014715719063545013,0.9687645687645687,28317,-0.09284107182786965,-0.07562520484387236
1305504,X3,X,0.49559,42.23958,0.1417,1.0,36.057907,-5.165079,11.284,0.002459307322018352,-0.003511282560431002,-0.0017498726541929298,-0.0017614099062380716,0.003721768696979666,0.007825426528848867,0.4750000000000001,0.005970589882449354,0.004087727340927253,496,1.0,False,,0.9203382287494437,28317,0.005685689954447251,0.022901556938444537
1264375,X3,X,0.49572,42.33811,0.2293,0.99999,36.976379,-5.410373,10.25,0.002310079579082301,-0.0036631913033106245,-0.0012952233027785983,-0.002367968000532026,0.005203540415071363,0.00813023830854787,0.4750000000000001,0.005973270882392925,0.004089480166587263,496,1.0,False,,0.6693720632208457,28317,0.10354119900885213,0.12075706599284941
1303140,X1,X,0.49592,42.49048,0.1396,1.0,33.935474,-4.37016,10.075,0.007237152009978013,0.0012597565122872863,0.0026817514091230805,-0.0014219948968357946,0.015306065192872887,-0.0028926480313843997,0.4750000000000001,0.005977395497690727,0.004092176821448816,496,1.0,False,,0.7907585004359198,28317,0.2548738445045446,0.2720897114885419
1346758,X3,X,0.4965,42.33009,0.1821,0.99998,36.064423,-5.167976,11.371,0.0023455054414658295,-0.0036438514405885214,-0.001916549747123108,-0.0017273016934654137,0.004277129138672038,0.008112088912435325,0.4750000000000001,0.005989356882054351,0.004099997120547322,496,1.0,False,,0.9153743907842269,28317,0.09147773388853171,0.108693600872529
1246529,X3,X,0.49677,42.14001,0.1557,1.0,36.114048,-4.943895,10.561,0.006401385991710995,0.000406460879004613,0.0010531651728523288,-0.0006467042938477162,0.006393046767905545,-0.0007450371419088914,0.4750000000000001,0.005994925112706382,0.004103637604610419,496,1.0,False,0.08533709253926794,0.9204745166959578,28317,-0.1000005390300485,-0.08278467204605122
1293465,X2,X,0.49801,42.3351,0.3611,0.9906,36.421684,-6.316649,10.69,0.0020300341104394944,-0.003990463617113258,-0.0023057786978689975,-0.0016846849192442596,0.006753066229246246,0.008833598486245785,0.4750000000000001,0.006020497727552752,0.004120356864752052,496,1.0,False,,0.0,28317,0.08867690431494442,0.1058927712989417
1901803,X2,X,0.50262,42.58836,0.1776,0.99992,35.979885,-5.778589,11.113,0.0036988801369754595,-0.0024166899731916146,0.00014073645123964182,-0.002557426424431257,0.003544153472953714,0.0054505196378336045,0.5250000000000001,0.006115570110167074,0.0041825147593108625,496,1.0,False,,0.0,28317,0.3335101163439209,0.3354431917042804
1337272,X1,X,0.50275,42.35788,0.165,1.0,34.12851,-5.680504,8.497,0.0038428677929456135,-0.0022753833171650327,0.0005573533182950396,-0.0028327366354600728,0.0011580580622923883,0.005154406315730673,0.5250000000000001,0.006118251110110646,0.004184267584970873,496,1.0,False,,0.3739224137931034,28317,0.10236447935181772,0.10429755471217717
1293006,X1,X,0.50436,42.18793,0.2015,0.99997,33.761364,-5.317504,11.18,0.0012884032051557433,-0.0048630510581022055,-0.002683349633406719,-0.0021797014246954867,0.0042156849790228644,0.010774920252100553,0.5250000000000001,0.006151454263257949,0.00420597565660638,496,1.0,False,,0.18084016393442623,28317,-0.07581581564046999,-0.07388274028011055
1323349,X3,X,0.50491,42.41873,0.1773,0.99989,37.200424,-4.24787,10.637,0.0031781537485887947,-0.002984643206738106,-0.0017377162855086894,-0.001246926921229417,0.00427407019954064,0.0066866282506469,0.5250000000000001,0.006162796955326901,0.0042133914574756515,496,0.975,False,0.14711178741585873,0.41152882205513786,28317,0.15217824368874247,0.1541113190491019
1258289,X2,X,0.50509,42.2105,0.2031,0.99999,36.144203,-6.688891,11.259,0.0024241763088269437,-0.00374233280026798,-0.002263596036513801,-0.0014787367637541784,0.002882657054607506,0.008346820847279952,0.5250000000000001,0.006166509109094924,0.004215818446851051,496,1.0,False,,0.0,28317,-0.05696944097698051,-0.055036365616621064
1504096,X1,X,0.50582,42.42192,0.2296,0.99995,33.627441,-5.04428,11.011,0.004292012192426258,-0.0018895517625056426,0.0006670521468028056,-0.0025566039093084486,0.00433132576436181,0.004301559039854911,0.5250000000000001,0.0061815639549319,0.004225661237095722,496,1.0,False,,0.0,28317,0.15073198273233615,0.1526650580926956
1697027,X3,X,0.50621,42.23124,0.2285,0.99989,36.73642,-5.392184,9.36,0.003786621258947539,-0.002402985695815073,0.0003496432739811296,-0.002752628969796203,0.0036620351409194,0.005426418067555736,0.5250000000000001,0.006189606954762612,0.004230919714075751,496,1.0,False,0.2577927380644133,0.822518263859046,28317,-0.04193258940643105,-0.039999514046071605
1263062,X1,X,0.50827,42.05343,0.1305,1.0,35.109447,-5.350022,10.235,0.003588409834751179,-0.002643680657578787,0.00019340240335589823,-0.0028370830609346855,0.007609708074538582,0.005909732462574618,0.5250000000000001,0.006232090492329966,0.004258695259149753,496,1.0,False,,0.8341801385681293,28317,-0.23020144079424185,-0.2282683654338824
1368482,X2,X,0.50847,42.4456,0.1715,1.0,36.43082,-6.145352,10.893,0.015500116039947389,0.009263900932319621,0.011724474493979252,-0.002460573561659629,0.008875462591920945,-0.02021911879649084,0.5250000000000001,0.006236215107627768,0.0042613919140113065,496,1.0,False,,0.0,28317,0.16095525770428523,0.16288833306464467
1341502,X2,X,0.51064,42.37881,0.1573,0.99999,35.771664,-6.787394,10.096,0.014541225091214095,0.008260257907605182,0.011191449586519917,-0.0029311916789147353,0.011498603860477293,-0.018064284454642296,0.5250000000000001,0.006280967183608914,0.004290650619259163,496,1.0,False,,0.0,28317,0.08319493716070994,0.08512801252106938
1291155,X2,X,0.51089,42.03637,0.14,1.0,34.822697,-6.129029,10.685,0.001539510525161927,-0.004746612427569239,-0.0019395963779490822,-0.0028070160496201564,0.005794651734462199,0.010514780010961377,0.5250000000000001,0.0062861229527311656,0.004294021437836105,496,1.0,False,,0.0,28317,-0.2605061103626862,-0.25857303500232676
1332392,X2,X,0.51197,42.50087,0.1998,0.99842,35.97794,-5.898293,10.246,0.011637848395728966,0.0053294525203896725,0.008056657192588718,-0.0027272046721990456,0.011371441557817469,-0.011599319709826705,0.5250000000000001,0.006308395875339294,0.004308583374088496,496,1.0,False,,0.0,28317,0.19855281733277977,0.2004858926931392
1898108,X2,X,0.51204,42.37228,0.1244,1.0,35.839954,-6.276613,10.376,0.0031102762982359263,-0.003199563192457598,-0.001563497749693882,-0.0016360654427637164,0.0037518122917867816,0.0071659752410465835,0.5250000000000001,0.006309839490693524,0.00430952720329004,496,1.0,False,,0.0,28317,0.06961052745122956,0.071543602811589
1259538,X3,X,0.51244,42.40727,0.1417,1.0,37.174793,-4.714422,9.249,0.00024373805449726628,-0.0060743506667918605,-0.0032465834258364953,-0.002827767240955365,0.003113335499213545,0.013425843519162988,0.5250000000000001,0.006318088721289127,0.004314920513013146,496,0.625,True,,0.8039816232771823,28317,0.10258831002688609,0.10452138538724554
1883166,X2,X,0.51351,42.32145,0.1592,1.0,35.62233,-7.145223,10.777,0.0417306876730055,0.03539053225987314,0.004384818090083542,0.031005714169789596,0.015042830883154043,-0.07882092540003852,0.5250000000000001,0.006340155413132365,0.004329347616522459,496,1.0,False,0.09224253556302899,0.0,28317,0.011392873604632286,0.013325948964991733
1519027,X2,X,0.51404,42.58931,0.2433,0.99996,35.704849,-7.1631,10.899,0.0035633349312528704,-0.0027877507124186686,-0.00022884399727566987,-0.002558906715142999,0.006209911593930061,0.00624741030547115,0.5250000000000001,0.006351085643671539,0.004336493751905576,496,1.0,False,,0.0,28317,0.2765941708087756,0.27852724616913505
1502029,X2,X,0.51797,42.23257,0.1223,1.0,35.13884,-5.626492,10.32,0.005753010690721791,-0.0006791236435515473,0.0023488780900386462,-0.0030280017335901936,0.015258630045692275,0.0014472710330394722,0.5250000000000001,0.006432134334273338,0.004389483019935104,496,1.0,False,0.17518791543969905,0.18436454849498327,28317,-0.09978036271521759,-0.09784728735485815
1901257,X3,X,0.51978,42.61672,0.2184,1.0,36.371342,-4.748481,11.188,0.004067209301003931,-0.0024022528017145096,-0.002419977329046333,1.7724527331823385e-05,0.013273625036623644,0.005265200000603902,0.5250000000000001,0.006469462102718441,0.004413887746432164,496,1.0,False,0.006527260524549559,0.9514739229024943,28317,0.2753738184911161,0.27730689385147556
1314847,X3,X,0.52053,42.27796,0.1542,1.0,37.032768,-4.633701,11.214,0.002773639472048095,-0.003711289938037102,-0.001117573681336131,-0.0025937162567009715,0.004399185561605512,0.008286234664941727,0.5250000000000001,0.006484929410085197,0.004424000202162992,496,0.825,True,0.009621645084279845,0.9026381909547738,28317,-0.06710510247564613,-0.06517202711528669
1258422,X3,X,0.52105,42.40475,0.2034,1.0,36.191048,-4.982512,10.352,0.025716672995237166,0.019221019585377686,0.019583703518878122,-0.00036268393350043747,0.020765983027305167,-0.04269881153978629,0.5250000000000001,0.00649565340985948,0.00443101150480303,496,1.0,False,,0.9244087837837838,28317,0.05710940238617937,0.05904247774653881
1341459,X2,X,0.52219,42.09562,0.1315,1.0,35.725468,-6.30745,11.046,0.014774886133234855,0.008255722416177905,-0.0025781839145234565,0.010833906330701361,0.015633136377398694,-0.01817999078152333,0.5250000000000001,0.006519163717056949,0.004446382437513887,496,1.0,False,0.21350159966889812,0.0,28317,-0.2576584273778788,-0.25572535201751934
1915184,X3,X,0.5246,42.37404,0.1669,1.0,36.5779,-4.300873,9.811,0.005666518600729676,-0.0009023467306657797,0.001585062701128034,-0.002487409431793813,0.009502920233058177,0.0020868754921635393,0.5250000000000001,0.0065688653313954555,0.004478877128595606,496,1.0,False,,0.960896309314587,28317,0.008881009643827015,0.010814085004186461
1258330,X2,X,0.52473,42.12443,0.1624,1.0,36.064503,-6.126816,9.661,0.004442263611377513,-0.0021292827199615146,0.000187615735370419,-0.0023168984553319336,0.0029383383193537825,0.004854432413743663,0.5250000000000001,0.0065715463313390276,0.004480629954255617,496,1.0,False,,0.0,28317,-0.24136839018739906,-0.2394353148270396
1780287,X1,X,0.52494,42.20845,0.1647,0.99993,34.857731,-4.540818,11.044,0.004040638536666136,-0.0025352386407355813,-0.002966992731420842,0.0004317540906852604,0.009107314607476831,0.00565859110072664,0.5250000000000001,0.006575877177401717,0.004483461441860248,496,1.0,False,,0.9057180270624181,28317,-0.15838095208867273,-0.15644787672831328
1295285,X3,X,0.52513,42.32221,0.1167,1.0,36.886471,-4.364116,10.317,0.006425616440569274,-0.00015413686521117964,0.002333216051509644,-0.0024873529167208242,0.001082867221899866,0.0005505657474718026,0.5250000000000001,0.006579753305780454,0.004486093662891708,496,1.0,False,,0.9434706397896582,28317,-0.04555483994650686,-0.043621764586147416
1303197,X3,X,0.52562,42.22159,0.1274,1.0,37.205173,-4.308662,10.947,0.011244499301497417,0.0046547999614338555,-0.0020529396776515054,0.00670773963908536,0.012378663977178985,-0.010153990587734085,0.5250000000000001,0.006589699340063562,0.0044929658170514575,496,0.8,True,0.0014551461045345497,0.3838748495788207,28317,-0.1485818212430938,-0.14664874588273435
1322229,X3,X,0.52612,42.23087,0.2232,0.99992,35.926426,-4.018871,9.621,0.006148195525330689,-0.0004516528293074737,0.0025295834296796215,-0.0029812362589870956,0.013809233066385675,0.0009925602749444769,0.5250000000000001,0.006599848354638163,0.004499978219255285,496,1.0,False,,0.3615290768605124,28317,-0.14175574929519527,-0.13982267393483583
1514043,X2,X,0.52706,42.44815,0.327,0.97398,34.860092,-6.165597,11.025,0.009890559417608264,0.0032716309155698554,0.006337335525305842,-0.0030657046097359864,0.013380903945658622,-0.007143631906295741,0.5250000000000001,0.006618928502038409,0.004513161535398476,496,1.0,False,,0.0,28317,0.07091680076616783,0.07284987612652727
1302564,X3,X,0.52716,42.1697,0.1596,1.0,35.601761,-4.45802,10.863,0.003785113000478491,-0.002835845304474837,-0.0009202754822103128,-0.0019155698222645238,0.011325850998312648,0.006266265332248352,0.5250000000000001,0.006620958304953328,0.00451456401583924,496,1.0,False,,0.804675118858954,28317,-0.20802289833614182,-0.20608982297578238
1251536,X2,X,0.52727,42.63185,0.1876,1.0,34.971424,-6.933424,10.789,0.0031855326132570845,-0.0034376584749026577,-0.0026361508081248534,-0.0008015076667778035,0.00535916000003322,0.007686374167583541,0.5250000000000001,0.006623191088159742,0.004516106744324084,496,1.0,False,,0.0,28317,0.25358853360785827,0.25552160896821774
1250532,X2,X,0.5277,42.68565,0.182,0.99995,35.564728,-6.959774,9.451,0.0164855890438958,0.009853669803201903,-0.0022661345717501563,0.01211980437495206,0.012231080867480737,-0.02159995691784375,0.5250000000000001,0.006631919240693895,0.004522137410219372,496,1.0,False,0.1494403351443346,0.0,28317,0.30528423615299016,0.30721731151334963
1259006,X2,X,0.5279,42.29482,0.1811,0.99999,35.595745,-7.000531,8.952,0.004539565396892703,-0.002096413449631032,-0.0031400120133596833,0.0010435985637286503,0.011798673142631057,0.004639173103895663,0.5250000000000001,0.0066359788465237355,0.004524942371100903,496,1.0,False,,0.0,28317,-0.08652395708128566,-0.08459088172092621
1262736,X3,X,0.52929,42.30629,0.1737,1.0,36.951244,-5.187092,10.723,0.006233061626059443,-0.0004311314809816811,0.0018788529380103151,-0.0023099844189919966,0.0195248754007094,0.0007338444624078507,0.5250000000000001,0.006664193107041124,0.004544436849227538,496,1.0,False,,0.9479537366548043,28317,-0.08184277999736864,-0.0799097046370092
1246758,X3,X,0.53127,42.14059,0.1494,1.0,36.618103,-5.539466,9.775,0.0035770419066849905,-0.003127341298071548,-0.0012966428984624036,-0.001830698399609144,0.005946462360926888,0.007009728347665077,0.5250000000000001,0.0067043832047565385,0.004572205961954688,496,1.0,False,,0.25411334552102377,28317,-0.2571842680552716,-0.25525119269491214
1278820,X2,X,0.53127,42.47071,0.2484,0.9977,34.932198,-6.890407,9.957,0.004312050648779911,-0.002392332555976627,-0.002536915451818136,0.00014458289584150892,0.005762675047384915,0.005407228926521016,0.5250000000000001,0.0067043832047565385,0.004572205961954688,496,1.0,False,0.19443337882933767,0.0,28317,0.07293573194472217,0.07486880730508161
1770487,X1,X,0.53644,42.06416,0.8065,0.02,35.067219,-5.241107,10.092,0.0010272788510478123,-0.005782045164410084,-0.002562244041742702,-0.0032198011226673828,0.0014604688445830636,0.012831361257988666,0.5250000000000001,0.0068093240154578965,0.004644714200742244,496,1.0,False,,0.8673954372623575,28317,-0.35863064961296476,-0.3566975742526053
1291159,X2,X,0.53976,42.42586,0.1918,0.99997,34.920109,-6.725154,11.083,0.006054155093542436,-0.000822558378690802,-0.0014799886144198208,0.0006574302357290202,0.004949874303696141,0.001998439486899291,0.5250000000000001,0.006876713472233238,0.004691276551375647,496,1.0,False,0.2006416584402764,0.0,28317,-0.012875859950485874,-0.010942784590126427
1340728,X3,X,0.54277,43.06948,226.7333,0.0,36.788551,-3.893399,9.681,0.005122899233433838,-0.0018149113065384897,0.0007420917437665989,-0.0025570030503050886,0.008299006693574133,0.004124126155478433,0.5250000000000001,0.006937810539972327,0.004733491212642677,496,1.0,False,,0.1373695198329854,28317,0.6163674679285311,0.6183005432888906
1547048,X2,X,0.54454,42.22792,0.1494,0.99979,35.452789,-6.100835,11.582,0.005678395692654763,-0.0012953423589116483,-0.0021236280533574337,0.0008282856944457854,0.002970140681403275,0.003030880884630034,0.5250000000000001,0.006973738051566411,0.0047583151164442205,496,1.0,False,0.0008157768656039518,0.0,28317,-0.23361153858154424,-0.2316784632211848
1906545,X3,X,0.54806,42.80686,0.1992,0.99992,36.092049,-5.413255,11.318,0.0016771616099246138,-0.005368025504246978,-0.0027170092427944645,-0.0026510162614525124,0.0037313775453919813,0.011931226810232152,0.5250000000000001,0.007045187114171591,0.004807682427959152,496,0.975,False,,0.7498751872191712,28317,0.328661983694315,0.33059505905467446
1891082,X1,X,0.54871,42.5505,0.1551,1.0,34.150871,-5.182204,9.542,0.0030887782369817453,-0.003969602596136825,-0.0005958267013626965,-0.0033737758947741284,0.002985484552880418,0.008896643783207984,0.5250000000000001,0.00705838083311857,0.004816798550824126,496,1.0,False,,0.9395866454689984,28317,0.06923541315162154,0.07116848851198099
1331344,X1,X,0.54993,42.66588,0.1921,1.0,34.271313,-5.076369,9.87,0.002393237178391048,-0.004689907250289546,-0.001310937936710202,-0.0033789693135793434,0.0010241043637155766,0.010476282371025176,0.5250000000000001,0.007083144428680594,0.00483390881220146,496,1.0,False,,0.981018981018981,28317,0.17886893623614,0.18080201159649945
1574062,X2,X,0.5502,42.76064,0.1445,1.0,36.071503,-7.034577,10.306,0.0018183279283252118,-0.005270296968225665,-0.002353825379549929,-0.0029164715886757357,0.0011722488703913739,0.011739565560532378,0.5750000000000002,0.007088624896550877,0.004837695509391527,496,1.0,False,,0.0,28317,0.2818412972763393,0.27429187572352887
1250925,X3,X,0.55146,42.37732,0.1998,1.0,37.095146,-4.009396,10.894,0.013894356180935112,0.006780155767656247,-0.0023198217661271883,0.009099977533783436,0.026447330950927293,-0.015333754510757407,0.5750000000000002,0.007114200413278865,0.004855366762945165,496,1.0,False,0.027097056965696878,0.4419623302671923,28317,-0.1073982389764841,-0.1149476605292945
1878756,X3,X,0.55294,42.81817,0.2675,0.6798,36.122231,-4.555997,10.916,0.00252283084273639,-0.004621410653683293,-0.0013036044414030707,-0.0033178062122802224,0.0047871135869629825,0.010313056449346918,0.5750000000000002,0.007144241496419682,0.0048761234734684905,496,1.0,False,,0.9410138248847926,28317,0.3265149319799671,0.3189655104271567
1264631,X3,X,0.55299,42.20844,0.178,1.0,36.218399,-5.003549,8.877,0.006032004777333068,-0.0011132516205440736,-0.002574013938265516,0.001460762317721442,0.0072941265299926615,0.0026276692967954207,0.5750000000000002,0.007145256397877142,0.004876824713688872,496,1.0,False,,0.9251901944209636,28317,-0.2834491142646745,-0.2909985358174849
1366195,X3,X,0.55313,42.30991,0.1174,0.99999,35.91246,-4.866842,10.529,0.0034389314307021667,-0.003709166691255864,-0.0005284394408137448,-0.0031807272504421192,0.0074484349368298805,0.00829332795679998,0.5750000000000002,0.007148098121958031,0.004878788186305945,496,1.0,False,,0.9649822695035462,28317,-0.1826343375207931,-0.19018375907360352
1316989,X1,X,0.55343,42.21046,0.2052,0.99995,33.797794,-4.74528,11.061,0.09214387758342875,0.08498969005272596,-0.0008675406159282485,0.08585723066865421,0.004399792057204264,-0.1941327636043269,0.5750000000000002,0.007154187530702789,0.004882995627628239,496,1.0,False,0.16758399155417364,0.3675131768088165,28317,-0.2834878604975562,-0.2910372820503666
1439028,X3,X,0.55424,42.40539,0.1541,1.0,36.039379,-3.913539,10.361,0.003659383319606819,-0.0035112456147068215,-0.0005354598527742035,-0.002975785761932617,0.007534851250452448,0.007861683190935956,0.5750000000000002,0.00717062893431364,0.0048943557191984365,496,1.0,False,0.002869569693226284,0.1559967585089141,28317,-0.09234378899594492,-0.09989321054875533
1246796,X3,X,0.55502,43.4149,286.2019,0.0,36.509129,-4.454963,9.495,0.005844358365976568,-0.0013421030310734484,0.001208662614319611,-0.0025507656453930593,0.0024685455666421567,0.0031786523989955004,0.5750000000000002,0.007186461397050016,0.004905295066636404,496,1.0,False,,0.979253112033195,28317,0.9135254345695596,0.9059760130167491
1255523,X1,X,0.55536,42.56212,0.2033,0.99997,34.504875,-4.966087,10.822,0.0005791395187461473,-0.006614223208214597,-0.0033621638794422166,-0.0032520593287723794,0.0027040229776731702,0.014664214640387703,0.5750000000000002,0.007193362726960744,0.0049100635001350056,496,1.0,False,,0.9035047792444242,28317,0.05915994066009017,0.05161051910727976
1530191,X3,X,0.55584,42.73848,0.2075,0.99977,35.99012,-3.68511,10.73,0.000710965408570949,-0.006492140372381412,-0.0030945572118054048,-0.003397583160576006,0.004943881591757817,0.014379160438417339,0.5750000000000002,0.0072031057809523605,0.004916795406250679,496,1.0,False,0.18591886055121348,0.0,28317,0.23328315549447137,0.22573373394166096
1256764,X2,X,0.55649,42.29948,0.1516,1.0,36.224186,-5.729387,10.511,0.008080515242960303,0.0008642157430609632,-0.00211903499657199,0.0029832507396329528,0.004002908316105768,-0.0016596917401561495,0.5750000000000002,0.00721629949989934,0.004925911529115652,496,1.0,False,,0.0,28317,-0.2087429196500044,-0.21629234120281482
1251600,X3,X,0.5576,42.56286,0.1304,1.0,35.695175,-4.228191,10.702,0.002593938079927685,-0.004644892232327266,-0.001748957244246372,-0.002895934988080893,0.0015178894576249975,0.010387784866571641,0.5750000000000002,0.007238830312254951,0.004941479062008145,496,1.0,False,,0.859375,28317,0.049477181621244426,0.04192776006843402
1311590,X1,X,0.5591,42.46451,0.1396,1.0,34.434868,-4.415619,9.806,0.0007631021163329148,-0.006506175239645836,-0.00324669344580375,-0.0032594817938420852,0.005054707151719942,0.014413716611886283,0.5750000000000002,0.00726927735597875,0.004962516268619623,496,1.0,False,,0.9649207111965401,28317,-0.0558302672634004,-0.06337968881621081
1331976,X3,X,0.55939,43.47172,240.3901,0.0,36.830448,-5.187593,8.975,0.01634017082800318,0.009065007043571162,0.0101848233968556,-0.00111981635328444,0.01429776744605882,-0.01989749319387466,0.5750000000000002,0.007275163784432019,0.004966583461897842,496,1.0,False,,0.952054794520548,28317,0.9500366595438787,0.9424872379910683
1259500,X3,X,0.56161,42.38353,0.14,0.99994,35.729595,-4.971329,10.239,0.0017178449858114221,-0.00560238042333182,-0.0023026012484320645,-0.0032997791748997536,0.0031347466614361492,0.01246811305987244,0.5750000000000002,0.0073202254091432415,0.004997718527682828,496,1.0,False,,0.9747292418772563,28317,-0.14841306596328724,-0.15596248751609765
1337321,X1,X,0.56258,42.52134,0.1423,1.0,33.922276,-4.377909,11.079,0.00406900237640843,-0.0032709121210095313,-0.0012234853312878685,-0.002047426789721662,0.010267884828544524,0.007290475656655799,0.5750000000000002,0.007339914497417961,0.0050113225879582475,496,1.0,False,,0.747509744478129,28317,-0.015073898251960309,-0.02262331980477072
1303952,X2,X,0.56262,42.63699,0.1602,1.0,35.872189,-6.922432,11.29,0.0026335680955072395,-0.004707158323076692,-0.002534387900364173,-0.0021727704227125174,0.011135065135547217,0.01039871432404818,0.5750000000000002,0.007340726418583931,0.005011883580134555,496,1.0,False,,0.0,28317,0.1003918939103296,0.09284247235751919
1878335,X1,X,0.56371,42.52206,0.1391,1.0,34.878063,-5.335949,8.972,0.002326077116111011,-0.005036774154245548,-0.0024276709599695607,-0.002609103194275986,0.013195080398771222,0.011078056870192749,0.5750000000000002,0.0073628512703565584,0.005027170616938895,496,1.0,False,,0.9679389312977099,28317,-0.01955301315132845,-0.027102434704138863
1259585,X1,X,0.56401,42.6494,0.1537,0.99984,34.682167,-5.681998,10.483,0.023574179714003,0.016205239034901682,-0.0029239893564002133,0.0191292283913019,0.011434426842276569,-0.03562672619211888,0.5750000000000002,0.007368940679101317,0.005031378058261189,496,1.0,False,0.18107940486314025,0.30575692963752665,28317,0.10640834498507229,0.09885892343226188
1452059,X1,X,0.5642,42.43056,0.1969,0.99565,34.452156,-5.652543,10.379,0.0012814724831707765,-0.006091324821468891,-0.0026607485802127508,-0.003430576241256139,0.005948267981577057,0.013511454055899931,0.5750000000000002,0.007372797304639667,0.005034042771098644,496,1.0,False,,0.43391066545123064,28317,-0.11330443653609495,-0.12085385808890536
1338278,X1,X,0.5643,42.54121,0.1562,1.0,34.430042,-4.976072,9.896,0.0020645642068733063,-0.005310262900681279,-0.003359222834783104,-0.0019510400658981737,0.006252464872296243,0.011810234340936712,0.5750000000000002,0.0073748271075545855,0.005035445251539409,496,1.0,False,,0.9300666032350142,28317,-0.0031136836887076186,-0.01066310524151803
1279501,X3,X,0.56527,42.4825,0.1721,0.99988,35.565533,-4.56678,10.263,0.009341629324851183,0.0019471131290218734,0.0018865978764805082,6.051525254136556e-05,0.007712963247718402,-0.0040680485937549665,0.5750000000000002,0.00739451619582931,0.005049049311814831,496,1.0,False,,0.9254837381638534,28317,-0.06627439457777246,-0.07382381613058286
1259561,X1,X,0.56751,42.47441,0.1305,1.0,34.392662,-4.257053,10.605,0.004199155627143042,-0.0032408281539804728,-0.0021823982957370766,-0.0010584298582433952,0.005201301765257643,0.007316148082973125,0.5750000000000002,0.007439983781123515,0.005080464873687969,496,1.0,False,,0.8436466698157771,28317,-0.08461480832108254,-0.09216422987389294
1643338,X3,X,0.56788,42.78176,0.1777,0.99991,35.860397,-4.512859,11.092,0.0018584607693561592,-0.00558903328255256,-0.002943938748180672,-0.0026450945343718863,0.008118315048103005,0.01239230079054048,0.5750000000000002,0.0074474940519087185,0.0050856540513188,496,1.0,False,0.17164578921856258,0.9521209575808484,28317,0.22104572393518634,0.21349630238237594
1512101,X2,X,0.56872,42.4688,0.1166,0.99997,35.061806,-6.015535,10.128,0.00705113967111799,-0.00041340472527605625,0.0030357592904785473,-0.0034491640157546036,0.017356763170934875,0.0008530679424113286,0.5750000000000002,0.007464544396394046,0.005097434887021228,496,1.0,False,0.060673670253455075,0.0,28317,-0.09574596500423854,-0.10329538655704895
1266830,X1,X,0.57039,42.39987,0.171,0.99962,34.263065,-4.850165,10.869,0.0021432086221694537,-0.0053552334829037535,-0.001822971915398674,-0.0035322615675050786,0.008144626970355923,0.011882277917314544,0.5750000000000002,0.007498442105073207,0.005120856310382004,496,1.0,False,,0.9765469061876247,28317,-0.17227786137856543,-0.17982728293137584
1643063,X1,X,0.57188,42.97779,0.2018,1.0,34.191456,-5.718832,10.8,0.0024723369019241936,-0.005056349266581322,-0.0015828329388322473,-0.003473516327749073,0.004695713168234247,0.011282291124660985,0.5750000000000002,0.007528686168505516,0.005141753268949405,496,1.0,False,0.3378247703387026,0.23677177979690006,28317,0.39887735195987045,0.39132793040706004
1562098,X2,X,0.57618,42.61824,0.1264,1.0,34.776081,-6.165199,9.386,0.0005067503018391288,-0.007107607153304972,-0.003657853607130388,-0.0034497535461745833,0.0022945709623725706,0.015766919436069383,0.5750000000000002,0.007614357455144101,0.005197847899414977,496,1.0,False,,0.0,28317,0.019897873631097247,0.012348452078286835
1634024,X1,X,0.57629,42.7146,0.1723,1.0,34.281582,-4.872583,10.3,0.0030312948366866144,-0.004585145294666163,-0.0010142109711008766,-0.003570934323565285,0.006171007357993898,0.010242643046687414,0.5750000000000002,0.007616440131352777,0.005198997981176423,496,1.0,False,,0.9782070331847449,28317,0.11576264201478875,0.10821322046197834
1849244,X2,X,0.57697,42.59296,0.1443,0.99999,34.769966,-6.160985,10.433,0.000557900557156222,-0.007071414299850196,-0.0036160100767892328,-0.003455404223060962,0.002539506594721909,0.015688185580146438,0.5750000000000002,0.007629314857006418,0.005206107577519909,496,1.0,False,,0.0,28317,-0.008936805808344155,-0.016486227361154567
1773189,X3,X,0.57744,42.7497,0.2732,0.99987,36.169212,-5.408923,11.084,0.0034973347412091214,-0.004140878823234372,-0.0015610852710845904,-0.0025797935521497803,0.004684919874193417,0.009293831460379256,0.5750000000000002,0.007638213564443493,0.005211021563227907,496,1.0,False,,0.6266201395812563,28317,0.14569056928446383,0.13814114773165342
1247570,X1,X,0.57927,42.52181,0.1828,1.0,33.70203,-4.508106,9.828,0.04041458206149487,0.032741720338307016,0.0011603087059003907,0.03158141163240663,0.02515252384596077,-0.0733209131652001,0.5750000000000002,0.007672861723187851,0.0052301547416228784,496,1.0,False,0.036301582376667765,0.03924914675767918,28317,-0.09040970976557833,-0.09795913131838874
1258400,X2,X,0.57963,42.92791,0.2199,0.99994,35.111828,-5.825607,9.808,0.001775550381826975,-0.005904127372589275,-0.002282160119491377,-0.003621967253097897,0.007800464851020758,0.013094333629171673,0.5750000000000002,0.00767967775441625,0.00523391864556943,496,1.0,False,,0.0,28317,0.3140780433619194,0.306528621809109
1340470,X1,X,0.58057,42.66228,0.1513,0.99999,34.974407,-4.801708,10.022,0.0014145371880115059,-0.0062829379812788955,-0.0034384039976642798,-0.0028445339836146158,0.006210922810082765,0.013943738001572392,0.5750000000000002,0.007697475169290402,0.005243746616985428,496,1.0,False,,0.998610467809171,28317,0.044242751890851195,0.036693330338040786
1770225,X3,X,0.58074,42.76376,0.1902,0.99923,36.713989,-4.197064,11.299,0.018112619513921138,0.010411925663217327,-0.002331287840264055,0.012743213503481385,0.031172823768349955,-0.02372991775443798,0.5750000000000002,0.007700693850703811,0.0052455240160712985,496,1.0,False,0.14913268469197974,0.9651553316540722,28317,0.14496290872490175,0.13741348717209134
1533035,X1,X,0.58117,42.80828,0.1796,0.99995,35.171768,-4.982662,10.8,0.004338852888705759,-0.003369982332631972,-0.0008577552833506667,-0.0025122270492813044,0.005705440535411782,0.007608543024043901,0.5750000000000002,0.007708835221337731,0.005250019790229679,496,1.0,False,0.0450109728871658,0.9961408586589484,28317,0.18756189195441192,0.1800124704016015
1314162,X3,X,0.58141,42.66271,0.1522,1.0,36.859703,-4.183278,11.001,0.00344414895658369,-0.004269230285572973,-0.002951578945013182,-0.0013176513405597904,0.010772354196051935,0.009453851343512362,0.5750000000000002,0.007713379242156663,0.00525252905952738,496,1.0,False,0.002649534276373633,0.9542572463768116,28317,0.040920281548774085,0.033370859995963675
1336384,X1,X,0.58306,42.75765,0.1686,0.9998,34.095013,-4.515382,10.988,0.00397656055474753,-0.003768058830539293,-0.0014651512917874302,-0.002302907538751862,0.005077716090379066,0.008484068866757028,0.5750000000000002,0.007744619385286823,0.005269780285949077,496,1.0,False,,0.955741127348643,28317,0.12850427698314587,0.12095485543033546
1256819,X3,X,0.58576,42.72917,0.1696,0.99998,37.317287,-4.137697,9.358,0.0027391831602443404,-0.005056556459255468,-0.002943232840300362,-0.0021133236189551053,0.009590276315523592,0.01122648266174802,0.5750000000000002,0.0077957396194998085,0.005298009565548214,496,1.0,False,,0.04754973313925279,28317,0.08802959111883507,0.08048016956602466
1303118,X2,X,0.58838,42.82734,0.2545,0.99997,35.289093,-6.432256,10.8,0.0025521222447895476,-0.0052932229353169396,-0.0024772135643986535,-0.002816009370918285,0.004418774841435672,0.011822365755331573,0.5750000000000002,0.007845345180106487,0.00532540242204812,496,1.0,False,,0.0,28317,0.17461026166584287,0.16706084011303246
1255657,X2,X,0.58881,43.08574,0.1983,0.99938,35.013008,-6.038765,9.24,0.0011803670875201342,-0.00667311946322027,-0.0030222704840279554,-0.0036508489791923144,0.001242460558901266,0.014846220884906815,0.5750000000000002,0.007853486550740404,0.0053298981962065,496,1.0,False,0.047261787123696414,0.0,28317,0.4311128680212401,0.4235634464684297
1321261,X1,X,0.58936,42.37372,0.1585,0.99836,34.119068,-5.076712,9.468,0.008276469418886377,0.00041256948710258375,0.00403017123214763,-0.0036176017450450446,0.013695296187747676,-0.0008229928654344236,0.5750000000000002,0.007863899931783793,0.005335648605013732,496,1.0,False,,0.945088161209068,28317,-0.28333211814064657,-0.290881539693457
1575072,X2,X,0.59028,42.72133,0.1389,0.99984,35.743103,-6.869591,9.172,0.0019169910356086053,-0.005964327642647761,-0.0023517919147034196,-0.003612535727944342,0.0024450108093516183,0.013299815897779942,0.5750000000000002,0.007881318678256366,0.005345267470654921,496,1.0,False,,0.0,28317,0.060226330779338866,0.05267690922652846
1433226,X1,X,0.59618,42.72123,0.232,0.99998,35.024567,-4.365995,11.038,0.003534283600406961,-0.004458742256314822,-0.0008688569389093638,-0.003589885317405458,0.0034243174231417006,0.010023973824970474,0.5750000000000002,0.007993025856721783,0.005406953674223409,496,1.0,False,,0.8857532999544834,28317,0.034284948823748614,0.0267355272709382
1309051,X2,X,0.59629,42.50344,0.1896,0.99757,36.498741,-6.211505,11.28,0.0022756661335088567,-0.0057194423994216025,-0.0021661058442042367,-0.003553336555217366,0.001571030336555748,0.012781888209108323,0.5750000000000002,0.00799510853293046,0.005408103755984854,496,1.0,False,,0.0,28317,-0.18398453359561745,-0.19153395514842786
1258591,X3,X,0.5975,42.53003,0.2337,0.94467,35.551517,-4.722166,9.827,0.0034426542943649815,-0.004575363676860927,-0.0015955361110277589,-0.002979827565833168,0.009179810894430094,0.010196751712093045,0.5750000000000002,0.00801801797122591,0.005420754655360765,496,1.0,False,,0.9674185463659147,28317,-0.1626633111148455,-0.1702127326676559
1500076,X1,X,0.59892,42.69531,0.1618,1.0,34.963776,-4.614299,10.58,0.006559733012546298,-0.001485170415191626,0.0017910522602352132,-0.003276222675426839,0.0043675297783930395,0.0035203213900680715,0.5750000000000002,0.008044903427737924,0.005435601165372163,496,1.0,False,,0.9494949494949495,28317,-0.003553613473646516,-0.011103035026456928
1450127,X3,X,0.60009,42.74341,0.1856,1.0,35.542046,-4.469937,10.905,0.0680398680575016,0.059972812528271385,0.005567618683328784,0.0544051938449426,0.026645619360523495,-0.13597621920197972,0.6250000000000002,0.008067055529230219,0.005447833853198457,496,1.0,False,0.1757963614546682,0.8193849746983262,28317,0.017738154606021645,0.03192340186038378
1336953,X3,X,0.60013,42.70069,0.1976,0.99988,36.745945,-3.767008,8.81,0.009454405682289911,0.001386592816256537,-0.003131728827762391,0.004518321644018928,0.010914074726182462,-0.002858755418255282,0.6250000000000002,0.008067812866033374,0.005448252064748074,496,1.0,False,,0.0,28317,-0.025155134597710717,-0.01096988734334858
1292800,X3,X,0.60097,42.39938,0.2336,0.99415,36.789124,-3.663091,10.538,0.00460502018866547,-0.0034786967502341663,-0.0006080339798030035,-0.0028706627704311637,0.009041967858454451,0.007827383063369161,0.6250000000000002,0.008083716938899636,0.005457034507290027,496,1.0,False,,0.0,28317,-0.3301016788610697,-0.31591643160670757
1338233,X1,X,0.60148,42.9279,0.1846,0.99999,35.12249,-5.529042,11.211,0.0034072710860439804,-0.004686101897095887,-0.001157322003340384,-0.003528779893755503,0.006449362624428864,0.010504819708229744,0.6250000000000002,0.008093372983139868,0.005462366704547642,496,1.0,False,,0.5309926311226701,28317,0.19621277140555535,0.21039801865991747
1255545,X1,X,0.60182,42.56788,0.1367,1.0,35.219349,-4.341851,11.099,0.0031377260992750647,-0.004962084246691624,-0.001382798931555997,-0.0035792853151356266,0.0012014745277384817,0.011141018227956104,0.6250000000000002,0.008099810345966688,0.0054659215027193855,496,1.0,False,0.14057759298797615,0.9941151744430433,28317,-0.16527660950427517,-0.15109136224991304
1674022,X1,X,0.60262,42.53555,0.1635,1.0,35.21077,-4.301506,8.903,0.0014389900305543763,-0.006675967051475419,-0.002951070483485564,-0.003724896567989855,0.00520358085186959,0.014848212530318625,0.6250000000000002,0.008114957082029795,0.005474285733711723,496,1.0,False,0.14000823651271038,0.9833901192504259,28317,-0.201060871492473,-0.18687562423811088
1265260,X3,X,0.60311,42.50027,0.2708,0.9924,35.899445,-5.123434,11.025,0.003452547106151483,-0.004671687351716966,-0.001582677734811488,-0.0030890096169054783,0.00443772598018386,0.010490659327594114,0.6250000000000002,0.008124234457868449,0.00547940882519453,496,1.0,False,0.21176962279569084,0.9965770171149144,28317,-0.23845445865612916,-0.22426921140176703
1303314,X3,X,0.60491,42.96858,0.2724,0.99305,36.328171,-4.75399,10.654,0.007139933345788918,-0.0010183812682215201,-0.0033325532264826697,0.0023141719582611495,0.024548992640544085,0.001893108584612599,0.6250000000000002,0.008158314614010438,0.005498228344927287,496,1.0,False,0.10118324392021985,0.9517463235294118,28317,0.22210530802735193,0.23629055528171405
1864084,X3,X,0.60535,42.74226,0.144,1.0,35.890347,-5.236477,9.666,0.004964697390463509,-0.003201947928381641,-0.0006965877040041308,-0.00250536022437751,0.007930582333137091,0.007245471513729347,0.6250000000000002,0.00816664531884515,0.005502828671973074,496,1.0,False,,0.9950421417947447,28317,-0.006105863904196131,0.008079383350166006
1335585,X2,X,0.60557,42.89637,0.2197,0.99238,35.114723,-7.111349,10.329,0.002187024439976498,-0.0059837862312860065,-0.002761731224233837,-0.0032220550070521693,0.004617044834180681,0.013353269678287424,0.6250000000000002,0.008170810671262504,0.005505128835495967,496,1.0,False,,0.0,28317,0.14705903939340445,0.16124428664776658
1335564,X2,X,0.60619,42.81482,0.1525,0.99999,35.128166,-6.446539,9.483,0.007281820417851639,-0.0009007289738597732,0.00246903739029753,-0.003369766364157304,0.0023075736865788036,0.002279401821109431,0.6250000000000002,0.008182549391711412,0.005511611114515028,496,1.0,False,,0.0,28317,0.06284733760450208,0.07703258485886422
1306059,X3,X,0.60631,42.86798,0.1889,0.99994,36.37886,-4.752678,9.699,0.01947079416802664,0.011285972765905762,-0.0029566557747951723,0.014242628540700936,0.00536236851071006,-0.02461100478142355,0.6250000000000002,0.008184821402120878,0.005512865749163879,496,1.0,False,0.04769316009985623,0.9511415525114155,28317,0.11549246804217701,0.12967771529653915
1839117,X3,X,0.60674,42.72056,0.1509,0.99991,37.362453,-4.74271,10.477,0.015075516024364098,0.006882553251609302,0.009753534354066732,-0.0028709811024574304,0.012435379035465084,-0.014983830935882535,0.6250000000000002,0.008192962772754796,0.005517361523322259,496,0.675,True,,0.0,28317,-0.03377168712404469,-0.019586439869682556
1641368,X3,X,0.60706,43.00297,0.2155,0.99952,37.248783,-4.295282,9.589,0.003896566813228597,-0.004302454653951445,-0.003536602852933861,-0.0007658518010175831,0.004920193060664254,0.009686714750171774,0.6250000000000002,0.008199021467180042,0.005520707215719196,496,0.85,True,,0.23376623376623376,28317,0.2472667234600506,0.26145197071441273
1293046,X3,X,0.60736,42.93457,0.2045,0.99988,37.167213,-4.732303,10.951,0.00035598776900015294,-0.007848713724203552,-0.004275978751968032,-0.003572734972235521,0.004463754605119314,0.01741015977613622,0.6250000000000002,0.008204701493203705,0.005523843802341321,496,0.675,True,,0.7952559300873908,28317,0.1775814816790343,0.1917667289333964
1306110,X3,X,0.60864,42.60705,0.1301,1.0,36.220924,-3.821939,11.123,0.006873345882511325,-0.0013555903883933516,0.002390967171589162,-0.0037465575599825137,0.011126986120991098,0.0031589965497976734,0.6250000000000002,0.008228936270904676,0.00553722657192906,496,1.0,False,0.027140938929779215,0.0,28317,-0.15541545268639836,-0.14123020543203624
1770680,X2,X,0.60911,42.56791,0.1432,0.99963,35.368649,-6.464186,10.837,0.01692314756855154,0.008685312590209784,-0.0005594851813337416,0.009244797771543528,0.025768486050323725,-0.019492601102592943,0.6250000000000002,0.008237834978341754,0.00554214055763706,496,1.0,False,,0.0,28317,-0.1965637694879875,-0.18237852223362538
1298763,X1,X,0.6096,43.03339,0.2105,0.95947,35.083786,-4.16837,10.677,0.004664694838471674,-0.0035824175157087327,0.0002742124730694996,-0.003856629988778233,0.0013975557422216528,0.00814495628836789,0.6250000000000002,0.008247112354180406,0.005547263649119866,496,1.0,False,,0.7980647875473286,28317,0.2668240197286876,0.28100926698304973
1602033,X3,X,0.60967,42.78596,0.1441,1.0,36.406639,-3.791698,9.187,0.00285400635022185,-0.005394431343364079,-0.003943085099496492,-0.0014513462438675876,0.009642761029895147,0.011998735169976647,0.6250000000000002,0.008248437693585929,0.005547995519331695,496,1.0,False,0.0016959998012014948,0.0,28317,0.019095262861270463,0.0332805101156326
1329365,X3,X,0.61101,42.93007,0.1545,0.99999,36.528873,-4.653965,10.633,0.004810833093458732,-0.0034629753830329032,-0.001070465167425471,-0.0023925102156074313,0.0069545679475516015,0.00783984712342495,0.6250000000000002,0.008273808476491635,0.005562005606243861,496,1.0,False,,0.9659685863874345,28317,0.15749247510256467,0.1716777223569268
1534078,X3,X,0.61224,42.72037,0.1798,1.0,35.533932,-4.363387,9.762,0.007251660397259857,-0.0010454361859288039,0.002300320240993168,-0.0033457564269219714,0.019242047909181808,0.002211754123535886,0.6250000000000002,0.008297096583188661,0.005574865611394578,496,1.0,False,,0.7570556826849733,28317,-0.05744088690727282,-0.04325563965291068
1262803,X3,X,0.61343,43.09117,0.23,0.99991,37.15242,-4.733208,10.758,0.00042037905287612613,-0.007899248300206408,-0.004337692371698898,-0.0035615559285075097,0.004557140695654104,0.017528348550294618,0.6250000000000002,0.008319627353082533,0.005587307404995681,496,0.625,True,,0.8386388583973655,28317,0.30830543928447424,0.3224906865388364
1296781,X3,X,0.61378,43.30679,173.2456,0.0,36.029087,-4.564777,10.818,0.004060363705319852,-0.00426589034479029,-0.001966149882652805,-0.002299740462137486,0.005495691488889607,0.009614125476959527,0.6250000000000002,0.008326254050110142,0.005590966756054828,496,1.0,False,0.31604060032966075,0.9643811219946572,28317,0.5224408372208557,0.5366260844752178
1849276,X3,X,0.61412,42.97053,0.1868,0.99995,36.26992,-3.840862,9.765,0.0044516767793204666,-0.0038810146336164955,-0.00036259507432857916,-0.0035184195592879173,0.006481486010351085,0.008757896187604426,0.6250000000000002,0.008332691412936962,0.005594521554226572,496,1.0,False,0.24575620152157207,0.0166270783847981,28317,0.1847394223963191,0.19892466965068123
1258433,X3,X,0.61445,43.08686,0.2462,0.99998,37.153908,-4.783628,9.567,0.000868719297280501,-0.007470220144282495,-0.00407803808817109,-0.0033921820561114042,0.006331554962625743,0.016577432871256143,0.6250000000000002,0.008338939441562996,0.005597971799510911,496,0.7,True,,0.7717666948436179,28317,0.29967112709555704,0.3138563743499192
1331925,X3,X,0.61496,42.819,0.2321,0.9993,35.535458,-4.200425,10.547,0.02892133552923332,0.020572740043430095,-0.0010683196150681456,0.02164105965849824,0.0127084132109778,-0.04538159650577599,0.6250000000000002,0.008348595485803224,0.005603303996768525,496,1.0,False,0.23335562490711842,0.7375149820215741,28317,0.02965152826747171,0.04383677552183385
1331883,X3,X,0.61882,42.94493,0.2316,1.0,36.733181,-5.246075,9.693,0.003190277582806082,-0.0052314009045016365,-0.0018044343722899365,-0.0034269665322117,0.008665494709776594,0.011676053970596472,0.6250000000000002,0.008421678487307719,0.0056436614113065525,496,1.0,False,0.01858143586068865,0.9728260869565217,28317,0.13929130868284986,0.153476555937212
1305409,X2,X,0.61935,42.71444,0.1625,0.99997,35.237675,-6.930185,10.449,0.0012145579912276779,-0.007217155208721848,-0.003905790430921135,-0.0033113647778007134,0.006547311673500601,0.016031883634138766,0.6250000000000002,0.008431713199949526,0.005649202714338976,496,1.0,False,,0.0,28317,-0.09342788545327367,-0.07924263819891153
1256335,X3,X,0.61939,42.92372,0.1837,0.99999,35.884377,-4.883103,9.48,0.015724883066041025,0.007292412529288344,0.011071794533237093,-0.0037793820039487493,0.016048679076127705,-0.015980351373015945,0.6250000000000002,0.008432470536752681,0.005649620925888593,496,1.0,False,,0.9651318730442557,28317,0.11568394709203729,0.12986919434639943
1256807,X3,X,0.61943,42.62422,0.2218,1.0,35.787994,-4.840434,11.107,0.0012953405480397727,-0.0071378873255160645,-0.0032042037936005786,-0.003933683531915486,0.002013234275812381,0.015900797719977253,0.6250000000000002,0.008433227873555837,0.00565003913743821,496,1.0,False,,0.9718061674008811,28317,-0.183984210037501,-0.16979896278313888
1594042,X2,X,0.61981,42.93407,0.1523,0.99998,35.477482,-6.693662,10.334,0.0007547021245172677,-0.007685720448668547,-0.003779133689677573,-0.0039065867589909735,0.0034593881647354313,0.01708374925440302,0.6250000000000002,0.008440422573185814,0.005654012147159571,496,1.0,False,0.0001790333434168282,0.0,28317,0.12426881195930391,0.13845405921366605
1260463,X3,X,0.62023,42.85226,0.2188,0.99962,36.070965,-4.969434,10.313,0.008082935753153322,-0.0003654388564656198,-0.002757026222521936,0.0023915873660563134,0.017538973348234413,0.0007991098545824075,0.6250000000000002,0.008448374609618942,0.005658403368430547,496,1.0,False,,0.922977066205106,28317,0.04069481372462021,0.05488006097898235
1258249,X1,X,0.62104,42.88673,0.195,0.99921,35.265743,-4.73115,9.285,0.013767717777102007,0.0053040070972191645,0.008985795775845493,-0.0036817886786263293,0.011957580929789767,-0.011471390254140408,0.6250000000000002,0.008463710679882842,0.00566687215231029,496,1.0,False,,0.9539551357733176,28317,0.07176602235477943,0.08595126960914157
1261456,X1,X,0.62162,42.90798,0.1512,1.0,34.099319,-4.503503,10.685,0.0071777666368591,-0.0012969254266694931,0.0006031289246832819,-0.0019000543513527758,0.009768137811736277,0.0030667093205065943,0.6250000000000002,0.008474692063528593,0.005672936219779733,496,1.0,False,,0.9561802397684994,28317,0.09058490880406807,0.10477015605843021
1904061,X1,X,0.62336,42.88673,0.1476,0.99942,34.676975,-5.059036,10.457,0.014867533303300649,0.006359897088834797,-0.00047234790504750625,0.006832244993882303,0.008387598540127522,-0.013717057552712377,0.6250000000000002,0.008507636214465852,0.005691128422188067,496,1.0,False,0.07291050660358764,0.9022113022113022,28317,0.06205449048010776,0.0762397377344699
1849109,X2,X,0.62398,42.64063,0.1168,1.0,35.525978,-5.678913,10.219,0.004948623296380178,-0.00357075163853458,-0.0015642341968720467,-0.002006517441662535,0.008916030876134136,0.00805486745962359,0.6250000000000002,0.008519374934914758,0.005697610701207128,496,1.0,False,0.14317910319092603,0.09299307958477508,28317,-0.1866350115199681,-0.172449764265606
1899029,X1,X,0.62411,42.79865,0.1266,0.99999,33.891296,-4.486324,10.51,0.004744273556434513,-0.0037775627230905006,-0.00196692552535892,-0.0018106371977315828,0.014394156352501877,0.008366342683070715,0.6250000000000002,0.008521836279525014,0.005698969888743383,496,1.0,False,,0.6884359400998337,28317,-0.029157661208103182,-0.014972413953741045
1916193,X3,X,0.62565,42.90373,0.216,0.96721,36.129704,-4.582552,9.384,0.002132913807753722,-0.006419989731300998,-0.002571670256341683,-0.0038483194749593147,0.0022072362092464813,0.01434767288724457,0.6250000000000002,0.00855290353905472,0.005718841728092925,496,1.0,False,,0.951071761416589,28317,0.06950219608021498,0.08368744333457712
1321116,X3,X,0.62684,42.80719,0.1715,1.0,35.867474,-4.256627,11.107,0.0023428127801550175,-0.006236117918337859,-0.0025213216951694515,-0.0037147962231684093,0.005091909569889099,0.013925817089190117,0.6250000000000002,0.008578930698492877,0.005738186793509814,496,1.0,False,,0.9040709391374446,28317,-0.031988533776662255,-0.017803286522300118
1891107,X1,X,0.62735,42.69856,0.1455,1.0,34.546165,-5.661108,10.51,0.0026448533069202795,-0.005945231888474666,-0.0027265664040684373,-0.003218665484406229,0.00857102366449979,0.013241826138857268,0.6250000000000002,0.008590085195394946,0.005746477535831337,496,1.0,False,0.12600239653424283,0.3861646234676007,28317,-0.142737538019759,-0.12855229076539687
1295417,X3,X,0.62753,42.8193,0.3917,0.99949,36.283321,-3.850775,9.735,0.0019395623407651478,-0.006654459735889354,-0.0031462122955621787,-0.0035082474403271757,0.002742243470806184,0.014856694705200006,0.6250000000000002,0.008594022076654502,0.005749403680180111,496,1.0,False,0.23549181889120316,0.033794788273615636,28317,-0.022745030506968224,-0.008559783252606087
1294667,X3,X,0.62818,42.87617,0.2031,0.99991,35.869068,-4.982116,10.978,0.0072728248528972275,-0.0013354137394167697,0.002349461417197469,-0.0036848751566142405,0.017311554329451077,0.002932898387769809,0.6250000000000002,0.008608238592313997,0.005759970312550679,496,1.0,False,,0.9854611540208996,28317,0.03142738879645164,0.04561263605081378
1380034,X3,X,0.62935,43.70945,206.052,0.0,36.818855,-3.674365,9.339,0.006022645102937303,-0.002611183217563793,-0.0002438128682211967,-0.002367370349342597,0.0031014422811169924,0.006041210893850636,0.6250000000000002,0.008633828320501096,0.005778990250817705,496,1.0,False,0.0307791450578451,0.0,28317,0.8598584310985088,0.8740436783528709
1251603,X3,X,0.63033,42.94051,0.2153,0.99999,35.796329,-4.213972,10.557,0.005425199368795957,-0.0032300630830071507,-0.002225116080592875,-0.0010049470024142775,0.0020769710605359165,0.007343653780701731,0.6250000000000002,0.008655262451803107,0.005794921481161023,496,1.0,False,0.0003496224690707222,0.8859753675009933,28317,0.08686350973592012,0.10104875699028226
1559147,X3,X,0.63231,42.72051,0.1986,0.99493,37.158756,-4.411778,9.68,0.0012342681608753267,-0.0074642999847828705,-0.00446239313956947,-0.0030019068452134022,0.007454569370307858,0.016571982719856083,0.6250000000000002,0.008698568145658198,0.005827109068997529,496,0.65,True,,0.732078853046595,28317,-0.1413108067424035,-0.12712555948804138
1330642,X3,X,0.63391,42.71695,0.1534,1.0,37.040527,-4.047121,9.318,0.007382446369666649,-0.0013511162760764667,0.00032463331701199864,-0.0016757495930884675,0.009578466532925652,0.0031984725186844608,0.6250000000000002,0.008733562645743115,0.005853119240986622,496,1.0,False,0.2821391631117993,0.6448888888888888,28317,-0.15145853015955893,-0.1372732829051968
1311631,X1,X,0.64039,43.19782,0.1747,0.99989,34.011105,-4.718226,10.966,0.0061494019739779466,-0.0027258883971090974,-0.0004541220339770299,-0.0022717663631320675,0.00828037451942216,0.006241391518472174,0.6250000000000002,0.008875290371087044,0.005958460437542453,496,1.0,False,0.15527405068306926,0.9838145231846019,28317,0.30289215039846323,0.3170773976528254
1500086,X1,X,0.64129,42.76714,0.1555,0.99999,34.374073,-5.313342,11.351,0.01427891905134077,0.005383944273955957,0.009542758013612481,-0.004158813739656524,0.0210785905022117,-0.012038342044225884,0.6250000000000002,0.008894974777384813,0.00597309115928632,496,1.0,False,,0.980372420734776,28317,-0.13145084928270037,-0.11726560202833824
1578063,X1,X,0.64298,43.27022,0.1724,0.96418,34.529072,-5.047472,10.269,0.0022910604738207965,-0.006640877244278712,-0.002458687235207842,-0.0041821900090708705,0.008606154982806766,0.014776136000969114,0.6250000000000002,0.008931937718099508,0.0060005644034497995,496,1.0,False,,0.9241281809613572,28317,0.3647640707701852,0.37894931802454734
1250397,X1,X,0.64304,42.83351,0.1294,0.99993,33.929947,-5.449883,10.185,0.005338016471732687,-0.003595233540120004,-0.003553436236724314,-4.179730339569192e-05,0.0060969555978709015,0.008181796501653595,0.6250000000000002,0.008933250011852691,0.0060015397848993905,496,1.0,False,,0.759539989545217,28317,-0.07218934358409983,-0.05800409632973769
1308568,X1,X,0.64304,42.6528,0.1564,0.99198,33.873154,-5.052561,8.702,0.002035355713974713,-0.006897894297877977,-0.002765229937986328,-0.0041326643598916515,0.007104276176405514,0.015364784936621497,0.6250000000000002,0.008933250011852691,0.0060015397848993905,496,1.0,False,,0.5782652043868395,28317,-0.25289934358409755,-0.2387140963297354
1296793,X2,X,0.64392,42.96751,0.1528,0.99994,35.00951,-6.524512,10.345,0.01433918306345206,0.00538668607655266,0.00874885019537244,-0.003362164118819781,0.007548051054789327,-0.011537692187583451,0.6250000000000002,0.0089524969868994,0.006015845379493393,496,1.0,False,,0.0,28317,0.05824306463394875,0.07242831188831089
1452065,X1,X,0.64509,42.68781,0.14,0.99513,34.412479,-5.450504,9.012,0.003855249243012729,-0.005122837472073769,-0.0009690917074893354,-0.0041537457645844334,0.001055270590797754,0.011556810521509319,0.6250000000000002,0.008978086715086498,0.006034865317760418,496,1.0,False,,0.9786460699681963,28317,-0.22619301903549185,-0.21200777178112973
1305946,X1,X,0.64663,43.08081,0.1812,0.99989,34.408382,-5.219321,10.665,0.002734946749908221,-0.006276822171510012,-0.003849327552638275,-0.0024274946188717374,0.0021283856075979017,0.014063106726300711,0.6250000000000002,0.009011768921418233,0.006059900108299921,496,1.0,False,0.0007105421375779649,0.9753086419753086,28317,0.16058563152735403,0.17477087878171615
1899158,X2,X,0.64747,42.76015,0.1633,0.99998,35.008648,-6.525724,11.133,0.009521674186704477,0.0004915331527416637,0.0038825495036487294,-0.0033910163509070653,0.0058603446116654995,-0.000744743017431701,0.6250000000000002,0.009030141033962814,0.0060735554485941935,496,1.0,False,,0.0,28317,-0.16346187876202847,-0.14927663150766635
1336693,X2,X,0.64795,42.77065,0.1157,1.0,35.409367,-5.76592,11.133,0.005599211328236997,-0.0034414280557512915,-0.004020703065608913,0.0005792750098576197,0.003125105276949415,0.00788790622207044,0.6250000000000002,0.009040639383988289,0.006081358500190922,496,1.0,False,,0.0,28317,-0.15489571747502154,-0.1407104702206594
1339102,X2,X,0.64795,43.25548,0.1521,0.99997,35.409367,-5.76592,11.13,0.005599211328236997,-0.0034414280557512915,-0.004020703065608913,0.0005792750098576197,0.003125105276949415,0.00788790622207044,0.6250000000000002,0.009040639383988289,0.006081358500190922,496,1.0,False,,0.0,28317,0.32993428252497364,0.3441195297793358
1296671,X2,X,0.64852,42.94256,0.1422,0.99993,35.407665,-6.115034,10.1,0.0024950531705564103,-0.006558053004087133,-0.003422241678319706,-0.0031358113257674274,0.012602981081420519,0.01448659468197832,0.6250000000000002,0.009053106174643543,0.006090624623962038,496,1.0,False,,0.0,28317,0.014719623028078242,0.02890487028244038
1928108,X3,X,0.6508,43.88382,269.5857,0.0,37.023071,-5.016606,9.536,0.0067286576979039454,-0.002374315639360608,-0.001080684726890875,-0.0012936309124697344,0.005559268697111492,0.005532855105584093,0.6750000000000002,0.009102973337264553,0.006127689119046496,496,1.0,False,,0.910148975791434,28317,0.9565546221254105,0.9610054307203428
1263090,X1,X,0.65206,42.78853,0.1424,0.99993,35.326721,-4.995205,10.801,0.007977079106014357,-0.0011534524000670707,0.002941841934209483,-0.004095294334276552,0.013302904560897685,0.002711275602194904,0.6750000000000002,0.009130531506081428,0.006148172129487907,496,1.0,False,,0.9948006932409013,28317,-0.14378404726537647,-0.13933323867044423
1342707,X2,X,0.65243,42.99022,0.1392,0.95191,36.164761,-6.809947,10.891,0.004960762743506057,-0.004177861240720007,-0.003145202160176292,-0.0010326590805437167,0.022463250076214105,0.008983315436699816,0.6750000000000002,0.009138623984226064,0.006154186981760385,496,1.0,False,,0.0,28317,0.056425175100771316,0.06087598369570357
1263039,X1,X,0.65514,42.93665,0.1687,0.99997,35.075737,-5.031622,10.211,0.005312581993078704,-0.0038853139256661935,0.00026655111272810145,-0.004151865038394296,0.0042821624092157,0.008858058739336181,0.6750000000000002,0.009197895918744897,0.006198241710566913,496,1.0,False,,0.9639309984317825,28317,-0.00796615159531806,-0.003515343000385803
1300590,X1,X,0.65633,42.77199,0.1199,0.99995,34.871517,-4.747288,10.811,0.003172969514528285,-0.006050953563654773,-0.0020611882470065925,-0.00398976531664818,0.004409183528453158,0.01357717157484118,0.6750000000000002,0.009223923078183057,0.006217586775983801,496,1.0,False,,0.9986326344576116,28317,-0.1773644575742555,-0.17291364897932326
1296173,X3,X,0.65763,42.73804,0.2801,0.93415,35.747978,-4.177239,10.377,0.004823868988925177,-0.004428487120576879,-0.0036042285598325693,-0.00082425856074431,0.015079928821603292,0.009825833113752286,0.6750000000000002,0.009252356109502057,0.006238720040724941,496,1.0,False,0.2394201359772687,0.8193010325655282,28317,-0.21648139295910235,-0.2120305843641701
1430255,X2,X,0.65806,42.82157,0.1541,1.0,36.291981,-5.774605,10.259,0.037954032130078016,0.02869227124867814,0.01608897734033057,0.012603293908347572,0.015506246086572511,-0.06370047628844705,0.6750000000000002,0.009261760881399878,0.00624571027444701,496,1.0,False,,0.0,28317,-0.13465830994904487,-0.13020750135411263
1334686,X2,X,0.65904,42.93731,0.1523,0.99998,35.011574,-6.300615,10.823,0.005465829814518501,-0.0038173651981833878,0.00041766437838297414,-0.004235029576566362,0.009874697386865344,0.008630306826651682,0.6750000000000002,0.00928319501270189,0.0062616415047903285,496,1.0,False,,0.0,28317,-0.022804516463245172,-0.018353707868312915
1310475,X2,X,0.66375,42.9394,0.1237,0.99995,35.053413,-6.472673,9.107,0.0015682228192107214,-0.007817987253116152,-0.0039896058956264075,-0.003828381357489745,0.0048463598263797265,0.017433649519908376,0.6750000000000002,0.009386210072326873,0.006338208948583225,496,1.0,False,0.004417731029301325,0.0,28317,-0.03931542598506506,-0.0348646173901328
1314369,X3,X,0.66386,43.3965,0.2135,0.99341,36.167248,-4.515018,10.358,0.002046052759700149,-0.007342563184507562,-0.0030523801974276926,-0.004290182987079871,0.00770673073714934,0.016364880234793426,0.6750000000000002,0.009388615944207711,0.006339997147907475,496,1.0,False,,0.941019955654102,28317,0.4173516664538763,0.4218024750488085
1340751,X3,X,0.6648,43.77146,268.536,0.0,36.154942,-5.371549,11.022,0.004666130701620525,-0.004743044511387077,-0.0012484908753382096,-0.0034945536360488673,0.0032948885799074083,0.010750514419373556,0.6750000000000002,0.009409175213007602,0.006355278123951066,496,1.0,False,,0.6905116741182314,28317,0.7886150676160081,0.7930658762109404
1905127,X2,X,0.66579,43.29871,0.1532,0.99982,36.025707,-6.773006,10.35,0.005798976033698953,-0.0036318520262361943,-0.002336761481238468,-0.0012950905449977262,0.018850711799350866,0.007954171456506159,0.6750000000000002,0.009430828059935148,0.00637137191786932,496,1.0,False,,0.0,28317,0.3119772377493401,0.31642804634427235
1252939,X3,X,0.66666,42.88121,0.136,1.0,36.183311,-4.84468,10.523,0.008781727266430452,-0.0006681290529258702,0.0017770726076290098,-0.002445201660554881,0.0175461223876958,0.0015214236078031212,0.6750000000000002,0.009449856319356322,0.006385514948888391,496,1.0,False,,0.9106988783433995,28317,-0.10893478162682764,-0.10448397303189538
1319058,X1,X,0.66811,42.93625,0.1487,0.99997,33.944916,-4.610815,11.034,0.008188525975670177,-0.0012930441093881046,0.0004213280321166213,-0.001714372141504726,0.019587907771100522,0.0028082985390585798,0.6750000000000002,0.009481570085058282,0.006409086667253507,496,1.0,False,,0.8733246865542585,28317,-0.05957203384703187,-0.055121225252099615
1310304,X1,X,0.66881,43.16653,0.1467,1.0,34.108906,-5.040336,10.888,0.001958938131405852,-0.007537942047439582,-0.0034662064232136506,-0.004071735624225931,0.00469791825263212,0.0168333460952621,0.6750000000000002,0.009496880178845434,0.006420466117498735,496,1.0,False,,0.9499494438827099,28317,0.1679714380439929,0.17242224663892514
1370247,X1,X,0.66882,43.04782,0.123,0.99999,33.959381,-4.639657,10.643,0.034400533478015395,0.02490343458354443,0.026660112196670062,-0.0017566776131256313,0.00466833011272571,-0.0549248797583195,0.6750000000000002,0.009497098894470963,0.0064206286810736665,496,1.0,False,,0.9181818181818182,28317,0.04922236462662359,0.05367317322155585
1250916,X3,X,0.66948,42.86417,0.1475,1.0,37.153233,-4.299103,11.024,0.011487870508265004,0.001976336382509011,-0.0026362784947847303,0.00461261487729374,0.025034358330861376,-0.004626112369396761,0.6750000000000002,0.009511534125755993,0.006431357877019167,496,0.9,False,,0.5930563460443938,28317,-0.13700524675521458,-0.13255443816028234
1296919,X3,X,0.67698,43.11889,0.2062,0.99994,36.812439,-3.759858,9.385,0.002916510853551728,-0.006758474611420151,-0.003446096034677548,-0.003312378576742603,0.005859997712830567,0.015136565417859862,0.6750000000000002,0.00967498546497188,0.006549784463644776,496,1.0,False,,0.0,28317,0.08859322471296698,0.09304403330789923
1531078,X2,X,0.67713,43.29721,0.1426,0.99995,35.899731,-6.848733,10.187,0.006052182944433767,-0.003626038907956512,-0.0018017081287708511,-0.0018243307791856612,0.01671564926203972,0.008033869660172955,0.6750000000000002,0.009678221852390279,0.006551958061619263,496,1.0,False,,0.0,28317,0.2663339479330357,0.27078475652796796
1908493,X3,X,0.67829,43.66497,298.7541,0.0,36.822701,-4.204097,8.985,0.007850733964735623,-0.0018525159503569658,0.000208710534289858,-0.002061226484646825,0.006530897982517292,0.004417004329589504,0.6750000000000002,0.009703249915092589,0.00656876721928863,496,1.0,False,0.12155825274535391,0.9885714285714285,28317,0.6296183498935487,0.634069158488481
1795052,X3,X,0.67924,42.81345,0.158,0.99999,36.359303,-5.184279,10.809,0.016253812169018854,0.006530065133609715,0.008739777598620983,-0.002209712465011267,0.01742358416192552,-0.014291049602306597,0.6750000000000002,0.009723747035409139,0.006582533339793717,496,1.0,False,8.337104880774514e-05,0.9194630872483222,28317,-0.22556155776520265,-0.2211107491702704
1311884,X3,X,0.68136,42.92828,0.1595,1.0,36.810234,-5.181059,9.744,0.012521832351283775,0.0027523443736945496,-0.0003195115530474756,0.003071855926742025,0.01160756830948416,-0.005792172570660274,0.6750000000000002,0.009769487977589225,0.006613253524499804,496,1.0,False,0.10929247751819954,0.9683677773091522,28317,-0.1188812950006611,-0.11443048640572884
1299090,X2,X,0.68339,43.0735,0.1394,0.99404,36.000797,-6.527866,10.415,0.003909106144302692,-0.005904180943015579,-0.0014122896098206117,-0.004491891333194969,0.00817982295011596,0.013249372824293667,0.6750000000000002,0.009813287087318271,0.006642669550421199,496,1.0,False,0.11501196989408273,0.0,28317,0.018557667796735778,0.023008476391668035
1900124,X2,X,0.68533,43.37393,0.1532,0.99157,35.687321,-6.146858,10.498,0.006004013761173269,-0.0038511306034230038,-0.0024665525249409877,-0.0013845780784820156,0.016016371267211414,0.008551338304594147,0.6750000000000002,0.009855144364596273,0.0066707814175579,496,1.0,False,0.07302427417775748,0.0,28317,0.31157225822853823,0.3160230668234705
1861474,X3,X,0.68966,42.99482,0.1428,1.0,36.837894,-4.353005,10.337,0.0046746152380073335,-0.005273952843400156,-0.001523686351264195,-0.003750266492135961,0.004330888003180801,0.011939155628093166,0.6750000000000002,0.00994856808140749,0.00673352594575477,496,1.0,False,,0.9473002159827214,28317,-0.08401636980919032,-0.07956556121425806
1305308,X1,X,0.68972,43.24206,0.1522,0.99998,34.507694,-5.548024,11.005,0.0028215352958669056,-0.007128327340507943,-0.0035847150407161605,-0.0035436122997917828,0.002100250885842033,0.015998452818467915,0.6750000000000002,0.009949862636374849,0.006734395384944563,496,1.0,False,0.021435504107189376,0.8115877930119416,28317,0.16299598595041792,0.16744679454535016
1255730,X3,X,0.69107,43.45652,0.3612,0.99995,36.651897,-4.540774,9.721,0.013690707813728576,0.0037117176905881073,-0.0015956004222925121,0.005307318112880619,0.010417631225232388,-0.007859832886493008,0.6750000000000002,0.009978990123140468,0.006753957766714948,496,1.0,False,0.1582843998178668,0.9767540152155537,28317,0.37233900142403903,0.37678981001897127
1333442,X3,X,0.69209,42.99,0.2034,0.99993,36.550396,-4.417663,11.193,0.010716384588748386,0.0007153870311627803,0.00035638116587592087,0.0003590058652868603,0.0015048394766387608,-0.0012147942419303906,0.6750000000000002,0.010000997557585605,0.006768738232941463,496,1.0,False,0.000715091986832878,0.9778890279516061,28317,-0.09804081498962954,-0.09359000639469728
1299033,X2,X,0.69226,43.15751,0.1403,0.99999,35.488022,-5.893028,10.805,0.025164258215344588,0.015159592752018128,0.019154434512640352,-0.003994841760622224,0.015006785217981452,-0.03333227493263163,0.6750000000000002,0.01000466546332646,0.006771201643979215,496,1.0,False,,0.0,28317,0.06882641242291603,0.07327722101784828
1487043,X3,X,0.69226,42.96967,0.1662,0.99971,35.87598,-4.56404,11.042,0.003541563614066644,-0.006463101849259816,-0.0029964112681662193,-0.0034666905810935966,0.008718746755113119,0.014476157609500244,0.6750000000000002,0.01000466546332646,0.006771201643979215,496,1.0,False,,0.9427609427609428,28317,-0.11901358757708531,-0.11456277898215306
1252917,X3,X,0.69277,43.12737,0.2459,0.99989,37.300175,-4.718981,11.405,0.00038318376168714944,-0.009632485418861879,-0.005194811060980049,-0.004437674357881832,0.002771126496590222,0.02144404532148271,0.6750000000000002,0.010015669180549028,0.006778591877092472,496,0.625,True,,0.013297872340425532,28317,0.036759002086150946,0.0412098106810832
1316853,X1,X,0.69304,43.0704,0.1133,0.99941,34.174179,-5.50463,9.273,0.008783122902646047,-0.001238371775256106,0.0032816730664493587,-0.004520044841705465,0.015127303618613018,0.0028722245958939657,0.6750000000000002,0.010021494677902153,0.006782504353446549,496,1.0,False,,0.9373024236037935,28317,-0.021230841046508808,-0.01678003245157655
1370181,X3,X,0.6931,43.15907,0.188,0.99655,36.487965,-4.067012,10.376,0.008658548221476874,-0.0013642410113926424,0.0003485848263847088,-0.0017128258377773512,0.010600903020930795,0.003238223804779807,0.6750000000000002,0.010022789232869516,0.006783373792636344,496,1.0,False,0.0021853404996751737,0.7731462925851703,28317,0.06721257887033365,0.0716633874652659
1260105,X1,X,0.6941,43.14792,0.1349,0.99999,34.811512,-4.988864,10.857,0.002377629577736703,-0.0076667355712554935,-0.0032948343734928187,-0.004371901197762675,0.0025857060641290173,0.017176750661531556,0.6750000000000002,0.010044365148992197,0.006797864445799592,496,1.0,False,,0.922875131164743,28317,0.052289009888135826,0.05673981848306808
1299190,X3,X,0.69836,43.12605,0.1845,0.99999,35.787395,-4.655465,9.63,0.0020723981848373638,-0.008063880366837459,-0.0033485934791982024,-0.004715286887639255,0.004060889677335421,0.018033674701881552,0.6750000000000002,0.010136278551674822,0.006859594628275031,496,1.0,False,,0.9516760992599043,28317,0.01440179160633297,0.018852600201265227
1373123,X1,X,0.69879,43.33194,0.1436,0.99999,34.434067,-4.694887,10.108,0.002178637170044669,-0.007966919025562905,-0.0033509837240550096,-0.004615935301507897,0.005761080799284047,0.01780188904232459,0.6750000000000002,0.010145556195607575,0.006865825609135229,496,1.0,False,,0.9483480688692415,28317,0.21868024008568304,0.22313104868061528
1279714,X3,X,0.69938,43.57289,0.2763,0.99851,36.509575,-4.627358,10.674,0.004233085456810098,-0.00592520052930986,-0.0030344941781392217,-0.002890706351170638,0.007005600271937673,0.013342701615846416,0.6750000000000002,0.010158285986119958,0.006874375094501545,496,1.0,False,,0.9683571738188123,28317,0.4574205888077582,0.46187139740269045
1250950,X3,X,0.70099,43.05299,0.1768,1.0,36.955425,-4.624798,9.974,0.0022686766236111005,-0.007924346587466373,-0.00475891099772171,-0.0031654355897446644,0.008014311415540643,0.017694897028200065,0.7250000000000002,0.010193023211077474,0.006897705046094375,496,1.0,False,0.2176438427033668,0.8826025459688827,28317,-0.09237840459489036,-0.06404924339964269
1307261,X3,X,0.70351,42.91779,0.1562,0.99977,36.624588,-4.003195,10.77,0.025369191584557235,0.015121797064850602,0.007837656502111006,0.007284140562739598,0.014826224819475018,-0.03321659894559467,0.7250000000000002,0.010247394519706634,0.0069342214920657605,496,1.0,False,,0.5436428856117975,28317,-0.23697543237230548,-0.2086462711770578
1314296,X3,X,0.70426,43.20803,0.1571,1.0,36.887188,-5.107927,10.457,0.005829304718980601,-0.0044342717378180446,-0.004895585216103098,0.0004613134782850536,0.010653517331816709,0.010030523801717262,0.7250000000000002,0.010263576456798646,0.006945089481938198,496,1.0,False,0.12306807646720572,0.9305108145421077,28317,0.05047407026655889,0.07880323146180657
1559051,X3,X,0.7051,43.09978,0.1592,1.0,36.109875,-4.250706,10.808,0.024504804643184466,0.014223104416842769,-0.0021761285592254162,0.016399232976068184,0.03780368913088843,-0.032554252452560266,0.7250000000000002,0.010281700226341697,0.006957261630595325,496,1.0,False,0.19793560494985635,0.91553480475382,28317,-0.06089790257129949,-0.03256874137605181
1952075,X3,X,0.70525,43.34021,0.2047,1.0,37.022095,-5.031333,10.042,0.0056983633571717745,-0.004586573256588327,-0.002157242787822393,-0.0024293304687659336,0.007476520401006837,0.01043099394496901,0.7250000000000002,0.010284936613760102,0.006959435228569815,496,1.0,False,,0.913736521331458,28317,0.1789749779725713,0.20730413916781898
1289812,X3,X,0.70875,43.38242,0.2164,0.99983,37.300304,-4.70031,10.089,0.00033647906832524264,-0.010023973251864247,-0.005381433646754709,-0.0046425396051095365,0.004434209710298347,0.02231796489550926,0.7250000000000002,0.010360452320189489,0.007010152514641184,496,0.6,True,,0.013966480446927373,28317,0.20821771505870743,0.2365468762539551
1647048,X1,X,0.70882,43.11406,0.1312,1.0,34.744984,-5.139049,11.15,0.003807382331757867,-0.006554580302560209,-0.0029644031883795867,-0.003590177114180624,0.0060797735498928016,0.014744420096989369,0.7250000000000002,0.010361962634318076,0.007011166860362612,496,1.0,False,,0.9714878175220322,28317,-0.0604010025656632,-0.03207184137041552
1341556,X2,X,0.71584,43.44481,0.1474,0.99994,35.919365,-6.983692,10.518,0.03832196385969778,0.027808538294198472,0.0007628775048133321,0.02704566078938514,0.011523047266595334,-0.06161366936721069,0.7250000000000002,0.010513425565499305,0.007112891245568618,496,1.0,False,0.0573713166728833,0.0,28317,0.24452715508902997,0.27285631628427764
1330995,X2,X,0.71827,43.32792,0.1286,0.99964,35.646133,-6.961659,10.355,0.003029340117914965,-0.007536514923762458,-0.00392390962902843,-0.0036126052947340276,0.013759838438920154,0.016740575434221538,0.7250000000000002,0.010565855041677423,0.007148103532755311,496,1.0,False,,0.0,28317,0.11875548486214058,0.14708464605738825
1311903,X3,X,0.71912,43.19424,0.2048,0.7968,36.761692,-4.012222,9.908,0.001712811944805213,-0.008871382625576489,-0.004754516697215922,-0.004116865928360568,0.0014197883939627656,0.019847900720562497,0.7250000000000002,0.010584194570381702,0.0071604205879440734,496,1.0,False,,0.5534136546184739,28317,-0.018024455108837576,0.010304706086410102
1331993,X3,X,0.71961,43.27996,0.1991,0.99999,35.971489,-4.460246,9.108,0.004307130654407021,-0.006287636114874795,-0.002569971033606404,-0.0037176650812683894,0.007945140269134026,0.014155946460488893,0.7250000000000002,0.010594766769281816,0.007167521007994063,496,1.0,False,,0.9624252775405636,28317,0.06591012088003254,0.0942392820752802
1338665,X3,X,0.72062,43.30862,0.2018,0.99984,36.616467,-5.137823,10.694,0.006742705352247075,-0.003873853092318651,0.0003175258013962427,-0.004191378893714895,0.013323660330970323,0.00876116250199746,0.7250000000000002,0.010616558444565726,0.007182156567688947,496,1.0,False,,0.9248,28317,0.09089364584360624,0.1192228070388539
1308529,X3,X,0.72212,43.30392,0.2507,0.99884,35.843983,-3.992705,9.765,0.005716186887268352,-0.004932735431481396,-0.0008043052069960236,-0.004128430224485371,0.01583816141458189,0.010998324180033285,0.7250000000000002,0.010648922318749749,0.007203892547433818,496,1.0,False,,0.2362337116435477,28317,0.08074266742565925,0.10907182862090692
1890212,X3,X,0.72776,43.12438,0.1438,1.0,36.725067,-4.732718,11.191,0.023099985145758353,0.012331429396843072,0.014516773808744785,-0.0021853444119017116,0.021623214603814195,-0.02729111937978486,0.7250000000000002,0.010768555748915281,0.007294136887658805,496,1.0,False,,0.9235267656320288,28317,-0.11919601534433014,-0.09086685414908247
1264689,X3,X,0.73162,43.24328,0.2076,0.99999,35.444134,-4.69567,9.871,0.016819179281764227,0.00597021415020897,-0.003107926303332852,0.009078140453541824,0.011240476351702264,-0.012802452254669833,0.7250000000000002,0.010848965131555257,0.00736198234424694,496,1.0,False,0.27403240895808556,0.9232954545454546,28317,-0.014169326571591232,0.014159834623656446
1770254,X3,X,0.7348,43.22861,0.2379,0.99993,36.17448,-4.716496,11.214,0.014351579885089727,0.0034363707543647523,0.007231457426928014,-0.003795086672563262,0.008512958803826912,-0.0071479679851218225,0.7250000000000002,0.010915209130724975,0.007417875751487942,496,1.0,False,,0.9333950046253469,28317,-0.0402158026068247,-0.011886641411577022
1692030,X3,X,0.73802,42.96655,0.2004,0.99994,36.1567,-4.238231,9.658,0.055815694042300204,0.04483340765455432,-0.0012804115986657155,0.046113819253220036,0.017679645972553212,-0.10062018180833847,0.7250000000000002,0.010982286387745887,0.007474472220455247,496,1.0,False,0.1759358350306671,0.9208835341365462,28317,-0.31374717126051027,-0.2854180100652626
1252822,X1,X,0.73927,43.30297,0.1273,1.0,35.047375,-4.510091,10.816,0.0012522085566127983,-0.00975611713898282,-0.005137786845381027,-0.004618330293601792,0.007269280668398675,0.021755919167761394,0.7250000000000002,0.011008325695595619,0.00749644289940218,496,1.0,False,,0.926133909287257,28317,0.018232643262719526,0.046561804457967204
1260522,X3,X,0.74133,43.39906,0.1639,0.99995,35.941166,-3.843898,10.571,0.002003172183095029,-0.009048066291836951,-0.003987173480784564,-0.005060892811052386,0.002120335534701838,0.020272198326970463,0.7250000000000002,0.011051238474931979,0.00753265057830673,496,1.0,False,,0.006546644844517185,28317,0.10702097650051343,0.1353501376957611
1296802,X3,X,0.74392,43.13182,0.1725,0.99977,35.631229,-4.987139,10.933,0.002082537090790216,-0.009022654830006407,-0.0046734720024071775,-0.0043491828275992305,0.0033093462340908204,0.02021735971368391,0.7250000000000002,0.011105191920796623,0.007578173825084779,496,1.0,False,0.05933758429285747,0.9729119638826185,28317,-0.16937157882346668,-0.141042417628219
1317372,X3,X,0.74393,43.2347,0.1831,1.0,35.435703,-4.616799,11.195,0.009175414252350187,-0.0019299859829092318,-0.00057344444154926,-0.0013565415413599726,0.013600590499390407,0.004521123636932776,0.7250000000000002,0.01110540023525942,0.007578349590516352,496,1.0,False,,0.9405314213412063,28317,-0.06652685731999355,-0.038197696124745883
1488098,X3,X,0.75076,43.23451,0.1617,1.0,36.081303,-4.422551,10.938,0.013652307641789582,0.002404628628439225,0.00739129261701197,-0.004986663988572745,0.02193321801469046,-0.0052900803354727285,0.7750000000000002,0.011247679013350357,0.007698397380282404,496,1.0,False,,0.9402289105553201,28317,-0.06362537942929217,-0.06237674693288242
1302550,X3,X,0.75249,43.13267,0.1703,0.99987,35.906948,-4.796454,10.679,0.0042522858695269545,-0.0070314315458874345,-0.0019194177261111127,-0.00511201381977632,0.013399695236328103,0.015721337219898802,0.7750000000000002,0.011283717415414389,0.007728804799944962,496,1.0,False,,0.9457804984696109,28317,-0.17150825818571272,-0.17025962568930297
1293028,X3,X,0.75366,43.26171,0.6832,0.1792,35.78133,-3.970845,10.961,0.01572923219560407,0.004421141988042332,0.0013140304017107626,0.0031071115863315693,0.0120501270908591,-0.009401491548634518,0.7750000000000002,0.011308090207561738,0.007749369355439293,496,1.0,False,0.0007641161912799561,0.128428927680798,28317,-0.04654746768028654,-0.045298835183876784
1308453,X3,X,0.75572,43.51615,0.2293,0.99939,36.880547,-3.961816,10.216,0.003398820143499352,-0.007952182843398744,-0.002909292336628272,-0.005042890506770471,0.0100899682073254,0.01781296152070052,0.7750000000000002,0.011351002986898095,0.00778557703434384,496,1.0,False,,0.3329129886506936,28317,0.20072516287976092,0.20197379537617066
1904182,X3,X,0.76657,43.25469,0.2514,1.0,36.854832,-3.899722,10.781,0.03455611439788252,0.022979090218848745,0.027977602214431713,-0.0049985119955829665,0.01660442932371626,-0.05085758786170347,0.7750000000000002,0.011577024179033774,0.007976282527603235,496,1.0,False,,0.13961456102783726,28317,-0.09817675867206313,-0.09692812617565338
1251645,X3,X,0.76679,43.5274,0.2073,0.99219,36.637699,-4.34133,10.048,0.00816545542166238,-0.003416151675552946,0.0007785651451225938,-0.004194716820675539,0.004565391948177365,0.008008273849733377,0.7750000000000002,0.011581607097215327,0.007980149367097896,496,1.0,False,,0.9889282550930026,28317,0.17377935690260435,0.1750279893990141
1251652,X3,X,0.77155,43.30358,0.1713,1.0,36.85334,-5.378911,10.972,0.0095499098784822,-0.002130854903024908,0.0030213920353993513,-0.005152246938424258,0.009056961280445504,0.005134719186905723,0.7750000000000002,0.011680764781507109,0.008063813712527823,496,1.0,False,,0.838858581619807,28317,-0.0663009774093434,-0.06505234491293366
1303257,X3,X,0.77159,43.61245,0.264,0.9998,36.30426,-4.966222,8.953,0.010478337670177536,-0.0012032603691807635,0.0021406395273680205,-0.0033438998965487823,0.004820672374927137,0.0031646272177409916,0.7750000000000002,0.0116815980393583,0.008064516774254125,496,1.0,False,,0.968434896975011,28317,0.24243279237989887,0.24368142487630862
1259589,X1,X,0.77327,43.49687,0.1462,0.99977,34.783756,-4.396331,11.168,0.006802991391163334,-0.0049136034779450055,0.0002723539433180178,-0.005185957421263023,0.019734060726362104,0.010893054949887584,0.7750000000000002,0.01171659486910834,0.008094045366758805,496,1.0,False,0.00035527584631783054,0.8604206500956023,28317,0.12113728024966028,0.12238591274607002
1889155,X3,X,0.77826,43.09666,0.2862,0.99999,37.36993,-4.893751,9.842,0.008593115107594418,-0.003234652751357219,0.0017732011648962844,-0.005007853916253501,0.0021085500742330622,0.007650024347140655,0.7750000000000002,0.011827767858951637,0.008182289737319834,496,1.0,False,,0.0,28317,-0.2959786219313993,-0.2947299894349895
1861451,X3,X,0.78049,43.1707,0.1443,0.91814,36.760281,-5.4844,10.789,0.0031213942502037154,-0.008757769354376074,-0.003724482458682443,-0.005033286895693631,0.00428751678457618,0.019704322227655065,0.7750000000000002,0.011879163604579789,0.008221853050357749,496,1.0,False,,0.47960498067840274,28317,-0.22945989148146376,-0.228211258985054
1833468,X3,X,0.78375,43.54682,0.4519,0.99989,36.868919,-4.970709,11.284,0.006360480627639548,-0.0055938175647195065,-0.0038504656965574775,-0.001743351868162029,0.008251232187162548,0.012754514067604425,0.7750000000000002,0.011954298192359054,0.00827969000125622,496,1.0,False,,0.9156736938588451,28317,0.13570222524905282,0.13695085774546256
1331887,X3,X,0.78398,43.2028,0.1916,0.99984,36.783813,-5.46861,11.291,0.007424834170051941,-0.0045347649288068805,0.0007424980617193582,-0.005277262990526237,0.010531326843855127,0.010383480850444562,0.7750000000000002,0.011959599098858822,0.00828377052233188,496,1.0,False,,0.538034188034188,28317,-0.20908921012029205,-0.2078405776238823
1250454,X1,X,0.78734,43.57536,0.136,0.99997,35.299831,-4.535553,10.549,0.007405963556187943,-0.004631074872406568,-0.003643399325746223,-0.000987675546660345,0.017107873101146365,0.010399127700578902,0.7750000000000002,0.01203703842859451,0.008343381612828467,496,1.0,False,,0.9728025226645645,28317,0.15222603588504077,0.15347466838145052
1856065,X3,X,0.78892,43.81522,0.3133,0.99629,36.902634,-4.635056,9.257,0.023666915532358807,0.011593462180852873,0.01415270238761845,-0.0025592402067655747,0.03171585709285653,-0.026229287779845598,0.7750000000000002,0.012073453351505933,0.008371413018478643,496,1.0,False,,0.892774965485504,28317,0.3868143764608381,0.3880630089572479
1255501,X1,X,0.78956,43.47114,0.121,0.99998,34.813847,-5.216064,10.552,0.001465884256596689,-0.010622319443430329,-0.005597690430268707,-0.005024629013161622,0.0028874451968802723,0.023792872853642996,0.7750000000000002,0.012088203700027018,0.008382767511906567,496,1.0,False,,0.9454191033138402,28317,0.04060192977496987,0.04185056227137962
1434262,X3,X,0.78964,43.30747,0.1375,1.0,36.662647,-5.117352,11.164,0.008419698723146801,-0.003670348770445352,0.000755815630729754,-0.004426164401175106,0.009655327479555777,0.00851963287926926,0.7750000000000002,0.012090047493592153,0.008384186823585058,496,1.0,False,,0.9461663947797716,28317,-0.12333450834331453,-0.12208587584690478
1254566,X3,X,0.79118,43.61294,0.2029,0.99753,37.117973,-5.225366,10.861,0.0053635876087442455,-0.006761952910976764,-0.004005697208478054,-0.0027562557024987102,0.006985722837161087,0.015327637913527068,0.7750000000000002,0.01212554051972101,0.008411508573395992,496,1.0,False,0.06441563661943525,0.6789760805707092,28317,0.17701164734682825,0.178260279843238
1265349,X3,X,0.79939,43.43079,0.2117,1.0,36.214394,-4.22845,11.047,0.011374689103837932,-0.0009400707305051038,0.0010294068290529548,-0.001969477559558059,0.014245894028694467,0.002411834355836903,0.7750000000000002,0.012314759834343035,0.008557165434401041,496,1.0,False,0.1358293643957119,0.9649122807017544,28317,-0.03229240014802551,-0.031043767651615758
1535064,X3,X,0.80078,43.6954,0.1825,0.99971,37.040478,-5.304958,10.557,0.05110668908089341,0.038759893333356145,-0.003582377879204443,0.04234227121256059,0.023934887096970836,-0.08700347185056681,0.8250000000000003,0.012346795747537264,0.008581825974814807,496,1.0,False,0.2689834405091127,0.8813860506441582,28317,0.21029743084969896,0.22899567039745405
1385052,X3,X,0.80106,43.56228,0.1572,0.99999,36.642826,-4.748283,10.988,0.00423979607244054,-0.008113452952574696,-0.0038184520132386697,-0.004295000939336027,0.007363417154205707,0.01830849964560637,0.8250000000000003,0.012353249025015237,0.008586793565689522,496,1.0,False,,0.9611953612845674,28317,0.07625767302257389,0.09495591257032898
1299258,X3,X,0.80109,43.35374,0.1474,1.0,36.103355,-4.007521,11.317,0.0030690107408271605,-0.009284929706775,-0.004369417122449473,-0.0049155125843255276,0.005314248940948441,0.02089087061909997,0.8250000000000003,0.012353940447602161,0.008587325807568954,496,1.0,False,,0.47653276955602536,28317,-0.1323808539689331,-0.113682614421178
1502132,X3,X,0.80181,43.60623,0.2247,0.99997,36.148796,-4.151595,9.395,0.011799255859885767,-0.0005712787298026156,0.003367531214015484,-0.003938809943818099,0.025321054751469195,0.00119120214386767,0.8250000000000003,0.012370534589688382,0.008600099612675367,496,1.0,False,,0.892606361007848,28317,0.11774557097702784,0.13644381052478294
1579146,X3,X,0.80325,43.3846,0.1381,1.0,35.429119,-4.673761,10.59,0.00830578092193546,-0.004097941951925359,-0.0025470017746153425,-0.0015509401773100163,0.007467355956192559,0.0095308585050352,0.8250000000000003,0.01240372287386082,0.00862564722288819,496,1.0,False,,0.9212218649517685,28317,-0.10860541074737354,-0.08990717119961844
1367180,X3,X,0.80342,43.40055,0.1537,0.99835,35.538841,-4.669238,10.424,0.013510003025220096,0.0011023620900333653,0.002078028583001877,-0.0009756664929685124,0.011196191726941447,-0.0019402672654711718,0.8250000000000003,0.012407640935186731,0.00862866326020498,496,1.0,False,0.014039990684366375,0.9613305613305614,28317,-0.09321220707141789,-0.0745139675236628
1642117,X3,X,0.81237,43.49664,0.1821,0.99974,35.741631,-4.49597,9.783,0.0058338407104821305,-0.00678007462980413,-0.001179576235625924,-0.0056004983941782055,0.011890688601512591,0.015327678708116634,0.8250000000000003,0.01261391534028626,0.008787448754236064,496,1.0,False,0.06722137311917543,0.8888434818144667,28317,-0.026275645779414686,-0.007577406231659586
1300777,X3,X,0.81684,43.36027,0.1433,0.99993,36.327545,-3.82273,11.043,0.03167704371724467,0.018960106411506465,0.016275683599228135,0.0026844228122783354,0.03796046548091464,-0.0431278335162677,0.8250000000000003,0.012716937305738201,0.008866752794271699,496,1.0,False,0.0011888773915149048,0.000419639110365086,28317,-0.17708954495078258,-0.15839130540302748
1260427,X3,X,0.8175,43.47237,0.145,0.99999,36.541462,-5.124887,10.749,0.01898172826476846,0.006249579662117892,0.009956764253852578,-0.003707184591734686,0.015478989692273525,-0.013429033584308803,0.8250000000000003,0.012732148602650569,0.008878462115619242,496,1.0,False,,0.9373412362404742,28317,-0.06711569535139786,-0.04841745580364276
1255824,X3,X,0.81852,43.47335,0.2312,0.99999,35.778015,-4.511212,11.289,0.005434192850030781,-0.007321464120575265,-0.0015931275589365747,-0.00572833656163869,0.01266725712406903,0.0165006667428475,0.8250000000000003,0.012755656970606046,0.008896558339519993,496,1.0,False,0.0003739304489365055,0.9296585767174003,28317,-0.06941828704933142,-0.050720047501576326
1330599,X3,X,0.81932,43.58242,0.3119,0.99884,35.718021,-5.048267,10.102,0.006701041406095265,-0.0060730535001621375,-0.0017278594945437072,-0.00434519400561843,0.017211746702127682,0.013619443156363228,0.8250000000000003,0.012774094906257402,0.008910751456304895,496,1.0,False,,0.9716043539990534,28317,0.0370799103811372,0.055778149928892296
1250980,X3,X,0.81967,43.7722,0.1858,0.95194,35.794346,-4.459955,10.508,0.0015735474601541316,-0.011208614042950735,-0.00576267656024388,-0.005445937482706856,0.002458816402590182,0.025140231198065625,0.8250000000000003,0.012782161503104867,0.008916960944898288,496,1.0,False,0.00023630658306178674,0.899063899063899,28317,0.22573551375102527,0.24443375329878037
1879412,X3,X,0.81984,43.5881,0.1897,1.0,35.774525,-4.469154,11.087,0.0021214099375820384,-0.010664669626848741,-0.0050757767154742455,-0.005588892911374497,0.008031429324288582,0.023894669239220942,0.8250000000000003,0.01278607956443078,0.00891997698221508,496,1.0,False,0.00014286970283103898,0.8820925553319919,28317,0.04108954652692562,0.059787786074680715
1251618,X3,X,0.82172,43.89282,0.1877,0.98874,36.348354,-4.1658,10.549,0.007880045835218376,-0.004949362877993087,-0.001976092440666312,-0.0029732704373267756,0.015694372843836596,0.01122617623260995,0.8250000000000003,0.012829408713211463,0.008953330806659597,496,1.0,False,,0.981590285938112,28317,0.3397791144704804,0.35847735401823555
1258529,X3,X,0.82394,43.78838,0.2611,0.99959,35.700642,-4.658347,10.873,0.004375493407623261,-0.00850508057702071,-0.002655396364867113,-0.005849684212153598,0.003766818510288152,0.0192524603558224,0.8250000000000003,0.012880573984643972,0.008992716705737699,496,1.0,False,,0.9710207612456747,28317,0.22823531087247703,0.24693355042023213
1645145,X3,X,0.82627,43.64768,0.1413,0.99775,35.776722,-4.949718,10.756,0.0019538901300159106,-0.010981360887753226,-0.005181603184425606,-0.005799757703327621,0.015285315130631928,0.024412443403462353,0.8250000000000003,0.012935251017769137,0.00903250565347528,496,1.0,False,,0.9968763944667559,28317,0.08009949686632398,0.09879773641407907
1334581,X3,X,0.82736,43.32314,0.2211,0.98713,35.56068,-4.371375,10.963,0.011127948377178936,-0.0018332624654263923,0.0033754975267907775,-0.00520875999221717,0.0038396685525325758,0.004654632056781394,0.8250000000000003,0.012961210842605328,0.009050514743331477,496,1.0,False,0.00599772349181331,0.7587131367292225,28317,-0.24791206460366125,-0.22921382505590615
1246791,X3,X,0.83066,43.27814,0.1841,0.9999,36.319611,-4.575352,10.519,0.00606612512274151,-0.006973679684964212,-0.002496408591831696,-0.004477271093132519,0.011906131722197252,0.015788920275543666,0.8250000000000003,0.013039804807705722,0.009105037675923631,496,1.0,False,,0.9727313366115333,28317,-0.3033952502225368,-0.2846970106747817
1305541,X3,X,0.83293,43.46667,0.1424,0.99924,36.642239,-5.560589,10.789,0.012033208641880599,-0.0010606592872729713,0.00376688634735983,-0.004827545634632802,0.022203756890679528,0.002424723681503326,0.8250000000000003,0.01309386792915357,0.009142542844706718,496,1.0,False,,0.19453302961275626,28317,-0.12205292498509904,-0.10335468543734394
1252918,X3,X,0.83583,43.68398,0.1535,1.0,37.299595,-5.069964,11.009,0.0038325737416551355,-0.009330361611374542,-0.003328882098457963,-0.006001479512916579,0.006773800296421015,0.021045270304519692,0.8250000000000003,0.013162935353029677,0.009190456936984674,496,1.0,False,,0.11369740376007162,28317,0.0861022545676697,0.1048004941154248
1390345,X3,X,0.83592,43.72583,0.2143,0.99207,35.657497,-4.281546,10.249,0.009636698321434479,-0.003528380503370664,0.0015422387929582325,-0.005070619296328897,0.013882306706676943,0.008188261629078979,0.8250000000000003,0.013165078824805143,0.009191943926055367,496,1.0,False,,0.7870579382994732,28317,0.12766863413775484,0.14636687368550994
1861472,X3,X,0.83776,43.6059,0.2588,1.0,35.786964,-4.19645,10.858,0.018286956980541575,0.005078056066104699,-0.004886789121580523,0.009964845187685218,0.025640534067119285,-0.011334340927476233,0.8250000000000003,0.013208900914436876,0.009222344591500689,496,1.0,False,0.11256094375761794,0.8470075307173999,28317,0.0019466764486601729,0.020644915996415273
1876462,X3,X,0.83954,43.85502,0.4013,0.99786,36.78791,-4.333365,10.807,0.004004861836011095,-0.009246432186873873,-0.0044357300906144,-0.004810702096259475,0.00268188443910199,0.020914785490917277,0.8250000000000003,0.013251294022884968,0.009251753930898882,496,1.0,False,0.07423595029192082,0.965721540414727,28317,0.24547535623012992,0.264173595777885
1253871,X3,X,0.8478,44.05907,0.4037,0.8391,35.732998,-5.012328,9.856,0.0029754250658147103,-0.010472592033351857,-0.004843591226863616,-0.005629000806488242,0.008426073198948007,0.023530928167912843,0.8250000000000003,0.013448017099166567,0.009388226483387123,496,1.0,False,,0.9739368998628258,28317,0.4237292477306333,0.44242748727838843
1253857,X3,X,0.85652,43.7311,0.2627,0.99998,36.788097,-4.370501,10.72,0.014488547337882107,0.0008328516400260121,0.005853518264849507,-0.005020666624823497,0.006113249970852838,-0.0011691417165276066,0.8750000000000002,0.013655695697856095,0.009532299202236694,496,1.0,False,,0.964759535655058,28317,0.14828820011894017,0.08748911672242499
1260459,X3,X,0.85674,43.53096,0.1923,0.99956,35.911777,-5.029393,11.18,0.016508685030865694,0.00284774973533624,0.007297487171649136,-0.0044497374363128995,0.026839170977323554,-0.006342304995245351,0.8750000000000002,0.013660935295529454,0.009535934064409505,496,1.0,False,0.001217187112896819,0.985280588776449,28317,-0.05252872803352991,-0.11332781143004511
1338749,X3,X,0.85806,43.42559,0.2511,0.99991,36.048836,-4.086555,11.422,0.014416212357693109,0.0007238394761234918,-0.0062791423986194445,0.007002981874742935,0.0061720170247480015,-0.0010265435471459236,0.8750000000000002,0.013692372881569617,0.009557743237446369,496,1.0,False,0.02392818315877854,0.6496046608406159,28317,-0.16195674117307213,-0.2227558245695873
1260461,X3,X,0.85855,43.68131,0.2528,0.99999,35.972431,-5.014734,10.669,0.008871303747648652,-0.004832739146920721,-0.0024286551442161746,-0.002404084002704544,0.015743612137299714,0.011057184886021348,0.8750000000000002,0.013704042894569373,0.009565839066831262,496,1.0,False,,0.9472972972972973,28317,0.09225842421190501,0.031459340815389814
1295291,X3,X,0.86179,43.90745,0.3057,0.99753,36.058277,-4.349098,9.304,0.003956012737336902,-0.00982519514114922,-0.00427770915897505,-0.00554748598217417,0.007218832493948915,0.022184947801807298,0.8750000000000002,0.01378120787848612,0.009619370673376286,496,1.0,False,0.013218461802888628,0.9402125775022143,28317,0.30846911893627216,0.24767003553975697
1479130,X3,X,0.8624,43.52442,0.2499,0.99984,36.017017,-4.789365,10.755,0.02374950159935868,0.009953765745505511,0.015328702633740192,-0.005374936888234681,0.024958009021310425,-0.022019631575207498,0.8750000000000002,0.013795735853853169,0.009629449154855443,496,1.0,False,0.001610824742267983,0.9576048951048951,28317,-0.07642621361738909,-0.1372252970139043
1296161,X3,X,0.86243,43.85584,0.2481,0.96278,35.836571,-4.017199,10.443,0.002367524886291038,-0.01142892545815395,-0.006081476072969848,-0.005347449385184103,0.004842418966308486,0.025711305659205652,0.8750000000000002,0.013796450344444988,0.009629944817879009,496,1.0,False,,0.2892527287993283,28317,0.25490208192557084,0.19410299852905566
1317956,X3,X,0.86917,43.74519,0.3297,0.99562,36.10709,-4.745394,11.221,0.030742035153744678,0.016785062589670396,0.0031588855259480648,0.013626177063722333,0.048622332704870826,-0.039240810252297934,0.8750000000000002,0.013956972564074282,0.009741303777173287,496,1.0,False,0.19836076975341996,0.9404600811907984,28317,0.12372764749379352,0.06292856409727832
1342580,X3,X,0.87472,43.35891,0.1899,0.99914,36.6884,-3.974232,10.985,0.006585441570588062,-0.0075037117529732494,-0.002931157261820685,-0.004572554491152566,0.018189183562910848,0.016840326801374993,0.8750000000000002,0.014089153323561312,0.00983300143653282,496,1.0,False,,0.4193814432989691,28317,-0.2793367376306798,-0.340135821027195
1879483,X3,X,0.87565,43.42748,0.1315,0.99984,36.244308,-4.231221,10.72,0.019177489678966445,0.005065846034304461,0.0023749432331930335,0.002690902801111425,0.013248896187159511,-0.010643266955219124,0.8750000000000002,0.014111643644661984,0.009843688400552244,496,1.0,False,0.13176765387998832,0.9740103958416634,28317,-0.21356907920895984,-0.27436816260547503
1250896,X3,X,0.87971,43.79315,0.1846,0.9933,37.018879,-4.910794,11.431,0.024597729908478402,0.010387261227648267,-0.004720867659538403,0.015108128887186666,0.02025629746581698,-0.022757023375944825,0.8750000000000002,0.014210468680830136,0.00988154493862284,496,1.0,False,0.017774018332615105,0.9162424803331791,28317,0.13990099591336425,0.07910191251684906
1456020,X3,X,0.88189,43.87985,0.2923,0.9602,36.452423,-4.558029,10.91,0.016041949855769528,0.0017784174855683139,0.001336071021631401,0.0004423464639369103,0.025356541686640484,-0.003911674120212087,0.8750000000000002,0.014263532370201214,0.009901871848227247,496,1.0,False,,0.9769392033542977,28317,0.22007297812755333,0.15927389473103815
1371111,X3,X,0.88352,43.66049,0.1503,0.99975,37.188644,-5.151306,11.351,0.005065189083222661,-0.009238019348297296,-0.0028646358865310646,-0.006373383461766233,0.005729523335669388,0.020976256319835608,0.8750000000000002,0.014303208431519956,0.009917070409078249,496,1.0,False,,0.4795876288659794,28317,-0.004157766524081605,-0.0649568499205968
1878692,X3,X,0.8845,43.81837,0.2247,0.8646,36.651917,-4.789331,10.943,0.01342084996712982,-0.0009062127834652076,0.004757714529260902,-0.00566392731272611,0.017660585745506018,0.0024173932342331263,0.8750000000000002,0.014327062750595027,0.009926208194129772,496,1.0,False,,0.9602272727272727,28317,0.15079803641324852,0.08999895301673333
1253761,X3,X,0.89441,44.18718,0.211,0.99619,35.516357,-4.724908,10.481,0.007459068744130423,-0.00710921472282579,-0.005771649727413064,-0.0013375649954127274,0.003216999886494473,0.016378171564849678,0.8750000000000002,0.014568283466956213,0.010018611714395683,496,1.0,False,0.15482920803838665,0.9544895448954489,28317,0.490214566671198,0.4294154832746828
1402076,X3,X,0.89611,44.02033,200.7308,0.0,36.740017,-4.144964,9.846,0.029828697175318355,0.015219033767109468,-0.005397463344285517,0.02061649711139498,0.008892438766898554,-0.03309666616057657,0.8750000000000002,0.014609663408208887,0.010034462974178936,496,1.0,False,0.2906529684459235,0.9413477537437605,28317,0.3183543294770025,0.2575552460804873
1305486,X3,X,0.89888,43.64144,0.1467,0.99999,36.366947,-5.072275,11.014,0.009286882326497164,-0.0053902060448116716,-0.002550728276202217,-0.0028394777686094556,0.01199954906719562,0.012456742623899661,0.8750000000000002,0.014677088371308836,0.010060291203355182,496,1.0,False,0.003117627232895199,0.9566666666666667,28317,-0.0686795178297651,-0.1294786012262803
1253816,X3,X,0.90824,44.03794,0.1935,0.96692,36.953506,-4.989358,10.475,0.016177676733580292,0.0012727552739626082,-0.006518015431376884,0.007790770705339491,0.04002994098072517,-0.0037389895532804335,0.9250000000000003,0.014904921459617684,0.010147566374867686,496,1.0,False,0.2420240640590282,0.9029850746268657,28317,0.19355923973655076,0.23968347877205232
1246650,X3,X,0.90888,43.96676,0.1778,0.99995,35.909573,-5.107671,11.211,0.004575160968424081,-0.010345338822018137,-0.004912906418468407,-0.005432432403549731,0.010037673538954848,0.023394738896916914,0.9250000000000003,0.014920499790442219,0.010153533907962557,496,1.0,False,9.429613176316427e-05,0.9914163090128756,28317,0.12052007211410365,0.1666443111496052
1299266,X3,X,0.91289,43.94543,0.1776,0.7876,37.003185,-5.043761,10.735,0.006481461884311524,-0.008536645885203182,-0.004022720927936931,-0.004513924957266255,0.010530440467911706,0.019443102078527043,0.9250000000000003,0.015018107769514706,0.010190924232510116,496,1.0,False,,0.9165487977369166,28317,0.0875703417002921,0.13369458073579366
1901832,X3,X,0.91696,43.81609,0.2238,1.0,36.462135,-4.694663,11.119,0.012987051285123235,-0.0021301249319787604,-0.005796207515895912,0.003666082583917152,0.012920637594827327,0.005339033587324616,0.9250000000000003,0.015117176217101996,0.010228874013285318,496,1.0,False,0.3602892079125282,0.9627213420316869,28317,-0.053512208393137306,-0.007387969357635745
1255737,X3,X,0.91896,43.99813,0.273,0.99997,36.612926,-4.358287,9.867,0.007177095043599842,-0.00798876345732883,-0.001953126120319064,-0.006035637337009769,0.007443611049285652,0.018321067704842764,0.9250000000000003,0.015165858500928673,0.010247522554206794,496,1.0,False,,0.9960035523978685,28317,0.12277620815012791,0.16890044718562947
1252926,X3,X,0.92427,43.53843,0.1469,0.99791,36.34676,-4.232247,10.716,0.039674617807648034,0.024379507843159537,0.0028301531405454192,0.021549354702614116,0.041535978228217654,-0.055616712359588774,0.9250000000000003,0.015295109964488499,0.010297034430353312,496,1.0,False,0.05359435006521957,0.9952737298148877,28317,-0.352134885845523,-0.30601064681002144
1617068,X3,X,0.93075,43.84946,0.1804,0.99967,36.283894,-4.507851,11.075,0.0076535074770851036,-0.007793729763807757,-0.0011103825796208496,-0.006683347184186908,0.0037782606074436478,0.01797179966780829,0.9250000000000003,0.01544723724089286,0.010400058576001275,496,1.0,False,,0.9613715277777778,28317,-0.059551841545115614,-0.013427602509614053
1262782,X3,X,0.94444,43.77582,0.2108,0.99918,35.992165,-3.717134,10.155,0.008562697967575568,-0.007204428724454053,-0.006231961704190495,-0.0009724670202635585,0.005439642146149365,0.016649664457300692,0.9250000000000003,0.01576712669202962,0.01062913972247384,496,1.0,False,0.03972351936804426,0.0,28317,-0.17175277194486005,-0.1256285329093585
1252620,X3,X,0.95299,43.72467,0.1978,0.9988,37.267628,-4.127444,11.408,0.015124727016102388,-0.0008421845413194365,-0.0013119941005899907,0.0004698095592705516,0.013744897587111489,0.0025477891083440923,0.9750000000000003,0.015966911557421824,0.010772210854858091,496,1.0,False,0.005012826486566734,0.17998075072184794,28317,-0.21506055093094412,-0.20058384007279373
1395159,X3,X,0.9569,44.31416,0.1857,0.99951,37.148476,-4.052038,10.424,0.03386902824586439,0.01781075308333338,-0.0008539277396352185,0.018664680822968596,0.03055471330203716,-0.03979724449945745,0.9750000000000003,0.016058275162531006,0.010837638706042,496,1.0,False,,0.4512750455373406,28317,0.36361294955531653,0.3780896604134669
1339276,X3,X,0.96363,43.79246,0.1456,0.99972,36.668465,-5.112953,9.667,0.015572416427951511,-0.000643116295291726,0.005502342982421896,-0.006145459277713625,0.004642044629370779,0.002337298523230273,0.9750000000000003,0.016215532723243237,0.01095025493071405,496,1.0,False,,0.9460563955864324,28317,-0.17660326423463013,-0.16212655337647974
1559048,X3,X,0.98,44.12,0.2005,0.99999,36.981483,-4.575696,11.23,0.009379247971128424,-0.007220403626817171,-0.001104872594267215,-0.006115531032549956,0.016723246493205262,0.016560773769124237,0.9750000000000003,0.016599651597945596,0.011173602578593731,496,0.95,False,,0.8939472322814278,28317,0.10642432519228483,0.12090103605043523
1299327,X3,X,0.98158,43.88271,0.1318,0.881,36.817474,-3.962692,10.469,0.022232571566638007,0.005595492911720967,0.012949588755041822,-0.007354095843320857,0.02113914316888637,-0.011914072023566355,0.9750000000000003,0.01663707865491704,0.011184058431468035,496,1.0,False,,0.36423029808084934,28317,-0.1351230857220086,-0.12064637486385821
1935095,X3,X,0.99268,43.88061,0.1729,0.96762,36.690975,-4.44588,10.913,0.041971343192549845,0.02507132761840302,-0.002876098492230396,0.02794742611063341,0.02581974275857723,-0.05587368655182703,0.9750000000000003,0.016900015574146825,0.011257514106724206,496,1.0,False,0.3503221791757834,0.9640439932318104,28317,-0.1669435970432941,-0.1524668861851437
1311921,X3,X,1.04436,44.00793,0.228,0.99994,36.541035,-4.25513,11.446,0.03073597839919236,0.012619892535855864,0.02017393708839465,-0.007554044552538786,0.02022549078791924,-0.027405933311855063,1.0250000000000004,0.018116085863336497,0.011729596731813263,496,1.0,False,,0.9617996604414262,28317,-0.08787269025989164,-0.15933467469579754
1259241,C2,C,0.10543,38.31943,0.1444,1.0,54.516796,-28.858683,10.578,0.0007726863046699483,0.00033640939100638284,0.00038322154080239304,-4.681214979601012e-05,0.0007800087132145388,-0.0007273845484973221,0.125,0.00043627691366356547,0.00023840291719665107,497,1.0,False,,0.038461538461538464,0,-0.11272296549267248,-0.12603962049347062
1336975,C1,C,0.11048,38.25468,0.1023,1.0,54.81839,-27.15556,10.747,0.0014292118512565565,0.000992934937592991,0.0010397470873890011,-4.681214979601012e-05,0.0022367372139497636,-0.0021593688890891895,0.125,0.00043627691366356547,0.00023840291719665107,497,1.0,False,,0.0,0,-0.2859254322360274,-0.29924208723682555
1289982,C3,C,0.11621,41.38301,206.3178,0.0,53.069942,-27.550137,8.218,1.2423955647650902e-05,-0.00042385295801591454,-0.00037704080821990434,-4.681214979601012e-05,0.0001766782962429714,0.0009247802718960484,0.125,0.00043627691366356547,0.00023840291719665107,497,1.0,False,0.4765142759874934,0.9794117647058823,0,2.724888565228923,2.711571910228125
1879649,C1,C,0.11979,39.18096,194.6456,0.0,54.787868,-26.176155,11.605,0.0005722593408578995,0.00013598242719433404,0.00018279457699034424,-4.681214979601012e-05,0.001056591926076864,-0.00029242194482944717,0.125,0.00043627691366356547,0.00023840291719665107,497,0.95,False,,0.0,0,0.4521647470048078,0.43884809200400965
1833339,C1,C,0.13051,38.87889,0.1062,0.9999,54.652912,-27.662128,10.681,0.002783159588505501,0.002264574627198677,0.0023483892006790604,-8.381457348038301e-05,0.00468664871230964,-0.004954424214182665,0.125,0.000518584961306824,0.00029422268202980233,497,1.0,False,0.6393486125730865,0.3730612244897959,0,-0.050211068959363794,-0.06352772396016193
1871023,C1,C,0.1484,39.93288,192.4317,0.0,53.913521,-27.527784,10.699,4.6242932355564846e-05,-0.0007395817698474298,-0.0005356268407021769,-0.00020395492914525293,0.00011477228859385035,0.001617833896893645,0.125,0.0007858247022029947,0.0004754596317330834,497,1.0,False,,0.9739269955876454,0,0.7016354244260652,0.688318769425267
1299775,C2,C,0.16008,39.12071,0.1843,1.0,53.438869,-29.6768,10.697,0.0003817164000662098,-0.000578583437612876,-0.000484479760516167,-9.410367709670895e-05,0.0007825079653539884,0.0012712501177486056,0.17500000000000004,0.0009602998376790858,0.0005937853764247726,497,1.0,False,,0.0,0,-0.2164420846239349,-0.3031888253270181
1303279,C1,C,0.17273,39.29306,0.0826,0.99338,54.906944,-27.813091,10.363,0.0001516731755718145,-0.0009975915990740993,-0.00063024847242598,-0.00036734312664811936,0.0005006012402052962,0.002185551321658701,0.17500000000000004,0.0011492647746459137,0.0007219378310780149,497,1.0,False,,0.0,0,-0.2250202858328049,-0.31176702653588806
1303496,C2,C,0.17978,39.69446,0.1495,1.0,53.848282,-29.592043,10.416,0.0006454228754152338,-0.0006120214963295532,-0.0007578186151955048,0.00014579711886595156,0.002510285557724885,0.0013433421596237088,0.17500000000000004,0.001257444371744787,0.0007977479529706095,497,1.0,False,0.12249741477224566,0.0,0,0.08084317500920721,-0.005903565693875953
1339392,C2,C,0.18148,39.3871,0.0959,1.0,54.124512,-28.569908,10.323,0.00026738456282660836,-0.0010164739942400284,-0.0006790444645075517,-0.0003374295297324764,0.0001602937142343111,0.002230325857277709,0.17500000000000004,0.0012838585570666367,0.0008165310304970848,497,1.0,False,,0.9480314960629921,0,-0.24903109389273195,-0.3357778345958151
1261193,C1,C,0.19246,39.86546,0.2171,1.0,53.348316,-26.694571,9.993,0.0135204383292706,0.012065975210536959,0.01257312649325719,-0.0005071512827202312,0.00817317781007281,-0.026540207647421633,0.17500000000000004,0.001454463118733641,0.0009378476135798487,497,1.0,False,,0.0,0,0.08847349017839465,0.0017267494753114877
1879208,C1,C,0.19471,39.99672,0.087,1.0,54.109879,-27.698069,10.658,0.006947389498143012,0.0054579664282481,0.005802688837917819,-0.00034472240966971856,0.00029874352562545345,-0.011929984569328967,0.17500000000000004,0.0014894230698949123,0.0009627075691295955,497,1.0,False,,0.9563543003851092,0,0.19179526757418616,0.105048526871103
1253920,C1,C,0.19555,39.74864,0.1067,1.0,54.629383,-27.042751,9.433,0.001004708370619499,-0.0004977664143756212,3.1693744543394775e-05,-0.0005294601589190161,0.0009710003040783617,0.001107707898391015,0.17500000000000004,0.0015024747849951203,0.0009719886192015011,497,1.0,False,,0.0,0,-0.0666381089924212,-0.15338484969550437
1281119,C2,C,0.19902,40.11619,0.197,0.99827,53.364723,-29.188217,10.992,0.00034828422593269066,-0.0012081065726311463,-0.0007457599511066259,-0.00046234662152452036,0.0012052697717828671,0.0026491560355470633,0.17500000000000004,0.001556390798563837,0.0010103281950937773,497,1.0,False,,0.37732426303854877,0,0.2585760721348297,0.1718293314317465
1782065,C2,C,0.20173,39.82988,0.1012,1.0,54.268177,-29.632381,10.391,0.0012359718348765524,-0.00036252628264152667,0.0001942741789424452,-0.0005568004615839722,0.0023316298420497776,0.000813119135436617,0.22500000000000003,0.001598498117518079,0.0010402706304448053,497,1.0,False,,0.0,0,-0.14354463717340415,-0.14706972840219223
1283373,C1,C,0.20753,40.16818,0.1003,1.0,54.946644,-26.73,10.291,0.000300023498706414,-0.001388593604027387,-0.0008035376911706031,-0.0005850559128567839,0.0017028015604702944,0.0030473493402327113,0.22500000000000003,0.001688617102733801,0.001104354071417486,497,1.0,False,,0.0,0,0.12635248170185953,0.12282739047307145
1324509,C2,C,0.21062,39.95602,0.1525,1.0,54.563309,-28.812611,10.322,0.0011462551249640852,-0.0005903736440311955,-3.781391812820393e-05,-0.0005525597259029915,0.003594329929691867,0.0013034712478363396,0.22500000000000003,0.0017366287689952807,0.0011384950770391383,497,1.0,False,0.7611637012439907,0.10812043795620438,0,-0.1215282928661434,-0.1250533840949315
1791048,C1,C,0.21094,39.90133,0.1228,0.99936,54.441032,-27.14596,10.862,0.00046708970992855866,-0.0012745111410096583,-0.0006214255348151729,-0.0006530856061944853,0.0005216551265490146,0.002803366504733555,0.22500000000000003,0.0017416008509382169,0.0011420307151617688,497,1.0,False,,0.00196078431372549,0,-0.1798896907188574,-0.1834147819476455
1257366,C1,C,0.21136,40.13584,0.164,1.0,53.900276,-26.96896,10.76,0.0007094648895813436,-0.001038661818906977,-0.0009237751938494214,-0.00011488662505755576,0.00230990888137284,0.0022870154910908922,0.22500000000000003,0.0017481267084883205,0.0011466712401977215,497,1.0,False,,0.0,0,0.049809435857989484,0.04628434462920139
1887027,C2,C,0.21303,40.10499,0.1764,0.99989,53.79583,-28.532192,10.809,0.003715419320151355,0.0019413445590233348,-0.0009109543718130375,0.0028522989308363725,0.0068044720976497405,-0.004238585697673079,0.22500000000000003,0.00177407476112802,0.0011651228516502002,497,1.0,False,,0.9957752429235319,0,-8.215966597012242e-05,-0.0036072508947582148
1297501,C3,C,0.21492,39.79939,0.2285,1.0,51.838905,-28.125561,9.467,0.0007090684634189669,-0.0010943726566845211,-0.0004118507970650541,-0.0006825218596194672,0.0023233765735642246,0.0024085934641688567,0.22500000000000003,0.0018034411201034882,0.0011860052143119876,497,1.0,False,,0.7486960644855382,0,-0.32706586581467967,-0.33059095704346775
1249851,C2,C,0.21511,40.09896,0.0946,1.0,55.21851,-29.400743,11.059,0.00025939528865151945,-0.001546998005105587,-0.0008853923814964753,-0.0006616056236091116,0.0008857425728925529,0.0033966440765847896,0.22500000000000003,0.0018063932937571064,0.0011881044994472994,497,1.0,False,0.28975977483520016,0.0,0,-0.02963588987634401,-0.033160981105132104
1371126,C3,C,0.21601,40.25572,0.0889,0.99999,52.936153,-28.254185,10.068,0.0001969988844664765,-0.0016233783897551387,-0.0009661778475785084,-0.0006572005421766303,9.926594313145772e-05,0.0035636439312720803,0.22500000000000003,0.0018203772742216152,0.0011980484816671985,497,1.0,False,,0.9778672032193159,0,0.11701091952415689,0.1134858282953688
1304442,C3,C,0.21711,40.18207,0.1705,0.99993,52.16317,-28.108171,9.274,0.00018327645520037946,-0.0016541923507000793,-0.0009596938916648741,-0.0006944984590352056,0.0008163314114144256,0.0036304488650539444,0.22500000000000003,0.0018374688059004589,0.0012102022377137411,497,1.0,False,,0.9776989356310187,0,0.03105330038869349,0.027528209159905396
1290816,C1,C,0.21847,40.31675,0.1664,1.0,54.172913,-27.840004,8.794,0.0005224428103578478,-0.0013361573438000908,-0.0010948280238158021,-0.00024132931998428888,0.003474515274819254,0.002928606441837339,0.22500000000000003,0.0018586001541579386,0.0012252286997349216,497,1.0,False,,0.972457627118644,0,0.15059632017513458,0.1470712289463465
1304678,C1,C,0.21883,40.10356,0.1106,1.0,54.869934,-27.643902,10.917,0.0005829881910262356,-0.0012812055553175063,-0.0005687367692889334,-0.0007124687860285732,0.002466620185079785,0.0028156566826727783,0.22500000000000003,0.001864193746343742,0.0012292062926228808,497,1.0,False,,0.0,0,-0.06658589797404167,-0.07011098920282977
1302187,C3,C,0.21942,39.96014,0.1979,1.0,52.161919,-27.142319,9.467,0.0003251937172229508,-0.00154816730520308,-0.0008394095314824225,-0.0007087577737206577,8.71283117274374e-05,0.0034017973166022026,0.22500000000000003,0.001873361022426031,0.0012357251254114811,497,1.0,False,,0.966900702106319,0,-0.21653554781616258,-0.22006063904495066
1259352,C3,C,0.21986,40.0411,0.1358,1.0,52.776966,-27.869511,10.463,0.0005267778251184997,-0.0013534198099790689,-0.0006469082047168374,-0.0007065116052622313,0.002019767152334078,0.00297484548179745,0.22500000000000003,0.0018801976350975684,0.0012405866278300981,497,1.0,False,,0.9370288248337029,0,-0.14043452650409982,-0.1439596177328879
1259246,C2,C,0.22284,40.09276,0.1782,1.0,53.373383,-29.133615,10.973,0.0003528729924379883,-0.0015736271557531753,-0.0009576239690985368,-0.0006160031866546387,0.0014955978534517411,0.0034562293440526656,0.22500000000000003,0.0019265001481911636,0.0012735122578470962,497,1.0,False,,0.4499779638607316,0,-0.1214476897574439,-0.12497278098623199
1879426,C3,C,0.22941,40.24144,0.1026,1.0,52.475765,-27.617565,7.683,0.002146801531566948,0.00010403254790308358,0.0005410014872041815,-0.00043696893930109793,0.0032426888035301327,-0.0001978589335190654,0.22500000000000003,0.0020427689836638643,0.0013688165510953641,497,1.0,False,,0.9955595026642984,0,-0.04339439897307605,-0.046919490201864145
1262201,C2,C,0.23279,40.78688,201.5004,0.0,54.562641,-29.187325,10.096,0.0001331746917003085,-0.0019729844539521355,-0.0011378890336327433,-0.0008350954203193919,0.000629430284348533,0.00433112766259627,0.22500000000000003,0.002106159145652444,0.0014235700493745766,497,1.0,False,,0.0,0,0.4664381511681004,0.4629130599393123
1834104,C1,C,0.23928,40.38821,0.0998,0.92859,54.90638,-27.837212,10.409,0.004459193529538715,0.0022313177710738805,-0.0006695729026256847,0.0029008906736995646,0.0011398017126586942,-0.004870729596107433,0.22500000000000003,0.0022278757584648346,0.0015287032457746035,497,1.0,False,0.004179846362403969,0.0,0,0.000720264491734584,-0.0028048267370535084
1366436,C2,C,0.23954,40.44745,0.1127,1.0,53.637478,-29.511131,7.956,0.001572168862955537,-0.0006605830618161119,0.00014089041261763826,-0.0008014734744337498,0.0009340394115663437,0.001482140371528403,0.22500000000000003,0.002232751924771649,0.0015329150533345433,497,1.0,False,0.5671136066605353,0.0,0,0.05730945633640695,0.05378436510761886
1368188,C3,C,0.24003,40.4215,0.0905,1.0,53.096249,-28.794407,10.866,0.0017226163339469041,-0.0005193252888645089,0.00028770510696654833,-0.0008070303958310573,0.0017856331592355141,0.00116919574492596,0.22500000000000003,0.002241941622811413,0.0015408526906590444,497,1.0,False,,0.9825859817152808,0,0.026370937415253,0.022845846186464906
1780045,C2,C,0.24283,40.52226,0.1151,1.0,55.173668,-29.151709,10.698,0.002523116274624639,0.00022866209158600064,0.0005753246335315604,-0.0003466625419455598,0.00357579647458259,-0.00046714996143868304,0.22500000000000003,0.0022944541830386385,0.0015862106182276227,497,1.0,False,,0.0,0,0.09880475081491548,0.09527965958612739
1246275,C1,C,0.24605,40.59366,0.0993,1.0,54.64724,-26.401073,9.658,0.0004926339826308305,-0.0018622096446691172,-0.0009258023574375519,-0.0009364072872315659,0.003013032256038652,0.004084575515721002,0.22500000000000003,0.002354843627299948,0.0016383722349314882,497,0.85,True,,0.0,0,0.13800113800938796,0.13447604678059988
1302359,C3,C,0.25308,40.46937,0.1693,1.0,52.210163,-28.713831,10.956,0.004805003909289769,0.0023183162468478928,0.003181981225187772,-0.0008636649783398795,0.012085619741987906,-0.00513721910710235,0.275,0.002486687662441876,0.001752253031648313,497,1.0,False,0.24589012672774285,0.9719547928003349,0,-0.05077268433412022,-0.0587873346545662
1279420,C1,C,0.25691,40.48353,0.173,1.0,55.085125,-27.652449,10.979,0.003098839219306528,0.0005403218762681256,-0.0014001083972886292,0.0019404302735567547,0.006473230351696288,-0.0011576310563939946,0.275,0.0025585173430384025,0.0018142961968581903,497,1.0,False,0.32658662911425634,0.0,0,-0.07344713035224962,-0.0814617806726956
1262232,C3,C,0.26103,40.86697,0.7274,0.0677,53.225716,-28.239973,8.655,0.004836833565341179,0.0022010477408255734,-0.0010340515924173051,0.0032350993332428786,0.008153381727286283,-0.004806629228974967,0.275,0.0026357858245156054,0.001881037147423384,497,0.975,False,,0.9693564862104188,0,0.2709324816128032,0.26291783129235724
1261784,C1,C,0.26523,40.9081,0.2072,0.99998,53.495426,-26.862234,10.122,0.0015288078769398984,-0.001185746787916546,-6.274139835057762e-05,-0.0011230053895659685,0.005945290070789383,0.002604759195763355,0.275,0.0027145546648564443,0.0019490740387762525,497,1.0,False,,0.0004784688995215311,0,0.27282649837588485,0.2648118480554389
1319870,C2,C,0.26767,42.34894,219.2544,0.0,54.921764,-28.315973,10.301,0.0007347870099410883,-0.0020255286002562245,-0.0013163038939618048,-0.0007092247062944195,0.002683420996219259,0.004458631912121032,0.275,0.0027603156101973125,0.0019886002328002995,497,1.0,False,,0.0,0,1.6911354579598878,1.683120807639442
1309288,C2,C,0.26793,40.59362,0.1009,0.99996,54.64481,-29.194363,10.929,0.0005982093154317754,-0.0021669824610723505,-0.000986376168704335,-0.0011806062923680155,0.0022508115693998837,0.004768286752697451,0.275,0.002765191776504126,0.0019928120403602386,497,1.0,False,,0.0,0,-0.06657417617231678,-0.07458882649276277
1968046,C1,C,0.27255,40.77936,0.115,1.0,54.753632,-26.418295,10.774,0.0018865727109198007,-0.0009652647899592479,0.00022303667250333798,-0.0011883014624625861,0.0010514676273440128,0.0021619390985668924,0.275,0.0028518375008790486,0.0020676526208483936,497,0.875,True,,0.0,0,0.0770577710452188,0.06904312072477281
1260556,C1,C,0.27437,40.7618,0.1667,1.0,53.319195,-27.01804,10.382,0.0002486212870269168,-0.0026373493779998287,-0.0013970383604406035,-0.001240311017559225,0.0006413273000469789,0.005798476382654978,0.275,0.0028859706650267453,0.0020971352737679696,497,1.0,False,,0.4388593523441276,0,0.04309083270312194,0.03507618238267596
1547086,C3,C,0.27578,41.07373,0.2755,1.0,53.16853,-28.51787,9.125,0.0004709087369900717,-0.0024405401180606803,-0.001239100401788748,-0.001201439716271932,0.0017782461447415623,0.00536883770100764,0.275,0.002911448855050752,0.00211926469849611,497,1.0,False,,0.9868651488616462,0,0.342379032312266,0.33436438199182006
1305756,C1,C,0.27589,40.66582,0.6008,0.1853,53.495224,-26.872267,8.895,0.0019159343775102186,-0.0009974412916905545,0.00022432093737563552,-0.00122176222906619,0.005801526344907933,0.002197993473697581,0.275,0.002913375669200773,0.00212094627287146,497,1.0,False,,0.0014292520247737017,0,-0.06651469148270897,-0.07452934180315496
1297465,C3,C,0.27784,41.00841,0.1548,1.0,51.794724,-27.822512,10.013,7.586468334358406e-05,-0.0028716681457893888,-0.0016122722927882857,-0.0012593958530011033,0.0005443594858235191,0.00630991639278427,0.275,0.002947532829132973,0.0021507560004344842,497,1.0,False,,0.7821393523061825,0,0.2586965282505674,0.2506818779301214
1290967,C1,C,0.2811,40.48691,0.2756,0.99995,54.056625,-26.969536,9.991,0.001791819235746096,-0.0012128173581966077,-2.7354909247326352e-05,-0.0011854624489492814,0.00420100876138477,0.0026835784170515884,0.275,0.003004636593942704,0.002200591750103952,497,1.0,False,,0.0,0,-0.2916068031294045,-0.29962145344985047
1902212,C3,C,0.28169,41.08529,0.2777,1.0,52.720451,-28.292814,9.578,0.0017332253190690135,-0.0012817460053147147,-4.63080575135021e-05,-0.0012354379478012128,0.004692180145166291,0.0028317032092146557,0.275,0.003014971324383728,0.002209611103571739,497,1.0,False,,0.9959532374100719,0,0.3015933710693873,0.2935787207489413
1302123,C3,C,0.29156,40.86883,0.1032,1.0,52.45343,-28.578407,10.497,0.0003433838958554458,-0.002844475207262035,-0.00159743197270446,-0.0012470432345575756,0.0016233237268750648,0.0062568504085148266,0.275,0.003187859103117481,0.0023604941861599723,497,1.0,False,0.3678807024063923,0.9450800915331807,0,-6.282893124157432e-05,-0.008077479251687555
1547071,C3,C,0.29911,40.90452,0.2192,1.0,52.683243,-28.847214,9.727,0.027389823922369546,0.024069715302591492,-0.0014107580495200834,0.025480473352111576,0.0072023856898623,-0.05308590642534109,0.275,0.0033201086197780522,0.0024759113364680937,497,1.0,False,0.11108374194640946,0.9839865149599663,0,-0.027760744655992577,-0.03577539497643856
1294948,C2,C,0.30246,40.40637,4.0643,0.0036,55.089336,-29.04821,9.626,0.005938022998883496,0.0025592341299911503,0.0036966395331201247,-0.0011374054031289744,0.011308161624364144,-0.005625880859023029,0.32500000000000007,0.003378788868892346,0.002527122919717393,497,1.0,False,,0.0,0,-0.5646874687377809,-0.5615783061706294
1335717,C3,C,0.30477,41.1145,0.1841,1.0,52.860222,-28.353428,9.607,0.0023596791714218016,-0.001059572794620997,7.874118093250467e-05,-0.0011383139755535019,0.005013507989837952,0.0023647431258250326,0.32500000000000007,0.0034192519660427986,0.0025624359815997456,497,1.0,False,,0.9948392219134577,0,0.12453898473005098,0.12764814729720242
1340954,C2,C,0.30517,40.87119,0.138,1.0,53.187054,-29.028412,11.361,0.01316872996297802,0.009742471400026053,7.078027787648516e-05,0.009671691122149568,0.005134632508351349,-0.021369820431673757,0.32500000000000007,0.0034262585629519678,0.0025685507975101093,497,1.0,False,0.018212186918179253,0.9445129469790382,0,-0.12203088542764162,-0.11892172286049019
1319821,C2,C,0.3088,41.09949,0.1098,1.0,53.357265,-29.471197,10.254,0.0037984574500183814,0.00030861402011570123,-0.0014973385582006853,0.0018059525783163865,0.0032529323290769164,-0.0006003748052803935,0.32500000000000007,0.00348984342990268,0.002624042751896664,497,1.0,False,,0.0,0,0.07686519277788706,0.0799743553450385
1323831,C3,C,0.31079,41.72013,258.7145,0.0,52.853771,-27.137886,10.623,0.001962074203955036,-0.0015626270455707616,-2.43652885527038e-05,-0.0015382617570180582,0.002898314755090756,0.003480158718679579,0.32500000000000007,0.0035247012495257975,0.0026544639610507252,497,1.0,False,,0.9910179640718563,0,0.6815211323854194,0.6846302949525709
1880686,C1,C,0.31406,41.01342,0.1067,1.0,53.438457,-26.467484,10.565,0.003136679930956006,-0.0004453002483022499,-0.000108449729251838,-0.0003368505190504123,0.002753248111229816,0.0010497408587093453,0.32500000000000007,0.003581980179258256,0.002704452581117951,497,1.0,False,,0.0,0,-0.05124961438166819,-0.04814045181451676
1943111,C3,C,0.31562,41.11746,0.1092,1.0,52.31076,-27.163143,11.048,0.0037742711389558937,0.0001649652317518768,-0.0016367040513239753,0.0018016692830758524,0.009949860585175262,-0.00036666958835014467,0.32500000000000007,0.003609305907204017,0.002728300363168371,497,1.0,False,0.346057372189538,0.987192118226601,0,0.040446085628395585,0.043555248195547014
1929024,C1,C,0.31564,41.12722,0.2304,1.0,53.818714,-27.822989,9.892,0.0007830662376724928,-0.0028265899993769822,-0.0014299952949489879,-0.0013965947044279944,0.00041663512220816107,0.006239091949041973,0.32500000000000007,0.003609656237049475,0.002728606103963889,497,0.95,False,,0.9815354713313897,0,0.05004819225436508,0.05315735482151651
1897267,C3,C,0.3192,41.09362,0.2375,1.0,53.318344,-27.696924,9.553,0.0062302157598316445,0.002558200810290562,0.0023101722249249017,0.0002480285853656604,0.004773528646584128,-0.005517268493616249,0.32500000000000007,0.0036720149495410824,0.002783027965566129,497,1.0,False,0.5126591873862948,0.9733152419719584,0,-0.011510386546398457,-0.008401223979247027
1366482,C3,C,0.32154,41.20996,0.1495,1.0,52.570965,-28.321358,9.306,0.0008489290305343979,-0.002864074510925325,-0.0017450862622113443,-0.0011189882487139808,0.0011066745447830622,0.006323647717969862,0.32500000000000007,0.003713003541459723,0.002818799638641759,497,1.0,False,0.2667039968521574,0.9359653346172364,0,0.08660910732862648,0.08971826989577791
1303215,C1,C,0.32869,41.61532,0.2189,0.9999,55.12767,-26.843824,10.192,0.022842878300534532,0.018999468049814016,0.020665631109853932,-0.001666163060039915,0.012468754077157116,-0.04189878257415522,0.32500000000000007,0.0038434102507205158,0.0029145551684429004,497,1.0,False,,0.0,0,0.43704609466151056,0.440155257228662
1337687,C1,C,0.32869,41.13399,0.1199,1.0,55.047112,-26.975615,8.283,0.0021990504658540473,-0.0016443597848664684,2.9255372495082255e-05,-0.0016736151573615507,0.0036798188335089538,0.0036629239557103514,0.32500000000000007,0.0038434102507205158,0.0029145551684429004,497,1.0,False,,0.0,0,-0.04428390533848924,-0.04117474277133781
1293783,C3,C,0.32874,41.12827,0.1753,1.0,52.130798,-28.779669,11.041,0.002459534624668327,-0.0013848214207133878,1.1646354772248176e-05,-0.001396467775485636,0.005419476567240729,0.003080305148489371,0.32500000000000007,0.0038443560453817146,0.002915135959393802,497,1.0,False,,0.9664429530201343,0,-0.05038407330467775,-0.04727491073752632
1316465,C3,C,0.32909,41.09302,0.1402,1.0,52.797436,-27.958868,9.117,0.0009174273501985201,-0.0029335492578115865,-0.0012379388225107358,-0.0016956104353008509,0.003982333935423024,0.006463556762042024,0.32500000000000007,0.0038509766080101065,0.0029192014960501087,497,1.0,False,0.2552949762619537,0.9100968188105117,0,-0.08829375118939764,-0.0851845886222462
1449074,C1,C,0.33186,41.23828,0.1149,1.0,54.907127,-26.499468,10.578,0.000893456356746015,-0.003009917275494511,-0.0014331428524309894,-0.0015767744230635217,0.0026184026566147436,0.006642824321500122,0.32500000000000007,0.003903373632240526,0.0029513773147300227,497,1.0,False,,0.0,0,0.03600869949986619,0.03911786206701762
1339217,C3,C,0.33191,41.09795,0.2958,1.0,51.791145,-27.910803,9.879,0.0008270930409701935,-0.003077226385931531,-0.0018063473113187002,-0.0012708790746128304,0.001607466271299066,0.006787016047226459,0.32500000000000007,0.0039043194269017243,0.0029519581056809234,497,1.0,False,0.0053381985269275,0.7779316712834718,0,-0.104698105399884,-0.10158894283273256
1306141,C2,C,0.33239,41.05229,0.1308,1.0,54.89777,-28.910248,9.747,0.02618591035681148,0.022272511301162246,0.023577759500763226,-0.001305248199600983,0.007277356276503151,-0.049071479951321155,0.32500000000000007,0.003913399055649234,0.0029575336988095736,497,1.0,False,,0.0,0,-0.1539727607546274,-0.15086359818747597
1257356,C1,C,0.33257,41.07062,0.1195,1.0,54.37751,-26.515162,10.169,0.0032924871045781124,-0.0006243168118514378,-0.0015725084602625896,0.000948191648411152,0.0010385572968059523,0.0014126396381580406,0.32500000000000007,0.00391680391642955,0.002959624546232816,497,1.0,False,0.005725778007909547,0.0,0,-0.13699701058640612,-0.13388784801925468
1309492,C3,C,0.33352,41.0983,0.1097,1.0,53.300854,-28.024961,9.329,0.004081763490078898,0.0001469894750865692,0.001196206612463546,-0.0010492171373769773,0.0063949730861966965,-0.00026995088798811503,0.32500000000000007,0.003934774014992329,0.002970659574299935,497,0.85,True,,0.9404888416578109,0,-0.11645321651043672,-0.11334405394328528
1346956,C2,C,0.33352,41.1466,0.149,0.99999,54.343567,-28.826454,6.908,0.0005315462644154315,-0.0034032277505768975,-0.0020671767391246356,-0.0013360510114522619,0.0011670089292803415,0.007504971010534135,0.32500000000000007,0.003934774014992329,0.002970659574299935,497,1.0,False,,0.12106210621062106,0,-0.06815321651043915,-0.06504405394328772
1257609,C3,C,0.33389,41.09655,0.2212,0.99999,53.019035,-28.62245,11.014,0.007625806352108395,0.003684033456623194,0.005241282490467174,-0.0015572490338439796,0.007283978946563259,-0.008011035413331776,0.32500000000000007,0.003941772895485201,0.0029749574273366026,497,1.0,False,,0.964542000844238,0,-0.1209774892034835,-0.11786832663633207
1319066,C2,C,0.33403,41.33285,0.2211,1.0,54.948833,-28.900427,8.882,0.0009994555212756249,-0.0029449655992609333,-0.0018510434246725117,-0.0010939221745884216,0.003052481809722487,0.006498688038419484,0.32500000000000007,0.003944421120536558,0.0029765836419991254,497,1.0,False,0.21256643403821507,0.0,0,0.11427352828508164,0.11738269085223307
1309293,C2,C,0.33472,41.17467,0.21,1.0,53.945694,-28.484144,9.235,0.0009983183828325658,-0.0029591547040285363,-0.001899770652577975,-0.0010593840514505617,0.003996859169482889,0.006524220658529775,0.32500000000000007,0.003957473086861102,0.0029845985571215587,497,1.0,False,,0.9879377431906615,0,-0.04907051664348271,-0.045961354076331284
1297318,C2,C,0.33479,41.35422,0.2108,0.99999,53.740826,-28.626862,10.039,0.0019265993881310175,-0.002032197811255763,-0.0019177153085233548,-0.0001144825027324086,0.0036570866537111273,0.004511204466999331,0.32500000000000007,0.0039587971993867805,0.0029854116644528195,497,1.0,False,,0.8272992093216812,0,0.12995614560919877,0.1330653081763502
1346966,C2,C,0.33513,41.11304,0.13,1.0,55.340591,-29.1497,9.501,0.006265177031558317,0.002299948428475384,-0.0020326889653472734,0.004332637393822658,0.00715774908837746,-0.004978762061476008,0.32500000000000007,0.003965228603082933,0.0029893610429189464,497,1.0,False,,0.0,0,-0.11376434017237413,-0.1106551776052227
1262163,C2,C,0.3352,42.21636,15.655,0.0004,55.22084,-29.451693,10.663,0.0010606832106436956,-0.0029058695049649164,-0.0019954970292494715,-0.0009103724757154447,0.0034930624543237283,0.006411746746006043,0.32500000000000007,0.003966552715608612,0.002990174150250208,497,1.0,False,0.016851408028759753,0.0,0,0.9890329149235194,0.9921420774906708
1246281,C1,C,0.33549,41.20914,0.135,1.0,53.726334,-27.622108,10.616,0.000943053103818303,-0.003028985220825263,-0.0013049689363027121,-0.0017240162845225508,0.0035761019788528906,0.006679554565765539,0.32500000000000007,0.003972038324643566,0.002993542737765434,497,1.0,False,,0.9766763848396501,0,-0.020351666190507538,-0.017242503623356106
1330530,C1,C,0.33633,41.13656,0.2469,1.0,54.110645,-27.91552,9.986,0.001884586124037249,-0.002103341550914459,-0.0017271098512189214,-0.00037623169969553706,0.00635509130877665,0.004637278777013529,0.32500000000000007,0.003987927674951708,0.00300330002574057,497,1.0,False,,0.988412017167382,0,-0.09919172353634365,-0.09608256096919221
1287437,C2,C,0.33681,41.40221,0.3103,0.99979,55.153214,-28.954496,11.307,0.001999599305991558,-0.001997407997707659,-0.0010330762499856255,-0.0009643317477220333,0.003056825780749039,0.004443845885657011,0.32500000000000007,0.003997007303699217,0.003008875618869219,497,1.0,False,,0.0,0,0.16288759839926514,0.16599676096641658
1871017,C1,C,0.3372,41.11461,0.0989,1.0,54.025715,-27.74655,10.827,0.0015691915354930036,-0.0024351929665635645,-0.0016574160461828291,-0.0007777769203807352,0.006125068321610248,0.005360879232601684,0.32500000000000007,0.004004384502056568,0.0030134057882862464,497,1.0,False,,0.9789879931389366,0,-0.12761010926483662,-0.12450094669768519
1909375,C3,C,0.33753,41.21254,0.0889,1.0,52.875629,-28.24177,10.583,0.0012753495665785023,-0.002735277180241978,-0.0015946129750060737,-0.0011406642052359044,0.005325073874933815,0.006019755240886283,0.32500000000000007,0.00401062674682048,0.003017239008562193,497,1.0,False,,0.9706362153344209,0,-0.032129592551819124,-0.02902042998466769
1313057,C3,C,0.33754,41.43363,0.2215,1.0,51.647289,-28.021437,10.375,0.0019953420567860774,-0.002015473848966643,-0.000553659221121024,-0.0014618146278456185,0.006626864594438857,0.0044362034872086915,0.32500000000000007,0.00401081590575272,0.0030173551667523734,497,1.0,False,,0.3314533622559653,0,0.18888621530951555,0.19199537787666698
1322819,C2,C,0.33759,41.39351,0.1225,1.0,54.478546,-28.444288,11.541,0.0011184065370012678,-0.002893355163412651,-0.0019264018052841995,-0.0009669533581284512,0.005459629461729472,0.00636862738933158,0.32500000000000007,0.004011761700413919,0.003017935957703274,497,1.0,False,,0.891977760127085,0,0.14839528514732991,0.15150444771448135
1263197,C2,C,0.33778,40.99379,0.1457,1.0,54.324608,-28.489838,10.143,0.003251904078912453,-0.0007634516412140229,0.0007000800709954982,-0.0014635317122095204,0.0043720428161517395,0.0017467629336606425,0.32500000000000007,0.004015355720126476,0.003020142963316698,497,1.0,False,0.13516422730194794,0.983514274225975,0,-0.2527337856126769,-0.24962462304552546
1300912,C3,C,0.3378,41.1826,0.2109,1.0,52.038166,-27.532742,9.59,0.00042921284968796007,-0.003586521188302994,-0.0018637829931761433,-0.0017227381951268506,0.0012273371287516907,0.00790727226411423,0.32500000000000007,0.004015734037990954,0.003020375279697058,497,1.0,False,,0.9760217983651226,0,-0.06407206614793692,-0.06096290358078549
1723034,C1,C,0.33784,41.3674,0.177,0.99728,54.346664,-27.856716,10.871,0.0013426489479530903,-0.0026738417257668222,-0.001765820540356189,-0.0009080211854106335,0.0023519470974297367,0.005918471800489381,0.32500000000000007,0.0040164906737199125,0.003020839912457779,497,1.0,False,,0.9858528698464026,0,0.12043139717156437,0.1235405597387158
1262131,C2,C,0.33802,41.20249,0.1091,1.0,53.521297,-28.807737,10.223,0.002830886572512014,-0.0011890089619882157,0.00024504460290638913,-0.0014340535648946046,0.00592830587280823,0.0026482104542508503,0.32500000000000007,0.0040198955345002296,0.0030229307598810227,497,1.0,False,,0.2577268195413759,0,-0.04581261563785032,-0.042703453070698894
1343337,C2,C,0.33899,41.12532,0.2524,0.9955,54.559311,-28.710089,9.69,0.0011020184332033464,-0.002936225517724142,-0.0015323629413465563,-0.0014038625763775853,0.006811925229960744,0.0064467385084935975,0.32500000000000007,0.004038243950927488,0.0030341981043285017,497,1.0,False,,0.37463617463617466,0,-0.13016015667359027,-0.12705099410643883
1319614,C1,C,0.3392,41.41143,0.2125,0.99401,53.330334,-26.903692,10.09,0.0007777124134876587,-0.0032645038750168647,-0.0019108772827223018,-0.001353626592294563,0.001109621922019379,0.007203881439554627,0.32500000000000007,0.004042216288504524,0.0030366374263222857,497,1.0,False,0.4232377538829152,0.16690856313497823,0,0.15439844776146516,0.1575076103286166
1643312,C2,C,0.34037,41.1496,0.193,1.0,55.24202,-28.717981,10.399,0.008838876384211575,0.004774528500634997,0.002510777862668153,0.0022637506379668457,0.011132615138489803,-0.010480400659198598,0.32500000000000007,0.004064347883576578,0.0030502279345733683,497,1.0,False,0.5737445630684064,0.0,0,-0.11605879131726538,-0.11294962875011394
1332819,C3,C,0.3418,41.15902,0.1509,1.0,51.964836,-28.707684,10.748,0.007192451120856533,0.0031010535099696675,-0.001341069279974261,0.004442122789943929,0.010500573410544898,-0.00680346011045185,0.32500000000000007,0.0040913976108868655,0.003066838555769136,497,1.0,False,0.024817409449992542,0.9453621346886912,0,-0.11714597034730956,-0.11403680778015812
1249805,C2,C,0.34273,40.60507,338.1609,0.0,54.046764,-29.787718,10.279,0.00519537636712938,0.0010863869755442148,0.002143688166364778,-0.0010573011908205634,0.0065637763228724956,-0.002320005548933659,0.32500000000000007,0.004108989391585165,0.003077641267455894,497,1.0,False,0.02865058500219702,0.0,0,-0.6779074808385067,-0.6747983182713553
1301936,C2,C,0.34304,41.62383,0.2295,1.0,54.948486,-28.880768,8.925,0.0011638186266720927,-0.002951034691812506,-0.0020081534587479237,-0.0009428812330645823,0.0036415963772825715,0.006514090190001275,0.32500000000000007,0.004114853318484599,0.003081242171351481,497,1.0,False,0.42639087443411955,0.0,0,0.338585819973907,0.34169498254105846
1332747,C3,C,0.34305,41.40908,0.2962,1.0,53.140968,-27.796667,9.3,0.0008169439846977698,-0.003298098492719068,-0.0019652783601392288,-0.0013328201325798392,0.001540882307675369,0.0072833779425994765,0.32500000000000007,0.004115042477416838,0.0030813583295416606,497,1.0,False,0.2467890249804549,0.9944725932749885,0,0.12376273224133827,0.1268718948084897
1297365,C2,C,0.34316,42.74336,224.7118,0.0,54.320808,-28.520174,10.154,0.0014840987186955942,-0.0026330245069758826,-0.0010836708301999757,-0.0015493536767759058,0.0013199232181096072,0.005838553910861273,0.32500000000000007,0.004117123225671477,0.003082636069633643,497,1.0,False,0.13061735012954517,0.9831240188383046,0,1.457238897412878,1.4603480599800294
1318661,C2,C,0.34451,41.44891,0.1724,0.8995,55.129574,-28.489967,10.793,0.002323641144994572,-0.0018190185365292732,-0.0021763892521674375,0.0003573707156381645,0.0038702075744195693,0.004057649345963122,0.32500000000000007,0.004142659681523845,0.003098317425307969,497,1.0,False,0.007504592751262574,0.0,0,0.15294304456450136,0.1560522071316528
1921361,C2,C,0.34459,41.26558,0.1332,1.0,54.859001,-28.851612,8.368,0.000963291164547034,-0.0031808817884347307,-0.001878552210607746,-0.001302329577826984,0.0011873995320806933,0.007032039902906013,0.32500000000000007,0.0041441729529817645,0.003099246690829411,497,1.0,False,0.19925032909660198,0.0,0,-0.03096929100015499,-0.027860128433003558
1309330,C2,C,0.34472,42.25376,7.0706,0.0021,54.250053,-28.739643,9.058,0.016547400107826356,0.012400768088725474,0.014150894692108427,-0.0017501266033829546,0.008779548976601517,-0.027210009172329068,0.32500000000000007,0.004146632019100881,0.003100756747301753,497,1.0,False,,0.44551282051282054,0,0.9562646807762855,0.9593738433434369
1256570,C3,C,0.34548,41.36581,0.1073,1.0,52.585506,-27.807026,10.287,0.0006507223587181636,-0.003510285739232941,-0.0017169560455160583,-0.0017933296937168827,0.0018445894682713605,0.007745042652430567,0.32500000000000007,0.004161008097951105,0.003109584769755448,497,1.0,False,,0.9714876033057851,0,0.06279065945109552,0.06589982201824696
1835110,C2,C,0.3455,41.26919,0.1147,1.0,54.591019,-28.885574,8.595,0.0005373545338776467,-0.003624031881937937,-0.0019202547956747563,-0.0017037770862631803,0.0016068069758055222,0.007993469774360452,0.32500000000000007,0.004161386415815584,0.003109817086135808,497,1.0,False,,0.0009041591320072332,0,-0.03397455744888644,-0.030865394881735005
1432017,C1,C,0.34579,41.43032,0.2147,0.96779,55.070843,-27.628639,10.701,0.03196911290507145,0.027802240880220912,-3.047885425550706e-05,0.02783271973447642,0.007333726791636295,-0.06146501470211141,0.32500000000000007,0.004166872024850537,0.0031131856736510335,497,1.0,False,0.10454082732075583,0.0,0,0.12505067219703336,0.1281598347641848
1277715,C3,C,0.34601,41.29064,0.1507,1.0,52.283127,-28.463232,9.089,0.002941924335704041,-0.0012291091856557715,0.00058277629003195,-0.0018118854756877208,0.003332852489843281,0.002775310794665712,0.32500000000000007,0.004171033521359812,0.0031157411538349986,497,1.0,False,,0.9254058797718298,0,-0.01622495953876834,-0.013115796971616907
1658072,C2,C,0.34721,42.87201,218.2322,0.0,53.864655,-28.618612,10.526,0.010932088641310596,0.00673835604808201,-0.0006846847174127885,0.007423040765494798,0.007704884272532615,-0.014682529687283674,0.32500000000000007,0.004193732593228586,0.003129680136656622,497,1.0,False,,0.8782643631980716,0,1.556458105792053,1.5595672683592043
1593067,C2,C,0.34776,41.64355,0.2071,0.99981,54.871262,-29.832689,10.453,0.009357233498772655,0.0051530971642708805,0.0064826572240382005,-0.0013295600597673187,0.013697506665095184,-0.011370273552106683,0.32500000000000007,0.004204136334501774,0.0031360688371165324,497,1.0,False,,0.0,0,0.32402588668843124,0.3271350492555827
1326216,C1,C,0.34832,42.90996,218.4352,0.0,54.537334,-26.977034,9.739,0.0005666026055850678,-0.0036481266291221344,-0.0020719787038668445,-0.0015761479252552895,0.0013803856639966585,0.00804850593805596,0.32500000000000007,0.004214729234707202,0.003142573695766623,497,1.0,False,,0.0,0,1.5863974214030132,1.5895065839701645
1295315,C1,C,0.34886,41.22103,0.1176,1.0,55.076405,-27.63142,10.898,0.0278598072323121,0.02363486341526395,-0.0013801606843309923,0.025015024099594944,0.007096380577682981,-0.05212754901692352,0.32500000000000007,0.00422494381704815,0.003148846238036354,497,1.0,False,0.10657888883946444,0.0,0,-0.1064211195434771,-0.10331195697632567
1248677,C3,C,0.35016,41.3179,0.1075,1.0,53.646282,-28.126492,9.564,0.00024029967032390372,-0.004009234807915417,-0.0023043611012331156,-0.001704873706682301,0.000911425350000824,0.008836844290772031,0.3750000000000001,0.004249534478239321,0.003163946802759779,497,0.925,False,,0.9917910447761195,0,0.008452470726243354,-0.015780432301786936
1432027,C1,C,0.35039,41.25919,0.1755,1.0,54.698223,-27.294216,10.892,0.0030973648830476255,-0.001156520250633209,0.0007379152158533608,-0.0018944354664865697,0.006349375557564118,0.002593660995059639,0.3750000000000001,0.004253885133680834,0.003166618441133923,497,1.0,False,,0.08798882681564246,0,-0.05190637550323328,-0.07613927853126357
1256933,C1,C,0.35284,41.51424,0.1552,1.0,54.898941,-27.6159,10.577,0.001960933234778816,-0.002339295837300765,-0.0006866487367374627,-0.0016526471005633018,0.00651761116170817,0.005169105376540559,0.3750000000000001,0.004300229072079581,0.003195077197728071,497,1.0,False,,0.0,0,0.1856418024472747,0.1614088994192444
1324562,C2,C,0.35299,41.39783,0.127,1.0,53.795815,-28.448366,10.303,0.0013609998339958076,-0.0029420666220673713,-0.0017493213491445833,-0.001192745272922787,0.0040407685179382,0.006503456312783372,0.3750000000000001,0.004303066456063179,0.0031968195705807745,497,1.0,False,,0.9804817275747508,0,0.06816392462667,0.04393102159863971
1295592,C3,C,0.35631,41.30196,0.115,1.0,52.805927,-28.313578,10.912,0.007185206318834077,0.002819339097267292,0.0036841982446303096,-0.0008648591473630171,0.011047397806280699,-0.006154790492734605,0.3750000000000001,0.004365867221566785,0.003235384089720599,497,1.0,False,,0.9945742904841403,0,-0.05123473555098866,-0.07546763857901895
1324790,C1,C,0.35723,41.28873,0.1998,1.0,53.612473,-27.337473,9.326,0.0055564290800705005,0.0011731592367376564,0.003105118608008718,-0.0019319593712710612,0.005359143685503322,-0.0024715263109951376,0.3750000000000001,0.004383269843332844,0.0032460706432171768,497,1.0,False,0.11160230764129886,0.8613199665831245,0,-0.07094876747103439,-0.09518167049906467
1397029,C1,C,0.35942,42.35098,164.6259,0.0,54.640053,-27.672644,9.273,0.01891387235380453,0.014489176704311173,0.015682289286985285,-0.00119311258267411,0.012914879512625398,-0.0319071552908054,0.3750000000000001,0.004424695649493356,0.0032715092868666395,497,1.0,False,,0.4178981937602627,0,0.9759284851732305,0.9516955821452002
1307830,C3,C,0.35948,41.52797,0.1065,1.0,53.294861,-27.957586,10.394,0.0007481406735839259,-0.0036776899295028684,-0.0024015575707245765,-0.0012761323587782913,0.005835368426725915,0.008091807801462817,0.3750000000000001,0.0044258306030867944,0.003272206236007721,497,0.8,True,,0.9571713147410359,0,0.15249853736205968,0.12826563433402938
1315950,C3,C,0.35948,41.45362,0.1031,1.0,53.294842,-27.957588,10.692,0.0007481424674530281,-0.0036776881356337665,-0.002401559866695438,-0.0012761282689383278,0.005835988764490554,0.008091796791138084,0.3750000000000001,0.0044258306030867944,0.003272206236007721,497,0.8,True,,0.9571713147410359,0,0.07814853736205708,0.053915634334026796
1645158,C1,C,0.36048,41.30285,0.1706,0.99962,54.691879,-27.787325,10.147,0.00478124980300154,0.0003365033066907667,0.0019556099430764673,-0.0016191066363856993,0.01165879813147215,-0.0007592005826186094,0.3750000000000001,0.004444746496310773,0.0032838220550257405,497,1.0,False,,0.2715439856373429,0,-0.07961104238776483,-0.10384394541579511
1346137,C1,C,0.36326,41.35083,0.1855,1.0,53.259071,-26.854086,9.904,0.0003678849913988434,-0.004129447688074588,-0.002364708478889074,-0.0017647392091855135,0.0027320502565575337,0.009104202367962888,0.3750000000000001,0.004497332679473431,0.0033161140318958343,497,1.0,False,,0.09037769784172661,0,-0.050968032762871304,-0.07520093579090159
1330533,C1,C,0.36444,41.57902,0.1242,1.0,53.947861,-27.633768,10.189,0.006661077654360157,0.0021414242208824324,0.0031516226225500443,-0.0010101984016676108,0.0016098060886839758,-0.00456359032682813,0.3750000000000001,0.004519653433477724,0.003329820698337097,497,1.0,False,,0.972814721873693,0,0.16905563501181878,0.14482273198378848
1339402,C2,C,0.36538,42.59691,138.5198,0.0,54.005287,-29.790758,9.941,0.0035496250845938613,-0.0009878092885144017,0.00019184758777232103,-0.0011796568762867223,0.0032542436372950618,0.0022667835473718072,0.3750000000000001,0.004537434373108263,0.003340739568214035,497,1.0,False,0.011586518038934216,0.0,0,1.180457780038775,1.1562248770107446
1447133,C3,C,0.3654,41.48489,0.2179,0.99806,53.181614,-27.514706,10.099,0.009685465430357162,0.005147652739384419,-0.0018538414771492673,0.007001494216533687,0.013009968889757572,-0.011316015830293371,0.3750000000000001,0.004537812690972743,0.003340971884594396,497,1.0,False,,0.9539069359086918,0,0.06829990882235694,0.04406700579432665
1920365,C2,C,0.36549,41.40332,0.1088,1.0,53.764412,-28.693748,10.57,0.002034882751956216,-0.0025046323694066855,-0.0014406947262425303,-0.001063937643164154,0.00783931270843579,0.005515081388314377,0.3750000000000001,0.0045395151213629015,0.003342017308306018,497,1.0,False,,0.6132075471698113,0,-0.013890425055390492,-0.03812332808342078
1299746,C2,C,0.36571,41.38879,0.1978,0.99973,53.939522,-28.97506,10.258,0.06721166934519483,0.06266799272732265,0.06334989609144295,-0.000681903364120297,0.025627968460126254,-0.14187020715857204,0.3750000000000001,0.004543676617872176,0.0033445727884899817,497,1.0,False,,0.0,0,-0.029936200547599694,-0.054169103575629984
1299643,C1,C,0.37678,41.46815,0.1329,1.0,55.102699,-26.722181,9.406,0.009028095038150295,0.004274030964552864,0.00623110185575553,-0.0019570708912026646,0.007637383593090725,-0.00928790881658071,0.3750000000000001,0.004754064073597432,0.003473348784519428,497,1.0,False,,0.0,0,-0.025775809187504533,-0.05000871221553482
1315795,C1,C,0.37813,41.30302,0.2025,0.9914,55.124214,-27.538908,11.511,0.00735149753328836,0.0025711472853310532,-0.0022534876264705146,0.0048246349118015695,0.012979536616560861,-0.00567613111622714,0.3750000000000001,0.004780350247957307,0.0034891733914999123,497,1.0,False,,0.0,0,-0.19993581925865964,-0.22416872228668994
1837096,C1,C,0.37937,41.65466,0.1759,0.99997,55.002499,-26.924553,10.993,0.01601456528379345,0.01121007069790559,0.0132785340090185,-0.002068463311112908,0.010647511970864078,-0.024598020737754946,0.3750000000000001,0.004804494585887858,0.0035037085860597636,497,1.0,False,,0.0,0,0.14343627608352297,0.11920337305549267
1948209,C3,C,0.37942,41.57089,0.1261,1.0,52.55257,-28.832695,9.129,0.0034528314928374106,-0.001352636655063774,-0.0018398032276334736,0.0004871665725696998,0.006156618483841903,0.0030413477829080767,0.3750000000000001,0.004805468147901185,0.0035042946826145957,497,1.0,False,0.39362920647808497,0.9741558982909546,0,0.05933341922856118,0.035100516200530896
1299785,C2,C,0.38131,41.52151,0.1744,1.0,53.912125,-28.319021,10.114,0.017557766769001306,0.012715497976996296,0.014414563050801733,-0.0016990650738054366,0.00687441173861946,-0.02784037469507302,0.3750000000000001,0.0048422687920050105,0.0035264491323872735,497,1.0,False,,0.9690140845070423,0,-0.0025988045799008944,-0.026831707607931184
1324582,C2,C,0.38185,41.63203,0.1558,1.0,53.308872,-29.191101,11.064,0.0010789243247772856,-0.003773858936971675,-0.0019056376194411815,-0.0018682213175304923,0.001707078028331704,0.008352133335601123,0.3750000000000001,0.0048527832617489604,0.003532778975179467,497,1.0,False,,0.460172963131543,0,0.10434545421400844,0.08011255118597815
1262135,C2,C,0.38328,41.50629,0.1276,1.0,54.139385,-28.613455,10.838,0.00920011384658448,0.00431948671125432,0.0008096467120731273,0.003509839999181193,0.005699082813829311,-0.00937859043741509,0.3750000000000001,0.0048806271353301605,0.0035495413366476835,497,1.0,False,0.02384188306055174,0.8404423380726699,0,-0.030841009149764714,-0.055073912177795004
1246314,C1,C,0.38337,41.6293,0.2593,0.99999,54.836571,-26.640257,9.621,0.013468435097840226,0.008586055550886075,0.00932913626789732,-0.0007430807170112459,0.013286333508779016,-0.018880939623484926,0.3750000000000001,0.004882379546954152,0.0035505963104463818,497,1.0,False,,0.0,0,0.09157555332538737,0.06734265029735709
1283272,C1,C,0.38353,41.49537,0.2463,0.99978,54.395096,-26.35754,10.564,0.0015285075380135262,-0.003356987407383277,-0.001691786580455292,-0.0016652008269279848,0.0027411532389390804,0.007442738688459314,0.3750000000000001,0.004885494945396803,0.0035524718194218465,497,1.0,False,,0.0,0,-0.04340912739378365,-0.06764203042181394
1291788,C2,C,0.384,41.77543,0.2684,0.99999,53.768295,-29.662498,9.079,0.006052915614681964,0.001158269186359871,0.00170737927269914,-0.0005491100863392689,0.012293177943676382,-0.0025692998254663313,0.3750000000000001,0.004894646428322093,0.0035579811270372744,497,1.0,False,,0.0,0,0.23355510898578605,0.20932220595775575
1702096,C2,C,0.38809,41.8912,0.2693,0.96354,53.458267,-29.470592,10.235,0.0019485896131410897,-0.0030256941878712886,-0.0016646664264868894,-0.0013610277613843986,0.003835202680678197,0.006717026165632391,0.3750000000000001,0.004974283801012378,0.0036059238252225917,497,1.0,False,,0.0,0,0.322532940014422,0.29830003698639174
1702083,C2,C,0.38884,41.61793,0.1517,1.0,55.035934,-29.200302,9.528,0.001785215669624726,-0.003203671561587583,-0.0025003560294727715,-0.0007033155321148107,0.004489385904819029,0.007099725603369912,0.3750000000000001,0.004988887231212309,0.0036147152735450825,497,1.0,False,0.07686990582068486,0.0,0,0.044378421786230325,0.020145518758200035
1643313,C2,C,0.39044,41.64288,0.1628,1.0,54.514984,-29.538666,10.712,0.0008372153753401657,-0.004182825840298662,-0.002004489336826855,-0.002178336503471806,0.0013674974155111377,0.0092523325536952,0.3750000000000001,0.005020041215638827,0.0036334703632997303,497,1.0,False,0.06556198038031125,0.0,0,0.05893729804286653,0.03470439501483624
1307953,C3,C,0.39146,41.58434,150.6151,0.0,52.967472,-28.252638,7.962,0.0036957313635903343,-0.0013441705171203977,-0.0012572460531303314,-8.69244639900655e-05,0.01066350417507234,0.002937456140022665,0.3750000000000001,0.005039901880710732,0.0036454267330183177,497,1.0,False,,0.97796817625459,0,-0.0062064158443289955,-0.030439318872359285
1923155,C3,C,0.39201,41.5727,0.279,0.99999,51.865753,-28.515875,9.444,0.0009436807049714259,-0.004106930357885922,-0.0023551513698617287,-0.0017517789880241931,0.0028099817472361857,0.009081442530914488,0.3750000000000001,0.005050611062857348,0.003651873795121478,497,1.0,False,,0.9393139841688655,0,-0.02140061103634548,-0.04563351406437577
1291794,C2,C,0.39512,41.69227,0.1505,1.0,55.169369,-28.712151,10.609,0.02195324432049572,0.016842077700409328,0.0034508353247851738,0.013391242375624154,0.015864583460267603,-0.03721710201941487,0.3750000000000001,0.005111166620086392,0.0036883290008320737,497,1.0,False,,0.0,0,0.07815878153785451,0.05392587850982422
1254762,C2,C,0.39827,41.80643,0.2807,0.99993,55.135178,-29.220783,9.978,0.008379621990939726,0.0032071209640136275,-0.002087711306635438,0.005294832270649067,0.009674122160601602,-0.006974694447204555,0.3750000000000001,0.005172501026926099,0.0037252530837865363,497,1.0,False,,0.0,0,0.17219945488667623,0.14796655185864593
1920362,C2,C,0.39835,41.44377,0.186,1.0,55.186558,-29.210386,10.46,0.0035508795117392376,-0.0016231792144081863,-0.0016816369845418793,5.84577701336934e-05,0.005142920000207616,0.0036543057338324428,0.3750000000000001,0.005174058726147424,0.0037261908382742685,497,1.0,False,,0.0,0,-0.1909695838632258,-0.2152024868912561
1335885,C1,C,0.39932,41.77158,0.2252,0.99999,54.912159,-27.22237,10.836,0.0019585654661710993,-0.0032343803630349014,-0.0010647614969807747,-0.0021696188660541263,0.0021081611665906127,0.007196306131356518,0.3750000000000001,0.005192945829206001,0.0037375611114380237,497,1.0,False,0.221736271903496,0.0,0,0.1306758710334849,0.10644296800545461
1581048,C1,C,0.40194,41.59565,0.1439,1.0,54.883392,-27.715481,9.86,0.0014456731040848603,-0.0037982873746195637,-0.001922240458148848,-0.0018760469164707156,0.0048771259601119235,0.008409896471252464,0.42500000000000016,0.005243960478704424,0.003768272570911259,497,1.0,False,,0.0,0,-0.0911683093215127,-0.08606834137405017
1257419,C2,C,0.40361,41.68997,0.1559,1.0,53.678093,-29.525766,10.484,0.0018417797047784138,-0.0034346977451711882,-0.001433135210819178,-0.002001562534352009,0.005006364757332792,0.0076191977798877675,0.42500000000000016,0.005276477449949602,0.003787848195842672,497,1.0,False,0.34880771724339377,0.0,0,-0.0073649499996714515,-0.002264982052208927
1304777,C2,C,0.40476,41.65098,0.1446,1.0,53.546795,-29.374111,11.149,0.0011168957824430825,-0.004181973593813079,-0.0020802258324712714,-0.0021017477613418066,0.006201206185799623,0.00922921636333237,0.42500000000000016,0.005298869376256161,0.003801328416603825,497,1.0,False,0.1399812067541787,0.0,0,-0.05357344791959899,-0.04847347997213647
1284601,C2,C,0.40512,41.74579,0.1379,1.0,53.993145,-29.505514,10.364,0.001990010033366834,-0.0033158689893852938,-0.001510386085463471,-0.0018054829039218221,0.0012164162631683102,0.0073828453430942655,0.42500000000000016,0.005305879022752128,0.0038055483117986205,497,1.0,False,,0.0,0,0.038980767952094666,0.04408073589955719
1308314,C2,C,0.40647,41.79909,0.1518,1.0,53.415836,-28.940893,7.934,0.0012653340677985995,-0.004066831129313402,-0.0020130732065431985,-0.0020537579227702034,0.0017408380470579352,0.009016330593192196,0.42500000000000016,0.005332165197112002,0.003821372918779104,497,1.0,False,,0.39299065420560747,0,0.08383814845873634,0.08893811640619886
1719037,C2,C,0.40746,41.71383,0.2001,0.99998,54.677017,-29.448082,10.29,0.00018374594977870628,-0.005167695775197203,-0.002855127982404816,-0.002312567792792387,0.0010212967689696862,0.011412059705476783,0.42500000000000016,0.005351441724975909,0.003832977630564792,497,1.0,False,,0.0,0,-0.007596546510742526,-0.002496578563280002
1892217,C1,C,0.40897,41.71107,0.1203,1.0,54.640263,-26.261753,10.396,0.0003658059781009105,-0.005015037319677526,-0.0027728823016569394,-0.0022421550180205855,0.002399320242467244,0.011077019668427742,0.42500000000000016,0.005380843297778436,0.0038506777465207405,497,0.925,False,,0.0,0,-0.019747692442509887,-0.014647724495047362
1495047,C3,C,0.41097,41.81159,0.1071,1.0,52.594322,-28.81996,10.034,0.008905473031064258,0.003485687252752675,-0.0013167589029265436,0.004802446155679218,0.01300150711792208,-0.007644646859822775,0.42500000000000016,0.005419785778311583,0.00387412160871405,497,1.0,False,,0.973998294970162,0,0.0683832378710368,0.07348320581849932
1301963,C2,C,0.41527,41.74117,0.1185,1.0,54.885662,-28.483166,10.242,0.002841925257080433,-0.0026615868543774157,-0.0014367917608580812,-0.0012247950935193354,0.007994714372124496,0.005907161098240448,0.42500000000000016,0.0055035121114578485,0.003924525912429665,497,1.0,False,,0.0,0,-0.02848439345274538,-0.023384425505282854
1289600,C3,C,0.41962,41.85497,0.2219,1.0,52.047855,-27.862896,9.451,0.004711766010519973,-0.0008764459960974719,0.0009168792630095562,-0.0017933252591070285,0.0027718731193115097,0.0020760450871954404,0.42500000000000016,0.005588212006617445,0.0039755163127001125,497,1.0,False,,0.9857887257224064,0,0.058818548126614204,0.06391851607407673
1265426,C2,C,0.42029,41.98525,0.1657,1.0,54.577587,-28.502853,9.409,0.019535513060762007,0.013934255323165959,-0.0022390832786434453,0.016173338601809403,0.01017563723009906,-0.030587567705399277,0.42500000000000016,0.005601257737596049,0.003983370006534871,497,1.0,False,0.0032458159953249006,0.6370341614906833,0,0.18504013860327478,0.19014010655073732
1338762,C1,C,0.42054,41.74141,0.1418,1.0,53.937702,-27.153252,9.776,0.0016508328137744795,-0.003955292733888213,-0.0021173457361380816,-0.0018379469977501317,0.00939527049895952,0.008699992853781466,0.42500000000000016,0.005606125547662693,0.003986300489309035,497,1.0,False,,0.21446700507614214,0,-0.06031265015870939,-0.055212682211246866
1306626,C1,C,0.42089,41.70125,0.1533,1.0,54.877239,-27.239111,8.766,0.00305785558055719,-0.002555084901198802,-0.00015643128069594073,-0.002398653620502862,0.006316153899520685,0.00570147752794205,0.42500000000000016,0.005612940481755992,0.003990403165192864,497,1.0,False,,0.0,0,-0.10258914815028201,-0.09748918020281949
1332721,C1,C,0.42224,42.12211,0.2173,0.99998,55.302456,-27.368612,9.909,0.004177847287655085,-0.0014613793684607823,0.0008848416623969272,-0.0023462210308577095,0.004043407829449971,0.00334472553793173,0.42500000000000016,0.005639226656115867,0.004006227772173348,497,1.0,False,,0.0,0,0.31012254042577797,0.3152225083732405
1257256,C3,C,0.42235,41.72469,0.2179,1.0,52.745926,-28.737968,11.1,0.007370641150787397,0.0017292726582422068,-0.0005552220147823578,0.0022844946730245642,0.007590382853846096,-0.003668360581122153,0.42500000000000016,0.00564136849254519,0.00400751718459398,497,1.0,False,,0.9822852081488043,0,-0.08796032664194324,-0.08286035869448072
1567044,C2,C,0.42273,41.77707,0.1626,1.0,54.657379,-28.392817,10.792,0.00502698951197981,-0.0006217780518666784,0.0007219302514604566,-0.0013437083033271352,0.01127666592907344,0.001393586331947064,0.42500000000000016,0.0056487675638464884,0.004011971518410709,497,1.0,False,0.1606559220653251,0.39805825242718446,0,-0.03786899458284647,-0.03276902663538395
1318659,C2,C,0.42354,42.3467,14.2731,0.0005,55.06525,-29.327761,8.819,0.007827084508762794,0.0021625452403003795,-0.002736526017357903,0.004899071257658283,0.013582164168087022,-0.004753537206066607,0.42500000000000016,0.005664539268462414,0.0040214662825989985,497,1.0,False,0.061564831335965305,0.0,0,0.5268889174459493,0.5319888853934118
1264039,C3,C,0.4246,42.03716,0.1172,0.99989,52.154263,-28.383789,9.162,0.0004995816646638103,-0.005185597118481171,-0.002770420182552385,-0.0024151769359287856,0.0010992674500135068,0.01146964329829315,0.42500000000000016,0.005685178783144981,0.004033891529561452,497,1.0,False,0.004001123122279965,0.9902912621359223,0,0.21098619199788732,0.21608615994534985
1280039,C1,C,0.42569,41.78831,0.2756,0.99995,55.222569,-26.756836,9.069,0.004193251894704322,-0.0015133665436153684,0.0009431480339928745,-0.0024565145776082433,0.006649062277535257,0.0034308757776931632,0.42500000000000016,0.0057066184383196905,0.004048153094897135,497,1.0,False,,0.0,0,-0.04439119872965118,-0.03929123078218866
1335432,C3,C,0.42692,41.93286,0.1314,1.0,51.550018,-28.163715,10.229,0.00292706516895701,-0.002803887944223171,-0.0008090499104942816,-0.0019948380337288896,0.002308939968637128,0.006287135972170973,0.42500000000000016,0.005730953113180181,0.004065217638757043,497,1.0,False,,0.03972983710766786,0,0.09281170259088374,0.09791167053834626
1655086,C3,C,0.42781,41.90016,0.1396,1.0,51.794254,-28.319195,8.853,0.002268988654788959,-0.003479572475160195,-0.0010889620694931957,-0.0023906104056669987,0.010430738049493897,0.007645367489593366,0.42500000000000016,0.005748561129949154,0.004077565154232911,497,1.0,False,,0.6238458450421518,0,0.05480779691403133,0.05990776486149385
1293789,C3,C,0.42857,41.90901,0.1242,1.0,52.168579,-28.185438,10.606,0.0026062403544662932,-0.003157356834746252,-0.0006447244395885931,-0.0025126323951576595,0.007395792383626866,0.007004246464874027,0.42500000000000016,0.0057635971892125454,0.004088109100032529,497,1.0,False,,0.9762658227848101,0,0.05913675093966238,0.0642367188871249
1618042,C3,C,0.42893,41.99425,0.11,1.0,52.186626,-28.5567,10.474,0.0012793276965404397,-0.004491391836533713,-0.0022385624198944616,-0.0022528294166392505,0.0037519377091660834,0.009952392218160352,0.42500000000000016,0.005770719533074153,0.004093103600674453,497,1.0,False,,0.9673123486682809,0,0.14223780976479122,0.14733777771225376
1810236,C1,C,0.42926,41.78248,0.5693,0.1141,53.537464,-27.449852,9.59,0.0010692834623579693,-0.004707964885922656,-0.0021955183858714923,-0.002512446500051164,0.003290132071676376,0.010427462427024654,0.42500000000000016,0.005777248348280625,0.0040976818929295495,497,1.0,False,,0.9978867286559594,0,-0.07149141724342438,-0.06639144929596186
1290007,C3,C,0.43112,41.79286,0.222,0.99999,52.02475,-28.404896,9.859,0.003164163627963977,-0.002649883496934951,-0.00022384734443902298,-0.002426036152495928,0.005869368177284495,0.0059249958935454206,0.42500000000000016,0.005814047124898928,0.004123486812912825,497,1.0,False,0.405263010788753,0.9259962049335864,0,-0.07212815073968197,-0.06702818279221945
1899442,C3,C,0.43144,41.86531,0.1443,0.99996,52.351391,-29.061783,10.876,0.0009357588011382382,-0.004884619296082119,-0.002376465178500012,-0.002508154117582106,0.00452808848264059,0.010803046837750303,0.42500000000000016,0.005820378097220357,0.00412792636903898,497,1.0,False,0.21877270440954566,0.9625246548323472,0,-0.0015690353013392685,0.003530932646123256
1252521,C1,C,0.43322,41.89547,0.1468,1.0,54.140556,-26.568298,9.074,0.0013307637262199266,-0.0045248304045383755,-0.002509347265991892,-0.0020154831385464827,0.004715496118701097,0.010018965449432671,0.42500000000000016,0.005855594130758302,0.0041526213999907155,497,1.0,False,,0.0,0,0.018096719146169463,0.023196687093631988
1277945,C3,C,0.43369,41.98253,0.1592,0.99995,52.630699,-28.180862,11.217,0.0027215622976541004,-0.003143330448701299,-0.0006046272036360121,-0.002538703245065287,0.004442066156518976,0.007017501557555058,0.42500000000000016,0.005864892746355399,0.0041591419980510054,497,1.0,False,,0.9738271604938271,0,0.10239247454961505,0.10749244249707757
1861164,C1,C,0.43446,41.74381,0.1521,0.99952,53.776703,-27.301983,9.18,0.000777534255853252,-0.005102592392650586,-0.0025739498071041932,-0.0025286425855463915,0.0013545099979537585,0.011301330769641772,0.42500000000000016,0.005880126648503838,0.004169824679979566,497,1.0,False,,0.7456896551724138,0,-0.1408501516539455,-0.13575018370648295
1933168,C1,C,0.43495,41.68241,0.1249,1.0,54.591236,-28.0464,11.224,0.0017024621402004373,-0.004187358809670586,-0.0022602432663840523,-0.001927115543286534,0.004515889078320521,0.009285571784842179,0.42500000000000016,0.0058898209498710235,0.00417662275029774,497,1.0,False,0.059688490888184224,0.6262626262626263,0,-0.2051242972471054,-0.20002432929964287
1297063,C1,C,0.43516,41.94989,0.1648,0.9999,53.751789,-27.299503,10.589,0.0011032979425760247,-0.004790677707880936,-0.0022352715116495635,-0.0025554061962313724,0.0020563949392577276,0.010621947127273143,0.42500000000000016,0.005893975650456961,0.004179536209005529,497,1.0,False,,0.74239431054919,0,0.061124850109995535,0.06622481805745806
1263930,C2,C,0.43578,42.07077,0.241,0.9995,53.447895,-29.441017,10.102,0.0021605404157612057,-0.0037457014935685234,-0.00221498160748805,-0.0015307198860804736,0.0020422632634625394,0.008348219207964996,0.42500000000000016,0.005906241909329729,0.004188137848999954,497,1.0,False,0.00702057418267421,0.0,0,0.178374132792482,0.18347410073994452
1308916,C1,C,0.43769,42.0173,0.1999,0.99907,55.022606,-27.152872,9.831,0.0034657098645906543,-0.002478320035782601,-0.001158692314820697,-0.0013196277209619029,0.004861402386895979,0.0055734411193890734,0.42500000000000016,0.005944029900373255,0.004214636449627941,497,1.0,False,,0.0,0,0.11374937876550935,0.11884934671297187
1880304,C2,C,0.44419,42.23434,0.1951,1.0,54.742691,-30.035425,10.521,0.0021623906004175145,-0.0039102371752347525,-0.001520085180962456,-0.002390151994272296,0.004769404431620469,0.008695483010517535,0.42500000000000016,0.006072627775652267,0.00430481493344046,497,1.0,False,0.2933893739743386,0.0,0,0.2931653792869729,0.29826534723443543
1904293,C3,C,0.44623,41.86956,0.1533,1.0,52.383957,-27.142618,10.019,0.0026402148254418274,-0.003472772898759547,-0.0030676859278682025,-0.00040508697089134326,0.00766419152989389,0.007713091947383536,0.42500000000000016,0.0061129877242013745,0.004333117103744698,497,1.0,False,,0.9995085995085995,0,-0.08331689634498456,-0.07821692839752203
1340539,C1,C,0.44766,42.08076,0.1646,1.0,54.401798,-26.540417,9.138,0.01258433476596191,0.006443055509199153,-0.0018825062658635173,0.00832556177506267,0.009537030196211225,-0.014073975490985328,0.42500000000000016,0.006141279256762756,0.0043529563701834514,497,1.0,False,0.07423013691060056,0.0,0,0.11970976792583816,0.12480973587330069
1862183,C1,C,0.44864,42.07056,0.182,0.99992,54.030453,-27.823572,10.328,0.0026235616499321627,-0.0035371062095649686,-0.001347456260726099,-0.0021896499488388683,0.0035613635632884876,0.007901345333760391,0.42500000000000016,0.006160667859497131,0.004366552510819801,497,1.0,False,,0.9901372212692967,0,0.1039225228114707,0.10902249075893322
1389177,C2,C,0.44895,42.1467,0.1632,0.99999,55.066742,-28.799351,10.857,0.00759177903196173,0.001424978043028215,-0.002628170659409168,0.004053148702437384,0.014041306532833666,-0.0031543053737889282,0.42500000000000016,0.006166800988933515,0.004370853330817014,497,1.0,False,,0.0,0,0.17829750080423895,0.1833974687517015
1330964,C1,C,0.45085,42.05493,0.175,0.99974,53.912296,-27.410366,10.823,0.0020335897549966556,-0.00417080138209534,-0.0014610217273235732,-0.0027097796547717653,0.0037890530758857566,0.009286978793745605,0.4750000000000001,0.006204391137091995,0.004397213195316057,497,1.0,False,,0.9833526906697638,0,0.06361851846214268,0.08083438544613997
1390164,C2,C,0.45102,41.96907,224.6577,0.0,54.298866,-28.942039,9.868,0.0022271119661210277,-0.0039806425000167255,-0.0025430343157722777,-0.0014376081842444473,0.00881780893629782,0.008804875762842968,0.4750000000000001,0.006207754466137754,0.004399571709508077,497,1.0,False,,0.0,0,-0.02320510754741871,-0.005989240563421424
1392400,C1,C,0.45205,41.9952,0.1557,1.0,54.931744,-26.412575,9.083,0.00223041642005629,-0.003997715863241062,-0.0016177413236648287,-0.0023799745395762326,0.004619292184938137,0.008903197462209998,0.4750000000000001,0.006228132283297352,0.004413861530789138,497,1.0,False,,0.0,0,-0.0029063051557683267,0.01430956182822896
1262084,C1,C,0.4536,42.18827,0.1602,1.0,53.772099,-26.352621,10.74,0.011806071314573296,0.005547273384094026,0.007738750083569279,-0.0021914766994752515,0.016542460613445033,-0.012214911342201196,0.4750000000000001,0.00625879793047927,0.0044353656307752004,497,1.0,False,0.2618326912493121,0.0,0,0.18141193408081352,0.19862780106481082
1512067,C2,C,0.45394,42.11224,0.2383,0.99999,55.255695,-28.718937,10.702,0.005047824719867635,-0.0012176998687031529,-0.0021192681559361777,0.0009015682872330257,0.007604725497201118,0.0027994197884215564,0.4750000000000001,0.006265524588570788,0.00444008265915924,497,1.0,False,0.044059589804256026,0.0,0,0.10346592868538114,0.12068179566937842
1900865,C3,C,0.45405,42.02548,0.1752,1.0,52.214001,-28.306299,10.854,0.013885688792524595,0.007617987932218316,-0.0016999900214601576,0.009317977953678475,0.01504193730048311,-0.016702241723094834,0.4750000000000001,0.006267700860306279,0.004441608756577606,497,1.0,False,0.07148997627316804,0.9711392405063292,0,0.0160863315496373,0.033302198533634586
1306360,C1,C,0.45478,41.99291,0.1649,1.0,53.676704,-26.487257,10.8,0.00274910322176069,-0.0035330401691538475,-0.0012276357204839597,-0.002305404448669888,0.005698524717346605,0.00788435328841764,0.4750000000000001,0.006282143390914537,0.004451736493990397,497,1.0,False,,0.0,0,-0.020591991308002197,-0.003376124324004911
1366475,C2,C,0.45546,42.04174,0.1428,0.99999,54.969227,-29.526552,8.834,0.0008747377976299663,-0.005420858909467606,-0.002764659486450856,-0.002656199423016749,0.003764450761847311,0.012008139008602594,0.4750000000000001,0.006295596707097572,0.004461170550758475,497,1.0,False,,0.0,0,0.024416615417408315,0.0416324824014056
1310963,C2,C,0.45919,42.59596,268.2323,0.0,54.152084,-29.405485,9.997,0.0008272599639904405,-0.00554213213922878,-0.002881932596872288,-0.002660199542356493,0.002851640212487072,0.01228424053589371,0.4750000000000001,0.006369392103219221,0.004512919126853967,497,1.0,False,0.3415662113912513,0.0,0,0.5577694813101319,0.5749853482941292
1253180,C3,C,0.46154,41.99253,0.1324,1.0,52.867115,-28.937235,10.861,0.005289248485250366,-0.0011266366959543465,0.0008082561570417037,-0.0019348928529960485,0.003449833314238254,0.002664928619107559,0.4750000000000001,0.006415885181204712,0.004545522117155417,497,1.0,False,,0.9805363321799307,0,-0.05872619362035163,-0.041510326636354344
1252970,C2,C,0.46198,42.14205,0.1674,0.99996,54.600655,-28.779106,10.364,0.0010692211822058116,-0.005355369085940864,-0.0028523471230649435,-0.0025030219628759194,0.004983496264610641,0.011861917309451575,0.4750000000000001,0.006424590268146676,0.00455162650682888,497,1.0,False,,0.15216421240517625,0,0.08835437986095958,0.10557024684495686
1889211,C1,C,0.46351,41.84578,0.1837,1.0,53.913631,-26.665627,11.034,0.00867837731404761,0.0022235170844891053,0.0049685971897462395,-0.0027450801052571337,0.007578156361143148,-0.004708110574583261,0.4750000000000001,0.006454860229558505,0.004572853134557057,497,1.0,False,0.004639530990563794,0.0,0,-0.21638129884848906,-0.19916543186449176
1699105,C2,C,0.4659,42.1394,0.2053,1.0,54.707993,-28.240286,10.837,0.01166930707403902,0.005167162394954847,-0.0017930923351605133,0.006960254730115361,0.028972186000951885,-0.011953605710844119,0.4750000000000001,0.006502144679084173,0.0046060110693742756,497,1.0,False,,0.24048442906574394,0,0.06406667205509838,0.08128253903909566
1854103,C2,C,0.4668,42.07812,0.2214,1.0,54.290474,-28.735392,10.862,0.009968037847406956,0.003448087308668765,0.006124214283254106,-0.00267612697458534,0.01651835097948361,-0.0076195395674842105,0.4750000000000001,0.006519950538738191,0.004618497320979087,497,1.0,False,,0.46476037051953284,0,-0.0021571361874277856,0.0150587307965695
1254671,C1,C,0.47065,42.18959,0.1977,0.99999,54.306995,-27.422146,9.678,0.005377234353546291,-0.001218885695934085,0.001676540636053599,-0.0028954263319876826,0.006283819487430619,0.002845526444980059,0.4750000000000001,0.006596120049480376,0.004671910730621887,497,1.0,False,,0.8113785557986871,0,0.08826448546317085,0.10548035244716814
1299758,C2,C,0.47241,42.1108,0.1774,0.99999,54.467381,-29.132839,10.273,0.0036566338061864083,-0.0029743065910618227,-8.645763444013049e-05,-0.0028878489566216913,0.007521110416241976,0.006659497823943565,0.4750000000000001,0.006630940397248231,0.004696328289315738,497,1.0,False,0.2666308976439986,0.0,0,-9.40370607478841e-05,0.017121829923249402
1265134,C3,C,0.47304,41.99333,0.1649,0.99992,52.43211,-28.790852,10.3,0.003775823259812224,-0.0028675812391938203,-0.0009323693712427073,-0.0019352118679511112,0.004675600436220118,0.006463908622578682,0.4750000000000001,0.006643404499006044,0.0047050686654391055,497,1.0,False,0.16059305925161568,0.9846808510638297,0,-0.12098102834659112,-0.10376516136259384
1936171,C2,C,0.47336,41.95528,0.1691,1.0,54.335392,-28.637262,10.975,0.0031356364792081495,-0.0035140989921193227,-0.0008675380325025195,-0.002646560959616802,0.0029226994343482253,0.007887235754386941,0.4750000000000001,0.006649735471327472,0.00470950822156526,497,1.0,False,0.4574170603247,0.7697896749521989,0,-0.16076501250662273,-0.14354914552262543
1261173,C1,C,0.47377,42.16709,0.1882,0.99998,54.807438,-26.82777,9.932,0.0037783563472264517,-0.0028794906823878513,-0.0010108677026966105,-0.0018686229796912397,0.005544035291336818,0.0064811201792609185,0.4750000000000001,0.006657847029614303,0.004715196402851896,497,1.0,False,0.12860215637446817,0.0,0,0.048824922639617976,0.06604078962361526
1702112,C3,C,0.47547,41.93506,0.1391,0.99998,53.606964,-28.116306,8.939,0.00037480789219531687,-0.006316061542327906,-0.0036536215659067352,-0.0026624399764211696,0.002461277157442811,0.013987996924976556,0.4750000000000001,0.006690869434523223,0.004739738484764434,497,0.875,True,,0.9922958397534669,0,-0.19239108258282994,-0.17517521559883265
1257775,C3,C,0.47598,42.14657,0.2271,0.98582,53.006115,-29.020988,9.653,0.001898397194485708,-0.004801899351366663,-0.002620553323749929,-0.0021813460276167342,0.006956517912794031,0.010650793158289429,0.4750000000000001,0.006700296545852372,0.00474785240903431,497,1.0,False,,0.9548141891891891,0,0.016369109665710545,0.03358497664970783
1252513,C1,C,0.47767,42.36789,0.1901,1.0,54.586636,-27.557007,8.984,0.003496524141501351,-0.0032350112634613342,-0.00043411878023400397,-0.0028008924832273294,0.008972739769033053,0.007205248607502872,0.4750000000000001,0.006731535404962685,0.004774739726712919,497,1.0,False,,0.4619399739016964,0,0.22859667184919646,0.24581253883319376
1562077,C3,C,0.47842,42.15208,0.1254,1.0,53.486023,-28.208179,9.04,0.004009522798211093,-0.0027358760057650455,-0.0011029086294180312,-0.0016329673763470127,0.004480363379937122,0.006184957929950595,0.4750000000000001,0.006745398803976139,0.004786671968286267,497,0.9,False,,0.9925415949512335,0,0.008761210376754217,0.025977077360751503
1318052,C3,C,0.48068,42.22484,0.2481,0.99948,52.430042,-28.082144,8.957,0.0021433561976970054,-0.004643817648639672,-0.0020180313018512428,-0.0026257863467884276,0.0010065669399894595,0.01036482647789021,0.4750000000000001,0.0067871738463366775,0.0048226277895606195,497,1.0,False,,0.9785061794734013,0,0.0694267816917888,0.08664264867578608
1309323,C2,C,0.48309,42.16315,0.1996,0.97065,54.588726,-28.809023,9.221,0.001168988889331045,-0.005662732679168862,-0.002962152408265963,-0.002700580270902898,0.004206234777627721,0.012565813411947797,0.4750000000000001,0.006831721568499907,0.004860970059149641,497,1.0,False,,0.10009057971014493,0,-0.005101845351624765,0.012114021632372522
1257335,C1,C,0.4841,42.31733,0.1739,0.99998,54.795918,-27.395206,10.064,0.006343069770218449,-0.0005073211756195751,0.002104638255658416,-0.0026119594312779895,0.008508523254925177,0.001267309130318403,0.4750000000000001,0.006850390945838024,0.004877038811135082,497,1.0,False,,0.007142857142857143,0,0.1437154816254848,0.1609313486094821
1285539,C2,C,0.48417,42.41342,0.391,0.99618,54.733749,-29.097792,9.635,0.012143015253971412,0.005291330390892133,0.00721465332540645,-0.0019233229345143156,0.013356437130804614,-0.01156336283461093,0.4750000000000001,0.006851684863079278,0.004878152487015262,497,1.0,False,,0.0,0,0.23943419969038632,0.2566500666743836
1878288,C2,C,0.48449,42.66061,0.2974,0.94655,54.897926,-28.904102,10.392,0.011550957090395343,0.004693357177070325,0.00694388773998602,-0.002250530562915694,0.005481118828082324,-0.010075339248872259,0.4750000000000001,0.006857599913325018,0.004883243576753222,497,1.0,False,,0.0,0,0.4849275509656083,0.5021434179496056
1332689,C1,C,0.48766,42.37723,0.2038,1.0,53.268791,-26.706356,9.781,0.002512007238926673,-0.004404188640895207,-0.0014729790930684949,-0.0029312095478267112,0.007006856959283702,0.009790425118443824,0.4750000000000001,0.00691619587982188,0.004933677184469903,497,1.0,False,,0.0,0,0.18479660905745748,0.20201247604145478
1319840,C2,C,0.4897,42.20478,0.1321,1.0,53.651169,-28.866386,10.285,0.004867937154652337,-0.0020859671704861367,-0.0014397946986958437,-0.0006461724717902921,0.005682310440239843,0.004769216801857322,0.4750000000000001,0.006953904325138474,0.004966132881549408,497,1.0,False,0.35993824259918106,0.027467411545623835,0,0.0016207007877683949,0.01883656777176568
1811099,C2,C,0.49007,42.63062,0.2075,0.99943,55.297054,-29.435305,10.787,0.0035667237525336018,-0.0033940198494515086,-0.0007932414117664886,-0.0026007784376850186,0.0011357196350334524,0.0076555774106789945,0.4750000000000001,0.00696074360198511,0.004972019454058925,497,1.0,False,,0.0,0,0.4255198032617004,0.4427356702456977
1292145,C2,C,0.49245,42.42148,0.2446,0.99999,53.630566,-29.648985,9.161,0.00714626099993757,0.00014152421174976927,0.00045383896758944674,-0.00031231475583967617,0.021520607263370004,-0.0006185084933549821,0.4750000000000001,0.007004736788187801,0.005009884433985014,497,1.0,False,,0.0,0,0.20392784921124746,0.22114371619524475
1254070,C2,C,0.49252,42.16607,0.1272,1.0,54.677597,-28.224133,10.684,0.005726871784665879,-0.0012791589207631782,-0.0028787251741405314,0.0015995662533773549,0.018846420871821652,0.002586769446284788,0.4750000000000001,0.007006030705429057,0.0050109981098651925,497,1.0,False,,0.3242553191489362,0,-0.05184752997917012,-0.03463166299517284
1253895,C1,C,0.49276,41.89829,0.1467,0.99628,54.488632,-27.308672,11.898,0.0006216101287953396,-0.006388856864318022,-0.003361415129850086,-0.003027441734467934,0.0019393209747881157,0.014172117233575863,0.4750000000000001,0.007010466993113361,0.005014816427168663,497,1.0,False,,0.3465620673742501,0,-0.3208798890978029,-0.3036640221138056
1318689,C2,C,0.49338,42.31278,0.1703,1.0,53.997478,-29.956131,8.743,0.01056906889619902,0.0035471414932345385,0.00361844001674423,-7.129852350969091e-05,0.02384097522453338,-0.008200265709542714,0.4750000000000001,0.007021927402964482,0.005024680413535964,497,1.0,False,0.0927560299454928,0.0,0,0.09037749503315258,0.10759336201714986
1703072,C1,C,0.49417,41.90544,0.1633,0.99995,53.82402,-26.152588,10.357,0.0014159894618469494,-0.005620540721411705,-0.0034323807670238677,-0.0021881599543878355,0.0041483676275809725,0.012489753896448358,0.4750000000000001,0.007036530183258654,0.005037249041326557,497,1.0,False,,0.0,0,-0.32107596884201667,-0.30386010185801937
1343208,C3,C,0.495,42.11753,0.1461,1.0,52.846588,-28.544113,10.557,0.00988259387312352,0.002830721528289979,-0.00011545053032351038,0.00294617205861349,0.0067800094612060074,-0.006012419828497586,0.4750000000000001,0.007051872344833541,0.005050454055334394,497,1.0,False,0.08448160535117054,0.9778890279516061,0,-0.11330107182786957,-0.09608520484387228
1263936,C2,C,0.49523,42.19532,0.2213,0.99979,54.62709,-30.0467,10.111,0.008183573668101619,0.0011274498809039522,0.00402036275367745,-0.0028929128727734977,0.0113761260331062,-0.002359259252584303,0.4750000000000001,0.0070561237871976665,0.005054113276083553,497,1.0,False,,0.0,0,-0.036705622581621175,-0.01948975559762389
1342906,C1,C,0.49743,41.94227,0.1274,1.0,53.542633,-27.588991,10.85,0.0023302394277959423,-0.004766550329841187,-0.0022729197143162598,-0.0024936306155249255,0.0057826174444609284,0.010601450193623208,0.4750000000000001,0.007096789757637129,0.005089114518032038,497,1.0,False,,0.9777486910994765,0,-0.3011555406841209,-0.28393967370012363
1253046,C1,C,0.50134,42.28844,0.1093,1.0,53.643539,-26.873732,10.502,0.00426346316566699,-0.0029056011121602757,-0.00021965012747701598,-0.0026859509846832576,0.004460051137664728,0.006585500603122289,0.5250000000000001,0.007169064277827266,0.005151321270767756,497,1.0,False,,0.0,0,0.040152722331325635,0.04208579769168508
1341857,C1,C,0.50314,42.35363,0.2101,1.0,53.118153,-26.979881,10.856,0.006292242884399561,-0.0009100935510599909,0.0021559685089051588,-0.0030660620599651496,0.012221902555657393,0.002102632127129255,0.5250000000000001,0.007202336435459552,0.005179958650543789,497,1.0,False,,0.56,0,0.0961185372393534,0.09805161259971285
1346139,C1,C,0.50323,42.42092,0.2055,0.99998,54.011307,-27.905472,10.535,0.0038390577880420317,-0.0033649422552991344,-0.0011643843025125355,-0.0022005579527865976,0.0076507146824765695,0.007548914474157656,0.5250000000000001,0.007204000043341166,0.00518139051953259,497,0.975,False,,0.9888111888111888,0,0.16294814144130967,0.16488121680166912
1293921,C3,C,0.50492,42.29921,0.1184,1.0,52.317928,-27.869156,10.375,0.000956851372494462,-0.006278387529957019,-0.003615342528404847,-0.0026630450015521718,0.0023361889871478044,0.013949296462554718,0.5250000000000001,0.007235238902451481,0.0052082778372111995,497,1.0,False,,0.9576746557878634,0,0.032607253150371635,0.03454032851073108
1254670,C1,C,0.50495,41.93976,0.1522,1.0,54.212826,-27.824398,10.719,0.0027052194998068114,-0.004530573938605208,-0.003539975904728699,-0.000990598033876508,0.00894682818850109,0.010078621357692857,0.5250000000000001,0.007235793438412019,0.005208755126874133,497,1.0,False,,0.9735959765297569,0,-0.32699571277656037,-0.3250626374162009
1891261,C1,C,0.50558,42.05216,0.1371,0.99996,54.203171,-27.677132,11.046,0.0024511504439013064,-0.004796288249682013,-0.0021053021417121024,-0.00269098610796991,0.0037255135667383327,0.010714554595295335,0.5250000000000001,0.007247438693583319,0.005218778209795745,497,1.0,False,,0.9805704836709384,0,-0.21780602790265632,-0.21587295254229688
1473027,C2,C,0.50566,42.22198,0.1433,1.0,55.319466,-29.310749,10.609,0.005750129329789269,-0.0014987881263554851,0.0008094459606253959,-0.00230823408698088,0.006561948033002334,0.003497251950688996,0.5250000000000001,0.0072489174561447545,0.005220050982230234,497,1.0,False,,0.0,0,-0.048393418193927146,-0.0464603428335677
1343759,C3,C,0.50617,42.17726,0.1312,0.99999,51.978951,-28.5648,9.399,0.006178884137858932,-0.0010794604296149712,-0.0023339009836079536,0.0012544405539929833,0.00895143562376743,0.002544310280918111,0.5250000000000001,0.007258344567473903,0.005228164906500111,497,1.0,False,,0.9309440559440559,0,-0.09570910962747334,-0.0937760342671139
1329663,C3,C,0.50765,42.28766,217.3427,0.0,52.240028,-27.452492,8.878,0.00389468924263454,-0.003391012432225911,-0.0018977121966963304,-0.0014933002355295797,0.01686033715990475,0.007379777007005164,0.5250000000000001,0.007285701674860451,0.005251711196538183,497,1.0,False,,0.9465295629820052,0,0.007172175222220718,0.009105250582580163
1876204,C3,C,0.51008,42.31712,0.1747,1.0,52.900524,-27.945873,9.77,0.0020760051272775554,-0.005254613960386482,-0.0021833469087732997,-0.0030712670516131815,0.008064949010336846,0.011662219149239223,0.5250000000000001,0.0073306190876640375,0.005290371659235828,497,1.0,False,0.10020661157024795,0.9543707973102786,0,0.0243317894479749,0.026264864808334346
1256432,C2,C,0.5113,42.22407,0.1258,1.0,54.723301,-29.351784,10.111,0.006746749454905703,-0.0006064207618202188,0.002393690150578551,-0.0030001109123987675,0.006341556819224536,0.0015530811398067161,0.5250000000000001,0.007353170216725922,0.005309781438861806,497,1.0,False,,0.0,0,-0.07487297392671152,-0.07293989856635208
1922405,C2,C,0.51619,42.47023,0.1651,1.0,55.19722,-28.663994,9.615,0.016404867441110284,0.008961307862816646,0.00010891502831602336,0.008852392834500625,0.016849936515513104,-0.01972480294584096,0.5250000000000001,0.007443559578293637,0.005387579653920029,497,1.0,False,0.06391679143115306,0.0,0,0.14675522232802266,0.1486882976883821
1332614,C3,C,0.51856,42.58745,0.1742,0.99999,52.131783,-28.402817,10.395,0.0029203787546064216,-0.004566989164569726,-0.0019605371964223697,-0.0026064519681473566,0.000467426795223348,0.0102495567459199,0.5250000000000001,0.007487367919176148,0.005425285537291807,497,1.0,False,,0.984869325997249,0,0.2521640561488898,0.2540971315092493
1659122,C1,C,0.51872,42.09634,0.2907,0.3017,54.535236,-27.753998,9.271,0.008611375955451554,0.0011210505111525371,-0.000350047543706245,0.0014710980548587826,0.01749366105383375,-0.0025047761043906977,0.5250000000000001,0.007490325444299017,0.005427831082160786,497,1.0,False,0.0845317109144543,0.7718631178707225,0,-0.23974149240449336,-0.2378084170441339
1252225,C3,C,0.51956,43.19956,180.3598,0.0,53.215313,-28.177282,9.663,0.005914589752246708,-0.001591262698947377,-0.0038965229828465575,0.00230526028389918,0.010802420128103053,0.003637127536067656,0.5250000000000001,0.007505852451194085,0.005441195192722936,497,0.9,False,,0.9672949002217295,0,0.8593056591259203,0.8612387344862797
1257602,C3,C,0.52211,42.36599,0.1275,1.0,52.946781,-27.546215,8.848,0.002753791977321462,-0.004799196030518363,-0.0026721506935574917,-0.002127045336960871,0.0051822528529876415,0.010730927573084581,0.5250000000000001,0.007552988007839825,0.005481764814072316,497,1.0,False,,0.9791916766706683,0,0.013106831954855097,0.015039907315214544
1286881,C2,C,0.5228,42.37586,0.1362,1.0,54.264793,-29.35401,10.536,0.003131669425084364,-0.00443407290984784,-0.001633629537430794,-0.002800443372417045,0.003672582290727952,0.009951567241154036,0.5250000000000001,0.007565742334932204,0.005492742476319796,497,1.0,False,0.287037037037037,0.0,0,0.01956959167079944,0.021502667031158888
1335671,C2,C,0.52427,42.2756,0.1008,1.0,55.145931,-28.627934,11.005,0.022510896023250963,0.014917981426252393,-0.0008960174325462586,0.01581399885879865,0.015294084498731658,-0.032866832908823446,0.5250000000000001,0.00759291459699857,0.005516129669803555,497,1.0,False,0.05827707689582552,0.0,0,-0.08793522876738066,-0.08600215340702122
1514059,C2,C,0.52427,42.80514,0.2571,0.99851,55.145924,-28.627918,11.062,0.02253580889692895,0.014942894299930379,-0.0008671273490766431,0.015810021649007022,0.01531997563769814,-0.03292308782255546,0.5250000000000001,0.00759291459699857,0.005516129669803555,497,1.0,False,0.05827707689582552,0.0,0,0.44160477123262365,0.4435378465929831
1294806,C2,C,0.52535,42.38282,0.1615,1.0,55.059101,-28.908808,8.544,0.0050287696699456855,-0.0025842525040111475,-0.002768628295763854,0.00018437579175270644,0.012347913271075655,0.005768540944671281,0.5250000000000001,0.007613022173956833,0.0055297235987336445,497,1.0,False,,0.0,0,0.013974213295744137,0.015907288656103583
1301922,C1,C,0.52616,42.62537,0.2171,0.99998,53.307892,-26.70039,10.337,0.007335500203360085,-0.0002928283521795687,0.002888103008530269,-0.003180931360709836,0.01131922635669503,0.0007883468006900061,0.5250000000000001,0.0076283285555396535,0.005534305607810623,497,1.0,False,,0.0,0,0.25254803126661796,0.2544811066269774
1261259,C3,C,0.52723,42.38955,0.1166,1.0,51.558685,-28.13479,10.125,0.0032909817871108115,-0.004357566309532073,-0.001960070808435893,-0.0023974955010961792,0.004605108980300329,0.009781323951127005,0.5250000000000001,0.0076485480966428845,0.005540358385233297,497,1.0,False,,0.05853658536585366,0,0.01148436430263658,0.013417439662996026
1371206,C3,C,0.52779,42.39553,0.1744,0.96888,52.917755,-27.303331,10.321,0.0037588131266166444,-0.0039003171597625113,-0.0008050528523148273,-0.0030952643074476835,0.002842153743647259,0.008800996219042732,0.5250000000000001,0.007659130286379156,0.005543526193977875,497,1.0,False,,0.9965050240279598,0,0.014724006028229014,0.01665708138858846
1304503,C3,C,0.52971,42.28223,0.1351,1.0,53.09301,-27.954535,10.575,0.002541081576456552,-0.005154330503304105,-0.0021473091245389903,-0.003007021378765114,0.006731305361338588,0.011494192865274241,0.5250000000000001,0.007695412079760657,0.005554387252530711,497,0.9,False,0.12903752998934434,0.9704433497536946,0,-0.10795077792072291,-0.10601770256036347
1324544,C2,C,0.52973,42.3084,0.2167,0.99446,54.369522,-29.302494,9.584,0.0018245345409262782,-0.005871255474182102,-0.0028995834122684822,-0.002971672061913619,0.004115756607584757,0.013082402878385413,0.5250000000000001,0.00769579001510838,0.005554500388557303,497,1.0,False,,0.0,0,-0.08187826350121938,-0.07994518814085994
1490034,C1,C,0.53002,42.70507,0.2078,0.99997,54.876614,-26.649143,8.948,0.009557438400755453,0.0018561683231050757,0.002494915921489758,-0.0006387475983846828,0.011270751857056376,-0.0039149847714059945,0.5250000000000001,0.007701270077650377,0.005556140860942888,497,1.0,False,,0.0,0,0.31337858477849534,0.3153116601388548
1817269,C3,C,0.53009,42.42105,0.1544,1.0,52.229004,-28.005041,9.593,0.0005861565065181816,-0.0071164363448492285,-0.003942601580797129,-0.0031738347640520997,0.0012374240309350447,0.01581023835866748,0.5250000000000001,0.00770259285136741,0.005556536837035959,497,1.0,False,,0.9609683794466403,0,0.029017588238109654,0.0309506635984691
1472020,C1,C,0.53112,42.42343,0.2021,1.0,54.18428,-27.616449,9.216,0.003807679664295761,-0.0039143768574794345,-0.0008671997368207237,-0.003047177120658711,0.0036031355445400653,0.008831474448285314,0.5250000000000001,0.007722056521775196,0.00556236334240545,497,1.0,False,0.3872851246146612,0.9556416881998278,0,0.026384962453410737,0.028318037813770184
1261233,C3,C,0.53166,42.35334,0.1387,1.0,52.883373,-28.800106,9.281,0.00662462643249823,-0.0011076343436655124,-0.002853180485807344,0.0017455461421418315,0.013460325866395386,0.0025108532097228263,0.5250000000000001,0.007732260776163742,0.005565418015123435,497,1.0,False,,0.9791840133222315,0,-0.04632936058267731,-0.044396285222317866
1550103,C2,C,0.53166,42.52236,0.1788,0.99746,53.425766,-28.878149,9.205,0.00321559301549567,-0.004516667760668072,-0.0014991071012956329,-0.003017560659372439,0.0060645069342483504,0.010117486208908504,0.5250000000000001,0.007732260776163742,0.005565418015123435,497,1.0,False,0.2918010524528942,0.36363636363636365,0,0.12269063941731886,0.12462371477767831
1346628,C3,C,0.53191,42.36618,0.1998,0.99999,51.978432,-28.053236,11.037,0.011714068372629914,0.003977083404619623,0.002059926886573222,0.0019171565180464006,0.01286642514968336,-0.008609312802974618,0.5250000000000001,0.007736984968010291,0.005566832215455836,497,1.0,False,0.32670979365628533,0.9217687074829932,0,-0.034703475204298256,-0.03277039984393881
1337703,C1,C,0.53225,42.05819,0.1261,1.0,54.883686,-26.72434,10.62,0.070899024258098,0.06315561438917641,-0.001448921207296565,0.06460453559647297,0.011113973754673092,-0.14266910231176286,0.5250000000000001,0.007743409868921598,0.0055687555279079004,497,1.0,False,0.21024636971773536,0.0,0,-0.3443438091558686,-0.3424107337955091
1295249,C1,C,0.53251,42.63882,0.1697,0.99996,53.692036,-27.077091,10.626,0.004818894414166945,-0.0029294286142750644,-0.0011607995611200269,-0.0017686290531550373,0.012924336583202571,0.006505107600573951,0.5250000000000001,0.00774832302844201,0.005570226296253597,497,1.0,False,,0.0037656903765690376,0,0.23502484038903518,0.23695791574939462
1323777,C3,C,0.5329,42.86814,233.7003,0.0,53.454697,-28.234455,10.853,0.0030836091515197123,-0.004672083616202916,-0.001839424273947757,-0.0028326593422551586,0.007505181260481962,0.01043468382015505,0.5250000000000001,0.007755692767722628,0.005572432448772142,497,0.9,False,0.05492856676886942,0.9926121372031662,0,0.4624539015781697,0.46438697693852915
1254000,C2,C,0.533,42.80941,0.2169,0.99919,53.674152,-29.564306,10.314,0.006814148567494745,-0.0009434338769665016,0.0017116612271667721,-0.002655095104133274,0.009078952015250783,0.00227077096146424,0.5250000000000001,0.007757582444461246,0.005572998128905102,497,1.0,False,,0.0,0,0.4032392553728503,0.4051723307332098
1297061,C1,C,0.53387,42.67617,0.238,0.99901,53.668236,-27.391678,10.007,0.0020319994123256446,-0.005742023219761593,-0.0024272332195370396,-0.0033147900002245528,0.005477521911015265,0.012796242984839678,0.5250000000000001,0.007774022632087238,0.005577919546061856,497,1.0,False,,0.9806025588113908,0,0.2657864425939327,0.26771951795429216
1470063,C1,C,0.53547,42.71709,0.2917,1.0,54.089054,-26.589748,10.43,0.005949065953272603,-0.0018551915066325527,-0.0026191037163944618,0.0007639122097619086,0.006992662973470254,0.004240686125243559,0.5250000000000001,0.007804257459905156,0.00558697042818922,497,1.0,False,0.003927136316567552,0.0,0,0.29897559193005674,0.3009086672904162
1339425,C2,C,0.53579,42.64822,0.2171,0.99816,54.573914,-29.55628,10.742,0.004502972211647513,-0.003307332213821226,-0.003843143145928755,0.0005358109321075295,0.007949685600943689,0.007438322177527747,0.5250000000000001,0.007810304425468739,0.005588780604614693,497,1.0,False,0.03528477200658945,0.0,0,0.22856203297565728,0.23049510833601672
1289714,C1,C,0.53582,42.69972,0.1885,0.99995,54.518379,-27.567661,10.292,0.0008567200518774178,-0.006954151276612907,-0.0038041873172170093,-0.003149963959395896,0.0014589547688119032,0.015464491759460887,0.5250000000000001,0.007810871328490324,0.00558895030865458,497,1.0,False,0.24376554544152312,0.6505816458423094,0,0.27991736884631035,0.2818504442066698
1254002,C2,C,0.53591,42.41394,0.1499,0.99999,54.683723,-30.014402,10.695,0.007284953087686339,-0.0005276189498687432,0.0026169068577533592,-0.003144525807622101,0.010008332858183908,0.0013439514818356264,0.5250000000000001,0.007812572037555083,0.005589459420774245,497,1.0,False,,0.0,0,-0.0062965777706149575,-0.004363502410255512
1313026,C2,C,0.53696,42.51919,0.1823,0.99999,54.246307,-28.631733,10.338,0.003100877157251957,-0.004731536486058634,-0.0018620679145919358,-0.0028694685714666973,0.008208380159362625,0.010555743919010502,0.5250000000000001,0.00783241364331059,0.005595399062170327,497,1.0,False,,0.7769729317575296,0,0.09389577771887517,0.09582885307923461
1644290,C2,C,0.5373,42.41784,0.1489,1.0,53.656178,-29.562799,10.847,0.004469898757726415,-0.003368939786495482,-0.0006265886513715305,-0.0027423511351239525,0.010391481608781672,0.007534366584417512,0.5250000000000001,0.007838838544221897,0.005597322374622392,497,1.0,False,,0.0,0,-0.009089939034256672,-0.007156863673897226
1934253,C3,C,0.53739,42.4292,0.1442,1.0,52.328812,-28.770035,8.488,0.0023396790184490282,-0.005500860234837628,-0.0023409572552067852,-0.003159902979630841,0.004258397575348881,0.012288384303167853,0.5250000000000001,0.007840539253286656,0.0055978314867420565,497,1.0,False,,0.983150800336984,0,0.0018372403417903646,0.0037703157021498103
1260568,C1,C,0.53805,42.47376,0.2039,0.99995,53.648029,-27.417028,10.399,0.001599902959468099,-0.006253108160293447,-0.0029361131178905534,-0.003316995042402894,0.00279350507727934,0.013929839282333947,0.5250000000000001,0.007853011119761546,0.0056015649756195945,497,1.0,False,0.18500698936965634,0.9974789915966387,0,0.043225307505648375,0.04515838286600782
1474020,C3,C,0.54148,42.40943,0.227,1.0,51.749657,-28.163149,9.446,0.010842422593398736,0.0029245955615025323,0.0036021362211394754,-0.0006775406596369431,0.011383470243732397,-0.006262486911224059,0.5250000000000001,0.007917827031896203,0.00562096780418013,497,1.0,False,,0.5008503401360545,0,-0.03753032560804101,-0.03559725024768157
1324542,C2,C,0.54154,42.55716,0.192,0.99983,53.895405,-29.048021,8.943,0.003462475651308782,-0.004456485186630594,-0.002525050605325548,-0.0019314345813050463,0.004692799911462271,0.010013476105654534,0.5250000000000001,0.007918960837939377,0.0056213072122599066,497,1.0,False,,0.0,0,0.1099132190708734,0.11184629443123284
1324685,C3,C,0.54183,42.45177,0.1382,1.0,52.068424,-28.829351,10.087,0.004806593596384932,-0.0031178473040964425,-8.40436760011264e-05,-0.003033803628095316,0.013750088350766715,0.006903108975390943,0.5250000000000001,0.007924440900481375,0.005622947684645491,497,1.0,False,,0.9672935404742437,0,0.0031391065831674345,0.00507218194352688
1341000,C2,C,0.54203,42.4341,0.1945,0.97566,53.953136,-29.337658,9.721,0.003570941900737603,-0.004357278353221011,-0.0012083830387809632,-0.003148895314440047,0.003027902022658982,0.009817531246076604,0.5250000000000001,0.007928220253958614,0.005624079044911411,497,1.0,False,,0.0,0,-0.01548504698493744,-0.013551971624577993
1861210,C2,C,0.54229,42.5416,0.1728,1.0,53.858055,-29.704781,9.396,0.01223692967972763,0.004303796266248605,-0.002974175094472651,0.007277971360721256,0.016899424321273896,-0.009466003837462468,0.5250000000000001,0.007933133413479026,0.005625549813257108,497,1.0,False,,0.0,0,0.09077504936874917,0.09270812472910861
1876731,C1,C,0.54291,42.66196,0.2432,0.95426,54.429977,-26.697277,11.403,0.002203595190871554,-0.005741254218386914,-0.0028092910165381404,-0.0029319632018487735,0.0022921146168860653,0.012835010157613496,0.5250000000000001,0.007944849409258468,0.0056290570300814614,497,1.0,False,0.020344673376930623,0.0,0,0.20818061588535855,0.210113691245718
1367408,C1,C,0.54306,42.5904,0.1527,0.99999,53.4855,-26.816904,10.798,0.0017213241551132439,-0.006226359769253152,-0.002899875391704021,-0.0033264843775491332,0.004400561499662554,0.01387408176285335,0.5250000000000001,0.007947683924366396,0.005629905550280902,497,1.0,False,,0.0,0,0.13590631141211176,0.1378393867724712
1302055,C2,C,0.54327,42.81745,0.2185,0.9999,54.595238,-28.156473,11.084,0.003586887577259475,-0.0043647646682580254,-0.002389734380106172,-0.0019750302881518527,0.006203313941625898,0.009799730314514449,0.5250000000000001,0.0079516522455175,0.005631093478560119,497,1.0,False,,0.5645021645021645,0,0.3619565975509691,0.36388967291132857
1322954,C3,C,0.54327,42.47192,0.2144,0.99956,53.659416,-28.155581,10.226,0.0008072152087161574,-0.007144437036801343,-0.004289318114108876,-0.002855118922692465,0.002723208183951897,0.015883658419760055,0.5250000000000001,0.0079516522455175,0.005631093478560119,497,0.825,True,,0.9938775510204082,0,0.016426597550965455,0.0183596729113249
1290995,C1,C,0.54351,42.29839,0.1258,0.99994,54.029716,-26.59379,10.293,0.014815352841678571,0.006859165371988385,0.009832177657206245,-0.0029730122852178608,0.018751199544298262,-0.015141888966345378,0.5250000000000001,0.007956187469690186,0.005632451110879223,497,1.0,False,,0.0,0,-0.1582454865975886,-0.15631241123722917
1297353,C2,C,0.54402,42.13796,0.147,0.99984,54.05492,-28.394947,9.661,0.013843292007631626,0.005877467186574481,0.008853975037894313,-0.0029765078513198312,0.01893911361075929,-0.013024036530048678,0.5250000000000001,0.007965824821057146,0.005635336079557319,497,1.0,False,,0.9953211399404509,0,-0.3211008376563338,-0.3191677622959743
1945116,C2,C,0.54469,42.58556,0.1296,1.0,54.096039,-28.719822,10.42,0.002142891567577844,-0.005835594087628056,-0.0031618824845614335,-0.002673711603066622,0.003244416580878438,0.0130375739141049,0.5250000000000001,0.0079784856552059,0.005639126136448154,497,1.0,False,,0.4926441351888668,0,0.12331617260624952,0.12524924796660897
1389210,C2,C,0.54865,42.50563,0.127,0.99996,54.383144,-28.795811,10.002,0.0027745748943882186,-0.005278741959667023,-0.0024728590049636623,-0.002805882954703361,0.004133193590075808,0.011823604216891166,0.5250000000000001,0.008053316854055241,0.005661527069713379,497,1.0,False,,0.2343891402714932,0,0.024648337615095245,0.02658141297545469
1297157,C1,C,0.54888,42.49308,0.1612,1.0,54.004192,-26.429184,10.648,0.028418303484052665,0.020360640373498596,0.003127404236511028,0.01723323613698757,0.021517828158512803,-0.04527602213842408,0.5250000000000001,0.008057663110554069,0.005662828134019188,497,1.0,False,0.12414131501472035,0.0,0,0.011013952283950773,0.01294702764431022
1643316,C2,C,0.54894,42.27135,2.6203,0.0044,53.841293,-29.68788,11.009,0.011446511925080362,0.0033877150084831234,-0.0003335038531685078,0.0037212188616516317,0.011008473681644423,-0.007284897148765235,0.5250000000000001,0.008058796916597239,0.005663167542098963,497,1.0,False,,0.0,0,-0.210998860354169,-0.20906578499380957
1570024,C1,C,0.55064,42.40742,0.1239,0.99999,54.08168,-26.574465,10.848,0.010538534004956968,0.0024476125838031916,-0.0015548535701967025,0.004002466153999892,0.009612940128349299,-0.005202299939400554,0.5750000000000002,0.008090921421153776,0.005672784104359287,497,1.0,False,0.0058943404013826785,0.0,0,-0.07344729436473801,-0.08099671591754842
1306736,C1,C,0.55145,42.35736,0.2011,0.9999,54.921165,-27.747841,10.858,0.004714442714326897,-0.0033917850884096993,-0.0012336385928155397,-0.0021581464955941596,0.013345655056045522,0.0075480967832686555,0.5750000000000002,0.008106227802736597,0.005677366113436265,497,1.0,False,,0.0,0,-0.12731130878843305,-0.13486073034124346
1315818,C1,C,0.55218,42.68035,0.1648,0.99997,54.610168,-27.541847,10.088,0.0033982048121645823,-0.004721817630763939,-0.001439669832301772,-0.003282147798462168,0.003626505954305429,0.010617397518376127,0.5750000000000002,0.008120022442928521,0.005681495578406874,497,1.0,False,,0.40305676855895195,0,0.19225489599085205,0.18470547443804164
1260551,C1,C,0.55236,42.2596,0.1495,1.0,54.713432,-27.431002,10.076,0.007177426967290823,-0.0009459968937672123,0.0011357405334552128,-0.002081737427222425,0.008574682721400153,0.0023110875447624676,0.5750000000000002,0.008123423861058035,0.005682513802646203,497,1.0,False,,0.13166434863235976,0,-0.2293386710570549,-0.23688809260986532
1896254,C2,C,0.55283,42.53302,0.1478,0.99998,53.94146,-29.664469,8.526,0.04169645520459193,0.03356414986286238,-0.0003085362056179453,0.033872686068480325,0.015432077306517779,-0.07467731528419189,0.5750000000000002,0.008132305341729549,0.005685172499271116,497,1.0,False,0.27068642414172833,0.0,0,0.04187990402886993,0.03433048247605952
1252142,C2,C,0.55288,42.56999,0.1367,1.0,53.499344,-29.534046,10.468,0.008380560758903591,0.0002473105788047304,-0.002010224719431784,0.0022575352982365142,0.01318001721699568,-0.00039754129283979187,0.5750000000000002,0.008133250180098861,0.005685455339337597,497,1.0,False,0.006941940137035709,0.0,0,0.07861581383854838,0.07106639228573797
1912020,C1,C,0.55436,42.48851,0.0819,1.0,53.489655,-27.379299,10.34,0.0013944467076514467,-0.006766770688178986,-0.0033791905145264052,-0.00338758017365258,0.008285298701391268,0.015017423035887257,0.5750000000000002,0.008161217395830433,0.0056938274053054076,497,1.0,False,0.040235209346612136,0.9669565217391304,0,-0.009784223107897554,-0.017333644660707966
1260605,C1,C,0.55534,42.4499,0.1451,1.0,53.349369,-27.229282,10.338,0.0019142739462314155,-0.006265462281637489,-0.0028649894550929907,-0.0034004728265444985,0.009663994053971382,0.013904522928360497,0.5750000000000002,0.008179736227868904,0.0056993710706084175,497,1.0,False,0.2138182005220724,0.7533059735522116,0,-0.05296682035908634,-0.06051624191189675
1504139,C3,C,0.55644,42.4424,0.1139,1.0,51.806026,-27.488159,10.867,0.0006642538286174924,-0.007536268843376232,-0.004058672848501822,-0.0034775959948744103,0.003260845723194418,0.016752006386885156,0.5750000000000002,0.008200522671993725,0.005705593552070981,497,1.0,False,,0.8237684103605891,0,-0.06559026313700872,-0.07313968468981913
1291842,C2,C,0.55763,42.4109,0.2467,0.99978,53.471504,-29.37956,9.807,0.008813660062702452,0.0005906502375191535,0.003216378830307524,-0.0026257285927883695,0.010762064105004214,-0.001079500132581221,0.5750000000000002,0.008223009825183298,0.005712325145653207,497,1.0,False,,0.0,0,-0.10262214046161705,-0.11017156201442746
1326367,C1,C,0.55797,42.698,0.1819,0.99977,53.736694,-27.140879,10.434,0.002365725860360589,-0.005863708865734016,-0.003103196360332106,-0.0027605125054019092,0.010144280672534287,0.01302043241469248,0.5750000000000002,0.008229434726094605,0.0057142484581052715,497,1.0,False,,0.1649181703734788,0,0.18289937036122222,0.17534994880841182
1810087,C2,C,0.55943,42.60293,0.202,1.0,54.615955,-29.858845,9.989,0.0054432609924978965,-0.0028137630139805584,0.00028273054281720625,-0.003096493556797765,0.01507014001436382,0.006248507962000561,0.5750000000000002,0.008257024006478455,0.005722507388046492,497,1.0,False,,0.0,0,0.08106145967429751,0.0735120381214871
1304779,C2,C,0.55993,42.45886,0.0892,1.0,53.524357,-29.544712,10.394,0.01835828591257117,0.010091813522399615,0.011741309292317221,-0.0016494957699176058,0.012878741154987668,-0.02206346454432908,0.5750000000000002,0.008266472390171555,0.005725335788711293,497,1.0,False,,0.0,0,-0.06532248411516878,-0.07287190566797919
1654105,C3,C,0.56271,42.31739,0.1444,0.99999,53.07037,-28.529305,9.447,0.003515375756342099,-0.0048036296471630855,-0.0014152001285529549,-0.003388429518610131,0.003994107711057439,0.010809076713235895,0.5750000000000002,0.008319005403505185,0.005741061696407588,497,1.0,False,0.12112932021936249,0.9889830508474576,0,-0.2196225284916669,-0.22717195004447732
1319926,C2,C,0.56341,42.50456,0.2252,0.99977,53.365974,-28.932434,9.757,0.0007457668470195729,-0.0075864662936559486,-0.004255162630159447,-0.003331303663496502,0.0042310940054615005,0.01686460786576842,0.5750000000000002,0.008332233140675521,0.005745021457338308,497,1.0,False,0.2293640183956864,0.5569563259792886,0,-0.03567367788970205,-0.04322309944251246
1942106,C2,C,0.56584,42.62418,0.163,1.0,54.805759,-29.841887,11.186,0.003786779561903546,-0.004591372723520437,-0.003092892037105654,-0.001498480686414784,0.010251431126308611,0.010258716340259096,0.5750000000000002,0.008378152285423983,0.005758767484569242,497,1.0,False,,0.0,0,0.07279360465546131,0.0652441831026509
1850154,C3,C,0.56823,42.60912,0.2138,0.99998,52.697109,-28.675652,10.609,0.01362060141644386,0.005197285856966865,-0.0013538854183167883,0.0065511712752836515,0.026461108577012126,-0.011826510140253495,0.5750000000000002,0.008423315559476995,0.005772287239746992,497,1.0,False,0.12920936342245717,0.9995460735360872,0,0.046808536178725546,0.03925911462591514
1345458,C3,C,0.56872,42.61153,0.1848,1.0,53.130745,-28.877878,9.975,0.0032809781843178044,-0.00515159679117843,-0.001833771779923225,-0.0033178250112552046,0.004787056416923194,0.011567886975910009,0.5750000000000002,0.008432574975496234,0.005775059072398498,497,1.0,False,0.136404202152073,0.9880239520958084,0,0.0469840349957617,0.039434613442951294
1326273,C3,C,0.56949,43.62257,234.917,0.0,52.11718,-27.785686,8.761,0.0014939449751347157,-0.006953180511248891,-0.0038706795319597724,-0.0030825009792891196,0.00547137115779913,0.01548318896176841,0.5750000000000002,0.008447125486383607,0.005779414809422291,497,1.0,False,,0.9771598808341608,0,1.054516350555576,1.0469669290027654
1895233,C3,C,0.57035,42.14025,0.1728,0.99946,52.269329,-28.402563,9.702,0.019653867425361207,0.01119049071902547,0.014508876255192947,-0.003318385536167478,0.020672004575090455,-0.02477465592816236,0.5750000000000002,0.008463376706335736,0.0057842796585657495,497,1.0,False,,0.9410952600092038,0,-0.43171602614836263,-0.43926544770117304
1448122,C3,C,0.57688,42.68022,0.1569,1.0,52.12719,-27.348009,9.592,0.0010872419725262868,-0.00749936668995376,-0.004070310044695739,-0.003429056645258022,0.0012025336041335613,0.01671243233913504,0.5750000000000002,0.008586608662480047,0.0058385211260166756,497,1.0,False,0.35844198670792954,0.9675126903553299,0,0.0787279251498087,0.07117850359699829
1335854,C1,C,0.57869,42.60601,0.1855,0.99994,54.311581,-27.683239,9.664,0.003369270412286304,-0.005251383568233786,-0.003959073424673852,-0.001292310143559934,0.0089519059101515,0.011736945928947293,0.5750000000000002,0.00862065398052009,0.005865418247131351,497,1.0,False,,0.9816283924843424,0,-0.0036102051164282273,-0.011159626669238639
1330339,C2,C,0.57914,42.66091,0.2307,0.99893,55.219536,-29.516895,10.885,0.04618310208940998,0.03755398380329983,-0.0027372221062352256,0.040291205909535055,0.012115391180657731,-0.08368072102191208,0.5750000000000002,0.008629118286110155,0.005872105376690247,497,1.0,False,0.016059374089694423,0.0,0,0.049272723565183696,0.04172330201237329
1435033,C2,C,0.5804,42.79653,0.1761,0.99954,54.918468,-28.45154,10.52,0.003093601001491624,-0.005559217340270711,-0.0034028853574878514,-0.00215633198278286,0.004352022627298122,0.01247686962690331,0.5750000000000002,0.008652818341762335,0.005890829339455159,497,1.0,False,,0.0,0,0.17925280570289698,0.17170338415008657
1262055,C1,C,0.58072,42.76817,0.1815,1.0,54.695663,-26.844198,9.927,0.0030986666725782994,-0.005560170730936971,-0.0024409453702358913,-0.00311922536070108,0.005782396407589119,0.012463782169055734,0.5750000000000002,0.00865883740351527,0.005895584631585931,497,1.0,False,,0.0,0,0.14946229110913362,0.1419128695563232
1927254,C2,C,0.58091,43.01823,0.1849,0.99958,53.746262,-28.379322,10.016,0.003177902098352777,-0.0054845091230782995,-0.0034851082932154005,-0.001999400829862899,0.006897287069991096,0.012282294600932577,0.5750000000000002,0.008662411221431077,0.005898408086288576,497,0.95,False,,0.9780168381665107,0,0.3986732760890798,0.3911238545362694
1334265,C1,C,0.58586,42.72307,0.219,1.0,53.828358,-27.346138,10.722,0.003925594038358098,-0.004829924544563693,-0.0024115018006620075,-0.002418422743901686,0.010116098558840471,0.010799736825470719,0.5750000000000002,0.008755518582921791,0.005971966511436442,497,1.0,False,,0.8849591916051301,0,0.08148634978356978,0.07393692823075937
1294971,C2,C,0.58822,42.97461,0.1829,0.99991,54.956383,-29.642454,10.119,0.0023871532296010404,-0.006412755933748645,-0.004250216538399151,-0.002162539395349495,0.00920412593819945,0.014273379086926,0.5750000000000002,0.008799909163349686,0.006007036790900878,497,1.0,False,,0.0,0,0.32258660399654343,0.315037182443733
1302073,C2,C,0.58845,42.64079,0.199,0.99884,54.865669,-29.240215,10.411,0.00892509319105933,0.00012085782707471973,-0.0005686565099910085,0.0006895143370657282,0.012807369385253129,-9.111546741124785e-05,0.5750000000000002,0.00880423536398461,0.006010454657119872,497,1.0,False,0.002171928609650888,0.0,0,-0.01224870588030074,-0.019798127433111153
1370806,C2,C,0.58895,42.90569,0.1847,0.99996,54.567608,-29.990206,10.51,0.0008594988277677404,-0.00795414132020583,-0.004587500987703861,-0.003366640332501969,0.006981632928237948,0.017666496602825564,0.5750000000000002,0.00881364014797357,0.006017884801074199,497,1.0,False,,0.0,0,0.25044539525140647,0.24289597369859606
1324536,C2,C,0.58899,42.96694,0.233,0.99538,54.476471,-29.947807,10.152,0.007728100342771575,-0.0010862921879211136,0.00035806422695943037,-0.0014443564148805426,0.005635516005793875,0.0027054072773599787,0.5750000000000002,0.008814392530692688,0.006018479212590548,497,1.0,False,,0.0,0,0.3115190000043692,0.3039695784515588
1946322,C2,C,0.59043,42.75858,0.1313,1.0,54.695515,-29.998177,11.035,0.014047838252547289,0.005206359943966394,0.008713580903170117,-0.003507220959203724,0.01672097232437632,-0.01139182946803409,0.5750000000000002,0.008841478308580895,0.006039878027179016,497,1.0,False,,0.0,0,0.09681631921749084,0.08926689766468043
1253997,C2,C,0.59079,42.62793,0.1658,1.0,55.035519,-29.436644,10.393,0.006795290568766386,-0.0020529591842865626,0.0014018956722479164,-0.0034548548565344777,0.0047402443835509725,0.004826185483738404,0.5750000000000002,0.008848249753052949,0.006045227730826135,497,1.0,False,0.016476090495917094,0.0,0,-0.03541706043207188,-0.04296648198488229
1260639,C2,C,0.59141,42.58001,0.207,0.99755,54.999783,-29.678097,11.112,0.00686382935752431,-0.0019960823276749485,0.00015367521769353836,-0.0021497575453684878,0.013602628354858735,0.004516948822179644,0.5750000000000002,0.008859911685199258,0.006054441109329504,497,1.0,False,,0.0,0,-0.08606184982398918,-0.09361127137679959
1896244,C2,C,0.59156,43.15886,0.2089,0.99261,54.96751,-29.466063,10.637,0.0016843845361959797,-0.007178348584199968,-0.0036023554343501663,-0.003575993149849802,0.003161060615390175,0.016028780187715128,0.5750000000000002,0.008862733120395948,0.006056670152515802,497,1.0,False,0.2516650330493353,0.0,0,0.49212933366860295,0.48457991211579254
1595110,C2,C,0.59269,42.7093,0.1621,1.0,54.846359,-29.237558,11.26,0.008583022617349226,-0.00030096531486177407,-0.003980042929085828,0.0036790776142240533,0.00336012721876756,0.0009692035373656607,0.5750000000000002,0.008883987932211,0.006073462277852588,497,1.0,False,0.0004960161738945233,0.0,0,0.03761133255565125,0.03006191100284084
1290191,C3,C,0.59506,42.39187,0.2198,0.99987,52.973438,-28.748032,9.277,0.0036817552641415997,-0.005246811344177076,-0.0022417800081259084,-0.0030050313360511674,0.007131148004179227,0.011773543505636433,0.5750000000000002,0.008928566608318676,0.006108681160196113,497,1.0,False,,0.973225669358266,0,-0.2901882672130019,-0.2977376887658123
1319653,C1,C,0.59552,42.64435,0.1477,1.0,53.468742,-27.335154,10.596,0.006966920546349993,-0.001970298463238526,0.0016980277100145961,-0.0036683261732531228,0.012399108956865468,0.0044973345676571075,0.5750000000000002,0.008937219009588519,0.006115516892634096,497,1.0,False,0.013400020056157211,0.8621134020618557,0,-0.039716393737135036,-0.047265815289945445
1251126,C2,C,0.59788,42.74016,0.122,1.0,54.46661,-29.334866,10.669,0.0026683159910174032,-0.006313293598999011,-0.002697889676134051,-0.0036154039228649608,0.006409516525671771,0.014121000578744304,0.5750000000000002,0.008981609590016414,0.0061505871720985315,497,1.0,False,,0.0,0,0.04581411933536356,0.03826469778255315
1261236,C3,C,0.59789,42.49326,0.2054,0.99983,53.167007,-28.705162,10.943,0.004232352015616566,-0.004749445670079628,-0.003928602550265484,-0.0008208431198141451,0.015396908502611653,0.010480031052243438,0.5750000000000002,0.008981797685696194,0.0061507357749776195,497,1.0,False,,0.9831365935919055,0,-0.20112935588291708,-0.2086787774357275
1339220,C3,C,0.59992,42.91367,0.1758,1.0,53.665604,-28.182732,10.865,0.001238662246718035,-0.007781318861973342,-0.004883847229323331,-0.00289747163265001,0.002286571327817399,0.017354737013125128,0.5750000000000002,0.009019981108691377,0.006180902159432199,497,0.825,True,,0.9960681520314548,0,0.21046942480303937,0.20292000325022896
1252199,C3,C,0.60498,42.70593,0.1852,0.99998,53.223194,-27.415644,10.832,0.0037072295466687227,-0.00540792797599094,-0.00384937394300141,-0.0015585540329895288,0.013250243174866193,0.01202184575343015,0.6250000000000002,0.009115157522659663,0.006256095216250016,497,1.0,False,,0.9696021457308895,0,-0.04084564756003332,-0.02666040030567118
1254889,C3,C,0.60551,42.81646,0.1438,0.99998,53.055206,-27.711376,10.936,0.0033189139453144853,-0.005806212648373477,-0.0024430694828889315,-0.003363143165484545,0.005790985904218049,0.013042480041166333,0.6250000000000002,0.009125126593687962,0.0062639711688416075,497,1.0,False,0.09896543777366693,0.9858551221603086,0,0.06740676071162695,0.08159200796598909
1549078,C2,C,0.60558,42.81212,0.2289,0.9681,53.956184,-29.754856,9.339,0.0045292375681286814,-0.004597205695317736,-0.004108291268182247,-0.0004889144271354893,0.01627590177311059,0.010163868097947105,0.6250000000000002,0.009126443263446417,0.006265011388995214,497,1.0,False,,0.0,0,0.06276608819705827,0.07695133545142041
1335387,C2,C,0.60582,42.6403,0.148,0.99999,53.342209,-29.125172,9.51,0.0040792121942970485,-0.0050517453654640694,-0.0016289225818297828,-0.0034228227836342866,0.00625946596806487,0.011387375163072063,0.6250000000000002,0.009130957559761118,0.006268577858093291,497,1.0,False,0.0029393082661817995,0.5300448430493273,0,-0.11008453857906646,-0.09589929132470432
1335675,C2,C,0.60735,42.69747,0.148,1.0,54.84026,-28.879168,11.043,0.0030742470336284976,-0.00608548916513884,-0.002973806050377095,-0.003111683114761745,0.004702997275911866,0.013662386806128801,0.6250000000000002,0.009159736198767338,0.00629131409859354,497,1.0,False,0.0032040314803870344,0.0,0,-0.05947568664019813,-0.04529043938583599
1929034,C1,C,0.60827,42.60951,0.1606,0.95423,53.499535,-26.843451,10.952,0.001901243049058878,-0.00727579795224815,-0.0035187967235241293,-0.0037570012287240196,0.0035661717487736567,0.016262416141501382,0.6250000000000002,0.009177041001307028,0.006304985563469507,497,1.0,False,,0.0,0,-0.1513734010318545,-0.13718815377749238
1246334,C1,C,0.60861,41.73631,111.8637,0.0,54.711483,-27.714649,10.268,0.025838786526562605,0.016655350272143085,0.020004921307504833,-0.003349571035361749,0.03223964231802994,-0.0376017506534984,0.6250000000000002,0.009183436254419522,0.006310038061358452,497,1.0,False,,0.19730551933941765,0,-1.0260272122552936,-1.0118419650009314
1297377,C3,C,0.60981,42.53459,0.2067,0.99999,52.658054,-28.73859,10.696,0.024063718348576086,0.01485771061258306,0.015524869281539164,-0.0006671586689561042,0.026190743606298465,-0.0332291945874084,0.6250000000000002,0.009206007735993026,0.006327870406848844,497,1.0,False,0.03509109770718286,0.9805253623188406,0,-0.23287215315345847,-0.21868690589909634
1316461,C3,C,0.60984,42.5769,0.1908,0.99999,52.581059,-28.748798,10.964,0.0037348853483085338,-0.005471686674723834,-0.003727391232706154,-0.0017442954420176788,0.010040247243967557,0.012241169628155111,0.6250000000000002,0.009206572023032367,0.006328316215486105,497,1.0,False,,0.9785618579723091,0,-0.19069015392364022,-0.1765049066692781
1431108,C3,C,0.61052,42.67059,0.1482,1.0,52.966438,-28.016865,10.797,0.012873925159774147,0.003654562630516795,0.007293012463760248,-0.003638449833243454,0.019737429362627137,-0.008049061012555078,0.6250000000000002,0.009219362529257352,0.006338421211263992,497,1.0,False,,0.9286694101508917,0,-0.09989990177430046,-0.08571465451993832
1261144,C1,C,0.61069,42.69645,0.1609,0.9969,55.05479,-27.36108,9.774,0.0023433430555139098,-0.0068792171002996895,-0.004171928865720757,-0.0027072882345789305,0.008741827027177275,0.015337479557855159,0.6250000000000002,0.0092225601558136,0.006340947460208465,497,1.0,False,,0.0,0,-0.07476435941737962,-0.06057911216301748
1413048,C3,C,0.61122,42.80998,0.2355,0.97822,52.632442,-28.807919,10.245,0.024915219840272007,0.01568269061343011,0.0015014697586643432,0.014181220854765766,0.022785183910662827,-0.034821825356584346,0.6250000000000002,0.009232529226841897,0.006348823412800054,497,1.0,False,,0.9732807709154621,0,0.03650826624021149,0.05069351349457363
1959025,C2,C,0.61137,43.19188,0.2409,0.99989,54.47353,-28.942259,10.799,0.016763083268458368,0.007527732606419783,-0.00398893898062213,0.011516671587041913,0.016907003044854704,-0.016456367782534537,0.6250000000000002,0.009235350662038585,0.006351052455986352,497,1.0,False,0.07705865195454796,0.0,0,0.4177697242788126,0.43195497153317475
1644180,C3,C,0.61154,42.84893,0.144,1.0,51.557453,-28.233849,11.003,0.03380982279580192,0.024571274507207086,0.0278944672803132,-0.0033231927731061143,0.037133754283817676,-0.05570576520870838,0.6250000000000002,0.009238548288594833,0.006353578704930826,497,1.0,False,0.14567432393859295,0.03135755258126195,0,0.07409622326934324,0.08828147052370539
1904321,C2,C,0.61177,42.95593,0.1969,0.99992,54.884159,-28.828045,10.483,0.0042713456866388,-0.004971528802590956,-0.0027506329271913517,-0.002220895875399604,0.01396286606799127,0.01106824717872603,0.6250000000000002,0.009242874489229756,0.006356996571149817,497,1.0,False,,0.0,0,0.18011767299991974,0.19430292025428186
1289470,C3,C,0.61207,42.51588,0.2167,1.0,53.473835,-27.984358,10.763,0.0005083642743570148,-0.008740153085266116,-0.005112355571134946,-0.003627797514131171,0.0034221988824873254,0.019453752813432836,0.6250000000000002,0.009248517359623131,0.006361454657522416,497,0.9,False,,0.966396292004635,0,-0.2612081718374741,-0.24702292458311192
1644061,C3,C,0.61287,42.50418,0.2021,0.92667,52.847591,-28.881491,10.798,0.012115174128328167,0.002851609114322697,0.00442033351075289,-0.0015687243964301939,0.00798376461479883,-0.005934611045666241,0.6250000000000002,0.00926356501400547,0.006373342887849343,497,1.0,False,,0.9850936967632027,0,-0.2763075225943938,-0.26212227534003163
1332594,C3,C,0.61302,43.60052,184.5903,0.0,52.712044,-28.613188,8.895,0.015952811771329973,0.006686425322127815,0.0009544117876607453,0.00573201353446707,0.030729706786732036,-0.015336593379018004,0.6250000000000002,0.009266386449202158,0.006375571931035643,497,1.0,False,,0.9977528089887641,0,0.8193955684868967,0.8335808157412588
1311113,C3,C,0.61533,42.81473,0.148,1.0,52.737038,-28.157749,9.02,0.008793964682905985,-0.000515871868325175,0.0032595376347387094,-0.003775409503063884,0.013827244678848202,0.0013205176493114555,0.6250000000000002,0.00930983655123116,0.0064098991961046466,497,1.0,False,,0.9709800190294957,0,0.02381582550768953,0.03800107276205167
1316626,C3,C,0.61601,42.83136,0.1934,1.0,51.751858,-28.535896,9.932,0.001725779872401201,-0.007596847185054945,-0.004879910451339453,-0.00271693673371549,0.005964953521110124,0.016947692255933865,0.6250000000000002,0.009322627057456146,0.006420004191882535,497,1.0,False,,0.707918649935093,0,0.03757064947268403,0.05175589672704617
1387162,C1,C,0.6175,43.1957,0.1989,0.99634,54.512081,-27.711487,10.297,0.005304743808729636,-0.004045909505013615,-0.0024623754549317313,-0.0015835340500818837,0.016248588898416273,0.008959262455572692,0.6250000000000002,0.00935065331374325,0.006442146020866439,497,1.0,False,0.018299845440494563,0.8380834365964478,0,0.39562116326099767,0.4098064105153598
1261163,C1,C,0.61854,42.72636,0.2843,0.9901,53.244629,-27.250557,10.518,0.0008359676001461849,-0.008534247664294102,-0.004804223706093282,-0.003730023958200821,0.007592192986328383,0.018967893769344914,0.6250000000000002,0.009370215264440287,0.006457600720291444,497,1.0,False,,0.9443658651579444,0,-0.07810027097075804,-0.0639150237163959
1812092,C3,C,0.6187,42.20088,0.3991,0.96914,53.032799,-27.943537,9.63,0.005786244973506554,-0.003586979821810202,0.00016899514912903802,-0.00375597497093924,0.0018266929721558465,0.008246915383352461,0.6250000000000002,0.009373224795316756,0.00645997836635683,497,0.975,False,0.045777475752146746,0.968809980806142,0,-0.6042537161093123,-0.5900684688549502
1338849,C1,C,0.62002,42.92772,0.1712,0.99999,53.704479,-26.361889,10.834,0.002598006373453244,-0.0068000470515943694,-0.003889012905215873,-0.0029110341463784977,0.0027270121766195766,0.015250638958003326,0.6250000000000002,0.009398053425047613,0.006479593946396262,497,1.0,False,0.10652954901791332,0.0,0,0.11703667082025489,0.13122191807461703
1301915,C1,C,0.62043,43.1453,0.2335,0.99996,53.842888,-27.549753,11.006,0.0017693944948204842,-0.00763637085309808,-0.0037378315392911374,-0.003898539313806942,0.003349059246851091,0.017067489531437125,0.6250000000000002,0.009405765347918564,0.006485686664438812,497,1.0,False,0.004116191381299997,0.9826771653543307,0,0.33289521373516334,0.3470804609895255
1334253,C1,C,0.62076,42.9675,0.2001,1.0,54.847507,-26.90303,9.428,0.004305108580911996,-0.005106863924439282,-0.0015743737968130227,-0.0035324901276262586,0.014605144260633555,0.011339248025321142,0.6250000000000002,0.009411972505351278,0.006490590559448669,497,1.0,False,,0.0,0,0.15371043623491673,0.16789568348927886
1335818,C3,C,0.62253,42.74949,0.2007,0.99999,52.583519,-28.471077,11.215,0.006164659421689545,-0.003280606018982655,-3.3661101842477094e-05,-0.003246944917140177,0.0038648793971608354,0.007569892772598808,0.6250000000000002,0.0094452654406722,0.006516893269046998,497,1.0,False,,0.9495912806539509,0,-0.07171508048188728,-0.05752983322752514
1598039,C3,C,0.62292,42.94654,0.1928,0.99072,53.092228,-28.326656,10.138,0.002557072696243421,-0.006895528475940169,-0.0039556422368453555,-0.0029398862390948117,0.006761259028855441,0.015421281314926438,0.6250000000000002,0.00945260117218359,0.006522688781331375,497,1.0,False,,0.9968971631205674,0,0.12370368822242013,0.13788893547678227
1267094,C1,C,0.62318,42.80918,0.133,0.99999,53.759274,-27.361492,11.25,0.0034913324277108804,-0.005966159232146967,-0.0022337709820137216,-0.0037323882501332445,0.005533768806092577,0.013413629365646516,0.6250000000000002,0.009457491659857847,0.006526552456187626,497,1.0,False,0.014366860114097024,0.9182364729458918,0,-0.014743259738097127,-0.0005580124837349897
1332632,C3,C,0.6232,42.58487,0.1601,0.99995,52.663742,-28.479296,10.603,0.0021580030150675587,-0.007299864836149849,-0.004493046175066391,-0.0028068186610834575,0.005414898414905976,0.016319593101722076,0.6250000000000002,0.009457867851217407,0.0065268496619458,497,1.0,False,,0.9770419426048566,0,-0.23913685325248238,-0.22495160599812025
1833321,C1,C,0.6248,42.93252,0.1964,0.99987,53.790253,-27.25433,10.052,0.05826891130726938,0.0487809481472873,0.00947555219537198,0.03930539595191532,0.024942782653457632,-0.1100167044714229,0.6250000000000002,0.009487963159982082,0.006550626122599656,497,1.0,False,0.09675036927621862,0.5809294871794872,0,0.10183391993750475,0.11601916719186689
1280762,C3,C,0.62617,43.14596,0.2244,0.99895,52.046097,-28.494738,9.276,0.0027015125957649787,-0.0068141377493235265,-0.004200670356461928,-0.0026134673928615987,0.009222753003973589,0.015205743780011292,0.6250000000000002,0.009515650345088505,0.006566156046921161,497,1.0,False,,0.9492847854356307,0,0.3095677507408892,0.32375299799525137
1251114,C2,C,0.62632,42.8727,0.1309,0.99999,53.801533,-28.814411,10.576,0.0049567730376931405,-0.004561944649896754,-0.0029991963439703504,-0.0015627483059264032,0.014566941837130356,0.010156842904138664,0.6250000000000002,0.009518717687589894,0.006567766029836515,497,1.0,False,,0.1794543904518329,0,0.035683709327663696,0.049868956582025836
1334858,C3,C,0.62737,43.03721,0.2715,0.99642,53.132202,-27.577719,10.49,0.01882955407062201,0.009289364985522386,0.004662537492585146,0.0046268274929372405,0.021997883832849147,-0.02059689084985989,0.6250000000000002,0.009540189085099625,0.006579035910244003,497,1.0,False,0.04671955363562069,0.9667648296171645,0,0.1958293971813417,0.21001464443570383
1370308,C3,C,0.62863,42.98062,0.225,0.99989,52.94249,-27.495134,9.729,0.005836629444128616,-0.0037293253179826796,-0.0010328101071686484,-0.002696515210814033,0.012810961130241869,0.008394398749746056,0.6250000000000002,0.009565954762111296,0.006592559766732988,497,1.0,False,,0.9842741935483871,0,0.13401138863434867,0.1481966358887108
1315832,C2,C,0.6291,42.85659,0.2075,0.98974,54.635948,-28.219814,9.977,0.007827931071869645,-0.0017476346967460043,-0.00014231180347846605,-0.0016053228932675408,0.013295805549474456,0.004048873576612898,0.6250000000000002,0.00957556576861565,0.006597604379867768,497,1.0,False,,0.45012679628064245,0,0.008033811967436431,0.02221905922179857
1375087,C3,C,0.62952,42.99013,0.1741,0.99997,52.231216,-29.034784,9.967,0.008310974566778687,-0.0012731797608408549,0.002670081028436486,-0.003943260789277342,0.011302392641790603,0.0030616929134434853,0.6250000000000002,0.009584154327619542,0.006602112332030763,497,1.0,False,0.05399135941872457,0.9536909674461256,0,0.13983459569532627,0.1540198429496884
1311001,C3,C,0.63094,42.93812,0.1931,1.0,52.424263,-28.055548,11.274,0.003013624971360559,-0.00659956686527214,-0.0032620609755020565,-0.0033375058897700824,0.005632673246458226,0.014802875957403852,0.6250000000000002,0.009613191836632699,0.0066173535036294605,497,1.0,False,,0.9783755274261603,0,0.08195255729347635,0.09613780454783849
1280790,C3,C,0.63211,42.82135,0.2085,0.99793,51.480549,-28.215427,10.394,0.0078755968960073,-0.0017615202121362382,0.0020591161648657492,-0.0038206363770019866,0.011952449059715035,0.004113165464372626,0.6250000000000002,0.009637117108143538,0.006629911370369233,497,1.0,False,0.07884885209942963,0.0,0,-0.039646225525935254,-0.025460978271573117
1314289,C1,C,0.63264,43.27999,0.253,0.8563,53.293701,-26.82618,10.948,0.002938501863231837,-0.006709453188416612,-0.0031276262920154722,-0.0035818268964011397,0.0028474003897895964,0.015073569742271427,0.6250000000000002,0.009647955051648449,0.006635599976670155,497,1.0,False,0.14826293610348887,0.030249110320284697,0,0.4168091770203544,0.43099442427471657
1290812,C1,C,0.63503,42.72109,0.2567,0.8474,53.55426,-27.040602,9.847,0.0009062636316352572,-0.008790564410535336,-0.005063630410340342,-0.003726934000194994,0.00408555960819459,0.019594609291788936,0.6250000000000002,0.009696828042170593,0.006661252371121484,497,1.0,False,,0.0,0,-0.15192052174381146,-0.13773527448944933
1297580,C3,C,0.63561,43.05697,0.1813,1.0,52.22113,-28.735949,10.539,0.016997692469204014,0.007289004036028049,0.010873297240585781,-0.0035842932045577333,0.022578512327141073,-0.016260685969426338,0.6250000000000002,0.009708688433175966,0.0066674776383941915,497,1.0,False,,0.9733110925771477,0,0.18157934131850326,0.19576458857286538
1900801,C3,C,0.63579,44.55917,296.596,0.0,52.465832,-27.728773,9.431,0.0026756076928088606,-0.007036761551368774,-0.003911740039004625,-0.003125021512364148,0.010498320611253118,0.015680469302429473,0.6250000000000002,0.009712369244177635,0.006669409617892618,497,1.0,False,,0.9945823927765237,0,1.6830410987482194,1.6972263460025816
1546021,C1,C,0.63706,42.5523,0.1894,0.99197,54.477123,-27.808594,9.458,0.006311814137675625,-0.0034265252730137762,-0.00361763042230433,0.00019110514929055345,0.011526286273110005,0.0077535847638582275,0.6250000000000002,0.009738339410689401,0.00668304080657596,497,1.0,False,,0.9370805369127517,0,-0.32903196200302903,-0.3148467147486669
1340460,C1,C,0.63779,42.93931,0.1648,0.99996,53.346596,-26.75898,10.746,0.004602751671564528,-0.005150515472631635,-0.0012176584515198995,-0.003932857021111735,0.012557882949432428,0.011510790611781414,0.6250000000000002,0.009753267144196163,0.006690876056764022,497,1.0,False,,0.0,0,0.05499177274987928,0.06917702000424142
1904352,C1,C,0.64337,43.1229,0.2438,0.9998,55.094093,-27.367584,9.982,0.027501051837726734,0.01763367955247887,0.020581005909780674,-0.0029473263573018046,0.017406720597627424,-0.03894301358524969,0.6250000000000002,0.009867372285247863,0.006750767421215243,497,1.0,False,,0.0,0,0.21586226436805575,0.23004751162241788
1420185,C3,C,0.64453,43.03445,0.2129,0.9997,52.394001,-27.508066,9.69,0.060548289070485053,0.05065719600322644,0.007081957996073106,0.043575238007153336,0.04459183663959257,-0.11618283017896329,0.6250000000000002,0.009891093067258612,0.006763217955760658,497,1.0,False,0.23169537801073864,0.9787430683918669,0,0.12271280164683403,0.13689804890119617
1473025,C2,C,0.64649,42.89316,0.1705,0.99238,53.765179,-29.64452,9.697,0.0094060146344402,-0.0005251583748365693,-0.0009215546609835932,0.00039639628614702386,0.020166875527782697,0.0010986651383469923,0.6250000000000002,0.00993117300927677,0.0067842550658546346,497,1.0,False,0.2593456382972262,0.0,0,-0.026499375437225726,-0.01231412818286359
1370402,C3,C,0.64766,42.86987,0.1476,0.99998,52.218319,-27.574377,10.002,0.004506708472008517,-0.005448389808779094,-0.003311376091020961,-0.0021370137177581325,0.008383545069874756,0.012279024683604773,0.6250000000000002,0.009955098280787611,0.006796812932594407,497,1.0,False,,0.9588755856324831,0,-0.054507520040204024,-0.040322272785841884
1334707,C3,C,0.64922,42.87882,0.1499,1.0,51.776424,-28.627806,9.025,0.003134523414733798,-0.006852475228068266,-0.0037088470167585047,-0.0031436282113097612,0.00631986853785838,0.015369070612990256,0.6250000000000002,0.009986998642802064,0.006813556754914104,497,1.0,False,,0.7827140549273021,0,-0.05183574929224492,-0.03765050203788278
1255139,C3,C,0.64989,42.96679,0.2032,1.0,52.319019,-29.002293,9.246,0.0014571080612641551,-0.008543591378044115,-0.004485340920184724,-0.004058250457859393,0.004126948087747692,0.019075485442438887,0.6250000000000002,0.01000069943930827,0.006820748011936023,497,1.0,False,0.08486020280139893,0.9641398093508852,0,0.03344224820050086,0.047627495454863
1336925,C1,C,0.64997,42.82085,0.1852,0.97856,54.912556,-27.523815,11.046,0.005977912856100048,-0.004024422499208965,-0.0006032064859974179,-0.0034212160132115485,0.013702541678527086,0.009035426317554184,0.6250000000000002,0.010002335355309012,0.00682160666949088,497,1.0,False,0.005351612453559764,0.0,0,-0.11281900797387594,-0.0986337607195138
1297064,C1,C,0.65045,43.02514,0.1922,0.99573,53.489273,-26.466883,10.805,0.0035449872929822447,-0.0064671635583312135,-0.003357564490785018,-0.0031095990675461954,0.005466782123112102,0.014562397829172843,0.6750000000000002,0.010012150851313458,0.006826758614820016,497,1.0,False,,0.0,0,0.09927868548347012,0.10372949407840237
1391191,C2,C,0.65069,43.3449,0.1943,0.99991,55.190578,-29.148733,9.653,0.013799310327758316,0.003782251728442633,0.004346203835039776,-0.0005639521065971438,0.036202402730208125,-0.009232441687201977,0.6750000000000002,0.010017058599315683,0.006829334587484585,497,1.0,False,,0.0,0,0.4180758215325266,0.42252663012745884
1265578,C1,C,0.65135,42.83047,0.2115,0.99995,53.979221,-27.168221,10.416,0.0035307109497468925,-0.006499843956574903,-0.0030767026055366653,-0.0034231413510382395,0.008563719060287002,0.014586729624892325,0.6750000000000002,0.010030554906321796,0.006836418512312148,497,1.0,False,,0.26306769494430166,0,-0.09900030817177348,-0.09454949957684122
1281135,C2,C,0.65195,42.53804,0.1388,0.7646,54.483776,-29.118591,9.52,0.00521607496989316,-0.004826749306434196,-0.0007002752956396345,-0.004126474010794563,0.0018773368166989605,0.011005196709522266,0.6750000000000002,0.010042824276327356,0.00684285844397357,497,1.0,False,0.12896879445503795,0.0,0,-0.3938336614516647,-0.38938285285673246
1559124,C2,C,0.65253,42.81356,0.1429,0.99976,54.731014,-29.125076,9.848,0.007122288215203252,-0.00293239645212948,-0.0011433892227368982,-0.0017890072293925822,0.001571183468341268,0.00686799939660037,0.6750000000000002,0.010054684667332732,0.006849083711246278,497,1.0,False,,0.0,0,-0.12063489750735708,-0.11618408891242482
1340521,C1,C,0.65356,43.0426,0.1412,1.0,55.116322,-27.372931,10.23,0.010165078806345151,8.933172050287937e-05,0.003207220731783685,-0.0031178890112808074,0.006566101572535975,0.00020712841977344257,0.6750000000000002,0.010075747085842272,0.006860138927265051,497,1.0,False,,0.0,0,0.1042877563148618,0.10873856490979406
1261587,C3,C,0.65387,42.85569,0.1565,0.9999,51.658005,-28.311613,10.2,0.011420933623544353,0.0013388473631992075,-0.0004443610448985691,0.0017832084080977757,0.013330331652575113,-0.0026511856133346542,0.6750000000000002,0.010082086260345145,0.0068634662252901185,497,1.0,False,0.07386916746781791,0.2709118311981914,0,-0.08386023256565418,-0.07940942397072193
1833564,C3,C,0.65461,42.87566,0.23,0.98851,52.822403,-27.66667,9.151,0.004338653147729048,-0.005758565335622952,-0.0016947472957509488,-0.004063818039872004,0.005367932359205996,0.013013347022237828,0.6750000000000002,0.010097218483352,0.006871408807672539,497,1.0,False,,0.9791583166332666,0,-0.06684316857935253,-0.062392359984420276
1643213,C3,C,0.65526,43.03976,0.1831,1.0,52.805607,-28.241508,9.734,0.002422813549591875,-0.007687696751266147,-0.003925856800026606,-0.0037618399512395423,0.0018827407267021084,0.017245594088266338,0.6750000000000002,0.010110510300858022,0.006878385400305744,497,1.0,False,,0.9794290512174643,0,0.09466566370894573,0.09911647230387799
1370391,C2,C,0.65692,42.81892,0.1397,0.99987,54.945316,-29.8078,9.327,0.0049689688886279185,-0.005175486669245484,-0.003234757984364185,-0.0019407286848813006,0.007499078174572891,0.011720408793840547,0.6750000000000002,0.010144455557873402,0.00689620254456901,497,1.0,False,0.09462134562923982,0.0,0,-0.13278066122436522,-0.12832985262943297
1259667,C3,C,0.65871,43.30961,0.194,0.99997,52.069096,-27.355251,10.095,0.003070717905252607,-0.007110341273137379,-0.0031406870358952356,-0.003969654237242144,0.0031901881032384807,0.015987992859142222,0.6750000000000002,0.010181059178389986,0.0069154150073589184,497,1.0,False,,0.937952430196484,0,0.35080348746778006,0.3552542960627123
1390173,C1,C,0.65875,43.17347,0.1778,0.99995,53.54335,-27.570875,9.911,0.006634782769767374,-0.0035470943666229826,-0.0010847419824839624,-0.002462352384139022,0.004960730020324019,0.008193496363903544,0.6750000000000002,0.010181877136390356,0.006915844336136347,497,1.0,False,,0.9781372977700044,0,0.2145049082117662,0.21895571680669845
1642138,C1,C,0.65971,43.01035,0.149,0.99997,54.310814,-26.420183,9.175,0.0022872474144963297,-0.007914260713902922,-0.00476247437448925,-0.0031517863394136744,0.0002624067359319811,0.017750537052774473,0.6750000000000002,0.010201508128399253,0.006926148226794622,497,1.0,False,0.052352519416042576,0.0,0,0.04758176223956771,0.05203257083449997
1319776,C1,C,0.6598,43.19205,0.178,0.97272,54.932148,-26.508446,10.237,0.00906567083324238,-0.0011376777006577073,0.0026277673468783564,-0.003765445047536065,0.009684367714551083,0.0028432712178870084,0.6750000000000002,0.010203348533900087,0.006927114216543835,497,1.0,False,,0.0,0,0.2289254883341993,0.23337629692913153
1314709,C1,C,0.65988,43.01096,0.1669,0.99981,54.872704,-26.824259,9.784,0.02262119601875614,0.012416211568855312,0.014479300558795257,-0.0020630889899399484,0.024891618597155562,-0.027616276836561683,0.6750000000000002,0.010204984449900827,0.00692797287409869,497,1.0,False,,0.0,0,0.047518839381717345,0.0519696479766496
1263852,C1,C,0.66083,42.98736,0.2043,0.9986,54.290184,-27.414892,11.03,0.0012274173235211781,-0.00899699362888845,-0.004739528111206904,-0.004257465517681547,0.002189870379716386,0.020102864477824296,0.6750000000000002,0.010224410952409628,0.006938169432562608,497,1.0,False,,0.8272727272727273,0,0.020161433450156686,0.024612242045088942
1261191,C1,C,0.66147,42.92792,0.0409,0.99291,53.317905,-26.684481,9.036,0.006012887142420311,-0.0042246111379952486,-0.0002366164145361756,-0.003987994723459074,0.005847624581502666,0.009668900121200218,0.6750000000000002,0.01023749828041556,0.006945038693001458,497,1.0,False,,0.0,0,-0.0418069639322088,-0.03735615533727654
1434258,C3,C,0.66195,43.02057,0.2122,1.0,52.984058,-27.69455,9.339,0.0006246459046375777,-0.009622667871782429,-0.0057334968468196355,-0.0038891710249627947,0.002203094494673693,0.021464518700314912,0.6750000000000002,0.010247313776420007,0.006950190638330595,497,1.0,False,9.02554228466461e-05,0.979068774028193,0,0.048948271142522135,0.05339907973745439
1264038,C3,C,0.66362,42.84266,0.1586,0.99928,53.542889,-28.406431,10.535,0.006006627049657934,-0.004274836473277544,-0.0005107621653175822,-0.003764074307959964,0.0007339485587433749,0.009819961195142786,0.6750000000000002,0.010281463522935477,0.0069681151147882175,497,1.0,False,,0.9985680190930788,0,-0.13554371956907724,-0.131092910974145
1945100,C3,C,0.6646,43.52627,222.1539,0.0,52.615055,-27.399786,10.22,0.007904571930840895,-0.0023969315631036606,0.0008871304938390433,-0.0032840620569427065,0.013758441538503927,0.005511754475915166,0.6750000000000002,0.010301503493944555,0.006978633669835206,497,1.0,False,,0.9968368730230457,0,0.5442111595274152,0.5486619681223475
1250823,C3,C,0.66487,43.14936,0.2147,0.94316,52.689095,-27.561094,10.199,0.004825752852803788,-0.005481271857643271,-0.0013797292806081597,-0.004101542577035111,0.006922936757609909,0.012406998482452785,0.6750000000000002,0.010307024710447059,0.006981531639082845,497,1.0,False,,0.9950062421972534,0,0.1662399888370853,0.17069079743201754
1295794,C3,C,0.67098,43.00473,0.2607,0.94971,52.681114,-27.389771,11.435,0.0040703296671077095,-0.00636163812789596,-0.0049025468783780056,-0.001459091249517954,0.013403341725939797,0.014195343175614704,0.6750000000000002,0.010431967795003669,0.007047111609834988,497,1.0,False,0.009766723719015189,0.9968539325842697,0,-0.0022944300715995276,0.0021563785233327283
1326299,C3,C,0.67382,43.30403,0.1937,1.0,52.642685,-27.521036,9.622,0.004743094843144208,-0.00574694796988577,-0.0017135389697135054,-0.0040334090001722675,0.0005892461869446523,0.013050630338632003,0.6750000000000002,0.010490042813029978,0.007077593953032383,497,1.0,False,,0.9964539007092199,0,0.2859652866191748,0.29041609521410705
1260645,C2,C,0.67405,43.05539,0.1608,0.99998,55.096146,-29.632816,10.718,0.0064232025039633305,-0.004071543567568782,-0.0007970676777711927,-0.0032744758897975904,0.007460633928182596,0.009331852580392286,0.6750000000000002,0.010494746071532113,0.007080062593502595,497,1.0,False,0.22332068934619637,0.0,0,0.03643312836570904,0.0408839369606413
1290593,C3,C,0.67528,43.16126,0.2832,0.99831,52.6693,-27.69029,11.067,0.0016402338021583676,-0.008879779873838952,-0.004655166285876006,-0.004224613587962946,0.004134194727381355,0.019859532169005215,0.6750000000000002,0.010520013675997319,0.007093320608646059,497,1.0,False,,0.9951338199513382,0,0.13753695869282828,0.14198776728776052
1329168,C3,C,0.67651,42.84811,0.1619,1.0,52.65675,-27.635353,10.795,0.0020811715947236555,-0.008464501207725012,-0.0042772358944353096,-0.004187265313289704,0.006458889433906187,0.018931111679496643,0.6750000000000002,0.010545672802448667,0.007106769150488353,497,1.0,False,0.1024688191540761,0.9950020824656394,0,-0.18037091238360753,-0.17592010378867529
1548070,C3,C,0.67651,43.04567,0.1873,1.0,53.050831,-27.758369,10.729,0.0013974758395038649,-0.009148196962944803,-0.005090615233187825,-0.004057581729756979,0.0027929856745263428,0.02045584800356829,0.6750000000000002,0.010545672802448667,0.007106769150488353,497,1.0,False,,0.9912280701754386,0,0.017189087616395305,0.021639896211327562
1336599,C3,C,0.67747,42.91771,0.3624,0.3338,52.838634,-27.9827,11.324,0.004337675693703497,-0.006228023744024275,-0.002100692257440087,-0.004127331486584189,0.013975354701457113,0.013884548594399016,0.6750000000000002,0.010565699437727772,0.007117265573389658,497,1.0,False,0.005406952136252823,0.9177631578947368,0,-0.11447862494251278,-0.11002781634758052
1319667,C1,C,0.67756,42.94647,0.132,0.98046,54.432259,-26.696482,10.808,0.04575357586905563,0.03518599893427044,-0.003959178446355707,0.039145177380626145,0.0010559565300555657,-0.07816283616364826,0.6750000000000002,0.010567576934785187,0.007118249613036656,497,1.0,False,0.061553685114094286,0.0,0,-0.08606596518504868,-0.08161515659011642
1311151,C3,C,0.67765,43.07834,0.2179,0.99999,53.169743,-27.660198,10.687,0.008691247426538984,-0.0018782070053036184,0.0012951885850295197,-0.00317339559033314,0.014366920123000622,0.004370125052916184,0.6750000000000002,0.010569454431842602,0.007119233652683653,497,1.0,False,,0.9784710017574693,0,0.045456738721747644,0.0499075473166799
1310916,C2,C,0.67923,42.76458,0.1263,0.99979,54.774956,-28.236753,10.839,0.07301787463846524,0.06241545970272577,-0.0006234483562360749,0.06303890805896185,0.033939443690101885,-0.14254879040399385,0.6750000000000002,0.010602414935739459,0.007136509015375381,497,1.0,False,0.016513521078113203,0.06557377049180328,0,-0.27439305794246033,-0.2699422493475281
1332795,C1,C,0.67984,43.19576,0.1813,0.99995,54.081429,-26.71279,10.881,0.006482994472076261,-0.004132145721496795,-0.0006635645369357842,-0.003468581184561013,0.009329398166501588,0.00943831890885756,0.6750000000000002,0.010615140193573055,0.007143178617427251,497,1.0,False,0.03843223164110865,0.0,0,0.15443944514007163,0.15889025373500387
1334257,C1,C,0.68005,42.83564,0.128,1.0,54.054943,-27.66481,10.841,0.019973348467943495,0.009353827447903135,-0.0035497712646616665,0.012903598712564798,0.017753138277375062,-0.02049951238382039,0.6750000000000002,0.01061952102004036,0.007145474709936912,497,1.0,False,0.28996160828546774,0.9723076923076923,0,-0.20648824303056906,-0.20203743443563682
1560099,C3,C,0.68006,43.16714,0.2156,0.99998,52.712143,-28.213511,10.927,0.006260647534024503,-0.004359082096800014,-0.0004427700859097102,-0.003916312010890306,0.008379161159431025,0.00994491447750482,0.6750000000000002,0.010619729630824517,0.007145584047675467,497,1.0,False,0.0015237551039843855,0.9720930232558139,0,0.12497330158341062,0.12942411017834288
1263130,C3,C,0.68017,42.81778,0.2203,0.99991,52.374233,-28.327822,11.189,0.011479704850709697,0.0008576805012594467,0.0016292598271713298,-0.000771579325911884,0.003207827033330088,-0.0015540545682965375,0.6750000000000002,0.01062202434945025,0.007146786762799576,497,1.0,False,0.005576816631650429,0.8900047824007652,0,-0.22480967194100893,-0.22035886334607668
1927203,C1,C,0.68069,43.08039,0.1459,0.97666,54.053375,-26.959591,10.283,0.015428164203475845,0.004795292093249415,0.008748214055658433,-0.003952921962409018,0.019786442982472,-0.01052984986270094,0.6750000000000002,0.01063287211022643,0.0071524723252044484,497,1.0,False,,0.0,0,0.03580170287908506,0.040252511474017316
1264606,C3,C,0.6811,42.98488,0.1629,0.99998,52.726147,-27.894068,10.737,0.014831816939102582,0.004190391786725702,0.00017335666954446972,0.0040170351171812295,0.029293922486859192,-0.009694116920698055,0.6750000000000002,0.01064142515237688,0.007156955172485214,497,1.0,False,0.20207007316637918,0.9361888111888111,0,-0.06128310592980209,-0.05683229733486983
1330559,C1,C,0.68131,43.28465,0.1929,0.99995,54.03083,-27.083225,10.735,0.002625772157630102,-0.008020033821214082,-0.004493665158039535,-0.0035263686631745493,0.00955137515453744,0.017916227070140685,0.6750000000000002,0.010645805978844184,0.007159251264994873,497,1.0,False,,0.012968967114404817,0,0.23768063611224582,0.24213144470717807
1256596,C3,C,0.68138,43.19335,0.1633,1.0,52.929001,-27.730846,10.278,0.0017389971582337425,-0.008908269096099543,-0.004681016678136437,-0.004227252417963107,0.003804984659014752,0.019935264795212994,0.6750000000000002,0.010647266254333286,0.007160016629164761,497,1.0,False,0.23600851681356985,0.9697624190064795,0,0.14611193632971825,0.1505627449246505
1320030,C3,C,0.68141,43.02137,0.1831,0.99996,52.556606,-28.334007,10.437,0.007011069515463833,-0.003636822571221922,-0.003166031481519093,-0.000470791089702831,0.021079757102176546,0.007930384862787698,0.6750000000000002,0.010647892086685755,0.007160344642380425,497,1.0,False,0.004407015540528436,0.9263715110683349,0,-0.025983212629887852,-0.021532404034955595
1277710,C3,C,0.68179,43.09853,0.1757,0.9999,52.448914,-28.976282,10.023,0.0053645530302546245,-0.005291266266229111,-0.0018233838340255644,-0.003467882432203549,0.01083757073252972,0.011922895860414447,0.6750000000000002,0.010655819296483736,0.007164499476445526,497,1.0,False,0.0018373280849571215,0.974325500435161,0,0.049718653839840574,0.05416946243477283
1333489,C3,C,0.68179,43.24179,0.1762,1.0,52.939812,-28.331917,10.921,0.006308354798370099,-0.004347464498113637,-0.0013729699534279997,-0.002974494544685639,0.007681320564498872,0.00993824835150476,0.6750000000000002,0.010655819296483736,0.007164499476445526,497,1.0,False,6.540650140620618e-05,0.9952172180151455,0,0.19297865383984564,0.19742946243477788
1346627,C3,C,0.68193,43.02045,0.1539,1.0,53.300381,-28.336512,10.553,0.002220089437356278,-0.00843865041010566,-0.005178590546546244,-0.0032600598635594176,0.007205533066638186,0.018873172738782324,0.6750000000000002,0.010658739847461938,0.0071660302047853,497,1.0,False,0.15111806079920093,0.9954728370221329,0,-0.028898357117575223,-0.024447548522642967
1295509,C3,C,0.68363,42.92092,0.1719,0.99974,52.941978,-28.291639,9.815,0.007272685470506886,-0.003421518210261794,-0.00018272450098094986,-0.0032387937092808465,0.010698603680222607,0.007867607279861712,0.6750000000000002,0.01069420368076868,0.00718461762033969,497,1.0,False,0.001027541680773097,0.9870707070707071,0,-0.1349407943992123,-0.13048998580428006
1341743,C3,C,0.68422,43.01879,0.1585,1.0,53.072044,-28.158558,10.794,0.003481940269943139,-0.007224571447090827,-0.004535490419966568,-0.002689081027124259,0.008732622620233367,0.0162046974040552,0.6750000000000002,0.010706511717033965,0.007191068546914451,497,1.0,False,0.0007837455914311069,0.953757225433526,0,-0.03932736870130678,-0.03487656010637452
1251022,C1,C,0.68428,42.91859,0.1182,0.99998,54.067398,-28.060661,10.877,0.020630700502771816,0.009922937121032907,0.009089505244121934,0.0008334318769109717,0.01884448856242948,-0.021805113560082023,0.6750000000000002,0.010707763381738908,0.007191724573345782,497,1.0,False,,0.9611607142857143,0,-0.1397567464361405,-0.13530593784120826
1433114,C3,C,0.68438,43.04141,0.2285,0.99987,51.889549,-28.011276,11.102,0.005727814232972948,-0.004982035256607533,-0.002117742232059891,-0.0028642930245476434,0.009889037174817858,0.011289551639149277,0.6750000000000002,0.01070984948958048,0.007192817950731335,497,1.0,False,0.06917678908559824,0.9757604562737643,0,-0.01731899986052705,-0.012868191265594794
1308589,C3,C,0.68576,42.60976,0.359,0.2691,52.369991,-28.462612,9.175,0.01929974380101366,0.008561106023219467,0.012885633335719222,-0.004324527312499756,0.013844645473929046,-0.018618119337193907,0.6750000000000002,0.010738637777794192,0.007207906558651959,497,1.0,False,,0.8887884267631103,0,-0.45423864135645325,-0.449787832761521
1642178,C3,C,0.68673,42.97455,0.1554,1.0,52.388626,-28.350616,10.729,0.005249340839606934,-0.005509532184250517,-0.002249427014462896,-0.0032601051697876233,0.007018071337489147,0.012451232477002002,0.6750000000000002,0.010758873023857451,0.007218512319291818,497,1.0,False,0.00944430940340185,0.8798099762470308,0,-0.09314658925192883,-0.08869578065699657
1896213,C3,C,0.68688,42.9114,0.2067,1.0,52.233013,-27.125195,11.078,0.010479242041780717,-0.0002827601438390951,-0.005375704840423377,0.005092944696584278,0.017673650752541004,0.0007698805333843373,0.6750000000000002,0.010762002185619813,0.007220152385370147,497,1.0,False,,0.9930034982508745,0,-0.156867990122797,-0.15241718152786476
1950043,C1,C,0.68828,43.13319,0.161,0.8323,54.209713,-27.262325,9.815,0.0009930209525036173,-0.00979818674289822,-0.005325681618635624,-0.0044725051242625975,0.003083003963369599,0.02188956713270941,0.6750000000000002,0.010791207695401837,0.007235459668767881,497,1.0,False,0.16520956239486337,0.5404814004376368,0,0.05959469223342599,0.06404550082835825
1320009,C3,C,0.69164,43.21584,0.1743,1.0,53.018257,-28.651703,10.747,0.005449153193169026,-0.00541214772570967,-0.0034495388536580894,-0.001962608872051583,0.0021962394339794192,0.012332876387776488,0.6750000000000002,0.010861300918878696,0.007272197148922445,497,1.0,False,0.00847698091792581,0.9637526652452025,0,0.12950137262994693,0.13395218122487917
1277716,C3,C,0.69313,43.02789,0.1923,0.99992,53.550053,-28.18001,10.996,0.02452184206296551,0.013629458137247372,0.005425407968033844,0.008204050169213526,0.011625381105815543,-0.02979741661755106,0.6750000000000002,0.010892383925718138,0.007288488471967176,497,0.9,False,0.23443563105018517,0.9933854479855683,0,-0.06408070412026386,-0.0596298955253316
1332709,C1,C,0.69371,43.33734,0.1673,0.99999,55.129387,-27.696405,10.024,0.0033284426885933954,-0.007576040662605869,-0.005081535355448351,-0.0024945053071575196,0.014779575432895828,0.016807816294218736,0.6750000000000002,0.010904483351199264,0.007294830060803382,497,1.0,False,,0.0,0,0.24318008144204944,0.2476308900369817
1645208,C3,C,0.69516,43.15819,0.1696,1.0,52.949448,-29.020847,9.102,0.003995213490666708,-0.006939518424235366,-0.0034689418125891883,-0.0034705766116461803,0.012102301036556129,0.015518524114760698,0.6750000000000002,0.010934731914902074,0.007310684032893892,497,1.0,False,,0.9679433805162365,0,0.05856471327581507,0.06301552187074733
1449102,C3,C,0.6983,43.28168,0.2385,0.99998,52.779289,-28.6791,10.014,0.0048363574356059535,-0.006163878265521521,-0.004972945289200659,-0.0011909329763208631,0.011069641960081601,0.013866673475151654,0.6750000000000002,0.011000235701127474,0.00734501608280024,497,1.0,False,,0.9791574279379157,0,0.17025673492563093,0.17470754352056317
1387174,C2,C,0.69842,42.95633,0.1275,0.99991,54.837074,-29.843889,8.754,0.008050294985535968,-0.0029524440450013935,0.0002958854559221317,-0.003248329500923527,0.006779700787193284,0.006928288189246928,0.6750000000000002,0.011002739030537362,0.007346328135662903,497,1.0,False,,0.0,0,-0.1555431331765494,-0.15109232458161714
1904287,C3,C,0.69904,43.43597,0.1802,1.0,52.376041,-27.327644,10.678,0.0022549838908959606,-0.008760689008259156,-0.004890433923080614,-0.003870255085178543,0.007146540329486759,0.01961466855475837,0.6750000000000002,0.011015672899155116,0.007353107075453329,497,1.0,False,,0.9745681381957774,0,0.3217737287566759,0.32622453735160817
1324062,C3,C,0.70325,43.60504,255.9629,0.0,53.322296,-27.90621,11.111,0.009577397358869548,-0.0015261006804158008,-0.006384682151332782,0.00485858147091698,0.013437459643610093,0.003657017132973849,0.7250000000000002,0.011103498039285349,0.007399138263385088,497,0.925,False,0.021282841626302656,0.9819524200164069,0,0.45124260653262976,0.47957176772787746
1254150,C3,C,0.70417,43.09897,0.1584,1.0,53.052078,-27.550299,10.237,0.01389889968205451,0.0027762094506266887,-0.004179046653194377,0.006955256103821063,0.019990395033901466,-0.005994982935793678,0.7250000000000002,0.01112269023142782,0.007409197335332169,497,1.0,False,0.03290164713614249,0.9794635373009221,0,-0.058251220685386046,-0.02992205949013837
1262895,C3,C,0.70548,42.95925,0.2643,0.8796,52.514614,-28.743109,10.654,0.00958554653582473,-0.0015644717083277016,0.0015786706251669867,-0.0031431423334946896,0.014242449783163068,0.0037470755052765106,0.7250000000000002,0.011150018244152432,0.007423520579082908,497,1.0,False,,0.9855706165282029,0,-0.20283905098494984,-0.17450988978970217
1891266,C3,C,0.70836,43.14275,0.3111,0.99988,52.334877,-27.587389,10.742,0.017725308214675616,0.006515210064685879,-0.003871930050397905,0.01038714011508378,0.037419687290062446,-0.015375679852959921,0.7250000000000002,0.011210098149989738,0.0074550098477868185,497,1.0,False,0.10726076471001426,0.9603135717785399,0,-0.030010408848597767,-0.0016812476533500896
1265623,C1,C,0.70978,43.40826,0.2022,0.99972,53.103416,-27.02441,10.771,0.01340617279138297,0.0021664519100428915,0.006729717988494337,-0.004563266078451448,0.010217306042854805,-0.004348536869831443,0.7250000000000002,0.011239720881340079,0.007470535806661663,497,1.0,False,,0.7227124941941477,0,0.23025334346903634,0.258582504664284
1563063,C2,C,0.71552,43.23435,0.1639,0.99999,54.621601,-29.283367,10.796,0.0036813665285068188,-0.0076780969429395655,-0.003278209895897437,-0.0043998870470421305,0.01528655513083149,0.01708783642802715,0.7250000000000002,0.011359463471446384,0.007533295668592377,497,1.0,False,0.11738714792016414,0.0,0,0.03523891628329664,0.06356807747854432
1340493,C1,C,0.71719,43.14355,0.1559,1.0,54.050762,-26.164101,11.282,0.01445314750003832,0.003058846027637665,0.004190403386074949,-0.0011315573584372868,0.019947354872667484,-0.006612927781497864,0.7250000000000002,0.011394301472400654,0.007551555070931103,497,1.0,False,0.012235105026234705,0.0,0,-0.06167067721191558,-0.033341516016667905
1894320,C2,C,0.7188,43.29152,0.166,0.99999,53.22044,-29.139114,10.931,0.003955244760796563,-0.00747264304785342,-0.003686783094655741,-0.0037858599531976817,0.003086587977409065,0.01688381866917578,0.7250000000000002,0.011427887808649983,0.007569158446838497,497,1.0,False,,0.7756968641114983,0,0.08042216748902462,0.10875132868427229
1433040,C2,C,0.71949,42.9925,0.145,0.99873,53.648689,-29.713867,11.385,0.008120985487940914,-0.003321296464815925,-0.003927500233770909,0.0006062037689549826,0.009768298819521766,0.007724219335029092,0.7250000000000002,0.011442281952756839,0.00757670275079881,497,1.0,False,0.011509226572995466,0.0,0,-0.22111274051591437,-0.1927835793206667
1646092,C2,C,0.7207,43.45301,0.1924,0.99998,54.967178,-28.979538,10.648,0.006000289411432359,-0.005467234446207517,-0.004866656235979663,-0.0006005782102278551,0.008283470295649634,0.012449442452154789,0.7250000000000002,0.011467523857639876,0.007589932617163995,497,1.0,False,0.0606729819259604,0.0,0,0.23499265168889025,0.2633218128841379
1277995,C3,C,0.72199,42.90227,0.3024,0.99966,53.256645,-28.226553,10.593,0.009382153780072022,-0.0021122808687241493,-0.0007476215329614818,-0.0013646593357626688,0.005455371506939813,0.005149113708060558,0.7250000000000002,0.01149443464879617,0.007604037185437622,497,0.95,False,,0.9686994063680519,0,-0.32043534557978265,-0.29210618438453495
1306067,C2,C,0.7222,43.01877,0.1089,1.0,55.089508,-28.779917,10.355,0.013274072582774028,0.0017752571075105548,-0.00532931961344944,0.007104576720959993,0.013879817301293458,-0.003570393065747638,0.7250000000000002,0.011498815475263473,0.007606333277947281,497,1.0,False,,0.0,0,-0.20469774549678846,-0.1763685843015408
1312818,C1,C,0.72292,43.31795,0.1427,1.0,54.390839,-27.473436,10.701,0.0016158328719908291,-0.009898002579731972,-0.005354757058641965,-0.004543245521090009,0.009288178061282605,0.022090279098369574,0.7250000000000002,0.011513835451722802,0.00761420559512326,497,1.0,False,0.05675248995890696,0.79884290164664,0,0.09186992951065662,0.12019909070590429
1701088,C2,C,0.72403,43.20605,0.1686,0.99995,55.073814,-28.443474,10.269,0.06716429799400732,0.055627306745243056,-0.003894913101208934,0.059522219846451986,0.00879175440128718,-0.12532581111712343,0.7250000000000002,0.011536991248764263,0.0076263420841028925,497,1.0,False,0.1167207067162404,0.0,0,-0.024052506445067654,0.0042766547501800235
1900856,C2,C,0.72416,43.1593,0.1552,1.0,54.840744,-28.397083,11.218,0.022588657739127264,0.011048954550168955,0.007762054040278621,0.00328690050989033,0.02067561112416874,-0.024344079796355896,0.7250000000000002,0.01153970318895831,0.007627763474704111,497,1.0,False,0.02803684112843352,0.0,0,-0.07127321448078419,-0.04294405328553652
1335259,C1,C,0.72701,43.50631,0.2041,0.99999,54.514759,-27.697821,10.653,0.007388132053369131,-0.004214955762265623,-0.002715027325414252,-0.0014999284368513717,0.015495679939917106,0.00952916012605267,0.7250000000000002,0.011603087815634754,0.0076900817108794695,497,1.0,False,,0.8276150627615063,0,0.2654377904785849,0.2937669516738326
1263139,C1,C,0.72737,43.42614,0.1679,0.99999,53.936253,-28.025343,9.436,0.005129192222347022,-0.006482109561193503,-0.003210888736292508,-0.003271220824900996,0.009508125529734355,0.014648519561355188,0.7250000000000002,0.011611301783540525,0.00769959822421739,497,0.9,False,,0.9792110874200426,0,0.18396962890070398,0.21229879009595165
1299712,C2,C,0.73064,43.22599,0.1392,0.99999,53.552898,-28.897259,11.021,0.0033544240567760027,-0.008331487935241954,-0.005987742563822193,-0.002343745371419762,0.00505548355606717,0.018760975834809446,0.7250000000000002,0.011685911992017956,0.007786039887036837,497,1.0,False,,0.010763209393346379,0,-0.02794377140324514,0.00038538979200253634
1555053,C1,C,0.73072,43.30631,0.1456,0.99997,53.683319,-26.644308,10.797,0.01615285663252758,0.004465119314308338,0.004815867529883972,-0.00035074821557563775,0.010860364986801586,-0.00940788014598088,0.7250000000000002,0.011687737318219241,0.007788154667778599,497,1.0,False,0.0446172691134326,0.0,0,0.05208907441309548,0.08041823560834316
1290043,C3,C,0.73488,43.27814,0.1854,1.0,53.040497,-27.71343,11.191,0.01708215640039948,0.0052995021197135336,0.009483324338408613,-0.004183822218695081,0.020965088669463276,-0.011621204332450265,0.7250000000000002,0.011782654280685945,0.00789812326635013,497,1.0,False,0.017015586092409843,0.9811563169164882,0,0.009028608457490171,0.03735776965273785
1617030,C3,C,0.73615,43.19871,0.2303,0.99993,53.294022,-28.177332,9.322,0.0075998759567791055,-0.004211755377352202,-0.0027196577208391795,-0.0014920976565130249,0.014312287358222079,0.009572957634578442,0.7250000000000002,0.011811631334131307,0.007931695410625572,497,0.825,True,,0.9645522388059702,0,-0.07493111000821642,-0.04660194881296875
1297490,C3,C,0.73677,43.19219,0.2383,0.99999,53.260384,-28.290657,10.503,0.004802673380813068,-0.007023104231378184,-0.006116527911811272,-0.0009065763195669112,0.007718899497012038,0.015882039635845217,0.7250000000000002,0.011825777612191252,0.007948084961374217,497,1.0,False,,0.9912237932715748,0,-0.08365973534715579,-0.05533057415190812
1302185,C3,C,0.73717,43.39277,0.2572,0.99973,53.147877,-28.521965,9.965,0.0016502444644522624,-0.010184659778745402,-0.005534699856276209,-0.004649959922469193,0.0018613424103567887,0.022833278019437124,0.7250000000000002,0.011834904243197664,0.007958658865083016,497,1.0,False,,0.9857942315970728,0,0.11549629490200772,0.1438254560972554
1315947,C3,C,0.73781,43.12842,0.1531,1.0,52.611301,-28.142172,10.403,0.00684612532313386,-0.005003381529674066,-0.0006501871665705525,-0.004353194363103515,0.015292191039666485,0.011258347602278207,0.7250000000000002,0.011849506852807926,0.0079755771110171,497,1.0,False,,0.9753573188762937,0,-0.15113050937535036,-0.12280134818010269
1309376,C1,C,0.74009,43.42073,0.1588,0.99999,54.044285,-28.000912,11.025,0.004185687889446672,-0.0077158407600978135,-0.005550434976198381,-0.0021654057838994345,0.008106384641055182,0.017393062915376265,0.7250000000000002,0.011901528649544486,0.008035848362157264,497,1.0,False,,0.9717668488160291,0,0.1330838086894832,0.16141296988473086
1307783,C3,C,0.74061,43.58119,0.2452,0.99761,52.68726,-27.469807,10.985,0.021191833412470606,0.009278440142617785,0.0019822991810934387,0.007296140961524342,0.006831014223060489,-0.02005381322098346,0.7250000000000002,0.011913393269852822,0.008049594436978705,497,1.0,False,0.020458345062937724,0.9973568281938326,0,0.2917007904580006,0.3200299516532483
1700109,C3,C,0.74119,43.5003,0.2446,0.99984,52.432846,-27.650053,10.178,0.01648988905735238,0.004563262172540257,-0.0039764179882423355,0.008539680160782593,0.023140815485418173,-0.010202134007799863,0.7250000000000002,0.011926626884812124,0.00806492659735647,497,1.0,False,0.05823029077814597,0.9941069809610155,0,0.2087565867096106,0.23708574790485826
1537077,C3,C,0.7445,43.10547,0.2244,0.99586,53.093517,-27.494064,9.861,0.07066793844277719,0.05866578868638699,-0.0032560137222450393,0.06192180240863203,0.007550077775955851,-0.13241297836165888,0.7250000000000002,0.012002149756390199,0.008152425650546798,497,1.0,False,0.34221840068787623,0.9788245462402766,0,-0.19776697638541066,-0.169437815190163
1257605,C3,C,0.74535,43.18219,0.179,1.0,52.446148,-27.333338,10.659,0.01161308720409934,-0.00040845664317948685,0.003972042841986613,-0.004380499485166099,0.01171589863599333,0.0013286313251411157,0.7250000000000002,0.012021543847278826,0.008174895195927998,497,1.0,False,,0.9966996699669967,0,-0.1240417683622266,-0.09571260716697894
1898252,C2,C,0.74571,43.16479,0.1228,0.99999,54.963478,-29.833128,11.021,0.02028363273744588,0.008253874922261283,0.011284889221879823,-0.00303101429961854,0.012188200260891485,-0.017821802364771946,0.7250000000000002,0.012029757815184599,0.00818441170926592,497,1.0,False,0.03894690412496921,0.0,0,-0.14270915843415224,-0.11437999723890457
1250882,C3,C,0.74658,43.44188,6.7654,0.0012,52.342525,-27.732635,9.835,0.005663091496698752,-0.006386516740924797,-0.004388921113664021,-0.001997595627260777,0.016902483311246642,0.014261319154300105,0.7250000000000002,0.01204960823762355,0.008207409949832562,497,1.0,False,,0.969727047146402,0,0.1313204159274892,0.15964957712273686
1295800,C3,C,0.74855,43.4209,0.2713,0.99828,52.383057,-28.782734,10.125,0.002838227578071161,-0.009256329317258978,-0.005138944234339327,-0.004117385082919651,0.008277320497431373,0.02075438209464651,0.7250000000000002,0.01209455689533014,0.008259486425598409,497,1.0,False,,0.9847908745247148,0,0.10342317651547603,0.1317523377107237
1864046,C3,C,0.7487,43.61985,0.214,0.99955,52.43116,-28.635283,9.6,0.0031674703305281876,-0.008930509051429357,-0.00513298211737102,-0.003797526934058336,0.006600147800966448,0.02009121913819713,0.7250000000000002,0.012097979381957544,0.00826345163948921,497,1.0,False,,0.9448782728525493,0,0.30184720262343373,0.33017636381868143
1337549,C2,C,0.74877,43.45196,0.1508,0.99985,54.528187,-29.439669,9.363,0.005325427626928624,-0.006774148915455042,-0.0020641970081258718,-0.004709951907329171,0.011573032682690845,0.015272701811071801,0.7250000000000002,0.012099576542383667,0.00826530207263825,497,1.0,False,0.03312614008703256,0.0,0,0.13371178291841687,0.16204094411366454
1302027,C2,C,0.74899,43.26925,0.1639,0.99966,55.160618,-29.382671,11.148,0.005408117376647467,-0.006696478812789727,-0.0033441349373293117,-0.003352343875460416,0.008481473553858147,0.015177846098196328,0.7250000000000002,0.012104596189437194,0.008271117719678091,497,1.0,False,0.153580066209641,0.0,0,-0.04976939212770162,-0.02144023093245395
1933196,C2,C,0.75011,43.12881,0.1337,0.90313,54.314251,-29.233372,10.592,0.03509010574082963,0.02295995498457448,0.027766569755781276,-0.004806614771206799,0.02367485008137998,-0.05111845009754639,0.7750000000000002,0.012130150756255152,0.008300724650062733,497,1.0,False,,0.0,0,-0.16705146146920194,-0.1658028289727922
1310964,C2,C,0.75147,43.43784,0.171,0.99999,54.153641,-29.384817,10.168,0.002182378764060607,-0.009978802537616351,-0.005186313090702083,-0.004792489446914269,0.0019510799782718727,0.022414514454817187,0.7750000000000002,0.012161181301676958,0.008336675922672655,497,1.0,False,,0.0,0,0.13722297159360627,0.13847160409001602
1380167,C3,C,0.75331,43.16429,0.1731,1.0,52.879337,-28.709394,9.861,0.019627461532550163,0.007424297728243698,0.009865609871909467,-0.0024413121436657687,0.014854832027674052,-0.016018422803650068,0.7750000000000002,0.012203163804306465,0.008385315879733143,497,1.0,False,0.052124267813449976,0.9792617171298217,0,-0.14274783222156154,-0.1414991997251518
1929022,C1,C,0.75356,43.51644,0.148,0.99998,54.777885,-26.572632,10.827,0.009222483490599943,-0.0029863844580855295,-0.0013987306045144879,-0.0015876538535710412,0.017261216756730015,0.006800979962112295,0.7750000000000002,0.012208867948685472,0.008391924569551143,497,1.0,False,,0.0,0,0.20853094381717105,0.2097795763135808
1304506,C3,C,0.75421,43.43701,0.1753,1.0,53.164501,-28.657007,10.449,0.004679349518432215,-0.00754434920563868,-0.0046729416528505565,-0.0028714075527881237,0.004312280898177806,0.017103117387689864,0.7750000000000002,0.012223698724070895,0.008409107163077946,497,1.0,False,0.00542124375074821,0.9840269020596889,0,0.1268370660889294,0.12808569858533914
1263788,C3,C,0.75729,43.40246,0.4836,0.99999,53.077705,-28.667744,11.327,0.007149626355758599,-0.005144347427061682,-0.0046170301445466275,-0.0005273172825150541,0.016434438764463582,0.011605940971398446,0.7750000000000002,0.01229397378282028,0.008490526221635713,497,1.0,False,0.1111313442858037,0.9645833333333333,0,0.08158530336288314,0.08283393585929288
1536112,C3,C,0.75888,43.36227,0.1504,1.0,53.059582,-28.29002,10.974,0.003048695188895851,-0.009281556952174926,-0.005297876761060137,-0.003983680191114789,0.003073873593336295,0.020907077559548667,0.7750000000000002,0.012330252141070776,0.008532557488878198,497,1.0,False,,0.9879931389365352,0,0.035887123193402225,0.03713575568981198
1552143,C1,C,0.75991,43.31795,0.1348,1.0,54.115929,-26.586367,10.761,0.03684586726598936,0.02449211405007707,0.014106283183156071,0.010385830866921004,0.021464999883622594,-0.05444483776825916,0.7750000000000002,0.01235375321591229,0.008559785290928358,497,1.0,False,0.12410293708200987,0.0,0,-0.011995125567198757,-0.010746493070789006
1330350,C3,C,0.76303,43.38159,0.1797,1.0,52.064053,-27.787922,10.99,0.0009419189476172693,-0.011483021990145049,-0.006746062839461765,-0.0047369591506832825,0.006855786281074668,0.025666688369340825,0.7750000000000002,0.012424940937762318,0.008642261739857007,497,1.0,False,,0.9853157121879589,0,0.040882755091805244,0.042131387588215
1302399,C3,C,0.76495,43.35806,335.5034,0.0,52.85817,-27.140636,10.808,0.009721335221174807,-0.0027474135454182997,0.0022314132655369403,-0.004978826810955238,0.0057925458944642245,0.006610267989168521,0.7750000000000002,0.012468748766593107,0.008693016477659254,497,1.0,False,,0.9897435897435898,0,0.010751017805558176,0.011999650301967927
1700105,C3,C,0.76518,43.30284,266.7506,0.0,52.41481,-28.440268,10.628,0.006469849278966779,-0.006004147300455014,-0.0012061740942674263,-0.004797973206187586,0.010020776199751549,0.013677585555648918,0.7750000000000002,0.012473996579421793,0.008699096472291815,497,1.0,False,,0.8686868686868687,0,-0.04525874146157586,-0.044010108965166106
1881037,C3,C,0.76584,43.39145,0.1608,1.0,52.818596,-28.880817,10.96,0.006706904688245084,-0.005782150832337291,-0.003822552383425275,-0.001959598448912016,0.014370567151936213,0.013071464094816507,0.7750000000000002,0.012489055520582375,0.008716543413411337,497,1.0,False,,0.9856054191363252,0,0.04108626545634072,0.04233489795275047
1280135,C1,C,0.77082,43.4342,0.1822,0.99999,53.492321,-27.400358,9.229,0.005892421352822156,-0.0067102607237900696,-0.0035436120611340213,-0.0031666486626560474,0.012822895589892873,0.015153285003703507,0.7750000000000002,0.012602682076612226,0.008848188514585907,497,1.0,False,,0.9938488576449912,0,0.06680642396699218,0.06805505646340193
1323740,C3,C,0.77137,43.25245,0.1765,0.99998,52.490513,-28.548523,10.552,0.016266528948690823,0.0036512977544447753,0.005296534115240087,-0.0016452363607953099,0.015081624282888666,-0.007669835501746214,0.7750000000000002,0.012615231194246047,0.00886272763218551,497,1.0,False,0.07252578512676627,0.9238929889298892,0,-0.11681785695658911,-0.11556922446017937
1338940,C3,C,0.77334,43.6523,0.228,0.99876,52.552971,-27.85854,10.015,0.005620862102000551,-0.007039317749952085,-0.0022433072569749734,-0.0047960104929771095,0.008850872045469239,0.01597131913893021,0.7750000000000002,0.012660179851952636,0.008914804107951358,497,1.0,False,,0.9672276350752879,0,0.2763293945352719,0.27757802703168166
1309215,C3,C,0.77464,43.13337,0.1732,0.99994,51.672451,-28.323631,9.998,0.018925531758963023,0.006235690356239542,0.006919725289822101,-0.000684034933582555,0.017595223229877287,-0.013474665005452389,0.7750000000000002,0.012689841402723482,0.008949169295004961,497,1.0,False,0.13689537032863006,0.32275541795665635,0,-0.24701470324615352,-0.24576607074974377
1316487,C3,C,0.77627,43.85273,0.3073,0.99983,53.017178,-28.068138,11.217,0.00904682085414053,-0.0036780342510176443,0.000796164077932893,-0.004474198328950534,0.011718893687049961,0.008556866500691106,0.7750000000000002,0.012724855105158174,0.008973618379736053,497,1.0,False,0.11824215913121312,0.9413886384129847,0,0.4668208083444843,0.4680694408408941
1330403,C2,C,0.7765,43.29712,0.1202,1.0,54.51926,-29.133043,10.548,0.00457353182767314,-0.008156176772714678,-0.003053210223575623,-0.005102966549139053,0.003911486700040669,0.018483715325626756,0.7750000000000002,0.012729708600387817,0.008976322703689145,497,1.0,False,,0.0,0,-0.08956781731360289,-0.08831918481719314
1250852,C3,C,0.77725,43.37835,0.1483,0.99999,52.148983,-28.639776,10.393,0.007958665127508884,-0.004786870087758218,-0.0008117119760584282,-0.003975158111699786,0.004882225500131503,0.01111314482515768,0.7750000000000002,0.012745535215267102,0.008985141151362274,497,1.0,False,,0.9579934747145188,0,-0.010875265211562153,-0.009626632715152402
1590122,C2,C,0.77952,43.3866,0.1256,0.99999,54.063961,-28.556692,10.789,0.005140120232598524,-0.007653316870369873,-0.005201309950359357,-0.0024520069200105144,0.005261672506945524,0.01737840814041336,0.7750000000000002,0.012793437102968397,0.009011831652986274,497,1.0,False,,0.9812075169932027,0,-0.010290866203983258,-0.009042233707573507
1652139,C3,C,0.78266,43.41133,0.1738,0.99999,53.220966,-28.031462,11.084,0.03448674448573991,0.021627046621810253,-0.007166900349520659,0.028793946971330912,0.00793213410539267,-0.047524938713441565,0.7750000000000002,0.012859697863929662,0.009048751553911102,497,0.825,True,0.04429335936185253,0.9272863568215892,0,0.0038711405761139,0.005119773072523651
1948295,C2,C,0.78324,43.69805,0.1348,1.0,54.696953,-29.777136,10.539,0.005029286828985891,-0.007842650283783748,-0.0036391904823470196,-0.0042034598014367265,0.014426903078774065,0.0175964902894135,0.7750000000000002,0.012871937112769639,0.009055571153444988,497,1.0,False,,0.0,0,0.28864358127729633,0.2898922137737061
1320474,C1,C,0.78842,43.38943,0.1471,0.99999,54.000061,-28.078136,10.586,0.007599260906093578,-0.005381985360108974,-0.00564291601302467,0.00026093065291569843,0.009903060964137088,0.012348991301844352,0.7750000000000002,0.012981246266202551,0.009116477232040723,497,1.0,False,,0.9625668449197861,0,-0.03730848351977537,-0.03605985102336562
1332701,C1,C,0.79167,43.32008,0.1194,0.99997,54.545448,-27.80512,10.348,0.008360611393116953,-0.004689216870895824,-0.0021188575679682627,-0.0025703593029275593,0.012265225191822656,0.010789416085215525,0.7750000000000002,0.013049828264012776,0.009154690505290945,497,1.0,False,,0.7511838140335773,0,-0.1174766409387781,-0.11622800844236836
1347112,C3,C,0.79318,43.28547,0.2443,0.9951,52.842068,-27.224436,9.333,0.002884586934446357,-0.010197105580856706,-0.005846548159355984,-0.004350557421500722,0.005998381749467834,0.022938257200155267,0.7750000000000002,0.013081692515303063,0.009172444979939506,497,1.0,False,0.1988199734549794,0.9952971355280035,0,-0.15709829402249179,-0.15584966152608204
1409129,C3,C,0.79364,43.4061,0.2116,0.99997,52.385773,-27.47246,9.779,0.0237290937415291,0.010637694235766743,-0.003413927127141239,0.014051621362907982,0.04846521561963226,-0.025627719242078628,0.7750000000000002,0.01309139950576236,0.009177853627845692,497,1.0,False,,0.9787334593572778,0,-0.03799318598232541,-0.036744553485915654
1271436,C3,C,0.79511,43.33284,0.1637,0.99999,52.202198,-28.021929,11.366,0.006726063343558687,-0.0063963563273670655,-0.0012240286765786814,-0.0051723276507883815,0.0032237702732698056,0.014685084122635025,0.7750000000000002,0.013122419670925752,0.009195137785285022,497,1.0,False,,0.9886977886977887,0,-0.1161204753856803,-0.11487184288927055
1290176,C3,C,0.7953,43.37373,0.242,0.99959,52.035427,-28.06489,10.472,0.005722217386106822,-0.007404211693921681,-0.0025498383833724523,-0.004854373310549227,0.014701440361977723,0.016651753498957894,0.7750000000000002,0.013126429080028503,0.009197371792028881,497,1.0,False,0.06505876455188549,0.9252845126175161,0,-0.07585894434042709,-0.07461031184401734
1303699,C3,C,0.79547,43.28644,0.1709,1.0,51.658554,-27.895477,11.613,0.004037170982319095,-0.009092845463748715,-0.0038170121524454355,-0.005275833311303277,0.011138873352987933,0.02044460248644378,0.7750000000000002,0.013130016446067809,0.009199370640168125,497,1.0,False,0.028254440341526143,0.37516930022573364,0,-0.16371113534540407,-0.16246250284899433
1325191,C3,C,0.7981,43.56898,0.3042,0.99997,52.259132,-27.324093,10.577,0.002110661651630525,-0.011074853457280634,-0.006334613171414405,-0.004740240285866229,0.013490223060051812,0.024696920849156943,0.7750000000000002,0.01318551510891116,0.009230293996675226,497,1.0,False,,0.9680479281078382,0,0.11014624314203778,0.11139487563844752
1551083,C3,C,0.80301,43.61299,0.2177,0.99989,52.208485,-28.025341,9.284,0.005630235380594067,-0.00765889130039346,-0.002447199527386217,-0.005211691773007243,0.005968957039041557,0.01743836615239447,0.8250000000000003,0.013289126680987527,0.009288025434108635,497,1.0,False,,0.9870388833499502,0,0.120570849253361,0.1392690888011161
1330970,C1,C,0.80669,43.42993,0.1487,0.99981,54.085438,-27.491774,10.885,0.00824723170704799,-0.0051195508976138865,0.0002497638030159481,-0.005369314700629834,0.01085907572089911,0.011801459839746276,0.8250000000000003,0.013366782604661877,0.009331294617358116,497,1.0,False,,0.9618896387455339,0,-0.07452016575574374,-0.05582192620798865
1315974,C3,C,0.81174,43.55813,0.2209,0.99982,52.042503,-28.777254,10.786,0.006758132658260095,-0.006715215819922282,-0.002460697365170873,-0.004254518454751409,0.014376241824234665,0.015202531758117914,0.8250000000000003,0.013473348478182377,0.009390672165023841,497,1.0,False,,0.9542296689824274,0,0.0372562729252188,0.055954512472973894
1293832,C3,C,0.81325,43.34781,0.1574,0.99977,52.388416,-27.571123,10.945,0.04435580671151208,0.030850593982039418,0.01277928561739428,0.01807130836464514,0.05132004144293812,-0.07137753065287974,0.8250000000000003,0.013505212729472665,0.009408426639672406,497,1.0,False,,0.9772516248839369,0,-0.17795527785435253,-0.15925703830659743
1252595,C3,C,0.8133,43.78931,0.3175,0.98554,53.059345,-27.715164,9.97,0.011338843359664048,-0.002167424477467237,0.0011488179583492436,-0.003316242435816481,0.022809809565713463,0.0049499370572864895,0.8250000000000003,0.013506267837131285,0.009409014536183948,497,1.0,False,0.026967407489108287,0.9862542955326461,0,0.263382901122106,0.2820811406698611
1339227,C3,C,0.82081,43.44984,0.1513,0.99994,52.731831,-28.125206,10.748,0.003785071437054451,-0.009879673570401386,-0.004790243360553958,-0.005089430209847428,0.004254800807535045,0.02233362805971173,0.8250000000000003,0.013664745007455837,0.009497316592217534,497,1.0,False,,0.9634439634439634,0,-0.10028357558317749,-0.0815853360354224
1341271,C3,C,0.82584,43.55253,0.2217,0.99998,52.639565,-27.963018,11.028,0.006764011703248028,-0.007006412855592047,-0.0024231763939187414,-0.0045832364616733064,0.012411815374429189,0.01592216170717347,0.8250000000000003,0.013770424558840075,0.00955948586572001,497,1.0,False,,0.9558823529411765,0,-0.01367976334199808,0.00501847620575702
1336957,C3,C,0.82961,43.43182,0.1454,0.99979,53.080536,-28.461002,11.156,0.0029468828016260013,-0.010901013145978081,-0.005483755359673644,-0.005417257786304439,0.005591981075686308,0.0245644119732251,0.8250000000000003,0.013847895947604083,0.00961739820833784,497,1.0,False,,0.9956728688879273,0,-0.14638409061058935,-0.12768585106283425
1341227,C3,C,0.83036,43.41606,0.1466,0.99988,52.908905,-27.622103,10.395,0.0023135217146061124,-0.011549786312990811,-0.006318219214106495,-0.005231567098884317,0.003695595153769586,0.025997267747817628,0.8250000000000003,0.013863308027596924,0.009628919231405048,497,1.0,False,0.09808999322537645,0.9802896218825422,0,-0.16452390837411526,-0.14582566882636017
1936293,C3,C,0.83168,43.83167,0.1692,0.99853,52.393917,-28.687963,10.77,0.004844318506882762,-0.009046114781501562,-0.003914058835029702,-0.005132055946471861,0.00941696991534849,0.02045720967101222,0.8250000000000003,0.013890433288384324,0.009649196232003332,497,1.0,False,0.08878188329839273,0.9521114497170222,0,0.2469026851223852,0.2656009246701403
1411114,C3,C,0.83706,43.66835,0.1415,0.99998,53.374218,-27.686781,10.066,0.006043048057274526,-0.00795794121825844,-0.004842344267407637,-0.0031155969508508056,0.013239997689154202,0.017997619118525467,0.8250000000000003,0.014000989275532966,0.009731840370805434,497,1.0,False,0.09392180984834464,0.9679340357306458,0,0.06659867833793173,0.08529691788568683
1581017,C3,C,0.83813,43.80318,0.2422,0.99966,51.985744,-27.794317,10.909,0.0008033924474055565,-0.013219584728917195,-0.007803436046728904,-0.005416148682188293,0.0024230099813805895,0.02965637231954513,0.8250000000000003,0.014022977176322752,0.009748277030381315,497,1.0,False,,0.9618581907090464,0,0.19806348442430208,0.21676172397205717
1826039,C3,C,0.83916,43.5568,0.2421,0.99991,52.910221,-27.696194,10.147,0.00435419506607497,-0.00968994803343795,-0.004272745304923452,-0.005417202728514499,0.0027599386343210076,0.02197123804387409,0.8250000000000003,0.01404414309951292,0.009764099235393614,497,1.0,False,,0.9784537389100126,0,-0.05155196047459823,-0.03285372092684313
1946246,C3,C,0.83936,43.65009,0.3847,0.93019,53.033772,-28.376637,10.299,0.004312234760144644,-0.009736018227366364,-0.004450152632887448,-0.00528586559447892,0.003722075901582148,0.02206516069490943,0.8250000000000003,0.01404825298751101,0.009767171508211535,497,1.0,False,,0.997008547008547,0,0.04111024595996968,0.05980848550772477
1253972,C3,C,0.84019,43.26195,257.0256,0.0,53.201965,-27.904451,10.491,0.01812739018413929,0.004062081161436207,0.0086312590240778,-0.004569177862641597,0.018312430722965484,-0.008645923760432557,0.8250000000000003,0.014065309022703084,0.00977992144040591,497,0.875,True,,0.9631901840490797,0,-0.34963354228950366,-0.33093530274174854
1257646,C3,C,0.84094,43.58194,0.2724,0.99921,51.994774,-27.733772,10.937,0.005010192885889264,-0.00907052821680666,-0.0038463656727957428,-0.005224162544010921,0.007094679085974806,0.020572288851898792,0.8250000000000003,0.014080721102695926,0.009791442463473118,497,1.0,False,,0.9591731266149871,0,-0.031994210382024574,-0.013295970834269474
1872097,C3,C,0.84132,43.72978,0.3452,0.98785,52.090843,-27.372688,11.519,0.006976209465212373,-0.007112320424679925,-0.001595599998019285,-0.005516720426660644,0.004450712458415127,0.01633554928905567,0.8250000000000003,0.014088529889892298,0.00979727978182717,497,1.0,False,,0.9532710280373832,0,0.11465556333253277,0.13335380288028786
1322975,C3,C,0.84634,43.90282,0.2792,1.0,52.880459,-28.727621,11.161,0.00951601777150927,-0.004675670307135107,-0.0031313466567903757,-0.0015443236503447332,0.024191918876455186,0.010332403518993769,0.8250000000000003,0.014191688078644377,0.009874393829557012,497,1.0,False,0.0007799213579297404,0.9794407894736842,0,0.272020992695203,0.29071923224295815
1508029,C3,C,0.85279,43.59824,0.2624,0.99981,53.325661,-27.864252,10.829,0.013634321935439318,-0.0006899100311434855,-0.003578681586360228,0.0028887715552167416,0.009112851781322071,0.0022015861180350246,0.8750000000000002,0.014324231966582803,0.009973474627934995,497,0.85,True,,0.9851451721809588,0,0.026931081449468,-0.0338680019470472
1250858,C3,C,0.85707,43.69555,0.2935,0.99884,53.266315,-28.243429,11.1,0.005934416748223777,-0.008477766821518167,-0.005874703809826482,-0.002603063011691688,0.007412980044975086,0.01931069887986589,0.8750000000000002,0.014412183569741945,0.010039221266238523,497,0.975,False,,0.9727085478887745,0,0.11104619744909806,0.050247114052582864
1912270,C3,C,0.86642,43.98461,468.0108,0.0,52.739964,-27.781902,9.674,0.0020433523912402538,-0.012560968442412434,-0.007208874035992475,-0.005352094406419959,0.010002750240522171,0.028190479406755016,0.8750000000000002,0.014604320833652687,0.010182850020476374,497,1.0,False,,0.9519867549668874,0,0.371503038886977,0.3107039554904618
1302199,C3,C,0.87001,43.37453,0.1886,0.99835,52.619011,-27.356663,9.543,0.006477447979672525,-0.008200645343545893,-0.007307349335816311,-0.0008932960077295809,0.00930197257695266,0.018704988550192286,0.8750000000000002,0.014678093323218417,0.010237997317558074,497,1.0,False,0.11075341843091743,0.9959659345584939,0,-0.24947940052207052,-0.3102784839185857
1295550,C3,C,0.8727,43.83427,0.4223,0.99961,52.003433,-28.844431,9.905,0.006101309023825196,-0.008632062292967542,-0.0032222478909048526,-0.005409814402062691,0.00852314279343442,0.019665151123874337,0.8750000000000002,0.014733371316792738,0.010279319386959125,497,1.0,False,,0.9805140961857379,0,0.2021201062968806,0.1413210229003654
1778026,C3,C,0.87344,43.76997,0.2501,0.99831,52.743202,-28.629459,11.225,0.014300542480232194,-0.0004480354221534817,-0.004503353973371481,0.004055318551218,0.028890934775608355,0.0008601599602339749,0.8750000000000002,0.014748577902385675,0.010290686796385437,497,1.0,False,,0.9832599118942731,0,0.1355850109804556,0.07478592758394043
1912066,C3,C,0.87344,43.6187,0.1963,0.99721,52.743202,-28.629459,11.232,0.014300542480232194,-0.0004480354221534817,-0.004503353973371481,0.004055318551218,0.028890934775608355,0.0008601599602339749,0.8750000000000002,0.014748577902385675,0.010290686796385437,497,1.0,False,,0.9832599118942731,0,-0.015684989019548165,-0.07648407241606336
1817265,C3,C,0.87998,44.24023,0.691,0.234,52.050388,-28.380188,10.42,0.004941284519512818,-0.00993945196573565,-0.005036824656895248,-0.004902627308840403,0.0074042831126554,0.02255449958193425,0.8750000000000002,0.014880736485248468,0.010359324627560347,497,1.0,False,,0.93125,0,0.5861716227889665,0.5253725393924513
1262231,C3,C,0.88314,43.70035,0.2346,0.9996,53.33057,-28.457417,11.182,0.013758089073592225,-0.0011861656049232065,-0.007703080467181057,0.006516914862257847,0.026356646026123382,0.002650031950694423,0.8750000000000002,0.014944254678515432,0.010387672050471305,497,1.0,False,0.32129315929776864,0.9969151670951156,0,0.03683695892097129,-0.023962124475543908
1295527,C3,C,0.88491,43.55987,0.2039,0.99982,51.799767,-27.99345,10.906,0.0063734343574113365,-0.008606398549611226,-0.0030955077528725793,-0.005510890796738647,0.0043953620701919,0.019692629385433827,0.8750000000000002,0.014979832907022563,0.010403550195582822,497,1.0,False,,0.8083592707870164,0,-0.10892441257295436,-0.16972349596946956
1252237,C3,C,0.8858,43.80242,0.9842,0.0652,52.269238,-28.082966,10.934,0.004618357580044591,-0.010379364944701895,-0.005120767831963179,-0.00525859711273872,0.00113261481634283,0.023586287423236093,0.8750000000000002,0.014997722524746487,0.010411534121655845,497,1.0,False,,0.9788223140495868,0,0.13097388306733315,0.07017479967081797
1936125,C3,C,0.8953,43.42454,0.1775,1.0,52.9548,-28.323393,10.756,0.02499159464916536,0.00980291553073654,0.0018404186825811512,0.007962496848155387,0.011342300733857629,-0.021054003628189683,0.8750000000000002,0.015188679118428819,0.010496755804457775,497,1.0,False,0.11259431224608243,0.9959919839679359,0,-0.27504960094732034,-0.3358486843438355
1372115,C3,C,0.89842,44.01759,0.2017,0.99976,53.024727,-27.918795,10.059,0.057669055387467125,0.04241766210353421,-0.005907297187641493,0.0483249592911757,0.010593326320507794,-0.09495785254572853,0.8750000000000002,0.015251393283932914,0.01052474439923062,497,1.0,False,0.10831112188030047,0.9637134778510839,0,0.3088211877280421,0.24802210433152694
1595118,C3,C,0.90941,43.44688,0.2021,0.99996,52.931915,-28.700302,10.834,0.009554114097404988,-0.005918185814377279,-0.005763676683451017,-0.00015450913092626434,0.025222271272258456,0.013217652038150472,0.9250000000000003,0.015472299911782266,0.010623332430177275,497,1.0,False,0.16199244792894144,0.9773987206823028,0,-0.4008985804363906,-0.35477434140088904
1904300,C3,C,0.91082,44.00974,0.2397,0.99999,51.898125,-28.67359,10.859,0.012778139737499356,-0.002722502152924182,-0.001844589863894578,-0.0008779122890296056,0.014521755575413532,0.006632839449394998,0.9250000000000003,0.015500641890423538,0.010635981122045772,497,1.0,False,,0.9410054009140009,0,0.15787229717506046,0.20399653621056202
1307843,C3,C,0.92146,44.15716,0.307,0.99701,52.784733,-28.720337,9.576,0.00880717567539056,-0.006907337599957191,-0.007029208377960142,0.00012187077800294814,0.02134745073754547,0.015571317944049583,0.9250000000000003,0.01571451327534775,0.010731429406783934,497,1.0,False,,0.9803502776591201,0,0.274633966276809,0.3207582053123106
1346612,C3,C,0.92274,44.05509,0.2459,0.99996,52.908367,-28.702805,10.939,0.01240693258336921,-0.0033333095803904783,-0.00293717547801825,-0.00039613410237222986,0.004338776044017393,0.00821193775888827,0.9250000000000003,0.015740242163759688,0.010742911907203563,497,1.0,False,0.040483892778014716,0.9786342689568496,0,0.16889916249414194,0.2150234015296435
1339176,C3,C,0.92537,44.62596,0.341,0.99891,52.728554,-27.909435,9.422,0.027070413083481452,0.011277504043786368,0.013846664714018814,-0.0025691606702324477,0.029599503011999585,-0.025135035735461025,0.9250000000000003,0.015792909039695085,0.010766908960559792,497,1.0,False,,0.9343128781331028,0,0.7322547607814155,0.778378999816917
1309227,C3,C,0.92576,44.13871,0.1988,0.99049,53.180927,-28.452267,10.254,0.021143404172528885,0.0053428645115908315,-0.005827967200568567,0.011170831712159393,0.015315194124592474,-0.011191127642780421,0.9250000000000003,0.015800539660938053,0.01077083348160196,497,1.0,False,0.11692007311399139,0.9963735267452403,0,0.2438922421903481,0.29001648122584966
1892072,C3,C,0.92838,43.72325,3.8474,0.0017,53.043396,-28.288321,11.312,0.0035616571714509123,-0.012290144611683505,-0.0071895414900022755,-0.005100603121681233,0.0018317115869988811,0.027847320933470393,0.9250000000000003,0.015851801783134417,0.010797198212705745,497,1.0,False,,0.9856054191363252,0,-0.17902969934925783,-0.13290546031375627
1370441,C3,C,0.93733,43.89162,0.1592,0.99841,53.389378,-28.383228,10.644,0.0182309708629224,0.0022040561051095593,-0.0014457230539157585,0.003649779159025317,0.01859446383654501,-0.004347593614650258,0.9250000000000003,0.01602691475781284,0.010887260939186238,497,1.0,False,,0.9951028403525954,0,-0.035994913537628626,0.010129325497872935
1256028,C3,C,0.95521,43.94157,0.2143,0.99986,52.945942,-28.816916,9.485,0.010182907174604055,-0.00619384221865573,-0.0017981331412624396,-0.004395709077393292,0.027650861323057007,0.013791062855352126,0.9750000000000003,0.016376749393259785,0.01106718513465788,497,1.0,False,0.017650277975255875,0.9856175972927242,0,-0.004307233012917586,0.010169477845232814
1339246,C3,C,0.95791,44.56228,0.266,0.99532,52.980255,-27.712732,11.206,0.04013285066691313,0.023703273895817393,-0.0076215720869010715,0.031324845982718466,0.01800861879425799,-0.05238760828596728,0.9750000000000003,0.016429576771095734,0.011094354895719036,497,1.0,False,0.15123779949027277,0.9796448679081854,0,0.6089459841010539,0.6234226949592043
1309509,C3,C,0.96296,44.11193,0.212,0.98874,52.96883,-27.248276,10.246,0.006097269977852062,-0.01043111355549239,-0.004814352702242546,-0.005616760853249844,0.005716581398693007,0.02383481006490109,0.9750000000000003,0.016528383533344453,0.01114517241177786,497,1.0,False,,0.986013986013986,0,0.1447043891147134,0.15918109997286378
1250803,C3,C,0.96329,44.13386,0.2209,0.99943,52.946404,-27.84753,11.491,0.010415536464384017,-0.006119303748473717,-0.002169234250684304,-0.003950069497789414,0.028943912890651312,0.013537738499400341,0.9750000000000003,0.016534840212857733,0.011148493160352001,497,1.0,False,0.14281639492892034,0.9724106739032112,0,0.16572911903057153,0.1802058298887219
1254108,C3,C,0.96689,44.14888,0.1884,0.99999,53.434677,-27.813511,10.901,0.006246783060372351,-0.010358493656266649,-0.007998386589178728,-0.0023601070670879213,0.020675201120517864,0.023259514634252146,0.9750000000000003,0.016605276716639,0.011184719508433541,497,0.8,True,,0.9658622719246616,0,0.17089323035943116,0.18536994121758155
1339232,C3,C,0.96859,43.72233,0.1471,0.99994,52.908352,-27.227753,11.793,0.08282997874448367,0.06619144034550352,-0.001981967949452868,0.0681734082949564,0.017154232993829024,-0.15073781210090087,0.9750000000000003,0.01663853839898015,0.011201826395027599,497,1.0,False,0.009605860031799458,0.991075223119422,0,-0.2602983859685407,-0.24582167511039033
1252183,C3,C,0.97242,44.20208,0.1696,0.99995,52.74601,-28.221079,10.476,0.006761998689797758,-0.00995147632292746,-0.008160145486297201,-0.001791330836630258,0.005823283512290949,0.022809969935789612,0.9750000000000003,0.01671347501272522,0.011240367204236571,497,1.0,False,0.1495219070988937,0.9729486023444545,0,0.2090236585864803,0.2235003694446307
1252665,C3,C,0.97489,44.18118,0.2045,0.99999,52.551414,-28.045916,10.971,0.026529354435645004,0.00976755215504764,-0.00620972453385666,0.0159772766889043,0.02664271691379364,-0.021508292949737856,0.9750000000000003,0.016761802280597364,0.011265222504170294,497,1.0,False,0.012005731964818299,0.9643564356435643,0,0.18142001906293947,0.19589672992108986
1255798,C3,C,0.98024,44.02836,0.1688,0.96866,53.256149,-27.695072,10.599,0.011805781892042237,-0.005058622520375776,-0.00019747779054140116,-0.004861144729834375,0.005718772589441129,0.012099520501833369,0.9750000000000003,0.016864404412418012,0.011322445790884336,497,1.0,False,,0.9721206581352834,0,0.014137194194431593,0.028613905052581993
1252671,C3,C,0.98536,43.86467,0.1246,0.99618,52.323704,-28.787571,10.768,0.04626526345091486,0.02930270951269168,0.028616177226890457,0.0006865322858012265,0.0416885460267786,-0.06686463900780518,0.9750000000000003,0.01696255393822318,0.01137727705368511,497,1.0,False,0.15012894386912196,0.9827513672696676,0,-0.16332118068464163,-0.14884446982649124
1901899,C3,C,0.98846,44.16508,0.1691,0.95154,53.397652,-28.121222,11.204,0.005968730537182209,-0.011053249871743316,-0.006506535051172365,-0.004546714820570953,0.010682273837129755,0.025161459959845374,0.9750000000000003,0.017021980408925524,0.011410475669834014,497,0.75,True,,0.9908062234794908,0,0.12878674712670934,0.14326345798485973
1447146,C3,C,1.00009,44.24308,0.3059,0.99992,52.081829,-28.358841,9.49,0.009400464974482178,-0.007844460548723441,-0.006762181079686123,-0.0010822794690373153,0.03135411584988392,0.017244494284228834,1.0250000000000004,0.01724492552320562,0.011535024026547484,497,1.0,False,,0.935064935064935,0,0.26180661117294446,0.19034462673703856
1309870,C3,C,1.01382,44.17186,0.2347,0.99984,53.223431,-28.214508,11.25,0.008559224286897394,-0.008948902992031845,-0.007370373205540032,-0.0015785297864918122,0.01573445139327202,0.020473570926919538,1.0250000000000004,0.01750812727892924,0.011682061768394085,497,0.95,False,,0.9691653375863902,0,0.15453860467595715,0.08307662024005125
1435094,C3,C,1.017,43.92261,0.1354,0.99998,52.884743,-28.861792,11.339,0.031153568979083317,0.013584481643111029,0.017835893695318496,-0.004251412052207465,0.027039041139241757,-0.03001018853210778,1.0250000000000004,0.01756908733597229,0.01171611712302425,497,1.0,False,,0.9944961896697714,0,-0.10299163876308515,-0.17445362319899105
1430116,C3,C,1.02144,44.16439,0.178,0.99999,52.93882,-28.139223,11.254,0.016877462563030687,-0.0007767388148507658,-0.0019366009955247374,0.0011598621806739717,0.022960967735991402,0.002193939215939314,1.0250000000000004,0.017654201377881453,0.011763666108734295,497,1.0,False,,0.9558886509635974,0,0.12726998945299184,0.05580800501708594
1257228,C3,C,1.02433,44.01661,176.3295,0.0,51.95377,-28.739288,9.741,0.01982587678535601,0.0021162746009165574,-0.0023896580348653253,0.004505932635781884,0.025618441408396257,-0.004350757912264462,1.0250000000000004,0.01770960218443945,0.011794615786369889,497,1.0,False,0.32071352002884906,0.9484708839547549,0,-0.027980754092878923,-0.09944273852878482
1303722,C3,C,1.02468,44.35374,0.1895,0.99994,52.97147,-27.572937,10.391,0.004273553435598704,-0.013442758189081335,-0.00808425673239598,-0.005358501456685355,0.01221186217619306,0.03042654634793944,1.0250000000000004,0.01771631162468004,0.01179836401722541,497,1.0,False,,0.9804078368652539,0,0.30824590039198907,0.23678391595608317
1263125,C3,C,1.02868,44.24721,0.1766,0.9332,52.814869,-27.656443,10.74,0.037867695853975786,0.020073796450589182,0.02692600054193337,-0.006852204091344185,0.02834926258787706,-0.04470368751412499,1.0250000000000004,0.017793899403386604,0.01186966246212673,497,1.0,False,,0.9791666666666666,0,0.19141357831426942,0.11995159387836352
1924188,C3,C,1.04136,43.97348,0.1353,0.99953,53.142681,-27.652035,11.538,0.013855496455112228,-0.00418460662620879,0.0010591373959350208,-0.005243744022143809,0.030014274401636624,0.009289269784124747,1.0250000000000004,0.018040103081321018,0.01210352401255586,497,1.0,False,,0.9883870967741936,0,-0.11471465231184541,-0.1861766367477513
1255169,C3,C,1.0468,43.91152,0.133,1.0,52.359135,-27.170725,11.292,0.09146784714598218,0.07332211725015303,3.5284586295921544e-05,0.0732868326638571,0.03987415005623142,-0.16951530096979903,1.0250000000000004,0.018145729895829153,0.012203855781825139,497,1.0,False,0.00967363689661913,0.9979818365287588,0,-0.190454610575016,-0.2619165950109219
1337541,C3,C,1.05479,44.04047,0.2373,0.4874,52.050224,-28.56477,10.827,0.12893155083359487,0.11063068155395689,0.008111018219048947,0.10251966333490795,0.02123520396366002,-0.25914090894392483,1.0750000000000002,0.018300869279637984,0.012351218067939394,497,1.0,False,0.35433791287674166,0.9319148936170213,0,-0.2910185441962068,-0.15307777705058911
1842087,C3,C,1.08349,44.52159,0.1518,0.99789,53.078609,-27.707457,10.183,0.015674466486830445,-0.0031804549360692283,0.002147684207998827,-0.005328139144068054,0.025397330415765154,0.007473113272911426,1.0750000000000002,0.018854921422899674,0.012795676342543211,497,1.0,False,0.014643698793850718,0.993127147766323,0,0.11908819986833546,0.25702896701395317
1446080,C3,C,1.13057,44.5271,0.1585,0.99945,53.120281,-27.636662,11.011,0.007648596279351619,-0.011996632325655579,-0.007560111843285038,-0.00443652048237054,0.02517621586416682,0.02696724220988941,1.1250000000000004,0.019645228605007198,0.013146327664414977,497,1.0,False,,0.9931623931623932,0,0.1264045457681558,0.15000124843703744
1257587,C3,C,1.14418,44.31733,0.1512,0.99499,52.883854,-28.170618,10.256,0.009005228718081532,-0.010639999886925666,-0.006355725298783796,-0.00428427458814187,0.01813838709229499,0.02433188427765106,1.1250000000000004,0.019645228605007198,0.013146327664414977,497,1.0,False,,0.9567246499787866,0,-0.11502910522767457,-0.09143240255879292
1317612,E1,E,0.10442,38.35683,0.1256,0.99996,6.855458,-42.849998,10.717,0.0002800211164927304,0.00012220142424840697,0.00012220142424840697,0.0,0.00015700068798206508,-0.0002647361932410253,0.125,0.0001578196922443234,9.463246894069129e-05,500,1.0,False,,0.0,0,-0.05304321006475045,-0.06635986506554858
1330031,E2,E,0.10563,38.54264,0.0821,1.0,9.141478,-43.487408,9.063,1.8931216160215685e-05,-0.00013888847608410773,-0.00013888847608410773,0.0,0.0002886036163641741,0.000302234423987443,0.125,0.0001578196922443234,9.463246894069129e-05,500,1.0,False,0.29745032244059944,0.9671669793621013,0,0.10609920502528757,0.09278255002448943
1257695,E1,E,0.18383,39.78048,0.0953,1.0,7.600598,-42.297676,9.708,0.0007410645445299197,0.00018324116675401782,0.0003297299171975155,-0.00014648875044349758,0.002459846583730027,-0.00039861650187287406,0.17500000000000004,0.0005578233777759019,0.0003651528418437725,500,1.0,False,0.2514465759441812,0.0,0,0.11354751654467807,0.026800775841594907
1273127,E1,E,0.18937,39.9733,0.1246,0.99999,8.556446,-43.276051,10.472,0.0018005274614315303,0.0011852298749274672,0.0013507296711259033,-0.00016549979619843606,0.0005658238375311787,-0.002579048551707709,0.17500000000000004,0.0006152975865040631,0.00040414053829690265,500,1.0,False,,0.8217726396917149,0,0.23518112396215005,0.14843438325906688
1295844,E2,E,0.19209,40.96771,132.5901,0.0,10.044974,-44.030357,8.9,8.949823740191898e-05,-0.0005540177331708441,-0.0004199249696099225,-0.00013409276356092148,0.0005758398409814607,0.001211817120247962,0.17500000000000004,0.0006435159705727631,0.00042328251200674264,500,1.0,False,,0.9242549668874173,0,1.195346829479931,1.108600088776848
1550021,E1,E,0.20587,39.94322,0.1771,1.0,8.13478,-43.227741,10.199,0.00016148763213346982,-0.0006249876518461631,-0.000528613721622583,-9.637393022357993e-05,0.0011457721000912805,0.001369322974183706,0.22500000000000003,0.0007864752839796329,0.0005202591288161526,500,1.0,False,0.012546957798104276,0.0,0,-0.07921333612013902,-0.08273842734892711
1327978,E2,E,0.20699,39.99299,0.1567,1.0,8.279988,-44.14032,10.893,0.00013233282606792216,-0.0006657617925282342,-0.0004335554008011752,-0.00023220639172705893,0.0004174093750321388,0.0014589577327902231,0.22500000000000003,0.0007980946185961563,0.0005281411179907926,500,1.0,False,,0.07265586647029947,0,-0.04254442239823496,-0.04606951362702305
1313230,E1,E,0.21792,40.09856,0.0956,1.0,8.48287,-42.69828,10.225,0.0008123163591651442,-9.917051600119282e-05,-0.0005902851443491201,0.0004911146283479275,0.00293987151268647,0.00022297786933533708,0.22500000000000003,0.0009114868751663371,0.0006050608873468778,500,1.0,False,,0.0035149384885764497,0,-0.06148266106700183,-0.06500775229578992
1919017,E1,E,0.21849,40.17131,0.2113,1.0,8.803791,-42.932888,10.544,0.0006760507818257501,-0.00024134950470792462,2.0936764002302656e-05,-0.0002622862687102271,0.0015922092378211868,0.0005377172526044999,0.22500000000000003,0.0009174002865336747,0.0006090722568375426,500,1.0,False,,0.7586490939044481,0,0.004934370275849547,0.0014092790470614548
1682020,E1,E,0.21924,39.95573,0.1013,1.0,8.464725,-42.618229,11.052,0.016803821364630215,0.015878640273665832,-0.000468211342958125,0.016346851616623956,0.0005721568621031888,-0.03481372596368132,0.22500000000000003,0.0009251810909643825,0.0006143503745884175,500,1.0,False,0.02422820773596665,0.0,0,-0.21895517902464512,-0.2224802702534332
1867019,E1,E,0.22101,40.45498,0.1737,1.0,8.633051,-42.894032,10.202,0.0004462427113397667,-0.0004973010780810862,-0.00023137369245253931,-0.0002659273856285467,0.0025796064805647372,0.001090317940524901,0.22500000000000003,0.0009435437894208529,0.0006268067324804828,500,1.0,False,,0.5903979238754326,0,0.2607883259310615,0.2572632347022734
1331123,E1,E,0.22157,40.28881,0.1108,1.0,8.035154,-42.554947,11.11,0.0002277438614659507,-0.0007216095952631636,-0.0004596753583870512,-0.0002619342368761124,0.0006407962774534997,0.001584077045793501,0.22500000000000003,0.0009493534567291144,0.0006307477270678025,500,1.0,False,,0.0,0,0.08847693971447691,0.08495184848568882
1929063,E1,E,0.22211,40.1587,0.2004,1.0,8.10228,-43.557808,9.768,0.00018229556499328413,-0.00077266007092594,-0.0005833050904256948,-0.00018935498050024496,0.0014258350159868744,0.0016934390080875553,0.22500000000000003,0.0009549556359192241,0.0006345479718484326,500,1.0,False,,0.0,0,-0.04754149628082692,-0.051066587509615013
1249137,E1,E,0.22305,40.20316,0.2129,1.0,8.135143,-42.49321,9.721,0.001080084248406111,0.0001153766709337332,0.000376859607729195,-0.00026148293679546157,0.0023538421528578,-0.0002397473148834147,0.22500000000000003,0.0009647075774723778,0.0006411632127628627,500,1.0,False,,0.0,0,-0.013334853368027295,-0.016859944596815387
1641279,E1,E,0.22398,40.17738,0.1073,1.0,7.792663,-42.662983,10.965,0.0009177396710277738,-5.6616103938681665e-05,8.264389413957984e-05,-0.00013925999807826137,0.0024577395588963975,0.000133860292058727,0.22500000000000003,0.0009743557749664555,0.0006477080787739477,500,1.0,False,0.011862938936910714,0.0,0,-0.04921978407785409,-0.05274487530664218
1302648,E2,E,0.23171,40.15341,0.1707,1.0,10.00264,-44.054131,10.105,0.00024179210570685053,-0.0008556560474828795,-0.0006639911361708608,-0.00019166491131201855,0.00037621812722010695,0.0018790616097153615,0.22500000000000003,0.00109744815318973,0.000737381492437098,500,1.0,False,,0.9494745351657236,0,-0.15570669143342108,-0.15923178266220916
1275946,E2,E,0.23212,40.32782,0.1157,1.0,10.404035,-43.637829,7.967,0.0003706114394354441,-0.0007337114229228375,-0.0006024371105027587,-0.00013127431242007857,0.0019870238165054623,0.0016114513492579562,0.22500000000000003,0.0011043228623582816,0.0007424221811321806,500,1.0,False,0.22796480862253676,0.7324640287769785,0,0.014398195467942203,0.010873104239154111
1860025,E1,E,0.23532,40.59127,0.1108,1.0,8.479997,-42.093742,8.96,0.00015775344958092653,-0.001000225679458732,-0.0006465602907842067,-0.00035366538867452537,0.0007411868945805002,0.0021962121617963813,0.22500000000000003,0.0011579791290396587,0.0007817641416791663,500,1.0,False,,0.0,0,0.244487338207664,0.24096224697887592
1927242,E2,E,0.24576,40.75279,0.1332,1.0,10.182544,-43.409958,11.05,0.0006107517502090108,-0.000722280948878641,-0.0007727741563619983,5.049320748335762e-05,0.0016633874878033662,0.0015955328479183891,0.22500000000000003,0.0013330326990876518,0.0009101172879637074,500,1.0,False,,0.997867803837953,0,0.3000154248601081,0.29649033363132005
1879256,E1,E,0.24936,40.35571,0.2089,1.0,7.782273,-43.465149,9.092,0.00021668254930177683,-0.0011767134498024245,-0.0006868219510765799,-0.0004898914987258443,0.0016143622332414113,0.0025847408381520663,0.22500000000000003,0.0013933959991042012,0.0009543769935790665,500,1.0,False,,0.0,0,-0.13264841567509755,-0.13617350690388563
1321450,E1,E,0.25833,40.41248,0.1988,1.0,8.225116,-42.229591,9.308,0.0019110550101841732,0.0003672537885387366,0.0009046547844253237,-0.0005374009958865867,0.0033833868953761638,-0.0007717281320116297,0.275,0.0015438012216454366,0.0010646574267373361,500,1.0,False,,0.0,0,-0.15802473886970594,-0.16603938919015193
1303883,E2,E,0.25904,40.50537,0.1502,1.0,8.862439,-44.917168,9.956,0.00022869264878854303,-0.001327013557026824,-0.0007820110030858958,-0.0005450025539409277,0.00038801292833087585,0.002920732721076785,0.275,0.001555706205815367,0.0010733864242336983,500,1.0,False,,0.9429124334784712,0,-0.07187275843034505,-0.07988740875079103
1300390,E1,E,0.26765,40.66311,0.1529,1.0,8.028391,-42.329296,10.351,0.0008193883694047497,-0.0008806867289501978,-0.0003655642223740679,-0.0005151225065761296,0.0009639076062771361,0.0019553790045421836,0.275,0.0017000750983549476,0.0011792408868304322,500,1.0,False,,0.0,0,0.005489364909102869,-0.002525285411343111
1249970,E2,E,0.26775,40.88779,0.1635,1.0,10.491352,-43.734089,8.913,0.0015833793703357202,-0.00011837248635302019,-0.0006465424763203891,0.0005281699899673692,0.006000669243631661,0.00026209389347600295,0.275,0.0017017518566887404,0.0011804703230975254,500,1.0,False,0.4672451193058568,0.38990825688073394,0,0.22924995727381522,0.22123530695336924
1560034,E2,E,0.26891,40.7573,0.1768,1.0,8.615233,-44.210464,10.277,0.000480602296322135,-0.0012405999570386044,-0.0005901338647022448,-0.0006504660923363593,0.0015033772894477162,0.002736699335915073,0.275,0.0017212022533607393,0.0011947317837958074,500,1.0,False,0.04782845119039177,0.901615969581749,0,0.08811798284811809,0.0801033325276721
1309874,E2,E,0.27001,40.6088,0.1206,0.99999,10.337539,-43.967655,10.906,0.0012215345251594349,-0.000518112069873028,-0.0006453866688994989,0.00012727459902647125,0.004053553161363633,0.0011522234183107003,0.275,0.0017396465950324628,0.0012082555827338337,500,1.0,False,,0.7256509161041466,0,-0.07043438417444739,-0.07844903449489338
1773078,E2,E,0.27142,40.6058,0.1249,1.0,9.790315,-43.24398,9.76,0.001331325047894205,-0.00043196383964473986,-0.00040506243553548374,-2.690140410925579e-05,0.002144788974162332,0.0009777672615480133,0.275,0.001763288887538945,0.0012255906340998496,500,1.0,False,,0.9696695337256678,0,-0.08626442780730761,-0.0942790781277536
1339756,E1,E,0.27539,40.69707,0.1095,1.0,8.079829,-43.238468,11.018,0.004910591378251334,0.0030811720077998867,-0.0009030226084041699,0.0039841946162040565,0.009447704578751482,-0.006766368820213611,0.275,0.0018294193704514472,0.0012726739713348222,500,1.0,False,0.29936725236986333,0.0,0,-0.03079029239853518,-0.03880494271898116
1773339,E2,E,0.28417,41.9664,6.4634,0.0013,8.747199,-44.425365,10.262,0.00030259143999487355,-0.001664213195740167,-0.001047140378535637,-0.0006170728172045297,0.000854373733317606,0.0036688603193267425,0.275,0.0019668046357350405,0.0013417774987840938,500,1.0,False,,0.9972776769509982,0,1.161039720538362,1.1530250702179161
1297927,E2,E,0.28513,40.88255,0.1164,1.0,9.876772,-44.063007,9.506,0.0009896534288269389,-0.0009921728304470826,-0.0005334144581339459,-0.0004587583723131366,0.0004661958770067474,0.0022094682861082257,0.275,0.0019818262592740214,0.001349333237548479,500,1.0,False,,0.9421315570358035,0,0.0688507158314807,0.06083606551103471
1289288,E2,E,0.29001,40.8731,0.1653,1.0,10.178826,-43.948353,10.561,0.000781788116707047,-0.0012763980622234592,-0.0010890706831680242,-0.0001873273790554351,0.0021808667109904016,0.002823897992203071,0.275,0.0020581861789305063,0.0013877415762674364,500,1.0,False,0.4753374004852675,0.875626423690205,0,0.01740822680161366,0.00939357648116768
1371022,E1,E,0.29082,40.89713,0.1577,1.0,8.062353,-42.818287,8.479,0.0023166098048425466,0.0002457491310510246,0.0007682716899140795,-0.0005225225588630546,0.007566181248652896,-0.000553740666577195,0.275,0.002070860673791522,0.0013941167308498866,500,1.0,False,,0.0,0,0.03453149125341079,0.026516840932964806
1531089,E2,E,0.29149,40.74212,0.1116,1.0,10.177837,-43.921787,10.149,0.0023129130884885513,0.0002315685732687824,-0.0010912145993025098,0.0013227831725712924,0.0031761536623480147,-0.00047793926333764697,0.275,0.002081344515219769,0.0013993900068625304,500,1.0,False,0.0013085660748438043,0.8651789865178987,0,-0.12617805349144354,-0.13419270381188952
1291090,E2,E,0.29199,40.86884,0.1247,1.0,9.462971,-43.721264,9.467,0.0004010908231871236,-0.0016880774542925312,-0.0010624962234793375,-0.0006255812308131935,0.0024837964262944866,0.003717262323151372,0.275,0.002089168277479655,0.0014033252874689809,500,1.0,False,0.048537527380242876,0.9979261717129821,0,-0.0037035541029765452,-0.011718204423422526
1281668,E2,E,0.30697,41.00668,0.1151,1.0,9.410371,-43.920719,9.953,0.000244834217697642,-0.00207873397708819,-0.0011868997872902759,-0.0008918341897979144,0.0006871775603670574,0.004586816168500604,0.32500000000000007,0.0023235681947858322,0.0015212262944382395,500,1.0,False,,0.9462774957698815,0,-0.0011615527614529022,0.0019476098056985282
1338128,E1,E,0.31184,41.13838,0.1588,1.0,8.083581,-43.740803,8.998,0.0009282625982758171,-0.0014715090409213028,-0.0013250123616828586,-0.0001464966792384441,0.0034894965866621346,0.0032610285044823656,0.32500000000000007,0.00239977163919712,0.0015595559275450683,500,1.0,False,,0.0,0,0.09137545888722032,0.09448462145437175
1791116,E2,E,0.31193,41.03378,0.1277,1.0,9.086142,-44.538937,10.913,0.01869973325075888,0.01629855333435498,-0.0012422542938314053,0.017540807628186383,0.01369526767831891,-0.03589351296734917,0.32500000000000007,0.0024011799164038988,0.001560264278054229,500,1.0,False,,0.9620921305182342,0,-0.013942952625669683,-0.010833790058518252
1850045,E1,E,0.31314,40.95914,0.1765,1.0,8.293262,-42.121849,10.237,0.0016961627313195765,-0.0007239506897532453,0.0002398901848899343,-0.0009638408746431799,0.00314130493328562,0.0016375812385732418,0.32500000000000007,0.002420113421072822,0.0015697876571218392,500,1.0,False,0.11899721278766925,0.0,0,-0.09822301782823273,-0.09511385526108129
1253119,E2,E,0.31915,41.11731,0.1342,0.94238,9.183597,-44.233112,11.014,0.015957300321629196,0.013443145278192547,-0.0002387563389538083,0.013681901617146355,0.01252532755594599,-0.0295571794982383,0.32500000000000007,0.0025141550434366494,0.0016170897300113753,500,1.0,False,,0.9728110599078341,0,0.01257028785010251,0.01567945041725394
1592028,E1,E,0.3251,41.15482,0.1419,1.0,9.051192,-42.730038,10.214,0.005233050858801057,0.0026258297520015766,0.0036798332113371283,-0.0010540034593355526,0.010999170381536187,-0.005777272312864786,0.32500000000000007,0.00260722110679948,0.0016640432961960037,500,1.0,False,,0.08462505236698785,0,0.0039830580319341145,0.007092220599085545
1370320,E2,E,0.3307,41.23123,0.1243,0.99831,9.975552,-44.086082,10.064,0.0016861521015620955,-0.001006639520878751,-0.0012214799472487303,0.00021484042636997903,0.005752470197018699,0.00223515619140543,0.32500000000000007,0.0026927916224408466,0.0017150471491888186,500,1.0,False,,0.9452716297786721,0,0.03771536162285772,0.04082452419000915
1323016,E2,E,0.33485,41.43045,0.2227,1.0,10.056144,-43.452339,9.971,0.001870466386568126,-0.0008857391001426615,-0.0009318760545427036,4.613695440004186e-05,0.0028162707062813932,0.002006182183908957,0.32500000000000007,0.0027562054867107874,0.0017528446473888504,500,1.0,False,,0.9805025996533796,0,0.20573765103753716,0.2088468136046886
1304145,E2,E,0.33811,42.34314,197.6117,0.0,10.177816,-43.78458,10.604,0.002022811150750453,-0.000783208600422987,-0.00019866391909735223,-0.0005845446813256348,0.002804026267508318,0.0017847453838309053,0.32500000000000007,0.00280601975117344,0.0017825361760953821,500,1.0,False,,0.8699719363891487,0,1.0941706246502174,1.0972797872173687
1933035,E1,E,0.34105,41.64473,0.2944,0.5712,8.857163,-42.933697,10.638,0.010037191667897054,0.007186247396011897,0.004806354580262617,0.0023798928157492787,0.01748597846799774,-0.01600523582523361,0.32500000000000007,0.0028509442718851574,0.0018093131989166096,500,1.0,False,,0.7661354581673306,0,0.37406969946228885,0.3771788620294403
1336009,E2,E,0.34175,41.28327,0.2472,1.0,8.916199,-44.893974,8.901,0.000882285349683998,-0.0019793552366563303,-0.0011219362475185868,-0.0008574189891377438,0.0028082056464257747,0.004388558650671636,0.32500000000000007,0.0028616405863403282,0.0018156886805407117,500,1.0,False,,0.9466209598432909,0,0.0074707259998442275,0.010579888566995658
1311394,E2,E,0.34291,40.95115,0.3518,0.2524,9.572152,-43.261475,10.207,0.0026893648090143586,-0.00019000109842310948,-0.00013407271911253628,-5.592837931057298e-05,0.003432538589305479,0.00048345662871930074,0.32500000000000007,0.002879365907437468,0.0018262537643749374,500,1.0,False,,0.9690140845070423,0,-0.3331438598601798,-0.33003469729302837
1248925,E1,E,0.34307,41.44534,0.133,1.0,7.489819,-42.731388,9.56,0.0010506076253706002,-0.0018312031539423359,-0.0010037225625439768,-0.0008274805913983592,0.005361615346362776,0.00403774943573286,0.32500000000000007,0.002881810779312936,0.0018277110173175893,500,1.0,False,,0.0,0,0.15987656269674433,0.16298572526389576
1371048,E2,E,0.34392,41.24242,0.1476,1.0,9.635862,-43.59597,10.759,0.003465028841370637,0.0005702296802192791,0.0017087700006986153,-0.0011385403204793362,0.0034914471475927106,-0.001162084111147604,0.32500000000000007,0.002894799161151358,0.0018354526735754272,500,1.0,False,,0.9995685936151855,0,-0.0492483578022137,-0.04613919523506227
1291408,E2,E,0.34721,41.13422,0.1159,1.0,9.867333,-43.877472,11.207,0.002691782220698785,-0.0002532896183918762,-0.000340991895818626,8.770227742674981e-05,0.006855246109328769,0.0005927972271013646,0.32500000000000007,0.002945071839090661,0.0018654174372087062,500,1.0,False,,0.9195162635529608,0,-0.18133189420795104,-0.1782227316407996
1336150,E2,E,0.3481,41.72694,0.2574,0.9999,9.791856,-44.561344,9.599,0.001027001367899411,-0.0019316700709985381,-0.0012296762204305205,-0.0007019938505680175,0.002013346759850265,0.0042954498810444525,0.32500000000000007,0.002958671438897949,0.0018735234067022064,500,1.0,False,,0.999001996007984,0,0.40496324338933876,0.4080724059564902
1919042,E2,E,0.34814,41.16477,0.1815,1.0,10.683286,-44.227905,9.948,0.0056028641921316335,0.0026435815352648176,0.0037921761518864214,-0.001148594616621604,0.008812538636690452,-0.0057857658213646655,0.32500000000000007,0.002959282656866816,0.0018738877199378696,500,1.0,False,,0.11764705882352941,0,-0.1574951569401014,-0.15438599437294998
1258906,E2,E,0.34918,41.38191,0.1554,1.0,10.261803,-44.394276,8.927,0.000407505425447317,-0.002567668898610038,-0.0013480033386217378,-0.0012196655599883003,0.0029312390595505303,0.005674662741526967,0.32500000000000007,0.002975174324057355,0.0018833598640651066,500,1.0,False,,0.9479488310542568,0,0.05215719083113813,0.05526635339828956
1291254,E2,E,0.35021,41.25782,0.2671,1.0,10.235684,-44.620888,9.904,0.0036756866109425483,0.0006847734241868702,0.0011010448118137614,-0.0004162713876268915,0.005880801077953281,-0.0014257897489235935,0.3750000000000001,0.002990913186755678,0.001892740929883428,500,1.0,False,,0.9425385934819898,0,-0.05198605946046496,-0.07621896248849525
1773049,E2,E,0.35023,41.3175,0.1076,1.0,10.422482,-44.600784,10.273,0.0017165871518242469,-0.0012746316439158645,-0.000296473622973239,-0.0009781580209426253,0.0025277757490538375,0.002868332738647959,0.3750000000000001,0.0029912187957401113,0.001892923086501259,500,1.0,False,,0.7553893532776067,0,0.00755054174603078,-0.01668236128199951
1328016,E2,E,0.35071,41.26951,0.1554,1.0,10.347867,-44.268337,10.627,0.0019411652233328482,-0.0010573881880336666,0.00010793081457946769,-0.0011653190026131338,0.00509569417128134,0.0023771933470667734,0.3750000000000001,0.002998553411366515,0.001897294845329215,500,1.0,False,,0.9062098501070663,0,-0.04387875479669799,-0.06811165782472828
1257040,E1,E,0.35177,41.25662,0.1129,1.0,8.276912,-42.807098,10.689,0.00416080089840499,0.001146050210863503,-8.138052538169847e-05,0.0012274307362452014,0.015356090611292101,-0.0026067692140485073,0.3750000000000001,0.0030147506875414874,0.0019069491460742835,500,1.0,False,,0.020618556701030927,0,-0.06434844129274052,-0.0885813443207708
1247022,E2,E,0.35763,41.88096,0.1958,0.9996,9.673444,-44.391026,10.507,0.0009473692575329431,-0.002156924862447546,-0.0009087083407410544,-0.001248216521706491,0.0008663825279225191,0.00479771743672908,0.3750000000000001,0.0031042941199804887,0.0019603210350989074,500,1.0,False,,0.9860106126386879,0,0.5184669151924582,0.49423401216442797
1331700,E2,E,0.36025,42.08385,0.3282,0.8357,9.172518,-44.025635,9.029,0.0008399907094291728,-0.0023043381875120983,-0.001210174660530853,-0.001094163526981245,0.001071409114517299,0.005120105881368117,0.3750000000000001,0.003144328896941271,0.0019841835520348315,500,1.0,False,,0.9276404494382022,0,0.7029949676484394,0.6787620646204091
1500031,E2,E,0.36606,41.57625,0.1416,1.0,9.203648,-44.13979,9.246,0.010084727316939605,0.0068516190100204166,0.003784062347773872,0.0030675566622465457,0.015237007843361494,-0.015108354978231571,0.3750000000000001,0.0032331083069191877,0.002037100049514876,500,1.0,False,,0.963963963963964,0,0.1551140804863879,0.1308811774583576
1344639,E2,E,0.36672,41.48063,0.1384,0.99999,9.385548,-44.200863,10.891,0.0007110726138405466,-0.002532120789564945,-0.0015200886937548155,-0.0010120320958101289,0.00445972774106584,0.005601624277781795,0.3750000000000001,0.0032431934034054914,0.0020431112179033145,500,1.0,False,,0.9644743158905424,0,0.054955847383996746,0.030722944355966456
1599030,E2,E,0.36774,41.11399,0.1147,1.0,8.661709,-44.278599,8.553,0.0003963438007174565,-0.0028624356608941415,-0.001636552227483004,-0.0012258834334111372,0.0020290730047713627,0.006336394535985251,0.3750000000000001,0.0032587794616115977,0.0020524012054127204,500,1.0,False,,0.9887271019257867,0,-0.3186829066587832,-0.34291580968681346
1770386,E2,E,0.36795,41.44872,0.119,1.0,9.657106,-44.625874,10.731,0.0002553283139689383,-0.0030066600419792104,-0.0016945543999930405,-0.0013121056419861702,0.0006307709961660658,0.006653382140782115,0.3750000000000001,0.003261988355948149,0.002054313849899951,500,1.0,False,,0.9984901862103673,0,0.014608408849429287,-0.009624494178601003
1904092,E2,E,0.36798,41.40591,0.1493,1.0,8.889556,-44.363873,10.912,0.004774890109973246,0.0015124433405484475,-0.0017302240969217018,0.003242667437470149,0.010801257657018814,-0.00330459870188414,0.3750000000000001,0.0032624467694247986,0.002054587084826698,500,1.0,False,,0.9691826708351943,0,-0.028407055329662794,-0.052639958357693084
1249245,E2,E,0.36834,41.27058,0.1238,0.94749,8.422099,-44.602264,11.174,0.010686003659480236,0.007418055928335634,-0.0013276763116242523,0.008745732239959886,0.008898308267912103,-0.01619228703142874,0.3750000000000001,0.0032679477311446017,0.002057865903947665,500,1.0,False,0.05162459622608415,0.4173757277205553,0,-0.16620141428421373,-0.19043431731224403
1343533,E1,E,0.36843,41.64184,0.1785,0.99713,7.358467,-42.267323,10.731,0.003583242554378062,0.0003139195828035105,0.0017426531953293931,-0.0014287336125258826,0.0026138534560485225,-0.0005772876006773682,0.3750000000000001,0.0032693229715745516,0.0020586856087279064,500,1.0,False,,0.0,0,0.20444284507106705,0.18020994204303675
1283936,E2,E,0.36862,41.5655,0.2602,0.99995,8.877354,-44.371204,9.479,0.0042975819526234645,0.0010253556956967948,-0.0017335652663593056,0.002758920962056101,0.009253986143879555,-0.0022102738761696893,0.3750000000000001,0.0032722262569266697,0.0020604160965973055,500,1.0,False,,0.9695229681978799,0,0.12680340621163158,0.10257050318360128
1291957,E1,E,0.37143,41.41159,0.1427,1.0,7.200165,-43.562294,7.674,0.001307486976013513,-0.0020076773432260555,-0.0005312917818726455,-0.0014763855613534106,0.004421436772907751,0.004465228129656043,0.3750000000000001,0.0033151643192395686,0.0020860091014026283,500,1.0,False,,0.0,0,-0.046252411716022665,-0.07048531474405295
1291511,E2,E,0.37228,41.39484,0.1739,0.99999,9.433378,-44.809761,9.802,0.002129073242649331,-0.0011990794584286596,0.00014345672154651083,-0.0013425361799751711,0.0040411280893925105,0.002709657605279495,0.3750000000000001,0.003328152701077991,0.002093750757660466,500,1.0,False,,0.9480752014324082,0,-0.0687673823811009,-0.09300028540913119
1318126,E2,E,0.37298,41.46099,0.1255,1.0,8.341279,-44.36039,9.414,0.0009990679452887713,-0.002339781070244391,-0.001442132937747796,-0.0008976481324965949,0.003941425511701079,0.005192475200636976,0.3750000000000001,0.003338849015533162,0.0021001262392845686,500,1.0,False,,0.24813780260707635,0,-0.0073558425276912635,-0.031588745555721554
1879532,E1,E,0.37719,41.42987,0.1449,1.0,6.966549,-42.884521,10.671,0.0025665961542100007,-0.0008405390080045245,-0.0003470156816960566,-0.0004935233263084681,0.008619564779989548,0.0018679208277354942,0.3750000000000001,0.003407135162214525,0.0021385263174970182,500,1.0,False,,0.0,0,-0.06680142754920536,-0.09103433057723564
1289913,E1,E,0.38495,41.04571,0.1831,0.99995,7.260866,-43.297604,9.885,0.0017320265184858684,-0.0018077006074765191,-0.0002749541819062468,-0.0015327464255702726,0.003614198825547986,0.004048002125782056,0.3750000000000001,0.0035397271259623875,0.002209401904774192,500,1.0,False,,0.0,0,-0.5024115571529576,-0.5266444601809879
1249090,E1,E,0.3862,41.59525,0.1662,1.0,8.479261,-42.312588,11.235,0.007434658873809287,0.0038735735062638043,0.0053576192452924045,-0.001484045739028601,0.014734262912284617,-0.008588704656632841,0.3750000000000001,0.003561085367545483,0.0022208187197350765,500,1.0,False,,0.0,0,0.03893091968363951,0.014698016655609217
1338170,E1,E,0.38676,41.6411,0.1688,1.0,6.669973,-42.964226,10.166,0.0018850840579992688,-0.0016855698017754427,-0.0007015825849255887,-0.0009839872168498536,0.0025166641380837945,0.003788783863938965,0.3750000000000001,0.0035706538597747115,0.0022259334528375533,500,1.0,False,0.26380916669070353,0.0,0,0.08111641860268594,0.05688351557465565
1257022,E1,E,0.38683,41.60627,0.1354,0.99997,7.706558,-43.297897,10.592,0.0015083178112447462,-0.0020635321100586188,-0.0005404795358282233,-0.0015230525742303952,0.002974260990668267,0.004611432855237421,0.3750000000000001,0.003571849921303365,0.002226572794475363,500,1.0,False,,0.0,0,0.045828702496780414,0.021595799468750124
1435067,E2,E,0.39136,41.57298,0.1557,1.0,8.632176,-44.575691,10.699,0.0005054045667553875,-0.0031438476220451176,-0.001832804895510285,-0.001311042726534833,0.0019305148867140788,0.006968655848146063,0.3750000000000001,0.003649252188800505,0.00226794733189361,500,1.0,False,,0.9085637823371989,0,-0.016919700136985055,-0.041152603165015345
1773237,E1,E,0.39186,41.61736,0.1734,1.0,7.16939,-43.12719,10.269,0.00200581526004996,-0.0016519802253837836,-0.0003368681156419378,-0.0013151121097418465,0.0008720035991964735,0.0037296499884712188,0.3750000000000001,0.0036577954854337437,0.002272514057877964,500,1.0,False,,0.0,0,0.024228255235772343,-4.647792257946731e-06
1331130,E1,E,0.39189,41.95625,0.2528,0.99857,8.05312,-43.207359,10.406,0.007150490628583463,0.0034921825453517238,-0.001750919372152282,0.005243101917504006,0.006031512934156285,-0.0075368259381636965,0.3750000000000001,0.003658308083231739,0.002272788061437025,500,1.0,False,,0.0,0,0.3629244544191538,0.3386915513911235
1618036,E1,E,0.39216,41.67219,0.1344,1.0,7.407974,-43.34811,10.113,0.0003061730220829107,-0.0033567484413307767,-0.001755316904663554,-0.0016014315366672232,7.665807530457204e-05,0.00743726380912144,0.3750000000000001,0.0036629214634136876,0.0022752540934685766,500,1.0,False,0.448612228479485,0.0,0,0.07712086706858957,0.05288796404055929
1315910,E1,E,0.39365,42.25254,0.2723,0.8774,8.214147,-43.093185,10.877,0.0016908914238142323,-0.0019974890635665057,-0.000791779611158138,-0.0012057094524083678,0.0033996139278744597,0.004470967228103201,0.3750000000000001,0.003688380487380738,0.002288862936901951,500,1.0,False,,0.0057443752991862135,0,0.6478688627587731,0.6236359597307428
1431064,E1,E,0.39494,41.74977,0.1688,1.0,9.061901,-43.184998,9.524,0.0017901138937165772,-0.0019203082989779166,-0.0003653050409535459,-0.0015550032580243713,0.004583004553585967,0.004286405741768447,0.3750000000000001,0.0037104221926944937,0.0023006450899415846,500,1.0,False,,0.9509031959240389,0,0.1368129547047973,0.11258005167676699
1336002,E1,E,0.39496,40.94218,0.2288,0.91412,7.77004,-43.090652,7.502,0.0013004737784639833,-0.00241029014609584,-0.0008208873549213132,-0.0015894027911745271,0.004283832166913411,0.00536092210039878,0.3750000000000001,0.0037107639245598234,0.002300827758980959,500,1.0,False,,0.0,0,-0.670905310895432,-0.6951382139234623
1291783,E2,E,0.39821,41.83358,0.1674,1.0,8.856176,-43.791504,10.223,0.0022564809948574017,-0.0015098143578184723,-0.001262664540301178,-0.00024714981751729507,0.003893816376815583,0.0034036179221796983,0.3750000000000001,0.003766295352675874,0.00233051147787926,500,1.0,False,0.025396757282525505,0.974081055607917,0,0.1997312963248378,0.1754983932968075
1265832,E2,E,0.39876,41.94071,0.2754,0.99953,9.549474,-43.430714,10.788,0.0012614192929805547,-0.0025142736859918823,-0.0010567526894701288,-0.001457520996521754,0.003537241491699206,0.005595835554987845,0.3750000000000001,0.003775692978972437,0.002335534876462049,500,1.0,False,,0.9934579439252337,0,0.3033630830601298,0.27913018003209955
1300517,E2,E,0.40031,41.51903,0.1744,1.0,10.034162,-43.619812,10.723,0.001408174231094567,-0.002394002967440909,-0.0009524147042888403,-0.0014415882631520697,0.0059731908709232786,0.005317502347796287,0.42500000000000016,0.003802177198535476,0.0023496917270135467,500,1.0,False,,0.9668874172185431,0,-0.15748431210074426,-0.15238434415328173
1275873,E2,E,0.40188,41.57734,0.1816,0.9959,9.601003,-44.416855,10.86,0.00024575406179854343,-0.0035832490881653016,-0.0019754962539846295,-0.0016077528341806727,0.0008462304510839748,0.007938394986996902,0.42500000000000016,0.0038290031499638453,0.0023640312466044174,500,1.0,False,,0.9881656804733728,0,-0.1090997103576991,-0.10399974241023657
1408024,E2,E,0.40228,41.50684,0.1677,1.0,9.683133,-43.485718,10.862,0.0010302667803589877,-0.0028055710069114495,-0.001343243895274204,-0.0014623271116372457,0.002187221959555175,0.006246562116434708,0.42500000000000016,0.003835837787270437,0.002367684627391901,500,1.0,False,,0.9995505617977528,0,-0.18212271140081765,-0.1770227434533551
1253131,E2,E,0.40349,42.11665,0.3438,0.6978,10.160546,-44.372307,11.198,0.00583760457144419,0.001981092006321317,-0.0013058404270422943,0.003286932433363611,0.005274862372626299,-0.004210923509338178,0.42500000000000016,0.0038565125651228733,0.0023787361042740375,500,1.0,False,0.036900868549116846,0.9348465741908365,0,0.4200693862362688,0.42516935418373136
1342778,E2,E,0.40457,41.50941,266.1743,0.0,9.217444,-44.677082,9.267,0.0013098822128659831,-0.002565083872984685,-0.0015709010665763486,-0.0009941828064083374,0.0015119235012989011,0.005726575438875603,0.42500000000000016,0.0038749660858506682,0.0023886002324002417,500,1.0,False,,0.9354207436399217,0,-0.19395214283069845,-0.1888521748832359
1537020,E2,E,0.40597,41.82821,0.1546,1.0,10.090512,-44.028656,8.527,0.004145752850940543,0.000246865534516806,0.00023043480480351188,1.6430729713292833e-05,0.004139243026283691,-0.00040948824017697505,0.42500000000000016,0.003898887316423737,0.0024013870651564333,500,1.0,False,0.006522187528894651,0.9288668320926385,0,0.1160819995662455,0.12118196751370802
1318266,E2,E,0.40626,41.74051,0.1944,1.0,8.878565,-44.726429,10.987,0.003759566476776627,-0.00014427595169438793,-0.0003852543053616672,0.0002409783536672784,0.006004233035032424,0.00042470224776073283,0.42500000000000016,0.003903842428471015,0.0024040357662273586,500,1.0,False,,0.972193614830072,0,0.026569730367936483,0.03166969831539901
1341370,E2,E,0.409,41.75601,0.2063,1.0,8.963627,-44.676937,8.698,0.0023973737683637237,-0.0015532859256574385,-0.0019985437806962574,0.00044525785503881873,0.009137375896400688,0.0034482289618890834,0.42500000000000016,0.003950659694021162,0.002429061424621618,500,1.0,False,0.001419446415897801,0.9444980694980695,0,0.025006055486526194,0.03010602343398872
1337971,E2,E,0.41066,42.20685,0.2803,0.99977,10.439253,-44.372227,10.296,0.0021965284161125365,-0.0017824950227309788,-0.0009833877444378118,-0.0007991072782931668,0.0062203346464994105,0.004000992076724945,0.42500000000000016,0.003979023438843515,0.0024442229548896736,500,1.0,False,0.01817588930004395,0.7085980516730199,0,0.46555986519038345,0.470659833137846
1260949,E2,E,0.41568,41.64874,0.1532,1.0,10.160044,-43.429535,9.221,0.0012768939036999138,-0.002787904233341316,-0.0016927450590853088,-0.0010951591742560077,0.003528294039147779,0.0062110864196848695,0.42500000000000016,0.00406479813704123,0.0024900728837725875,500,1.0,False,,0.9966230476994512,0,-0.12342281869975362,-0.1183228507522911
1306578,E1,E,0.42044,41.58688,0.1136,0.99998,6.8688,-43.116653,10.401,0.0007937049376957259,-0.003352425383293934,-0.0018239761052730532,-0.0015284492780208818,0.0018971840131141765,0.007451930731559075,0.42500000000000016,0.00414613032098966,0.002533548115143637,500,1.0,False,,0.0,0,-0.21423763517006716,-0.20913766722260463
1876308,E2,E,0.42147,41.98488,0.1585,0.99998,9.107752,-43.786957,8.785,0.0004270284769399619,-0.0037367010351141705,-0.0019603385453181655,-0.0017763624897960057,0.001971053380463427,0.008287517549146972,0.42500000000000016,0.004163729512054132,0.002542955570671407,500,1.0,False,,0.9456469456469456,0,0.17753711804573175,0.18263708599319428
1306991,E1,E,0.42199,41.63381,0.1664,0.99998,8.468082,-42.094688,10.952,0.0013577179084762656,-0.002814896632076434,-0.0012172058935174719,-0.0015976907385589633,0.001714251130425352,0.006285560158025611,0.42500000000000016,0.0041726145405527,0.0025477049656951346,500,1.0,False,0.3982517457928677,0.0,0,-0.17667034519765207,-0.17157037725018953
1431072,E1,E,0.42267,42.10023,0.2309,0.99953,8.047461,-42.668674,10.441,0.0017516176865100225,-0.002432615737463883,-0.0007779209797182079,-0.0016546947577456754,0.0036414568637475144,0.0054436728610688205,0.42500000000000016,0.004184233423973905,0.0025539157130338563,500,1.0,False,0.5043544883915455,0.0,0,0.2856522466223386,0.29075221456980116
1516019,E2,E,0.42436,42.02518,0.1728,1.0,9.958747,-43.564663,9.145,0.05244009332528065,0.0482269835586864,0.04978224299791981,-0.0015552594392334057,0.041661583843528235,-0.10973490545604164,0.42500000000000016,0.004213109766594251,0.0025693512468609727,500,1.0,False,,0.9665050683120318,0,0.20044551227799917,0.2055454802254617
1251225,E2,E,0.43172,42.03657,0.9592,0.171,8.748244,-44.666492,8.771,0.0013598101840449214,-0.0030081948612735296,-0.002012531157886012,-0.0009956637033875183,0.0008840800578570243,0.006717936665360199,0.42500000000000016,0.004368005045318451,0.0026314903391542006,500,1.0,False,,0.9573738363547281,0,0.1680375127079164,0.17313748065537893
1922297,E2,E,0.43225,41.66478,0.1894,0.99998,9.539416,-44.474735,9.911,0.0030764656173320995,-0.00130289340496371,0.0005170551924734475,-0.001819948597437158,0.008416845424323503,0.0029243641842074076,0.42500000000000016,0.0043793590222958095,0.002635930168322002,500,1.0,False,0.03536393786001046,0.9781637717121588,0,-0.20687950088165036,-0.20177953293418782
1883111,E1,E,0.43278,41.71503,0.168,0.99998,7.750111,-42.812763,10.491,0.0021687612082342583,-0.0022219517910389065,-0.0004652833976900681,-0.0017566683933488397,0.002645713169610857,0.0050025257151842225,0.42500000000000016,0.004390712999273165,0.0026403699974898035,500,1.0,False,,0.0,0,-0.15975294256849065,-0.15465297462102812
1908380,E2,E,0.43668,42.05232,0.1889,0.97097,10.174094,-44.019829,11.051,0.002486786209134958,-0.0019874749226130974,-0.0012503133728879075,-0.0007371615497251903,0.0028007462324887286,0.004490653798392541,0.42500000000000016,0.004474261131748055,0.0026730404385358893,500,1.0,False,,0.9395824078187472,0,0.1546622979884849,0.15976226593594745
1336008,E2,E,0.43764,41.61194,0.147,1.0,10.321348,-43.886314,9.899,0.007238368139747535,0.0027435413138518164,-0.0021037464169742764,0.004847287730826091,0.013620870559090077,-0.006045286202889643,0.42500000000000016,0.0044948268258957185,0.002681082393254925,500,1.0,False,0.0189616315628391,0.6601752677702045,0,-0.2913191910564616,-0.28621922310899905
1253148,E2,E,0.43868,42.06142,0.2069,1.0,10.544463,-43.468803,8.828,0.00179383377962335,-0.0027232725482656747,-0.0008491038330146238,-0.0018741687152510516,0.003157911767431008,0.006093940042452629,0.42500000000000016,0.004517106327889025,0.002689794510867215,500,1.0,False,,0.3428178063331804,0,0.15210544555281774,0.15720541350028028
1536026,E1,E,0.44129,42.11417,0.2238,0.99999,8.825641,-42.61615,9.729,0.0006061906705813805,-0.003966828638271609,-0.002071957565564681,-0.001894871072706928,0.00031642648022426863,0.008814472790210248,0.42500000000000016,0.004573019308852989,0.002711658575259595,500,1.0,False,,0.0,0,0.18971757937997086,0.1948175473274334
1328105,E1,E,0.44153,41.79927,0.1214,1.0,8.186774,-43.576172,11.11,0.006158445053986227,0.001580284321596322,-0.0012059723587404343,0.002786256680336756,0.012324902324701294,-0.003445011415568489,0.42500000000000016,0.004578160732389905,0.0027136690639393544,500,1.0,False,,0.0,0,-0.12657021235113558,-0.12147024440367304
1311247,E2,E,0.44183,41.52847,0.1692,0.99973,8.020134,-43.909561,10.781,0.0005638818969490935,-0.004020705614861957,-0.002003531618062498,-0.0020171739967994604,0.00014132963280190914,0.00893132415182035,0.42500000000000016,0.00458458751181105,0.002716182174789053,500,1.0,False,,0.0,0,-0.3991039627076726,-0.3940039947602101
1255008,E1,E,0.4438,41.80379,0.1777,1.0,7.374083,-42.466537,10.884,0.028918533696731974,0.02429174366672207,0.02201419729999098,0.0022775463667310913,0.0023294909228174197,-0.05358314265940459,0.42500000000000016,0.004626790030009905,0.002732684936035409,500,1.0,False,0.009004017176894277,0.0,0,-0.13514171178846607,-0.13004174384100353
1249956,E1,E,0.44628,42.36239,0.2387,0.99993,6.984831,-42.443741,10.902,0.01100293394326545,0.006323015870040742,0.008497591868987115,-0.002174575998946375,0.004318572266864279,-0.013671738991171453,0.42500000000000016,0.0046799180732247075,0.002753459985726254,500,0.95,False,0.26054429294465803,0.0,0,0.40922691049846566,0.4143268784459282
1367331,E1,E,0.44684,42.03154,0.1221,0.99744,7.026115,-42.454983,10.25,0.014835585158791536,0.010143670430647357,0.012322432987266731,-0.002178762556619376,0.009474624842413034,-0.022167169394459597,0.42500000000000016,0.004691914728144179,0.0027581511259790244,500,0.975,False,,0.0,0,0.07517359013103449,0.08027355807849701
1450148,E1,E,0.44736,41.95895,0.166,1.0,7.791684,-42.265503,9.35,0.0012136342844650148,-0.0034894201946758154,-0.00159965559050863,-0.0018897646041671863,0.0037398740980195285,0.0077691760239390825,0.42500000000000016,0.00470305447914083,0.0027625071847851694,500,1.0,False,,0.0,0,-0.0003875682654263376,0.004712399682036187
1900662,E2,E,0.44791,41.96821,0.1662,1.0,9.384784,-44.353104,10.323,0.0006447845385846925,-0.004070052369494904,-0.0020993599617929264,-0.0019706924077019772,0.001762831413005841,0.009041140148811173,0.42500000000000016,0.004714836908079596,0.0027671145546762834,500,1.0,False,,0.9504950495049505,0,0.005733366280762668,0.010833334228225192
1895036,E1,E,0.45194,41.91153,0.1111,1.0,7.389364,-43.239956,10.114,0.005983080242310301,0.001181910264006652,0.0029119388243165523,-0.0017300285603099007,0.0033913109534728127,-0.0024351148529542094,0.4750000000000001,0.004801169978303649,0.0028008740104239057,500,1.0,False,0.14928991556124904,0.0,0,-0.08595414797530747,-0.06873828099131019
1289346,E2,E,0.45198,41.34949,213.4445,0.0,10.22824,-44.595268,8.815,0.005893653505561116,0.0010916266233346478,0.0015952319507423758,-0.0005036053274077293,0.019348862709347193,-0.0025190438626276727,0.4750000000000001,0.004802026882226468,0.002801209091870532,500,1.0,False,,0.9322107081174439,0,-0.6482204033097074,-0.6310045363257102
1290127,E1,E,0.45222,42.07392,0.2425,1.0,6.690813,-43.434082,7.073,0.0011798998201605515,-0.0036272684856028335,-0.001445118542994931,-0.002182149942607903,0.004794374886872041,0.008066393996068552,0.4750000000000001,0.004807168305763385,0.0028032195805502915,500,1.0,False,,0.0,0,0.07485245722332241,0.0920683242073197
1262252,E1,E,0.45294,41.96072,0.1979,1.0,7.171953,-43.748596,9.545,0.0011598033467314045,-0.0036627892296427294,-0.0014719422784287809,-0.0021908469512139494,0.002626728646147772,0.008162022983250326,0.4750000000000001,0.004822592576374134,0.0028092510465895686,500,1.0,False,0.42118738557683044,0.0,0,-0.04241492925127925,-0.025199062267281965
1253101,E1,E,0.45332,41.89377,0.1933,1.0,7.465158,-43.13773,8.612,0.0427405791959094,0.037909846032268484,1.4048339966838547e-05,0.03789579769230164,0.006820988809103138,-0.08420117578254027,0.4750000000000001,0.004830733163640918,0.002812434320332521,500,1.0,False,0.16831805796383453,0.0,0,-0.11150917170311896,-0.09429330471912167
1302110,E1,E,0.45351,42.27599,0.2672,0.9524,7.324549,-43.248325,10.579,0.0005219494287907422,-0.0043128540284835684,-0.0023061110631897846,-0.0020067429652937847,0.002308216174958672,0.009573175239460328,0.4750000000000001,0.004834803457274311,0.0028140259572039966,500,1.0,False,,0.0,0,0.269639336500653,0.2868552034846503
1309694,E2,E,0.45353,42.12919,0.203,0.9995,10.949876,-44.054417,10.287,0.001947790738327572,-0.002887441170908147,-0.0006646958961259268,-0.0022227452747822208,0.001471546842308346,0.006480302151270693,0.4750000000000001,0.004835231909235719,0.002814193497927309,500,1.0,False,,0.0,0,0.12272657228051305,0.13994243926451033
1304193,E2,E,0.45354,42.07876,0.1677,0.99951,9.879671,-44.843678,10.547,0.004477939059417537,-0.00035750707579888796,0.0017125984572243648,-0.0020701055330232527,0.011122426811120696,0.0008457360514489819,0.4750000000000001,0.004835446135216425,0.002814277268288966,500,0.95,False,0.03987506363773956,0.934931506849315,0,0.07224019191205873,0.08945605889605601
1334302,E1,E,0.45463,41.87494,0.1557,0.99998,7.367534,-43.387917,10.668,0.0010175802682718515,-0.003841216498841401,-0.0015824178614695483,-0.002258798637371853,0.0021672393734093005,0.008552433541874696,0.4750000000000001,0.0048587967671132526,0.002823408237709539,500,1.0,False,0.2452651189649602,0.0,0,-0.13771831843014565,-0.12050245144614835
1339716,E1,E,0.45682,41.89089,0.2333,0.99999,6.856683,-43.056366,9.339,0.002289147958779567,-0.002616564298108046,-0.0012837774606583078,-0.0013327868374497394,0.005604178790783823,0.005863433064101029,0.4750000000000001,0.004905712256887613,0.002841753946912341,500,1.0,False,,0.0,0,-0.13406020872915986,-0.11684434174516256
1915067,E2,E,0.45699,42.02079,0.1859,0.99999,9.039772,-44.052299,10.737,0.002244612484204074,-0.0026647416143555226,-0.0011891982259250112,-0.0014755433884305119,0.002489691894761207,0.0059938713298201335,0.4750000000000001,0.004909354098559597,0.0028431780430605035,500,1.0,False,,0.9190340909090909,0,-0.005112069836456887,0.0121037971475404
1263244,E2,E,0.45799,42.5259,0.329,0.99982,10.094522,-44.422009,10.964,0.003959522222424919,-0.0009712544742051625,-0.0014681406377457264,0.0004968861635405632,0.0012925549989059864,0.002311182702921034,0.4750000000000001,0.004930776696630081,0.0028515550792261664,500,1.0,False,,0.9471422432316287,0,0.494405434814219,0.5116213017982163
1879263,E1,E,0.46192,42.26696,0.1282,1.0,8.53149,-42.974342,10.006,0.0037922150415070003,-0.0012227524655400858,-0.001276159974601464,5.340750906137866e-05,0.006863888050476123,0.002812983448408239,0.4750000000000001,0.005014967507047086,0.002884476831357222,500,1.0,False,0.3058854109664003,0.6649769585253457,0,0.21359690102316636,0.23081276800716366
1297742,E1,E,0.46256,41.86633,0.1224,1.0,8.609465,-43.095177,10.872,0.020689658670056215,0.01566098070024402,0.003331087220827288,0.01232989347941673,0.021005553027774834,-0.0347125913705984,0.4750000000000001,0.005028677969812196,0.0028898381345032463,500,1.0,False,,0.8860933211344922,0,-0.1905779118272049,-0.1733620448432076
1551020,E1,E,0.46283,41.96487,0.16,0.99996,7.181084,-42.200035,11.297,0.012141407864373122,0.007106945793081894,0.009361907465295045,-0.0022549616722131512,0.009770752023135987,-0.015462893686496247,0.4750000000000001,0.005034462071291227,0.002892099934267975,500,1.0,False,,0.0,0,-0.09353200487443285,-0.07631613789043556
1484053,E2,E,0.46322,41.83382,0.1315,1.0,10.57777,-43.730068,10.36,0.012243703113871225,0.00720088622933251,0.008848970500150856,-0.0016480842708183458,0.006100851530290017,-0.015612931363803657,0.4750000000000001,0.005042816884538715,0.002895366978372584,500,1.0,False,,0.20271535580524344,0,-0.22673870147924885,-0.20952283449525155
1596033,E2,E,0.46937,42.57499,0.2591,0.99822,8.389528,-44.282009,9.168,0.0007446823448380636,-0.004429883517834132,-0.00222105474533499,-0.002208828772499143,0.0036081343242761453,0.009840411795566965,0.4750000000000001,0.005174565862672196,0.002946885750791411,500,1.0,False,,0.3521897810218978,0,0.48064445933726335,0.49786032632126065
1532056,E2,E,0.47273,42.13967,0.1914,0.99999,8.121352,-44.129128,10.949,0.0013727986295611794,-0.0038737471626278434,-0.002409291405369111,-0.0014644557572587335,0.009924786364670098,0.00854318145987414,0.4750000000000001,0.005246545792189023,0.002975032592308039,500,1.0,False,0.0965350064166548,0.0,0,0.027039815826285184,0.04425568281028247
1305785,E2,E,0.47327,42.2607,0.1624,0.97219,9.893391,-44.83342,10.863,0.003124140414387711,-0.0021339735807593754,0.00014756866579883343,-0.002281542246558209,0.014812275119205593,0.004625797850091315,0.4750000000000001,0.005258113995147086,0.002979556191837497,500,0.975,False,0.025949079259063125,0.9367149758454106,0,0.14514255964386552,0.16235842662786282
1257102,E2,E,0.4733,42.05073,0.1564,0.99999,10.057776,-44.561977,9.46,0.0052619540872488385,3.197414159638798e-06,0.0018522042463989482,-0.0018490068322393098,0.0059548949191947755,0.00016430951416391074,0.4750000000000001,0.0052587566730892,0.0029798075029224664,500,1.0,False,,0.9537251272559001,0,-0.06498997404596434,-0.04777410706196705
1403033,E2,E,0.47435,42.44964,0.1886,0.99996,10.064922,-44.450138,10.629,0.0026804554828556686,-0.0026007949182075395,-0.0012799620528314085,-0.001320832865376132,0.0071691190726823305,0.005825590877521924,0.4750000000000001,0.005281250401063208,0.0029886033908964123,500,1.0,False,,0.9508909169926119,0,0.3282374118163746,0.3454532788003719
1431096,E2,E,0.4768,42.13112,0.1703,1.0,9.161778,-43.948498,9.099,0.0015399967783457254,-0.003794843420221088,-0.0014128446116918251,-0.0023819988085292633,0.004067227529454,0.008464300286987445,0.4750000000000001,0.005334840198566814,0.0030177178711893833,500,1.0,False,0.3018011917659805,0.9281961471103327,0,-0.0034963733667721514,0.013719493617225135
1302418,E2,E,0.4778,42.22784,0.1418,1.0,9.380949,-44.551083,10.696,0.0021675021991894835,-0.003189374170909437,-0.0012584912696945734,-0.0019308829012148632,0.0068768596488951745,0.007113388615698448,0.4750000000000001,0.00535687637009892,0.0030308675416256567,500,1.0,False,,0.955079122001021,0,0.08784850145196561,0.1050643684359629
1636093,E1,E,0.47782,42.19728,0.223,0.99998,8.546846,-42.989197,9.819,0.0049453928131429695,-0.00041192428038659256,-0.0020782670668369058,0.0016663427864503123,0.013073804366282466,0.0009240587748037803,0.4750000000000001,0.005357317093529562,0.0030311305350343826,500,1.0,False,0.29183527087196004,0.7243560777225486,0,0.05718110640611958,0.07439697339011686
1488029,E2,E,0.47833,41.91333,0.1511,1.0,8.658211,-44.77216,9.61,0.004091550637001696,-0.001277004904009239,-0.002596907223956472,0.0013199023199472327,0.011257365235908298,0.002860890294171973,0.4750000000000001,0.005368555541010935,0.003037836866956881,500,1.0,False,,0.9591240875912409,0,-0.22950604631503052,-0.21229017933103322
1249209,E1,E,0.48312,42.4651,0.1794,1.0,6.96295,-42.385223,10.209,0.006184382721622299,0.0007102739189725742,0.0032672958428398217,-0.0025570219238672475,0.00833214644817751,-0.0014050168745412678,0.4750000000000001,0.0054741088026497246,0.00310082378834663,500,0.875,True,,0.0,0,0.29668871605174746,0.31390458303574476
1248962,E1,E,0.48342,42.15537,0.12,1.0,7.808713,-43.090839,10.127,0.0010768219643221648,-0.00440389768978719,-0.0018980450125348218,-0.0025058526772523695,0.00544951095752671,0.009782821840572106,0.4750000000000001,0.0054807196541093554,0.0031047686894775123,500,1.0,False,0.11883350635693192,0.0,0,-0.014635160054325344,0.002580706929671942
1300441,E2,E,0.48485,42.11049,0.1587,1.0,10.266398,-44.181057,9.262,0.04353694977759638,0.038024718398196114,0.0010516299850443964,0.036973088413151715,0.012281849754399447,-0.08465969992024432,0.4750000000000001,0.0055122313794002675,0.0031235727182013827,500,1.0,False,0.14792740007408156,0.9836888331242158,0,-0.06709992444925898,-0.0498840574652617
1302117,E1,E,0.49238,42.31734,0.2056,0.99996,8.349512,-42.571285,10.454,0.013156224707289825,0.007478060956252801,0.0077593393754573255,-0.0002812784192045255,0.0021578991139577933,-0.016167730573051896,0.4750000000000001,0.005678163751037024,0.0032225897365865193,500,1.0,False,0.30013803454884147,0.0,0,0.10015327710045359,0.11736914408445087
1376168,E2,E,0.49239,42.31103,0.1648,0.92711,8.088824,-43.846218,11.08,0.007129573967851492,0.0014511898550991463,-0.002258310179147355,0.0037095000342465,0.006213364849801378,-0.002990154413107446,0.4750000000000001,0.0056783841127523455,0.0032227212332908827,500,1.0,False,0.03324198098352311,0.0,0,0.09379107013422346,0.11100693711822074
1339703,E1,E,0.49272,42.04737,0.1427,0.99993,8.428386,-42.578835,10.716,0.018228063281934846,0.012542407232576906,0.0013224134689531018,0.011219993763623802,0.014715511176503026,-0.02760322959517038,0.4750000000000001,0.00568565604935794,0.003227060624534852,500,1.0,False,,0.0,0,-0.17159120229918995,-0.15437533531519265
1810037,E1,E,0.4965,42.33984,0.2498,0.99994,7.220689,-43.254223,9.266,0.007816166588396742,0.0020472138106474407,0.0039203568867406755,-0.0018731430760932349,0.009264895126056043,-0.004365112566973899,0.4750000000000001,0.0057689527777493015,0.0032767663787839655,500,1.0,False,0.07377213498162379,0.0,0,0.10122773388853563,0.11844360087253292
1312171,E2,E,0.50043,42.541,0.2575,0.99986,9.662444,-43.907009,10.564,0.0042679366668431406,-0.0015876182650273385,-0.0021433540937256927,0.0005557358286983542,0.011428839599183048,0.0035780724117826512,0.5250000000000001,0.005855554931870479,0.00332844458359852,500,1.0,False,,0.8926147704590819,0,0.29738789522550246,0.29932097058586193
1264948,E2,E,0.50394,42.1926,0.1744,1.0,9.786993,-43.940521,10.304,0.012906409041254467,0.006973507147306296,-0.0017009364130508924,0.008674443560357188,0.010520347624356484,-0.015165942560803034,0.5250000000000001,0.0059329018939481715,0.003374599926829839,500,1.0,False,0.23502267377687938,0.8965801400906469,0,-0.06900116236598094,-0.0670680870056215
1532057,E2,E,0.50397,42.25278,0.1221,1.0,9.635918,-44.51313,10.241,0.0053696517629677224,-0.0005639112161264113,0.0012138831821746675,-0.001777794398301079,0.011654025126220753,0.0013357403917837254,0.5250000000000001,0.005933562979094134,0.0033749944169429264,500,1.0,False,,0.9980305268340719,0,-0.008974407519796584,-0.007041332159437138
1335472,E2,E,0.50597,42.23548,0.1033,1.0,9.555887,-44.049759,10.245,0.003594237047415089,-0.0023833982747432573,0.0001270138222843084,-0.0025104120970275653,0.00542997154397909,0.005418595011216977,0.5250000000000001,0.005977635322158346,0.003401293757815473,500,1.0,False,,0.9084412684234033,0,-0.03647148420999244,-0.034538408849632996
1370944,E2,E,0.50947,42.24295,0.1398,0.99991,10.066412,-43.307278,11.004,0.010802401086555353,0.004747639164034637,0.0023657091693058225,0.002381929994728815,0.014582381383811892,-0.010364752346141539,0.5250000000000001,0.006054761922520716,0.003447317604342429,500,1.0,False,0.258322457551326,0.9854081167350661,0,-0.046755641592194336,-0.04482256623183489
1780122,E2,E,0.50987,41.87859,0.2096,1.0,10.287293,-43.286701,10.582,0.0205528031495968,0.014489226758463241,0.014675290533384996,-0.000186063774921755,0.029018821875242542,-0.03254600292042133,0.5250000000000001,0.00606357639113356,0.0034525774725169384,500,1.0,False,0.010815500672243275,0.9717064544650752,0,-0.4131373893098551,-0.41120431394949564
1889022,E1,E,0.51127,42.47574,0.1692,1.0,8.166777,-42.710606,8.623,0.0033795841214259844,-0.0027148429098525226,-0.00024184170000705668,-0.0024730012098454664,0.006052095716734034,0.006139745040351298,0.5250000000000001,0.006094427031278507,0.0034709870111277207,500,1.0,False,0.3457555565848591,0.0,0,0.17694820718849272,0.17888128254885216
1300470,E2,E,0.51413,42.57387,0.2371,0.99979,9.233115,-44.843964,10.681,0.0015996054135177082,-0.004557845068342621,-0.0019213527300404134,-0.002636492338302208,0.01056145742112767,0.010075349869589066,0.5250000000000001,0.0061574504818603295,0.0035085950685754615,500,1.0,False,0.18695224320236706,0.9531914893617022,0,0.2607029488463415,0.26263602420670096
1370135,E2,E,0.51615,42.52161,0.1875,0.99996,8.880126,-44.296173,9.502,0.0028109018898579818,-0.003391061658497203,-0.0012313601279168023,-0.0021597015305804,0.011063050093377545,0.007528067525274489,0.5250000000000001,0.006201963548355185,0.003535157402856734,500,1.0,False,,0.9696021457308895,0,0.1983350040084322,0.20026807936879165
1342647,E2,E,0.51618,42.35236,0.1973,1.0,10.65321,-44.47047,10.075,0.0016225925089160278,-0.0045800321245851195,-0.00207550372049165,-0.00250452840409347,0.00631613873459167,0.01020194057146164,0.5250000000000001,0.006202624633501148,0.003535551892969822,500,1.0,False,,0.1791183294663573,0,0.02893516638389329,0.030868241744252737
1320066,E1,E,0.5192,42.72513,0.2713,0.9993,8.400474,-42.039471,10.965,0.0023854253911349795,-0.0038837484803931283,-0.00199303388225743,-0.0018907145981356985,0.003858727601320497,0.008716378217985741,0.5250000000000001,0.006269173871528108,0.0035752638976873675,500,1.0,False,,0.0,0,0.38666324546283204,0.3885963208231915
1312164,E2,E,0.52327,42.72466,0.3135,0.99998,9.054849,-43.600559,9.664,0.0009243627703509202,-0.00543449831931286,-0.002624559432579034,-0.0028099388867338254,0.0032495344092469828,0.01209985003352863,0.5250000000000001,0.00635886108966378,0.0036287830563629993,500,1.0,False,,0.9580896686159844,0,0.36605113884990925,0.3679842142102687
1257144,E2,E,0.52559,42.44235,0.2039,0.99712,8.647225,-43.89167,9.925,0.0021652751525372133,-0.004244384590313755,-0.0015291163636481982,-0.0027152682266655564,0.008016636491630855,0.00945537487495496,0.5250000000000001,0.006409659742850968,0.0036595394120505706,500,1.0,False,,0.9754716981132076,0,0.07232548427527988,0.07425855963563932
1320126,E2,E,0.52685,42.42063,0.1929,0.9993,10.244915,-43.782936,10.654,0.003943387669375027,-0.002493343016374546,-0.0019618936480593993,-0.0005314493683151451,0.0020807357157771452,0.005709382180600603,0.5250000000000001,0.006436730685749573,0.0036766400163715084,500,1.0,False,0.030880571110456185,0.8061942749882685,0,0.044425453537298126,0.04635852889765757
1260889,E2,E,0.52885,42.41841,0.159,1.0,9.015895,-44.719162,10.478,0.006733015203674704,0.0002533147672924294,-0.0024452492607901213,0.0026985640280825507,0.012952340256309232,-0.0004654939670873451,0.5250000000000001,0.006479700436382275,0.0037037838327539474,500,1.0,False,,0.9366447034972124,0,0.03242438294485098,0.03435745830521042
1302346,E2,E,0.53042,42.60237,0.1745,0.99985,10.542997,-43.697895,10.768,0.001506955520028704,-0.005006476170600241,-0.0024849782256417398,-0.0025214979449585014,0.00519218957435788,0.011161826454641999,0.5250000000000001,0.006513431690628945,0.0037250917286141623,500,1.0,False,,0.31293143120110445,0,0.20873060385244926,0.2106636792128087
1574017,E1,E,0.53287,42.52319,0.1377,0.8941,7.342159,-43.981201,10.038,0.00119710664720685,-0.005368962987947154,-0.0023452516267981486,-0.0030237113611490058,0.0004653861173637496,0.01198277865310081,0.5250000000000001,0.006566069635154005,0.00375834290368265,500,1.0,False,,0.0,0,0.11764931213901988,0.11958238749937933
1536021,E1,E,0.5341,42.42357,0.174,0.99998,6.62533,-43.462669,10.03,0.00749881340803296,0.0009063173762398416,0.003965280734389828,-0.003058963358149986,0.005074816884383722,-0.0017314092210575054,0.5250000000000001,0.006592496031793118,0.003775036350757851,500,1.0,False,,0.0,0,0.01207379098812325,0.014006866348482697
1876305,E1,E,0.53667,42.40215,0.1392,0.99297,7.448766,-42.036697,10.623,0.0012227435729257649,-0.005424968588430374,-0.002819088057349181,-0.002605880531081193,0.004834433269514419,0.01208264377475381,0.5250000000000001,0.0066477121613561395,0.003809916154809285,500,1.0,False,,0.0,0,-0.02174828089871525,-0.019815205538355803
1912110,E2,E,0.53763,42.1294,0.172,0.9999,9.546219,-44.113155,9.788,0.002285449026159507,-0.004382888615500331,-0.0013634551146793185,-0.0030194335008210125,0.005756818527379434,0.009809442035258974,0.5250000000000001,0.006668337641659838,0.003822945186672857,500,1.0,False,0.08420101064625428,0.9114559561843907,0,-0.2991166142134982,-0.29718353885313875
1636043,E2,E,0.53944,42.52552,0.1282,0.99972,9.855549,-43.61113,10.016,0.0042737920576247715,-0.0024334332083576615,0.0003880545600622757,-0.0028214877684199367,0.006300619249259962,0.005552767868531084,0.5250000000000001,0.006707225265982433,0.0038475103404989647,500,1.0,False,,0.9680525164113786,0,0.08831699765350479,0.09025007301386423
1252364,E1,E,0.54134,42.29627,0.1803,1.0,7.277299,-42.31348,10.618,0.003977536569362204,-0.0027705099597212955,-0.0005037345218951218,-0.0022667754378261737,0.01132625491551032,0.006165923280342697,0.5250000000000001,0.0067480465290835,0.0038732969660622823,500,0.975,False,,0.0,0,-0.15002181349918217,-0.14808873813882273
1644213,E1,E,0.54509,42.45335,0.1636,1.0,7.963253,-43.70092,10.458,0.003839422922549377,-0.002989191888970438,-0.002423190027017243,-0.0005660018619531955,0.007056123495146672,0.006761176645888533,0.5250000000000001,0.006828614811519815,0.003924191621779356,500,1.0,False,,0.0,0,-0.010792360435021492,-0.008859285074662045
1641288,E1,E,0.54529,42.50157,0.1643,0.99922,8.136894,-43.753727,10.352,0.002689318463641787,-0.0041435933229413005,-0.0016288200253780495,-0.0025147732975632506,0.003189791558516391,0.009324828567234699,0.5250000000000001,0.006832911786583087,0.0039269060034176,500,1.0,False,,0.0,0,0.036478865595708926,0.03841194095606837
1306980,E1,E,0.54674,42.48369,0.2353,0.99996,7.035891,-43.291695,10.33,0.006360147882930281,-0.0005039169728615137,0.002774612729273291,-0.0032785297021348052,0.006766929172449381,0.001338703535544621,0.5250000000000001,0.006864064855791795,0.003946585270294868,500,1.0,False,,0.0,0,0.011730051432043781,0.013663126792403227
1530098,E1,E,0.54758,43.14783,211.0391,0.0,7.103917,-43.317276,10.264,0.0007078899802282473,-0.006174222170829281,-0.002881096477689399,-0.003293125693139883,0.004609938802874498,0.013733777169822917,0.5250000000000001,0.006882112151057529,0.003957985673175492,500,1.0,False,0.009834709675751827,0.0,0,0.6718987308306954,0.6738318061910549
1899065,E1,E,0.54762,42.33816,0.173,0.99988,7.076947,-43.318287,10.656,0.0009095395650193116,-0.005973431981050871,-0.0026687048944505822,-0.0033047270866002894,0.003506095122963358,0.013302986137411467,0.5250000000000001,0.006882971546070183,0.00395852854950314,500,1.0,False,0.009808609348548075,0.0,0,-0.13796023632845575,-0.1360271609680963
1291733,E2,E,0.54784,42.09818,0.5624,0.0728,9.754487,-44.081993,8.967,0.0018641655606298512,-0.00502353265800993,-0.0026706169525392226,-0.0023529157054707067,0.0022232030101796228,0.011249171919632851,0.5250000000000001,0.006887698218639781,0.003961514369305209,500,1.0,False,,0.9101221640488656,0,-0.37897932306071413,-0.37704624770035466
1258802,E1,E,0.54947,42.33346,0.164,1.0,6.636329,-42.985077,10.441,0.004516915828695525,-0.0024058027367099086,-7.154599490130382e-05,-0.002334256741808605,0.0047429365079408705,0.0055241256660882795,0.5250000000000001,0.006922718565405434,0.0039836365796568985,500,1.0,False,0.0012455872007847764,0.0,0,-0.15138577301859144,-0.149452697658232
1368111,E2,E,0.55095,42.32849,0.132,1.0,10.142126,-44.45435,10.652,0.009031058523321037,0.0020765423424474044,-0.0003862891667319253,0.0024628315091793293,0.023133324260787833,-0.004823511914448162,0.5750000000000002,0.006954516180873633,0.004003723003779903,500,1.0,False,0.002031013249943574,0.9517712334613743,0,-0.15383377499025858,-0.16138319654306899
1880545,E1,E,0.55111,42.37667,0.1931,0.99795,6.722846,-43.155834,11.027,0.0005670948734629224,-0.006390858887461327,-0.0031451955444149644,-0.0032456633430463623,0.0031228035807634815,0.014220148905661976,0.5750000000000002,0.006957953760924249,0.004005894509090498,500,1.0,False,,0.0,0,-0.10640520443047069,-0.1139546259832811
1264963,E2,E,0.55214,42.62838,0.2216,0.99982,9.098154,-44.279007,10.34,0.003380315536125021,-0.0035997676463750674,-0.003066956352418574,-0.0005328112939564935,0.01324079280577865,0.007986266842299097,0.5750000000000002,0.006980083182500089,0.004019873574527454,500,1.0,False,,0.9626500666963095,0,0.14047239057331734,0.13292296902050693
1341426,E2,E,0.55321,42.59233,0.1951,0.99996,9.381068,-44.346722,9.659,0.0012549980096894537,-0.005748073989399132,-0.0026314490471453754,-0.003116624942253757,0.002825438407718655,0.012830191875715043,0.5750000000000002,0.007003071999088586,0.004034395516292059,500,1.0,False,,0.9508110936682366,0,0.09941131945521658,0.09186189790240618
1444028,E2,E,0.55372,42.57853,0.166,1.0,8.950636,-44.084919,8.793,0.01553804751849487,0.008524018232994946,-0.0001364711383403652,0.00866048937133531,0.025651834999221225,-0.019080938549707,0.5750000000000002,0.007014029285499924,0.0040413171894695815,500,1.0,False,,0.9155937052932761,0,0.08322608297931094,0.07567666142650054
1321492,E1,E,0.55467,42.32536,0.1951,0.99999,8.179554,-42.666939,10.434,0.005078374600425594,-0.0019560653166248642,0.0010729130086987453,-0.00302897832532361,0.009440857262084231,0.0044958007100291825,0.5750000000000002,0.007034439917050458,0.00405421050225124,500,1.0,False,,0.0,0,-0.17438148142170223,-0.18193090297451264
1833067,E2,E,0.55577,42.36557,0.1855,1.0,9.6964,-44.2738,9.639,0.0029262029511779083,-0.004131870328720536,-0.001165019922309058,-0.002966850406411479,0.01095544305647971,0.009208323129688382,0.5750000000000002,0.0070580732798984445,0.004069139601261582,500,1.0,False,,0.9748251748251748,0,-0.13930076026260468,-0.1468501818154151
1635042,E1,E,0.55833,42.37836,0.1146,1.0,8.290415,-43.226574,10.317,0.003807935666126741,-0.003305138894581562,-0.0015944951924256531,-0.001710643702155909,0.010527721124773074,0.007417358613186955,0.5750000000000002,0.007113074560708303,0.004103883686231104,500,1.0,False,0.1647083737077512,0.159755565255347,0,-0.13841098150404224,-0.14596040305685265
1295685,E1,E,0.55929,42.58846,0.3035,0.99801,7.336094,-42.859283,10.229,0.0012810534553079275,-0.0058526465857040725,-0.0025270469495240182,-0.003325599636180054,0.007962493464406499,0.013007933493735812,0.5750000000000002,0.007133700041012,0.004116912718094675,500,1.0,False,,0.0,0,0.06723971393904787,0.059690292386237465
1249182,E1,E,0.56017,42.18869,0.2091,0.99941,6.820097,-42.573879,11.155,0.006741201191694695,-0.0004114055395956929,0.002958879608674189,-0.0033702851482698823,0.004114472368062646,0.0011914542510781737,0.5750000000000002,0.007152606731290388,0.004128855997302948,500,0.875,True,0.0031214547132683815,0.0,0,-0.3366024840607527,-0.3441519056135631
1915087,E2,E,0.56104,42.52096,0.2018,0.99998,9.160745,-44.221256,10.407,0.07138320706630522,0.0642119084934896,0.017264077286833726,0.04694783120665587,0.0247141479936052,-0.14565799779971875,0.5750000000000002,0.007171298572815615,0.0041406635574293095,500,1.0,False,0.22615692102700766,0.9734114465975665,0,-0.008352472066275589,-0.015901893619086
1263579,E1,E,0.56161,42.67654,0.2193,0.99999,6.953925,-43.374207,10.884,0.004768201905593102,-0.0024153430461528345,0.001052343976524945,-0.0034676870226777795,0.006952860306819894,0.005534957225458492,0.5750000000000002,0.0071835449517459364,0.004148399545098306,500,1.0,False,,0.0,0,0.1445969340367152,0.1370475124839048
1262267,E1,E,0.56215,42.18917,0.2134,0.9997,8.215997,-42.390877,11.042,0.0035140217656054267,-0.0036811250188113387,-0.00029951165084372714,-0.0033816133679676124,0.002292194243756996,0.008345928591102494,0.5750000000000002,0.007195146784416765,0.004155728375521564,500,1.0,False,,0.0,0,-0.3452628821790616,-0.352812303731872
1285317,E2,E,0.56441,42.44977,0.1616,0.99999,9.472623,-43.314404,8.512,0.00752637292660056,0.00028267032396884356,0.00021902777741218812,6.364254655665457e-05,0.01613868784328761,-0.000579195410820469,0.5750000000000002,0.0072437026026317165,0.004186400888033719,500,1.0,False,,0.9930898321816387,0,-0.09505876674650199,-0.1026081882993124
1432141,E2,E,0.56489,42.83606,0.1951,0.8184,10.038541,-44.250916,10.131,0.0030697872596612244,-0.004184228083122342,-0.0016942807110939219,-0.00248994737202842,0.003968984870865795,0.009435903935552676,0.5750000000000002,0.007254015342783566,0.004192915403965505,500,1.0,False,,0.9546191247974068,0,0.2890283224095522,0.28147890085674176
1283855,E1,E,0.56536,42.3511,0.177,0.99997,7.503301,-43.714073,10.939,0.0009073505262844935,-0.006356762707897757,-0.002889758336466979,-0.0034670043714307786,0.0041867394343915254,0.014161687638944124,0.5750000000000002,0.007264113234182251,0.004199294200815378,500,1.0,False,,0.0,0,-0.19808698118252482,-0.20563640273533523
1315890,E1,E,0.56699,42.9266,0.233,0.98315,8.337059,-42.885231,10.471,0.005873046825040608,-0.0014260867559072951,-0.0018323453098735086,0.0004062585539662128,0.020782651957365214,0.002971458392250147,0.5750000000000002,0.007299133580947903,0.004221416411167067,500,1.0,False,,0.14081632653061224,0,0.3699513394740374,0.362401917921227
1328089,E1,E,0.56864,42.4359,0.1777,0.99997,6.994093,-43.390553,9.601,0.0002705997762804288,-0.0070639838489394546,-0.003502382022948518,-0.0035616018259909377,0.001260008274728502,0.015718782595907185,0.5750000000000002,0.007334583625219883,0.004243810059682581,500,1.0,False,0.245218788249694,0.0,0,-0.12828127282866336,-0.13583069438147377
1305807,E2,E,0.56997,42.87093,0.2368,0.98585,9.613651,-43.923054,9.222,0.004756939234170163,-0.002606219275220466,-0.0010439890118994423,-0.0015622302633210238,0.005984673079252956,0.005977999435685322,0.5750000000000002,0.007363158509390629,0.004261860697576902,500,1.0,False,,0.9054500412881916,0,0.30069201017538444,0.29314258862257403
1248936,E1,E,0.57093,42.73478,0.2163,1.0,8.161636,-43.461281,9.12,0.002067149471038204,-0.005316634518656124,-0.0021582856757470298,-0.003158348842909094,0.0009599763599055039,0.011924157981559595,0.5750000000000002,0.007383783989694328,0.004274889729440473,500,1.0,False,0.20508233976052398,0.0,0,0.16017854242385238,0.15262912087104197
1291222,E2,E,0.57106,42.39885,0.2457,0.9935,10.308677,-44.783283,9.028,0.029392919531062864,0.022006342507577412,0.006126934307094404,0.015879408200483003,0.02967052035657236,-0.049364027848193,0.5750000000000002,0.007386577023485452,0.0042766540775053315,500,1.0,False,,0.8845822566752799,0,-0.17634181040759717,-0.18389123196040758
1290394,E1,E,0.57153,42.49121,0.2138,0.99996,8.204242,-42.305714,10.794,0.01475650348038419,0.007359828565500054,0.01084403149650228,-0.003484202931002229,0.008024909884078562,-0.015906992720068628,0.5750000000000002,0.007396674914884136,0.0042830328743552045,500,1.0,False,,0.0,0,-0.08611510318757826,-0.09366452474038867
1302353,E2,E,0.57193,42.56619,0.1269,1.0,10.275716,-44.231575,10.644,0.0071154394376698755,-0.00028982942734080436,-0.0011579233230707415,0.0008680938957299354,0.02173710643589171,0.00044690798879580204,0.5750000000000002,0.00740526886501068,0.0042884616376316935,500,1.0,False,,0.975973487986744,0,-0.012949365151319107,-0.02049878670412952
1328103,E1,E,0.57472,42.70512,0.1994,0.99981,7.20324,-43.288967,10.355,0.0009604823590802275,-0.00650472930806307,-0.0031523997173541225,-0.003352329590708948,0.0037750689853476315,0.014499032510728017,0.5750000000000002,0.0074652116671432974,0.004326327261485196,500,1.0,False,0.020435378988010556,0.0,0,0.11335943413278454,0.10581001257997413
1466032,E2,E,0.57606,42.5602,0.1658,1.0,10.053383,-44.519093,10.88,0.009344135218738486,0.0018502643090611533,0.004364025690443342,-0.0025137613813821895,0.006209674148152685,-0.003763722975414791,0.5750000000000002,0.007493870909677332,0.004335983037657557,500,1.0,False,,0.9472960586617782,0,-0.03760177166326645,-0.04515119321607686
1255142,E2,E,0.57675,42.58673,0.1828,0.99816,9.055931,-43.541504,11.023,0.002088829806119687,-0.0054197807256683665,-0.0026880499244954434,-0.0027317308011729244,0.004383695887823971,0.01213735959658779,0.5750000000000002,0.0075086105317880535,0.004339794729069238,500,1.0,False,,0.9602059925093633,0,-0.014177357973890019,-0.02172677952670043
1337228,E1,E,0.57741,42.81386,0.215,0.99997,7.52495,-43.034092,9.763,0.0009754168402736319,-0.006547292460489893,-0.0032405179003800796,-0.0033067745601098146,0.0012837095213518114,0.01460953888774473,0.5750000000000002,0.007522709300763525,0.004343440694767369,500,1.0,False,,0.0,0,0.20998536905856707,0.20243594750575666
1281691,E2,E,0.57821,42.76313,0.1724,0.9989,9.790803,-43.715687,10.06,0.006632675756852131,-0.0009071229608513635,-0.0030279065262480993,0.002120783565396735,0.0028255672230261416,0.002302027119888639,0.5750000000000002,0.007539798717703494,0.00434786004712874,500,1.0,False,0.01933202805710269,0.955793991416309,0,0.15566297449398075,0.14811355294117035
1910065,E2,E,0.57875,42.57166,0.2254,0.99932,9.378354,-44.134632,10.194,0.007558426673445121,7.0925993071492555e-06,0.00315462538266747,-0.0031475327833603217,0.00548444055596816,0.000285229980281021,0.5750000000000002,0.007551334074137972,0.004350843109972665,500,1.0,False,,0.9592610137375651,0,-0.03822923371236914,-0.045778655265179546
1501158,E2,E,0.58049,42.78665,0.303,0.99871,8.871242,-44.334068,11.049,0.003852429698207489,-0.00373607385777491,-0.0030130363955941063,-0.0007230374621808046,0.006885476324831126,0.00843794676682691,0.5750000000000002,0.007588503555982399,0.004360455201358646,500,1.0,False,0.001524843561174081,0.9703408587870739,0,0.16897039802624886,0.16142097647343845
1263580,E1,E,0.58276,42.64332,0.2095,1.0,8.51844,-42.807945,9.762,0.00726496452155385,-0.00037203025499570486,0.0009406441634513514,-0.0013126744184470563,0.015318690606558532,0.0008854937122390986,0.5750000000000002,0.007636994776549555,0.004372995113684035,500,1.0,False,,0.2407906558849955,0,0.015510265137936137,0.007960843585125724
1770206,E2,E,0.58411,42.4584,0.146,0.99999,9.625684,-44.420986,11.035,0.002818410171185599,-0.004847422996450153,-0.0026182629744820273,-0.002229160021968126,0.00920740209344571,0.010816964178636618,0.5750000000000002,0.007665833167635752,0.004380452770793849,500,1.0,False,,0.9965601965601966,0,-0.1754165611849861,-0.18296598273779652
1300531,E2,E,0.58454,42.85836,0.1807,0.99998,10.212226,-43.976002,9.245,0.003880577852221199,-0.0037944408770197824,-0.003093380471981761,-0.0007010604050380221,0.013649454698680319,0.008415439925724744,0.5750000000000002,0.0076750187292409814,0.004382828172688084,500,1.0,False,0.2011056836684464,0.8805206880520688,0,0.22263291382202038,0.21508349226920997
1331719,E2,E,0.58627,42.6563,0.2102,0.99995,8.706661,-44.577782,10.562,0.02754265634454438,0.01983068175117072,-0.0028230824631687483,0.022653764214339466,0.013049726794368164,-0.04371383587143949,0.5750000000000002,0.007711974593373662,0.004392385022169549,500,1.0,False,0.11042886772113193,0.9593421653723161,0,0.012899809209403208,0.005350387656592796
1302572,E1,E,0.5874,42.67107,0.1344,1.0,8.425974,-42.895851,11.008,0.002172588143587142,-0.0055635252512142245,-0.0031834661026782373,-0.002380059148535987,0.00430039948206937,0.012465903421247218,0.5750000000000002,0.007736113394801366,0.004398627357379985,500,1.0,False,,0.2975413948820873,0,0.02266946784252139,0.015120046289710979
1257129,E2,E,0.58817,42.4876,0.1736,0.99892,9.212611,-43.740334,11.151,0.00800574007627933,0.00025317811767324675,-0.0033253937604743253,0.003578571878147571,0.00897071576297661,-0.00031381814405502875,0.5750000000000002,0.007752561958606084,0.004402880984027804,500,1.0,False,0.026212559108911553,0.9690721649484536,0,-0.16420262669427405,-0.17175204824708445
1299439,E2,E,0.59158,42.86835,0.1595,1.0,10.601159,-44.221733,10.204,0.03968406096671559,0.0318586553684029,0.03404148611801529,-0.002182830749612388,0.0401815085354818,-0.07250526114577059,0.5750000000000002,0.007825405598312692,0.0044217184734681465,500,1.0,False,,0.30124623979372583,0,0.20153150343066767,0.19398208187785726
1341423,E2,E,0.5971,42.47573,0.1422,1.0,8.342291,-44.205853,10.787,0.005003392117863645,-0.0029399304573348214,-0.0010756387370976072,-0.0018642917202372133,0.004885353076254448,0.006711587586234087,0.5750000000000002,0.007943322575198466,0.004452212004761603,500,1.0,False,0.025170621751925373,0.2365988909426987,0,-0.21522268700080122,-0.22277210855361163
1338223,E1,E,0.59952,42.65104,0.1724,0.99999,7.760682,-42.630024,10.63,0.05034400002935251,0.04234898196791065,0.0016494229479092227,0.04069955902000142,0.026386891916141887,-0.09533112732356658,0.5750000000000002,0.007995018061441867,0.00446558054565475,500,1.0,False,0.22570521156346907,0.0,0,-0.050426614048821705,-0.057976035601632114
1876301,E1,E,0.60073,42.81219,0.2189,0.99966,7.302611,-42.072388,10.234,0.00355040715623191,-0.004470458648331656,-0.0013155848269139673,-0.003154873821417688,0.004269027723016464,0.010109169475242924,0.6250000000000002,0.008020865804563565,0.004472264816101322,500,1.0,False,,0.0,0,0.08374684144948914,0.09793208870385128
1259330,E2,E,0.60243,42.86699,0.2111,0.99924,10.287661,-44.204525,10.772,0.014510557928398695,0.006453377112837699,-0.0010655755249223907,0.007518952637760088,0.03690729590749671,-0.015235245842907058,0.6250000000000002,0.008057180815560996,0.004481655939869236,500,1.0,False,0.2104491303832305,0.9801406702523789,0,0.13119912154419908,0.1453843687985612
1574019,E1,E,0.60433,42.46616,0.1094,0.99977,7.090139,-43.541668,10.853,0.0028629958670012565,-0.005234772313792162,-0.0013262917220137832,-0.003908480591778378,0.005826233199578162,0.011760063108587283,0.6250000000000002,0.008097768180793418,0.00449215190172749,500,1.0,False,,0.0,0,-0.27781978750880415,-0.263634540254442
1531033,E2,E,0.60888,42.99034,0.2209,0.99994,8.97967,-44.621311,10.862,0.007475600221913002,-0.0007193640177264793,-0.0036284165148075895,0.002909052497081111,0.022286136577607932,0.0014215717190021425,0.6250000000000002,0.008194964239639481,0.004517286968282786,500,1.0,False,,0.9656357388316151,0,0.22684883990277158,0.2410340871571337
1891030,E1,E,0.61377,42.9921,0.1856,0.99837,6.873142,-43.114548,10.013,0.0066382316081325145,-0.0016611916925525164,0.0017196278440228425,-0.0033808195365753572,0.011603821406837004,0.0038785775439632644,0.6250000000000002,0.008299423300685031,0.004544300259591664,500,1.0,False,,0.0,0,0.20779324325872026,0.22197849051308238
1498017,E1,E,0.62127,42.96494,5.294,0.001,7.230348,-43.783318,10.005,0.0072803607374129515,-0.0011792758470842695,0.0022837752307665656,-0.0034630510778508334,0.006012572564931349,0.0029318432502619188,0.6250000000000002,0.008459636584497221,0.004585731687979514,500,1.0,False,,0.0,0,0.14901170185021315,0.16319694910457527
1255130,E2,E,0.62411,43.01173,0.1665,0.99999,9.549363,-43.56831,10.598,0.002268410796534491,-0.006251893218099613,-0.0028891537353501764,-0.003362739482749437,0.0011326022674503994,0.014041077053673804,0.6250000000000002,0.008520304014634104,0.004601420388862379,500,1.0,False,,0.9991220368744512,0,0.18392233879189476,0.1981075860462569
1590044,E2,E,0.62931,42.92056,0.1417,1.0,9.306208,-44.149685,10.208,0.005195376978182518,-0.0034367187829348776,-0.001011156369032486,-0.0024255624139023907,0.011133553279477956,0.007778341574419917,0.6250000000000002,0.008632095761117396,0.004673687542042261,500,1.0,False,,0.974548819990745,0,0.07113406572759813,0.08531931298196027
1313177,E1,E,0.63498,42.88847,0.1606,0.99238,7.63287,-42.948566,10.546,0.002075231998479236,-0.006678919747946764,-0.0025566100296052973,-0.0041223097183414655,0.004003355480687553,0.014971831209015388,0.6250000000000002,0.008754151746425999,0.004762290334676478,500,1.0,False,,0.0,0,0.01566475940505526,0.029850006659417398
1304183,E2,E,0.63502,42.76987,0.1632,1.0,9.763724,-44.235546,9.109,0.002952978593314113,-0.005802034218263976,-0.003297679559729952,-0.002504354658534022,0.008292021614399745,0.013002688444322149,0.6250000000000002,0.008755012811578089,0.004762915398469312,500,1.0,False,,0.9672509225092251,0,-0.10309946674561858,-0.08891421949125644
1257839,E2,E,0.64421,42.90481,0.1699,0.99985,8.842611,-44.728569,10.115,0.006556037360252165,-0.0023968051700183476,-0.002228853047654497,-0.00016795212236384981,0.0042807767115179965,0.005646033902925333,0.6250000000000002,0.008952842530270512,0.004906523804872918,500,1.0,False,,0.9689223057644111,0,-0.005631600777917502,0.008553646476444635
1317496,E1,E,0.64429,43.22859,0.2012,1.0,7.306723,-42.116749,8.811,0.0010388806060219373,-0.007915684054552754,-0.003972815145510473,-0.00394286890904228,0.0008697058526968426,0.017694059082996247,0.6250000000000002,0.00895456466057469,0.004907773932458587,500,1.0,False,,0.0,0,0.3178244423130961,0.33200968956745824
1878612,E2,E,0.64488,42.49207,0.1502,0.5321,8.841838,-44.720882,10.725,0.0056422046541365276,-0.0033250607174314765,-0.002623130932556671,-0.0007019297848748045,0.007294082826636922,0.007630376073098086,0.6250000000000002,0.008967265371568004,0.004916993623402889,500,1.0,False,,0.9682459677419355,0,-0.42108355614026766,-0.4068983088859055
1302719,E2,E,0.64527,43.20672,0.1568,0.99925,10.07162,-44.040031,10.202,0.007721456104419124,-0.001254204652381746,-0.002121954101367347,0.0008677494489856014,0.012037844812754616,0.0029967715013486246,0.6250000000000002,0.00897566075680087,0.00492308799538302,500,1.0,False,,0.9349258649093904,0,0.29198907974977556,0.3061743270041377
1876263,E1,E,0.64639,42.94172,0.2904,0.99999,7.079654,-42.552174,11.371,0.004110199756225099,-0.004889570824834258,-0.0006135602150927665,-0.004276010609741493,0.004544956681061012,0.011079766326580004,0.6250000000000002,0.008999770581059358,0.0049405897815823704,500,1.0,False,0.07252838027441859,0.0,0,0.022464262459408097,0.036649509713770234
1370898,E1,E,0.65069,43.15962,0.169,0.99925,8.078607,-42.545368,9.813,0.003600417257898208,-0.005491917827010709,-0.001571951112999766,-0.003919966714010942,0.008846046870991027,0.012355593618066303,0.6750000000000002,0.009092335084908917,0.005007784139312024,500,1.0,False,,0.0,0,0.2327958215325207,0.23724663012745295
1309551,E1,E,0.65135,43.25646,0.2268,0.99982,6.474008,-42.907021,9.102,0.0022771254013666522,-0.00682941725855173,-0.0025397216417193096,-0.004289695616832421,0.0036027804480235717,0.015324711382056986,0.6750000000000002,0.009106542659918383,0.0050180976918937845,500,1.0,False,0.0916522844945045,0.0,0,0.3269896918282253,0.33144050042315754
1575019,E1,E,0.65214,42.80971,0.1503,0.99978,6.557415,-42.931061,11.316,0.004715987358316706,-0.004407561338355433,-0.00038718532138333744,-0.004020376016972095,0.00043078379539439137,0.010067642600952897,0.6750000000000002,0.009123548696672139,0.005030442701802256,500,1.0,False,0.01704456038834479,0.0,0,-0.12292428333142065,-0.1184734747364884
1303753,E1,E,0.65242,42.9582,0.1411,0.99999,8.086368,-43.38168,9.68,0.00410090298087097,-0.005028673171865789,-0.0016467374178108585,-0.0033819357540549313,0.012201125235980215,0.011266760213390174,0.6750000000000002,0.00912957615273676,0.005034818148352093,500,1.0,False,,0.0,0,0.02444518558002178,0.028895994174954035
1890041,E1,E,0.65258,42.90508,0.1588,0.99997,7.102474,-43.558426,9.426,0.0005066702690824394,-0.008626350144262678,-0.004260609389448723,-0.004365740754813954,0.0011572426677277392,0.019252285244996947,0.6750000000000002,0.009133020413345117,0.00503731840352343,500,1.0,False,,0.0,0,-0.029314911870826087,-0.02486410327589383
1284567,E2,E,0.65483,42.79729,0.15,0.99966,9.863443,-43.766991,8.816,0.008239930954987075,-0.000941524373163043,0.0006295551076650491,-0.0015710794808280922,0.018610137162815815,0.002146870031630492,0.6750000000000002,0.009181455328150118,0.0050724782418703415,500,1.0,False,,0.9554690877648077,0,-0.14609045403935178,-0.14163964544441954
1370113,E1,E,0.65553,42.91029,0.138,0.99996,7.949247,-43.696629,10.855,0.006231521312788401,-0.0029650026555232706,-0.00039453967452036075,-0.002570462981002909,0.011865014597031976,0.006772715295602624,0.6750000000000002,0.009196523968311672,0.005083416858244935,500,1.0,False,,0.0,0,-0.03587994627893816,-0.0314291376840059
1574028,E1,E,0.65589,43.08029,0.1892,0.99904,7.415302,-43.250103,10.937,0.006312842403183393,-0.0028914311514970795,0.000924847108208054,-0.003816278259705134,0.005328315741957369,0.006736396235637654,0.6750000000000002,0.009204273554680472,0.005089042432380441,500,1.0,False,,0.0,0,0.1326865647654511,0.13713737336038334
1287883,E1,E,0.65718,42.82373,0.1896,0.99999,7.164389,-43.032948,10.591,0.004012211003997257,-0.005219831901838083,-0.0034665490018304093,-0.001753282900007673,0.008531225756654841,0.011762666933020211,0.6750000000000002,0.00923204290583534,0.005109200739699337,500,1.0,False,,0.0,0,-0.1290039428939938,-0.12455313429906156
1564017,E1,E,0.65792,43.04337,0.1608,0.99609,6.612773,-42.903027,10.647,0.012693108500124924,0.00344513588897594,0.006853851769745497,-0.0034087158807695576,0.01973879192490728,-0.007536149420742093,0.6750000000000002,0.009247972611148984,0.005120764419866765,500,1.0,False,,0.0,0,0.08769731350733527,0.09214812210226753
1333949,E2,E,0.65927,42.92479,0.1522,0.99999,9.689747,-43.753551,11.261,0.0248749849504559,0.015597951390423914,-0.0025239453618719136,0.018121896752295828,0.018670715139841136,-0.0344952675302873,0.6750000000000002,0.009277033560031987,0.005141860322874912,500,1.0,False,0.023184894562066453,0.9769975786924939,0,-0.036235785727561545,-0.03178497713262929
1639025,E2,E,0.6619,42.92854,0.1186,1.0,10.120682,-43.370441,10.206,0.00599235020679797,-0.003341298386983861,-0.0012704132831294892,-0.0020708851038543728,0.015278346835397789,0.007521013843972024,0.6750000000000002,0.009333648593781831,0.005182958267253747,500,1.0,False,,0.9964943032427696,0,-0.04288441876197775,-0.038433610167045495
1286337,E1,E,0.66296,42.74686,0.1906,0.99996,7.156637,-42.362389,9.021,0.00955410428530323,0.0001976374649910427,-0.0006669026181412921,0.0008645400831323331,0.021730745789516313,-0.0004867599499309115,0.6750000000000002,0.009356466820312187,0.0051995224577638475,500,1.0,False,0.07140279982681481,0.0,0,-0.2287443470787512,-0.22429353848381894
1910032,E1,E,0.66455,43.06804,0.1832,1.0,7.548263,-43.084621,9.259,0.003693200277495934,-0.005697493882611786,-0.0038834815342243326,-0.0018140123483874537,0.007839676061170187,0.01284253860044459,0.6750000000000002,0.00939069416010772,0.005224368743528998,500,1.0,False,0.029827881409389908,0.0,0,0.0861777178268223,0.09062852642175456
1303658,E1,E,0.66788,42.89247,0.1446,1.0,8.524752,-42.873413,11.087,0.0044248294258733625,-0.005037548408145761,-0.003149059480853296,-0.0018884889272924648,0.012423975792849918,0.011307594987868522,0.6750000000000002,0.009462377834019124,0.005276405304282427,500,1.0,False,0.03985898266062306,0.4011893870082342,0,-0.10245229061452828,-0.09800148201959602
1302738,E2,E,0.67783,43.0151,0.1593,1.0,10.060977,-44.952312,11.268,0.00103773228921421,-0.008639763295145807,-0.00444458271730129,-0.004195180577844515,0.00511148249496321,0.019298608079777502,0.6750000000000002,0.009677495584360016,0.0054413410059336986,500,1.0,False,,0.7870239774330042,0,-0.018477721060803653,-0.014026912465871396
1433108,E2,E,0.68283,43.29628,0.1576,0.99994,8.968894,-44.306686,11.044,0.003975317171049004,-0.005811450768910074,-0.002653749015208902,-0.0031577017537011715,0.009753365337330682,0.013075271066793001,0.6750000000000002,0.009786767939959078,0.005536172006864484,500,1.0,False,,0.9696292987941045,0,0.2434819479994143,0.24793275659434655
1303910,E2,E,0.68456,43.28773,0.1919,0.95747,9.1016,-43.936481,9.551,0.0007460860349888417,-0.00907849014000751,-0.004581822346207396,-0.0044966677938001135,0.005529060440278087,0.020256965169251767,0.6750000000000002,0.009824576174996352,0.0055689835331865336,500,1.0,False,,0.9242902208201893,0,0.228313078754611,0.23276388734954323
1313434,E2,E,0.69071,43.13108,0.1489,0.99999,9.894939,-43.14082,9.84,0.0035684147426844138,-0.006390566429698785,-0.003015569096708223,-0.0033749973329905607,0.010474849215452102,0.014333631561515531,0.6750000000000002,0.009958981172383198,0.0056856256643314,500,1.0,False,,0.9869802603947921,0,0.048262593318292676,0.05271340191322493
1260954,E2,E,0.69873,43.06474,0.1572,0.99997,9.858153,-44.263214,9.726,0.10721843721269002,0.09708418318192592,0.0005874982175545392,0.09649668496437139,0.011389951133904149,-0.22395667995798627,0.6750000000000002,0.010134254030764091,0.0058377345898243775,500,1.0,False,0.17738545854844504,0.9630425440481306,0,-0.04829494937319974,-0.04384414077826748
1891055,E1,E,0.70652,43.36649,0.1779,0.99959,7.262928,-42.372368,9.715,0.002535516854975872,-0.007768983505811557,-0.004220031632747824,-0.003548951873063733,0.012136782706978466,0.017333049363474223,0.7250000000000002,0.010304500360787429,0.005985481289274541,500,1.0,False,,0.0,0,0.20054258654109589,0.22887174773634356
1432102,E2,E,0.71803,43.11022,0.1901,0.6935,10.46507,-43.936871,11.054,0.005443160637419411,-0.005112884685957055,-0.003975153175758417,-0.0011377315101986363,0.006385783179235302,0.011667555874509721,0.7250000000000002,0.010556045323376466,0.006203782253417205,500,1.0,False,,0.4586864406779661,0,-0.09806859954081062,-0.06973943834556295
1304841,E2,E,0.74126,43.48113,0.1829,0.99994,10.004323,-44.418732,11.05,0.007858156217676032,-0.0031868729746539863,0.000689281891629861,-0.003876154866283846,0.015268271104399336,0.007266824181861083,0.7250000000000002,0.011045029192330018,0.006559177766265853,500,1.0,False,,0.9397321428571429,0,0.1893387703298461,0.21766793152509378
1304362,E2,E,0.76177,43.54985,0.1725,0.99996,9.36486,-44.240421,10.953,0.005981743456666826,-0.005487938859257648,-0.0008862515316002137,-0.004601687327657434,0.011077712180305982,0.012470524050012052,0.7750000000000002,0.011469682315924474,0.006840718634087112,500,1.0,False,,0.9627507163323782,0,0.21348387072573635,0.2147325032221461
1249178,E1,E,0.76517,43.48166,0.1567,0.9999,6.957376,-43.081135,10.807,0.003878253739419744,-0.0076618245111815305,-0.00489345085419802,-0.0027683736569835103,0.010317436243458739,0.01723718070982924,0.7750000000000002,0.011540078250601275,0.006887390450303217,500,1.0,False,,0.0,0,0.13359559112879302,0.13484422362520276
1576034,E2,E,0.76675,43.62563,0.1375,0.99996,9.62047,-44.509083,10.342,0.012858165623705889,0.0012853739681665706,0.004920116152094128,-0.003634742183927558,0.024868434425109765,-0.0029190152044794027,0.7750000000000002,0.011572791655539318,0.006909079117838936,500,1.0,False,,0.9980168567178979,0,0.2721464112517585,0.27339504374816825
1303881,E2,E,0.77004,43.35937,0.1482,0.99996,9.507322,-44.080326,10.798,0.004699404078413251,-0.006941505996269203,-0.002617213426366498,-0.004324292569902705,0.008906545174178384,0.015703189095823945,0.7750000000000002,0.011640910074682454,0.0069542409635304,500,1.0,False,0.05815687781067091,0.9081177520071365,0,-0.005363287027544546,-0.004114654531134795
1339327,E2,E,0.7725,43.44308,0.1481,0.99999,10.015443,-43.458477,9.864,0.004549155667168215,-0.007142687936721571,-0.00374834990378817,-0.003394338032933401,0.010810145365411672,0.016107096723678032,0.7750000000000002,0.011691843603889786,0.006988009395263227,500,1.0,False,,0.9702276707530648,0,0.06996539818530087,0.07121403068171062
1307073,E1,E,0.77464,43.27274,0.1849,0.99289,7.700468,-43.781574,9.176,0.006097410446516027,-0.005638741186846805,-0.0017036624509356993,-0.003935078735911105,0.0011845830874367268,0.012952863820983467,0.7750000000000002,0.011736151633362831,0.007017385185469834,500,1.0,False,,0.0,0,-0.10764470324615397,-0.10639607074974422
1343542,E1,E,0.78512,43.03054,0.1291,0.99775,8.073568,-43.21093,10.728,0.03766327208113619,0.02571566643234163,0.010068197441506204,0.015647468990835425,0.022557868040228853,-0.05725163251977427,0.7750000000000002,0.011947605648794563,0.007146946520697479,500,1.0,False,0.3160123689163754,0.0,0,-0.38516961522730736,-0.3839209827308976
1318158,E2,E,0.78604,43.58471,0.1448,0.99801,10.231506,-43.54594,10.899,0.00726194141932638,-0.00470420971385279,0.0006666408743568218,-0.005370850588209612,0.013461595212485333,0.010729672637648704,0.7750000000000002,0.01196615113317917,0.007158275576471175,500,1.0,False,,0.9958281184814352,0,0.16592116444990998,0.16716979694631973
1302705,E2,E,0.79229,43.39748,0.1293,0.99986,10.175754,-43.575714,10.236,0.002349161721373132,-0.009742977756810154,-0.004318788947898921,-0.005424188808911232,0.0024521270563516028,0.021928563098745704,0.7750000000000002,0.012092139478183286,0.007235239270585953,500,1.0,False,,0.9867860187553282,0,-0.04213552543411462,-0.040886892937704866
1334321,E2,E,0.80326,43.2821,0.1337,0.99309,8.71515,-44.801826,9.737,0.016829959076777267,0.004516684855442765,0.0007028946216485572,0.0038137902337942063,0.012602564877114678,-0.00947989375832975,0.8250000000000003,0.012313274221334502,0.007370325946496207,500,1.0,False,,0.9883381924198251,0,-0.21113816663595555,-0.19243992708820046
1309696,E2,E,0.80954,43.72414,0.1434,0.99989,9.209031,-43.436085,10.743,0.0038500770117457887,-0.008589790298648849,-0.005993690480584845,-0.0025960998180640047,0.008755477551688259,0.01937614211165436,0.8250000000000003,0.012439867310394637,0.007447659066342736,500,1.0,False,,0.9766999524488825,0,0.21040886756085728,0.22910710710861237
1600036,E1,E,0.81396,43.61778,0.1746,1.0,7.331606,-43.519558,11.205,0.007503889559655909,-0.0050250767083256384,-0.0007529476601027367,-0.004272129048222903,0.01831630091004586,0.011321307620114213,0.8250000000000003,0.012528966267981547,0.007502087790820707,500,1.0,False,,0.0,0,0.0897177683540342,0.10841600790178929
1898053,E2,E,0.81485,43.63286,0.1297,0.99994,10.005988,-44.380833,9.853,0.005841394281404016,-0.0067055127269061154,-0.0026069395039214323,-0.004098573222984682,0.016006039696519085,0.015083111947304018,0.8250000000000003,0.012546907008310132,0.007513047420862649,500,1.0,False,,0.9263018534863195,0,0.10192123432078334,0.12061947386853844
