CID,survey,zHD,rvar_gal_cl,rvar_gal_tot,rvar_cl_cl,rvar_cl_tot,var_zp
1317666,des:X,0.14136,8.617730703131723e-10,1.436388401079456e-09,2.2224692623909214e-09,2.0753195697396744e-09,3.9175936925643477e-10
1296657,des:X,0.14624,1.6438094925030871e-06,1.547628010142619e-06,5.2447900600336504e-09,3.382107281255606e-09,4.400435368521354e-10
1530193,des:X,0.14802,1.2654808056454635e-07,2.0117842538546318e-07,1.594588801737902e-08,7.030862136896616e-09,4.583535850549936e-10
1277173,des:X,0.1494,2.981748887223122e-07,2.1551358877655803e-06,3.565226393713953e-12,2.7584373630135643e-12,4.728058493190089e-10
1247420,des:X,0.15026,5.182435143710362e-09,2.6134956189327757e-08,6.490611809785419e-13,1.1882823136618582e-12,4.819257900816454e-10
1317164,des:X,0.15459,1.679334737822653e-06,1.63391250741639e-06,2.6615090156119442e-12,5.588251808583031e-13,5.291671832858985e-10
1770639,des:X,0.17623,1.6827529095830132e-09,5.895930211432865e-09,5.050849361384765e-09,8.035651461900795e-09,7.990631228828675e-10
1298893,des:X,0.19616,4.459238974049243e-08,5.8592243903308494e-08,5.475325553724481e-10,1.2049581319238466e-09,1.1092107740767791e-09
1334620,des:X,0.19624,1.7395027291223175e-08,2.9439969516751313e-08,7.300580836780267e-10,1.0548472034471855e-09,1.1105579772468584e-09
1922067,des:X,0.19771,8.618127015796182e-09,3.7970790257153726e-08,4.08869105691067e-11,2.2753537308113116e-11,1.1354583805895725e-09
1309013,des:X,0.2126,8.717947738515528e-09,1.992392337218677e-08,1.6899512959083895e-09,3.6184799761170384e-09,1.4032414402095331e-09
1292805,des:X,0.21415,3.1789522116111874e-08,3.0109509047246907e-06,1.182656307563608e-10,1.389123352610027e-10,1.4327445042688696e-09
1282114,des:X,0.21781,1.0555969697068917e-07,4.3531875983407886e-07,2.470515022851403e-09,6.932660271783087e-10,1.5036278601506169e-09
1295062,des:X,0.21839,4.397689933006127e-08,4.713103755789054e-07,5.126401092944848e-10,4.091687919876207e-10,1.5150178294557268e-09
1250912,des:X,0.21898,1.3560662772040065e-07,1.1765931339077435e-07,1.139041896827505e-09,1.657828794845974e-09,1.5266482722428713e-09
1292560,des:X,0.22482,9.038894570752589e-07,1.4097791306729466e-06,3.1317353638730255e-10,1.2643358388155208e-10,1.644168623414688e-09
1248039,des:X,0.22566,1.246122457103766e-09,1.107017420400316e-08,1.146880568681931e-08,2.339826027191241e-08,1.667588713796317e-09
1288083,des:X,0.23048,3.4433882164396156e-08,4.902563603042109e-08,2.0558345067385534e-09,1.0364778699045557e-09,1.8152271074535287e-09
1291149,des:X,0.23057,1.110564950603594e-09,5.950428406138004e-09,4.896020662093944e-09,9.62378147389586e-09,1.8180433884097087e-09
1262746,des:X,0.23079,8.079592405409701e-10,2.828302772207929e-09,1.0538676243274733e-09,8.635481179975073e-10,1.8249368209199005e-09
1310367,des:X,0.23332,1.9187337656108474e-09,6.69346949874548e-08,1.0028844023130315e-05,1.3577705513618703e-05,1.9051488405820655e-09
1336687,des:X,0.2338,3.9380343175275834e-07,6.043115773980004e-07,1.2486409609767908e-09,2.355124101873048e-09,1.920561622776601e-09
1279500,des:X,0.2347,3.129108265010405e-10,1.5726914249035755e-07,2.1978255979180005e-08,2.1933307240883376e-08,1.9496279529388683e-09
1317277,des:X,0.2371,2.527804352359802e-09,3.190268252812403e-09,5.1891996132247636e-08,5.217060175505235e-08,2.0282054125106313e-09
1373042,des:X,0.2372,7.441550283483305e-07,5.100363070127171e-06,1.5583862464008386e-09,2.519707909682082e-09,2.031513161640728e-09
1434248,des:X,0.23734,4.4139496636328194e-09,3.2195266985931604e-08,1.0603334053500506e-09,4.58388410124948e-10,2.0361485381325107e-09
1840041,des:X,0.23891,3.721013101654311e-09,2.411389666138759e-08,3.804494240108133e-10,7.414040091375255e-10,2.0884927465758095e-09
1319711,des:X,0.24171,2.826074554944152e-08,6.386067031308263e-08,8.242039224482703e-09,1.817675195117996e-08,2.183494315880142e-09
1334645,des:X,0.24701,3.3112675137460995e-07,9.61873244497448e-07,1.3045639989463857e-06,2.921609212716187e-06,2.369103672304979e-09
1901059,des:X,0.25126,1.6706059606418186e-09,6.136850661635422e-09,1.988900362483331e-09,2.2192986847963694e-09,2.523410661654026e-09
1367234,des:X,0.25173,4.901690624553983e-09,1.40659230287421e-08,4.779107060216962e-09,6.055733122812879e-09,2.540774135928229e-09
1305276,des:X,0.25286,4.543240901692772e-11,1.0101343289871198e-09,1.4600196561453272e-10,2.0913279332202956e-10,2.5827639952022754e-09
1262726,des:X,0.25378,4.91963695224952e-08,9.441733610206704e-08,7.65830376257048e-06,7.722946501502766e-06,2.617204573946695e-09
1373028,des:X,0.25517,8.256025096433312e-07,1.2374215990885926e-06,3.338040348713774e-07,3.180774144759505e-07,2.6696724754176513e-09
1297026,des:X,0.25854,1.3230668408767355e-08,1.458606997691399e-07,1.7569265847247418e-09,3.630839062635324e-09,2.799040430435192e-09
1697026,des:X,0.26046,1.4105886568201127e-08,9.395161576413067e-08,4.893228808880915e-07,4.591480635260786e-07,2.8741142773846958e-09
1373040,des:X,0.26162,4.252795395686703e-08,5.206550831011604e-07,9.540546991168127e-09,1.0793302855075975e-08,2.9199528396919735e-09
1910132,des:X,0.26271,5.572665334213699e-09,1.835576866577662e-07,8.414736235567075e-09,1.421068612731916e-08,2.963355764226242e-09
1434201,des:X,0.26317,2.261679544302374e-09,1.3275038270537066e-08,5.0316410616853394e-06,4.208658224897354e-06,2.9817686738366215e-09
1892103,des:X,0.26584,6.29227607901234e-07,4.732011982600574e-06,2.59690931294066e-08,2.0136616362570657e-08,3.0897697521633264e-09
1366690,des:X,0.27119,3.381787532484912e-06,6.753046672537274e-06,7.246435860153959e-08,3.92416858437569e-08,3.3119582652967393e-09
1278493,des:X,0.27237,4.383694548838993e-08,7.288956418690386e-08,8.59895268692537e-09,1.0839634063832178e-08,3.362002657632879e-09
1368133,des:X,0.27618,1.7151919308002574e-07,2.835431114833492e-07,1.0689642497589302e-06,1.2303377664263853e-06,3.5442220485775056e-09
1792093,des:X,0.27659,1.2150029764077987e-06,1.2684568194841443e-06,1.816724402745315e-08,3.525499116331249e-08,3.568471419660825e-09
1503024,des:X,0.27694,3.247129657839899e-07,5.682856765417946e-07,3.936461210817486e-08,3.53657270432313e-08,3.5892375134831705e-09
1291242,des:X,0.27905,2.801336089469354e-08,1.3879266990358712e-07,7.487020058977284e-09,5.649088779154703e-09,3.715703796872659e-09
1255576,des:X,0.2801,6.532404384055135e-08,5.516117649827784e-07,1.7451606315755732e-10,1.5709946129745808e-10,3.779453173970412e-09
1248084,des:X,0.28063,1.5760653654006477e-08,1.4806357465717709e-06,1.2845254877838097e-07,1.1028241953861838e-07,3.81183735327932e-09
1312897,des:X,0.28578,5.462342066279825e-09,3.377468359511946e-08,2.376488026541311e-10,5.138585129381682e-10,4.133707076344352e-09
1334644,des:X,0.28805,2.0106544339962617e-09,1.2468912807487357e-08,9.190186923917317e-10,8.705543159615794e-10,4.2797216558547355e-09
1313594,des:X,0.28834,5.933117190805338e-07,1.4787246724450494e-06,5.290832493876699e-08,4.832412547425185e-08,4.298558061972425e-09
1457045,des:X,0.28848,2.7203740156511942e-08,7.32270557136601e-07,1.1148316449819214e-06,1.0778284415492945e-06,4.307666302993793e-09
1334597,des:X,0.28895,2.523354980535355e-08,8.428753066420007e-08,4.5585662353153434e-08,1.0633445897389467e-07,4.338314470740093e-09
1861178,des:X,0.29093,1.2909650997314628e-07,2.104635950220257e-07,6.454570272214076e-08,9.5304496400785e-08,4.468620922040945e-09
1340706,des:X,0.29323,4.4785338587708585e-09,3.9226200228078855e-08,2.180212841623422e-09,1.247782239526616e-09,4.622407707710303e-09
1266255,des:X,0.29358,1.1379662497440923e-07,2.752773459886236e-07,8.58005767313698e-07,1.784752533632331e-06,4.6460381231539596e-09
1256680,des:X,0.29438,4.48234664270882e-07,1.2884355587519563e-06,8.663142659300584e-10,1.6831664812492573e-09,4.7002767355062815e-09
1250665,des:X,0.29461,8.446376699734746e-09,2.4776769490901316e-08,8.240730370750323e-06,9.381989154624844e-06,4.7159285918622826e-09
1310432,des:X,0.29471,7.728400408071243e-07,1.727396005021321e-06,0.00016384035328401194,0.0001673353260237186,4.722741861721956e-09
1299503,des:X,0.29498,6.328293476138295e-10,2.686957620553549e-09,1.051204851632496e-05,2.0309599674055806e-05,4.7411622564259126e-09
1300703,des:X,0.29571,5.5497269646918145e-09,4.120519061999518e-08,1.9562960183018127e-07,1.8338538991905672e-07,4.791145057724569e-09
1295436,des:X,0.29584,4.66296587775534e-09,1.8357012401193652e-08,1.3325173642157364e-06,2.0913568855245533e-06,4.8000735969036804e-09
1293319,des:X,0.29686,1.437697937022685e-08,2.811101149714954e-08,2.3958631980272096e-09,5.705680262467126e-09,4.870416737523316e-09
1901115,des:X,0.29874,1.844621110159197e-07,2.6665611914637495e-07,4.850887914622535e-09,3.440029064803305e-09,5.0014094841327786e-09
1293275,des:X,0.30179,1.8077815063654032e-08,3.5321556763895023e-08,1.5093955838058155e-08,1.9263943447983045e-08,5.217621888992711e-09
1321006,des:X,0.30244,3.317144203796667e-08,1.1127054503544515e-07,1.2378444628357706e-05,1.252388891508592e-05,5.2642913481796404e-09
1339002,des:X,0.30251,4.856201296709181e-07,3.3855453890896024e-06,7.530200451014006e-10,5.808837185927564e-10,5.269329683637164e-09
1334654,des:X,0.30259,4.6511446613870785e-08,1.882526869814544e-07,1.9755316109446043e-09,4.869502155097553e-09,5.275090732184535e-09
1659022,des:X,0.30317,7.660405852482313e-10,6.304922893000032e-09,6.890864337793926e-10,7.807067076416179e-10,5.316952467247125e-09
1259412,des:X,0.30477,4.3277717333819355e-08,1.423219872090157e-07,1.4586644591428873e-07,1.302936009443409e-07,5.433290838379035e-09
1849051,des:X,0.30546,1.9549427424720077e-05,4.1891324485557506e-05,1.9067034085720887e-09,2.1873331917488613e-09,5.4838503181580115e-09
1368131,des:X,0.30694,6.740720333959725e-09,2.866655807754956e-08,1.3844320449709893e-07,2.6136709614222484e-07,5.593086492615952e-09
1777124,des:X,0.30743,5.172528924168841e-09,3.823975439979715e-08,1.0177201664593605e-07,9.238000118326552e-08,5.629489897117586e-09
1292767,des:X,0.30893,8.148038815803217e-11,1.353605139089635e-09,2.153815193836796e-08,1.0709894525853167e-08,5.741662922086497e-09
1650024,des:X,0.30994,3.0333605723895e-07,7.829627448666814e-07,5.886787587247333e-11,4.628321052426633e-11,5.817816157056633e-09
1848053,des:X,0.31016,7.300655246811413e-07,3.0960352348056196e-06,2.622601002258542e-08,2.2413833351360676e-08,5.834470532778699e-09
1300516,des:X,0.31042,5.640816490646983e-08,9.773931042768882e-08,1.0845196677665373e-10,1.3248332582979997e-10,5.854183665973226e-09
1321338,des:X,0.31048,3.624817386410588e-09,1.1289536313046256e-08,8.007833374823659e-10,2.1290120329520922e-09,5.858737571966109e-09
1264434,des:X,0.31075,2.729006593905498e-07,1.451532811238433e-06,1.8193504499046167e-07,1.825073707916703e-07,5.879252059223612e-09
1337838,des:X,0.31194,1.1100219624756276e-07,3.3148421890086703e-07,7.582219908644584e-09,2.811981073036728e-09,5.9700950006766846e-09
1294743,des:X,0.31257,4.580799272713578e-06,1.2717502135132935e-05,3.054274023952096e-09,1.8292464817450904e-09,6.018470279282193e-09
1662023,des:X,0.31268,9.617903508083761e-08,1.2709054296175283e-07,9.113387491218233e-09,2.6603117207767918e-09,6.0269367733072486e-09
1321365,des:X,0.3127,4.573069788912333e-07,6.712402058284483e-07,3.300636374684889e-07,4.138194080594407e-07,6.028476775215018e-09
1283878,des:X,0.31286,2.2913026325542667e-07,3.820535557122077e-07,2.5814859857265375e-06,2.512119721062825e-06,6.040803872588277e-09
1341894,des:X,0.31293,3.187328509024695e-05,7.445560920385309e-05,4.612337699347989e-07,1.6695134034832339e-07,6.046200936787996e-09
1913214,des:X,0.31615,1.264496635162225e-08,2.2918126782149546e-08,2.8661207283488054e-09,3.2913629235848828e-09,6.297070976704983e-09
1345553,des:X,0.31794,1.6254830471464655e-06,2.8935178621412026e-06,3.170807893424952e-07,5.465001318234866e-07,6.438735054701831e-09
1259615,des:X,0.32008,1.9852273467924014e-06,4.750802049676326e-06,3.601728072722717e-07,3.896259343033294e-07,6.610166937556642e-09
1293366,des:X,0.3204,1.29675683540656e-07,2.67937259204191e-07,1.1809999569642281e-07,1.1983706189838607e-07,6.635995189408718e-09
1566028,des:X,0.32059,0.00011089398291791419,0.0003576679326013581,1.7853371976862376e-09,2.3246882658654983e-09,6.651354542307958e-09
1246527,des:X,0.32078,5.099048386217659e-08,1.5378477539143066e-07,7.80583846727229e-08,2.9683117897834747e-08,6.6667316496732925e-09
1261579,des:X,0.32214,2.959013116970005e-09,9.782691635501665e-09,8.678143029560578e-08,2.0978653824271606e-07,6.777317736944265e-09
1310396,des:X,0.3225,3.643599778670414e-09,2.548685312260661e-08,1.1213438125923412e-08,9.759812804875041e-09,6.80674279020042e-09
1891147,des:X,0.32274,2.09427730523475e-06,2.712413934193264e-06,1.791310981047075e-07,3.478396401799804e-07,6.826394902940439e-09
1340700,des:X,0.3255,2.4315916589102472e-08,4.447394295308129e-08,3.582649338699039e-09,2.1557302907349274e-09,7.058158101115068e-09
1305626,des:X,0.32572,2.6245580268454674e-06,1.0021595456608181e-05,1.4045488009303157e-07,1.1961875030905596e-07,7.078143565586066e-09
1314071,des:X,0.32707,3.8565800733499045e-09,1.4920384863809306e-08,5.93573328879585e-06,6.5748648402010245e-06,7.20140030150173e-09
1259511,des:X,0.3271,6.785784611029974e-10,1.7950826070475308e-09,1.5527914594642313e-06,5.76444959424141e-06,7.204151424277149e-09
1306073,des:X,0.32858,1.0306466425736316e-06,1.3104696058122948e-06,2.12740166403202e-08,1.784938942146391e-08,7.3405257944636806e-09
1266808,des:X,0.3293,1.8017175704421504e-07,5.665202091470815e-07,7.161190991317089e-09,8.163962803454772e-09,7.407332434645445e-09
1301933,des:X,0.32959,1.227153856012356e-06,3.189243070395308e-06,1.3793434568643402e-07,1.299990463992367e-07,7.434326158970195e-09
1338675,des:X,0.33047,1.4026031864336038e-07,4.4074786508163805e-06,7.031012812045903e-07,7.988101894666898e-07,7.516538678816267e-09
1321276,des:X,0.33121,2.1452873409947896e-06,3.046842047086734e-06,5.583121493588821e-07,9.685452810452186e-07,7.586021850527497e-09
1260241,des:X,0.33336,6.764782701293202e-08,1.2958217588190289e-07,4.510706220166622e-08,2.8703548095387174e-08,7.789712284746581e-09
1295024,des:X,0.33386,8.022536908021903e-06,1.7373658669265903e-05,1.3193532014530497e-07,1.146747456821608e-07,7.837468905932817e-09
1480038,des:X,0.33423,8.320870109994064e-06,7.5854398942110005e-06,2.3633110071787648e-09,1.5415537120039868e-09,7.872902764640799e-09
1531112,des:X,0.3347,2.0759818251593452e-07,4.903360936823482e-07,6.136180914682644e-09,1.0659624557098319e-08,7.91802857964713e-09
1929216,des:X,0.33584,1.1905784590922268e-05,1.596149183718532e-05,3.446465352268544e-08,3.502746848896191e-08,8.028018416978228e-09
1314897,des:X,0.33662,1.5667163047920546e-10,1.3562653791701416e-08,8.903023162287579e-08,1.5029988059214104e-07,8.103711754250528e-09
1368530,des:X,0.34224,3.5028424945468145e-09,3.390725292583573e-08,1.8326803769964074e-10,2.614933112675983e-10,8.659590612741036e-09
1876421,des:X,0.34313,4.810781380566668e-07,1.3140095133807247e-06,1.0847954249311587e-06,5.508270432880866e-06,8.749312425443204e-09
1531108,des:X,0.34387,1.6049114047011936e-07,8.241884508690228e-07,2.0763234666947817e-08,2.7762562538137238e-08,8.8242646606847e-09
1776135,des:X,0.3441,5.432221274019589e-06,1.0507786749908832e-05,1.4791068731755155e-05,4.952819387920888e-05,8.84762574610081e-09
1323106,des:X,0.34417,4.2549957215551644e-08,3.20920580891424e-07,2.712487765554653e-08,6.686450373883953e-08,8.854741771328305e-09
1948484,des:X,0.34436,5.148680211887674e-08,1.943380116315638e-07,1.9763033108483055e-09,1.6937315613274582e-09,8.874071116257692e-09
1329312,des:X,0.34478,1.9424761346391503e-09,1.0971790513540176e-08,1.0288480019169421e-06,1.2449221155955472e-06,8.916873923820379e-09
1292823,des:X,0.34565,5.55043414011153e-07,1.8716602133189687e-06,3.236298376308751e-07,4.6324849262673705e-07,9.005864469231716e-09
1770442,des:X,0.34578,3.853644586028307e-07,5.634962064773961e-07,7.470737995857801e-08,8.199495337621096e-08,9.019199852606383e-09
1254356,des:X,0.35129,3.367109207749257e-09,1.0938255084091224e-08,1.815791816544145e-06,4.393182501971208e-06,9.593485803457016e-09
1261503,des:X,0.35211,8.15483479344922e-11,3.7860267528254684e-10,1.6760736504141771e-06,3.0038228810257255e-06,9.680466304679706e-09
1256765,des:X,0.35267,3.1020584830379065e-08,1.950352570033612e-07,1.2562932092126736e-06,1.0225664962148001e-06,9.740093194313585e-09
1935471,des:X,0.35433,5.133797517540714e-08,6.145957759525731e-08,2.9550113338232855e-08,2.092574023970113e-08,9.917920000333798e-09
1260113,des:X,0.35469,7.148547756502261e-10,3.0607195899421083e-09,1.119896608745244e-08,5.024106229489578e-09,9.95669711142392e-09
1251552,des:X,0.35484,4.4029970773673686e-07,6.691264769352746e-07,1.3611863890108431e-06,2.6181716447517953e-06,9.972876570543974e-09
1331836,des:X,0.35667,1.8743534140061153e-10,5.838351197936763e-09,1.5094697190956604e-10,2.4891549119971084e-10,1.017132360197097e-08
1265281,des:X,0.36021,1.298272013739194e-09,9.02174995351076e-09,3.4100353277822854e-10,4.707817373847449e-10,1.0560753493924666e-08
1264512,des:X,0.36027,6.798076032695807e-07,6.732715851638131e-07,1.6743660065540645e-08,3.745191632617295e-08,1.0567417048565536e-08
1905244,des:X,0.36176,3.671573870758334e-07,1.9445844131310827e-06,1.5030103878555337e-08,2.4584724068988103e-08,1.073356943951306e-08
1333291,des:X,0.3646,2.9613031107947133e-05,5.3156341553899215e-05,7.522846620698464e-08,5.736094703408192e-08,1.1053852003268024e-08
1255735,des:X,0.36463,8.254536409427507e-07,1.795206436811576e-06,3.2991977885276165e-08,8.036120453411402e-08,1.1057260401418934e-08
1308582,des:X,0.36704,2.678431188131091e-08,8.236270181621984e-08,1.4753798746295265e-07,2.3362381519912312e-07,1.1332784809569574e-08
1918076,des:X,0.36966,1.3842286460275931e-08,1.053034221077509e-07,2.30206853733354e-09,1.0361633003791803e-09,1.1636164255405396e-08
1321973,des:X,0.37043,9.274077135081106e-07,1.3587350939332486e-06,1.4978963934964484e-06,1.3019656905205357e-06,1.1726087307789072e-08
1434203,des:X,0.37567,1.4622478505967748e-08,3.036183971848188e-08,2.9045349953995026e-07,5.525653172188176e-07,1.2373975460908686e-08
1282736,des:X,0.37797,4.164843436778467e-07,6.36469843414079e-07,9.681213678857515e-07,8.128486763528878e-07,1.2745054357146191e-08
1847100,des:X,0.3789,4.648249016574479e-08,1.7199905052261538e-07,5.980059934440305e-09,8.658637209522905e-09,1.2896655816574176e-08
1923060,des:X,0.38247,3.6593833594000826e-07,1.3774184890694078e-06,2.653513219660264e-10,2.0014250525737788e-10,1.3486934119144062e-08
1343401,des:X,0.38283,1.8427307415655163e-09,1.1389453191416113e-08,2.3850811103721377e-07,1.4636664598852116e-07,1.3547191080763814e-08
1879414,des:X,0.38889,7.113316360137217e-08,3.677564042582768e-07,6.067315776540198e-06,6.881505679865994e-06,1.4581675895975337e-08
1246626,des:X,0.39282,2.5445900712814693e-08,1.0270547407489945e-07,2.108900571095816e-08,1.1046871058046476e-08,1.5272898164387345e-08
1329198,des:X,0.39521,1.7736912199228384e-07,1.130770779386957e-06,3.108314456527136e-07,3.215101824453545e-07,1.5701086569930953e-08
1329615,des:X,0.4036,2.2201242578524204e-08,1.500510832423442e-06,7.747812131449125e-08,1.6717774887911326e-07,1.7251089923815212e-08
1530120,des:X,0.40467,7.469435377116843e-08,2.927657771915339e-07,2.46494361749117e-09,3.739939049372116e-09,1.7454011121067196e-08
1880632,des:X,0.40538,6.128849258140468e-08,1.2272924611831643e-07,5.315108868244709e-06,8.824151963194729e-06,1.7589314622303632e-08
1262588,des:X,0.40644,3.1684899662629864e-08,2.9610818145029234e-07,5.136513944217834e-08,4.919204740379052e-08,1.7792289212889536e-08
1292997,des:X,0.41447,1.6128520550884362e-08,8.32781782669516e-08,2.1913866659752343e-07,7.683410167217209e-07,1.936773970729912e-08
1896164,des:X,0.42068,7.71491900982216e-08,1.5525857064456346e-06,5.494621384755751e-08,1.0489216079885129e-07,2.063193574559045e-08
1337311,des:X,0.42131,1.2651059599586796e-06,3.647257174478606e-06,3.8799066760333443e-07,5.54834537313368e-07,2.0762420392178126e-08
1368143,des:X,0.42348,6.946543205682352e-06,5.0910049801922886e-05,3.862639483658263e-08,4.513548737413966e-08,2.1215015875878174e-08
1302523,des:X,0.42391,5.520917381909918e-07,5.450791542133101e-06,1.0887593034582757e-05,1.0936757668822857e-05,2.1305280003172153e-08
1311632,des:X,0.4242,3.600091752029279e-07,7.968840436719994e-07,1.0451789277717443e-10,2.489197091992555e-10,2.1366264002705005e-08
1305387,des:X,0.42467,2.504854559830538e-06,2.9484267308776636e-06,4.5680729142903854e-05,0.00010291827371856589,2.1465285228248395e-08
1632070,des:X,0.42513,3.5259711161543354e-06,4.2589360408482555e-06,4.3181462084399325e-08,2.9400549096099516e-08,2.1553518240132703e-08
1295027,des:X,0.42561,4.009104430975879e-07,2.0303235180592934e-06,1.4094714522941249e-08,1.367978616423194e-08,2.1622156221083094e-08
1338324,des:X,0.42602,2.148155889097053e-09,9.10156190604648e-09,3.6047997604380037e-10,3.351333539738969e-10,2.168087090399841e-08
1408068,des:X,0.42713,3.4372493134950225e-06,1.0510581625231516e-05,3.6565572423720037e-06,6.2265240023458555e-06,2.1840229692755805e-08
1336359,des:X,0.42821,2.2673112219044427e-08,5.887640353232015e-08,1.056374551551321e-09,8.576807718903205e-10,2.1995841561392843e-08
1265040,des:X,0.42981,6.186194018135968e-08,5.947933550747865e-07,2.5076339493727817e-08,9.531511189217282e-09,2.2227393052067705e-08
1260107,des:X,0.42982,3.6995557994336634e-07,9.98599515643856e-07,6.587482817076596e-10,1.503498184686663e-09,2.222884406132874e-08
1260159,des:X,0.43034,1.5814868651707766e-07,3.2091542448864623e-07,8.612174161352477e-08,9.445733284694059e-08,2.2304361804395074e-08
1916124,des:X,0.43071,2.1042164451383614e-09,2.1148074589539063e-08,7.826829747165374e-09,1.4946017778795453e-08,2.2358173560633684e-08
1317526,des:X,0.4316,3.037514348304303e-07,1.650090721875326e-06,4.009149150581563e-09,4.901726034369995e-09,2.2487878195021978e-08
1367571,des:X,0.43311,1.8233452176749503e-07,3.0520178460375637e-07,5.227870588938069e-09,4.187393520063878e-09,2.270879702209614e-08
1310485,des:X,0.43313,3.562378448323074e-08,1.4820502455640054e-07,6.455062006955807e-08,8.506638703393054e-08,2.271173034528943e-08
1314067,des:X,0.43365,7.198276005575959e-08,7.486509243763505e-07,1.477907387113223e-07,2.525269038695665e-07,2.278806324112115e-08
1660018,des:X,0.43435,1.011132751820677e-08,4.773843964609113e-08,1.8170800070904207e-06,1.146210052746592e-06,2.289102128775959e-08
1909346,des:X,0.43448,3.1761723317852143e-07,1.0621113721817795e-06,3.552864585521012e-09,3.74055118228229e-09,2.2910167618333683e-08
1321166,des:X,0.4351,7.349869856431651e-09,9.362611368073932e-08,2.1526886686682372e-07,2.826096708441735e-07,2.300159099820086e-08
1501097,des:X,0.43587,4.4581465251158795e-08,6.167222957528529e-08,5.635893131783792e-06,8.87757651778176e-06,2.311538638240464e-08
1313698,des:X,0.43619,1.4249250215508214e-06,5.276398356493648e-06,3.941056384043395e-09,1.8466084107792106e-09,2.316276056571928e-08
1256701,des:X,0.43629,3.5332835507630597e-06,1.6225086371848108e-05,1.6486281246296128e-07,1.3456365880826114e-07,2.3177574943513614e-08
1316831,des:X,0.43848,3.774829521793119e-08,7.18688885132911e-08,1.1467026754990418e-09,1.0844477584962145e-09,2.3503197381870288e-08
1334614,des:X,0.43941,8.358940676888749e-08,2.780862706742488e-07,2.9653700805259006e-06,4.0337635177174114e-06,2.364216249615071e-08
1310294,des:X,0.43967,1.1916311307839641e-07,9.884839964503089e-07,3.0870925927243282e-06,4.355430957236972e-06,2.3681086223449e-08
1904152,des:X,0.44025,2.4133250053686412e-06,6.356970090482807e-06,2.069687758225871e-06,2.5671414978270997e-06,2.376803144454283e-08
1256823,des:X,0.44084,3.801109044474082e-07,9.178710743142138e-07,5.639087957322326e-07,4.137472435146986e-07,2.385663918269749e-08
1641173,des:X,0.44364,1.640490328502429e-05,4.6163821010414566e-05,4.180735686950083e-08,4.665224857542105e-08,2.4279398167186112e-08
1645125,des:X,0.44419,8.557426242212757e-09,2.915455703816578e-07,1.6190674210463146e-09,1.1843701524135027e-09,2.4362876410523823e-08
1265089,des:X,0.44472,7.295888182433132e-08,1.3197841576357118e-07,1.7155397928939633e-06,2.919828221138908e-06,2.4443454624441065e-08
1251975,des:X,0.44647,2.2676566441200373e-08,1.2597541286631483e-06,2.204179094463314e-09,3.6149849904647472e-09,2.4710459587975774e-08
1253474,des:X,0.4467,1.3361080856589436e-06,1.784568341449809e-06,3.211126770725212e-08,3.7514158646812595e-08,2.4745659506618187e-08
1264499,des:X,0.44841,1.812042940920929e-07,8.10208009072321e-07,7.650839082531855e-09,8.628423669393727e-09,2.5008148802607167e-08
1255487,des:X,0.45012,1.4543301407145535e-06,3.372205625817144e-06,9.639925015903177e-09,1.1741216334562448e-08,2.5272022939523257e-08
1367556,des:X,0.45115,1.8446508180275272e-07,1.286269775105069e-06,1.4182954772958588e-09,1.3767595329641716e-09,2.5431632961880878e-08
1252829,des:X,0.45168,3.069888751799332e-08,5.039766832846359e-08,4.5936146957985474e-10,8.123960953669081e-10,2.5513958175287426e-08
1552028,des:X,0.4518,2.842795007229525e-08,5.9455921182734307e-08,3.1190404760855486e-09,1.6589670864219372e-09,2.553261631647598e-08
1337267,des:X,0.45318,8.180630326149861e-06,2.8609259762767316e-05,4.12673464172496e-09,1.1907095092634232e-08,2.574767511160372e-08
1916143,des:X,0.45362,5.0930538931409426e-08,3.0453292701197013e-07,2.0009121035462933e-08,2.0743126619094366e-08,2.5816434210195905e-08
1253475,des:X,0.45412,9.926645711423723e-08,2.85771504452865e-07,3.3683693997076633e-06,9.806902518139903e-06,2.589468084447448e-08
1777122,des:X,0.45429,1.1452827499530424e-08,9.061385957074434e-08,1.1213426144615931e-06,5.985572676508746e-07,2.5921311671398622e-08
1937078,des:X,0.45525,6.755193895060088e-08,7.895514645394713e-07,2.4574915242518338e-09,3.0139792899515077e-09,2.6071954395821317e-08
1247537,des:X,0.45565,1.2973664615786765e-07,2.0704735992277717e-07,5.053870022921232e-06,1.5493281041667242e-05,2.6134851015671106e-08
1905184,des:X,0.45587,8.722437140642598e-08,4.519338343436573e-07,1.03025166110591e-07,1.6034162112035342e-07,2.616947645580762e-08
1531145,des:X,0.45675,8.133737773935422e-09,1.0147711745168317e-07,7.397171161942948e-10,6.318021090276289e-10,2.6308207436633698e-08
1531113,des:X,0.45694,3.875759662506163e-08,2.2887414087760037e-07,0.00032091239243382943,0.0003238605666178137,2.633820885757868e-08
1339875,des:X,0.45944,1.0467023162583664e-06,1.6087186916706715e-06,1.8063321517919378e-08,8.265700934446426e-09,2.6734556861568712e-08
1784110,des:X,0.45993,1.855002931952868e-05,1.8228626908007113e-05,1.3466380685428347e-08,2.1412002764959287e-08,2.6812588002814397e-08
1565032,des:X,0.46097,5.9326198330457e-09,3.229819883457519e-08,7.6953034954155e-09,5.569257355492937e-09,2.6978581911597933e-08
1338959,des:X,0.46167,6.061538190471867e-06,1.2715420984518417e-05,9.541151143025895e-07,1.6914045962824609e-06,2.709059700069969e-08
1366187,des:X,0.4629,9.365082244888396e-09,2.166884645612665e-07,1.563386542130644e-07,2.545918922531275e-07,2.7287985648713842e-08
1924089,des:X,0.46299,4.038171281390522e-09,8.31006204740472e-09,2.148735590693933e-06,2.345422688381868e-06,2.7302456852100122e-08
1924103,des:X,0.4638,2.8379687036858612e-08,8.365690510543079e-08,8.816616761748721e-08,1.8856840954282474e-07,2.7432870308167924e-08
1876431,des:X,0.46482,9.835070895384035e-08,5.675213457906018e-07,7.150572536310203e-08,5.960221181248859e-08,2.7597536667036247e-08
1595028,des:X,0.46523,1.286929236324854e-06,2.297168215302138e-06,1.8329262765607077e-05,6.288752313662645e-05,2.7663864920351185e-08
1797044,des:X,0.4667,3.2517921713472294e-07,7.227648712906588e-07,6.188398116687073e-07,3.896793238539539e-07,2.7902330389332285e-08
1262016,des:X,0.46694,1.3388553314602608e-08,8.704015247233994e-07,8.068553632940256e-07,9.957726033642776e-07,2.7941360708944158e-08
1317724,des:X,0.46775,2.3986531481112794e-09,8.13486631823068e-09,6.720192600964252e-08,4.747517945211285e-08,2.8073289434168868e-08
1255470,des:X,0.46877,4.0798206017063313e-07,6.596434191012336e-07,2.8286994194524323e-06,2.587243521236151e-06,2.8239863909753285e-08
1339149,des:X,0.46879,1.9450076331033806e-07,4.594922067158818e-07,1.1571075254176448e-07,1.923068580627709e-07,2.8243135001336304e-08
1901738,des:X,0.46975,3.2376663404613147e-06,3.6859155675953405e-06,9.271479067233317e-08,1.0013251689606188e-07,2.8400370176662017e-08
1311755,des:X,0.471,1.4200133980026902e-05,2.2606589920532183e-05,1.806583171628617e-07,1.0479270576493217e-07,2.8605757631804013e-08
1303317,des:X,0.47429,2.9433397483263337e-07,3.002188122770207e-06,1.0239931230995385e-07,1.4602186558523655e-07,2.914987436783942e-08
1901798,des:X,0.47577,2.0613435170536637e-05,6.283379957991869e-05,2.0898662131566387e-07,6.934361130647788e-08,2.9427691548897597e-08
1256332,des:X,0.47803,1.2429149397718199e-11,4.597580482564913e-11,9.82102193272091e-09,1.014718611398214e-08,2.98989938771034e-08
1291143,des:X,0.47819,1.0242905055191705e-07,3.125190135244136e-06,9.189120816047068e-09,8.918090453967564e-09,2.993250233387744e-08
1847216,des:X,0.47905,4.161398401459755e-09,9.47816334532564e-09,8.076383281733935e-08,5.1002741395153956e-08,3.011293180881474e-08
1847303,des:X,0.47964,1.2338191234669745e-09,4.737969764498182e-09,3.3600546270570753e-06,4.351512388259235e-06,3.0237028386770884e-08
1256817,des:X,0.47982,7.597110546944687e-07,3.5467454943742263e-06,5.980607406061171e-05,3.5025453105147665e-05,3.0274939160710415e-08
1329622,des:X,0.48607,8.382348277000254e-06,1.4565844289032645e-05,8.635873069112816e-09,9.446503406204967e-09,3.1606015386716115e-08
1876533,des:X,0.48981,1.3029709065282361e-08,1.4005183856023912e-07,6.047915319626723e-07,7.463965371858558e-07,3.2416225899525425e-08
1386047,des:X,0.49181,1.293170546550776e-07,6.806681649670003e-07,1.7540888372317682e-06,8.88591394030798e-07,3.28537013133452e-08
1280332,des:X,0.49219,3.809090529478957e-08,1.3205507957087275e-07,4.604628599684649e-06,1.0461729325825847e-05,3.293715313135021e-08
1896111,des:X,0.49243,8.249371578556688e-06,1.1870097939769786e-05,6.30895499645855e-09,3.970239180670173e-09,3.2989914082327723e-08
1305350,des:X,0.49263,8.825128590534543e-07,3.935767904771282e-06,2.1071822860837515e-06,2.4657200708535645e-06,3.303391379607987e-08
1250435,des:X,0.49292,9.069526139012159e-08,4.3904483287513157e-07,2.47237288175618e-05,1.5142305090653753e-05,3.309776546487996e-08
1258500,des:X,0.49383,2.0691986176485437e-07,8.186557907638467e-07,1.6863093084661054e-06,1.1107298935841022e-06,3.329852784834073e-08
1279488,des:X,0.49412,7.3063186691478606e-09,9.192513822474179e-08,3.298212982125274e-07,1.7170193877731795e-07,3.336263462174868e-08
1254299,des:X,0.495,2.5881198164072663e-06,6.119616437524089e-06,6.623892219594999e-07,1.0685608570015236e-06,3.355754289924838e-08
1305504,des:X,0.49559,2.5319777006560773e-08,3.2128167297830967e-07,2.629367315623979e-07,4.117757788059493e-07,3.3688537930975315e-08
1264375,des:X,0.49572,3.4546928896642425e-07,1.3942770500062588e-06,1.405723498348908e-07,1.1685131296127417e-07,3.371743555022192e-08
1303140,des:X,0.49592,1.6157547872280366e-06,1.552797545657984e-05,6.979225612153736e-07,5.920667328325468e-07,3.376191761694114e-08
1346758,des:X,0.4965,3.3089150952946795e-08,1.7199847184855847e-07,3.827231332081058e-07,2.7866081335681413e-07,3.3891081428419654e-08
1246529,des:X,0.49677,1.3761978996414504e-06,2.6169773398109737e-06,8.608911781493151e-07,1.3021991581585876e-06,3.395129352817053e-08
1293465,des:X,0.49801,4.985669612342254e-08,1.2886565992702819e-07,5.921666658443122e-07,9.652900948166545e-07,3.4228509461509945e-08
1901803,des:X,0.50262,8.44572983019598e-07,2.657311338821366e-06,6.597244166883451e-08,3.706940114329463e-08,3.526901151583202e-08
1337272,des:X,0.50275,5.041877124962946e-07,2.873716332319787e-06,7.59424645894218e-09,5.259081537083265e-09,3.529857907789793e-08
1293006,des:X,0.50436,5.761025390091487e-08,8.797052605591762e-08,1.459844635297809e-07,2.749403670317202e-07,3.566578875799355e-08
1323349,des:X,0.50491,1.713661436104639e-07,4.5063476583065237e-07,6.984726060555459e-07,5.96490870757971e-07,3.579166849582331e-08
1258289,des:X,0.50509,1.0481159191832124e-07,2.4984281301898376e-07,3.423497901839398e-07,7.098753589812014e-07,3.583291366292173e-08
1504096,des:X,0.50582,2.8029553032495277e-06,5.189674014170543e-06,3.37637059307758e-08,4.654434155517155e-08,3.600042921510718e-08
1697027,des:X,0.50621,1.2798857072596702e-06,6.983293781752817e-06,3.629516217360082e-08,3.3609167991540325e-08,3.60900839253113e-08
1263062,des:X,0.50827,2.4717949636699326e-06,3.658736656127299e-06,1.99594445968565e-08,8.007482485787234e-09,3.656549457722606e-08
1368482,des:X,0.50847,2.1411297563226076e-05,3.4721138090920767e-05,8.102020691685116e-08,6.956535751608611e-08,3.6611816622582436e-08
1341502,des:X,0.51064,3.9051532137481814e-05,6.74880998488812e-05,4.3240344056076805e-09,1.4205898527325782e-08,3.7116295839815516e-08
1291155,des:X,0.51089,5.679925628933738e-08,2.2171312577137874e-07,4.16691798047699e-08,5.280269970136884e-08,3.717463731571776e-08
1332392,des:X,0.51197,4.7684266675627265e-09,1.1434823534304927e-07,3.843069560210236e-08,6.24942452288316e-08,3.742719897473989e-08
1898108,des:X,0.51204,7.183806726237073e-08,6.562635365105748e-07,6.589864891487855e-07,3.9813856179393643e-07,3.7443598217533326e-08
1259538,des:X,0.51244,1.276452838167444e-12,2.403033091679012e-12,1.1410736642989378e-08,1.593700534055289e-08,3.753737708391378e-08
1883166,des:X,0.51351,7.123058841652562e-06,1.0599822716363714e-05,0.0002448032052485237,0.0005046688905524686,3.77888120659036e-08
1519027,des:X,0.51404,3.2839021980883063e-06,4.530568459241007e-06,5.981583796474004e-08,6.352922806538433e-08,3.7913665444184356e-08
1502029,des:X,0.51797,6.464583490018205e-06,1.009269510240739e-05,3.049824001397163e-09,7.872404813864824e-09,3.884588948044065e-08
1901257,des:X,0.51978,2.161198852507804e-08,2.574852330668459e-07,2.209629389535331e-06,2.827956203772534e-06,3.9279042415531134e-08
1314847,des:X,0.52053,4.286075427323764e-07,1.5168264022756746e-06,1.9574208650624735e-07,1.3965363631980914e-07,3.9459229412776976e-08
1258422,des:X,0.52105,7.434219616342169e-05,0.0001666155837080773,2.4668124741292208e-06,2.1479099510810314e-06,3.958440112035595e-08
1341459,des:X,0.52219,1.5593226240898925e-08,7.105075096305278e-08,4.2808718906356714e-05,6.473867551821701e-05,3.985950963836928e-08
1915184,des:X,0.5246,2.5892746099334295e-06,1.6536813767393998e-05,7.93988227337829e-08,1.7614660050725116e-07,4.044423454245317e-08
1258330,des:X,0.52473,2.0914164481207996e-07,3.5689892756266225e-06,1.774200368877639e-07,1.7013284435868708e-07,4.04758967479285e-08
1780287,des:X,0.52494,4.014903354772277e-07,2.8400402369541934e-06,5.751867552243501e-06,4.756709431079448e-06,4.052706955775633e-08
1295285,des:X,0.52513,1.1630398964390706e-06,5.265132427426576e-06,6.65012509122634e-08,1.920122405441851e-07,4.057467006499409e-08
1303197,des:X,0.52562,1.1677419335316422e-07,3.073826268148494e-07,2.2426013439472495e-05,0.00011795448649828314,4.0699076276597494e-08
1322229,des:X,0.52612,9.702090754454124e-06,1.1317211270017906e-05,3.039899805047672e-08,1.5018479752878703e-08,4.0826217689054835e-08
1514043,des:X,0.52706,2.6433791759108098e-05,3.829349341595134e-05,1.9833365363147354e-08,2.2513541788126367e-08,4.1065780331854116e-08
1302564,des:X,0.52716,2.1977142575823306e-06,2.238364820902302e-06,5.775944941248937e-07,9.945858540804682e-07,4.109130696191566e-08
1251536,des:X,0.52727,9.431992955292242e-09,9.331471668474871e-08,8.907618248547736e-07,9.794714888200156e-07,4.1119395415582094e-08
1250532,des:X,0.5277,2.6749742260893012e-08,3.630734323068204e-07,3.774704625157773e-05,0.00021489655923947367,4.122928781634057e-08
1259006,des:X,0.5279,1.893361064615943e-09,2.3535374933297878e-08,3.6226563778616274e-06,8.076312112160168e-06,4.128045052779079e-08
1262736,des:X,0.52929,1.951768151018444e-06,3.6382386972906613e-06,2.9808428639301457e-07,3.1356883981097766e-07,4.16369078157596e-08
1246758,des:X,0.53127,1.8201411432127178e-07,9.117976567054074e-07,4.3700923765275954e-07,4.984375296301723e-07,4.2147313222849184e-08
1278820,des:X,0.53127,1.3727128189584354e-07,2.419330787843025e-07,1.7425897797802371e-06,3.2855229511354813e-06,4.2147313222849184e-08
1770487,des:X,0.53644,1.4430528206991898e-08,1.45054285196346e-07,5.629135374924749e-09,3.4779458097333613e-09,4.349469759390374e-08
1291159,des:X,0.53976,2.31947875684808e-08,7.433852654473143e-07,1.996377255302173e-06,2.573630321437387e-06,4.4371120325577706e-08
1340728,des:X,0.54277,2.295216267281031e-06,3.4858863649979416e-06,1.5733654446226698e-07,1.87095709542587e-07,4.517326423420305e-08
1547048,des:X,0.54454,7.402986765867438e-08,1.8854572898485004e-07,2.0016460172984324e-08,2.0919954584581737e-08,4.564831199068826e-08
1906545,des:X,0.54806,8.052575639315919e-07,9.843375496551632e-07,1.092387814715925e-07,1.0652478838173666e-07,4.660042404860224e-08
1891082,des:X,0.54871,7.017613379633765e-08,8.52068110927411e-07,1.6363933928765235e-09,1.6978378555535402e-09,4.6777315079074894e-08
1331344,des:X,0.54993,1.774867928597699e-08,1.1420919940566225e-06,2.229227081075076e-09,1.458598196275678e-09,4.711023065459345e-08
1574062,des:X,0.5502,1.4590161910761455e-08,1.4243037642355812e-06,6.84718019992801e-08,4.641285699007751e-08,4.718406822900541e-08
1250925,des:X,0.55146,2.0694021098657434e-07,3.387499090692207e-07,4.308748277045556e-05,6.58797211405888e-05,4.7529408069983833e-08
1878756,des:X,0.55294,4.3570887986126154e-08,7.279688226462076e-07,3.907626045149295e-09,5.529356467357011e-09,4.7936653484898264e-08
1264631,des:X,0.55299,4.1370604965258186e-08,3.311020430787954e-07,4.6804882181669355e-06,4.856520277828427e-06,4.7950442112995655e-08
1366195,des:X,0.55313,1.7654783512454668e-06,1.5373688461595803e-06,1.7515053810552173e-08,2.3896615309300273e-08,4.798906082023792e-08
1316989,des:X,0.55343,1.1541817063191173e-07,1.3123802189229542e-06,0.006016827386406635,0.0045670212739920175,4.8071867539185714e-08
1439028,des:X,0.55424,3.3325562140425135e-07,1.4107833663159326e-06,8.618835232031766e-08,2.0720303941912063e-07,4.8295802229939694e-08
1246796,des:X,0.55502,4.969483289355579e-07,4.9092345830700735e-06,2.2416216573803546e-07,1.9310887080902448e-07,4.851193486041815e-08
1255523,des:X,0.55536,4.467907099301324e-09,3.223305116423584e-08,2.4586417079893355e-08,2.775118179118217e-08,4.8606297530963646e-08
1530191,des:X,0.55584,6.3003671812279026e-09,3.524398187281554e-08,9.094126354732752e-10,2.3873451732179384e-09,4.873967150590122e-08
1256764,des:X,0.55649,6.871236879207757e-08,3.4495022165532666e-07,9.510179739775444e-06,7.1136502245528966e-06,4.892057337232659e-08
1251600,des:X,0.5576,3.456878879129494e-07,9.252320036754003e-07,6.820223760900143e-08,1.224363754456648e-07,4.923027282311382e-08
1311590,des:X,0.5591,6.77962682597156e-08,1.4137516691573833e-07,1.0576903547871164e-08,2.3009197746129368e-08,4.965033813773024e-08
1331976,des:X,0.55939,1.943528396878772e-05,5.243557658225613e-05,1.8481964254980092e-06,1.926528238188811e-06,4.973175662096116e-08
1259500,des:X,0.56161,2.564017838956063e-07,3.493365557332659e-07,1.4810936400394146e-08,1.0318351590264584e-08,5.035723887488697e-08
1337321,des:X,0.56258,6.78516337322133e-07,2.5175442480420345e-06,5.937473500607489e-07,6.075977263268311e-07,5.063176225923401e-08
1303952,des:X,0.56262,7.309494270832618e-08,1.7557056441395467e-07,7.994548155915011e-07,1.2124480468957164e-06,5.064309883230205e-08
1878335,des:X,0.56371,2.625880787547436e-08,2.565334917080618e-07,1.6795586532212595e-07,6.069730678517241e-07,5.0952508894783935e-08
1259585,des:X,0.56401,4.96078723061767e-08,7.664864681610818e-08,5.124483908569753e-05,0.00028254043119864576,5.1037832994256534e-08
1452059,des:X,0.5642,2.2360621787337204e-07,2.3317795215001354e-07,5.1345351774221855e-09,6.75954589075443e-09,5.109190851058482e-08
1338278,des:X,0.5643,6.219920930552361e-09,3.911546423937964e-08,9.138460027195642e-07,1.8503737898478503e-06,5.112038080897317e-08
1279501,des:X,0.56527,9.699640959120954e-07,2.693436000876669e-05,2.8641347894157578e-06,5.605548332613117e-06,5.139697369584174e-08
1259561,des:X,0.56751,2.311856459169314e-07,6.652548415875903e-07,1.218192860005891e-06,7.016533989251583e-06,5.2038555106404445e-08
1643338,des:X,0.56788,6.427920842718596e-09,5.299131391354977e-08,4.0031073238888365e-07,4.789490333537328e-07,5.2144913567934126e-08
1512101,des:X,0.56872,6.005395157599891e-06,7.572841012556454e-06,1.317390517151726e-08,7.099617447042484e-09,5.2386779087542003e-08
1266830,des:X,0.57039,6.29789697472731e-08,4.645873416151285e-07,3.6855350692925503e-09,3.6472452166924286e-09,5.28692930475386e-08
1643063,des:X,0.57188,3.139220474765792e-07,1.5777958162637237e-06,6.030292400709179e-09,6.502889936689886e-09,5.3301666691031934e-08
1562098,des:X,0.57618,8.48164661411388e-09,1.768547651217588e-08,2.7687637012517773e-08,2.6202628772495448e-08,5.4471013680346564e-08
1634024,des:X,0.57629,3.197487679331575e-07,2.1560461449663594e-06,2.2201764230991367e-09,5.884844377547911e-09,5.449512098442799e-08
1849244,des:X,0.57697,6.574179180064364e-09,2.1758501763575214e-08,2.4125411682106654e-08,2.43168871326048e-08,5.464426634820588e-08
1773189,des:X,0.57744,3.676915966358401e-07,6.945510992561409e-07,1.2866516586787476e-07,3.689348008853588e-07,5.474747123473013e-08
1247570,des:X,0.57927,4.4372009784594785e-06,5.049562769037931e-06,0.0002847557409716929,0.0004109938191839061,5.515023915588601e-08
1258400,des:X,0.57963,8.519045517619943e-08,4.222903841885682e-07,3.1019896922714086e-09,1.909994239375256e-09,5.5229645944433506e-08
1340470,des:X,0.58057,1.2236022072485731e-08,3.3434237590387344e-08,1.5371725384304095e-07,4.635858335320615e-07,5.54372552079553e-08
1770225,des:X,0.58074,1.6662596475173804e-07,5.40706111834923e-07,1.8626994128427484e-05,7.133803841348271e-05,5.5474843151572025e-08
1533035,des:X,0.58117,6.475913005272252e-07,1.7414076672070398e-06,1.884626192543643e-07,1.8011353920923148e-06,5.556997539879528e-08
1314162,des:X,0.58141,1.8948804815492463e-07,2.8017893841270455e-07,2.1483405158729797e-07,2.4618152239620185e-07,5.562310790560231e-08
1336384,des:X,0.58306,4.3010255106792633e-07,9.816083492958806e-07,3.722626613879565e-07,5.08897954111332e-07,5.5989081173743393e-08
1256819,des:X,0.58576,2.3271446134092055e-07,5.06949143054598e-07,7.204533727376437e-07,6.217567089784009e-07,5.659053499322625e-08
1303118,des:X,0.58838,2.2091468228018368e-07,6.288659006787944e-07,3.658994365702127e-07,3.683170088135722e-07,5.71772398321689e-08
1255657,des:X,0.58881,4.121472133689768e-08,1.0940985668026588e-07,6.6452236487203825e-09,1.3493027141822896e-08,5.727382012484941e-08
1321261,des:X,0.58936,2.143810399536576e-05,4.271006866793025e-05,1.0684007868640934e-08,9.786314480237585e-09,5.739747184714645e-08
1575072,des:X,0.59028,1.1555107024582184e-07,5.154482463105593e-07,6.609248963201247e-09,9.216274121653162e-09,5.760460550976096e-08
1433226,des:X,0.59618,9.95805213965343e-08,7.973513749782174e-07,1.0240450907043508e-08,2.3055866733725067e-08,5.894183071612486e-08
1309051,des:X,0.59629,3.848619205461868e-07,1.174313314457488e-06,5.3991898954534384e-08,4.3544705264656476e-08,5.896690773285665e-08
1258591,des:X,0.5975,8.072150701719786e-08,4.864067919561864e-07,1.8388405159951878e-07,2.3180590522936758e-07,5.924310692261027e-08
1500076,des:X,0.59892,2.5852785292880306e-06,3.1277145289265664e-05,2.939056059623871e-07,1.8337835948455094e-07,5.956806457458574e-08
1450127,des:X,0.60009,5.792606693478571e-06,9.46920135415145e-06,0.0009041081877611472,0.0013817629076034695,5.983647921785187e-08
1336953,des:X,0.60013,5.463650458064776e-08,3.002308797529682e-07,2.7885254331919425e-05,2.3979253693076548e-05,5.984566645369123e-08
1292800,des:X,0.60097,9.476945774480324e-07,2.6400374118115897e-06,1.8417538147070002e-07,2.1805889042928197e-07,6.003876131805205e-08
1338233,des:X,0.60148,9.286612903242891e-07,1.4118221449492885e-06,3.080166716627774e-08,1.1077147207014641e-07,6.015614922368992e-08
1255545,des:X,0.60182,8.951441268522006e-08,3.836967883920508e-06,4.8282414914622704e-08,4.328598160885002e-08,6.023447151993792e-08
1674022,des:X,0.60262,2.1313471305690248e-08,5.51545121736982e-07,8.105891460398801e-09,5.919242277759164e-09,6.041896027080532e-08
1265260,des:X,0.60311,2.3990627399709724e-07,1.8584073850521347e-06,8.372214228310222e-08,7.965542540148685e-08,6.053209893874874e-08
1303314,des:X,0.60491,6.327584535894262e-08,5.092647777724349e-07,4.9855854141326504e-06,1.1590597205138206e-05,6.09486188164534e-08
1864084,des:X,0.60535,1.9999068153657236e-07,2.5852874016007102e-06,4.592108057176046e-07,9.718442586958617e-07,6.105065200219382e-08
1335585,des:X,0.60557,5.175156403894292e-07,7.505858091384544e-07,7.610779834814121e-08,1.498121120978575e-07,6.110170059558154e-08
1335564,des:X,0.60619,1.0672736778813038e-05,1.492547009573575e-05,8.991137036445352e-08,5.849307595498306e-08,6.124567959202679e-08
1306059,des:X,0.60631,7.148804006252954e-08,1.845583287237895e-07,4.5426144050172955e-05,7.174819331758829e-05,6.127356606512771e-08
1839117,des:X,0.60674,7.1021615313546856e-06,1.6078614619344877e-05,5.618660720394545e-07,6.393752986481943e-07,6.137354471579892e-08
1641368,des:X,0.60706,3.0727910740758403e-08,6.221538892708218e-08,2.0229072951030513e-06,3.249630166418717e-06,6.144800032599383e-08
1293046,des:X,0.60736,1.6141030219481227e-12,3.406347436164958e-11,2.6910075580871427e-08,2.7572032041398392e-08,6.15178434529524e-08
1306110,des:X,0.60864,5.011698528690016e-06,1.6865032868372597e-05,2.150990241351812e-08,2.1606200755159124e-08,6.181628650983181e-08
1770680,des:X,0.60911,3.926078343553589e-07,1.8715781440950347e-06,3.7560225151880565e-05,6.782977478317999e-05,6.192605233992935e-08
1298763,des:X,0.6096,2.7165077138564283e-06,4.880848488998358e-06,3.368048879092293e-09,3.3443762596067346e-09,6.204059272751192e-08
1602033,des:X,0.60967,2.7123231633093474e-09,1.75817541660068e-08,2.008517378574447e-06,3.071007600152899e-06,6.205696427928127e-08
1329365,des:X,0.61101,3.671217606511231e-07,1.2731818438063178e-06,3.1293252537448124e-07,3.3629801349294274e-07,6.237077895945052e-08
1534078,des:X,0.61224,2.419298857278456e-06,6.004022393179466e-06,1.01955617810569e-07,9.497758627220702e-08,6.265952940546165e-08
1262803,des:X,0.61343,1.3294889776694145e-11,7.990107186685489e-11,3.263414420306366e-08,5.0020080301466933e-08,6.293952426999731e-08
1296781,des:X,0.61378,7.742289956894993e-08,8.971416254198454e-07,4.60487934656217e-07,1.8614341180000764e-06,6.302199449054421e-08
1849276,des:X,0.61412,3.7675796182300305e-07,1.5464205937686457e-06,1.2990586122864516e-07,1.416122330547251e-07,6.310216012238888e-08
1258433,des:X,0.61445,2.312065845468115e-09,1.2723060215284966e-07,1.0119313882747715e-07,9.608706286691153e-08,6.318001666959538e-08
1331925,des:X,0.61496,7.30346114847977e-07,2.039735870402313e-06,0.000118568308271625,0.0003213995985104012,6.330043483911662e-08
1331883,des:X,0.61882,1.0198628337019716e-07,7.900295787802821e-07,1.1088301815377462e-07,9.638402858431385e-08,6.421555267231869e-08
1305409,des:X,0.61935,2.9905461268523963e-09,2.362785380864214e-08,1.2091804785979377e-07,1.3807841377491068e-07,6.434171634615727e-08
1256335,des:X,0.61939,3.2357091484026375e-06,1.5804183420554803e-05,1.5314948088486308e-08,1.4870627274090723e-08,6.435124315773634e-08
1256807,des:X,0.61943,7.420955127727716e-08,1.3915658321609597e-07,7.587838203804305e-10,1.972179459025102e-09,6.43607706745633e-08
1594042,des:X,0.61981,3.952588096631854e-08,1.1755474816749928e-07,1.0654242314470309e-08,2.1027061811125897e-08,6.445131725852253e-08
1260463,des:X,0.62023,3.8840536273540023e-07,9.90196221192099e-07,5.366061445159613e-06,1.0417115286188867e-05,6.455146911263231e-08
1258249,des:X,0.62104,1.1761913656087322e-05,1.543261672700368e-05,3.0579276924333214e-08,4.185039440161278e-08,6.474483869078395e-08
1261456,des:X,0.62162,1.2678623790251594e-06,2.844869075168468e-06,8.439253394561856e-07,1.8135544008791167e-06,6.488347853566207e-08
1904061,des:X,0.62336,1.0240779936976246e-06,2.2191154181242283e-06,4.224004609682029e-05,7.687648643417477e-05,6.530028773757274e-08
1849109,des:X,0.62398,1.7821178290004176e-07,7.415268236851162e-07,2.2965747983105693e-06,1.886860532331685e-06,6.544912843247915e-08
1899029,des:X,0.62411,1.253907146945422e-07,6.059655829291496e-07,2.204935151479488e-06,2.1579007893021184e-06,6.548035845323149e-08
1916193,des:X,0.62565,5.216616098850743e-08,4.395949924893568e-07,7.30346546089996e-09,9.091711595884087e-09,6.593780385277537e-08
1321116,des:X,0.62684,1.1436158119064935e-07,3.920775863757452e-07,2.542253166727541e-08,5.478903058287543e-08,6.638465257502072e-08
1891107,des:X,0.62735,1.1039439092769223e-07,3.5604170381995324e-07,2.982691576408962e-07,4.073313453357639e-07,6.65766211084955e-08
1295417,des:X,0.62753,1.026930895932334e-07,3.4105582444019006e-07,1.2852549025298762e-07,1.2376616954136743e-07,6.664444088239612e-08
1294667,des:X,0.62818,2.784619302962298e-06,8.618284255496892e-06,2.2701713230612252e-08,3.678865951425511e-08,6.688963306746826e-08
1380034,des:X,0.62935,1.6205486690709939e-06,6.882051463947629e-06,7.319472534030599e-07,6.47237581157064e-07,6.733211354646377e-08
1251603,des:X,0.63033,2.2753440937937704e-07,8.691689290376393e-07,1.5255532932271887e-07,1.6301837595939213e-07,6.77038608323008e-08
1559147,des:X,0.63231,1.6101022343128292e-09,6.022990812838454e-09,2.788561973581346e-07,2.820908888265413e-07,6.845806472175991e-08
1330642,des:X,0.63391,1.1887697141666321e-06,3.3262825457756182e-06,9.50428536354412e-07,1.725576853747082e-06,6.907057429275717e-08
1311631,des:X,0.64039,3.237658968313072e-06,9.47362635828778e-06,1.2909319707888423e-06,1.3735951601234922e-06,7.157913464870559e-08
1500086,des:X,0.64129,1.2758027596163323e-05,2.8380919682647132e-05,9.297144669547107e-10,2.136525294865668e-09,7.193108467166162e-08
1578063,des:X,0.64298,8.818734075256992e-08,3.957019743673916e-07,1.0120647871736975e-09,1.1849187526556157e-09,7.259430072570091e-08
1250397,des:X,0.64304,6.594213388895924e-07,1.1050865883449688e-06,5.222531192323366e-06,4.232256845868798e-06,7.261790280187326e-08
1308568,des:X,0.64304,3.1339426032025116e-07,4.082518161558885e-07,1.3315668079733221e-08,1.9765879317376546e-08,7.261790280187326e-08
1296793,des:X,0.64392,1.5876660473756147e-06,1.4100679466935267e-05,2.1962082011871753e-07,2.738605767639707e-07,7.296450731848969e-08
1452065,des:X,0.64509,2.484854723877729e-07,1.3783915829315984e-06,3.6216848805768696e-09,3.6182964191623427e-09,7.342661170061963e-08
1305946,des:X,0.64663,1.2186831796058492e-08,1.0806258210766804e-07,3.7944879505399693e-10,2.3088999942898217e-10,7.403707524712326e-08
1899158,des:X,0.64747,9.054393817816049e-07,8.110883893481177e-06,1.4184578058612637e-07,1.3580977572596836e-07,7.437112053860297e-08
1336693,des:X,0.64795,8.191297844719434e-08,1.0791773586328452e-07,8.044693274919814e-06,7.275457793183169e-06,7.456234114484701e-08
1339102,des:X,0.64795,1.1932368331690836e-07,1.5981703606704166e-07,1.0280692926416429e-05,1.014151278418594e-05,7.456234114484701e-08
1296671,des:X,0.64852,4.160903511092605e-08,3.234257206479409e-07,1.8557630495856226e-07,6.296357274344298e-07,7.478973449599245e-08
1928108,des:X,0.6508,5.278274314195485e-07,1.556794370316198e-06,2.167699334930759e-06,1.221442141936462e-06,7.57027700396767e-08
1263090,des:X,0.65206,2.6241249286807273e-07,1.8211052922941692e-06,2.832526610106418e-08,2.7849006051037205e-08,7.62097188181689e-08
1342707,des:X,0.65243,1.6177562983175598e-07,2.7679782793848926e-07,4.02088071715884e-06,3.747981258173955e-06,7.635890606142731e-08
1263039,des:X,0.65514,1.2348019028641006e-06,7.0172541989308306e-06,1.0179348393423132e-08,7.244764657218085e-09,7.745604899720018e-08
1300590,des:X,0.65633,1.107704573040542e-07,1.0936266770972761e-06,2.185494957756554e-08,6.181556798473722e-08,7.794029297759804e-08
1296173,des:X,0.65763,6.08743752209718e-08,2.0917236183622783e-07,1.9917459959885823e-06,5.234401872048631e-06,7.847102368254535e-08
1430255,des:X,0.65806,2.426879195246551e-05,5.452854435813789e-05,3.121607319416428e-05,4.652368046426852e-05,7.864696942002583e-08
1334686,des:X,0.65904,5.124610729746517e-06,1.0871336250000255e-05,2.868671484191683e-08,4.472014124863963e-08,7.904869825506559e-08
1310475,des:X,0.66375,1.2926378939730855e-07,3.6637346253188463e-07,7.303296603582645e-08,1.1023449082265474e-07,8.099373523366968e-08
1314369,des:X,0.66386,4.2128356827198053e-07,1.5145266363689512e-06,9.357660909860424e-09,7.881886386961515e-09,8.103944321668139e-08
1340751,des:X,0.6648,5.673885347746062e-07,1.483891197470948e-06,2.2706937241209993e-07,1.275002178021305e-07,8.143056458219788e-08
1905127,des:X,0.66579,2.391370129788889e-07,6.217236452265836e-07,4.148452796302213e-06,2.800951345502273e-06,8.184350829801114e-08
1252939,des:X,0.66666,1.8888463353445358e-06,8.592673177724327e-06,8.595647455551505e-07,1.203385357170535e-06,8.220726040821764e-08
1319058,des:X,0.66811,1.3788174331153105e-06,3.2862351444320063e-06,2.3003793812090605e-06,4.14404307464715e-06,8.28153062668681e-08
1310304,des:X,0.66881,6.685668291360975e-08,3.81837125990695e-07,5.825849074323403e-08,4.5890931702949604e-08,8.31096475119936e-08
1370247,des:X,0.66882,0.00010228789067242258,0.00016694684469836031,1.962461973652722e-06,3.503167542384916e-06,8.31138561698083e-08
1250916,des:X,0.66948,2.6873849017046754e-07,1.102970124975008e-06,1.888047941484128e-05,4.306920083168623e-05,8.339186319011214e-08
1296919,des:X,0.67698,1.5261314829946916e-07,5.989980446900903e-07,4.401728111154676e-07,8.002277607544775e-07,8.649128330685785e-08
1531078,des:X,0.67713,4.107572739024475e-06,5.53717493823203e-06,1.3747312718602225e-06,2.2359934598727327e-06,8.654869847019522e-08
1908493,des:X,0.67829,2.816510982221771e-07,1.8246674161247195e-06,1.1527574568560651e-06,1.732284124880783e-06,8.699335238145259e-08
1795052,des:X,0.67924,1.1876857273721e-05,3.929747959177391e-05,1.0653227305238544e-06,1.5684689394760723e-06,8.73583571965637e-08
1311884,des:X,0.68136,4.069168011523181e-07,3.100099282064357e-06,1.0583260223444965e-05,2.5546240696908994e-05,8.817564955505851e-08
1299090,des:X,0.68339,3.2915896240768226e-07,1.6998266064845668e-06,9.359636253356657e-09,5.605493033204688e-09,8.89618120082493e-08
1900124,des:X,0.68533,4.88267403445641e-07,2.230006642403674e-06,4.150353635425736e-06,3.744569701850217e-06,8.971638048555603e-08
1861474,des:X,0.68966,1.7344830327937232e-07,1.1265747472454055e-06,2.066054122921313e-07,1.4043028961391713e-07,9.141203964143494e-08
1305308,des:X,0.68972,1.5209599310298514e-07,3.984717300470683e-07,3.882341700749409e-07,7.185452584831244e-07,9.1435647582181e-08
1255730,des:X,0.69107,2.542605930297864e-07,1.1436223109188588e-06,1.5141244702674107e-05,4.38678361629177e-05,9.196763208582361e-08
1333442,des:X,0.69209,2.4455031752006273e-06,7.424653658582402e-06,1.1192761755596206e-07,2.218725097603628e-07,9.237059932677958e-08
1299033,des:X,0.69226,3.901615990519784e-05,6.0925351544043804e-05,3.1814738676644895e-07,3.294148069523323e-07,9.243784617626334e-08
1487043,des:X,0.69226,6.723418086215529e-08,7.652048004046727e-07,5.75145479447547e-07,7.107099892317311e-07,9.243784617626334e-08
1252917,des:X,0.69277,6.890053500186335e-10,1.3167883158190705e-09,4.200308175921824e-08,4.985386962268448e-08,9.263973354069168e-08
1316853,des:X,0.69304,1.0996327779350445e-05,2.3373193434845752e-05,1.351218410733808e-08,2.45011673045422e-08,9.274670424298534e-08
1370181,des:X,0.6931,3.797898082364662e-07,3.848995559579155e-06,1.0709345498970547e-06,5.681146068708307e-07,9.277048389238907e-08
1260105,des:X,0.6941,7.808854851780815e-08,7.006673153961115e-07,3.104278024883772e-08,2.4084259014078735e-08,9.316726012795353e-08
1299190,des:X,0.69836,1.122795177195025e-07,5.17568550243944e-07,1.2082279959247759e-09,2.4278749754510675e-09,9.486701303278071e-08
1373123,des:X,0.69879,4.6122093061645345e-08,3.507282582870641e-07,2.5891862586603807e-08,1.9208548281804998e-08,9.503943809487245e-08
1279714,des:X,0.69938,8.390923952098328e-08,5.865098524786682e-07,7.01821496033564e-07,1.0193649416541283e-06,9.527627608851311e-08
1250950,des:X,0.70099,1.1385449786411252e-08,4.733762099665e-08,6.300252530589845e-07,6.791373616796876e-07,9.592406230426364e-08
1307261,des:X,0.70351,1.563046937086925e-05,2.731562101248916e-05,3.254133320465898e-05,3.710138193146745e-05,9.694239455851988e-08
1314296,des:X,0.70426,5.642090348501755e-09,3.962333061493226e-08,5.7927867943337445e-06,7.387358377455865e-06,9.724650788735329e-08
1559051,des:X,0.7051,2.156148747865617e-07,1.0117178958516986e-06,9.092366252193804e-05,0.00022189233484833987,9.758768023498705e-08
1952075,des:X,0.70525,2.369688442981014e-06,2.744257347598375e-06,1.9884430438353416e-06,9.477942705314578e-07,9.764866673519835e-08
1289812,des:X,0.70875,9.291586974252343e-10,1.6644708850817077e-09,2.0479434183564e-08,2.1446790227186203e-08,9.907709330348576e-08
1647048,des:X,0.70882,1.2503943686974784e-07,4.4693894507380626e-07,6.47497576249378e-07,9.829350557693432e-07,9.91057676287233e-08
1341556,des:X,0.71584,7.851914289309127e-07,2.0310093723240357e-06,0.00016359516082001274,0.0008276415408941019,1.0200246345017424e-07
1330995,des:X,0.71827,7.609508765118002e-08,3.2895064940813797e-07,6.756989863511042e-07,3.3966698275088887e-07,1.0301488732860646e-07
1311903,des:X,0.71912,3.866932758319947e-08,8.959887715809499e-08,2.902532361225283e-07,1.729973567480111e-07,1.0337020765373446e-07
1331993,des:X,0.71961,9.336447892438233e-08,9.205613084961933e-07,6.380097006955342e-07,7.453493325115761e-07,1.035753173387809e-07
1338665,des:X,0.72062,1.04782149107724e-06,4.33296322806116e-06,1.5062949665605475e-07,1.699551645220773e-07,1.039987358120903e-07
1308529,des:X,0.72212,3.725233447820603e-07,2.641868783886537e-06,1.717661997405421e-07,2.3420433396808085e-07,1.0462916902212145e-07
1890212,des:X,0.72776,1.0313314694487936e-05,2.1489445578346166e-05,3.5879517273379417e-06,1.9255599078754104e-06,1.0726700188690486e-07
1264689,des:X,0.73162,1.4233181828687734e-07,5.256751102561155e-07,5.433248270466196e-05,7.934299592830239e-05,1.0927174201008686e-07
1770254,des:X,0.7348,1.8994062197323654e-06,1.4355666402197628e-05,1.9030746241286053e-07,4.2016231356682015e-07,1.1093725940425842e-07
1692030,des:X,0.73802,3.5124791815780466e-07,1.7436517445674606e-06,0.0002597401895779154,0.0014680770690573479,1.1263656244829938e-07
1252822,des:X,0.73927,9.897377575859968e-07,4.837313418384731e-06,1.6781374062987393e-07,2.3404182024579084e-07,1.1329970996773421e-07
1260522,des:X,0.74133,5.1645916762211244e-08,3.5804154210943187e-07,8.212932017013636e-09,5.484363415004351e-09,1.1439682406222635e-07
1296802,des:X,0.74392,1.7639631819162027e-07,5.340911695330373e-07,3.6199722131069774e-07,1.859709475143281e-07,1.1578370669999772e-07
1317372,des:X,0.74393,4.4554833848670844e-07,1.6695020549054186e-06,4.5141761654565336e-06,3.1623371539161802e-06,1.1578907765338422e-07
1488098,des:X,0.75076,2.993844417328861e-05,5.766134000593287e-05,1.896646223768801e-08,5.092352791158264e-08,1.1948653674342525e-07
1302550,des:X,0.75249,1.8478892218224992e-06,4.096258474937733e-06,1.770693169847763e-08,1.1223884540692738e-08,1.2043230571703896e-07
1293028,des:X,0.75366,3.5352032610652435e-06,6.529854574685802e-06,5.930479166458257e-06,1.6624612762611104e-05,1.2107404315931484e-07
1308453,des:X,0.75572,1.330517877916757e-07,7.039232644710621e-07,1.6372509118547634e-08,1.8069473591496517e-08,1.222080841889145e-07
1904182,des:X,0.76657,0.00018868565248436449,0.00034049929146229616,4.667800362272828e-08,9.382346181822619e-08,1.282683124196534e-07
1251645,des:X,0.76679,7.314795493993525e-07,1.1986516597600672e-05,2.8249400776059224e-07,3.226441489051328e-07,1.283927095185311e-07
1251652,des:X,0.77155,5.643045243315611e-06,9.66847078457743e-06,3.691241906031296e-08,3.1883336053402346e-08,1.3109897498054716e-07
1303257,des:X,0.77159,1.0768014177985676e-06,6.268747552370372e-06,6.262674192574408e-07,1.2059010977099915e-06,1.3112183629481002e-07
1259589,des:X,0.77327,2.196636748978634e-06,4.670459674661065e-06,5.129472323810225e-08,4.66467251304507e-08,1.3208381128860804e-07
1889155,des:X,0.77826,5.033408607222684e-06,1.2875323099447461e-05,8.511324040050256e-08,1.9962639448883443e-07,1.3497956722872764e-07
1861451,des:X,0.78049,4.6506905740570754e-07,2.7722815110557518e-06,5.1594928994918385e-08,1.0426320050200569e-07,1.3628803947918593e-07
1833468,des:X,0.78375,1.1948292868440293e-07,1.0926523300876076e-06,2.8226553176781465e-06,3.535751965037373e-06,1.3821223088085056e-07
1331887,des:X,0.78398,5.057151822980221e-07,3.7186134986823925e-06,7.913888458194605e-08,5.5549943724210546e-08,1.3834849610212352e-07
1250454,des:X,0.78734,2.3590170389527849e-07,7.832078149026726e-07,6.614594154817167e-06,6.495683598343799e-06,1.403468079380706e-07
1856065,des:X,0.78892,5.6075540186989264e-05,6.565694548886585e-05,1.4458728476312382e-06,1.4002998488468443e-06,1.4129144339909875e-07
1255501,des:X,0.78956,1.4527165446925921e-08,6.220178014450762e-08,8.445094927726732e-08,1.2038682472350166e-07,1.4167498217474818e-07
1434262,des:X,0.78964,1.362493335755659e-06,5.310033295806749e-06,4.831480623961189e-07,4.4933114519355903e-07,1.4172296107414585e-07
1254566,des:X,0.79118,2.5717933635863317e-07,1.1159843830754465e-06,1.754400158505828e-06,3.54077575825519e-06,1.4264813806514665e-07
1265349,des:X,0.79939,5.688388282462562e-07,4.506299066600333e-06,5.541516319852617e-06,3.0755586120490483e-06,1.4763121022521624e-07
1535064,des:X,0.80078,2.490373217933057e-07,3.6407883469371045e-06,0.0005297255918322747,0.0018647177365392854,1.4848334085081853e-07
1385052,des:X,0.80106,8.906626659252716e-08,8.977489646438452e-07,7.598914451124188e-07,6.455246491238833e-07,1.4865528979791652e-07
1299258,des:X,0.80109,3.63005582350389e-08,6.612176987152211e-07,1.5636445812255704e-07,2.8843906213083397e-07,1.4867371880108642e-07
1502132,des:X,0.80181,4.365912239120934e-06,1.565275916058764e-05,3.047339650554829e-06,2.195573770349701e-06,1.4911635755632626e-07
1579146,des:X,0.80325,1.5395851658225246e-06,3.7025328416826613e-06,3.405819567899747e-06,9.758280865589445e-06,1.5000360889862337e-07
1367180,des:X,0.80342,1.9316974274555802e-06,1.1962377382991881e-05,4.099551036256458e-06,9.143259673450101e-06,1.5010852753631018e-07
1642117,des:X,0.81237,5.812126007332448e-07,2.512906397855408e-06,1.6563468736383307e-08,2.5848289072564555e-08,1.5568398308129803e-07
1300777,des:X,0.81684,3.9036971098151095e-05,7.127212530237213e-05,1.9325051573633685e-05,2.5370246795619574e-05,1.5850666353774845e-07
1260427,des:X,0.8175,6.0860506454806595e-06,3.4928166455399216e-05,9.706740102365334e-07,1.7681938794814622e-06,1.589255837469463e-07
1255824,des:X,0.81852,2.5834306028654482e-06,6.6564188778104836e-06,1.8581141284656752e-08,1.8685182117618403e-08,1.595740933235506e-07
1330599,des:X,0.81932,1.5437818147608256e-06,4.5769916879990885e-06,5.495192966860909e-07,1.1173686265491319e-06,1.6008365225007682e-07
1250980,des:X,0.81967,2.4557287207504072e-08,1.1041171778228799e-07,1.8084146905399727e-07,7.097093043094029e-08,1.6030683970330602e-07
1879412,des:X,0.81984,2.1516285879145777e-08,2.674513247261197e-07,5.062439000325942e-08,5.5621873202095076e-08,1.6041530113557544e-07
1251618,des:X,0.82172,3.6446452517734157e-07,1.2751191175665395e-06,2.4767395290633594e-06,2.772025748921547e-06,1.6161720268846383e-07
1258529,des:X,0.82394,7.697410749790657e-07,1.2300265462486165e-06,1.8072711147473544e-08,1.0468289970436685e-08,1.630422454630083e-07
1645145,des:X,0.82627,1.298622961395067e-07,6.520862716680339e-07,2.1443498147734473e-08,8.116612565531218e-09,1.644882225404465e-07
1334581,des:X,0.82736,2.677210395315911e-06,1.0500822928495226e-05,2.103793470372041e-07,1.9524142684203697e-07,1.6514479257915131e-07
1246791,des:X,0.83066,1.7810907916939128e-07,1.3026360543042339e-06,8.876660731304873e-07,1.1592145065973782e-06,1.671405465322343e-07
1305541,des:X,0.83293,6.141822753392626e-06,2.468826851053106e-05,2.5402734727793683e-07,2.977792075716334e-07,1.685203420711647e-07
1252918,des:X,0.83583,1.05066176674062e-06,2.1193998001982583e-06,1.1559652691080694e-08,1.6277055297731937e-08,1.7029132804550073e-07
1390345,des:X,0.83592,8.948727457250594e-07,2.9086815312723217e-06,5.170419962252783e-07,5.274903106650219e-07,1.7034643778174379e-07
1861472,des:X,0.83776,1.281386705452416e-07,4.5178954566229606e-07,7.446247502703224e-05,0.00018705953053338816,1.7147508017012174e-07
1876462,des:X,0.83954,1.1696906878018184e-07,5.399790877325925e-07,4.6772582078123887e-07,8.487122515621012e-07,1.725704653183496e-07
1253871,des:X,0.8478,3.8905460153959013e-07,5.755688853379502e-07,2.4934484305392447e-07,1.2579334095433303e-07,1.776991864987317e-07
1253857,des:X,0.85652,1.6823513642195452e-06,6.344509669427643e-06,8.943226097934949e-07,4.0366864334846905e-07,1.831950162922591e-07
1260459,des:X,0.85674,1.052331018850619e-06,9.280108201950662e-06,6.100722953098509e-07,9.258536177168578e-07,1.8333475500154333e-07
1338749,des:X,0.85806,1.7710656833596485e-08,8.195578192356901e-08,0.0010791601711171875,4.462061456101243e-05,1.841743060341743e-07
1260461,des:X,0.85855,2.8363982374248873e-06,7.488726867487638e-06,3.3493700295841703e-06,4.412367646840848e-06,1.8448644567039114e-07
1295291,des:X,0.86179,3.4145976586373716e-07,8.652581344378591e-07,2.608609846669302e-07,3.667516832389658e-07,1.8655704062864938e-07
1479130,des:X,0.8624,3.154877836058499e-05,8.008340640492852e-05,1.8621257910591976e-07,2.7966571236417914e-07,1.8694816739101887e-07
1296161,des:X,0.86243,7.624755658902687e-08,2.1469788503018176e-07,3.59278465200642e-07,3.7903109626028796e-07,1.8696741370039235e-07
1317956,des:X,0.86917,1.4306223633467186e-06,9.52729455880657e-06,8.152532161911111e-05,0.0003070657020383485,1.9131653080477594e-07
1342580,des:X,0.87472,1.1652160364792498e-06,3.891959909866969e-06,1.0976952401366613e-06,1.0247502445857115e-06,1.9493531703801635e-07
1879483,des:X,0.87565,8.996962581439954e-06,0.00013765362349375107,2.4889719873453787e-05,7.548994679545335e-05,1.9535927686928616e-07
1250896,des:X,0.87971,1.658565661585247e-07,9.883117934655486e-07,5.499038006972954e-05,7.579983123194018e-05,1.968647789798828e-07
1456020,des:X,0.88189,2.824580653427845e-06,1.0415795576323383e-05,2.0016670995682766e-05,1.625671185193933e-05,1.9767553648934344e-07
1371111,des:X,0.88352,8.558978569782796e-07,3.092736779212843e-06,5.4144271029263e-08,1.5721323976526877e-08,1.9828283366656141e-07
1878692,des:X,0.8845,2.2838042997338563e-06,1.1971473065777831e-05,3.1318850155853377e-07,4.493707281961902e-07,1.9864840547017664e-07
1253761,des:X,0.89441,1.1577144910761778e-07,5.193881101957081e-07,6.6929076279050485e-06,7.960904705213904e-06,2.023640739593241e-07
1402076,des:X,0.89611,4.789078435840623e-07,1.4126176182024527e-06,9.214554179628609e-05,0.00023069723938932366,2.0300493383098237e-07
1305486,des:X,0.89888,1.0211144955577405e-06,2.159752576827513e-06,1.77422842785843e-06,2.913765893703753e-06,2.040513288231936e-07
1253816,des:X,0.90824,4.5994880761667766e-08,2.6582944157386226e-07,7.299523807811902e-05,0.00011299059804134511,2.0760706317004753e-07
1246650,des:X,0.90888,3.911877048694449e-07,1.3966480413658062e-06,3.975974171393641e-07,4.966360516012686e-07,2.0785131213738757e-07
1299266,des:X,0.91289,3.46083303213409e-06,6.754744515832444e-06,6.940788155293614e-07,1.8670062968567798e-06,2.0938495304992254e-07
1901832,des:X,0.91696,1.081728781943431e-07,6.735250409941092e-07,2.072212695030851e-05,3.281162471122616e-05,2.1094730560415995e-07
1255737,des:X,0.91896,4.468364323039343e-07,2.895481681720545e-06,2.053515837984276e-07,2.5301429118379076e-07,2.117171743930948e-07
1252926,des:X,0.92427,1.2592486768132716e-06,9.38076377905685e-06,5.501636771080393e-05,0.0001915396571230078,2.1376797995943813e-07
1617068,des:X,0.93075,7.002721904548087e-07,4.34712325180964e-06,4.567079306177054e-08,6.732183217828954e-08,2.1806697254890344e-07
1262782,des:X,0.94444,4.434679392650256e-08,3.040784843103607e-07,7.537148941765485e-06,1.848941781694136e-05,2.2777945814490003e-07
1252620,des:X,0.95299,1.0119055381768816e-05,9.21197144554555e-06,3.2464950367489926e-06,4.176531875289268e-06,2.3395267480145263e-07
1395159,des:X,0.9569,3.0693092542602597e-06,7.570518143514671e-06,0.00011221866584559709,0.0001516899867989525,2.3680325145705585e-07
1339276,des:X,0.96363,1.635356155632777e-06,7.665000890712451e-06,9.689956804683594e-07,9.722489555266715e-07,2.4175016743473037e-07
1559048,des:X,0.98,8.323628024472147e-07,5.708464661283953e-06,4.1251616092207073e-07,7.20790417651034e-07,2.517124890813625e-07
1299327,des:X,0.98158,2.439370763798683e-06,2.888632709873115e-05,3.677732528646809e-08,2.9009479333787993e-08,2.5218379636792436e-07
1935095,des:X,0.99268,1.0128477777660965e-06,3.3009867101788926e-06,0.00022420307881037651,0.0008427388226052554,2.555073061755935e-07
1311921,des:X,1.04436,7.839123017927741e-05,0.00021146454212047773,1.3005318713888902e-07,8.707758696638297e-08,2.7738596671565105e-07
1259241,des:C,0.10543,9.030692263947091e-09,9.40357330864193e-08,7.009628579318102e-10,2.2659408512647185e-10,1.1435805015663765e-10
1336975,des:C,0.11048,1.1963469950105235e-09,1.7961472033925073e-07,1.5009336450214018e-13,2.48103138360778e-13,1.1435805015663765e-10
1289982,des:C,0.11621,5.096254589979888e-11,1.646203557800986e-10,9.721058883697098e-15,1.7707301216985615e-14,1.1435805015663765e-10
1879649,des:C,0.11979,2.5146620612542938e-08,8.590830253660068e-08,1.6323436318724436e-15,1.4454879051256266e-15,1.1435805015663765e-10
1833339,des:C,0.13051,1.2725630270355525e-07,3.209245421197118e-07,4.706750398432532e-11,4.8285536877882283e-11,1.7417904752677828e-10
1871023,des:C,0.1484,7.88231599349212e-11,1.25349689909728e-09,3.974973968988724e-11,1.0589690217607616e-10,4.548528398544869e-10
1299775,des:C,0.16008,3.1737448866955366e-08,4.641641176551154e-08,1.5190313662951222e-10,1.0927360941454225e-10,7.094186584624199e-10
1303279,des:C,0.17273,7.027275091111949e-10,9.721657259028612e-09,2.1200122608440126e-10,1.0409239660767962e-10,1.0486805471662109e-09
1303496,des:C,0.17978,8.183188471660762e-10,1.5674949379531395e-09,1.6320614694823987e-07,1.572477396899747e-07,1.280486512009623e-09
1339392,des:C,0.18148,1.1127926828899017e-09,2.0730181722193042e-08,3.0289750756633448e-09,2.4126966496247395e-09,1.3414948164275507e-09
1261193,des:C,0.19246,2.615181967550837e-05,2.8837992586241842e-05,1.422646755419966e-11,4.9495086647688046e-11,1.7697347007994487e-09
1879208,des:C,0.19471,1.0263277571862969e-05,9.894546912099229e-05,3.902808809060032e-09,9.027365515392413e-09,1.864800530501471e-09
1253920,des:C,0.19555,4.414255380811284e-08,4.217369134350355e-07,5.801339956599643e-11,5.537652199582053e-11,1.9009293276805604e-09
1281119,des:C,0.19902,1.0582053464166253e-11,5.337848647724882e-08,1.2138286252193074e-09,1.7944190106313537e-09,2.053849218916084e-09
1782065,des:C,0.20173,3.408907944406152e-08,1.7199233585695569e-06,2.4997184738729176e-10,9.512953253053487e-10,2.177390310998031e-09
1283373,des:C,0.20753,6.373298246297129e-08,1.1839986599594957e-07,2.0993928493452884e-09,1.2159384704546752e-09,2.453919346189513e-09
1324509,des:C,0.21062,8.794932471716407e-08,6.252400656952167e-07,1.986762491121745e-09,3.2506542190987445e-09,2.607990021010596e-09
1791048,des:C,0.21094,2.6953083521372465e-10,1.467051445068063e-08,2.77841882041852e-11,1.6148405376268897e-11,2.6242135902872116e-09
1257366,des:C,0.21136,8.409298305983583e-09,4.22531413955896e-08,4.084210747951531e-10,9.501823174979068e-10,2.6455833663914115e-09
1887027,des:C,0.21303,1.078383594018628e-10,5.490154793647164e-09,2.926532880417653e-06,4.04785219498809e-06,2.73141098478369e-09
1297501,des:C,0.21492,6.11894423191213e-08,1.1461486901421158e-07,1.4801775198866692e-11,1.3641385639147219e-11,2.8301979242958064e-09
1249851,des:C,0.21511,4.5668869144256443e-10,7.332092475487517e-08,8.679123441059626e-10,5.505079876811616e-10,2.840225958967166e-09
1371126,des:C,0.21601,1.913545769285101e-09,1.4550860650359523e-08,7.850283985279408e-10,1.094415002275519e-09,2.887968137675742e-09
1304442,des:C,0.21711,3.3309740338930276e-08,1.1746016512289343e-07,1.1149772928064876e-11,2.5863064736188347e-11,2.94686007277112e-09
1290816,des:C,0.21847,2.4928917280203183e-10,1.1147978017013484e-09,1.1381161432593327e-07,1.1273738970414296e-07,3.0204936954810343e-09
1304678,des:C,0.21883,1.57491159773579e-07,1.0871335150573148e-07,1.0115630950667969e-10,5.0106495904838766e-11,3.0401370418983674e-09
1302187,des:C,0.21942,1.5842240781477982e-09,2.6645972065253182e-08,4.9211713155268636e-11,7.165228864506878e-11,3.072467979020162e-09
1259352,des:C,0.21986,6.0075158571749906e-09,3.338404074437078e-08,1.4634904711599023e-10,1.4686668832836853e-10,3.0966905053332207e-09
1259246,des:C,0.22284,5.6613938585757636e-09,1.579437818460375e-08,5.200807979737761e-09,5.257659250088203e-09,3.2632464202948966e-09
1879426,des:C,0.22941,2.461750212774861e-07,1.2991983016590362e-06,6.814482982313876e-08,6.151769772708314e-08,3.769937123847952e-09
1262201,des:C,0.23279,1.500228621117245e-08,2.4121337440379864e-08,1.9713417072486787e-10,2.18083266009075e-10,4.077568783654158e-09
1834104,des:C,0.23928,2.163504775753599e-08,7.895416774361853e-08,4.5305867450809386e-10,3.4486247829550565e-10,4.7020797055166944e-09
1366436,des:C,0.23954,1.3455441757146894e-07,2.4374019453940493e-07,2.3407334768228363e-09,1.5314576672688165e-09,4.728025273117732e-09
1368188,des:C,0.24003,4.775668922202842e-09,9.122148633482688e-07,4.01233348850628e-09,1.7408867725619825e-09,4.777116728996136e-09
1780045,des:C,0.24283,7.620795303629891e-07,2.04767694463762e-06,6.918954983914566e-08,9.116574365716455e-08,5.062503270378239e-09
1246275,des:C,0.24605,4.655822388001444e-08,1.2147146038200664e-07,9.543807751139536e-10,1.299905064462754e-09,5.4009327569298e-09
1302359,des:C,0.25308,1.39690828865022e-06,2.204321692279873e-06,1.3853061004771062e-08,1.4687058656808514e-08,6.177848464629091e-09
1279420,des:C,0.25691,1.3968549824885215e-10,1.6932575364069996e-09,7.949700081805249e-06,8.694026676216346e-06,6.623079859021662e-09
1262232,des:C,0.26103,4.1013346226104304e-08,6.972768655748897e-08,7.184701991860697e-06,6.417559635876172e-06,7.119317404399167e-09
1261784,des:C,0.26523,1.242638051916564e-07,5.253997303968236e-07,5.81772114520928e-10,4.3560561563556533e-10,7.643641063644603e-09
1319870,des:C,0.26767,6.657862637192208e-10,6.312987584211094e-08,4.441472700324878e-08,4.96724424029394e-08,7.956802587309881e-09
1309288,des:C,0.26793,7.47738532653146e-07,6.950292748587923e-07,2.494277524165338e-10,7.068870175986753e-10,7.990542913892522e-09
1968046,des:C,0.27255,1.3170085869475314e-07,8.424053928224791e-07,1.4691269440074538e-09,1.499555202248154e-09,8.601986640846768e-09
1260556,des:C,0.27437,1.4798266106243223e-09,1.39742699167469e-08,2.7334191670348325e-10,2.9397644002117625e-10,8.849046994932723e-09
1547086,des:C,0.27578,7.19512607949762e-09,1.6243294121765984e-07,1.2146748930897818e-09,1.3524362285477309e-09,9.036786443242989e-09
1305756,des:C,0.27589,2.735677135375773e-07,6.625410801022851e-07,1.5120296682671449e-09,6.840321607082671e-10,9.051132982710427e-09
1297465,des:C,0.27784,1.6811616814843633e-09,2.2847134416355223e-09,1.1699786725608349e-10,5.948746419912406e-10,9.307346827775808e-09
1290967,des:C,0.2811,6.804184605449689e-08,4.698180493924191e-07,8.908766659982435e-09,5.912143748859402e-09,9.743670121982588e-09
1902212,des:C,0.28169,5.215060496781156e-08,3.9644774301921483e-07,1.1615779365943669e-09,9.281774755497482e-10,9.823704686171723e-09
1302123,des:C,0.29156,8.884275423435001e-10,1.4870231701781163e-08,7.583383834826794e-09,7.077813903556629e-09,1.1211132400190519e-08
1547071,des:C,0.29911,1.1195502182921344e-08,7.171407126859135e-08,9.962243802939465e-05,0.00034245772518862064,1.2334279569518629e-08
1294948,des:C,0.30246,7.303886579326191e-06,9.683075915661788e-06,4.187964411529223e-08,4.401055226815847e-08,1.2849799298512052e-08
1335717,des:C,0.30477,1.688559747093974e-07,9.279480873951946e-07,8.77655981746e-08,3.034043866961154e-08,1.3211424868806475e-08
1340954,des:C,0.30517,3.282147217196785e-07,1.5331303525456114e-06,0.0005896539407095964,6.920872950336287e-05,1.3274553721106176e-08
1319821,des:C,0.3088,1.6818387934622586e-08,4.870926364301194e-08,3.3021297884495057e-06,1.531146029716459e-06,1.3854326687688294e-08
1323831,des:C,0.31079,1.508893942753839e-07,6.314964200032413e-07,7.112909217561694e-10,4.2186104776683693e-10,1.4177422375285659e-08
1880686,des:C,0.31406,3.657351474329274e-07,5.819425527301405e-07,3.396895763584978e-07,1.0929687735330665e-06,1.4716426083531732e-08
1943111,des:C,0.31562,3.0421944089282293e-09,2.66256682484356e-08,3.033800109807396e-06,7.552787155788406e-06,1.49771083936907e-08
1929024,des:C,0.31564,3.291040492870906e-09,1.9443929569318855e-07,7.321855104384084e-09,9.142746069463258e-09,1.4980465333176074e-08
1897267,des:C,0.3192,1.1472284146901349e-06,5.07198457063253e-06,1.0046617658632206e-06,1.7932733283017691e-06,1.558399327388931e-08
1366482,des:C,0.32154,1.0352124848295985e-08,3.9388190485795434e-08,1.54440620278254e-07,2.697540114352675e-07,1.5987185921139998e-08
1303215,des:C,0.32869,1.0543811593507032e-06,0.00011319553839184992,1.5414619673410793e-09,4.407401715424165e-09,1.7091814547076904e-08
1337687,des:C,0.32869,1.4584925676197372e-08,1.0520944922653604e-06,9.737105826609154e-10,1.1556476843524975e-09,1.7091814547076904e-08
1293783,des:C,0.32874,1.4990333591082582e-07,5.205758142886924e-07,7.462640122389149e-08,6.963505207223941e-08,1.709862708601773e-08
1316465,des:C,0.32909,7.661301372924475e-08,3.8814661868035444e-07,5.751783896197509e-10,5.982840305162528e-10,1.7146352866279964e-08
1449074,des:C,0.33186,1.6093234861334674e-08,1.7778670732472983e-07,1.5211603714081144e-08,6.310740244419449e-09,1.7526414595378003e-08
1339217,des:C,0.33191,3.5402847430187093e-09,4.055522293351553e-08,7.795882619627103e-10,6.30550201842876e-10,1.753331319455768e-08
1306141,des:C,0.33239,8.607620671558869e-05,0.0001670741198044079,1.0114958868722686e-07,9.543130255503307e-08,1.7599608812059962e-08
1257356,des:C,0.33257,1.3799082154673892e-08,6.05177850540625e-08,1.8219704052482225e-09,2.4434535491652434e-09,1.762450192085253e-08
1309492,des:C,0.33352,1.270858957463426e-07,1.7701876406483354e-06,1.688523284719569e-07,3.8329057945365864e-07,1.7756173654687447e-08
1346956,des:C,0.33352,1.5644459462446547e-09,6.2619013894660676e-09,1.4993470197373272e-07,3.667745745893351e-08,1.7756173654687447e-08
1257609,des:C,0.33389,1.188993774267384e-06,1.5068082052781318e-05,1.8745753614302233e-08,9.968617188779533e-09,1.7807588922465196e-08
1319066,des:C,0.33403,7.618894546268983e-09,3.076830020012247e-08,1.8186282703607174e-07,1.3899676225143429e-07,1.7827062732025402e-08
1309293,des:C,0.33472,3.6427475718660283e-09,1.1845531654677755e-08,1.9475936518953652e-07,4.2479326403127517e-07,1.7923196271975332e-08
1297318,des:C,0.33479,8.644254625448985e-09,3.0120886859777047e-08,1.1391571853201715e-06,1.3099450882165493e-06,1.7932963392858828e-08
1346966,des:C,0.33513,9.489195715180007e-10,4.10369741423495e-09,9.853581316957506e-06,1.594069979214078e-05,1.798044153907681e-08
1262163,des:C,0.3352,7.925756679131786e-09,3.692063538390327e-08,5.6773412994908e-07,1.5918807230700073e-06,1.7990224243107654e-08
1246281,des:C,0.33549,1.3010961530142373e-08,1.8664879594952615e-07,1.4462000868827262e-09,1.163495719415622e-09,1.8030780931243392e-08
1330530,des:C,0.33633,9.758235382272425e-09,9.472792446906365e-08,1.084916543823256e-06,9.5809813366e-07,1.8148513168235185e-08
1287437,des:C,0.33681,3.157277553331235e-07,4.05639712237318e-07,2.1879142135204816e-07,1.9937361790508796e-07,1.8215960744115717e-08
1871017,des:C,0.3372,1.9876858398479848e-08,2.595219655099269e-07,2.519644932605446e-07,6.520600398656985e-07,1.827085401383657e-08
1909375,des:C,0.33753,3.110997614136686e-08,1.2117020393490056e-07,1.639358260505801e-07,3.438452020244958e-07,1.8317366669595177e-08
1313057,des:C,0.33754,1.5076819703057102e-07,9.68364268300391e-07,5.6998388526530936e-08,2.3263370559759672e-08,1.8318777067055938e-08
1322819,des:C,0.33759,2.2003225587920234e-09,2.2839064476217144e-08,2.42838510753889e-07,1.338828973930273e-07,1.8325829868808712e-08
1263197,des:C,0.33778,2.0706594167971666e-07,1.155959064776778e-06,1.3626068679246073e-08,2.5107308688584926e-08,1.8352642895112222e-08
1300912,des:C,0.3378,3.5634706576502966e-09,1.8330961550564535e-08,1.853325164127899e-09,3.0935802983766275e-09,1.835546645916445e-08
1723034,des:C,0.33784,3.383744850656326e-09,2.7528479733540783e-08,2.2877115953163888e-07,5.731487627223972e-07,1.836111423882786e-08
1262131,des:C,0.33802,3.539816407802293e-07,2.569897919661622e-06,1.1683149495009211e-07,3.668137044954743e-08,1.838653999805779e-08
1343337,des:C,0.33899,3.6737437473811494e-08,1.0729500852229634e-07,4.744824341533219e-08,6.346036615474895e-08,1.8523859429196507e-08
1319614,des:C,0.3392,3.0017231923298247e-09,2.8060819357502843e-08,2.7119857634774565e-10,4.97535591073677e-10,1.8553655651792185e-08
1643312,des:C,0.34037,2.4058759856254145e-07,2.679953088787991e-06,4.0055378391405555e-06,6.733880972375549e-06,1.8720101514791345e-08
1332819,des:C,0.3418,9.021397358180398e-09,1.4623562918438543e-07,1.6152115236559062e-05,1.1400333603259335e-05,1.8924544722639637e-08
1249805,des:C,0.34273,3.5900934506116894e-06,7.552736373507005e-06,1.2183616179957185e-07,6.757952217908959e-08,1.9058100143152803e-08
1301936,des:C,0.34304,5.729528183361568e-09,2.5308643359607812e-08,7.369004417581748e-07,3.183534388070856e-07,1.910272297487785e-08
1332747,des:C,0.34305,2.4934822237041933e-09,1.4817131962060607e-08,1.6324691185000116e-07,2.117553836225071e-07,1.9104163289809655e-08
1297365,des:C,0.34316,3.264719833430627e-08,4.6977549104970275e-07,2.0136414596441256e-08,6.643825976359845e-09,1.9120010337638005e-08
1318661,des:C,0.34451,9.379532229991748e-10,1.9662208263817896e-09,8.999566558598938e-07,7.075518355487841e-07,1.931503192749814e-08
1921361,des:C,0.34459,1.3240015286869718e-08,5.947870090793336e-08,1.7558210547780499e-07,1.460783815862049e-07,1.9326619820154904e-08
1309330,des:C,0.34472,0.00020009714510159135,0.00030741840603343485,2.9125410931099547e-09,4.385018105618614e-09,1.934545755721734e-08
1256570,des:C,0.34548,7.307896212650874e-09,2.4375980958706502e-08,2.369026447078666e-09,4.547967759939572e-09,1.9455769497574938e-08
1835110,des:C,0.3455,1.6365765153393468e-08,4.688223151615094e-08,1.7059636523199382e-08,8.289028149201326e-09,1.9458676678515403e-08
1432017,des:C,0.34579,3.4675712025834854e-07,1.6671842722936492e-06,0.0001102942518870021,0.0005983477633075569,1.950085520850268e-08
1277715,des:C,0.34601,3.0908229501876133e-07,1.3540099419445203e-06,2.6720596138927476e-09,1.0296074747956934e-09,1.9532883174447557e-08
1658072,des:C,0.34721,3.815817713495092e-07,9.19018845414075e-07,1.2125787831501581e-05,2.4073143387783622e-05,1.970804377823516e-08
1593067,des:C,0.34776,1.2254269489108066e-05,2.4803109246298612e-05,1.2801392202892893e-07,1.630103512000109e-07,1.978858702441295e-08
1326216,des:C,0.34832,3.5480036654752407e-09,1.8466859157616993e-08,5.2353017404981673e-08,9.534419457805931e-08,1.9870763447332284e-08
1295315,des:C,0.34886,8.174225986926016e-08,1.8565561460247996e-07,0.00013770513939189398,0.00041204795711479407,1.9950166259145594e-08
1248677,des:C,0.35016,3.882511653703239e-11,1.9988454207939436e-10,1.3604471681114416e-08,1.4822754005752741e-08,2.0141970564775308e-08
1432027,des:C,0.35039,2.0933217393426403e-07,1.1072421249133729e-06,9.75977111420944e-11,1.9228390803183897e-10,2.017600070770481e-08
1256933,des:C,0.35284,5.262241805743044e-07,1.428967330346847e-06,6.413925270382357e-08,2.4591364108515732e-08,2.054027826849378e-08
1324562,des:C,0.35299,1.2862848969964229e-08,4.824522388446417e-08,2.0271412556742563e-07,2.1928637092141458e-07,2.056268685482449e-08
1295592,des:C,0.35631,5.206120615417569e-07,4.022234190761913e-06,4.3952604645865645e-07,9.79629297899281e-07,2.1061791163011166e-08
1324790,des:C,0.35723,2.424160434341951e-06,8.767103838698227e-06,8.557144682505183e-10,8.782409429569778e-10,2.1201156178583254e-08
1397029,des:C,0.35942,1.0442320648208512e-05,2.2128183506582457e-05,5.440002115217091e-07,2.8700386904266073e-07,2.153475455544147e-08
1307830,des:C,0.35948,5.5882565602725896e-11,1.911007798063424e-10,2.7111210580961173e-07,2.709879812532534e-07,2.1543930887258914e-08
1315950,des:C,0.35948,8.86003672490784e-11,2.316526266540786e-10,8.71907344935222e-08,1.5365124247899494e-07,2.1543930887258914e-08
1645158,des:C,0.36048,3.0104494685988053e-07,8.286979206338494e-07,1.0116125208443252e-07,9.938512242798026e-08,2.169715752328614e-08
1346137,des:C,0.36326,2.639459273561435e-10,2.087310163524425e-09,4.7333242914175524e-08,3.4469939377184606e-08,2.2125980427638268e-08
1330533,des:C,0.36444,4.906597085068211e-07,6.36024995932714e-06,2.890343403529326e-07,7.041887655613741e-07,2.230926737036923e-08
1339402,des:C,0.36538,8.642885734406491e-07,2.4309561973002972e-06,1.7305954418377897e-07,9.922543022816802e-08,2.2455816625011394e-08
1447133,des:C,0.3654,1.7228492509039102e-08,8.558958369898012e-08,2.1663065708930615e-05,1.582972662820874e-05,2.2458939906739615e-08
1920365,des:C,0.36549,1.5946451780318385e-07,3.040081543702817e-07,2.2150954855271756e-07,2.697987354558757e-07,2.247299736220701e-08
1299746,des:C,0.36571,9.673768189909987e-05,0.0002144524390420779,6.066522409555421e-07,4.095098388539996e-07,2.2507378546291963e-08
1299643,des:C,0.37678,3.985537805504756e-06,4.6741089420922095e-05,7.511159918009831e-09,2.52609532087689e-08,2.4273947241292544e-08
1315795,des:C,0.37813,3.999882939817816e-09,1.217664881296629e-07,1.1625577962395668e-05,1.7773977066488824e-05,2.4495635726259386e-08
1837096,des:C,0.37937,2.7478911243618045e-05,2.8262849223149123e-05,4.099275393729949e-09,6.124711257289213e-09,2.4700148603678996e-08
1948209,des:C,0.37942,2.5926108273963143e-08,1.9169228197396426e-07,2.5268874120208124e-06,1.8228226294156553e-06,2.4708412922736938e-08
1299785,des:C,0.38131,5.020526062446101e-06,1.7017465902626347e-05,6.240417977962122e-08,7.633147884557251e-08,2.50218178738721e-08
1324582,des:C,0.38185,1.0244110995303625e-08,8.843221288131681e-08,2.3565010571924712e-08,9.340565990173132e-09,2.5111724924486144e-08
1262135,des:C,0.38328,6.349832742291143e-07,2.3502991826610736e-06,6.104959276152045e-06,1.821451993234439e-05,2.5350590946820984e-08
1246314,des:C,0.38337,2.886886733508977e-05,3.9973554094300646e-05,4.805052788877533e-07,1.1988414977362278e-06,2.536566229326937e-08
1283272,des:C,0.38353,7.978034026100377e-09,2.6272757601942105e-07,1.2030276497581703e-07,9.211241072043759e-08,2.5392466856712343e-08
1291788,des:C,0.384,3.618422242389231e-06,6.305423218601814e-06,6.807671117407893e-07,8.121684513568885e-07,2.547128712344649e-08
1702096,des:C,0.38809,9.434657248620022e-08,2.040500813509964e-07,2.553426050097674e-07,2.2060256298156926e-07,2.616234735071885e-08
1702083,des:C,0.38884,2.211705914764335e-08,4.3508978621258104e-08,1.1833223851330978e-06,1.176129360358866e-06,2.6290073458349105e-08
1643313,des:C,0.39044,1.9585088406073482e-08,7.321535767919404e-08,4.3853868929947374e-10,1.197379364152874e-09,2.6563595333958256e-08
1307953,des:C,0.39146,4.245091625067082e-08,2.816818184510101e-07,1.3170445814856672e-06,2.3263794794146566e-06,2.6738704357755483e-08
1923155,des:C,0.39201,5.391559680133619e-09,3.544364857567069e-08,9.500470910500949e-08,9.735196992717983e-08,2.6833364618700962e-08
1291794,des:C,0.39512,6.684328858151503e-07,3.1956022278747204e-06,4.6633080121705134e-05,3.907009603911372e-05,2.7371772270379033e-08
1254762,des:C,0.39827,9.975792935134281e-08,1.1396547038608535e-07,1.5822126896807693e-05,1.5134045566232842e-05,2.7922556415011722e-08
1920362,des:C,0.39835,2.9368710332681295e-07,3.247795648528537e-07,2.0135183637012222e-06,9.099481504803741e-07,2.793661602261285e-08
1335885,des:C,0.39932,7.590860815881659e-07,1.4636713847854043e-06,6.527685758186421e-09,9.535714729044371e-09,2.8107370345540556e-08
1581048,des:C,0.40194,6.627562011342867e-08,1.3911367124975598e-07,7.68710992468628e-08,6.001828571803931e-08,2.8571183437991354e-08
1257419,des:C,0.40361,2.422879723980838e-07,2.6189356990906387e-07,2.8026696359316286e-08,2.5128224187573372e-08,2.886880071377875e-08
1304777,des:C,0.40476,7.921020843409992e-08,3.831058081382561e-07,1.7979742115887058e-08,3.025182095501737e-08,2.9074643321689243e-08
1284601,des:C,0.40512,2.122185565678566e-08,8.360039261746928e-07,1.0757487665930588e-07,1.2315393035437683e-07,2.9139231294634155e-08
1308314,des:C,0.40647,1.1116685171505453e-08,1.0025459313097872e-07,3.035151140574665e-08,6.241678589351884e-08,2.9382074415248087e-08
1719037,des:C,0.40746,9.304707693244579e-10,3.433366831789792e-09,2.236466585434167e-09,1.7746578150879781e-09,2.956079983180962e-08
1892217,des:C,0.40897,2.370324215643261e-09,7.208357957297739e-09,4.284527779837285e-09,2.109088513565435e-08,2.983444488440591e-08
1495047,des:C,0.41097,4.220413595767051e-08,4.955881972307926e-07,1.7960918472983186e-05,7.903193970715761e-06,3.019882945493914e-08
1301963,des:C,0.41527,4.778379213946384e-07,4.6869094455500514e-07,2.2886250951074215e-07,4.6343731060695386e-07,3.098974574915771e-08
1289600,des:C,0.41962,4.064842656865453e-06,8.536647479315597e-06,2.1281716368593408e-07,3.791140540751382e-07,3.18002614739328e-08
1265426,des:C,0.42029,9.49340620544147e-08,2.354413759719023e-07,6.698972126557007e-05,0.00010696308066391352,3.1926029394287825e-08
1338762,des:C,0.42054,9.390600911786377e-08,2.467171646483979e-07,1.3977384875463798e-07,3.383582105288251e-07,3.1973021309990297e-08
1306626,des:C,0.42089,3.943124800617444e-06,3.4297852143376304e-06,3.1033709496145976e-09,5.174267625864883e-09,3.2038868049860605e-08
1332721,des:C,0.42224,3.1203271011063267e-07,3.92828152756988e-06,1.0574993072718033e-08,1.4836427403073056e-08,3.229348282199728e-08
1257256,des:C,0.42235,1.7064859090626393e-07,9.278449269403144e-07,5.235128983788492e-06,2.7186118275878467e-06,3.231427361129864e-08
1567044,des:C,0.42273,7.226747278953083e-07,2.871685516275509e-06,2.1855344681320027e-07,2.849248929712734e-07,3.2386147815973156e-08
1318659,des:C,0.42354,3.626821091176797e-09,3.054323122918301e-08,8.110264660553737e-06,1.8125195114274313e-05,3.253961984321894e-08
1264039,des:C,0.4246,1.5752727027493003e-09,2.030168210208157e-08,7.674591438795659e-09,5.8904455285602154e-09,3.274100779128212e-08
1280039,des:C,0.42569,3.790223685315462e-07,1.6646434812010394e-06,4.184960952042518e-09,2.8396322947039037e-09,3.297292450648887e-08
1335432,des:C,0.42692,7.367075064724693e-08,1.5201963222054528e-06,1.4261364961645118e-07,7.379297528075313e-08,3.325149788825158e-08
1655086,des:C,0.42781,1.9023975403914812e-06,1.0027241724797341e-05,1.419184778987898e-08,9.760525682345272e-09,3.345379796179955e-08
1293789,des:C,0.42857,1.7212065861809714e-06,2.900112474801934e-06,1.3417891258095682e-09,1.8493559357351172e-09,3.362703423293468e-08
1618042,des:C,0.42893,4.694612100613119e-08,1.395239614324018e-07,3.452503210294216e-08,6.196729088261003e-08,3.3709249669725834e-08
1810236,des:C,0.42926,4.6837217712596845e-08,3.722183195475172e-07,2.2181259297717903e-09,2.3368752572638e-09,3.3784702003304407e-08
1290007,des:C,0.43112,3.778124735353152e-07,1.229394173407545e-06,2.2477647470171357e-08,1.406266982532428e-08,3.42115563305146e-08
1899442,des:C,0.43144,1.3064497057010568e-07,8.995229223644033e-07,3.2164392674253854e-09,1.3214606691289951e-09,3.42852637992086e-08
1252521,des:C,0.43322,4.621899607505437e-08,1.652256331788183e-07,1.8423827228898193e-07,1.3393947823859638e-07,3.4696709238753964e-08
1277945,des:C,0.43369,2.806985150947556e-07,1.0815975598564652e-06,2.64326110370628e-09,2.4760402429751353e-09,3.4805758873142185e-08
1861164,des:C,0.43446,4.342243842789332e-09,2.1571439757599353e-08,4.958150677483028e-09,2.204635184761974e-09,3.498478443011295e-08
1933168,des:C,0.43495,8.47733316170879e-08,2.701915120885978e-07,1.7882784988095593e-07,1.952565353415403e-07,3.509894888994834e-08
1297063,des:C,0.43516,5.07512539743496e-09,8.18030088001416e-08,3.413990210743853e-09,2.6224766708126674e-09,3.5147933445448823e-08
1263930,des:C,0.43578,9.264494181612097e-08,3.3990201009665345e-07,1.8542091666945947e-07,1.372246847826847e-07,3.529275380729478e-08
1308916,des:C,0.43769,3.2871092905599705e-07,1.0057807065082618e-06,3.3999417947283294e-07,1.2388632056217933e-06,3.574076539744883e-08
1880304,des:C,0.44419,2.5919861842504373e-07,7.794202284341529e-07,1.0035184540414936e-07,2.23967767372567e-08,3.728658271865489e-08
1904293,des:C,0.44623,6.04217319123501e-09,2.5553517406201876e-08,2.538923042633693e-06,1.923541931312055e-06,3.777847854077262e-08
1340539,des:C,0.44766,3.3967292003001034e-08,6.763459256961054e-07,2.5996010464272288e-05,4.360600021089671e-05,3.8125209578913975e-08
1862183,des:C,0.44864,4.1454628065992096e-07,8.652981034442749e-07,8.736948823029631e-08,7.627689610495178e-08,3.8363744124238825e-08
1389177,des:C,0.44895,4.441987511647567e-08,1.5274069720156188e-07,1.470491984556842e-05,1.0309526734628337e-05,3.8439353801839155e-08
1330964,des:C,0.45085,5.611639826104251e-08,1.368140631133443e-06,1.0233388673190541e-09,1.58570788503567e-09,3.890439413493189e-08
1390164,des:C,0.45102,6.072040187696134e-08,2.3281538458239892e-07,6.253859359152539e-07,1.0924381031620698e-06,3.894613928994597e-08
1392400,des:C,0.45205,8.072404615994446e-08,1.5305836864411836e-06,3.283271849527756e-08,7.548117947554386e-08,3.91995444929173e-08
1262084,des:C,0.4536,1.1532936690819612e-05,1.6804790651544338e-05,1.0685786893733366e-07,1.3505373857016891e-07,3.95824311441889e-08
1512067,des:C,0.45394,3.942844454190893e-08,1.5247846946526295e-07,3.0201381685444606e-06,4.569555654646039e-06,3.966666804862421e-08
1900865,des:C,0.45405,9.328730469423925e-08,5.825296778624809e-07,2.717166753038707e-05,0.00014826185328354084,3.9693940335023764e-08
1306360,des:C,0.45478,1.7703395646973146e-07,9.869256221984073e-07,1.774204234032916e-07,8.433340877976292e-08,3.987516662359164e-08
1366475,des:C,0.45546,3.527310354743448e-08,1.7799808356025362e-07,7.07811233816384e-09,8.635862810085414e-09,4.0044351474756554e-08
1310963,des:C,0.45919,1.6683366891895913e-07,1.9298706517347436e-07,1.0356159262986068e-08,7.078013044083213e-09,4.0978750594615235e-08
1253180,des:C,0.46154,2.525544864421664e-07,1.865671532476567e-06,1.4178772105722924e-07,1.9905502766600803e-07,4.157298051820706e-08
1252970,des:C,0.46198,1.9552545078760002e-08,7.984937642679644e-08,3.183725338105049e-08,4.219420603465229e-08,4.1684716011401495e-08
1889211,des:C,0.46351,2.4870638798562865e-05,9.59916272118155e-05,3.734586884633607e-09,2.832554442550747e-09,4.20744180889895e-08
1699105,des:C,0.4659,2.6565046455341384e-07,5.773757066891402e-07,1.4350916201068626e-05,3.735789262452024e-05,4.2686796722731714e-08
1854103,des:C,0.4668,8.302395954401302e-06,1.4673056258607383e-05,8.990351205913796e-09,8.140383429424967e-09,4.291854628549337e-08
1254671,des:C,0.47065,1.354713735337022e-06,8.073522286453585e-06,1.2440328073163566e-09,4.406995786976126e-10,4.39170017603604e-08
1299758,des:C,0.47241,1.4456361059721499e-06,3.973543008940594e-06,1.3995109139879295e-09,1.1839619769972627e-09,4.4377262376311736e-08
1265134,des:C,0.47304,2.456965536279746e-07,3.4125454832202094e-06,4.196927142973632e-07,1.7315476520682134e-07,4.454259788027541e-08
1936171,des:C,0.47336,7.711213137767242e-08,1.3769585066269735e-06,2.2925192778164368e-08,3.417295489330298e-08,4.462669555128815e-08
1261173,des:C,0.47377,1.6738234604700463e-06,3.617323876555428e-06,3.511068393609146e-07,5.265059290270768e-07,4.4734561604560474e-08
1702112,des:C,0.47547,2.6350430823705885e-10,7.507910100326166e-10,1.6603512236738622e-08,2.8615652518250082e-08,4.5201450510979336e-08
1257775,des:C,0.47598,8.839134530842469e-08,2.50584481350494e-07,1.0094237759914494e-07,1.601909868143592e-07,4.535634305427124e-08
1252513,des:C,0.47767,2.1226255435100486e-07,3.1839191465941236e-06,8.948001429773318e-09,1.7211929900872846e-08,4.587150796348165e-08
1562077,des:C,0.47842,5.32849773183087e-07,2.6005755420835583e-06,5.521007779163474e-07,8.802241573389359e-07,4.610106344462149e-08
1318052,des:C,0.48068,3.210915321363567e-07,2.179337064558402e-06,4.862304686329743e-08,1.661290119143482e-07,4.67962551240285e-08
1309323,des:C,0.48309,4.908547458412346e-08,1.3410278201929596e-07,2.879547450556808e-08,3.368607593938579e-08,4.7543319750400137e-08
1257335,des:C,0.4841,4.275242433837017e-06,7.5848377233650944e-06,4.8119452798838434e-08,6.077906077680558e-08,4.785816411532614e-08
1285539,des:C,0.48417,1.6996565122024004e-05,2.542943027703356e-05,3.6778756392984915e-07,4.5333222619967295e-07,4.788002351423055e-08
1878288,des:C,0.48449,9.152111241968841e-06,2.0630126177242033e-05,2.137126106390022e-07,4.2060676602918465e-07,4.7980015754328736e-08
1332689,des:C,0.48766,1.0391184264863248e-07,9.805901191301284e-07,5.57032935972804e-09,2.8038893845016733e-09,4.8976198310983585e-08
1319840,des:C,0.4897,3.657083504239026e-07,8.29161875544668e-07,1.962930379614195e-06,2.3895530222971993e-06,4.962268772073672e-08
1811099,des:C,0.49007,5.347695380504996e-07,2.7297731803139682e-06,4.4239777766372994e-08,4.8560594342164415e-08,4.974039728680113e-08
1292145,des:C,0.49245,1.7661591127051465e-06,2.5666962955353766e-06,3.5479361337823735e-06,3.02520959162942e-06,5.050088942029216e-08
1254070,des:C,0.49252,2.9107720338186118e-08,9.179969575340905e-08,3.608308271389317e-06,7.228254735233513e-06,5.052334417921851e-08
1253895,des:C,0.49276,2.12483333275347e-08,1.0112818966480448e-07,1.116145978575652e-09,6.583825765045841e-10,5.0600369815291835e-08
1318689,des:C,0.49338,8.820562479640508e-06,1.2248179800195237e-05,1.6913254775559168e-06,6.043872440704087e-06,5.079962426191409e-08
1703072,des:C,0.49417,1.3656204954873035e-08,5.3008883794298126e-08,3.2548487363959815e-07,5.600233303733625e-07,5.105408029043208e-08
1343208,des:C,0.495,4.092888656273316e-07,1.429239827372321e-06,7.587575198093979e-06,2.626235990628041e-05,5.1322104959844416e-08
1263936,des:C,0.49523,8.795262320096162e-07,3.3741864863428405e-06,4.837163024490946e-09,1.0679013949273879e-08,5.139650102109353e-08
1342906,des:C,0.49743,2.9783630935234185e-08,3.947719479685356e-07,1.8481541879198453e-07,1.8851874824758385e-07,5.211083818439451e-08
1253046,des:C,0.50134,6.351993511270139e-07,3.781463186610883e-06,5.827397206258831e-08,1.6126347398271738e-07,5.3392577132120233e-08
1341857,des:C,0.50314,6.364598242228514e-07,9.118192275659171e-06,3.35136337313317e-09,5.998783764321408e-09,5.398787046547788e-08
1346139,des:C,0.50323,1.8529651897760995e-07,6.106438483037373e-07,3.7559053272545954e-07,5.327264244155407e-07,5.4017721762376797e-08
1293921,des:C,0.50492,8.419019742658975e-10,1.807328470078874e-07,7.362382189593554e-08,6.966143407889163e-08,5.457979482813749e-08
1254670,des:C,0.50495,2.0498750729290656e-08,5.696114420392349e-08,1.3469464870306018e-06,9.025582046898241e-07,5.4589798735889773e-08
1891261,des:C,0.50558,2.3235620384334482e-07,6.398091829806611e-07,1.291548133754755e-07,7.51974947728507e-08,5.4800092561445496e-08
1473027,des:C,0.50566,4.1440147006700065e-06,1.3276364132733262e-05,2.3146739741242633e-07,2.032803738609172e-07,5.4826825466966755e-08
1343759,des:C,0.50617,2.5655155010517906e-07,9.26966570398246e-07,5.084105849513697e-06,7.555303830676844e-06,5.499740098502858e-08
1329663,des:C,0.50765,1.4441748797545617e-07,2.3517891977694615e-07,1.5023270292667835e-06,1.1857583575521384e-06,5.549390441014817e-08
1876204,des:C,0.51008,2.647659361081158e-07,3.466631573750297e-07,4.680234551976193e-09,4.413738570043968e-09,5.631394827534276e-08
1256432,des:C,0.5113,6.765217825781632e-07,3.920290961573438e-06,1.4877527010081779e-08,1.6967670681763688e-08,5.672792540941908e-08
1922405,des:C,0.51619,4.951660816596842e-07,1.7733620995943811e-06,3.29512059898911e-05,5.6098187204661404e-05,5.840244371696729e-08
1332614,des:C,0.51856,4.523839619945233e-08,6.15944440710606e-07,6.499163814484128e-08,1.0936605562001672e-07,5.922278302041765e-08
1659122,des:C,0.51872,7.647234958707106e-08,1.7916864059405192e-06,4.914902021481876e-06,8.053200174953166e-06,5.927837073736378e-08
1252225,des:C,0.51956,3.004845868539349e-08,6.096009129233788e-08,3.0829235793183343e-06,1.2684984266446888e-05,5.957063405495131e-08
1257602,des:C,0.52211,8.8888288900011e-08,5.271917949326273e-07,6.931130899602029e-07,6.378923560028751e-07,6.046226454084733e-08
1286881,des:C,0.5228,9.954482901141964e-07,2.12051899269152e-06,6.895925426710454e-08,7.740979878679122e-08,6.070466782930919e-08
1335671,des:C,0.52427,2.351246104573852e-07,1.9148186169582446e-06,9.132055316263007e-05,5.190539438346537e-05,6.122270932411764e-08
1514059,des:C,0.52427,2.6629970428254677e-07,1.8185996752255012e-06,0.00012627836698876524,0.00010261544918846944,6.122270932411764e-08
1294806,des:C,0.52535,5.100878996730027e-08,3.4018851231902806e-07,3.987074032141871e-06,2.609434168588183e-06,6.15248351677893e-08
1301922,des:C,0.52616,3.0906850506998484e-06,5.756827150125742e-06,5.199552373499058e-09,7.2703254345696085e-09,6.162683815018884e-08
1261259,des:C,0.52723,1.6569552630916073e-07,6.90182846790251e-07,1.9710182530557416e-07,3.8733321646695924e-07,6.176171234773406e-08
1371206,des:C,0.52779,7.029940475355116e-07,1.7703395616139132e-06,4.250075393096937e-08,3.4049040608525994e-08,6.18323594835372e-08
1304503,des:C,0.52971,2.800348704781723e-06,2.4643845782571603e-06,3.627764737293831e-08,4.0778387325394096e-08,6.207488481101718e-08
1324544,des:C,0.52973,9.753272641382584e-08,2.9122504694440306e-07,5.214808899661176e-08,3.8447208939484026e-08,6.207741361465431e-08
1490034,des:C,0.53002,1.7627593194545668e-05,3.1711059368447626e-05,1.643264511414612e-06,2.8864007666104164e-06,6.211408705561005e-08
1817269,des:C,0.53009,2.436744260644743e-08,2.3495898782772098e-07,1.601196262752079e-08,1.0820830286096896e-08,6.212294088800185e-08
1472020,des:C,0.53112,1.7827281553890758e-07,1.5332466880206642e-06,2.0048893086436313e-08,3.822898585593713e-08,6.225329165580558e-08
1261233,des:C,0.53166,1.1255579750732837e-07,7.079808815593123e-07,7.290511508560044e-06,5.033562343948346e-06,6.232168547899413e-08
1550103,des:C,0.53166,1.8003904562269693e-07,1.0506733563629192e-06,2.8230989503139364e-08,5.6781476780149575e-08,6.232168547899413e-08
1346628,des:C,0.53191,1.1097201417377609e-06,7.200369872574929e-06,5.420251663455144e-06,1.7546694700336395e-05,6.235336200208557e-08
1337703,des:C,0.53225,5.112564347493485e-06,6.668035755876002e-06,0.0021219665163126097,0.0023760190870913043,6.239645498914445e-08
1295249,des:C,0.53251,2.2952434894271686e-06,2.4887262786628044e-06,1.5990237051746251e-06,1.0410257186516483e-06,6.242941849391144e-08
1323777,des:C,0.5329,3.305780345134641e-07,1.0444283920621762e-06,6.259426528445924e-08,6.944148660662187e-08,6.24788800726926e-08
1254000,des:C,0.533,3.147783419362926e-06,6.482637905602808e-06,1.0926759868889376e-07,1.2469698159310513e-07,6.249156568366147e-08
1297061,des:C,0.53387,5.971678113960526e-08,5.3973844214963e-07,9.43261821399646e-10,1.159751508755334e-09,6.260198483367861e-08
1470063,des:C,0.53547,2.4221605798212215e-07,1.2262595298555766e-06,1.3647820948564522e-08,1.2999105786173885e-08,6.280530898483022e-08
1339425,des:C,0.53579,1.1469483210447058e-08,7.309449918305228e-08,2.152690216312991e-06,7.519443852571227e-06,6.28460133732723e-08
1289714,des:C,0.53582,7.159709934241414e-09,7.392716565649306e-08,1.354525085840823e-08,2.873599495744637e-08,6.284983008573285e-08
1254002,des:C,0.53591,2.0309190517195534e-05,3.3851013337707876e-05,2.2717526728283103e-08,1.1103941200644029e-08,6.286128091847376e-08
1313026,des:C,0.53696,2.2007314243457105e-07,1.0586504588411022e-06,7.773133098983541e-08,6.358789075612843e-08,6.299495103608908e-08
1644290,des:C,0.5373,1.0183277391626274e-06,1.8125588808235967e-06,7.856913576001735e-08,5.7560764981445905e-08,6.30382651216246e-08
1934253,des:C,0.53739,2.53213954126297e-07,1.0287208677388867e-06,1.0860249294617236e-08,9.79752902140846e-09,6.304973310655967e-08
1260568,des:C,0.53805,2.0434998723253015e-08,2.981334841154002e-07,2.279610332655468e-09,2.7169029554713594e-09,6.313386353337442e-08
1474020,des:C,0.54148,2.1262937014785726e-06,9.996605349215091e-06,2.172916338530962e-06,5.025789561828865e-06,6.357199005156792e-08
1324542,des:C,0.54154,1.5647478927274615e-07,6.528110119049357e-07,5.530077572891842e-07,4.0987916026859265e-07,6.357966755453756e-08
1324685,des:C,0.54183,8.174492022879028e-07,3.605863959909016e-06,7.506920948488266e-08,5.591823328690263e-08,6.361678202064198e-08
1341000,des:C,0.54203,1.9083165347418152e-07,8.87092256566605e-07,9.173589648803315e-09,5.7861283978285765e-09,6.364238451390648e-08
1861210,des:C,0.54229,2.532316150386837e-07,6.966806990007108e-07,2.2214682915450448e-05,8.034263744902818e-05,6.367567545560763e-08
1876731,des:C,0.54291,5.541460848328416e-07,3.403320914647474e-06,6.453838757911834e-08,5.768318245605198e-08,6.37550966758729e-08
1367408,des:C,0.54306,1.2754757367486021e-08,6.956055228584421e-07,3.45709957533198e-09,2.2530005869785974e-09,6.377431892370961e-08
1302055,des:C,0.54327,1.926866566651341e-07,5.705343674671754e-07,4.4502690557883866e-07,3.6417161675480096e-07,6.380123493819332e-08
1322954,des:C,0.54327,1.3442650088375735e-09,3.3778653318094296e-08,8.586934293600605e-08,1.2024043463064505e-07,6.380123493819332e-08
1290995,des:C,0.54351,2.215518779250451e-05,8.235039834385518e-05,2.2819457239396866e-09,4.7902595632380614e-09,6.383200305119585e-08
1297353,des:C,0.54402,5.010268100537031e-06,2.5705028901415114e-05,8.501644861061677e-08,4.418244531416159e-08,6.389740991863228e-08
1945116,des:C,0.54469,1.3386435117587526e-07,9.138864508953262e-07,2.4478096550945533e-07,1.6024281467035792e-07,6.398338749048708e-08
1389210,des:C,0.54865,4.4918024136412345e-07,1.2674093347496173e-06,7.751594497806824e-08,7.952637423860246e-08,6.44927339257474e-08
1297157,des:C,0.54888,8.82193666010619e-06,1.0929764920513465e-05,0.00012513869384579804,0.00030115161119177145,6.452237922623387e-08
1643316,des:C,0.54894,6.412880097895306e-07,3.984409980186605e-06,8.548227739395063e-06,1.109517994894272e-05,6.45301139031841e-08
1570024,des:C,0.55064,3.2443542025259186e-07,1.575619736902509e-06,1.5249780637382387e-08,1.5126076644172243e-08,6.474945572368293e-08
1306736,des:C,0.55145,1.625394344779675e-06,3.501440525071553e-06,9.432833162238298e-07,6.681484293572593e-07,6.485409655129511e-08
1315818,des:C,0.55218,7.06544233502079e-08,2.5230780594730575e-06,1.0052556921209093e-08,1.214604408591345e-08,6.494847486409662e-08
1260551,des:C,0.55236,7.78789725719304e-06,9.640537128435855e-06,5.350859170668386e-07,1.0416316959724269e-06,6.497175677518024e-08
1896254,des:C,0.55283,7.156545801453139e-07,3.044560252150323e-06,0.00022382225020673612,0.0008854961608371598,6.503256810154609e-08
1252142,des:C,0.55288,1.2225667460239194e-06,2.158748707465407e-06,3.655653916657087e-07,4.401119705897625e-07,6.503903906559615e-08
1912020,des:C,0.55436,4.820627133536077e-08,2.3189919876467142e-07,6.073834245368356e-09,6.3256080396537356e-09,6.523072539518475e-08
1260605,des:C,0.55534,2.450619131388611e-07,1.0277450618603132e-06,3.846321248435257e-09,5.461417739820404e-09,6.535780804927151e-08
1504139,des:C,0.55644,1.9757181293741008e-08,7.545697339004372e-08,2.039559395521387e-09,1.1959663742008261e-09,6.550059915781295e-08
1291842,des:C,0.55763,1.1905386497823975e-05,4.707357018174339e-05,2.4708563188246127e-07,3.310252145553389e-07,6.565524863111037e-08
1326367,des:C,0.55797,1.02706695169024e-06,1.3069741310439833e-06,2.440019187302386e-07,1.3538317284617665e-07,6.569946768804358e-08
1810087,des:C,0.55943,5.995101994958853e-07,1.7774905332024148e-06,7.046294009471695e-08,6.164539169955191e-08,6.588951872484031e-08
1304779,des:C,0.55993,2.4133936608123098e-05,4.070472607959237e-05,3.522468263750422e-07,3.5768534425741725e-07,6.595466779375715e-08
1654105,des:C,0.56271,4.241879241298687e-06,1.4616956003883397e-05,4.969921813216651e-09,7.1897021471239695e-09,6.631748370615162e-08
1319926,des:C,0.56341,3.2109586263326064e-09,7.209270824813271e-08,9.761239946206015e-09,2.0777128506883997e-08,6.640899707299293e-08
1942106,des:C,0.56584,1.9792061669004735e-07,4.6395602334212376e-07,1.0161256955668836e-06,2.503657474954442e-06,6.672716889603916e-08
1850154,des:C,0.56823,5.154132357626159e-07,2.215769994659703e-06,3.249378915805721e-05,5.5447673054883365e-05,6.704084502644846e-08
1345458,des:C,0.56872,3.4107711278202856e-07,1.9273151384677615e-06,1.533537173275741e-08,2.5140160400423997e-08,6.710524605571643e-08
1326273,des:C,0.56949,1.2656186416382879e-08,1.8766534572325196e-07,1.2296575387456223e-07,1.0907563413793337e-07,6.720651013957475e-08
1895233,des:C,0.57035,1.257509634037495e-05,2.575306767500736e-05,1.7005899352951586e-08,3.462690318137966e-08,6.731970054023526e-08
1448122,des:C,0.57688,1.2617649841279535e-08,1.2821474515243646e-07,1.898813513537212e-08,2.1263685193562467e-08,6.85881869998836e-08
1335854,des:C,0.57869,1.6377064857559344e-07,4.210772982456562e-07,1.7569685724164778e-06,2.4309199611842214e-06,6.922159197943825e-08
1330339,des:C,0.57914,4.3081907310866397e-07,1.1730221129609517e-06,0.0004067501203688261,0.0006348209776903326,6.937952023129568e-08
1435033,des:C,0.5804,8.837460865451119e-08,1.2435516786880395e-06,5.180369222195247e-07,7.273320823777157e-07,6.982267667320926e-08
1262055,des:C,0.58072,1.2650311228524135e-06,2.3563451792259116e-06,6.688417694646098e-08,1.328592771657098e-07,6.993544899032565e-08
1927254,des:C,0.58091,4.472124866928152e-09,2.9881680922019974e-06,7.579830215638971e-07,1.037448020863986e-06,7.000245060843774e-08
1334265,des:C,0.58586,1.610195190047127e-08,1.3967159026921447e-06,3.75672115659822e-07,1.0288149755241355e-06,7.175932397126327e-08
1294971,des:C,0.58822,1.2797221624360762e-08,4.0517630756171035e-08,9.254673930485835e-07,1.1557437556574088e-06,7.26046096725066e-08
1302073,des:C,0.58845,5.782247897215131e-07,1.3535098223117876e-06,3.186329983520182e-06,4.169352835939722e-06,7.268725389394988e-08
1370806,des:C,0.58895,1.6467507709555408e-08,7.828704103104755e-08,4.9889162045576126e-08,5.344748513969772e-08,7.28670774225325e-08
1324536,des:C,0.58899,6.644265378469938e-07,8.18665701367404e-06,3.0877642467054205e-06,1.6694864434336873e-06,7.288147290218102e-08
1946322,des:C,0.59043,5.490970035914495e-05,0.00010195174172592089,2.3380738362274955e-08,3.702766113167611e-08,7.34006571090537e-08
1253997,des:C,0.59079,4.532329365664329e-07,5.3910993899759075e-06,1.8487256550040148e-08,1.7355699000624637e-08,7.353074108158728e-08
1260639,des:C,0.59141,2.4599785916681134e-06,3.7229208488867624e-06,1.3180079403883783e-06,1.0056604891395752e-06,7.375504456003828e-08
1896244,des:C,0.59156,1.7342619823596296e-07,5.425430872424844e-07,3.7062347101215943e-09,4.543772355109938e-09,7.380936284985061e-08
1595110,des:C,0.59269,5.793457872629146e-08,1.7806167813177508e-07,9.466359067240227e-07,2.1814676684890656e-06,7.421920330079935e-08
1290191,des:C,0.59506,2.8465161698522593e-07,1.7805611539158844e-06,2.1276717307067157e-07,2.427278548704101e-07,7.508246582884259e-08
1319653,des:C,0.59552,2.3456583205955415e-06,6.226081638134657e-06,1.0449564004012467e-08,7.299966887987645e-09,7.525059731205597e-08
1251126,des:C,0.59788,5.537668858427625e-07,2.449224168425672e-06,9.339319868901201e-09,2.4818023137427567e-08,7.611614197501535e-08
1261236,des:C,0.59789,1.4280103036410983e-07,4.6148796037877767e-07,3.1463342334211548e-06,3.2206944788692087e-06,7.61198200675841e-08
1339220,des:C,0.59992,1.3764421584078011e-08,3.3949916557363365e-08,3.098567752191844e-07,3.5292872608236443e-07,7.686831288626236e-08
1252199,des:C,0.60498,2.731655914424496e-07,4.94940797758393e-07,2.463245751804136e-06,2.674373742998453e-06,7.874995443618942e-08
1254889,des:C,0.60551,9.042268840124467e-07,1.219345611516772e-06,1.5846615103432355e-07,1.6531601214915727e-07,7.894835976675814e-08
1549078,des:C,0.60558,8.136668828331773e-08,3.987022515018485e-07,1.5513827002565972e-06,3.052880454262193e-06,7.897458290591461e-08
1335387,des:C,0.60582,4.450397200752231e-07,2.6284086275063133e-06,1.9748695873137992e-08,2.5136389565079554e-08,7.906452386916766e-08
1335675,des:C,0.60735,3.608328478384267e-07,1.6266865955257023e-06,2.1742478477169002e-07,1.5705679758101773e-07,7.963910077899666e-08
1929034,des:C,0.60827,4.597819871074649e-08,5.393817107451519e-07,2.509707876259172e-09,4.291154840909082e-09,7.998559950816662e-08
1246334,des:C,0.60861,1.5688768702830166e-05,3.931554139062226e-05,1.7600461827896944e-07,1.2405993847693466e-07,8.011384373398727e-08
1297377,des:C,0.60981,1.4019475038513833e-05,3.3580426170721265e-05,2.7078086204996428e-06,2.4361420301608575e-06,8.056729152087081e-08
1316461,des:C,0.60984,5.270298730317157e-08,1.2577326845713964e-06,7.19957999837722e-07,1.9471764911044435e-06,8.057864411103484e-08
1431108,des:C,0.61052,3.368196869189099e-06,1.1056092973289512e-05,3.274733837201273e-08,3.932657163162228e-08,8.083618400684129e-08
1261144,des:C,0.61069,3.0681401911449884e-07,7.234768932390697e-07,4.69916584691107e-07,4.063001727475691e-07,8.090063318535885e-08
1413048,des:C,0.61122,1.022603999405832e-06,5.081193716979002e-06,6.848634626873217e-05,0.00013434479132345788,8.110172782075944e-08
1959025,des:C,0.61137,2.2049042829951625e-07,4.685363441190037e-07,3.1734213315065845e-05,0.0001622791419690546,8.115868671768534e-08
1644180,des:C,0.61154,0.00025661889192322925,0.0003468215649841578,1.4136495198675487e-07,1.8296965259067703e-07,8.122326430533227e-08
1904321,des:C,0.61177,4.98210530595827e-07,1.1761964382786985e-06,9.592661166598539e-07,6.803298627467357e-07,8.131067486038293e-08
1289470,des:C,0.61207,2.0863095873600763e-09,1.1895656286512862e-08,3.558801756748424e-08,2.951600240801159e-08,8.142475927507734e-08
1644061,des:C,0.61287,2.3505429577626474e-05,3.819575452195856e-05,9.981268272087973e-07,2.205722862129726e-06,8.172937538450554e-08
1332594,des:C,0.61302,3.4175785860381466e-07,3.062096268488433e-06,1.17251300989186e-05,3.069761954784266e-05,8.178655422094369e-08
1311113,des:C,0.61533,4.102690365990647e-06,1.3803069412809117e-05,6.1453579557271005e-09,1.0946042052136202e-08,8.266963320769093e-08
1316626,des:C,0.61601,6.197989496733235e-09,4.1574609178373834e-08,2.2240541420948017e-07,3.955557435951031e-07,8.29304905911245e-08
1387162,des:C,0.6175,4.170027231965004e-07,1.2160331235988833e-06,1.623267191553813e-06,2.3200578704246205e-06,8.350351177900359e-08
1261163,des:C,0.61854,1.331767930528765e-08,3.8018146224799404e-08,1.9912693376779683e-08,3.0725574885669094e-08,8.390464197727971e-08
1812092,des:C,0.6187,1.115731167834111e-06,3.873824945117743e-06,1.3941062390845237e-08,1.908157706602103e-08,8.396643962534782e-08
1338849,des:C,0.62002,1.5600711974745756e-07,7.580566429530395e-07,7.564767153878097e-07,5.173575451905439e-07,8.447713824984763e-08
1301915,des:C,0.62043,1.1883238417344122e-07,4.788704942772408e-07,5.5299091487841195e-09,2.5534151142190206e-09,8.463607949553176e-08
1334253,des:C,0.62076,2.884592850551338e-06,4.333199603425483e-06,1.0688298608642835e-07,3.902946396317307e-08,8.476411631871891e-08
1335818,des:C,0.62253,8.661910472530751e-07,2.8093614780153554e-06,2.072389037998066e-07,1.8384476470263266e-07,8.545251082524909e-08
1598039,des:C,0.62292,4.908607094759683e-08,4.993163511552494e-07,6.34566074333146e-07,9.769605975092231e-07,8.560456526781729e-08
1267094,des:C,0.62318,1.8688275026659363e-07,1.8538780883903501e-06,2.3941556835811992e-08,2.4292671755870373e-08,8.570600998665674e-08
1332632,des:C,0.6232,1.134103302350307e-08,8.797507600758968e-08,3.9497134908423607e-07,3.796825887830831e-07,8.571381591477265e-08
1833321,des:C,0.6248,1.385068180178862e-05,2.8517305357235437e-05,0.0002304811176570777,0.0015022036922608469,8.633944184725205e-08
1280762,des:C,0.62617,9.082405382569341e-08,6.596648893870365e-07,6.328034214035043e-07,8.583312616709506e-07,8.674930630285418e-08
1251114,des:C,0.62632,5.163633096701973e-07,1.3728795052697058e-06,1.0108797669168302e-06,2.0763904062104253e-06,8.679185235950563e-08
1334858,des:C,0.62737,9.07876795838362e-07,8.752138857684796e-06,9.480040494054276e-06,3.071887671338659e-05,8.708996681746499e-08
1370308,des:C,0.62863,6.895801466108129e-07,1.2155533392590978e-05,8.535586710690634e-07,1.371343135119992e-06,8.744837882886388e-08
1315832,des:C,0.6291,3.4154501738716035e-07,1.953192133902349e-06,1.5824949720528907e-06,1.489873204600087e-06,8.758226067052205e-08
1375087,des:C,0.62952,4.460546272100954e-06,1.2498204753614177e-05,2.6008106971336815e-09,2.3882914117003877e-09,8.770198640795141e-08
1311001,des:C,0.63094,1.8895263980010258e-07,2.146566060353645e-06,3.857999126248677e-07,2.9902188378723257e-07,8.810737905834264e-08
1280790,des:C,0.63211,5.845266186394109e-06,8.444092627593224e-06,2.4599637528099223e-08,3.103680864725893e-08,8.844210217092718e-08
1314289,des:C,0.63264,4.101497928523518e-07,1.3229693255408097e-06,7.880623330416974e-08,2.779355842210281e-07,8.859393772713124e-08
1290812,des:C,0.63503,6.629141080701867e-09,5.490373509582806e-08,3.8086844098975044e-08,8.513361009265582e-08,8.928024779028265e-08
1297580,des:C,0.63561,1.1754095382879405e-05,2.0166253548740332e-05,3.7556640539593486e-08,7.521680345494967e-08,8.944719931284782e-08
1900801,des:C,0.63579,1.2739522433718087e-07,4.84193552141312e-07,5.186088223490413e-07,2.5235503949672296e-07,8.94990435638598e-08
1546021,des:C,0.63706,3.13678735418571e-08,3.328900717709876e-07,2.3619736443488464e-06,9.274979201420834e-06,8.986526040716028e-08
1340460,des:C,0.63779,1.724563097480526e-06,3.070087722097557e-06,4.277984494248107e-09,6.545355881725914e-09,9.007610142249048e-08
1904352,des:C,0.64337,5.3233422835215155e-05,0.00018176986399236013,4.168547762796485e-07,4.495480541572786e-07,9.16958969322747e-08
1420185,des:C,0.64453,1.1125748061418704e-06,4.1647687729465645e-06,0.00045806097020197566,0.0006040424112201977,9.203444087952232e-08
1473025,des:C,0.64649,2.2549880497992473e-06,4.0582895372327894e-06,3.7316542616036687e-06,5.6906866486390654e-06,9.260788088244225e-08
1370402,des:C,0.64766,2.9479055017275665e-07,1.3501143819488763e-06,1.8204274925407693e-06,2.7368662906316218e-06,9.295103831123237e-08
1334707,des:C,0.64922,6.403802560623362e-08,4.513200121205254e-07,1.8243999007207528e-07,3.0589302409542457e-07,9.340956871717418e-08
1255139,des:C,0.64989,1.541883681365097e-07,3.914634666094632e-07,7.225568510346122e-09,7.64213187164985e-09,9.360684797249274e-08
1336925,des:C,0.64997,2.5715049167371646e-06,5.8034501314300895e-06,1.3253453466761042e-07,1.6123314271526105e-07,9.363041761215565e-08
1297064,des:C,0.65045,2.7402025646574847e-07,1.7795286723903516e-06,2.9303995483125894e-07,6.131892983048154e-07,9.377189775657765e-08
1391191,des:C,0.65069,8.087588895796342e-06,1.4361051141013064e-05,2.5663385765337515e-06,2.168369572689951e-06,9.384267788292169e-08
1265578,des:C,0.65135,3.67516102804763e-07,8.627376069663682e-07,1.193037225148672e-07,2.5982257585884903e-07,9.403746091646597e-08
1281135,des:C,0.65195,2.2584907932649977e-06,5.569157291565607e-06,3.283833253198498e-09,3.981960770711838e-09,9.421471163834895e-08
1559124,des:C,0.65253,3.608769003002698e-06,6.673114797333352e-06,3.539653002138105e-06,3.5663454857374927e-06,9.438621264317509e-08
1340521,des:C,0.65356,3.499142742350148e-06,7.454651940709329e-06,3.6977034841866896e-07,4.3925175373645547e-07,9.469115915769936e-08
1261587,des:C,0.65387,1.0508981072337982e-06,4.679728728961816e-06,8.167089894430028e-06,2.774159349282689e-05,9.478303546418097e-08
1833564,des:C,0.65461,3.3521405273662314e-06,6.606949687802513e-06,1.2212308584385475e-08,8.374430328561561e-09,9.500253320353966e-08
1643213,des:C,0.65526,9.496918548418335e-08,2.3540978395370087e-06,5.010107434175346e-08,8.340749949476168e-08,9.519554469846801e-08
1370391,des:C,0.65692,5.225529709775839e-07,6.74280030077321e-07,1.8790953477392991e-06,1.1203229721506948e-06,9.568935520265584e-08
1259667,des:C,0.65871,1.2358555215675705e-07,8.85343327224091e-07,1.8294397354589418e-08,5.7136464935489894e-08,9.62232690623837e-08
1390173,des:C,0.65875,2.761764510799114e-07,6.867126448899229e-06,1.1581434051895162e-06,2.7710500865121322e-06,9.623521706573147e-08
1642138,des:C,0.65971,3.2894174902913e-08,1.823735866194994e-07,3.6270106620931273e-07,5.657786105346307e-07,9.652219166907441e-08
1319776,des:C,0.6598,7.79853672027023e-06,3.2727157783080763e-05,1.243557109349129e-07,9.349335884223947e-08,9.654911744274292e-08
1314709,des:C,0.65988,2.5774891275453544e-05,3.2643675806843936e-05,2.006632373709532e-06,8.371603673800215e-07,9.657305461618916e-08
1263852,des:C,0.66083,1.8967229638906054e-08,2.121221489390503e-07,1.2374116246902594e-09,8.945994229704927e-10,9.685753536206446e-08
1261191,des:C,0.66147,1.982822212414507e-06,5.9655923504115975e-06,1.7430495672385613e-08,6.553803762311307e-08,9.704942142311186e-08
1434258,des:C,0.66195,2.589765001303996e-10,2.625345648785927e-09,8.77837058091738e-08,1.4510168474945035e-07,9.719346058176443e-08
1264038,des:C,0.66362,4.602318111519275e-07,3.6374978713576405e-06,9.583800251891145e-08,7.54102213355015e-08,9.769542908036172e-08
1945100,des:C,0.6646,1.0318506742849845e-06,3.577936909687921e-06,4.5743873378780497e-07,3.687101489290343e-07,9.799059939186622e-08
1250823,des:C,0.66487,3.892035215408034e-07,3.5234873606285066e-06,3.1360295754634294e-08,1.2226118110437488e-08,9.807200005536049e-08
1295794,des:C,0.67098,2.442506954335631e-07,2.2023838336384994e-07,4.0698758290726e-06,5.2815793939367546e-06,9.992310269913447e-08
1326299,des:C,0.67382,1.224512218644672e-06,1.8703634520713931e-06,4.4264247139120775e-08,7.002275112438676e-08,1.0078940878068285e-07
1260645,des:C,0.67405,4.820542647022653e-07,3.896446151833097e-06,2.7237941515207063e-07,3.4300637903142926e-07,1.0085973104207919e-07
1290593,des:C,0.67528,1.8718781610752468e-08,2.651518321972563e-07,1.3383328114935003e-08,1.609720809204849e-08,1.0123782144274057e-07
1329168,des:C,0.67651,1.9170519863973906e-08,9.443329226003296e-07,1.056296320219484e-08,3.11073863594189e-08,1.0162206792420965e-07
1548070,des:C,0.67651,1.970958634752913e-08,4.7628670133334255e-07,4.7862982855358207e-08,1.04427576595382e-07,1.0162206792420965e-07
1336599,des:C,0.67747,3.7148203232584743e-07,1.1633783929714855e-06,6.777723038036784e-09,5.085097770843725e-09,1.0192247332425914e-07
1319667,des:C,0.67756,8.292536930368006e-07,2.9481659562372854e-06,0.001574451782940635,0.0006290731420662026,1.0195065906135956e-07
1311151,des:C,0.67765,6.240542037827019e-07,4.608730019665465e-06,4.4693750576693085e-07,4.328114531244814e-07,1.019788486951764e-07
1310916,des:C,0.67923,3.349122702777981e-06,3.2263113282371454e-06,0.0003796391483108873,0.0005762827995824709,1.0247436806143449e-07
1332795,des:C,0.67984,4.562197794167399e-06,7.225753634490536e-06,1.6719152585642305e-07,1.344348043374629e-07,1.0266599750597417e-07
1334257,des:C,0.68005,3.5764096280204826e-07,1.1167426212040773e-06,0.00012066511640587586,0.00022827800159705536,1.027320097190097e-07
1560099,des:C,0.68006,5.274689469386271e-07,3.0182733410184676e-06,9.056983160205169e-09,1.8116980472498506e-08,1.0273515368690776e-07
1263130,des:C,0.68017,9.84618079623441e-06,7.681667402069827e-06,5.903448456210337e-09,9.041812073127071e-09,1.0276974050890576e-07
1927203,des:C,0.68069,2.8923066287484313e-06,1.629330629519914e-05,5.4107819226165356e-08,7.148782336606005e-08,1.0293332064952684e-07
1264606,des:C,0.6811,9.131701071894102e-06,2.4998693970227627e-05,1.1869135174982208e-05,2.2942565597470228e-05,1.0306238901602145e-07
1330559,des:C,0.68131,1.514856853203298e-07,6.246365742653028e-07,2.622268012543801e-07,3.958969578236548e-07,1.0312852852179002e-07
1256596,des:C,0.68138,5.2554942716872066e-08,7.587626260026147e-07,2.4975377112645348e-08,2.5736979084542978e-08,1.0315057973825963e-07
1320030,des:C,0.68141,5.519256862496682e-07,1.3313758182536165e-06,6.6432937929690785e-06,8.123573402489237e-06,1.031600309812187e-07
1277710,des:C,0.68179,1.8749113319316028e-06,8.105930708144952e-06,1.0824175567128224e-07,1.780512552444856e-07,1.0327978420118277e-07
1333489,des:C,0.68179,1.161719618193728e-07,2.981221816240277e-06,4.834269072374087e-08,5.403405375506164e-08,1.0327978420118277e-07
1346627,des:C,0.68193,1.2832993473131173e-08,1.514022621523524e-07,7.749141691728352e-07,7.421145109332334e-07,1.0332392131970875e-07
1295509,des:C,0.68363,2.7004432102677244e-07,2.675769765292771e-06,4.371143787307818e-07,5.726816514786758e-07,1.0386062444767456e-07
1341743,des:C,0.68422,2.438211990699927e-07,7.089990384637848e-07,6.359312146995629e-07,1.6089043988480191e-06,1.0404721699481203e-07
1251022,des:C,0.68428,1.6146813813251856e-06,1.6718083043413422e-05,5.357544638821585e-06,7.970564695576258e-06,1.0406620188906315e-07
1433114,des:C,0.68438,2.4818314870956877e-06,3.166338118050294e-06,1.782914360309335e-06,2.2947743828791042e-06,1.0409784722809338e-07
1308589,des:C,0.68576,3.0971588994286075e-05,6.32853052131128e-05,5.579355024774562e-09,3.048253605124335e-09,1.0453504418160377e-07
1642178,des:C,0.68673,8.46015888921029e-07,1.813066814912762e-06,1.2186873151378173e-08,1.5609078618738986e-08,1.0484289759309353e-07
1896213,des:C,0.68688,1.4494849597743258e-08,1.4406446504034453e-07,2.2995113947222642e-05,3.9352654477392256e-05,1.0489054420113791e-07
1950043,des:C,0.68828,5.304658526372034e-08,2.522510372770148e-07,6.975978034877216e-10,1.2658683755301868e-09,1.0533576784379367e-07
1320009,des:C,0.69164,8.777084556779846e-07,1.5350244041290253e-06,2.9588592395762815e-07,3.904798561354268e-07,1.064081516555233e-07
1277716,des:C,0.69313,8.690018145839235e-07,1.5682319977340275e-05,6.325558222519144e-05,0.00016297358590261466,1.068854410583447e-07
1332709,des:C,0.69371,3.541825895674532e-08,1.376199410034341e-07,1.9194416223279375e-06,1.6494158341610194e-06,1.070715203541237e-07
1645208,des:C,0.69516,1.8636400179506093e-07,3.5564197333169507e-07,2.2247058796389503e-07,1.874663357221174e-07,1.0753742661732063e-07
1449102,des:C,0.6983,4.847538827255296e-08,3.574893766266921e-07,1.7601486431062923e-06,2.6100077877027637e-06,1.0854982144183822e-07
1387174,des:C,0.69842,3.995956936285274e-06,6.507014981994125e-06,6.257873214949016e-07,4.158405287187631e-07,1.0858860578839506e-07
1904287,des:C,0.69904,1.788336429284079e-08,1.2108920240279667e-06,2.337037743231185e-07,9.426782724076716e-08,1.087891019377895e-07
1324062,des:C,0.70325,2.964098491155335e-10,1.353786862477334e-09,2.1832936219649366e-05,1.588211463631981e-05,1.1015542664122332e-07
1254150,des:C,0.70417,3.8213662509777173e-07,8.174415949196347e-07,3.800516077019587e-05,2.2611190662187438e-05,1.1045514115471286e-07
1262895,des:C,0.70548,1.2691533470885553e-06,2.6886838524785644e-05,4.4347498519643125e-07,5.67911651623336e-07,1.1088261124359621e-07
1891266,des:C,0.70836,8.121043555377372e-08,2.787991614722337e-07,4.253240296793523e-05,3.8512221667262406e-05,1.1182529543379913e-07
1265623,des:C,0.70978,5.038920420493134e-06,1.6702074791387114e-05,5.085328145590778e-09,4.001209457098799e-09,1.1229155983624361e-07
1563063,des:C,0.71552,2.4189440751902183e-06,4.278037503329671e-06,4.27067680190803e-08,4.022037231077273e-08,1.1418620448778977e-07
1340493,des:C,0.71719,1.3609724286576506e-05,3.2781505434580253e-05,3.0990617358491674e-06,4.751328619347981e-06,1.1474041044125797e-07
1894320,des:C,0.7188,1.4703408536440796e-07,7.187678597303911e-07,1.8287928965823864e-07,2.3733688779762585e-07,1.1527597503691167e-07
1433040,des:C,0.71949,1.4039685890214064e-07,3.442815928815309e-07,6.131179479494496e-06,7.174322110120695e-06,1.1550588445465213e-07
1646092,des:C,0.7207,1.6388780503274396e-07,3.385588923069594e-07,3.88754752762703e-06,5.388099335609544e-06,1.1590961193780371e-07
1277995,des:C,0.72199,3.2818468412904307e-06,4.802876064726112e-06,4.363106402500063e-06,4.810628617571516e-06,1.1634080788232954e-07
1306067,des:C,0.7222,6.225932719710754e-08,2.3613464164827549e-07,1.476755664639231e-05,1.4927761110745883e-05,1.1641107834045673e-07
1312818,des:C,0.72292,6.475071202985084e-08,3.7955427978064514e-07,1.6701491570798205e-08,5.995295379380677e-08,1.1665216668974938e-07
1701088,des:C,0.72403,7.499184095817746e-07,2.313329597015276e-06,0.0010546838792694494,0.001565640931810006,1.1702433316651395e-07
1900856,des:C,0.72416,7.692207188772658e-06,3.552550955697711e-05,1.4240133349508e-05,2.2660179346961297e-05,1.170679590060965e-07
1335259,des:C,0.72701,4.786871953380089e-07,1.180640851883846e-06,2.4531069309359776e-06,2.5016814285355794e-06,1.1898864531187494e-07
1263139,des:C,0.72737,3.0761305545027467e-07,1.6054226879022044e-06,4.692021473126855e-07,7.920214625624418e-07,1.192833255822338e-07
1299712,des:C,0.73064,7.918376364149227e-08,1.6624262106716642e-07,1.3215224870395047e-06,3.7460050888299572e-06,1.219766944115252e-07
1555053,des:C,0.73072,1.0315273295469785e-05,2.7852221539415038e-05,3.116933864100541e-06,9.62415828206364e-06,1.220429640427365e-07
1290043,des:C,0.73488,1.3490086802157889e-05,2.9979327359842974e-05,1.8549662920537512e-07,1.4212995464045035e-07,1.2551378497074603e-07
1617030,des:C,0.73615,2.6019989454556043e-06,3.756338850628437e-06,6.086682364421922e-06,6.821057510389446e-06,1.265830826698946e-07
1297490,des:C,0.73677,9.816952703231839e-08,2.37804144348877e-07,5.270310070420816e-06,1.0014985865455943e-05,1.2710674960406988e-07
1302185,des:C,0.73717,7.23988671868205e-08,3.113431544125599e-07,1.0533459329084799e-08,9.60758099602519e-09,1.27445172898922e-07
1315947,des:C,0.73781,5.601396097255779e-07,3.424681184390832e-06,7.963396414272276e-08,4.7105085156415435e-08,1.2798758602370194e-07
1309376,des:C,0.74009,5.1016316190866235e-08,3.012466445000586e-07,4.0954640524910754e-06,2.651683184308846e-06,1.299292935605323e-07
1307783,des:C,0.74061,1.2473570698615124e-05,3.098252535696425e-05,7.160080680253646e-05,1.3483417629563239e-05,1.3037418631758236e-07
1700109,des:C,0.74119,1.5613064162782424e-07,5.261394569532535e-07,2.7263083572468478e-05,0.00012581749865969334,1.3087130990089878e-07
1537077,des:C,0.7445,2.7486673849687365e-07,1.8603829901945357e-06,0.0008703539398613025,0.0025282660389418293,1.3372644665531545e-07
1257605,des:C,0.74535,4.594514993611643e-06,2.684233426735017e-05,1.2875780529246311e-07,1.675439661924443e-07,1.3446461059236433e-07
1898252,des:C,0.74571,2.6825867847483704e-05,4.036519602658609e-05,1.6291221985007121e-06,1.8606746936144382e-06,1.3477785719671787e-07
1250882,des:C,0.74658,1.0478913167894292e-07,1.5172043124808441e-06,1.9174887203736788e-06,1.271110144196776e-06,1.355363744157133e-07
1295800,des:C,0.74855,1.1191154866718229e-07,6.775649333551167e-07,2.3525575994659796e-07,3.533231150246208e-07,1.3726180284636667e-07
1864046,des:C,0.7487,3.215946290906095e-08,1.1947772976196312e-06,6.233754562427147e-07,4.99396086856131e-07,1.3739362776293104e-07
1337549,des:C,0.74877,1.1366313727331857e-06,2.5521093521237296e-06,1.9672293842449017e-08,2.547357305410777e-08,1.374551677101757e-07
1302027,des:C,0.74899,7.931175364944985e-07,1.9587856840963207e-06,3.7810581278917233e-07,7.625172640154499e-07,1.3764866867760842e-07
1933196,des:C,0.75011,0.00010169729019139005,0.00014678327563949224,3.1894587138033845e-08,2.1376414057385538e-08,1.3863587468039948e-07
1310964,des:C,0.75147,6.350145727857879e-07,8.904988102182919e-07,1.1375684661659445e-08,8.617840026641716e-09,1.3983936708182904e-07
1380167,des:C,0.75331,5.94626749903693e-06,4.2746742466050575e-05,2.460819373304264e-06,2.360058199258114e-06,1.4147590020705048e-07
1929022,des:C,0.75356,3.6411259532117563e-06,7.124473188156309e-06,8.115333566209775e-06,3.333599191375197e-06,1.4169898990147969e-07
1304506,des:C,0.75421,9.953306410586444e-07,4.0160221589975535e-06,6.330067541425606e-07,4.801487612161209e-07,1.4227984563406043e-07
1263788,des:C,0.75729,1.4966451906689703e-07,7.439268611716021e-07,4.638432397630832e-06,1.2866352715613554e-05,1.4504836120781366e-07
1536112,des:C,0.75888,4.2127330566940853e-08,6.078639904233514e-07,3.424279788462092e-07,1.1245033613054386e-06,1.4648800261772587e-07
1552143,des:C,0.75991,5.847666608982071e-05,8.832630897228077e-05,8.673610131493228e-05,0.00013193323556755435,1.4742439482252012e-07
1330350,des:C,0.76303,2.738444031666671e-08,6.112997983056154e-08,8.367440263483652e-08,1.33312232250214e-07,1.5027905026196406e-07
1302399,des:C,0.76495,2.267172613632549e-06,1.5076350138325148e-05,1.4654541238929334e-08,7.39677976875021e-09,1.5204936716469692e-07
1700105,des:C,0.76518,3.716202250425565e-06,5.724867352222174e-06,3.1370899454926375e-08,3.263810018442855e-08,1.5226213165842983e-07
1881037,des:C,0.76584,7.465003289023919e-07,2.7677785211525455e-06,2.36980287432819e-06,4.3905478851405165e-06,1.5287349915067187e-07
1280135,des:C,0.77082,7.072388369554002e-07,2.418366980321034e-06,1.7751084114286953e-06,2.75516828947481e-06,1.5752603619647853e-07
1323740,des:C,0.77137,1.7748524644932155e-06,1.4274177655590094e-05,3.712761028844543e-06,2.7439588433697513e-06,1.5804414704689012e-07
1338940,des:C,0.77334,1.6109067596259774e-06,3.391244225006209e-06,5.542713686251739e-08,7.964633888210024e-08,1.5990690600230462e-07
1309215,des:C,0.77464,4.779379194152335e-06,1.4600945620221376e-05,5.675429833604746e-06,7.821970938559836e-06,1.611421148302988e-07
1316487,des:C,0.77627,5.609243474932226e-06,1.2323689328209658e-05,1.244846621298738e-07,1.5147349230980554e-07,1.620237964288446e-07
1330403,des:C,0.7765,7.914727493186501e-07,3.0097791533764477e-06,8.445276121321281e-09,2.0593991005497773e-08,1.6212146736572312e-07
1250852,des:C,0.77725,8.048087451975882e-07,2.1541297874718736e-06,7.134339069846314e-07,9.498796561453771e-07,1.6244016400382788e-07
1590122,des:C,0.77952,3.540258349184604e-07,2.4433074808633036e-06,2.2603884977713506e-06,2.0818473297188842e-06,1.6340665944016897e-07
1652139,des:C,0.78266,1.4447576399771991e-08,3.567620153886281e-08,0.00016494509202295732,0.0003802825869538165,1.6474829916379988e-07
1948295,des:C,0.78324,4.3049045221344805e-07,1.8360789731751484e-06,3.3564276697046866e-07,6.002628895193616e-07,1.6499671813904103e-07
1320474,des:C,0.78842,3.3739432395845834e-08,2.2151994328500577e-07,4.804337125308823e-06,1.2868927387758458e-05,1.6722365618172328e-07
1332701,des:C,0.79167,1.0700971306079171e-06,2.6657397362987747e-06,2.274509617917965e-06,2.7731804190367936e-06,1.6862848741984576e-07
1347112,des:C,0.79318,9.111474253400481e-08,3.821428155797309e-07,3.86925575176549e-07,5.396048753488435e-07,1.6928319297790206e-07
1409129,des:C,0.79364,7.935956982443185e-08,6.51348590932701e-07,0.00015178585328442327,0.00012130875088776158,1.6948289177899123e-07
1271436,des:C,0.79511,2.3334992299873586e-06,6.214677271451859e-06,3.1220425251131065e-08,4.364792514841088e-08,1.7012184887399583e-07
1290176,des:C,0.7953,1.5528440222155455e-06,5.886317182027793e-06,2.0427998346232018e-07,2.203679182623684e-07,1.7020452289900813e-07
1303699,des:C,0.79547,1.0549087423318078e-05,1.3798504738428083e-05,7.215403524835357e-09,1.0372894898193285e-08,1.7027851141888697e-07
1325191,des:C,0.7981,3.346524056782214e-08,1.619229206444438e-07,2.1155486136159393e-07,3.163085539694031e-07,1.7142520576470467e-07
1551083,des:C,0.80301,1.3682921787978672e-06,1.6132315993242895e-05,3.3992918631413755e-08,4.525413745265918e-08,1.735762906733365e-07
1330970,des:C,0.80669,1.3734123581951344e-06,1.3777025177116465e-05,1.001041164526038e-08,1.4865860159667033e-08,1.7519730228558604e-07
1315974,des:C,0.81174,1.4773451077621684e-06,4.10863365432343e-06,4.3041325524999034e-07,4.843234777389252e-07,1.7743405173229934e-07
1293832,des:C,0.81325,3.878508106015448e-06,1.4154445405935786e-05,0.0001806528045583737,0.0003408104384912407,1.7810561737242912e-07
1252595,des:C,0.8133,4.64210692113033e-06,8.508304557596264e-06,1.0072484950557662e-06,3.4088685965975247e-06,1.781278763422936e-07
1339227,des:C,0.82081,1.8536241836926785e-07,1.1124158663595105e-06,6.809885256763198e-08,7.874119061924366e-08,1.8148696670585476e-07
1341271,des:C,0.82584,4.0270031414273595e-06,5.187997322724098e-06,3.253589589955731e-07,3.972496490017691e-07,1.838707646215301e-07
1336957,des:C,0.82961,1.2718591492575303e-07,9.858876439026152e-07,1.36755951070604e-08,9.927173926732435e-09,1.861053285668795e-07
1341227,des:C,0.83036,4.489163247321839e-08,2.2207768688177079e-07,8.108486462921075e-08,2.0222362245947525e-07,1.8655148000990156e-07
1936293,des:C,0.83168,3.473589126306342e-07,3.1854430078800938e-06,6.3269259833489e-08,2.1309694390056252e-07,1.873380038706372e-07
1411114,des:C,0.83706,2.8818859244162034e-07,1.6211684222915604e-06,2.4334135958619362e-06,3.930836277346646e-06,1.905607987984664e-07
1581017,des:C,0.83813,5.713876822021764e-09,4.689919408098448e-08,4.576402377648001e-08,9.842527408347774e-08,1.9120504036430512e-07
1826039,des:C,0.83916,1.9488268912025252e-07,2.290830276287959e-06,4.2498253306870315e-08,8.138909706421689e-08,1.9182622510787503e-07
1946246,des:C,0.83936,5.202847884819271e-07,2.069316643087899e-06,6.656317606153611e-08,4.9712457239815587e-08,1.9194696030345776e-07
1253972,des:C,0.84019,5.756212660669244e-06,2.4343707422257706e-05,4.415779974452775e-07,4.5605566000825677e-07,1.9244841726460966e-07
1257646,des:C,0.84094,1.317616786877159e-07,1.238209439447549e-06,1.6928008026786032e-07,1.6432501393437235e-07,1.9290210365292586e-07
1872097,des:C,0.84132,1.4994649589552301e-06,6.558221941713467e-06,4.6580454840545565e-08,3.897815900561932e-08,1.9313217529858767e-07
1322975,des:C,0.84634,1.0262703470498461e-06,3.9326865778857e-06,3.4244897953863236e-06,4.137449248369989e-06,1.9618441348328642e-07
1508029,des:C,0.85279,8.001306736592255e-07,4.109597726761158e-06,1.5830522701779347e-05,1.88159817136861e-05,2.0014123974660198e-07
1250858,des:C,0.85707,1.425097286034704e-06,2.049612857298321e-06,3.911315401659421e-06,3.605414101887354e-06,2.0278865922031254e-07
1912270,des:C,0.86642,5.59000554632374e-08,2.254523946929697e-07,2.0357699480878245e-07,2.505406488837594e-07,2.0863266506944502e-07
1302199,des:C,0.87001,6.329296497502142e-08,2.3377356576082953e-07,6.377453599582218e-06,3.8547589130101625e-05,2.1089856956604587e-07
1295550,des:C,0.8727,1.926175389313046e-06,4.532112251966673e-06,1.187057721439863e-07,1.357619961557203e-07,2.1260444076280325e-07
1778026,des:C,0.87344,7.146210191372788e-07,2.019747497983716e-06,2.185495151852586e-05,2.3769248941896325e-05,2.1307491899658113e-07
1912066,des:C,0.87344,7.706913932042081e-07,2.230198578084494e-06,1.699407261177698e-05,1.8535814388791058e-05,2.1307491899658113e-07
1817265,des:C,0.87998,7.51555865354928e-07,2.363049079314864e-06,6.545450447212332e-07,5.954131113555848e-07,2.159267741230933e-07
1262231,des:C,0.88314,1.538944789449837e-07,3.1688452087042075e-07,3.388644137828645e-05,4.983678532091177e-05,2.171101219882145e-07
1295527,des:C,0.88491,1.7286454710385092e-06,4.834694171933329e-06,1.5932717476161942e-07,1.5214881183737714e-07,2.1777435950102796e-07
1252237,des:C,0.8858,4.860089625352834e-06,1.1391799176187096e-05,4.165371555457507e-07,6.370951996252309e-07,2.1810873796056944e-07
1936125,des:C,0.8953,1.0026379813079811e-06,7.91284383973843e-06,5.763116030053721e-05,7.665761135911383e-05,2.216939284072765e-07
1372115,des:C,0.89842,2.613521434668756e-07,7.794030262991723e-07,0.0003473555607704845,0.0005906734453113746,2.2287775587351287e-07
1595118,des:C,0.90941,2.588182032696334e-07,1.2181350607555023e-06,8.656147811040827e-06,1.6532539987253537e-05,2.270728207687216e-07
1904300,des:C,0.91082,5.394699811739626e-07,4.936470855725064e-06,3.4884569239309526e-06,1.6592568943052928e-05,2.2761387208956235e-07
1307843,des:C,0.92146,1.208704712724793e-07,8.234657636518029e-07,1.5558384993733883e-05,9.710262877977018e-06,2.3171745897944921e-07
1346612,des:C,0.92274,8.396160448399338e-07,3.4976668760469435e-06,9.408114606016382e-06,1.2041411300155515e-05,2.3221359405620675e-07
1339176,des:C,0.92537,0.00011098346883658818,0.0002594944952251198,4.9168670191721774e-06,1.576557333342508e-05,2.3325217015086672e-07
1309227,des:C,0.92576,5.967628759712082e-07,2.5876878829100214e-06,5.748700965792757e-05,0.00016909584875475416,2.3342224122413782e-07
1892072,des:C,0.92838,6.602929584963841e-08,5.907476003729257e-07,2.625941864625003e-07,9.723261608958282e-07,2.3456637674940673e-07
1370441,des:C,0.93733,7.231567956027598e-07,7.553558986810292e-06,1.8596631871049976e-05,2.2386005676644192e-05,2.384958767765183e-07
1256028,des:C,0.95521,1.6662380119980576e-06,6.902406356920623e-06,1.1834180035623252e-06,2.927179803505229e-06,2.4644383662935736e-07
1339246,des:C,0.95791,1.751946058044483e-07,4.958616228246292e-07,0.00017219224457376453,0.001467632758577316,2.4765535322367034e-07
1309509,des:C,0.96296,3.532801245970095e-07,5.550859289118577e-06,4.969198157564452e-07,6.532421872654611e-07,2.499293120487987e-07
1250803,des:C,0.96329,5.6228498163127865e-06,1.4007759595684022e-05,1.953736702334111e-06,6.857086706141607e-06,2.500782691074755e-07
1254108,des:C,0.96689,9.085570984803134e-08,2.7122444260203267e-07,5.723822265801668e-06,7.278982625444409e-06,2.517061377914143e-07
1339232,des:C,0.96859,5.053470543918996e-07,4.509511085612333e-06,0.001640058916685966,0.0025299866123983613,2.524766893044966e-07
1252183,des:C,0.97242,4.651508650148638e-08,3.3086790827316117e-07,7.060223028715656e-06,6.126826730783992e-05,2.5421701184321025e-07
1252665,des:C,0.97489,3.830171756501538e-07,3.1431413474655863e-06,0.00015668207674542496,0.00030323748647498663,2.553425313248747e-07
1255798,des:C,0.98024,2.0895021722148273e-05,6.375195519799136e-05,6.994738739697089e-07,1.7568923656403724e-06,2.5794321667507765e-07
1252671,des:C,0.98536,0.00014465924838139837,0.00027292084232784865,7.565206713507544e-06,5.230087796254774e-05,2.604475516223531e-07
1901899,des:C,0.98846,1.5509522087239213e-06,3.3632081809476684e-06,2.7156115490737424e-06,3.2825383764005235e-06,2.6196972839411207e-07
1447146,des:C,1.00009,2.9143530625124214e-07,1.929681192664419e-06,1.445835112685695e-05,2.7312341750239045e-05,2.677198778531706e-07
1309870,des:C,1.01382,9.502922657992005e-07,1.8146748214546168e-06,9.320414847363624e-06,1.2712056035305969e-05,2.7458866631905985e-07
1435094,des:C,1.017,1.4001406640522948e-05,2.995312670755848e-05,1.3101632982869843e-06,2.482630372072661e-06,2.761919525964203e-07
1430116,des:C,1.02144,3.1047302473487207e-06,9.862449189189752e-06,1.419179044105689e-05,2.595462456237968e-05,2.7843831049855455e-07
1257228,des:C,1.02433,1.925832720252821e-06,1.3099590100333e-05,3.3959796400504305e-05,7.78483882818467e-05,2.7990535522753265e-07
1303722,des:C,1.02468,6.548482392031981e-08,8.189899186373167e-07,3.441514224304532e-06,1.3101380150999197e-06,2.800832866860344e-07
1263125,des:C,1.02868,0.00011604294630371857,0.0001594077715577105,2.6535821753916795e-08,1.5215086284676754e-08,2.834786458044661e-07
1924188,des:C,1.04136,4.416671343060206e-06,1.4128477666929664e-05,2.3013323473684306e-06,9.530927619355246e-07,2.947591418964081e-07
1255169,des:C,1.0468,4.083570806570801e-06,1.847266097958375e-05,0.001337869393037576,0.002675293692161846,2.996661890212997e-07
1337541,des:C,1.05479,5.518929378170057e-06,2.0570831799014986e-05,0.006703985772402979,0.004525634523174869,3.069468566635618e-07
1842087,des:C,1.08349,4.634198922894298e-06,1.5624657103963525e-05,9.87522184542181e-07,1.275851318859571e-06,3.294352777929974e-07
1446080,des:C,1.13057,7.970487181879097e-07,4.086120481095528e-06,2.679187676851749e-06,2.913059247832307e-06,3.4773829187155027e-07
1257587,des:C,1.14418,1.10593461483846e-06,4.014378198212324e-06,6.366717999636287e-06,1.911963164511913e-06,3.4773829187155027e-07
1317612,des:E,0.10442,1.282901369950343e-10,5.269174791322698e-09,0.0,0.0,1.7910608355621797e-11
1330031,des:E,0.10563,1.1661793707068706e-11,6.925076035414916e-11,0.0,0.0,1.7910608355621797e-11
1257695,des:E,0.18383,1.352674669765493e-07,2.2103722239274496e-07,4.824579863457935e-12,1.6594585855222386e-11,2.6667319581306037e-10
1273127,des:E,0.18937,3.367332798887126e-07,9.948871895728736e-07,5.811651937037456e-13,2.2119913153180591e-13,3.266591493898162e-10
1295844,des:E,0.19209,2.777316630483419e-11,4.2831795626593666e-10,9.777989692001557e-10,8.395603524517224e-10,3.583361699414042e-10
1550021,des:E,0.20587,2.5386652277814387e-10,8.095266429297633e-10,3.2659733908702367e-13,1.877978789994749e-13,5.413391222329746e-10
1327978,des:E,0.20699,1.0630173510893374e-09,9.218206760212325e-09,1.794830589106584e-12,3.3779670129168e-12,5.578660810249329e-10
1313230,des:E,0.21792,1.019877255563059e-09,6.770528482195676e-09,1.8314926955468457e-07,1.9795018802370908e-07,7.32197354793794e-10
1919017,des:E,0.21849,4.692515000259332e-09,2.5387897973207527e-07,9.544227222805176e-11,1.1762477620560584e-10,7.419380280982513e-10
1682020,des:E,0.21924,9.07975671614594e-09,3.729544538171401e-08,0.0003383962099409938,0.00021017967617110374,7.548527655138147e-10
1867019,des:E,0.22101,2.263084412475841e-08,4.789152203768214e-08,6.716568773427913e-11,1.2237584889211316e-10,7.857733597655116e-10
1331123,des:E,0.22157,1.8092862438824372e-09,3.730584159500149e-08,1.7516955854315617e-10,1.6084279035801742e-10,7.956853904023919e-10
1929063,des:E,0.22211,4.983580208073996e-10,4.7844077453394065e-09,4.270260189816101e-09,4.753158763717173e-09,8.053022571538356e-10
1249137,des:E,0.22305,8.52852919595145e-08,4.695627529528957e-06,3.7156728248530486e-10,2.07311530657717e-10,8.221805308006311e-10
1641279,des:E,0.22398,1.236603736476957e-07,6.055160293450033e-07,1.0653932223161164e-08,4.272924908934868e-09,8.390515106179535e-10
1302648,des:E,0.23171,2.0010766874502376e-10,1.577091453925906e-09,3.6096905305693756e-09,5.325211954386956e-09,1.087462930777235e-09
1275946,des:E,0.23212,1.2458988151213294e-09,1.3205205779610381e-08,3.2649773082878675e-08,1.8040715001565338e-08,1.1023813900738892e-09
1860025,des:E,0.23532,1.1798725713467384e-09,6.448688939841492e-09,9.287106283638224e-11,1.3816948226890372e-10,1.22231034643052e-09
1927242,des:E,0.24576,1.6197428686851608e-09,4.388600396270533e-09,7.042854332021487e-08,6.18157075910568e-08,1.6566269557008007e-09
1879256,des:E,0.24936,2.8427837624780637e-09,1.0599308068628543e-08,3.0926042458091665e-10,1.1280842154992466e-10,1.8216708917457814e-09
1321450,des:E,0.25833,3.945081013492632e-07,2.542744243101259e-06,7.586399907111299e-10,1.0068350891719087e-09,2.2669908726137784e-09
1303883,des:E,0.25904,1.2301452377977322e-09,7.750267051606353e-09,5.249231703441254e-10,3.499892821827477e-10,2.304316831457988e-09
1300390,des:E,0.26765,2.1755477732465536e-08,2.3103673927550153e-07,1.0422040082679768e-08,6.211527796715714e-09,2.781218138345096e-09
1249970,des:E,0.26775,9.585700099741074e-09,6.440115782992817e-08,1.1662069145789473e-06,7.884919187695518e-07,2.787020367427832e-09
1560034,des:E,0.26891,6.167709988984895e-09,5.672148609468323e-08,2.916578774746811e-10,2.546494374864362e-10,2.8547680704237886e-09
1309874,des:E,0.27001,1.2071542995894006e-09,3.864050163712848e-08,3.392130798667817e-07,3.308513717795985e-07,2.919763106414789e-09
1773078,des:E,0.27142,5.34754500568312e-08,1.2522047969700684e-07,1.9498778501311375e-07,1.5480950290105977e-07,3.0041448047862997e-09
1339756,des:E,0.27539,1.7088457879260456e-09,3.061294786712883e-08,3.574312370786066e-06,1.011007340327443e-05,3.239398074626182e-09
1773339,des:E,0.28417,1.8482762238689608e-10,1.6312151866845788e-09,8.661799413348193e-09,1.1312550227767058e-08,3.600733712486094e-09
1297927,des:E,0.28513,2.8029156168295778e-08,1.6275678313257308e-07,7.034059966820451e-08,5.4906013153468205e-08,3.6414003719056943e-09
1289288,des:E,0.29001,7.805352351399936e-10,2.7499843174155927e-09,5.16835038751303e-08,4.436571562175609e-08,3.851653365002255e-09
1371022,des:E,0.29082,4.104003518812157e-07,7.223345690608706e-07,6.818264135791902e-08,4.4961975484092026e-08,3.887122918470668e-09
1531089,des:E,0.29149,7.203690411612694e-10,5.371842128325841e-09,4.681854612193189e-08,2.492471677517988e-07,3.916584782613256e-09
1291090,des:E,0.29199,6.49480461565863e-10,7.798957963717325e-09,3.1322908148128036e-08,3.811772536512901e-08,3.938643724899342e-09
1281668,des:E,0.30697,6.453391557524349e-10,3.861094087710083e-09,2.8511423897218723e-09,4.1166668727418265e-09,4.6282588777803546e-09
1338128,des:E,0.31184,1.2020301264558964e-10,4.568338142817538e-10,3.1439415351757046e-07,5.247104147398262e-07,4.86442938228149e-09
1791116,des:E,0.31193,1.1553823648654263e-09,7.54081710803955e-09,5.9823478844331855e-05,0.00011855312357374854,4.868849234743987e-09
1850045,des:E,0.31314,7.281159009528688e-08,9.119069763301805e-07,8.286992142272155e-10,4.04655595327194e-10,4.9284665769039e-09
1253119,des:E,0.31915,1.391895662926012e-08,2.6492968536139857e-07,4.245960163133248e-05,6.994331477623778e-05,5.229958389816039e-09
1592028,des:E,0.3251,1.2644179986464947e-05,2.4782075631642263e-05,1.939067261964404e-09,1.3374209948496915e-09,5.538080183229698e-09
1370320,des:E,0.3307,8.473028943312115e-09,3.924913413184027e-08,1.5279981445612962e-06,9.100469700643339e-07,5.88277344788126e-09
1323016,des:E,0.33485,1.5758464904100342e-07,2.163495970789659e-07,6.123785185269154e-07,5.354568904951352e-07,6.144928715759133e-09
1304145,des:E,0.33811,8.68187446604332e-08,7.117106921683197e-07,1.805640539515567e-07,6.48414528631326e-08,6.354870438176909e-09
1933035,des:E,0.34105,7.033268360196623e-07,4.495188686944164e-06,2.7829476482268076e-06,3.593206477628937e-06,6.547228503547641e-09
1336009,des:E,0.34175,2.575993566466189e-09,2.987224017073291e-08,1.0327146481678025e-07,9.363587311983454e-08,6.593450769287256e-09
1311394,des:E,0.34291,1.616825835003925e-07,7.240276690407003e-07,8.177180638525782e-07,7.458503620779159e-07,6.670405623786986e-09
1248925,des:E,0.34307,5.222301663263753e-08,2.14675524763249e-07,5.006472583331101e-08,9.000731827396596e-08,6.681055125647541e-09
1371048,des:E,0.34392,2.5951794944631596e-07,1.9338219741080076e-06,5.229978347656211e-09,6.148944475808252e-09,6.7377730338701684e-09
1291408,des:E,0.34721,7.13823790751488e-08,1.9851077513297356e-07,4.694262300777682e-07,7.472132920619445e-07,6.959564430084549e-09
1336150,des:E,0.3481,4.001242927050882e-08,8.224847786527158e-08,3.093608885588779e-07,2.3189256236256734e-07,7.020179910922034e-09
1919042,des:E,0.34814,6.970093946854011e-07,6.700257284919661e-06,9.984087821705944e-09,1.5099997024988718e-08,7.022910373867373e-09
1258906,des:E,0.34918,8.403075117550132e-09,2.4105610896292667e-08,9.885069045484608e-10,2.1164948197804948e-09,7.094088755142625e-09
1291254,des:E,0.35021,7.671134770770778e-07,2.262128713494125e-06,7.183495875628994e-07,4.476592686861656e-07,7.1649364553117556e-09
1773049,des:E,0.35023,4.5841262279241136e-07,1.0165004675798021e-06,3.3286576406445474e-08,2.8257225219675095e-08,7.166315622818459e-09
1328016,des:E,0.35071,2.670610017767781e-07,2.02985960099934e-06,8.045367530816587e-09,8.457462867796983e-09,7.199455460225506e-09
1257040,des:E,0.35177,1.4567849002308363e-07,3.436736421835032e-07,1.377155820460211e-06,2.0546658302713618e-06,7.272910091426242e-09
1247022,des:E,0.35763,5.974077125692064e-09,3.655092928092439e-07,3.5769736169079723e-09,9.292415149790706e-09,7.685717121302446e-09
1331700,des:E,0.36025,1.8786818949612852e-08,7.633548275283443e-08,2.3402299488494048e-08,3.6083026793937396e-08,7.873968736330871e-09
1500031,des:E,0.36606,1.6320698098174773e-06,9.553369796807638e-06,1.0080822716434245e-05,4.061777742631322e-06,8.299553223466399e-09
1344639,des:E,0.36672,1.1052130086803817e-09,1.0455959233985928e-08,1.9488365000693004e-07,7.112817377634415e-08,8.348606897444609e-09
1599030,des:E,0.36774,6.581547021287929e-10,6.719524832983075e-09,1.2532258209605354e-08,1.2728689850582207e-08,8.424701415959009e-09
1770386,des:E,0.36795,1.685566931007166e-10,4.591670716751477e-09,6.937576856177013e-09,3.296212184650141e-09,8.440410787781097e-09
1904092,des:E,0.36798,1.1395567296644257e-10,9.726953117969121e-10,8.014819448464674e-06,1.9720121615713886e-05,8.442656178272532e-09
1249245,des:E,0.36834,6.145217526417012e-09,9.960806814044436e-08,3.158382896269818e-05,4.19736998710285e-05,8.469624157260144e-09
1343533,des:E,0.36843,1.1068717725710603e-06,2.1125457775325695e-06,1.798331845149021e-10,2.363785515703381e-10,8.476372871166728e-09
1283936,des:E,0.36862,1.6965952598123263e-10,2.654346004484328e-09,4.9324771759580016e-06,9.565185392314738e-06,8.490628982234509e-09
1291957,des:E,0.37143,4.5371340762765384e-08,1.6146047939777094e-07,6.055063847827832e-11,3.769532143477136e-11,8.702867942268965e-09
1291511,des:E,0.37228,3.224376939112115e-07,1.642668307300644e-06,4.18285832784034e-09,8.474599670077393e-09,8.767584470406996e-09
1318126,des:E,0.37298,5.93798127679113e-09,1.2544848636839856e-08,9.318804347211991e-08,1.363108076006083e-07,8.821060441862515e-09
1879532,des:E,0.37719,2.9447957781112757e-07,3.577862669438316e-07,6.051788770491881e-07,5.409433128686845e-07,9.14658962125456e-09
1289913,des:E,0.38495,4.7241308834905694e-07,2.065515433874754e-06,1.2820643385633818e-09,2.2488558027228324e-09,9.762913553638843e-09
1249090,des:E,0.3862,4.870685427949046e-06,5.581665093072327e-06,4.7716500788614646e-09,4.561102911137542e-09,9.864071571850812e-09
1338170,des:E,0.38676,2.0119107982481883e-07,4.2767978119112274e-07,1.4849306717192411e-07,1.5219873468375256e-07,9.90955947292215e-09
1257022,des:E,0.38683,3.142287686164802e-07,7.566842474490009e-07,3.3959400494631145e-09,4.1973096047700716e-09,9.915252818195091e-09
1435067,des:E,0.39136,1.9486440444389013e-10,5.636911868543651e-09,4.179581714386937e-08,2.8548456394148407e-08,1.0287170200486598e-08
1773237,des:E,0.39186,4.2196713993022636e-07,9.888640606079048e-07,8.062688573482267e-08,4.1378809386482166e-08,1.032864028650536e-08
1331130,des:E,0.39189,9.332873230088841e-09,2.8471986443433494e-08,1.3365524488320284e-05,1.1262296292808813e-05,1.0331131144421113e-08
1618036,des:E,0.39216,3.3035409361435223e-09,2.966950937104032e-08,2.1457438840952484e-09,1.5267584822644492e-09,1.035356237969033e-08
1315910,des:E,0.39365,1.3302859342125193e-07,2.755928344228392e-07,4.627282401383004e-08,5.2274397972256074e-08,1.047778708784638e-08
1431064,des:E,0.39494,6.631538560969966e-08,2.28925033357696e-07,5.232686518032545e-09,3.3971369378719266e-09,1.0585935659743865e-08
1336002,des:E,0.39496,5.572143464418672e-07,6.030510673310133e-07,2.2767586467882714e-09,2.5236711272701085e-09,1.058761675299414e-08
1291783,des:E,0.39821,1.2681589814480737e-08,2.8281933611384834e-07,5.337927508807698e-07,1.0651923142484217e-06,1.0862567497053386e-08
1265832,des:E,0.39876,1.1748684586459875e-07,2.2763852981333282e-07,8.575435632351921e-09,3.380583542800557e-08,1.0909446318340739e-08
1300517,des:E,0.40031,2.005607655188423e-07,3.307005772084851e-07,2.1203344042686753e-08,5.3120276939809555e-08,1.1042102423991366e-08
1275873,des:E,0.40188,6.162348612764536e-10,3.6946206471419797e-09,1.0092981301594264e-08,4.786577902921761e-09,1.1177287469843907e-08
1408024,des:E,0.40228,6.556048325024047e-08,1.8604921223478861e-07,5.2534003125920993e-08,2.741419896217338e-08,1.1211860989575839e-08
1253131,des:E,0.40349,4.580397554591266e-08,1.321744459425132e-07,3.977714671102413e-06,1.1189262516849029e-05,1.131677090755329e-08
1342778,des:E,0.40457,1.3360267483304308e-08,1.1341756463985312e-07,4.929163072708389e-07,2.483988454573571e-07,1.1410822140444579e-08
1537020,des:E,0.40597,3.711703161913921e-07,4.3950815959657943e-07,1.1282927265177142e-07,5.834439744906896e-07,1.1533319673400934e-08
1318266,des:E,0.40626,7.92416806591899e-08,5.524489178965226e-07,1.2416197273302507e-06,1.1006293522626934e-06,1.1558775930600163e-08
1341370,des:E,0.409,3.90735734656871e-10,5.580548375053203e-09,8.402759722036981e-07,2.057109069977779e-06,1.1800678809169436e-08
1337971,des:E,0.41066,2.0331960457840902e-08,2.4786729374044463e-07,2.621622969404828e-07,1.9814430313277042e-07,1.1948451706418495e-08
1260949,des:E,0.41568,4.2975261319410314e-08,1.2188384980216497e-07,1.0306174792268319e-07,1.8394100979333325e-07,1.2400925932998188e-08
1306578,des:E,0.42044,3.722396056729543e-08,3.4292263672487596e-08,5.720023439046546e-08,7.906755365135665e-08,1.2837732103495377e-08
1876308,des:E,0.42147,1.7914176337622263e-09,1.5017254877333678e-08,9.24347342494391e-09,1.1567900112523018e-08,1.293324606881741e-08
1306991,des:E,0.42199,1.5917606507792984e-08,1.823862957825245e-07,2.3932176009106622e-08,2.0522482488811985e-08,1.298160118445494e-08
1431072,des:E,0.42267,9.965111622057382e-08,7.007854971347652e-07,2.1397015561343668e-08,1.561156150123199e-08,1.3044970938561886e-08
1516019,des:E,0.42436,0.0001858829134147418,0.0003184309833062558,1.3211451340059446e-07,7.465618063055154e-08,1.3203131659491322e-08
1251225,des:E,0.43172,6.161913598899678e-09,1.2543791426517195e-08,1.8400913247368684e-07,4.1684866083197946e-07,1.3849482810123775e-08
1922297,des:E,0.43225,5.4283242347888365e-06,1.0943002933750673e-05,1.0798331221570827e-08,6.822938119796905e-09,1.3896255704540093e-08
1883111,des:E,0.43278,1.5195258827849792e-07,1.3828647507361629e-06,2.690571113522171e-08,2.0595331894034253e-08,1.3943107447288573e-08
1908380,des:E,0.43668,2.267089091425992e-08,1.511844107813662e-07,2.3997126415274114e-07,2.9453062964328053e-07,1.4290290372095323e-08
1336008,des:E,0.43764,4.7710710479654125e-09,1.1883733207313347e-08,9.219183887911833e-06,6.8125112044259415e-06,1.4376405598842845e-08
1253148,des:E,0.43868,1.9804303240294417e-07,5.369656664353773e-07,1.0589118840085782e-08,1.119428973697578e-08,1.4469989021382637e-08
1536026,des:E,0.44129,5.972037406446912e-08,1.341024678257039e-07,3.1699826985777033e-08,1.295700820652737e-08,1.4706184457556761e-08
1328105,des:E,0.44153,3.061254984885976e-07,8.557585623450693e-07,5.659623090288759e-06,6.8114469909444546e-06,1.4727999577162395e-08
1311247,des:E,0.44183,3.770031749600489e-09,3.5255605696116496e-08,4.1635556808063185e-09,4.6764282847678e-09,1.4755291213283003e-08
1255008,des:E,0.4438,2.1690480250681156e-05,7.739821440094934e-05,8.942609008159406e-09,8.38124144338577e-09,1.4935133919269598e-08
1249956,des:E,0.44628,1.4269899635122047e-05,3.498777230778628e-05,1.7287333429065715e-10,8.566991290535935e-11,1.5163083785990653e-08
1367331,des:E,0.44684,3.75506651589263e-05,7.457722837157743e-05,1.2078386795154413e-10,1.6730740117191027e-10,1.521479526747845e-08
1450148,des:E,0.44736,5.201844923509591e-08,1.7418653074735428e-07,4.7025783841003417e-08,2.994761539788112e-08,1.5262891891978597e-08
1900662,des:E,0.44791,2.888534976095089e-08,9.05744840506825e-08,3.2807746129842465e-08,2.4410751796819907e-08,1.531384591740173e-08
1895036,des:E,0.45194,4.770510813195702e-06,1.2528970955029237e-05,1.3984744590093285e-07,1.5800782896227062e-07,1.5689790444536125e-08
1289346,des:E,0.45198,2.1912489233238253e-07,2.375966935709487e-06,1.3036801784564633e-06,1.302078155108919e-06,1.5693544752755905e-08
1290127,des:E,0.45222,2.6878237334913016e-08,1.8535923625465055e-07,4.639228672853899e-09,4.348027506314872e-09,1.5716080033560076e-08
1262252,des:E,0.45294,3.823976853411213e-07,2.9958646662137504e-06,3.348552226615695e-09,3.5111498525739497e-09,1.5783782885528402e-08
1253101,des:E,0.45332,5.993178343073569e-07,1.1763659024239837e-06,0.00031138953416822644,0.0005096781805428314,1.581957361236826e-08
1302110,des:E,0.45351,4.358404449907583e-09,1.3078700261579285e-08,1.3247807018201789e-08,2.5575833129780793e-08,1.5837484175634648e-08
1309694,des:E,0.45353,1.2285602037477893e-07,2.3026787826882336e-06,1.3990185059264113e-09,2.108609755359994e-09,1.5839370087552587e-08
1304193,des:E,0.45354,8.016143728605395e-08,4.339398177670571e-07,1.1400497226828117e-08,1.353378262378035e-08,1.5840313085615263e-08
1334302,des:E,0.45463,1.6850949418598233e-08,1.1907669316897452e-07,1.424916189862756e-09,8.30636202993888e-10,1.5943268153531728e-08
1339716,des:E,0.45682,6.976594496808286e-08,3.582100856216574e-07,3.942730773935592e-07,5.793101258295706e-07,1.615113098958327e-08
1915067,des:E,0.45699,8.264752663522622e-08,6.622553452290616e-07,3.0084026907407733e-07,5.855231027753961e-07,1.616732276908267e-08
1263244,des:E,0.45799,3.445920482078139e-08,1.2125258594537224e-07,2.85530469246838e-06,4.0145028074445584e-06,1.626273273972034e-08
1879263,des:E,0.46192,2.460808195580024e-08,1.759664923564565e-06,3.391094418708506e-06,3.6023048458829284e-06,1.6640413181272943e-08
1297742,des:E,0.46256,3.8693569672021565e-07,2.336412096231811e-06,2.471573977710075e-05,4.4559205007266566e-05,1.670232888725787e-08
1551020,des:E,0.46283,7.837226215932996e-06,2.005707968417205e-05,6.142308544111016e-10,4.96579287257821e-10,1.6728484059584782e-08
1484053,des:E,0.46322,2.926976351353633e-05,4.338616531281669e-05,1.8115955322115907e-07,3.1900057934178025e-07,1.6766299878899804e-08
1596033,des:E,0.46937,8.01573171691862e-09,3.606728472857316e-08,1.727089518892225e-08,2.7193966969667857e-08,1.736827125643479e-08
1532056,des:E,0.47273,8.349423611147166e-09,2.4067396780467186e-08,3.080250542222825e-07,3.9396683811958654e-07,1.7701637850589713e-08
1305785,des:E,0.47327,2.362678462919388e-08,3.313156204817802e-07,1.1637619679460044e-08,8.999128051238333e-09,1.775551020063318e-08
1257102,des:E,0.4733,6.74062880177104e-07,1.5335978588426227e-06,2.225838902001148e-07,2.46236177592478e-07,1.775850550894526e-08
1403033,des:E,0.47435,3.950464163178496e-08,2.0828481554898032e-07,5.271959622420787e-07,3.295425001046719e-07,1.7863500456154923e-08
1431096,des:E,0.4768,5.228479704559823e-07,4.400657221462671e-07,1.0502698532001765e-08,9.621395210104776e-09,1.821324230019056e-08
1302418,des:E,0.4778,3.121643393128689e-08,2.8687303019922433e-07,9.500643176898877e-08,1.4993690919295076e-07,1.8372316109759213e-08
1636093,des:E,0.47782,1.3954096189891288e-08,8.595243779719799e-08,2.306087475839796e-06,3.3236738138461717e-06,1.837550464083464e-08
1488029,des:E,0.47833,2.0184944998782613e-09,7.32064700116096e-09,8.352380346702688e-06,8.849342385596821e-06,1.8456905660483814e-08
1249209,des:E,0.48312,3.9615923646807444e-06,8.20411574518588e-06,2.402206099590469e-09,3.062675813396888e-09,1.923021633275232e-08
1248962,des:E,0.48342,4.191744897805047e-08,2.1302745559991765e-07,5.024693105143308e-09,5.742109407727536e-09,1.9279177230319667e-08
1300441,des:E,0.48485,1.991787745840744e-07,7.581758137099412e-07,0.00030372207793183793,0.0005922646254345148,1.9513413051782913e-08
1302117,des:E,0.49238,1.607464943793011e-05,3.199424353506068e-05,1.7186271191431979e-06,1.842435342219709e-06,2.077016922070529e-08
1376168,des:E,0.49239,1.2631365799271002e-08,1.0858538435544777e-07,4.979133207515368e-06,4.862224998426169e-05,2.0771864295006748e-08
1339703,des:E,0.49272,2.044130507787258e-06,2.5007562508925522e-06,2.5467510282368777e-05,7.64040213627106e-05,2.082784054884587e-08
1810037,des:E,0.4965,1.6259005574898487e-06,1.0239128389448673e-05,6.147881222681556e-07,2.5565863131174255e-07,2.1474395802257106e-08
1312171,des:E,0.50043,1.4170209560715743e-08,8.426633987752017e-08,3.390005220502734e-06,4.187196991536071e-06,2.2157086692172387e-08
1264948,des:E,0.50394,1.2976783285159574e-08,7.603878911567656e-07,3.765891034825447e-05,5.509176900009177e-05,2.277584933231938e-08
1532057,des:E,0.50397,2.9559017451916126e-06,4.915130231839522e-06,2.6222041670541545e-07,4.261516371371671e-07,2.278117462879149e-08
1335472,des:E,0.50597,2.2681185838902052e-07,6.940161604671209e-07,5.631077695503939e-08,9.293354245290894e-08,2.3137598453908012e-08
1370944,des:E,0.50947,2.0804030237597492e-06,3.9743616285210326e-06,4.6598730747236435e-06,6.945090262341613e-06,2.3767997330418047e-08
1780122,des:E,0.50987,2.038767829200983e-05,3.919669594032523e-05,1.9267109485610386e-06,4.22916299295979e-06,2.3840582407462368e-08
1889022,des:E,0.51127,6.219540114421426e-07,2.249372241665445e-06,1.291517983814638e-07,1.0626406417813115e-07,2.409550166283441e-08
1300470,des:E,0.51413,2.2723804951796605e-07,1.134994794861731e-06,1.8071162252602138e-08,6.042368374559269e-08,2.462047871046323e-08
1370135,des:E,0.51615,5.646154090210238e-07,1.3224468035941444e-06,2.1957105559633784e-07,4.1118582686726334e-07,2.4994675725945057e-08
1342647,des:E,0.51618,1.7817437441177882e-07,3.0808083477719926e-07,7.523595516382994e-08,6.929084497839182e-08,2.5000254375764674e-08
1320066,des:E,0.5192,2.49726912929885e-08,3.8360631202302124e-07,6.660006709558155e-07,6.790398930534416e-07,2.5565023876212367e-08
1312164,des:E,0.52327,3.1677861843392776e-08,1.5576848476664124e-07,1.3080072898990881e-08,1.694620453939554e-08,2.633613294029294e-08
1257144,des:E,0.52559,1.389951858495209e-07,7.564096628258489e-07,6.651814397951552e-08,2.7764283127903134e-08,2.6784457416701836e-08
1320126,des:E,0.52685,1.0952569038412882e-07,4.26087875749559e-07,2.324487598918783e-06,2.2883180944179684e-06,2.703536361996845e-08
1260889,des:E,0.52885,3.120586959721575e-08,8.436837070700471e-07,5.386744529712976e-06,1.452819957288211e-05,2.743602935953834e-08
1302346,des:E,0.53042,6.214256399752205e-08,1.6715937026880843e-07,1.5509693677276807e-07,3.02485188673963e-07,2.7752616773178365e-08
1574017,des:E,0.53287,4.6633352427714585e-08,2.269664931541115e-07,1.1619666931160793e-08,4.292474678298698e-09,2.8250282763322718e-08
1536021,des:E,0.5341,6.930512424431555e-06,1.3953492115725124e-05,1.1892686887228967e-08,9.411163025949895e-09,2.8501798899085532e-08
1876305,des:E,0.53667,4.5232580297764186e-08,1.2478933250804698e-07,1.685265590771272e-07,2.3487477567088267e-07,2.9030922213352242e-08
1912110,des:E,0.53763,1.4968874441771224e-07,3.844590741071582e-07,1.6773704182183436e-08,1.8407990617491858e-08,2.9229819800609457e-08
1636043,des:E,0.53944,4.5332711210581893e-07,2.929743640801879e-06,2.4594941340604806e-08,7.510551512421408e-08,2.9606671640491923e-08
1252364,des:E,0.54134,1.890921198687195e-07,7.010812141716054e-07,6.374896640804082e-07,4.4276215060725914e-07,3.000485877461328e-08
1644213,des:E,0.54509,3.9010941131620935e-08,1.6305231076297012e-07,2.7269625752982367e-06,3.94659239922117e-06,3.079855976888571e-08
1641288,des:E,0.54529,1.3261716236490352e-07,4.881611577608367e-07,1.5480004182445412e-07,2.654870652604599e-07,3.084118151935438e-08
1306980,des:E,0.54674,1.6155979486255273e-06,7.435879488190908e-06,2.1373479864187482e-09,2.103873003599681e-09,3.115107059141576e-08
1530098,des:E,0.54758,2.2872172738169146e-08,6.207640287957889e-08,2.148204535102525e-09,3.078655161131395e-09,3.133130117812344e-08
1899065,des:E,0.54762,4.3676922475506604e-08,2.419515351540886e-07,3.390503251767913e-09,2.8535844940476792e-09,3.133989655446224e-08
1291733,des:E,0.54784,9.613251370652001e-09,7.89245405884086e-08,1.6199011781146364e-07,1.3354346271043774e-07,3.138719219642316e-08
1258802,des:E,0.54947,3.9345971106331644e-07,1.9765979113714625e-06,6.069736755438648e-08,1.1288512805022841e-07,3.173872079755945e-08
1368111,des:E,0.55095,9.161757441063781e-07,2.6315553331799335e-06,9.454093614916193e-06,5.023126116668385e-06,3.2059595781992686e-08
1880545,des:E,0.55111,2.3969429341355527e-08,6.000366103441814e-08,7.70926588138325e-09,5.779087728409468e-09,3.2094381635921237e-08
1264963,des:E,0.55214,5.405595613529152e-09,2.679296958206289e-08,4.649499025056086e-06,5.467695719826394e-06,3.231876711036739e-08
1341426,des:E,0.55321,4.22475516844744e-08,6.173611045794147e-07,3.2646374937957434e-08,3.2722574327063076e-08,3.2552694363753993e-08
1444028,des:E,0.55372,5.855971058207313e-07,1.5074050407072257e-06,4.773957496966803e-05,3.587256305649874e-05,3.2664489251803315e-08
1321492,des:E,0.55467,3.7017286605938654e-07,3.5162069006368493e-06,7.094911489435378e-08,5.6743919132796164e-08,3.2873245593127854e-08
1833067,des:E,0.55577,1.7558725827385815e-07,1.0278930746865736e-06,5.744172237385876e-08,7.147249658060337e-08,3.31157941891092e-08
1635042,des:E,0.55833,1.1147157391248486e-07,4.846328217786341e-07,8.999952491361356e-07,5.293406680015956e-07,3.368372262022752e-08
1295685,des:E,0.55929,1.5071063880145764e-07,5.037413421876373e-07,1.1795544704641984e-08,9.576990173922144e-09,3.389794065681813e-08
1249182,des:E,0.56017,9.885220143579906e-07,7.719982582864941e-06,5.199487776671823e-09,8.196030192824088e-09,3.409490369292825e-08
1915087,des:E,0.56104,3.3836789687382183e-06,2.7047726058248263e-05,0.0002640619187072176,0.0023590828190841653,3.4290189391646126e-08
1263579,des:E,0.56161,1.1000105675381158e-07,9.527433396418194e-06,7.838158452692624e-10,1.9227644598696513e-09,3.441843757154357e-08
1262267,des:E,0.56215,4.1503131701297304e-07,2.9329647699092904e-06,3.951559585380596e-09,8.02628710298474e-09,3.454015666222913e-08
1285317,des:E,0.56441,3.710852106114188e-07,1.9582329019420294e-06,4.178448201456625e-06,4.514051657373829e-06,3.505190479065871e-08
1432141,des:E,0.56489,1.8246839232493778e-07,5.554837126414907e-07,2.1554552367319606e-07,3.2624948961166435e-07,3.5161079169622346e-08
1283855,des:E,0.56536,1.0279395232122835e-08,1.248589382147438e-07,3.542847076566668e-09,3.337102360037316e-09,3.5268143570002025e-08
1315890,des:E,0.56699,2.737137252241317e-07,5.990352194379398e-07,6.7028339966474835e-06,8.912080125333155e-06,3.564071303294015e-08
1328089,des:E,0.56864,9.140321326534831e-10,1.1713103166490076e-08,5.801174182608586e-10,5.966648629635664e-10,3.601984764532477e-08
1305807,des:E,0.56997,1.4739528799540556e-06,3.094586451021367e-06,1.4420567853660806e-06,1.6886517258331638e-06,3.6326913211101323e-08
1248936,des:E,0.57093,3.4342395357424327e-07,8.33992944546259e-07,5.631541058741371e-08,4.261948035381741e-08,3.654936439775003e-08
1291222,des:E,0.57106,1.9580605405757206e-06,1.4112944225937879e-05,0.00013215131633163792,0.0001183968758196321,3.657954019728543e-08
1290394,des:E,0.57153,3.4932040033356437e-06,2.691749620946985e-05,7.289567200443709e-09,6.471340119749568e-09,3.668874120561474e-08
1302353,des:E,0.57193,9.484411655547712e-08,1.380047898454161e-06,5.974798093133049e-06,5.8638935382938475e-06,3.67818064348758e-08
1328103,des:E,0.57472,3.120104792791717e-08,7.701799737802061e-08,4.35598817112252e-08,4.5963742344483506e-08,3.743421514693833e-08
1466032,des:E,0.57606,1.3787535975045937e-05,1.4577709842005962e-05,4.4754801535313334e-07,4.866684174397154e-07,3.7601497805707126e-08
1255142,des:E,0.57675,7.0324486689506016e-09,5.433595903320034e-07,5.099523012052067e-07,4.093218194363159e-07,3.7667636580913625e-08
1337228,des:E,0.57741,2.8859581925158013e-08,1.4942970960098434e-07,1.5472903283371133e-07,2.559399852371601e-07,3.7730954137921284e-08
1281691,des:E,0.57821,1.7312879510850645e-08,6.291460765544387e-08,7.1270637570365915e-06,1.55307388234646e-05,3.780777397883596e-08
1910065,des:E,0.57875,1.0128405432443363e-06,4.679241462280433e-05,9.813050000348847e-08,1.6655511415793976e-07,3.785967153519209e-08
1501158,des:E,0.58049,1.8023717391551805e-08,1.335312842405533e-07,1.528629461610244e-06,2.8723714862618458e-06,3.8027139126110535e-08
1263580,des:E,0.58276,4.790714137346754e-06,7.467661198523399e-06,1.3909791655830613e-06,2.3715072164315175e-06,3.824617252860828e-08
1770206,des:E,0.58411,1.958140289818875e-08,3.078957309217694e-07,4.298851413409923e-07,8.618714102719701e-07,3.837673295431017e-08
1300531,des:E,0.58454,4.382950622577846e-08,1.6197077723957782e-07,2.591613780300008e-06,2.361126149549562e-06,3.841836558261527e-08
1331719,des:E,0.58627,1.8884220035440636e-08,3.5474154487261266e-07,0.00011521633617741822,0.0002212520858562097,3.858609236595792e-08
1302572,des:E,0.5874,1.9094393800418876e-08,6.575402508895877e-08,2.698732024034888e-07,5.835523468642632e-07,3.8695845258181775e-08
1257129,des:E,0.58817,8.162797523324804e-09,5.13113346352629e-08,1.505985483824541e-05,3.8814318052672433e-05,3.877072191902721e-08
1299439,des:E,0.59158,6.581838566583346e-05,0.00011074866867457521,1.366231675896014e-06,1.7244821329972267e-06,3.910318851721812e-08
1341423,des:E,0.5971,1.1864284689918122e-06,2.1214775831003197e-06,1.2457019241919362e-06,4.794353217201648e-06,3.96443834706866e-08
1338223,des:E,0.59952,3.9877804195139e-06,1.0509440175143034e-05,0.00040765355454237535,0.0007278379581359075,3.9882819219459446e-08
1876301,des:E,0.60073,1.7579397832838048e-07,2.471098373393453e-06,8.768534858791943e-08,4.441425352226828e-07,4.00023051706752e-08
1259330,des:E,0.60243,8.237137055151172e-08,7.153504843801064e-07,1.983924963064643e-05,8.30964213634821e-05,4.017047992672976e-08
1574019,des:E,0.60433,4.0916713728438495e-07,1.189031977814479e-06,1.4188955694678888e-09,2.067161169514264e-09,4.035885741638619e-08
1531033,des:E,0.60888,5.717365997607415e-09,7.0492701918234e-08,3.839582058171084e-06,2.708900571649056e-05,4.081176310763342e-08
1891030,des:E,0.61377,1.958570789201249e-06,3.2386691121083577e-06,1.9112770313981096e-07,1.7025311752256113e-07,4.130132969864857e-08
1498017,des:E,0.62127,6.42596948123217e-07,6.283191423399031e-06,2.003667765128286e-07,2.220971045913794e-07,4.2057870228278625e-08
1255130,des:E,0.62411,2.875107084275364e-08,1.502688883173377e-07,1.508451735387868e-07,1.6381045963293632e-07,4.234613919007536e-08
1590044,des:E,0.62931,1.0726578484980764e-07,8.616566169441198e-07,1.0307968905376547e-06,1.2671451090373552e-06,4.3686710481280924e-08
1313177,des:E,0.63498,1.7493302701158287e-07,7.564596842291719e-07,7.3305497672499765e-09,4.591119310211238e-09,4.535881846350452e-08
1304183,des:E,0.63502,2.7706985027575955e-08,1.5493050899785141e-07,1.4048434597591163e-06,1.175564856981181e-06,4.537072618595194e-08
1257839,des:E,0.64421,1.8026080094095656e-07,5.531243493769803e-07,4.005736283636824e-06,4.91751452265271e-06,4.814795169556889e-08
1317496,des:E,0.64429,1.078947295828309e-08,4.552309669188464e-08,5.301251448582319e-08,8.355591050905136e-08,4.817248994423834e-08
1878612,des:E,0.64488,8.944376533371626e-08,5.611974945047627e-07,2.8834538046087064e-06,1.729841454712014e-06,4.835365258516758e-08
1302719,des:E,0.64527,7.12467721387631e-07,1.0003399615101294e-06,4.761920555160416e-06,8.859384419699892e-06,4.84735908205684e-08
1876263,des:E,0.64639,6.596900517490593e-07,3.296847233209298e-06,3.6047440624350117e-09,2.2969154614244373e-09,4.881885477975088e-08
1370898,des:E,0.65069,1.9673221763973702e-07,2.548290633777492e-06,1.0202032071252656e-07,7.557250938479785e-08,5.0155803971889656e-08
1309551,des:E,0.65135,9.67075867001463e-08,2.793566275593784e-07,1.1330463149028016e-08,1.7023753966331382e-08,5.0362608890777765e-08
1575019,des:E,0.65214,2.8310208318221375e-07,1.7509481308281409e-06,9.168011085909401e-08,7.106104190619467e-08,5.0610707552230043e-08
1303753,des:E,0.65242,3.854959849843807e-06,3.6764748496978404e-06,3.0071004550724076e-07,1.8009854347438947e-07,5.0698787573949324e-08
1890041,des:E,0.65258,4.173167280827257e-09,2.3910878161669763e-08,2.8880238889411785e-09,4.965818828735589e-09,5.074915339695108e-08
1284567,des:E,0.65483,2.1659090966987004e-06,7.430287140975705e-06,2.6141416040811977e-06,1.7596867335856529e-06,5.146007102849522e-08
1370113,des:E,0.65553,2.786239737209848e-07,1.4828362518193861e-06,1.3215159862154406e-06,1.0022679581745169e-06,5.16822539093769e-08
1574028,des:E,0.65589,2.8859460465355886e-07,5.50953505824527e-06,1.4584505328424268e-07,3.041315525462847e-07,5.179670575713644e-08
1287883,des:E,0.65718,1.3236343850118988e-07,5.151987321718133e-07,1.8120426948121236e-06,3.8151301190453304e-06,5.220786439708774e-08
1564017,des:E,0.65792,2.4857754179318773e-06,1.0962963933980053e-05,4.1781177580165923e-07,3.008996874332658e-07,5.2444456487545484e-08
1333949,des:E,0.65927,1.9491902535969946e-07,4.3931728646160537e-07,0.0007041048117298708,3.716520842520601e-05,5.2877455159910345e-08
1639025,des:E,0.6619,2.555096214101356e-07,9.315859808669964e-07,9.026702365053989e-07,3.5011692402089214e-06,5.372611280018695e-08
1286337,des:E,0.66296,1.0313027364796446e-06,2.0262419165558973e-06,8.574872353453423e-06,1.4382859392458412e-05,5.407006757758021e-08
1910032,des:E,0.66455,1.1497602661880238e-07,6.727804479127489e-07,2.684982846131635e-06,4.288193624412983e-06,5.458805753672347e-08
1303658,des:E,0.66788,1.5478883966715782e-07,1.5035570047696328e-06,1.2496838178086456e-06,1.8425591865809758e-06,5.5680905870118897e-08
1302738,des:E,0.67783,4.6183483511995754e-09,8.025496125315256e-08,5.7961075139469645e-08,5.371318402577775e-08,5.921638388570896e-08
1433108,des:E,0.68283,1.0636352644597527e-07,7.541477152041052e-07,2.408449762540519e-07,1.123258567281569e-06,6.1298400979178e-08
1303910,des:E,0.68456,9.533089805516741e-09,1.9313191374139145e-08,1.1668765977196291e-08,1.4055758563843146e-08,6.202715518580477e-08
1313434,des:E,0.69071,1.693494022224613e-08,1.8109871546875935e-06,4.663230893095096e-07,5.480908118362387e-07,6.465267838980775e-08
1260954,des:E,0.69873,3.508385943225652e-07,2.6965080586929083e-06,0.0030105285492245232,0.002277623176303956,6.815829028246218e-08
1891055,des:E,0.70652,1.1706829635669215e-07,2.1250816300901428e-07,3.9546348359268764e-07,1.2155781532380604e-06,7.165197252851026e-08
1432102,des:E,0.71803,4.322173063501622e-08,3.257320143013572e-07,1.787952080801388e-06,3.870172361616296e-06,7.697382849562838e-08
1304841,des:E,0.74126,1.3168247898581207e-06,3.1325222826999395e-06,1.2496272589999468e-06,5.718089789071861e-07,8.604562593895122e-08
1304362,des:E,0.76177,5.882958796999166e-07,1.6909209824790908e-06,3.458064427449472e-07,3.8034893262339055e-07,9.359086286149295e-08
1249178,des:E,0.76517,5.28040902659641e-08,1.3437186244167248e-07,1.3507587782722114e-06,3.016553715473431e-06,9.487229442985544e-08
1576034,des:E,0.76675,2.4667701260031875e-06,1.1909992689090467e-05,1.1781211729215769e-06,1.557968127076855e-06,9.547074851311511e-08
1303881,des:E,0.77004,1.0635248756910116e-06,3.826257324342725e-06,5.671642178321161e-07,1.3303646315699106e-06,9.672293475768845e-08
1339327,des:E,0.7725,1.598248535473078e-07,2.062956795873742e-06,1.385848841867265e-06,2.4815922050799333e-06,9.76645506165735e-08
1307073,des:E,0.77464,1.558111286384284e-07,1.6127313862760992e-06,5.843383839323667e-07,1.0837345401864216e-06,9.848738968250205e-08
1343542,des:E,0.78512,3.242519231759672e-05,8.798263418580185e-05,6.521766381395543e-05,0.00011170749745337175,1.0215768913941733e-07
1318158,des:E,0.78604,2.0520403844622085e-06,1.4923840699067786e-05,1.7049965343507726e-08,1.7300403988854104e-08,1.0248181845740534e-07
1302705,des:E,0.79229,4.7819618259610256e-08,1.0503807346446284e-06,3.2981205840090386e-08,5.111145499744069e-08,1.0469737460525677e-07
1334321,des:E,0.80326,1.7631653575119718e-06,5.52732173888551e-06,1.832128846294308e-05,2.62171185519149e-05,1.0864340911519021e-07
1309696,des:E,0.80954,1.989439057070907e-08,6.004610585407165e-08,2.075479444366445e-06,2.4155813381337864e-06,1.1093525113695324e-07
1600036,des:E,0.81396,4.841510619387901e-07,3.346303527408742e-06,9.6296009617263e-07,1.5581360935989447e-06,1.1256264244236202e-07
1898053,des:E,0.81485,5.938477953071081e-07,1.1198327297792304e-06,3.5269760089814107e-07,5.692412024479901e-07,1.1289176309626033e-07
01248677,union3:4,0.3501922445086136,7.841562782737968e-11,2.624198397536309e-10,3.1439468940005366e-08,1.2487668192142166e-08,1.2789107790372644e-08
01262214,union3:4,0.6893664114401092,3.3729464698396783e-07,1.2857524210722332e-06,7.390957875949413e-09,7.692135594630554e-09,8.41212941989278e-08
01262715,union3:4,0.6893601579787407,4.291439067436005e-07,1.2298101745809114e-06,2.7415544452663124e-05,3.0933764291766855e-05,8.411905776064273e-08
01285160,union3:4,0.7493108646697713,1.0634544532089731e-07,9.065823510540438e-07,8.691467832453883e-08,1.3419167237053217e-07,1.0423872947879888e-07
01289600,union3:4,0.419624763151611,5.025754080878112e-06,1.1362776343403188e-05,2.664569686532248e-07,2.479591804112881e-07,2.1665559105827898e-08
01292195,union3:4,0.8292951102052186,2.5545277304024057e-08,1.4781739807252982e-06,4.854922837534482e-07,1.4496447686099613e-07,1.3887469375713247e-07
01297465,union3:4,0.2778763574849618,1.7504319955130125e-09,2.285715872092338e-09,1.7611787854194548e-10,1.9086442135362125e-10,6.656821178978322e-09
01300912,union3:4,0.3376548014842233,3.403679172640287e-09,1.6428670446073082e-08,1.8433483035302986e-09,3.6278013606492264e-09,1.1229310052378468e-08
01302187,union3:4,0.2195023859032221,1.5053740308931513e-09,3.130550792761384e-08,7.984416755864993e-11,1.3523708536057346e-10,2.3127183145995113e-09
01304442,union3:4,0.2171112217176234,2.807800886238166e-08,1.5416951064842175e-07,3.991816511003243e-11,2.5159828275124855e-11,2.2307211839984027e-09
01307830,union3:4,0.3492829284853669,5.666721970549592e-11,1.6629879535388143e-10,2.130067603434947e-07,2.3495161483542254e-07,1.267256816181917e-08
01309492,union3:4,0.3334897113954451,1.6419439425838086e-07,2.3035490295300113e-06,2.6856208030826435e-07,1.0504002944813463e-07,1.0733565708998315e-08
01309749,union3:4,0.7892835350418792,2.3043863958183606e-05,0.0001307993293503417,6.792466460017501e-08,8.764196750664248e-08,1.1862068464752828e-07
01316385,union3:4,0.1477623141953492,3.832025408113547e-11,5.248389926376368e-10,4.29714530450116e-10,2.5821013618690695e-10,4.4234888080223187e-10
01316465,union3:4,0.3290793407198824,6.910754303795582e-08,4.2290914585223457e-07,5.764418077496265e-10,4.048677651340274e-10,1.0220826482204346e-08
01322979,union3:4,0.5293829178592093,8.617605325940137e-06,1.8457507545769376e-05,1.1356857578769187e-08,2.043833064868253e-08,4.071902690247201e-08
01325358,union3:4,0.7792992563535928,2.0451084488363342e-05,4.6970603656097744e-05,8.967910179841154e-09,1.5506710201336543e-08,1.1381512034550883e-07
01329166,union3:4,0.731618133049192,9.608380625110423e-07,2.2517511281831962e-06,1.9628525389971223e-08,3.893113911484911e-08,9.920033029681029e-08
01329196,union3:4,0.7693264109682705,3.3100051595405403e-06,4.099587911914105e-06,1.0583735640840398e-06,1.350455974227547e-06,1.1008905517211855e-07
01333438,union3:4,0.3994509001858017,8.744998296956454e-08,5.689018436243121e-07,4.3560181756739684e-09,2.9479450768592977e-09,1.908386247681386e-08
01334707,union3:4,0.6488328487670945,3.283333718728934e-08,4.822171042795304e-07,2.3907765015801664e-07,3.686691186586952e-07,7.276740228542027e-08
01334879,union3:4,0.6393497078996211,3.5355736693299736e-05,3.2290854004017965e-05,1.7518402990525623e-09,6.219329527751621e-09,7.055071310664397e-08
01335717,union3:4,0.3047936508275715,1.5914191188027865e-07,1.1115246769801162e-06,4.976343755747859e-08,3.0637131480544704e-08,8.35569317271539e-09
01335718,union3:4,0.6993249699981432,1.887098814104308e-05,4.8048881765392864e-05,5.426007159037582e-08,1.0571760045205948e-07,8.772051460603212e-08
01343208,union3:4,0.4992197631020045,5.806694357259388e-07,1.9699646754391947e-06,5.821338551419001e-06,1.1233723327695807e-05,3.480907984203101e-08
01343759,union3:4,0.5079943476444553,1.8757197855746487e-07,6.182172130448506e-07,4.434834647845893e-06,9.355114926649524e-06,3.6380976010018466e-08
01346387,union3:4,0.3444771283396386,2.582597522262831e-07,9.739127220776573e-06,5.68160734568191e-07,1.003825606540152e-06,1.2065507081321068e-08
01253039,union3:4,0.4534672904015684,2.56394411965974e-06,1.4053400237607182e-05,3.5727378140684355e-09,6.6366766982890394e-09,2.6930144540260358e-08
01253920,union3:4,0.1955625959053246,3.603868197863813e-08,6.867207948431761e-07,5.2401740256628925e-11,4.899209542673087e-11,1.5585452539903897e-09
01257366,union3:4,0.2113408050139094,5.282657966504001e-09,2.2629755357165017e-08,5.204993597285942e-10,1.2076039923698034e-09,2.0389387719889708e-09
01283373,union3:4,0.2075626168390045,5.1666104085103896e-08,6.765631828926765e-08,1.9718874640013127e-09,2.0405516919942177e-09,1.918037964010047e-09
01289656,union3:4,0.5394309791313667,3.060313634181217e-07,6.638053007376281e-06,6.290834316713734e-10,3.5380905370653206e-10,4.3520496319083764e-08
01290779,union3:4,0.3895014109010326,9.761725708865446e-07,4.679153250077003e-06,4.9380842218284315e-08,3.401576951163038e-08,1.7870889646201008e-08
01290816,union3:4,0.2184506252983489,1.8865197454241658e-10,1.2721497914146975e-09,1.3603360306237633e-07,9.65675804784602e-08,2.276469318227308e-09
01291794,union3:4,0.3951172942378953,7.704159195489967e-07,7.978565183082808e-06,3.3624987471214575e-05,5.4362082299357195e-05,1.855064388925664e-08
01292145,union3:4,0.4924532810580331,1.6158900317342334e-06,2.2073314660813618e-06,4.575805301347374e-06,2.60620086956824e-06,3.36206241763007e-08
01295256,union3:4,0.4424566257593436,8.118243724093421e-08,4.2524287177736057e-07,2.229057617863219e-08,1.5940504721011224e-08,2.5120763158483876e-08
01299643,union3:4,0.3800038820377722,4.601540893002843e-06,2.800815159598025e-05,1.1522464130298337e-08,1.5130701200984456e-08,1.675016859276086e-08
01299775,union3:4,0.159771595339577,3.653329911370215e-08,5.373898547782219e-08,2.492027833744819e-10,5.7920302482065014e-11,6.709990416015053e-10
01299785,union3:4,0.3812885853915888,6.878867903269989e-06,3.6182897635664346e-05,6.191929237710622e-08,3.505481260053516e-08,1.6899642970089597e-08
01302058,union3:4,0.198352591098686,3.599130593857596e-09,8.720218674027718e-09,4.767709768802122e-09,1.449516318812567e-09,1.6388014696112343e-09
01303279,union3:4,0.1723823922539173,1.0409839527968907e-09,9.786505760149282e-09,9.444398205772681e-11,2.036060406868656e-10,9.62191463635072e-10
01303496,union3:4,0.1797717401195735,7.404245273816301e-10,2.08194364275511e-09,1.2650339402761037e-07,1.91242879105596e-07,1.1422825519133495e-09
01304678,union3:4,0.2188637677342773,1.3685636151173112e-07,2.4079126746139697e-07,8.611349911237162e-11,5.762540124031971e-11,2.29067415261946e-09
01306141,union3:4,0.3324344019641088,0.00011318714562495502,0.00024825492053889137,1.0316297232737041e-07,1.8307772316280007e-07,1.0609735894486784e-08
01306360,union3:4,0.4494404970812411,2.1496790466729276e-07,8.365974456662778e-07,7.47101292250737e-08,6.248114967750645e-08,2.626112471907885e-08
01306537,union3:4,0.4794741368781541,5.8154632911464377e-08,2.1296992268266164e-07,2.985331107543392e-05,0.00017126783496275517,3.1398756719902186e-08
01306626,union3:4,0.4094921716673501,2.9649570598674322e-06,3.208069557447951e-06,5.034686499683462e-09,3.764437568086442e-09,2.034840187656209e-08
01308314,union3:4,0.4064730178756959,1.1663696530266e-08,6.42665120276259e-08,5.2788988119792336e-08,3.329993592024274e-08,1.996392266181483e-08
01309288,union3:4,0.2683535730194786,3.589439003267472e-07,7.581380042517862e-07,5.462062222514001e-10,8.26167957361387e-10,5.8506350806928584e-09
01319821,union3:4,0.3088129483107464,1.85453287719722e-08,5.8938044933669544e-08,4.001554173747949e-06,2.603730707592813e-06,8.625919075270942e-09
01324542,union3:4,0.5415361344767149,1.848142329969386e-07,5.25957688346698e-07,7.736693020675141e-07,9.151666522324076e-07,4.411923575089384e-08
01330426,union3:4,0.259537986367321,4.1251586036070375e-09,1.3261652787071036e-08,6.704785829541425e-08,2.3037190056647874e-08,5.057622609590873e-09
01335868,union3:4,0.6194153602058086,3.178460123079885e-08,1.9515336908205125e-07,8.25862733198655e-08,7.779072371258748e-08,6.573118424111558e-08
01337687,union3:4,0.3195263794466887,9.406592022524004e-09,1.9104157594509676e-06,1.1489068226634767e-09,7.260236860038699e-10,9.367213760369822e-09
01337703,union3:4,0.5334428191518148,3.5073070013655665e-06,1.25368331820526e-05,0.0011461368679868418,0.003032618109527082,4.183973570498344e-08
01339392,union3:4,0.1804691802116129,1.2489343226864065e-09,1.2809575651902968e-08,2.258724276248058e-09,5.935604128759513e-09,1.1593054027693066e-09
01339450,union3:4,0.5505268182766645,6.891781063517493e-07,1.4765418339848842e-06,2.133636945046382e-06,6.198009311551578e-06,4.6722368129904266e-08
01340454,union3:4,0.4209903175925114,5.3094365774465414e-05,5.879890725025294e-05,1.7262456883845612e-07,3.8854212113095085e-08,2.184622875247609e-08
01343337,union3:4,0.3389225911319462,4.005284753063864e-08,9.15706121617005e-08,1.2919509616864835e-07,6.334305587773534e-08,1.1382428712830319e-08
01346137,union3:4,0.3634669357908606,3.700866478503829e-10,3.295051992089655e-09,6.442283775463445e-08,3.663021914891095e-08,1.4551150063576985e-08
01346956,union3:4,0.3335205606363138,1.6633477850605908e-09,4.802475543210326e-09,6.258018015518839e-08,5.5903211360013036e-08,1.0737196361128748e-08
01346966,union3:4,0.3355455552140733,9.091879507891675e-10,5.513278624381955e-09,1.1589519102132138e-05,9.497027429708182e-06,1.0976861116438832e-08
GSD10Pri,union3:4,1.55,1.3307906944546108e-06,6.759139595802758e-06,8.042126088462008e-05,0.00018945877737089602,5.217215960377669e-07
GSD11Was,union3:4,1.33,5.225982230219389e-07,2.206253874844212e-06,1.1973921817821998e-05,3.6488232420621486e-05,4.000117085131359e-07
psc000006,union3:4,0.2301334403896844,3.752143653003525e-13,7.529121760653621e-11,2.394622333062446e-09,2.0818203406656864e-09,2.8299167554349793e-09
psc090275,union3:4,0.1391794193022071,3.3382398909873935e-12,5.799472653300176e-10,2.296488685364395e-07,6.468663639852927e-07,3.0801814275863744e-10
psc091748,union3:4,0.1440300514103478,7.324502642933604e-07,1.1453793715616876e-06,2.3862230837608755e-14,4.968781640503086e-14,3.8095628954891547e-10
psc100116,union3:4,0.447261071198952,1.756639742228469e-07,2.8569581144891033e-06,0.0006260509271267269,0.0026323039833458526,2.5902540111185544e-08
psc100206,union3:4,0.2161201877661951,1.8582137225341716e-09,1.4579879081385166e-08,1.3104159852828916e-10,6.311744135571187e-11,2.197170723278837e-09
psc100213,union3:4,0.2747001874794061,2.979089119946456e-09,2.950952953346414e-07,3.0514254174095263e-09,3.4849114143107426e-09,6.457289125584946e-09
psc100405,union3:4,0.1025792967723935,3.405334616775431e-13,4.0422384940816237e-11,2.5778328165843897e-14,1.0687271534524539e-14,1.3920632348335602e-10
psc110460,union3:4,0.1991509364362178,4.59296773250631e-11,4.933652931079418e-10,5.264809629367908e-09,3.6634496308992553e-09,1.6621371987160072e-09
psc110478,union3:4,0.2642185782577821,5.361789717188342e-08,2.3110244500762033e-07,3.3193260698230582e-09,1.6333404780577027e-09,5.471480391594106e-09
psc110536,union3:4,0.2343409051533131,1.538925966412874e-08,2.6945181366547734e-07,8.851900052667662e-11,1.1462534393409394e-10,3.1093020253147292e-09
psc110567,union3:4,0.2140107839241873,3.061460846998216e-05,0.0001990779798685393,5.175557123583639e-09,4.7502707671145975e-09,2.126605383457272e-09
psc120444,union3:4,0.2990661746687537,7.905376294033728e-08,6.990063292983987e-08,1.4169556214724224e-09,8.161851544074244e-10,7.978052921205423e-09
psc310146,union3:4,0.4790204868660583,9.228263079733102e-07,4.3374130253050846e-05,3.2906419067117897e-07,2.796412933595452e-07,3.1322471180762696e-08
psc340125,union3:4,0.3184776953977515,3.778170744365171e-08,9.201730088852437e-08,3.602813780794214e-06,7.1066419909876005e-06,9.293303155215699e-09
psc340309,union3:4,0.1497549825474826,3.8887403102239076e-08,7.365213664077544e-08,8.977801396024495e-10,2.169725559657562e-09,4.770037876307302e-10
psc440005,union3:4,0.3051010216655478,1.076884948001698e-07,9.92048630500608e-07,2.41964956474103e-08,6.870151688968851e-08,8.376206509873337e-09
psc440008,union3:4,0.146155483451543,1.2268264979864649e-09,5.826754154916454e-09,1.0595899304268827e-10,5.5189735760630715e-11,4.153558856882782e-10
psc440643,union3:4,0.1891416132556196,3.0704350037438953e-10,1.804003307408057e-08,6.87692574215531e-11,3.401570225194209e-11,1.3814953919960596e-09
psc450175,union3:4,0.5190189298887546,4.624867330240397e-09,1.0617618996571334e-08,5.770446538415038e-07,1.7438886996152055e-06,3.840514592489029e-08
psc460037,union3:4,0.3025297307182721,3.157604210508349e-08,2.550191451702522e-07,5.786355278011349e-10,1.0922257229773986e-09,8.205378300107215e-09
psc460064,union3:4,0.2419248922212022,1.9417360502483952e-09,2.77313339333204e-08,7.030917038977204e-10,4.479563689878964e-10,3.646109388491613e-09
psc470008,union3:4,0.239129293909984,3.6046451692810415e-08,2.993506421907786e-07,4.980945352267843e-08,1.999822350036352e-08,3.4432604634198165e-09
psc470015,union3:4,0.337113044100769,6.722469139775563e-08,3.1038572387207697e-07,4.380770072778576e-09,2.8960846406145714e-09,1.1164194932214522e-08
psc470110,union3:4,0.3454622500799968,6.549965239345265e-07,1.0370714799470798e-06,4.318927854374571e-06,5.1139591312091805e-06,1.2188732062205616e-08
psc550096,union3:4,0.2231079787494418,2.8820739699571544e-09,1.4866517244703283e-06,1.5693374038968433e-08,3.351225515867612e-08,2.439158578837193e-09
psc580275,union3:4,0.3820963378794373,8.258821394203518e-07,1.3003840250457826e-06,7.367727183718057e-06,1.2219278405957733e-05,1.699396441151135e-08
psc580276,union3:4,0.3380998787709233,3.8142847119503056e-07,3.7346477897194272e-06,3.694097605391272e-08,6.139057565583122e-08,1.128294663124236e-08
2002fw,union3:4,1.2991107967805655,1.5318306708940928e-06,5.052706319568642e-06,0.00015353580946604722,0.00027290889512691187,3.792580415904334e-07
2002hp,union3:4,1.3041066404005537,5.497857132147633e-07,2.362277890228292e-06,1.4550840515500526e-05,2.666975561017422e-05,3.826129276520592e-07
2002hr,union3:4,0.5254075836775041,2.0644464921359504e-08,2.2313716278757187e-07,1.1014000603082467e-07,2.5918299394868974e-07,3.963640419787764e-08
2002kd,union3:4,0.7343269044704723,5.015880119654665e-06,3.460211112522912e-05,6.778958645233388e-08,4.972433533191975e-07,9.996362236239574e-08
2003aj,union3:4,1.3061113065045324,2.417465478263276e-06,1.7086615832504985e-05,2.6712075664849755e-07,2.4131564790281253e-07,3.839632853601901e-07
2003ak,union3:4,1.5500177046042452,1.0134380842278327e-05,2.297572090635684e-05,5.190520314920542e-07,8.382165822383374e-07,5.217335228383144e-07
HST04Greenberg,union3:4,1.1391702414290372,5.155646733962718e-05,0.00016833615233049804,9.369212504178979e-05,0.00036413281664743384,2.9464193657087054e-07
HST04McGuire,union3:4,1.369079854003076,1.0121990554829275e-07,5.719595763614923e-07,0.0003045125577103716,0.001206470498278576,4.2553082435634046e-07
HST04Ombo,union3:4,0.9742343500931072,3.543577659066879e-07,2.9978098028848556e-06,6.725130452678655e-07,6.768666711856265e-07,2.1302111390333914e-07
HST04Rakke,union3:4,0.7393243906226654,2.841829592293915e-07,1.3968566175960151e-06,1.2000762801013816e-07,1.0454637542110562e-07,1.0137951769942628e-07
HST05Zwicky,union3:4,0.5204124610194887,4.0117707434309527e-07,1.8410258544886296e-06,3.8323238447860574e-07,4.874569491903973e-07,3.866490634772624e-08
SCP05P9,union3:4,0.8203473065921025,7.74051422482583e-06,9.654895935415786e-06,4.581027804358627e-06,5.103117694061132e-06,1.342075853030038e-07
01259412,union3:5,0.3047569362099627,5.2057398901509966e-08,1.2478998736592435e-07,1.1371244894895294e-07,1.412866079173529e-07,7.0525460159673134e-09
01261579,union3:5,0.3222363655489997,2.0908179560590845e-09,2.107844159431469e-08,1.510987411423034e-07,1.35833763155382e-07,8.615197209389544e-09
01279500,union3:5,0.2350194361957722,3.186788569464951e-10,5.816978045492437e-08,1.9246911509026916e-08,3.3004897366964895e-08,2.6154122672137428e-09
01283878,union3:5,0.3134602474822006,1.6669338795322345e-07,5.467402528744378e-07,2.3688394957531058e-06,2.819126001049183e-06,7.811087080946079e-09
01286398,union3:5,0.1502881217404008,2.2487085512812782e-10,3.5633263647355596e-09,1.6850040344630032e-09,1.2569191558645476e-09,5.754872392458667e-10
01294743,union3:5,0.3125423401984679,3.451651495034111e-06,1.2755182059240963e-05,2.656001874267624e-09,1.0746309941477604e-09,7.729259206040883e-09
01295305,union3:5,0.6117023390051224,7.77859216939229e-07,8.185887217894637e-06,5.560103033928996e-07,8.949281966536776e-07,7.468160314218911e-08
01297026,union3:5,0.2584827371979723,1.0495156467047015e-08,5.413219010888807e-08,3.239622188378641e-09,1.829384495654222e-09,3.7923827354497124e-09
01301933,union3:5,0.3299417482552194,1.727948359012312e-06,6.212209405500661e-06,1.298552209326214e-07,1.4185562182630817e-07,9.6105665442359e-09
01302523,union3:5,0.4238574411490947,6.282214322533191e-07,3.639223096673723e-06,1.2908104645334784e-05,2.1917128024188127e-05,2.6986399809211476e-08
01305504,union3:5,0.4955966022291729,2.6816683652925927e-08,4.250141126272232e-07,5.845982727560673e-07,6.503795307077232e-07,3.948274005355958e-08
01305626,union3:5,0.3257196260279738,2.373323050114349e-06,7.88850985281726e-06,1.725791207461747e-07,1.3970036652921652e-07,8.981641533968286e-09
01306073,union3:5,0.3285408595989745,7.192438053048077e-07,1.364723778430927e-06,1.6203381893630988e-08,4.373500932429091e-08,9.399531861683195e-09
01308582,union3:5,0.3669196727846266,2.4774236852318254e-08,5.540168425306406e-08,8.810505856494467e-08,1.387599866155469e-07,1.6028145948323906e-08
01314897,union3:5,0.3369308753163627,1.7734112036948427e-10,2.0503708259309405e-08,8.211759991307854e-08,1.2098070561493198e-07,1.0698434048684164e-08
01317666,union3:5,0.1413938876815097,2.957334309967725e-10,1.1930404728931712e-09,3.0710522670805025e-09,5.139164891557488e-09,4.726047668180986e-10
01322229,union3:5,0.5261622150762062,7.5305187258120964e-06,9.07883206720357e-06,2.1203802476428593e-08,1.3335846242636045e-08,4.5801871799236464e-08
01329312,union3:5,0.3444246261398873,1.9555449993693476e-09,7.685694325478758e-09,1.2098487858793158e-06,1.6150238121476397e-06,1.1929628838422378e-08
01330642,union3:5,0.6339041669104888,6.699914427045438e-07,3.896430978086192e-06,1.918003145966298e-06,1.5973816944463707e-06,8.309855105298655e-08
01331993,union3:5,0.7196093520644367,1.5919186749146737e-07,9.43194643076277e-07,6.72245321269439e-07,5.155148395313594e-07,1.1414791932418895e-07
01334597,union3:5,0.2889528865455524,2.8817638460750316e-08,9.861245617805507e-08,7.130382200552717e-08,9.04405913910059e-08,5.7741703657952585e-09
01337655,union3:5,0.8485083867036423,1.5334695478293738e-07,5.683048296234612e-07,4.4033759170577123e-07,7.575945327133469e-07,1.744135157827573e-07
01338675,union3:5,0.3305429621723064,1.7541990702859432e-07,4.20819090366828e-06,3.0042473011067787e-07,4.686579588178875e-07,9.701853955500417e-09
01282736,union3:5,0.3688992563021342,2.484195570228277e-07,4.447600745875741e-07,3.956310642864897e-07,1.5270243994962296e-06,1.6417738400424672e-08
01287626,union3:5,0.3039523482980426,3.921378641061821e-09,2.527217048026657e-08,1.099869306533859e-08,6.614520370201285e-09,6.98437781847632e-09
01291080,union3:5,0.4438349269249673,6.93575093630039e-08,2.0646618964738785e-07,0.00011654444935069027,0.00010792497883353702,3.023477890118368e-08
01292560,union3:5,0.2247960870494061,6.908430611476706e-07,1.660813114741284e-06,1.0335882947781375e-10,5.627298867973256e-11,2.1729930916200174e-09
01293319,union3:5,0.2968623971184116,7.299198129256475e-09,2.3869913715118422e-08,2.0270599009350063e-09,2.684529958788361e-09,6.397997797709316e-09
01295027,union3:5,0.4254494310781249,4.4075055625000535e-07,2.6572001832580393e-06,1.2231490745787597e-08,9.78994454998192e-09,2.7298332914209232e-08
01296657,union3:5,0.146186493994832,8.700310373662638e-07,3.1745962207134236e-06,3.5102053075662713e-09,3.0412275218854978e-09,5.267845812288383e-10
01298893,union3:5,0.1961365092138698,3.1537270944921176e-08,7.795815297164612e-08,5.341412610823071e-10,1.3176123249983987e-09,1.3831621451278111e-09
01300516,union3:5,0.3104136989435242,2.3633023643146642e-08,7.043168150654211e-08,1.4309346013335863e-10,1.462203621916965e-10,7.541157257821022e-09
01303004,union3:5,0.2949493000891194,2.0360329454487362e-07,7.714608834833819e-07,2.7566426575267383e-08,2.370019033237032e-08,6.244177559051269e-09
01303952,union3:5,0.5626493589422155,6.423053137794866e-08,2.966752772178909e-07,9.314630774282308e-07,6.459078559697172e-07,5.765891434135653e-08
01304127,union3:5,0.7285979961612705,9.265170759940978e-06,2.3986276803485688e-05,3.2580549223875957e-07,2.2075726706280917e-07,1.1768675636499812e-07
01308957,union3:5,0.618683669772359,5.598874199382429e-07,1.1808403865790086e-06,2.569693889184447e-07,1.6487807294979265e-07,7.723128523218634e-08
01310338,union3:5,0.4388263503554626,1.0185158209985342e-07,5.787333683162072e-07,1.1452251733240536e-07,2.0431402651247438e-08,2.9419969574220514e-08
01313594,union3:5,0.2883417511744834,5.878253702445087e-07,1.1568798843401548e-06,6.368491885001721e-08,4.132660781326497e-08,5.727301241375899e-09
01317277,union3:5,0.2371030929323032,2.1985921326621147e-09,3.65153286674965e-09,4.657564450607649e-08,4.997131126845514e-08,2.711111366068179e-09
01317286,union3:5,0.2789785273573759,8.864358330217084e-09,3.1568623129553165e-08,5.826868305176533e-10,3.134486692688011e-10,5.033097577365889e-09
01329615,union3:5,0.4038594034772507,2.3498097642975723e-08,2.177774838578759e-07,8.916791951425336e-08,2.4285028472464103e-07,2.292514697224818e-08
01332413,union3:5,0.6087155423194852,1.028803368127254e-07,3.720767557150273e-07,1.0659529325416212e-05,2.3955231709315397e-05,7.360385353210459e-08
01334448,union3:5,0.51674045194065,5.262663698739024e-07,3.1217343255879925e-06,4.074982234305977e-09,5.011848816195618e-09,4.372897340760898e-08
01334470,union3:5,0.5187526227877535,3.0270209027446863e-07,5.167195317176205e-06,1.5070856200117748e-07,1.0060120804833042e-07,4.414436841546501e-08
01334620,union3:5,0.1961370913446718,2.168388129957959e-08,5.881602090432997e-08,1.972601419100549e-09,1.1056374583554504e-09,1.3831763840178214e-09
01334644,union3:5,0.2880474158785653,1.0959673591707054e-09,1.6799640575540662e-08,1.094970352912394e-09,1.2426977974743372e-09,5.704796257310068e-09
01334645,union3:5,0.2312191343721183,3.681646188951322e-07,4.514111265595376e-07,2.268017342209951e-06,1.5837336445536741e-06,2.4452983884131097e-09
01335564,union3:5,0.6076912457276791,8.06588289428574e-06,8.35591809638132e-06,7.691941025202927e-08,7.382180673853385e-08,7.323605225102692e-08
01336687,union3:5,0.2337033987487309,2.582707829018033e-07,6.851557119723414e-07,1.0682113630346877e-09,1.8074841251519408e-09,2.555854720965359e-09
01337272,union3:5,0.5027485806389085,3.904308574597808e-07,2.8731517145294606e-06,1.1053134260946525e-08,3.0572954110307065e-09,4.089477612668257e-08
01337325,union3:5,0.6386543772982449,2.674430686180023e-07,6.576366921987755e-07,2.2930235941639848e-05,2.700600592233359e-05,8.500953691623225e-08
01337838,union3:5,0.3119398549227126,1.1560476539673596e-07,2.8866462656027343e-07,3.96249054413886e-09,4.1057547804149845e-09,7.675784197548004e-09
01338233,union3:5,0.5979929419018641,6.20902542912875e-07,1.5659169910283163e-06,6.285333996175358e-08,9.748677114372101e-08,6.979927099899492e-08
01338266,union3:5,0.6476490039816962,3.015379088280658e-06,3.522726125828629e-06,8.6664056003815e-07,1.0870560733150915e-06,8.868754260553806e-08
01338278,union3:5,0.5639005351686628,5.8221827134800904e-09,3.4778351425680204e-08,1.1900288674628902e-06,1.4623737546177033e-06,5.8089679692806465e-08
01339002,union3:5,0.3025544598941461,1.0624693454923827e-06,2.4435213580560335e-06,1.6746306138197251e-09,3.1361518483149338e-09,6.866729844162146e-09
01339149,union3:5,0.4678114234720747,2.2681550597378152e-07,4.3636110051721006e-07,1.830117983207882e-07,2.3279149333344857e-07,3.4289508851923285e-08
01341894,union3:5,0.3121259516231762,4.413090210511262e-05,9.273318126736705e-05,2.6149097290124197e-07,4.3947189669982127e-07,7.692281838028018e-09
01343401,union3:5,0.382857752781391,1.8045981880394322e-09,1.645818655481354e-08,2.712729241661677e-07,1.2506332790521043e-07,1.9016421374605848e-08
01344692,union3:5,0.3794758021695521,1.554481604594454e-10,1.1714377370640797e-09,3.681097773385993e-08,3.390272423335671e-08,1.8421116242684026e-08
01345553,union3:5,0.3189213527881984,1.6713982254658309e-06,2.7819476417849716e-06,2.951485289862723e-07,5.595054750356811e-07,8.306830847984918e-09
01345594,union3:5,0.4224099953800646,1.3421568592124792e-07,7.135293948066078e-07,8.077679787161384e-06,5.943119317740116e-06,2.6681336735530017e-08
ps0910017,union3:5,0.3189217627887779,1.812637510711424e-07,2.768946626346411e-06,7.218117298900811e-09,8.087509432438523e-09,8.306868639234891e-09
psc000014,union3:5,0.1351810437669469,1.8194656244716694e-08,7.238811124397159e-08,6.944424393797949e-11,1.0828075170605711e-10,4.0674440916855215e-10
psc000034,union3:5,0.2523833780682032,1.371783105810843e-09,3.648338084053004e-09,1.8081236106008636e-08,1.5802215752476086e-08,3.465452716719545e-09
psc000038,union3:5,0.1495553919235603,4.8051530879700905e-08,7.064537779363351e-07,5.6702458180880946e-12,4.082186538230849e-12,5.666288684782024e-10
psc061191,union3:5,0.268682791408807,4.129054568262284e-09,1.4685621502218018e-07,1.7070370615395318e-06,5.621961969229778e-07,4.37203591751883e-09
psc061197,union3:5,0.3278144740581568,1.5212371347478662e-07,7.325083074045802e-07,9.051283320804397e-08,1.2163021237970058e-07,9.291028984987757e-09
psc070111,union3:5,0.3515200234328599,7.854826055244204e-09,3.114410257855566e-08,1.0398936178243953e-07,6.864263874080967e-07,1.315716393643739e-08
psc070515,union3:5,0.4726259766006226,8.430802950318817e-08,2.4562298472508235e-07,3.398198292176267e-07,1.0483357395114545e-06,3.513446069157489e-08
psc070530,union3:5,0.3183434829997769,4.094647541120533e-09,1.4807238673571977e-07,2.847862650116796e-06,1.2295808197480352e-06,8.25365192442027e-09
psc080048,union3:5,0.3203378206401559,2.3960935956549287e-07,6.398801852876598e-07,3.7691118283270115e-07,1.7402956757182603e-07,8.437904728866238e-09
psc080296,union3:5,0.4988726850013585,2.7843782117447786e-07,9.565458373661522e-07,1.2521335336559898e-06,9.882556273133173e-07,4.012646750359311e-08
psc080546,union3:5,0.611578149614165,9.412172216477092e-07,1.635524005384905e-06,1.3520949951596517e-08,1.2507872984693234e-08,7.463663481601337e-08
psc080723,union3:5,0.4292193558363075,3.802723609112945e-05,0.00012379750917832654,7.601803138400809e-07,9.307215998390299e-07,2.7888224804507053e-08
psc090128,union3:5,0.4299383652686996,1.074272717555639e-07,1.7735635588757132e-07,5.666534779964483e-07,1.6557240087690735e-06,2.800144644304538e-08
psc091437,union3:5,0.4640027300003873,4.4789696322386763e-08,1.4361423045640996e-07,2.8065527015806324e-06,3.3986044729775477e-06,3.362837068458275e-08
psc100163,union3:5,0.316927465971953,5.83270816388743e-08,1.298932875533118e-07,4.481784801124584e-08,4.608425213240062e-08,8.124063754594664e-09
psc110033,union3:5,0.2039020589187834,1.5776353717874457e-08,1.6376138817510965e-07,8.552532837566539e-08,8.504924759659875e-08,1.5796276961295315e-09
psc120585,union3:5,0.2481828147366021,4.468057822504128e-10,1.443099542840526e-09,8.393907967969105e-10,5.674728625903179e-10,3.248867248240679e-09
psc310039,union3:5,0.1707530635580976,1.4780595728040874e-10,1.683945854487785e-08,2.855114134432242e-09,2.3299643690760077e-09,8.506568860844145e-10
psc310188,union3:5,0.3171206977693939,3.6510919883012857e-07,3.3834994582415723e-06,1.4310290779288323e-06,4.520849195571808e-06,8.14168713452671e-09
psc310238,union3:5,0.2819486081061653,6.366344816861377e-09,9.815958323232696e-09,2.483968161055312e-09,5.5071143457592735e-09,5.248448764937086e-09
psc310260,union3:5,0.517980901912257,3.8677037114771275e-08,3.047986783733902e-07,8.874089884548355e-06,1.4122057833652883e-05,4.3984821276406815e-08
psc320099,union3:5,0.3790840845497119,4.3932067662354554e-07,1.5417404497762733e-05,5.260000277655922e-10,1.0910117912436225e-09,1.835277621106596e-08
psc320258,union3:5,0.3400926208709456,1.7719500308610326e-07,1.0682410308154369e-06,2.014087476546182e-08,3.773943015265023e-08,1.120972131179704e-08
psc320469,union3:5,0.3700606126161159,1.0840060047858897e-08,2.2343695790495274e-07,5.040018735980762e-10,6.081547301688983e-10,1.6648476765157142e-08
psc330022,union3:5,0.2630588390275969,1.8097569359714384e-05,2.6918669681968756e-05,1.0331823997682607e-09,5.685710468390438e-10,4.047339089027789e-09
psc330089,union3:5,0.3479164734737339,1.5482084377258568e-08,6.689881867465283e-08,1.653856841976805e-08,1.0782397909798124e-08,1.2526223079848316e-08
psc330128,union3:5,0.320147296936816,4.053839372281882e-07,9.67310265363018e-07,9.832186035293045e-08,1.218382542724409e-07,8.42021475732162e-09
psc330146,union3:5,0.1342908151494966,3.2952804246222785e-12,3.072084284055539e-11,6.629790664131245e-10,5.168051311144413e-10,3.9771198989101243e-10
psc340229,union3:5,0.1402697277913887,1.7234523451624622e-11,6.413642110588594e-11,2.6242023813472727e-07,5.5538906859476e-07,4.603218771783485e-10
psc420352,union3:5,0.4014466083817714,1.150255910734932e-07,2.2021698599176493e-07,7.726930002925379e-10,9.11254494463451e-10,2.2457527941184606e-08
psc440042,union3:5,0.1582571842262692,6.025443999474672e-11,2.8582135310807513e-10,1.2410753676236072e-09,2.2941919597890077e-09,6.762667166229011e-10
psc440236,union3:5,0.4346655845438896,8.103009786402216e-09,1.2703146695618107e-08,3.15824655478439e-08,3.4449220455714456e-08,2.87515477926787e-08
psc440285,union3:5,0.1761630626073871,2.5874990513344303e-11,5.636093883676928e-10,2.1718745527437077e-09,1.7744209130283892e-09,9.377540812259271e-10
psc440509,union3:5,0.3181157205906024,8.268703971084106e-09,2.5333655796198503e-08,3.010219559098452e-09,7.96209770353576e-09,8.232738826508655e-09
psc450339,union3:5,0.4084624553929477,1.229598466740132e-06,3.8508634095541726e-06,5.909426319785685e-07,3.2988534836602703e-07,2.383062008450748e-08
psc460004,union3:5,0.2082197717896059,3.9809040147972496e-11,3.716350913391123e-10,1.7150534875803563e-09,1.5929224703211884e-09,1.6945059923107006e-09
psc540163,union3:5,0.3286221766387556,1.3167188428017173e-08,1.5906392446397963e-08,4.789019318930145e-08,9.330686374988077e-08,9.411717690832946e-09
psc550154,union3:5,0.210124987695347,3.1971754031306064e-08,9.925542777684482e-08,1.8598875280119252e-09,6.839479519616154e-09,1.7464787874078016e-09
psc560027,union3:5,0.4388265898546408,1.120734061981253e-07,1.2986713656061545e-07,5.6096367795650495e-08,8.606991405958342e-08,2.9420008270532487e-08
psc560121,union3:5,0.3641044995710436,7.114795573008335e-07,1.9202277434402515e-06,2.3093060844073407e-08,3.0353307245025266e-08,1.5482162006449965e-08
03D1au,union3:5,0.5030838265307911,1.2762255336156226e-07,1.6489588163377621e-06,4.3496537605068785e-09,4.882013346339157e-09,4.0961573391116126e-08
03D1aw,union3:5,0.5807242679744387,6.29175349597306e-07,1.2302727886293708e-05,1.6196941049804902e-08,1.2984590911534376e-08,6.388423561551983e-08
03D1ax,union3:5,0.4947956137520262,2.7884093115301546e-07,5.555821257506738e-07,5.699846049678566e-09,6.646086149485101e-09,3.932614331842753e-08
03D1bp,union3:5,0.3459282071903045,6.414760694136091e-09,2.895135995077668e-08,8.267169416458377e-08,1.391696075866947e-07,1.2184736446178163e-08
03D1co,union3:5,0.6776622506150842,3.7427308458044617e-06,1.3460306480092984e-05,6.103628738640717e-07,2.67186376352668e-07,1.0114871557299045e-07
03D1ew,union3:5,0.8664945968980386,2.662518143819233e-06,1.7663144354260963e-05,1.4184931919938183e-06,2.640624862225765e-06,1.8221966808270002e-07
03D1fc,union3:5,0.3309318857355345,5.631067975419945e-08,4.529427842973223e-07,1.8599850144519264e-07,1.1583007751556017e-07,9.761137378505993e-09
03D1fq,union3:5,0.798566302111207,9.634857780830806e-08,6.20923210664994e-06,1.0461171957441662e-05,9.219119108133546e-06,1.5255177516521055e-07
04D1aj,union3:5,0.7196266245919412,2.228421366197324e-05,5.196501323033761e-05,6.896319955099363e-06,5.551113158874978e-06,1.1415343380314669e-07
04D1dc,union3:5,0.2100324737747638,3.6172863050150315e-08,1.620305267960935e-07,2.1988447717918615e-08,2.045778952624699e-08,1.7439369455856762e-09
04D1de,union3:5,0.7665902415032531,3.858162757943759e-06,9.184153772099279e-06,2.755381672282768e-06,2.3722905159118315e-06,1.376704720155043e-07
04D1ff,union3:5,0.8585131461609983,1.0202679713716505e-06,3.0213816432691176e-06,8.367410597053506e-07,4.729421816306584e-07,1.7873456729984488e-07
04D1hd,union3:5,0.3679043471433738,3.0635680780561326e-10,3.5066508842720296e-09,2.3541218419163667e-07,2.9997264350129026e-07,1.6221350286016615e-08
04D1hx,union3:5,0.5587464797443935,1.69557258712777e-08,2.9961109047404742e-06,2.125627354239679e-07,2.800900223454443e-07,5.632549858530678e-08
04D1hy,union3:5,0.8485096018060083,1.2560856287901037e-07,5.622952465359748e-07,1.0676772528562874e-06,1.7799758716865574e-06,1.7441403737455047e-07
04D1iv,union3:5,0.9963905136763612,5.485864012091764e-05,0.0007576871456008504,4.83552032665833e-07,1.1659475035189542e-06,2.5392849011002537e-07
04D1jd,union3:5,0.7765946746067607,3.1183610888385965e-07,6.4540405405755145e-06,0.00033270189988748194,0.0010026664164365054,1.429877776280921e-07
04D1jg,union3:5,0.5829326543569071,4.53231390668409e-09,4.373989278107099e-08,3.005310162001659e-07,6.301021314003747e-07,6.462607183699277e-08
04D1kj,union3:5,0.5837428958570987,1.0252644800295759e-07,1.2063252454892426e-06,8.69125709477095e-06,2.1966933216606028e-05,6.489932015779098e-08
04D1ks,union3:5,0.7965526109160754,2.4019925314141563e-07,1.1608951928619391e-06,1.590121335571849e-05,1.3610425834934768e-05,1.5166235209101412e-07
04D1oh,union3:5,0.5887211746835785,6.678781869984607e-07,6.878013848939288e-06,6.543917925696996e-07,3.1965000231323505e-07,6.659086181559291e-08
04D1ow,union3:5,0.91347307228868,2.1730619299463665e-07,4.78911981640338e-06,3.819195900406652e-06,2.2296189013895522e-06,2.10166368998777e-07
04D1pc,union3:5,0.7685871905535504,2.737610732834669e-06,7.571909431239956e-06,5.078074515201364e-07,2.184649402272769e-07,1.3876418360919707e-07
04D1pd,union3:5,0.9484549670694488,1.1658506599508678e-05,2.067689133972432e-05,2.482795017987124e-06,1.8444388851327678e-06,2.3058809670807714e-07
04D1pg,union3:5,0.5137934613946333,1.7357928144547052e-07,9.346387628712304e-07,2.0834086675963198e-05,3.401105102701649e-05,4.312413709051048e-08
04D1pp,union3:5,0.7336087270986067,2.025074880698925e-06,5.78975793010212e-06,4.756931405151835e-06,1.537005096418097e-05,1.20232708830503e-07
04D1pu,union3:5,0.637700843514792,3.609747243568962e-08,2.2580974102892696e-07,1.0033775642051517e-06,1.894347399069967e-06,8.46241923407749e-08
04D1qd,union3:5,0.765588659105167,2.7564447345125524e-07,5.513317458797603e-07,3.49266530520069e-05,3.2175286599779434e-05,1.3712354353298414e-07
04D1rh,union3:5,0.4348609256512308,1.696244325334256e-09,1.6853854221792334e-08,4.2065622510241464e-08,1.7370724606891624e-08,2.8782757260153e-08
04D1rx,union3:5,0.983407441173638,9.772140991078618e-06,3.9211671015745994e-05,1.249468963987405e-06,2.0580531722693516e-06,2.488671638772435e-07
04D1sa,union3:5,0.583743244093273,4.248537187441009e-08,1.8422862903982763e-07,2.2163287179320334e-05,1.8367206014259426e-05,6.489943772195346e-08
04D1si,union3:5,0.7006316638078103,3.61482301077291e-08,2.454482695487663e-07,2.992233963850846e-08,4.4780665226614736e-08,1.0816951681568992e-07
04D1sk,union3:5,0.6620584932661566,3.1592295364513654e-06,6.839771717722413e-06,3.037968632740505e-07,2.9866478076518085e-07,9.474208751225857e-08
05D1az,union3:5,0.8405222392157119,7.694541795510405e-08,2.220277299285547e-07,7.573453811994169e-07,1.4921856716387044e-06,1.7100224964234314e-07
05D1cb,union3:5,0.6306991646728362,2.232664786045666e-07,6.615923146778243e-07,2.160599204207917e-05,4.2026504283437044e-05,8.182146809234763e-08
05D1cc,union3:5,0.5627509281965839,1.0254343927496159e-06,2.1168107537302256e-06,7.827741121497277e-07,3.505314265335028e-07,5.7693823660808896e-08
05D1ck,union3:5,0.6156983119092554,2.973150370402445e-07,1.00759577119852e-06,0.00029790154246554345,0.00028977274484142084,7.613575228059217e-08
05D1cl,union3:5,0.8285284415608116,3.311177486213617e-07,2.784039874959266e-06,4.239663200348897e-06,3.6043940347062296e-05,1.6594241573259225e-07
05D1dn,union3:5,0.5647412231256468,2.740935352516651e-06,1.2894306696186697e-05,0.00011121720285722385,0.00020963982915668937,5.838001919949216e-08
05D1dx,union3:5,0.5787454138340153,1.3462455906660942e-07,6.746811164286173e-07,4.6597722709702214e-08,2.369938060891265e-08,6.322314118970745e-08
05D1ee,union3:5,0.557743153665001,4.5820612818500906e-08,3.406454246965973e-07,5.228130677088412e-09,6.147566263190234e-09,5.598523348988181e-08
05D1em,union3:5,0.8644970993475649,1.3353280093096202e-05,6.554478483405695e-05,0.00014985832037807078,0.00027302775686929257,1.813443037349815e-07
05D1eo,union3:5,0.7356079673923455,2.4133043690770277e-08,1.0616643523801834e-07,3.5787279366790214e-05,0.00015731812256240837,1.2125612667912044e-07
05D1er,union3:5,0.8585072828224272,3.809718873552561e-06,5.292200722633027e-06,1.2307550656310292e-07,4.330276412929689e-07,1.7873201944199858e-07
05D1hk,union3:5,0.2619841060705088,1.811465458674067e-08,1.2354354912289685e-07,1.531456656065274e-09,1.5459531121779782e-09,3.986715431657427e-09
05D1hm,union3:5,0.5857437830629377,1.8565632310940144e-09,8.49504966021878e-09,3.8665230722780145e-07,6.06675226952556e-07,6.557657495347412e-08
05D1if,union3:5,0.7615804036972535,5.427718814465453e-07,4.223069398977663e-06,3.5622037004150635e-08,3.90054381277703e-08,1.3494567305125346e-07
05D1ix,union3:5,0.4887998242191027,1.8654430455498236e-06,3.8078328879820866e-06,6.034231131032645e-09,3.1087478068992874e-09,3.816382264647178e-08
05D1iz,union3:5,0.8585164582948752,3.1007376440630743e-07,1.8301225490197588e-06,1.9923871356629575e-07,2.142511800166881e-07,1.7873600656405418e-07
05D1ke,union3:5,0.6886564041709764,2.228585216921943e-06,3.5993116703047584e-06,1.4957496229328064e-07,2.2427055848200626e-07,1.0447978398803501e-07
05D1kl,union3:5,0.5587427959734994,2.650754936369236e-07,2.989949291021744e-06,1.6418538229817121e-06,2.1961689336725117e-06,5.632424739638505e-08
SCP05D0,union3:5,1.0123472611392637,1.4098928906472868e-06,6.522512744929272e-06,1.0916416912437542e-07,2.635609545118467e-07,2.6021886662849755e-07
SCP05D6,union3:5,1.3131010648273116,6.212437540626371e-07,1.9008620459593368e-06,8.147134187695405e-05,0.0003013459887085165,4.7613813241237876e-07
SCP06R12,union3:5,1.2102060200857658,1.8978687314825646e-05,4.185900969138998e-05,0.0006743957099554928,3.95560108138193e-05,3.7631159010327413e-07
01255502,union3:8,0.1482332595029061,9.136332739229039e-11,1.6359983942175162e-09,0.0,0.0,4.6353111949966805e-10
01306785,union3:8,0.578670028607597,1.451489474371775e-08,8.138882068156175e-08,1.6648986920019463e-05,2.5791980234077143e-05,1.3062882200390987e-07
01308568,union3:8,0.6431211033103379,3.0311704028746206e-07,4.624143832903612e-07,2.238521045332236e-08,1.1360436025718803e-08,1.6073264423466544e-07
01317164,union3:8,0.1546350303742714,1.3652093801544006e-06,1.5972710324855408e-06,0.0,0.0,6.647442765227049e-10
01345582,union3:8,0.4587699405496037,2.4221916086970517e-06,5.589119154781777e-06,3.9834800031079374e-05,2.5191571637679893e-05,7.508907712449495e-08
01258906,union3:10,0.3491456840268432,6.412198218526003e-09,2.0779744142135675e-08,1.224610129253397e-09,1.2420212669711676e-09,7.918252066644002e-09
01275946,union3:10,0.232114878770919,1.5032554286718328e-09,1.1700513757568213e-08,6.90605865747592e-09,1.9568691687110274e-08,9.779526979773322e-10
01281668,union3:10,0.3070593271336683,8.201502583857822e-10,4.002014601159901e-09,6.737679037556699e-09,4.860146792178502e-09,4.550002135861557e-09
01283936,union3:10,0.3690204542526285,9.730016488912067e-11,2.4128951155774284e-09,1.0787748250706483e-05,5.258561969826444e-06,9.937157703539622e-09
01285317,union3:10,0.5648594784021899,2.8486076730349736e-07,1.1478517974019131e-06,4.662810218089985e-06,4.9596325879720835e-06,5.426145012072431e-08
01289288,union3:10,0.2896780850218534,6.447896509869715e-10,4.530381467808363e-09,3.951639243711632e-08,5.059402124015665e-08,3.5033468211658546e-09
01291090,union3:10,0.2919665326541374,4.80812432898748e-10,7.956266909275382e-09,3.71321330080043e-08,3.310543804265357e-08,3.633342463316215e-09
01293758,union3:10,0.1471582121687449,2.8785966445325075e-06,1.9492030086551484e-05,2.3534239268168205e-17,8.220848123531026e-18,6.047745007397639e-11
01302648,union3:10,0.2319201590470971,1.2662946069373095e-10,1.2666693488356866e-09,7.415883277866922e-09,3.757870686309675e-09,9.720158312964041e-10
01303883,union3:10,0.2591099640110201,1.2057925036339711e-09,7.968268234153879e-09,4.548533552610078e-10,4.073461294163852e-10,1.9759697836829514e-09
01320166,union3:10,0.4489555782994392,3.211308576142072e-07,3.002437804438856e-06,5.488303235056084e-09,4.570947983375889e-09,2.3679999805583996e-08
01327978,union3:10,0.2072278866381969,8.491460645985264e-10,6.9920451078555764e-09,1.7875408657413375e-12,9.34625858586759e-13,5.052731861341096e-10
01328105,union3:10,0.4402459846754158,3.013453172789497e-07,9.748374413498995e-07,8.253502902581902e-06,1.1997662161076357e-05,2.1907355583265527e-08
01330031,union3:10,0.104096208315225,1.4261373761585832e-11,1.4395696742259525e-10,0.0,0.0,1.40973307264715e-11
01335472,union3:10,0.4989255208748355,1.230381677362445e-07,8.288388094538129e-07,8.821041260397484e-08,6.839320779734337e-08,3.513078751223056e-08
01336008,union3:10,0.4379718761885269,6.68799447335626e-09,1.5924886205012465e-08,1.0151096843255096e-05,1.15944575376427e-05,2.145586398773874e-08
01336009,union3:10,0.3415515704758451,2.5314803926947236e-09,3.2023118624444004e-08,4.446633925430092e-08,5.244875988240266e-08,7.207302021996394e-09
01337117,union3:10,0.5538818672690595,1.579495092684331e-05,3.8102607170918736e-05,4.4411789248470454e-08,3.623863039496506e-08,5.071815417775884e-08
01338128,union3:10,0.3117427015850202,1.4781306502407916e-10,5.621502599347061e-10,3.1237580981048775e-07,6.523963774986672e-07,4.855386956358174e-09
01341370,union3:10,0.4089993657821307,3.7646707878498486e-10,7.680579584129524e-09,1.1955554817322011e-06,1.7793812678437517e-06,1.6024392721624754e-08
COS12Car,union3:21,1.54,4.37503473944557e-05,0.00012625115158583565,9.308386314182105e-06,4.0761386196869906e-05,5.439433497055226e-07
psc000010,union3:21,0.2471413762236129,7.730443731978973e-10,5.73428419740234e-09,3.860188065676573e-06,4.730973344762992e-06,5.365548971499951e-09
psc000011,union3:21,0.3828039783932564,2.0679794401917326e-08,1.4024873039861918e-07,1.1138535175396967e-06,9.060494586843448e-07,1.7745148306022547e-08
psc000190,union3:21,0.1035732411342278,3.471817386939268e-11,2.2123025930790748e-10,1.0583303047328649e-13,5.720226461558991e-14,3.535462184294422e-10
psc000196,union3:21,0.3518679902160477,6.6906459007015135e-09,4.104194572943264e-08,1.3939752037436267e-08,8.19800365484529e-09,1.4831885331851569e-08
psc000199,union3:21,0.3728025452272032,3.018402372052706e-07,1.2075046303028204e-06,1.8594111190045705e-08,1.9311303465349486e-08,1.6284258999413537e-08
psc000202,union3:21,0.6210891501794382,4.6028154945668926e-05,5.373616397476866e-05,7.144660593240325e-06,6.917020715987346e-06,8.706197385263815e-08
psc000215,union3:21,0.4678066227508932,7.315282731855183e-08,5.497953043868226e-07,2.2620596438658847e-08,2.064100904789431e-08,3.3665021934641374e-08
psc000220,union3:21,0.2210194615316887,2.064249158526543e-09,1.1298555703548183e-08,1.5906947072197394e-08,6.546763769351674e-09,3.4264861024536193e-09
psc000420,union3:21,0.312724824964889,2.9855477247470267e-09,7.88176871929042e-09,1.030658441691408e-07,1.0174241731569421e-07,1.1742811089754504e-08
psc010010,union3:21,0.1006879465783943,2.810177792213607e-10,2.5804151836324633e-09,0.0,0.0,3.535462184294422e-10
psc020132,union3:21,0.1479361635996869,1.5817587858963799e-07,1.7490709753126812e-07,2.548157618626957e-08,1.571393343309858e-08,8.974085637756694e-10
psc030066,union3:21,0.2267201596955634,1.2585169953850328e-06,1.0049896375458625e-06,9.64018789095612e-08,5.306100382439702e-08,3.7099445160683688e-09
psc120044,union3:21,0.4817101009062614,1.5522595765577774e-07,6.60573804650258e-07,7.162630642102757e-06,1.6726483817597638e-05,3.642658949351143e-08
psc120085,union3:21,0.3233409546788404,7.881660504491324e-07,1.2231959192361931e-06,1.255397813629243e-09,1.5333033469507956e-09,1.2884117140680933e-08
psc120086,union3:21,0.3937252743955159,7.231099251378238e-08,2.8261120536815217e-07,1.1898550582717238e-09,9.749971038614447e-10,1.9654345562722986e-08
psc120094,union3:21,0.4528921059926545,4.69493323463995e-08,1.660650470111098e-07,4.848392443719888e-08,1.261611961534529e-07,3.075320058986668e-08
psc120336,union3:21,0.1625452861757323,5.857701201124905e-08,1.5566411094418113e-07,1.0564953493248691e-07,1.8221707221257728e-07,1.3735367298876061e-09
psc120369,union3:21,0.3317541974359217,2.587486880627904e-09,1.1271630833179412e-08,1.1824086814653922e-08,9.19202963034777e-09,1.3500344598448675e-08
psc120400,union3:21,0.3527637780571004,1.970810946316079e-09,4.796027370355814e-09,1.4805632399284014e-09,3.2324236940618948e-09,1.489264320121298e-08
psc120706,union3:21,0.3309410910405495,5.806672175340947e-07,1.0660330443417054e-06,2.628431996907338e-10,2.450658119951089e-10,1.3447833393218936e-08
psc350192,union3:21,0.3027018134457813,7.99585437432078e-09,5.51602536422897e-08,7.001996799999437e-09,8.277011878355751e-09,1.0713837785093845e-08
psc350233,union3:21,0.1705491789665425,6.554607554934921e-09,8.518709461831926e-09,8.24977938655617e-11,8.272622373752771e-11,1.6771959950547114e-09
psc370098,union3:21,0.2232190330734886,1.6823671781670976e-10,7.665920247730451e-10,1.0401353759604577e-09,5.872368787001381e-10,3.5133038919949653e-09
psc370344,union3:21,0.3327502666087176,8.242404476143666e-10,2.809582856940555e-08,7.668037693076093e-08,6.507692253469094e-08,1.3564811169173252e-08
psc370367,union3:21,0.4729031521696663,6.693072857512262e-07,1.1242893333126222e-06,1.030944503217028e-08,7.677200353290179e-09,3.469022625914408e-08
psc370369,union3:21,0.1925953944990295,7.048737336801825e-06,2.332202137720215e-05,4.9799441162641085e-11,2.951802229740509e-11,2.4022859550030823e-09
psc370563,union3:21,0.1868832135440752,2.6923146058796815e-10,2.6186026773552757e-09,1.0198446599424438e-08,1.8873398584497902e-08,2.218347471929518e-09
psc370589,union3:21,0.3065028078470093,1.0751500496619947e-08,3.799881854490518e-08,4.173942589652224e-09,8.355178111034459e-09,1.1098499458395723e-08
psc370595,union3:21,0.1771736749742396,4.350605328224675e-08,1.3628351493300895e-07,1.149759175681688e-09,1.0953424252078974e-09,1.922497590445707e-09
psc380279,union3:21,0.3505627222227441,4.402670682243926e-08,1.905927222690183e-07,2.7052420791538404e-07,2.9282957317046024e-07,1.4743576308308209e-08
psc380318,union3:21,0.3393533406417022,1.6285218627967852e-09,9.846675348378938e-09,3.176835289083529e-09,2.858422821156697e-09,1.3996051519519633e-08
psc480464,union3:21,0.2240147751300472,1.6867865852053427e-08,5.27522947149574e-08,7.399674153541081e-08,1.2139590371002159e-07,3.5449796293092927e-09
psc490521,union3:21,0.3427510811549834,8.006177350119875e-09,2.5539670204554966e-08,6.754399475002285e-06,1.5596782521290307e-05,1.4220584167564128e-08
psc580235,union3:21,0.3327474015706093,6.7690830800978354e-06,1.246896426105898e-05,5.633213384532809e-08,9.181870258603703e-08,1.356462552090479e-08
psc590005,union3:21,0.1762769106313619,1.3222989404224467e-06,2.8698357885949892e-06,9.469115927174493e-12,1.0506212194648521e-11,1.8962407972942652e-09
psc590031,union3:21,0.3810954593593509,5.104640475825462e-07,1.284853051009025e-06,4.603776519614527e-08,1.2042389578944237e-07,1.7455296782388824e-08
psc590191,union3:21,0.2223212356458184,1.7354522983412966e-09,1.1176821882299413e-08,1.4805911152055439e-09,9.215371714149835e-10,3.4777363529381696e-09
04D2al,union3:21,0.8381396284800389,4.726510120666265e-06,1.1524989068785698e-05,2.099127264332447e-07,3.4942675050569555e-07,1.7083183586469828e-07
04D2an,union3:21,0.621885935958294,6.335800242854453e-07,1.25353931312256e-06,1.3373903652753053e-07,9.968512959358551e-08,8.733804255793251e-08
04D2cf,union3:21,0.3705968367024312,2.1324204287059353e-07,7.361656102150518e-07,1.5310051591741193e-08,2.3999300653114152e-08,1.6128037115288102e-08
04D2fp,union3:21,0.4166426515318469,1.0845352827891646e-08,8.383513744506825e-08,1.7271545995532326e-08,2.0370768722041678e-08,2.3977671335753083e-08
04D2fs,union3:21,0.3585798757633602,1.0307700140285096e-10,8.287466967713669e-10,4.342748590453657e-07,2.544327166445536e-07,1.529014773543984e-08
04D2gb,union3:21,0.4516922811642729,3.2904645533615142e-06,3.916451419923909e-06,6.839264435897563e-07,1.0911711003559398e-06,3.052467695607006e-08
04D2gc,union3:21,0.5227734252330178,1.2302106389845439e-08,8.40974882287082e-08,1.1289537195723324e-08,1.4583620407387735e-08,4.496660276585388e-08
04D2gp,union3:21,0.7340091439850092,1.3297356059981474e-07,2.800085038981947e-07,2.2426891389191077e-07,1.9162567444405888e-07,1.2603884994591712e-07
04D2iu,union3:21,0.7019778607451859,3.605369217248204e-08,4.2803018191757726e-07,6.132900200184276e-06,3.439090071424586e-06,1.1511097797882991e-07
04D2ja,union3:21,0.7420212186147372,2.553441071347302e-08,1.9320256742185812e-07,2.2281154310560757e-07,3.8703032199973657e-07,1.3039881277754113e-07
04D2kr,union3:21,0.7461315870865173,1.397187054766913e-06,3.7719942574495427e-06,4.9608430488833874e-05,4.8812127031557256e-05,1.3266434023594877e-07
04D2mc,union3:21,0.349569813455576,2.8174954474625367e-09,4.875812559147447e-08,1.6760105622288474e-07,2.660259585592035e-07,1.4676576796229382e-08
04D2mh,union3:21,0.591847570053369,1.3700828748999904e-07,1.1345841858917982e-06,4.516457789957389e-08,6.548926596410004e-08,7.723272075560643e-08
04D2mj,union3:21,0.5147579209809385,2.1325674616343108e-07,1.3780325968704965e-06,6.523168484299496e-07,4.488871690769696e-07,4.3229026712938914e-08
05D2ab,union3:21,0.3245419921438641,6.570528279553367e-07,1.4695529250780392e-06,2.8067146723934856e-09,5.11411004498156e-09,1.3016569055129531e-08
05D2ac,union3:21,0.4807148878056102,1.2057072330670846e-07,2.7264216455046765e-06,3.739647360176578e-09,4.3601569619041144e-09,3.623076545740405e-08
05D2ah,union3:21,0.1853802384382787,6.975320829517494e-11,6.553515941852525e-10,1.2829577141940715e-10,1.6272918951054842e-10,2.171167276438912e-09
05D2ay,union3:21,0.922235444724284,2.425625439217592e-06,9.373443394576012e-06,4.0030654002751836e-08,6.228655909948218e-08,2.0535038245126043e-07
05D2bt,union3:21,0.6819549311831292,8.534804046957422e-06,2.789140847746434e-05,2.3601953468620683e-06,6.268234842501538e-06,1.0992220658962692e-07
05D2bv,union3:21,0.4757183488291103,4.677860305535688e-07,3.223871771548317e-06,4.1032329906261344e-08,3.961856711075064e-08,3.525559332747481e-08
05D2bw,union3:21,0.9222243599237224,1.3249137265187252e-05,3.1315634973104045e-05,5.492617412605626e-08,1.3277840312628206e-07,2.0534422845299343e-07
05D2by,union3:21,0.893197041137191,1.7182875659541778e-06,6.157130953035911e-06,1.9778208781073823e-05,3.8479542788264885e-05,1.8954529520285751e-07
05D2cb,union3:21,0.4286564062199565,3.971158553078904e-08,1.181044176871364e-07,1.3800285878706384e-08,1.627369299343372e-08,2.630242328309407e-08
05D2ci,union3:21,0.6318943633368803,6.087911354064412e-08,1.800099187353993e-07,3.3452295983801257e-07,1.3950374537853488e-06,9.10232862155599e-08
05D2ck,union3:21,0.6999732966947172,2.6502129856887683e-06,4.0699708184232385e-06,8.087042406417921e-07,8.216961550071976e-07,1.1458612228567998e-07
05D2ct,union3:21,0.7360205160199913,1.2144565237808401e-05,1.9000940815167787e-05,1.4545781355513592e-06,1.8941432668702383e-06,1.2712641703623035e-07
05D2dt,union3:21,0.5758346987710707,4.649336243707985e-08,4.792465691678964e-07,1.5326419840789337e-08,9.328674832373139e-09,7.20995657671614e-08
05D2dw,union3:21,0.4186441408963357,7.381376520937754e-08,5.382969452172279e-07,1.5139821741044354e-09,2.290496201805978e-09,2.4375639274843755e-08
05D2dy,union3:21,0.5117573929890427,1.590375412162786e-07,7.024527084585559e-07,2.264141310139557e-08,2.2404631125961256e-08,4.258738831245481e-08
05D2eb,union3:21,0.5357823092612091,3.986571663737456e-09,3.37225406723697e-08,0.000559480673213039,0.0028259444372404695,5.063607618295407e-08
05D2ec,union3:21,0.6419054753419982,2.3716797888573224e-08,7.656713737790675e-08,4.6054419178295295e-08,2.0803842831629774e-08,9.486889792662641e-08
05D2fq,union3:21,0.7350091593347272,1.996341027640714e-05,1.763577651195384e-05,2.3956330666993013e-08,2.3294524145733655e-08,1.2657898331854802e-07
05D2hc,union3:21,0.3515705414575896,4.3524935206970887e-07,2.256485685121116e-06,3.991748457976126e-08,3.686004602806126e-08,1.4811737983743085e-08
05D2he,union3:21,0.6098719484868826,4.0271743539612545e-07,6.18772605406334e-07,3.535617152856427e-06,2.459612376939903e-06,8.322184247714339e-08
05D2ie,union3:21,0.3495667932089419,5.538351289691376e-07,1.2035809911676022e-06,3.690422523771615e-08,1.823420279575176e-08,1.467637322875026e-08
05D2le,union3:21,0.701981657360887,7.201548224326565e-07,2.330337658476458e-06,4.482448087652026e-05,5.119971560631512e-05,1.1511197318589144e-07
05D2mp,union3:21,0.3552712971364582,4.415372764673489e-08,1.2328640323984137e-07,5.341477235862638e-10,1.2316174038171649e-09,1.5063379029829254e-08
05D2my,union3:21,0.9832953945276344,2.528915012645206e-06,8.050445877371602e-06,1.305384350700478e-07,1.8221788940332754e-07,2.2752250124423134e-07
05D2nn,union3:21,0.8721662860714812,7.166865843213391e-07,9.74549582219412e-07,3.001663357975938e-07,5.657083598044365e-07,1.7925305404304643e-07
05D2nt,union3:21,0.7590437209508101,4.127331628000985e-07,2.1587586919843537e-06,8.086021321686017e-07,2.331124040233929e-06,1.399080863437697e-07
05D2ob,union3:21,0.9262351300229984,2.9450574194513943e-08,1.0285583457756336e-07,8.695854377952512e-07,1.329715340042924e-06,2.0734850900469074e-07
06D2bk,union3:21,0.5007390340923337,6.744784826168227e-08,8.120641452216749e-07,6.093778253337715e-09,2.9892672850227662e-09,4.027235716216392e-08
06D2cc,union3:21,0.5337777284016159,8.759396505124741e-09,4.866293903214392e-08,2.575453689434148e-05,5.751046829432389e-05,4.9651754418691696e-08
06D2cd,union3:21,0.9322438482463464,1.869466031338457e-05,3.47222414353663e-05,1.2461723992685302e-06,1.5346011916579096e-06,2.0959576390915758e-07
06D2ce,union3:21,0.8221170817063757,6.84292319110853e-07,7.784831122895218e-06,3.9550760585571095e-06,3.4644871312299322e-06,1.665375689010496e-07
06D2ck,union3:21,0.5538091969367016,1.6217264483677227e-07,1.7698093385663605e-06,7.016241292898008e-09,1.1706494098130039e-08,5.992203357141552e-08
06D2fb,union3:21,0.1253068253746083,6.5252971838974035e-12,4.0382354514551476e-11,1.153239960608313e-10,1.0755079736687027e-10,3.5917963918437954e-10
06D2ga,union3:21,0.8421373828261558,1.625865725474496e-06,1.91562034537485e-05,2.2793652212102654e-06,4.211840826407999e-06,1.7181073215645962e-07
06D2gb,union3:21,0.4436787924195877,5.859871254375437e-07,2.159930073032709e-06,6.322814792335936e-09,2.788083951439342e-09,2.9020248560678406e-08
000190,pantheon:1,0.10221,2.694858240861418e-11,2.1853541887723947e-10,2.348196847239713e-13,1.1140185118402379e-13,3.1220696017312255e-10
120225,pantheon:1,0.10713,1.0610796758476406e-08,3.516372865680761e-08,7.892502052167854e-16,1.0018615859907278e-15,3.1220696017312255e-10
500038,pantheon:1,0.10794,1.7126821636099803e-06,2.128393595548785e-06,6.346509004254378e-14,2.552895838881989e-14,3.1220696017312255e-10
120336,pantheon:1,0.16122,7.07977571520751e-08,7.544549520406123e-08,1.6001909175640472e-07,1.5628763149610464e-07,1.0996637998603259e-09
350233,pantheon:1,0.16924,6.191003419736256e-09,7.517495713027634e-09,2.464937207004534e-11,1.54742089400357e-11,1.3389338571510428e-09
370563,pantheon:1,0.18527,3.065744858864493e-10,1.99234080270819e-09,9.142835095195416e-09,2.6810963538347485e-08,1.869905493194926e-09
000220,pantheon:1,0.21972,2.0913321810953532e-09,1.9279945111961176e-08,8.161001433639293e-09,4.394400255278438e-09,3.281972045961627e-09
370098,pantheon:1,0.22132,1.2537757575771565e-10,5.567300248561147e-10,4.3465502612079534e-10,1.4638555805277504e-09,3.3571428982265863e-09
480464,pantheon:1,0.22132,3.293333844408086e-08,5.299680192116395e-08,8.890841892045596e-08,1.3366787678801283e-07,3.3571428982265863e-09
030066,pantheon:1,0.22542,1.044422584672774e-06,1.8028191558983105e-06,5.255286131329158e-08,7.359857518804914e-08,3.5656554224534737e-09
000010,pantheon:1,0.24585,7.46359539352117e-10,3.3548899413262823e-09,2.683485469586243e-06,6.957663162105137e-06,5.319600268892558e-09
350192,pantheon:1,0.30142,8.777285246399088e-09,6.486592388534742e-08,5.273119229933793e-09,8.658583515701856e-09,1.083235084868745e-08
000420,pantheon:1,0.31144,3.944364792496812e-09,9.568101042642875e-09,1.8691300219373778e-07,1.113036863649094e-07,1.1823229390393728e-08
120085,pantheon:1,0.32206,5.498816920295623e-07,1.3908025808443094e-06,1.2267856600118777e-09,1.962196374416544e-09,1.2920772604551729e-08
05D2ab,pantheon:1,0.32446,5.107118048024796e-07,1.5618536259513337e-06,5.653082586728801e-09,4.687023681103327e-09,1.317555227342289e-08
120369,pantheon:1,0.33047,2.588740412024766e-09,1.6298200184631615e-08,8.684071094294325e-09,8.341158473474228e-09,1.3814112390513067e-08
580235,pantheon:1,0.33147,5.349454597369254e-06,1.1601735805800408e-05,6.762562612770873e-08,7.477221453917058e-08,1.3921657359806064e-08
370344,pantheon:1,0.33147,9.818872150802718e-10,2.7022594587998214e-08,4.810065745203486e-08,7.66263536265164e-08,1.3921657359806064e-08
380318,pantheon:1,0.33818,1.1543210207189072e-09,4.546153767231265e-09,4.521389670265382e-09,2.04979534092233e-09,1.4654070801552278e-08
380279,pantheon:1,0.34939,3.2265504145301124e-08,2.2848778806394268e-07,2.4454599787259697e-07,1.886929731249875e-07,1.591955528795515e-08
04D2mc,pantheon:1,0.34949,4.4966168604453795e-09,5.685288151353071e-08,4.4148350604005647e-07,2.0730941032048063e-07,1.5931079993733456e-08
05D2ie,pantheon:1,0.34949,6.653069748229179e-07,1.416286863855684e-06,2.3148475855477766e-08,4.804642054020813e-08,1.5931079993733456e-08
000196,pantheon:1,0.35059,8.567217079172479e-09,4.115438355824146e-08,4.2972549836551135e-09,6.824857882584001e-09,1.60581269808201e-08
05D2hc,pantheon:1,0.35149,3.641012332927826e-07,2.308853510254748e-06,5.036823275756004e-08,2.9358333084171706e-08,1.616244982050967e-08
120400,pantheon:1,0.35149,1.8804783449276755e-09,3.178702547247812e-09,3.2438590166064855e-09,9.755242564459604e-09,1.616244982050967e-08
05D2mp,pantheon:1,0.35519,4.317462878161544e-08,1.5819403958449729e-07,1.059848364749892e-09,6.700824091255374e-10,1.6594881321277703e-08
04D2fs,pantheon:1,0.3585,1.2210727912319565e-10,5.055644979538985e-10,1.365439744856613e-07,1.509700136436842e-07,1.6986570112615704e-08
04D2cf,pantheon:1,0.37052,2.191679023364102e-07,7.231577570699074e-07,2.8602218673450515e-08,1.8370652784047e-08,1.8447376677012954e-08
000199,pantheon:1,0.37153,2.531666102843205e-07,1.6350992105003395e-06,1.847520479881756e-08,2.1870865685431483e-08,1.8572867276087313e-08
590031,pantheon:1,0.37852,5.795076156906872e-07,9.303351535436985e-07,4.56524793307373e-08,4.7961366733223754e-08,1.9603936232421805e-08
000011,pantheon:1,0.38153,5.1173274473263776e-08,1.5075371300723932e-07,1.3806647010641735e-06,2.306744788403698e-06,2.0121485406870285e-08
120086,pantheon:1,0.39255,6.013619388863135e-08,1.8529493427918165e-07,3.0960037554350978e-09,1.7779171252107465e-09,2.207383463680535e-08
04D2fp,pantheon:1,0.41657,1.7398140092144267e-08,8.000813361068642e-08,1.3018881027241965e-08,2.4294971273831035e-08,2.66425221442491e-08
05D2dw,pantheon:1,0.41857,6.079095384660543e-08,4.00187054277734e-07,9.256875151331786e-10,1.6953113022771416e-09,2.704229454127342e-08
05D2cb,pantheon:1,0.42859,2.6130395147371004e-08,2.0150834253286748e-07,2.1301215207207624e-08,2.7867308091262876e-08,2.918734145762225e-08
06D2gb,pantheon:1,0.44361,8.523886684974202e-07,2.4597287816991283e-06,5.386770583981385e-09,2.676732078700666e-09,3.2833002859805973e-08
04D2gb,pantheon:1,0.45162,5.610444312299832e-06,4.990312151711675e-06,7.668834002673898e-07,1.3454341972071378e-06,3.486488392538326e-08
120094,pantheon:1,0.45162,5.166155451070561e-08,8.077004428182287e-08,7.010802792155009e-08,8.114933076070518e-08,3.486488392538326e-08
000215,pantheon:1,0.46654,8.809377952708019e-08,5.795409872385335e-07,1.8298996195425234e-08,1.4641347264892915e-08,3.881223988644155e-08
370367,pantheon:1,0.47163,7.161058045577227e-07,1.031594372452525e-06,5.7239754617675865e-09,6.560875512647266e-09,4.020730751021091e-08
05D2bv,pantheon:1,0.47565,6.206490425035761e-07,4.6318492039934105e-06,3.230706866345822e-08,7.340347018172638e-08,4.1338979144469444e-08
05D2ac,pantheon:1,0.48065,8.43615147567918e-08,1.7333458930886277e-06,3.973380548877605e-09,5.3083304051850854e-09,4.285022364145671e-08
120044,pantheon:1,0.48164,2.249455330622494e-07,6.006758300729056e-07,9.514249696788737e-06,1.0950002728188967e-05,4.315266771125183e-08
06D2bk,pantheon:1,0.50067,6.188977498510095e-08,6.545395052884048e-07,4.521791448096921e-09,6.646533761509503e-09,4.9173034077526726e-08
05D2dy,pantheon:1,0.51169,2.1461163443939862e-07,8.951961896784585e-07,6.354329245926575e-08,3.036515233358397e-08,5.283902368747643e-08
04D2mj,pantheon:1,0.51469,1.9551392586107094e-07,9.674812131205599e-07,3.265081237257871e-07,7.277555524646148e-07,5.3859846153467525e-08
04D2gc,pantheon:1,0.52271,1.5435245934223476e-08,6.938250206313397e-08,8.741885102479674e-09,1.0536025285692746e-08,5.6636799892478507e-08
06D2ca,pantheon:1,0.53271,1.1820028273966912e-07,1.1761468946543862e-06,1.2785881772070629e-08,1.3358261067211795e-08,5.9108619123623305e-08
06D2cc,pantheon:1,0.53372,8.771585030766792e-09,4.5153864189506494e-08,2.8752793580812428e-05,7.030726294813515e-05,5.932863888443426e-08
05D2eb,pantheon:1,0.53572,4.203021573037319e-09,3.6034428879871066e-08,0.0005363929973941587,0.0010506765518317337,5.976552761200585e-08
06D2ck,pantheon:1,0.55375,1.6624580683635615e-07,1.8701855154576976e-06,1.883264495317062e-08,1.9150886509520454e-08,6.377642962504194e-08
05D2dt,pantheon:1,0.57577,5.550716058916211e-08,4.807318344390695e-07,1.2169496408865024e-08,2.7380360479057354e-08,6.88010749092615e-08
04D2mh,pantheon:1,0.59179,1.0749153341680654e-07,1.963385157164901e-06,5.273645976037876e-08,6.024068851484924e-08,7.153808304299084e-08
05D2he,pantheon:1,0.60981,2.497629221439799e-07,7.149050703141337e-07,3.2374385537441554e-06,3.903552647872028e-06,7.468058760961549e-08
000202,pantheon:1,0.61983,3.446913990308743e-05,6.0126804384283404e-05,5.534951988290691e-06,1.2257306804147134e-05,7.645719530136563e-08
04D2an,pantheon:1,0.62183,6.987143686866906e-07,1.4667335754354488e-06,9.091443682127607e-08,1.766867803553819e-07,7.681430792623418e-08
05D2ci,pantheon:1,0.63183,5.081209978159357e-08,3.0110698960179754e-07,7.393047944282109e-07,9.940688165421334e-07,7.917976374985394e-08
05D2ec,pantheon:1,0.64185,3.1275829372070005e-08,8.465436839285703e-08,1.4956073080510225e-08,3.3959249916163816e-08,8.185449008365521e-08
05D2bt,pantheon:1,0.6819,6.806876793797471e-06,1.9597445744752617e-05,3.55175409378178e-06,9.0595591138447e-06,9.396389524716461e-08
05D2ck,pantheon:1,0.69992,2.9959533797789393e-06,4.799418887250133e-06,5.532592636534044e-07,5.887299564810713e-07,1.0187269104493492e-07
04D2iu,pantheon:1,0.70192,4.217283522465719e-08,4.1433109000349726e-07,2.2798139399846915e-06,7.255908270183257e-06,1.0277017047577976e-07
05D2le,pantheon:1,0.70192,5.976432077315526e-07,1.7879981710863513e-06,2.146712540518867e-05,0.00016458277863542757,1.0277017047577976e-07
04D2gp,pantheon:1,0.73395,1.2081174494287336e-07,3.4549335135188076e-07,1.486789577833681e-07,1.7349567884797072e-07,1.1674566167300925e-07
05D2fq,pantheon:1,0.73495,1.3243156905967154e-05,2.9268613464844897e-05,1.5232834052599904e-08,2.4951792245335034e-08,1.1712115108942912e-07
05D2ct,pantheon:1,0.73596,1.5721692054259633e-05,3.8573527443516703e-05,2.0671900859428123e-06,9.446189293734069e-07,1.1750100734801188e-07
04D2ja,pantheon:1,0.74196,3.739965881012199e-08,2.0327541868014205e-07,2.2751374998354657e-07,4.556657176313386e-07,1.1977025763685305e-07
04D2kr,pantheon:1,0.74607,2.8789544966875015e-06,8.675639507145479e-06,3.949094735812348e-05,3.0326341365622477e-05,1.213372194403392e-07
05D2nt,pantheon:1,0.75899,5.281081068988527e-07,1.3539600672557815e-06,8.450603820022075e-07,1.544420991542529e-06,1.2632937038011706e-07
carter,pantheon:1,1.5429,3.037098906751807e-05,9.10606894240222e-05,1.727769483794203e-05,2.0587516728029866e-05,5.523594627643489e-07
100405,pantheon:3,0.10294,5.189275166704679e-13,2.9197817217338307e-11,9.06554835898302e-15,1.156912560989478e-14,1.8848874006025766e-10
090275,pantheon:3,0.13955,4.537418129622362e-12,8.135197179930307e-10,1.3803753320525322e-06,6.202072824034571e-07,3.559253181131056e-10
440008,pantheon:3,0.14652,2.383727816642597e-09,5.836088714101659e-09,6.326387022609884e-11,3.021633392282465e-11,4.5482960964127575e-10
1316385,pantheon:3,0.14737,4.9442255741983086e-11,8.372238594680637e-10,8.819447841800564e-12,1.1639046422338715e-11,4.677196145919373e-10
1299775,pantheon:3,0.16004,2.7754909045115235e-08,5.020717382217536e-08,1.0974212261983427e-10,1.3703977639452353e-10,6.812077605111881e-10
1303279,pantheon:3,0.1727,7.382159730357909e-10,1.3150258326441965e-08,1.3352484980494974e-10,1.5519448633006163e-10,9.344978417064003e-10
1347120,pantheon:3,0.17952,1.7647843293327883e-08,1.776711864783493e-07,2.8790724006801427e-08,1.330554080761313e-08,1.1294197416244846e-09
1303496,pantheon:3,0.17975,8.205340005811552e-10,1.160675015545508e-09,1.204872258286479e-07,1.814050826084181e-07,1.1370433562408702e-09
1339392,pantheon:3,0.18145,1.1065440084064333e-09,1.4116177834848892e-08,5.547078532319214e-09,2.017835386485909e-09,1.1941870462222143e-09
440643,pantheon:3,0.18952,4.4873185546085954e-10,4.167075415075332e-08,8.135410306256731e-11,4.774225693223471e-11,1.4845613362134065e-09
1253920,pantheon:3,0.19553,4.4119645213458354e-08,6.179694003809685e-07,3.982638691759243e-11,6.48183031056056e-11,1.7213228325466902e-09
1302058,pantheon:3,0.19782,6.292065639206071e-09,1.2692984087175231e-08,1.4475333829531074e-09,1.471173812601203e-09,1.816143279370294e-09
110460,pantheon:3,0.19953,4.1947498580634615e-11,9.722728352919291e-10,5.143709257353844e-09,6.496206133398878e-09,1.8886059158164954e-09
1283373,pantheon:3,0.20751,6.164827263636187e-08,5.0533227325727965e-08,1.1965916988404396e-09,2.8489713547261104e-09,2.245506864807127e-09
1257366,pantheon:3,0.21134,6.804216128919142e-09,1.2980667256834725e-08,6.521374302446879e-10,4.548132345410503e-10,2.4277646333546327e-09
1249851,pantheon:3,0.21507,5.789826754375334e-10,1.3267624926559926e-05,5.553265153419751e-10,9.017603632608085e-10,2.6120984125969962e-09
100206,pantheon:3,0.2165,3.2693061879292865e-09,6.933125463357999e-09,6.181206015012373e-11,1.0457583649066719e-10,2.68455637176054e-09
1290816,pantheon:3,0.21845,2.68102473134818e-10,1.021737523916609e-09,1.442863315916169e-07,7.939098240445687e-08,2.7849601768465615e-09
1304678,pantheon:3,0.21881,1.0065412693420487e-07,2.140132733454677e-07,5.443393426116755e-11,5.99120165071781e-11,2.8036978234324752e-09
1302187,pantheon:3,0.21941,1.4470723513651902e-09,2.8467706115801834e-08,5.08122498674893e-11,8.946501979116826e-11,2.8350668427149898e-09
1304442,pantheon:3,0.22449,3.705191104899706e-08,1.6597501271916212e-07,4.341643000719894e-11,2.533559803846512e-11,3.1076514732124215e-09
000006,pantheon:3,0.23041,2.7079413021004683e-13,5.432037387869046e-11,4.6362648383061636e-09,4.825084794122937e-09,3.486937665247142e-09
110536,pantheon:3,0.23472,1.0696573405593865e-08,2.7094290947576833e-07,4.232419424699648e-11,7.500644902009848e-11,3.780093191268055e-09
470008,pantheon:3,0.2395,3.8323782251741384e-08,2.7356037611587983e-07,5.070091115967888e-08,1.5340576132185965e-08,4.119053356390782e-09
460064,pantheon:3,0.24151,2.4001432666851e-09,4.553530754596711e-08,1.1106494310946756e-09,4.16389871755969e-10,4.265932890354185e-09
1330426,pantheon:3,0.25952,2.74521042779366e-09,8.935238889818588e-09,8.73746680283073e-08,5.6221442846616835e-08,5.696820541896795e-09
110478,pantheon:3,0.2646,3.621561582212383e-08,1.9168168300210223e-07,1.8384752772899058e-09,2.289760782392833e-09,6.137777058272406e-09
1309288,pantheon:3,0.26791,8.459643457028705e-07,7.097628235071614e-07,7.725785950636656e-10,5.028874505699408e-10,6.433936656614519e-09
100213,pantheon:3,0.27509,2.402880758219123e-09,7.939144140584289e-08,5.474949420512055e-09,3.76315538791103e-09,7.100119645921288e-09
1297465,pantheon:3,0.27782,1.3243023443365561e-09,2.527327172687097e-09,8.050756726799583e-11,2.4318697140663496e-10,7.355126666039665e-09
350180,pantheon:3,0.28949,1.5345533719848372e-06,8.782516884313581e-06,2.3577347414569177e-09,2.8231489323462644e-09,8.495932949582844e-09
120444,pantheon:3,0.29945,3.8572299539913216e-08,6.592154662118869e-08,2.7306223481161956e-09,1.0268702568179198e-09,9.53460130545733e-09
460037,pantheon:3,0.30251,3.886358868705244e-08,2.2058827890146357e-07,6.979849181851279e-10,7.868781793525284e-10,9.865735385684087e-09
1335717,pantheon:3,0.30476,1.485768674919889e-07,7.658279494669372e-07,2.9581378024160348e-08,6.594723328569494e-08,1.01128223984073e-08
440005,pantheon:3,0.30548,1.0358320247683137e-07,9.694854359053785e-07,2.74942371814803e-08,2.7477478834750118e-08,1.0192535668135423e-08
1319821,pantheon:3,0.30878,1.750449188342626e-08,6.430183777670772e-06,3.0521390554252595e-06,2.0755332313390828e-06,1.0561892183929663e-08
1337687,pantheon:3,0.32868,1.0651421653402776e-08,1.4445834509025411e-06,6.516926249561475e-10,2.8739469032255972e-09,1.2912195645712382e-08
1316465,pantheon:3,0.32907,7.400484984791528e-08,3.72214336909217e-07,5.017175091741207e-10,8.66403754649212e-10,1.2959197202807777e-08
1306141,pantheon:3,0.33237,8.01808554325235e-05,0.00016553312846964116,7.353895170587005e-08,1.313288976373656e-07,1.3360320796712882e-08
1309492,pantheon:3,0.3335,1.417878215508347e-07,1.7641948652521332e-06,1.5572878554463598e-07,4.7502947022496313e-07,1.3499080406659576e-08
1346956,pantheon:3,0.3335,1.1523670768386626e-09,4.133408448185653e-09,5.948731697504721e-08,7.423429301888173e-08,1.3499080406659576e-08
1346966,pantheon:3,0.3351,6.676902293087992e-10,4.538550535371697e-09,6.620570349449284e-06,8.257713176016123e-06,1.3696780297901788e-08
470015,pantheon:3,0.33749,6.173060030447234e-08,2.3823668859695737e-07,5.883218180295574e-09,1.0340821411765196e-08,1.3994771314773765e-08
1300912,pantheon:3,0.33778,2.580998181389482e-09,1.6188912026368224e-08,2.79179762964512e-09,1.562378692393567e-09,1.40311473823433e-08
580276,pantheon:3,0.33848,2.151416350208741e-07,1.2006416026719166e-06,3.7273542379522654e-08,3.337508108507908e-08,1.4119146210003407e-08
1343337,pantheon:3,0.33897,3.0281910221652704e-08,1.0209790023121601e-07,5.5279117297461046e-08,7.011507255857956e-08,1.4180909066823323e-08
1346387,pantheon:3,0.34446,2.907925896662297e-07,1.49036990765728e-05,6.832905182923335e-07,6.992410449956334e-07,1.4882120666140807e-08
350606,pantheon:3,0.34448,6.033352073086925e-09,8.483099646886386e-09,1.93078995042846e-06,3.924512125266735e-06,1.4884706104439506e-08
470110,pantheon:3,0.34545,4.878018843707533e-07,1.4264247301121232e-06,5.468535170046431e-06,3.8060300945077947e-06,1.50103694202682e-08
440185,pantheon:3,0.34949,7.75105440289149e-07,2.4566206398099193e-06,6.877731390749189e-08,1.8717279310752408e-08,1.553943217818091e-08
1248677,pantheon:3,0.35015,4.8343337613848443e-11,1.919503079075878e-10,1.4103108296742168e-08,3.43909907712691e-08,1.5626733961041682e-08
1307830,pantheon:3,0.35946,7.581298582868544e-11,8.396760690169407e-11,1.642987793311096e-07,1.8185690314474425e-07,1.6884273176562792e-08
1346137,pantheon:3,0.36325,3.327334314051511e-10,2.9396043953157724e-09,5.031070528523644e-08,6.709680571882137e-08,1.7410140332671025e-08
1299643,pantheon:3,0.37676,5.615884122607996e-06,3.599230236656129e-05,2.283809120783972e-08,1.4168522222900686e-08,1.934812726227518e-08
1299785,pantheon:3,0.38129,5.6576478614630404e-06,4.447106998467736e-05,5.678101383670128e-08,7.174261914178461e-08,2.001594551280752e-08
580275,pantheon:3,0.38248,7.000741871100034e-07,1.8095938044959047e-06,3.629860524581184e-06,1.7080492630922105e-05,2.0193255959867516e-08
1290779,pantheon:3,0.38949,1.1077750798292509e-06,4.874491356981683e-06,3.929062326428689e-08,4.7456215474650943e-08,2.1253617728741077e-08
1291794,pantheon:3,0.3951,9.333285368032406e-07,4.612508456706182e-06,7.807913612204075e-05,8.851050701831217e-05,2.2121755029291633e-08
1333438,pantheon:3,0.39944,1.5599787277541497e-07,3.644585222215169e-07,2.9420366019334036e-09,2.1581433618170567e-09,2.28052837294278e-08
1308314,pantheon:3,0.40646,1.585539092373374e-08,9.656531283101427e-08,6.257679804221375e-08,2.8713653120721045e-08,2.3932915196606805e-08
1289600,pantheon:3,0.4196,6.550632131423843e-06,1.0300569638638918e-05,2.682592525633267e-07,3.1217896027227913e-07,2.611674196660867e-08
1340454,pantheon:3,0.41995,5.578838813820632e-05,5.44381884989039e-05,4.8968728377625723e-08,1.1788446893960285e-07,2.617621433944098e-08
1306626,pantheon:3,0.42088,3.3347411715660645e-06,3.5449848847276044e-06,4.791206605328004e-09,9.856848632049389e-09,2.63345695654882e-08
1295256,pantheon:3,0.44245,1.106374885748283e-07,3.3404735133968576e-07,6.923257571088986e-09,1.375333363276037e-08,2.957572671807898e-08
1253039,pantheon:3,0.45346,3.6154613826686764e-06,1.614889890178899e-05,6.8061627172142246e-09,6.2596537309932415e-09,3.123284550554461e-08
1306360,pantheon:3,0.45477,2.3443992064869256e-07,1.006545146944378e-06,6.763688423760197e-08,9.848347807474491e-08,3.14330208163024e-08
310146,pantheon:3,0.47941,1.7246906292250016e-06,4.64109728984225e-05,1.5669799280509088e-07,5.500556142425318e-07,3.515517236402674e-08
1306537,pantheon:3,0.47946,6.72363012951291e-08,1.8149772048163026e-07,2.5498317695618333e-05,5.02618176225276e-05,3.51614297681162e-08
1292145,pantheon:3,0.49244,2.403344589611268e-06,1.7152030173268975e-06,3.396229670924688e-06,2.726538219198503e-06,3.6804687477576995e-08
1343208,pantheon:3,0.49499,3.9356231525261976e-07,1.7427036656841753e-06,5.498438952258372e-06,2.5593233720400418e-05,3.71319257968377e-08
1343759,pantheon:3,0.50615,3.086939776720515e-07,5.975406704111633e-07,5.1994889190707434e-06,6.146549142557215e-06,3.858111438539806e-08
450175,pantheon:3,0.51941,2.781867005065042e-09,7.657212038841768e-09,7.738350327687751e-07,1.2394457766043773e-06,4.033906174292829e-08
1322979,pantheon:3,0.52937,1.4447629932818252e-05,1.3331652073894812e-05,1.7098525787988875e-08,2.13221053516461e-08,4.1939414080630405e-08
1337703,pantheon:3,0.53225,6.526338502685447e-06,4.710316732533384e-06,0.001968745828549296,0.002334150490242336,4.2502693391954965e-08
1289656,pantheon:3,0.53942,2.926604445514088e-07,7.783485327395576e-06,4.414043214470143e-10,3.8679001029022475e-10,4.3921345810668626e-08
1324542,pantheon:3,0.54152,1.4916992737341363e-07,4.953187093774268e-07,4.316332230660959e-07,9.004305902802388e-07,4.4341260082142956e-08
1339450,pantheon:3,0.55046,1.0805069952362495e-06,1.576206807125886e-06,2.9045101228721525e-06,6.714886073702875e-06,4.6151250654527135e-08
1335868,pantheon:3,0.61941,1.9323950490927143e-08,1.3343063658162222e-07,4.511882836894755e-08,7.360831846103926e-08,6.707819602567718e-08
1334879,pantheon:3,0.63934,2.271455567304722e-05,6.116202916753648e-05,3.979680224692551e-09,2.2427750462579475e-09,7.437044030415207e-08
1334707,pantheon:3,0.64962,4.505515450014114e-08,4.124388540872823e-07,2.9044708391451613e-07,3.118915368477189e-07,7.818165865452369e-08
1262715,pantheon:3,0.68935,4.5278253822794493e-07,9.155772687926577e-07,1.0819252525999068e-05,1.7041550148475954e-05,9.449139457283272e-08
1262214,pantheon:3,0.68936,2.835420561873734e-07,1.0613199523500237e-06,1.0033937974133797e-08,6.513304713143744e-09,9.449599955591967e-08
1335718,pantheon:3,0.69932,1.53978660433129e-05,4.2428773197582194e-05,8.085262778503527e-08,1.1642777221685942e-07,9.913827458127411e-08
1329166,pantheon:3,0.73161,9.475010510334518e-07,2.9501250595087177e-06,1.2326307579546602e-08,3.2120337476132265e-08,1.1384973342190642e-07
1285160,pantheon:3,0.7493,9.115104975397601e-08,1.008733058088617e-06,1.580779251689576e-07,1.7939089820020476e-07,1.1992276343844926e-07
1329196,pantheon:3,0.76932,3.4633193552388272e-06,4.89260322185302e-06,7.544455490443553e-07,1.4014699729282898e-06,1.2698602751449495e-07
1325358,pantheon:3,0.77929,1.5000165590642957e-05,3.09286988727474e-05,1.4512751891902707e-08,9.374300209163584e-09,1.3032293478810446e-07
1309749,pantheon:3,0.78928,3.7204769436464675e-05,0.00012779634619389753,7.796458315722569e-08,5.287213263661526e-08,1.3336632667045262e-07
Ombo,pantheon:3,0.97423,4.691349815740741e-07,2.7758838590146583e-06,3.9174180574034176e-07,5.569140014631756e-07,2.156293213594543e-07
Aphrodite,pantheon:3,1.29911,1.4708815371477137e-06,5.474671910809708e-06,7.604127899380226e-05,0.00040835963584463645,4.467812136509166e-07
Thoth,pantheon:3,1.3041,4.7667467848028327e-07,2.928862771374495e-06,1.3530746472033565e-05,3.498359626382575e-05,4.51175176276168e-07
Inanna,pantheon:3,1.30611,2.4612426792159576e-06,1.2809749784649099e-05,7.119196761144371e-07,2.836763021202748e-07,4.529511637525953e-07
washington,pantheon:3,1.3291,4.840382142459259e-07,1.8282130718943065e-06,1.0170333944742533e-05,1.5673702972423962e-05,4.723728761132225e-07
Mcguire,pantheon:3,1.35608,7.245718098572319e-08,3.4832538641465147e-07,0.00022757780256583055,0.0005714591547360577,4.893958406767264e-07
Primo,pantheon:3,1.54901,1.4113673360131788e-06,6.442991946243528e-06,7.726051977164372e-05,0.0004500972406382436,6.495807841071106e-07
000014,pantheon:12,0.13614,2.7935754688213592e-08,5.543366104990032e-08,3.460183312882582e-11,7.598549761547217e-11,3.0063927726870453e-10
340229,pantheon:12,0.14123,1.7743715934581553e-11,5.409480005647188e-11,4.878279968086374e-07,2.7843727472632536e-07,3.5820889344622646e-10
1317666,pantheon:12,0.14134,7.286403639222538e-10,5.94575202668194e-10,2.224534105740118e-09,2.3624133463964283e-09,3.5950866746339787e-10
1296657,pantheon:12,0.14638,1.8161127676454276e-06,3.844597793764852e-06,1.386279439062192e-09,1.0576941396693684e-09,4.2158662124518716e-10
000038,pantheon:12,0.1505,3.3548666487841894e-08,7.414946240247855e-07,5.439551305693207e-12,7.43237829658251e-12,4.76003677327826e-10
440042,pantheon:12,0.15921,7.478032975069506e-11,3.880030387518128e-10,7.389444187548808e-10,1.8492391108950651e-09,6.019151196228874e-10
310039,pantheon:12,0.17169,1.853649015869942e-10,4.8511331017091406e-09,2.4830847068983355e-09,3.8713716186236e-09,8.080480139468191e-10
330023,pantheon:12,0.18078,3.003359195785797e-11,3.6604678042467046e-10,1.1116343581504664e-07,1.676058959027196e-07,1.0194922804212589e-09
1298893,pantheon:12,0.19627,5.166173971842701e-08,1.006636203024295e-07,9.412558731962225e-10,1.2357422768204306e-09,1.4862237535652035e-09
1334620,pantheon:12,0.19635,1.680510113710864e-08,3.692942545419037e-08,1.4242874011652883e-09,1.1582523307405564e-09,1.4888618939981166e-09
550154,pantheon:12,0.21015,1.7912287816275385e-08,1.2573781588985475e-07,6.859960329663328e-09,5.166696859738455e-09,1.97894812842818e-09
1292560,pantheon:12,0.22493,7.856962686814023e-07,1.7839692590572801e-06,1.635052794859188e-10,1.1140413146185397e-10,2.5810386229929083e-09
1336687,pantheon:12,0.23391,4.1277496050763855e-07,7.948507425788141e-07,2.1880348409642755e-09,1.7482428777252783e-09,2.9457411528778715e-09
1279500,pantheon:12,0.23481,3.159197698686632e-10,4.9650818062727925e-08,2.315757985966753e-08,2.1454002548734842e-08,2.9835892537260754e-09
1317277,pantheon:12,0.23721,2.72542519422846e-09,3.2141905566881567e-09,4.7307394692556665e-08,3.903245016329761e-08,3.0856986510861868e-09
1334645,pantheon:12,0.24711,3.5905669850750474e-07,4.7900330192284e-07,1.823252330914596e-06,3.6667980524736662e-06,3.5250597648314573e-09
120585,pantheon:12,0.24909,4.4171105053575614e-10,1.3308644153882135e-09,1.0891531827586445e-09,5.897143972383133e-10,3.616439939022042e-09
000034,pantheon:12,0.2533,1.5533106344448517e-09,3.732765033771402e-09,1.6352264363048434e-08,1.6985191487004638e-08,3.81462456303574e-09
1297026,pantheon:12,0.25865,1.985266797044624e-08,3.574567848015253e-08,2.3055523017452383e-09,1.7039227612450259e-09,4.074101906741107e-09
330022,pantheon:12,0.26397,1.4872208271471388e-05,2.69103023131019e-05,1.2551419853243509e-09,1.1593844827305345e-09,4.340589647246254e-09
1317286,pantheon:12,0.28207,1.0696973551716167e-08,4.266782941066133e-08,5.496995813481535e-10,8.86692016070381e-10,5.374626658768596e-09
310238,pantheon:12,0.28405,5.593097364058408e-09,1.2081728180089178e-08,3.2651605810922006e-09,2.1669620847088835e-09,5.505549624262045e-09
1334644,pantheon:12,0.28814,1.5870005776276052e-09,1.9704855580489017e-08,9.105544791046223e-10,5.368717553640635e-10,5.7809799283181056e-09
1313594,pantheon:12,0.28844,5.265415493564158e-07,1.2704575829551804e-06,2.1869954094990647e-08,5.0780406644421554e-08,5.801447268754434e-09
1334597,pantheon:12,0.28905,2.990972825704482e-08,8.099581519651e-08,8.502070835831942e-08,5.0825579168097615e-08,5.8431757321680295e-09
570056,pantheon:12,0.29008,4.1270685755950914e-08,3.9607598027803683e-07,3.295833269399378e-10,1.761340631128381e-10,5.913974684629074e-09
1303004,pantheon:12,0.29504,5.201782641558784e-07,6.737544690299749e-07,2.1431868886005983e-08,3.4286385590406304e-08,6.260879243227732e-09
1293319,pantheon:12,0.29695,8.588072664082154e-09,2.008700622254427e-08,2.913409048277741e-09,3.154178689707602e-09,6.397102055873081e-09
1339002,pantheon:12,0.30304,1.0513910094885624e-06,2.695643598511616e-06,2.2256512291530162e-09,6.794304844105985e-10,6.841235449308884e-09
1287626,pantheon:12,0.30404,5.062286710762521e-09,3.779860297696879e-08,6.16442811198589e-09,1.3296581102231568e-08,6.915588371290702e-09
1259412,pantheon:12,0.30486,3.6219982166221425e-08,1.0366904066374064e-07,1.8742933358771264e-07,1.0078752163379112e-07,6.976857639595296e-09
1300516,pantheon:12,0.31052,2.3233364786948583e-08,7.50076624730147e-08,6.208279676202096e-11,1.0317073140114358e-10,7.407134604420611e-09
1337838,pantheon:12,0.31203,1.37828517866181e-07,2.051912141279939e-07,4.186938668985444e-09,4.949693259075626e-09,7.52410124919215e-09
1294743,pantheon:12,0.31267,2.7853251222190708e-06,1.0185661777528867e-05,8.637089121389745e-10,1.3398626527017582e-09,7.573952999538905e-09
1283878,pantheon:12,0.31296,1.7239416642539143e-07,4.5657633285427943e-07,2.748264965737806e-06,1.8883530213447885e-06,7.596596265521814e-09
1341894,pantheon:12,0.31303,3.606877216616595e-05,5.9762775624379205e-05,5.079589593757585e-07,3.203228574391703e-07,7.602066944957712e-09
100163,pantheon:12,0.31782,5.8831543581031134e-08,1.1792556533222665e-07,4.8205556894663846e-08,5.97778885150048e-08,7.981095321193361e-09
1345553,pantheon:12,0.31804,1.6677763824753132e-06,2.2211781817768566e-06,2.3719017373976622e-07,6.231631699036882e-07,7.998725190864099e-09
310188,pantheon:12,0.31901,5.079475293871026e-07,4.004322065380364e-06,1.4567924962134856e-06,1.2225540473084272e-06,8.07668882582069e-09
440509,pantheon:12,0.31901,3.891683061204503e-09,3.864023718753803e-08,8.796923537003933e-09,5.077838802256224e-09,8.07668882582069e-09
330128,pantheon:12,0.32104,5.360437466045863e-07,7.574261068156967e-07,7.227639216747346e-08,1.3939318543368547e-07,8.241073516503652e-09
580104,pantheon:12,0.32223,3.780086988346289e-09,9.37215804433702e-09,1.736725224557716e-07,9.352170004077404e-08,8.3382068906076e-09
1261579,pantheon:12,0.32223,3.0445465415124705e-09,7.927599482977149e-09,1.010478138250785e-07,9.094309044119165e-08,8.3382068906076e-09
1305626,pantheon:12,0.32581,2.8748872867722086e-06,7.464790740557707e-06,1.3329112666015475e-07,4.4471837808291523e-07,8.64106764387889e-09
1306073,pantheon:12,0.32868,8.74836010844561e-07,1.5389972023833853e-06,4.437856211996868e-08,2.719316692364534e-08,8.907836323929771e-09
540163,pantheon:12,0.32952,1.0397452884141152e-08,1.794594645122972e-08,6.971208276316222e-08,5.23762930081144e-08,8.986682154197158e-09
1301933,pantheon:12,0.32968,1.8275491431305923e-06,7.507732974551518e-06,5.978121080825795e-08,1.6251688915026946e-07,9.001739796219662e-09
1338675,pantheon:12,0.33056,1.6063074565981458e-07,4.023907268282551e-06,4.0402011190334086e-07,4.871356574534016e-07,9.084782130355272e-09
03D1fc,pantheon:12,0.33103,6.96549034605141e-08,3.864024916259931e-07,1.9465741572438095e-07,1.9252906758830588e-07,9.129290486655827e-09
1314897,pantheon:12,0.33671,1.0742836075318758e-10,1.65403401844099e-08,8.045630709721121e-08,1.3974790192644533e-07,9.6757782319492e-09
320258,pantheon:12,0.34098,2.3370623650781705e-07,1.09651148697475e-06,3.716113297534296e-08,6.346975101295037e-08,1.0097065450879261e-08
1329312,pantheon:12,0.34487,2.3424487363048945e-09,7.459425242317385e-09,7.755476630133273e-07,1.3254588772849733e-06,1.0488675379152206e-08
03D1bp,pantheon:12,0.34602,7.3851212556292315e-09,2.8551753463193506e-08,7.957626234587048e-08,1.466586174229706e-07,1.0605873805202783e-08
330089,pantheon:12,0.34881,1.101845983472585e-08,1.1010339499980756e-07,2.7766697614394762e-08,2.2895338983505724e-08,1.0892913525130979e-08
560121,pantheon:12,0.36499,9.651156599987486e-07,1.620750401870292e-06,3.6610829176873216e-08,2.791954270902258e-08,1.2633098987221247e-08
1308582,pantheon:12,0.36713,2.7127245348469454e-08,8.684375807771505e-08,1.9358506778539447e-07,2.897811398532788e-07,1.2872910885208651e-08
04D1hd,pantheon:12,0.36799,3.0531745063497636e-10,5.051180349948542e-09,2.0705342244766696e-07,3.9682428348442714e-07,1.2969919032736153e-08
320469,pantheon:12,0.37095,1.7346533399941217e-08,1.6174968956875852e-07,6.32636333449262e-10,1.027268286033486e-09,1.3306591135575673e-08
1282736,pantheon:12,0.37805,2.58154843577771e-07,4.826409589537103e-07,1.0654996913732652e-06,7.702664020499982e-07,1.4196847513894001e-08
320099,pantheon:12,0.37997,5.847867747260545e-07,1.0153060003866738e-05,7.827675979224645e-10,5.865986698242726e-10,1.4466164159720986e-08
1343401,pantheon:12,0.38291,2.0309424237847376e-09,5.969798571375632e-09,2.0628310982518052e-07,1.6885853016818994e-07,1.488345944126497e-08
580312,pantheon:12,0.40293,9.595513682874245e-08,2.199868575309899e-07,2.204811154262288e-09,2.1753607782490878e-09,1.7882809139803814e-08
1329615,pantheon:12,0.40368,2.8426754910785585e-08,2.028898524924278e-07,1.4317603162274258e-07,8.041549256243558e-08,1.8000519012061328e-08
450339,pantheon:12,0.40935,1.1394447853601146e-06,6.481212226617333e-06,2.189202536026239e-07,4.6952222444656816e-07,1.8902899597172675e-08
1345594,pantheon:12,0.42249,1.0878733565460348e-07,5.917988704203402e-07,4.05425110269628e-06,1.5104775372573694e-05,2.1078963997803073e-08
1302523,pantheon:12,0.42399,5.486204088601363e-07,5.386596261759397e-06,5.83054174862256e-06,1.0564697858885746e-05,2.1334910445416805e-08
1295027,pantheon:12,0.42568,4.933130348805214e-07,2.4652006491076704e-06,1.7217869830148074e-08,1.1036117415067169e-08,2.160337303282073e-08
440236,pantheon:12,0.42895,4.421134007646555e-09,1.5886748664671523e-08,3.272608535842957e-08,1.504514235980043e-08,2.2064378024255675e-08
04D1rh,pantheon:12,0.43494,1.6105554636075426e-09,1.728005949558737e-08,1.598803033261328e-08,2.987878470621343e-08,2.2921472297538963e-08
1310338,pantheon:12,0.4389,9.285254427145962e-08,3.830955308927029e-07,9.627123948768635e-08,4.508016107830163e-08,2.349706606336616e-08
560027,pantheon:12,0.43891,1.0691241416874335e-07,1.3404693661333422e-07,6.83782521103167e-08,7.711497857071742e-08,2.349852861796379e-08
1291080,pantheon:12,0.44391,6.991508615617983e-08,2.2055651083750444e-07,7.196031468626554e-05,0.00016339264219033026,2.42355068343992e-08
1339149,pantheon:12,0.46887,2.566904653035476e-07,5.12775426932425e-07,6.038203190289755e-08,2.4657213553417495e-07,2.8084687929770427e-08
05D1ix,pantheon:12,0.48888,1.1711322535645332e-06,4.016048370093725e-06,2.5180223565678197e-09,4.335735955596401e-09,3.176245391986293e-08
1305504,pantheon:12,0.49566,1.7631225140115776e-08,9.123017452794095e-07,6.425739288250606e-07,5.858583321404078e-07,3.3119218775173845e-08
03D1ax,pantheon:12,0.49579,1.1995056210815852e-07,8.500293292151865e-07,3.20965580003181e-09,6.041873456013157e-09,3.3145510687400364e-08
1337272,pantheon:12,0.50282,7.736239154129831e-07,2.077308173103578e-06,6.1913680600424744e-09,3.913302050652796e-09,3.458283148557328e-08
03D1au,pantheon:12,0.50316,2.0261266841117118e-07,1.7893896414941812e-06,4.653741722887297e-09,5.864445784786518e-09,3.465311966715847e-08
04D1pg,pantheon:12,0.51387,1.029810159575563e-07,8.419353682739294e-07,2.177493421548964e-05,2.8017977973702356e-05,3.690372295557218e-08
1334470,pantheon:12,0.51883,3.252915951633644e-07,7.67697909964668e-06,1.310998541460195e-07,1.7510797727546044e-07,3.797000725953946e-08
310260,pantheon:12,0.51885,3.372022132631637e-08,4.66908075502938e-07,1.6343401552554838e-05,2.6025495465510666e-05,3.797433753307296e-08
1322229,pantheon:12,0.5262,7.3185956742500965e-06,1.1122212702681565e-05,2.611751814281205e-08,2.8870508007466684e-08,3.954084717754276e-08
05D1ee,pantheon:12,0.55782,4.513459581233605e-08,3.064191284089486e-07,2.976833817523422e-09,2.360519654914658e-09,4.565092087171762e-08
05D1kl,pantheon:12,0.55882,2.827301122170671e-07,3.064306674409636e-06,2.3831659144164456e-06,3.463325428680543e-06,4.585131322478413e-08
04D1hx,pantheon:12,0.55882,1.397073768510886e-08,3.3369832403832373e-06,1.753658555143324e-07,8.852251861524694e-08,4.585131322478413e-08
1303952,pantheon:12,0.56269,7.434814593845637e-08,2.8069077678859584e-07,5.163301428774679e-07,6.828992407157113e-07,4.6630967255121965e-08
05D1cc,pantheon:12,0.56283,6.741989161963775e-07,1.8421793294361769e-06,5.551182621011998e-07,5.510532444405729e-07,4.6659294983140576e-08
1338278,pantheon:12,0.56437,3.7887053899478345e-09,5.402538524824691e-08,5.393537664721424e-07,2.2562844547273472e-06,4.6971467707316614e-08
05D1dn,pantheon:12,0.56481,2.57923043487226e-06,1.3374531722143745e-05,9.63196627038362e-05,0.00023639140127041896,4.706085108389253e-08
05D1dx,pantheon:12,0.57882,2.060618848863746e-07,7.138593703742996e-07,3.3540081065022845e-08,3.434739707964308e-08,5.0097469607335146e-08
03D1aw,pantheon:12,0.5808,8.239358181271359e-07,1.149701958664311e-05,1.6400235534617315e-08,1.3394738885082682e-08,5.058967638689943e-08
04D1jg,pantheon:12,0.58301,6.111424026235142e-09,4.3726883062660676e-08,2.9886206020747386e-07,3.365164384283399e-07,5.114190034545029e-08
04D1kj,pantheon:12,0.58382,1.4264563529118533e-07,6.143872395032991e-07,4.778659136015782e-06,2.5104998293109543e-05,5.1345049852730766e-08
04D1sa,pantheon:12,0.58382,3.856608048068688e-08,1.5213706476745285e-07,2.2104262977674617e-05,3.378489490321103e-05,5.1345049852730766e-08
05D1hm,pantheon:12,0.58582,2.976892595506503e-09,1.550822936661337e-08,5.978754170005906e-07,5.429227171232187e-07,5.184837821929478e-08
04D1oh,pantheon:12,0.58879,4.2177343089742527e-07,4.632030919136168e-06,5.098512377046239e-07,4.6992454552070904e-07,5.2600350614239647e-08
1338233,pantheon:12,0.60155,3.89798053981947e-07,2.270697241138757e-06,1.0766775237669806e-07,1.3310348231427866e-07,5.5892641447710095e-08
1335564,pantheon:12,0.60626,1.2768445793249009e-05,9.402200752799742e-06,6.343686482493622e-08,5.725552392238473e-08,5.7133150189661696e-08
1332413,pantheon:12,0.60878,1.01734792433309e-07,2.8538639772627744e-07,8.391540772371423e-06,2.4664457939897953e-05,5.780245303695831e-08
1295305,pantheon:12,0.61177,1.0071910272253023e-06,8.962324352228268e-06,5.203540158052322e-07,7.891310139998521e-07,5.860164193380397e-08
05D1ck,pantheon:12,0.61577,3.920415650953363e-07,1.6558742928398478e-06,0.0002210720478926267,0.0006330429628391266,5.967937122144501e-08
1308957,pantheon:12,0.61875,7.501816883017439e-07,2.1917042412169935e-06,2.2635648844509354e-07,2.075979050089967e-07,6.048866269083601e-08
05D1cb,pantheon:12,0.63077,2.6752036990767375e-07,8.611593954230233e-07,1.5848807638686968e-05,3.936064332366584e-05,6.42076619435562e-08
1330642,pantheon:12,0.63399,9.425114610137608e-07,3.6717135063975706e-06,9.731964155848628e-07,1.1482745357728237e-06,6.533979979026067e-08
04D1pu,pantheon:12,0.63777,2.906073190856106e-08,2.1635535624669499e-07,4.484509124214329e-07,3.938090535655561e-07,6.668145602191617e-08
1337325,pantheon:12,0.63873,1.99453530764825e-07,7.05523180174531e-07,1.2044195422691747e-05,3.324480100110309e-05,6.702436524254156e-08
1338266,pantheon:12,0.64852,1.5223799103072354e-06,4.95899090858299e-06,1.5281203719141539e-06,1.1226908976286083e-06,7.057153919940363e-08
04D1sk,pantheon:12,0.66213,1.9728145755687534e-06,5.736442780595093e-06,1.25531185021829e-07,1.7231691911616272e-07,7.565475275755069e-08
03D1co,pantheon:12,0.67773,3.549808963201078e-06,1.6451247755591822e-05,2.211289275543901e-07,3.271764163840678e-07,8.142916535548236e-08
05D1ke,pantheon:12,0.68872,1.2740771168662991e-06,4.382892719598803e-06,1.4499208321630648e-07,1.4791234828945898e-07,8.47101663313787e-08
04D1si,pantheon:12,0.7007,4.553953466597776e-08,1.8212659597311387e-07,2.5112009323507617e-08,2.0790808100880333e-08,8.836054625523407e-08
1331993,pantheon:12,0.71968,1.5978307736680612e-07,2.071950265750473e-06,5.229721211024913e-07,1.083961467061581e-06,9.430150500442492e-08
04D1aj,pantheon:12,0.71969,2.1003156967209073e-05,4.135963522578464e-05,6.915686748417803e-06,6.822351591069798e-06,9.430468606240523e-08
1304127,pantheon:12,0.72866,6.151408085121059e-06,2.087722198165774e-05,1.9988215840890958e-07,2.5924940234849614e-07,9.729376413087026e-08
04D1pp,pantheon:12,0.73368,1.8072180346106688e-06,6.3476096636368434e-06,5.752154964887433e-06,1.0666803198351695e-05,9.908039614823788e-08
05D1eo,pantheon:12,0.73568,3.344236520873498e-08,1.0588289232599678e-07,3.773254688003046e-05,6.7195560372726e-05,9.979672992189037e-08
05D1if,pantheon:12,0.76165,5.115889218541026e-07,3.553682995868245e-06,3.845442674608139e-08,2.6207936575488364e-08,1.0933259676702366e-07
04D1qd,pantheon:12,0.76566,2.0897176330749706e-07,3.651000685866458e-07,2.712762604512667e-05,0.00010055878864941316,1.1084379315594971e-07
04D1de,pantheon:12,0.76666,2.0938388475419293e-06,8.490583345874017e-06,2.160418321661637e-06,6.681976107201121e-06,1.112222659389358e-07
04D1pc,pantheon:12,0.76865,2.6194706827411346e-06,9.602362184619598e-06,4.1004936754379783e-07,6.311494666199275e-07,1.1197734580681952e-07
04D1ks,pantheon:12,0.79662,3.922640444750411e-07,7.425511379682845e-07,8.051488007520932e-06,1.957223435293215e-05,1.236021553130149e-07
03D1fq,pantheon:12,0.79863,1.8320234987278272e-07,1.0256501728728657e-05,1.5530163281643616e-05,3.3651027565593653e-06,1.2447538465469177e-07
SCP05D0,pantheon:12,1.01242,1.7665796151674694e-06,8.149456948970139e-06,6.497003039107625e-08,2.2204221614771226e-07,2.1923643150131268e-07
SCP05D6,pantheon:12,1.31317,1.4539785610668294e-06,2.0357746755421182e-06,7.736774933312515e-05,0.00013265550120514818,4.052717117668689e-07
1293758,pantheon:15,0.14803,3.2490882241832518e-06,1.9134848761884882e-05,0.0,0.0,2.8268547574841545e-11
1273127,pantheon:15,0.18929,2.5140865303809905e-07,1.0954268843559104e-06,1.9297198060939667e-13,9.852555641140434e-14,1.1967047588583173e-10
1327978,pantheon:15,0.20691,1.2353350341201484e-09,6.7295348288564615e-09,1.2255098932103327e-12,1.6277497156506837e-12,2.29775131883843e-10
1303883,pantheon:15,0.25904,1.6213970085577487e-09,1.333107941443614e-08,1.0319936296923031e-10,3.9945792204878795e-10,1.0966764216070349e-09
1338128,pantheon:15,0.31179,9.993342378266845e-11,4.27833442044614e-10,4.61824612747703e-07,4.3153398533070687e-07,3.3298312790977587e-09
1336009,pantheon:15,0.34169,1.2829451755343824e-09,4.7380038091056184e-08,5.067133656322028e-08,5.091574645425394e-08,4.978186242897043e-09
1283936,pantheon:15,0.36857,5.940062245828455e-11,3.5875910126663797e-09,2.6483093141566518e-06,5.494146194354448e-06,6.517261541369494e-09
1341370,pantheon:15,0.40895,2.9044120691823817e-10,9.135388151323323e-09,1.7440513542044476e-06,1.7532154755899315e-06,1.0612699024710443e-08
1328105,pantheon:15,0.44149,6.796627586447065e-07,6.877784674047132e-07,6.479513293330572e-06,2.096732132302183e-05,1.4651701373151828e-08
1255502,pantheon:16,0.14834,1.0758718509462526e-10,2.0848457088815625e-09,0.0,0.0,2.0849727451478877e-09
1345582,pantheon:16,0.45885,2.7876208514503845e-06,5.5904204930558495e-06,4.2443390035237276e-05,3.185283975914135e-05,3.2412005997334385e-07
1306785,pantheon:16,0.57542,1.99813962347304e-08,7.804591595037412e-08,2.5296608642991427e-05,1.545645461752837e-05,5.407027509862181e-07
1308568,pantheon:16,0.64311,2.3357884597421886e-07,4.91943687618102e-07,1.957835695829202e-08,1.734122427454528e-08,6.840844588130223e-07
110033,pantheon:29,0.20483,1.4541332622658415e-08,1.6799818604634888e-07,5.89254218524748e-08,1.1974840861059185e-07,6.802091454915417e-10
420352,pantheon:29,0.38895,1.2301869482397674e-07,1.568264174603449e-07,9.51064277487138e-10,1.1270676109964489e-09,1.610968611809192e-08
080723,pantheon:29,0.4302,4.607707611324955e-05,9.67654955285047e-05,6.907136208169319e-07,7.671122091723341e-07,2.1535030389168487e-08
1302648,pantheon:36,0.23164,2.2164480691036832e-10,1.8993920835291807e-09,4.507645338770196e-09,2.127851163483595e-09,1.4506185701497538e-09
1275946,pantheon:36,0.23205,1.6114815113821458e-09,6.139552887153448e-09,2.2746303751940606e-08,1.7243096669884373e-08,1.460461966510676e-09
1289288,pantheon:36,0.28995,6.292681529034778e-10,2.808565983327363e-09,2.9473143482820835e-08,3.708032757931442e-08,3.3432722903988713e-09
1291090,pantheon:36,0.29193,5.747479487561166e-10,1.0212502354858251e-08,2.469708464679664e-08,3.1114894351041625e-08,3.437212884386339e-09
1281668,pantheon:36,0.30691,7.118417261504896e-10,4.008050099881528e-09,2.7791784262105576e-09,2.1442969698097423e-09,4.190109075133935e-09
1258906,pantheon:36,0.34912,1.1471262340498139e-08,1.308375953695796e-08,1.6160374959059727e-09,1.114046424165166e-09,7.398767667362289e-09
1336008,pantheon:36,0.4376,3.819799000627677e-09,1.3343744769140793e-08,1.1760764077052537e-05,8.627933697840678e-06,2.0525660916005022e-08
1320166,pantheon:36,0.44891,3.0368316468795033e-07,2.9391417389012976e-06,7.430925079626068e-09,3.020897112327526e-09,2.2875399608171442e-08
1335472,pantheon:36,0.50593,1.3553327235688723e-07,1.1743411229385722e-06,3.9031565910591095e-08,8.049621646121829e-08,3.6399396512813083e-08
1337117,pantheon:36,0.55384,1.4449333271591261e-05,4.901834686005963e-05,2.8573951900965367e-08,3.059912397766428e-08,5.2407011170996994e-08
1285317,pantheon:36,0.56437,2.660816721558238e-07,1.5559413347286868e-06,4.808323590309795e-06,8.811614230851786e-06,5.6688406441206355e-08
