CID,sample,row_index,region,zHD,MU,MUERR,PROBIA,HOST_RA,HOST_DEC,HOST_LOGMASS,clipped,cluster_targeted,cluster_tier_ok,kappa_raw,kappa_ext,kappa_gal_ext,kappa_cl_ext,gamma,dmu_pred,zbin,rand_mean,rand_sig,n_rand_ok,area_frac,area_flag,frac_nir,hr
000014,PS1MD,793,12,0.13614,19.7241,0.204855,1.0,35.878,-4.6363,,False,False,True,0.002212895769518687,0.0016951847520996987,0.00187091059709937,-0.00017572584499967123,0.000595351400649845,-0.0037054797687907965,0.125,0.0005177110174189881,0.00041670085725969817,493,1.0,False,0.947535052012664,0.027832544364582115
340229,PS1MD,807,12,0.14123,19.7877,0.210706,1.0,35.879,-2.8604,,False,False,True,0.0007533295867829925,0.00020071220406907243,-0.00033635742362396026,0.0005370696276930327,0.0024841857420196418,-0.00044011833483483627,0.125,0.0005526173827139201,0.00045432321772645635,493,1.0,False,0.0,0.00515190906463321
1317666,DES,808,12,0.14134,19.8707,0.259463,1.0,36.7711,-5.0031,,False,False,True,0.0005181272152688762,-3.524452897401089e-05,-0.0002694484261334695,0.00023420389715945853,0.0002482753939914722,7.570802456384105e-05,0.125,0.0005533717442428871,0.0004551362746324177,493,1.0,False,0.9580008399832003,0.08631972340854706
1296657,DES,815,12,0.14638,19.9327,0.205643,1.0,36.2552,-6.2786,,False,False,True,0.004128935075662515,0.0035409998577287712,0.003741126519258854,-0.00020012666153008274,0.0032369389937731336,-0.007718286438226122,0.125,0.0005879352179337434,0.0004923890637782846,493,1.0,False,0.0,0.0657752435199301
000038,PS1MD,826,12,0.1505,19.8528,0.167881,1.0,35.0957,-4.6725,,False,False,True,0.002719820251023593,0.002103630764913991,0.0023089757548280087,-0.00020534498991401766,0.004736763957646768,-0.004585845054663524,0.17500000000000004,0.0006161894861096018,0.000522841740619747,493,1.0,False,0.9887029288702929,-0.03453534213651648
440042,PS1MD,840,12,0.15921,20.1737,0.282399,1.0,35.9021,-3.294,,False,False,True,3.690985842525374e-05,-0.0006390113451143792,-0.0004083121761541032,-0.00023069916896027595,0.00023824217893629945,0.0013937739022519917,0.17500000000000004,0.000675921203539633,0.0005872210647190525,493,1.0,False,0.0,0.1532056448823464
310039,PS1MD,861,12,0.17169,20.2073,0.21301,1.0,36.2156,-3.3448,,False,False,True,0.00015186590397342083,-0.0006096410439435703,-0.00040333906998162754,-0.00020630197396194255,0.0006248017091701291,0.001330736125611803,0.17500000000000004,0.0007615069479169911,0.0006794660664135798,493,1.0,False,0.0,0.00742408253264943
330023,PS1MD,890,12,0.18078,20.4636,0.177112,1.0,35.7981,-2.7801,,False,False,True,0.0006958489886477687,-0.00015490007932516484,-0.0005186927117468106,0.0003637926324216461,0.002389255361832698,0.00033827455776923765,0.17500000000000004,0.0008507490679729335,0.0007496538827402923,493,1.0,False,0.0,0.1405747719995833
1298893,DES,934,12,0.19627,20.5867,0.253215,1.0,35.724,-6.2568,,False,False,True,0.0024338062357373885,0.0014047273478741238,-0.0002381328721854971,0.001642860220059621,0.0022219985484891107,-0.0030544980837724544,0.17500000000000004,0.0010290788878632648,0.0008721862008628535,493,1.0,False,0.0,0.06653232016581428
1334620,DES,935,12,0.19635,20.6397,0.292175,1.0,35.7529,-6.2642,,False,False,True,0.001931900406126747,0.0009019005120923251,-0.00044832060676564607,0.0013502211188579712,0.0006805353395326664,-0.0019616677930618153,0.17500000000000004,0.001029999894034422,0.0008728190340100326,493,1.0,False,0.0,0.11855227292346443
550154,PS1MD,973,12,0.21015,20.8949,0.146409,1.0,36.3556,-3.5962,,False,False,True,0.0008251244839516226,-0.00036374897460743295,9.628750515701368e-06,-0.0003733777251231343,0.0006808818380154652,0.0008033503314438476,0.22500000000000003,0.0011888734585590555,0.0009819827518984345,493,1.0,False,0.0,0.20510012441318104
1292560,DES,1015,12,0.22493,20.8596,0.158331,1.0,35.0558,-5.3611,,False,False,True,0.001327286278803935,-3.174306987643069e-05,0.0004942042049045448,-0.0005259472747809756,0.0034830784305961604,7.196958311200168e-05,0.22500000000000003,0.0013590293486803657,0.001098898675839781,493,1.0,False,0.8338068181818182,0.005151574501591875
1336687,DES,1038,12,0.23391,20.9258,0.290889,1.0,35.6058,-6.1499,,False,False,True,0.0013086840997536095,-0.00016760591118269736,0.00032608662004376065,-0.0004936925312264581,0.004495420245341034,0.0003580848262834018,0.22500000000000003,0.0014762900109363069,0.0011846446367403066,493,1.0,False,0.0,-0.023849272732044176
1279500,DES,1041,12,0.23481,21.0254,0.165515,1.0,36.9257,-4.3149,,False,False,True,0.0013255937658988863,-0.00016245935431582234,0.00019103927032680505,-0.0003534986246426273,0.0017189001971832623,0.0003633761066043585,0.22500000000000003,0.0014880531202147087,0.0011932499126894726,493,1.0,False,0.9629798903107861,0.06639707738460665
1317277,DES,1050,12,0.23721,20.9715,0.202153,1.0,35.9031,-5.4815,,False,False,True,0.0002957548737255464,-0.001223666537898234,-0.0008968203285160749,-0.0003268462093821591,0.0007072937549632769,0.002675984250097363,0.22500000000000003,0.0015194214116237804,0.0012161973152205823,493,1.0,False,0.7526289434151227,-0.012284498787306638
1334645,DES,1076,12,0.24711,20.9453,0.134755,1.0,36.3796,-5.879,,False,False,True,0.004110810659022152,0.002461995045335951,-0.00030277786336858274,0.0027647729087045343,0.004774593071126824,-0.005356417781872495,0.22500000000000003,0.0016488156136862011,0.0013108553506614093,493,1.0,False,0.0,-0.1383124415506395
120585,PS1MD,1083,12,0.24909,21.0637,0.165166,1.0,35.7735,-3.6103,,False,False,True,0.00011396255760614641,-0.001560731896492539,-0.0009461074400994953,-0.0006146244563930435,0.0009975212912648045,0.0034132603723404987,0.22500000000000003,0.0016746944540986853,0.0013297869577495746,493,1.0,False,0.0,-0.03943250097938111
000034,PS1MD,1096,12,0.2533,21.1158,0.154711,1.0,36.0664,-3.1865,,False,False,True,0.00037034375783385966,-0.0013593759074449058,-0.0009454665923638092,-0.0004139093150810966,0.0012199202878542604,0.0029775023461010323,0.275,0.0017297196652787655,0.0013700405263562293,493,1.0,False,0.0,-0.049821040880525386
1297026,DES,1108,12,0.25865,21.257,0.147331,1.0,35.821,-5.1821,,False,False,True,0.0003748983229559781,-0.0014247464919221755,-0.000795504455678143,-0.0006292420362440326,0.0025792072570214285,0.0031173544732675884,0.275,0.0017996448148781537,0.0014211941111651606,493,1.0,False,0.9970014992503748,0.04013830246697295
330022,PS1MD,1127,12,0.26397,21.0505,0.204064,1.0,35.3241,-2.9491,,False,False,True,0.010046551438260123,0.008177373577425194,0.0088560205264627,-0.0006786469490375076,0.016591719437078586,-0.018103839104335002,0.275,0.0018691778608349292,0.0014720608534424537,493,1.0,False,0.0,-0.216351067848466
1317286,DES,1161,12,0.28207,21.3456,0.164427,1.0,36.0079,-6.8106,,False,False,True,0.0007589620190985943,-0.0013836404618953221,-0.000987952660480832,-0.00039568780141449025,0.0016655445106409932,0.0030337787955839004,0.275,0.0021426024809939165,0.0016424643184339807,493,1.0,False,0.0,-0.08461273618926954
310238,PS1MD,1164,12,0.28405,21.3205,0.151751,1.0,35.5268,-3.2333,,False,False,True,0.0002443101022843596,-0.0019344928225801515,-0.0011155910288621713,-0.00081890179371798,0.0006055079787396928,0.004238526655936954,0.275,0.002178802924864511,0.0016606514803152767,493,1.0,False,0.0,-0.12699021334370117
1334644,DES,1174,12,0.28814,21.4545,0.186062,1.0,35.1072,-5.7725,,False,False,True,0.006455201573011154,0.00420162096358567,0.005062795404080257,-0.0008611744404945871,0.0004612193809714922,-0.00927118753830106,0.275,0.002253580609425484,0.0016982199106660334,493,1.0,False,0.010158472165786265,-0.028329418846231826
1313594,DES,1175,12,0.28844,21.496,0.135178,1.0,34.8329,-5.7894,,False,False,True,0.0028079626604505716,0.0005488971352871196,0.0009825581093574288,-0.0004336609740703096,0.0016355158251541643,-0.0011606923495987957,0.275,0.002259065525163452,0.0017009755412541083,493,1.0,False,0.015157722244981565,0.010596773036981508
1334597,DES,1179,12,0.28905,21.4233,0.165869,1.0,35.8313,-4.0678,,False,False,True,0.003012900148174744,0.0007426819610107556,0.0012139163511334012,-0.0004712343901226458,0.0026881083862200558,-0.0016068050933292673,0.275,0.0022702181871639884,0.0017065786567831943,493,1.0,False,0.44501278772378516,-0.06732900533205396
570056,PS1MD,1183,12,0.29008,21.4768,0.232933,1.0,37.0067,-3.495,,False,False,True,0.0018574480301833032,-0.0004316017010143787,0.0004354394540814427,-0.0008670411550958214,0.0015904817481382073,0.0009744405628944021,0.275,0.002289049731197682,0.0017160396551355855,493,1.0,False,0.0,-0.022629737407561103
1303004,DES,1195,12,0.29504,21.509,0.171668,1.0,35.2946,-6.4631,,False,False,True,0.0014649653890937133,-0.0009147682823050516,6.450671192702838e-06,-0.0009212189534977545,0.0023608375752318736,0.00202091378525252,0.275,0.002379733671398765,0.0017615994141917607,493,1.0,False,0.0,-0.03240912699564022
1293319,DES,1200,12,0.29695,21.4975,0.208762,1.0,36.0024,-6.4977,,False,False,True,0.00031073903290909486,-0.0021039152686880705,-0.0012076640807342333,-0.0008962511879538373,0.0024388119965864964,0.004609091182549854,0.275,0.0024146543015971652,0.001779143595602505,493,1.0,False,0.0,-0.05990058244093718
1339002,DES,1213,12,0.30304,21.5674,0.273372,1.0,35.8305,-6.5263,,False,False,True,0.0025992220442850253,7.322395320709515e-05,0.0010389329874637798,-0.0009657090342566843,0.0029762586683874455,-0.00012367690548828903,0.32500000000000007,0.00252599809107793,0.001835082896540429,493,1.0,False,0.0,-0.05550399575764957
1287626,DES,1216,12,0.30404,21.466,0.220442,1.0,35.9318,-5.9612,,False,False,True,0.0005016199143666685,-0.002042661229171157,-0.0012057880851462468,-0.0008368731440249104,0.0027290055401402395,0.0044790347335554965,0.32500000000000007,0.0025442811435378255,0.0018442683318340126,493,1.0,False,0.0,-0.1650836615299865
1259412,DES,1219,12,0.30486,21.6488,0.137489,1.0,36.3454,-5.3241,,False,False,True,0.0019464527358030144,-0.0006128205107519265,-0.00020282597961921995,-0.0004099945311327065,0.004175364346113453,0.0013633595571645495,0.32500000000000007,0.002559273246554941,0.0018518003887747518,493,1.0,False,0.8994881340158213,0.011027573806519933
1300516,DES,1234,12,0.31052,21.3667,0.335336,1.0,34.5464,-5.0101,,False,False,True,0.00038990036284956023,-0.0022728549606283906,-0.0012236256440939972,-0.0010492293165343936,0.0011363668349163325,0.004989799026516662,0.32500000000000007,0.0026627553234779507,0.0019037899525364348,493,1.0,False,0.8908400569530137,-0.31679213300963754
1337838,DES,1239,12,0.31203,21.6973,0.158158,1.0,35.496,-6.4982,,False,False,True,0.0010688393746319182,-0.0016215233580604742,-0.0005720054259462932,-0.001049517932114181,0.002558324875103676,0.0035688677475141494,0.32500000000000007,0.0026903627326923924,0.0019176599598297456,493,1.0,False,0.0,0.0017409434054699996
1294743,DES,1241,12,0.31267,21.7822,0.278167,1.0,36.1025,-4.6749,,False,False,True,0.011201657908898125,0.0084995940226314,0.009519085623296201,-0.0010194916006648017,0.012392945584878832,-0.018687664287629108,0.32500000000000007,0.002702063886266726,0.001923538638417639,493,1.0,False,0.9715617715617716,0.08154279099088142
1283878,DES,1243,12,0.31296,21.7665,0.2017,1.0,37.1332,-4.0413,,False,False,True,0.0042658371140584465,0.0015584711425783507,-0.0006062426244246167,0.0021647137670029676,0.004852650063922241,-0.003374399636195572,0.32500000000000007,0.002707365971480096,0.0019262024146527786,493,1.0,False,0.4583145561063542,0.06353587060669681
1341894,DES,1244,12,0.31303,21.7531,0.174721,1.0,35.3025,-4.6502,,False,False,True,0.009488891110872652,0.006780245325720364,0.006982275411020259,-0.00020203008529989547,0.010725578570687042,-0.014884148748378685,0.32500000000000007,0.0027086457851522886,0.0019268453951233292,493,1.0,False,0.9549514563106796,0.0495793242716482
100163,PS1MD,1252,12,0.31782,21.8208,0.194052,1.0,35.4423,-5.1516,,False,False,True,0.001496144552609372,-0.0013000770538258168,-0.0005246537012726384,-0.0007754233525531784,0.004757483561416348,0.002857513527328696,0.32500000000000007,0.0027962216064351887,0.0019708436301795946,493,1.0,False,0.98227969348659,0.07946672158052777
1345553,DES,1253,12,0.31804,21.8242,0.165019,1.0,35.3447,-4.668,,False,False,True,0.00256995009566284,-0.00023029378231352593,-2.0606427849505443e-05,-0.00020968735446402049,0.0030613712587836666,0.0005423378829954905,0.32500000000000007,0.002800243877976366,0.001972864425944183,493,1.0,False,0.9492667459373761,0.08114272856467238
310188,PS1MD,1256,12,0.31901,21.888,0.17561,1.0,35.2776,-4.5196,,False,False,True,0.007694253471168033,0.004876275032305567,0.0036204799740047642,0.001255795058300804,0.011276909525576702,-0.010724749247185035,0.32500000000000007,0.0028179784388624655,0.0019817742981789593,493,1.0,False,0.9726882559500585,0.13735463006698095
440509,PS1MD,1257,12,0.31901,21.6411,0.20208,1.0,34.8496,-5.4304,,False,False,True,0.000645525159099706,-0.0021724532797627594,-0.0011530360830049697,-0.0010194171967577894,0.0020809680956039964,0.004773454208064069,0.32500000000000007,0.0028179784388624655,0.0019817742981789593,493,1.0,False,0.9904378459989934,-0.10954536993301915
330128,PS1MD,1259,12,0.32104,21.7016,0.154025,1.0,36.8228,-3.8213,,False,False,True,0.002490585526293619,-0.00036450750906243416,0.00019449636302303693,-0.0005590038720854715,0.0007261688869180284,0.0008461060303389589,0.32500000000000007,0.002855093035356053,0.002000420731824934,493,1.0,False,0.0012903225806451613,-0.06485671891416005
580104,PS1MD,1262,12,0.32223,21.6098,0.155864,1.0,36.1196,-4.9673,,False,False,True,0.0010409042618171336,-0.001835945605966196,-0.0013035915538522978,-0.0005323540521138983,0.002046531218806865,0.004043704536300666,0.32500000000000007,0.0028768498677833295,0.002011351399824299,493,1.0,False,0.9205443371378402,-0.16588245113792072
1261579,DES,1263,12,0.32223,21.6244,0.136121,1.0,36.1196,-4.9673,,False,False,True,0.0010409042618171336,-0.001835945605966196,-0.0013035915538522978,-0.0005323540521138983,0.002046531218806865,0.004043704536300666,0.32500000000000007,0.0028768498677833295,0.002011351399824299,493,1.0,False,0.9205443371378402,-0.15128245113791922
1305626,DES,1269,12,0.32581,21.7948,0.13912,1.0,35.6546,-4.1333,,False,False,True,0.014068608592623788,0.011124629157507327,0.011586919964830026,-0.0004622908073226993,0.012197623070800592,-0.024476609128112583,0.32500000000000007,0.002943979435116461,0.0020462746349992644,493,1.0,False,0.6692527562270314,-0.008448154245207326
1306073,DES,1276,12,0.32868,21.847,0.141621,1.0,36.8506,-3.7494,,False,False,True,0.0022667436238018395,-0.0007356474403209983,0.00019474075235199353,-0.0009303881926729919,0.005000134295751109,0.001632101015138803,0.32500000000000007,0.0030023910641228378,0.002079862774396417,493,1.0,False,0.0,0.021854932268834795
540163,PS1MD,1280,12,0.32952,21.9861,0.16024,1.0,36.0723,-3.3093,,False,False,True,0.0007680530097638489,-0.002251434140897439,-0.0015026508915125171,-0.0007487832493849223,0.0023192498738002993,0.004949891262112494,0.32500000000000007,0.003019487150661288,0.002089693449341924,493,1.0,False,0.0,0.15457957921625803
1301933,DES,1281,12,0.32968,21.8501,0.111583,1.0,36.6637,-4.9708,,False,False,True,0.0035423257254687474,0.0005195821773715643,0.001186519149524506,-0.0006669369721529423,0.005177972012505149,-0.001104006602985222,0.32500000000000007,0.003022743548097183,0.002091565958855354,493,1.0,False,0.9570747217806042,0.01736693326930179
1338675,DES,1284,12,0.33056,21.9144,0.21272,1.0,36.7437,-4.9677,,False,False,True,0.0037172997607091427,0.0006766460267145333,0.000710813680655056,-3.4167653940522704e-05,0.002007920450889234,-0.0014204884183661552,0.32500000000000007,0.0030406537339946094,0.00210186476117922,493,1.0,False,0.9392426133999168,0.07500710922206096
03D1fc,SNLS,1288,12,0.33103,21.7568,0.134432,1.0,36.4316,-4.1441,,False,False,True,0.0026454698870873056,-0.0004047495143752462,6.737930327609999e-05,-0.0004721288176513464,0.004771157248319943,0.0009144865227317051,0.32500000000000007,0.003050219401462552,0.00210736525787492,493,1.0,False,0.9690966719492868,-0.08614311710997939
1314897,DES,1300,12,0.33671,21.7837,0.182251,1.0,36.6066,-4.1552,,False,False,True,0.0008976811745786192,-0.0022681403358582237,-0.001625850764436429,-0.0006422895714217953,0.0031470800968479867,0.004987488861233224,0.32500000000000007,0.003165821510436843,0.0021738393456016882,493,1.0,False,0.9650637073571722,-0.10178268702059427
320258,PS1MD,1309,12,0.34098,21.8057,0.192415,1.0,34.748,-4.8807,,False,False,True,0.0028746035050231013,-0.00037812311198420247,0.0007229084201970451,-0.0011010315321812478,0.0038066217467826236,0.0008741983762441301,0.32500000000000007,0.003252726617007304,0.0022238119432413527,493,1.0,False,0.9361167002012073,-0.11132667997103866
1329312,DES,1314,12,0.34487,21.9803,0.169534,1.0,36.2633,-5.5418,,False,False,True,0.002619608545522251,-0.0007122892341452631,-0.0017198374728898025,0.001007548238744539,0.0039302468764536354,0.0016057826258874582,0.32500000000000007,0.003331897779667514,0.002269337330786622,493,1.0,False,0.1799709724238026,0.03485356788723677
03D1bp,SNLS,1316,12,0.34602,22.0788,0.13399,1.0,36.6572,-4.8388,,False,False,True,0.0011411585253218218,-0.002214144610916191,-0.0014141815643201714,-0.0007999630465960199,0.003459049992755081,0.004871359685922384,0.32500000000000007,0.0033553031362380126,0.0022827959929144007,493,1.0,False,0.9603836530442035,0.12500873650221406
330089,PS1MD,1319,12,0.34881,22.1191,0.21674,1.0,36.1903,-4.8221,,False,False,True,0.001315958423943796,-0.0020961281425826445,-0.0009432667547182643,-0.0011528613878643804,0.0015488880843593578,0.004629054130659198,0.32500000000000007,0.0034120865665264403,0.002315447877554837,493,1.0,False,0.9196924391285776,0.14516980732309376
560121,PS1MD,1348,12,0.36499,22.2096,0.290313,1.0,36.3388,-4.3953,,False,False,True,0.0032414007549134995,-0.000499989002317873,0.0006958788735697045,-0.001195867875887578,0.009658057149860268,0.0010763467294501112,0.3750000000000001,0.0037413897572313726,0.0025048054021004525,493,1.0,False,0.9881342062193126,0.10777920105170596
1308582,DES,1351,12,0.36713,21.9558,0.149493,1.0,37.1372,-4.3728,,False,False,True,0.0016022966070799523,-0.0021826474658565237,-0.0013595698384359024,-0.0008230776274206216,0.002014591977048328,0.004832124011200456,0.3750000000000001,0.003784944072936476,0.00252985021684258,493,0.75,True,0.7383309759547383,-0.16073674855285686
04D1hd,SNLS,1353,12,0.36799,22.2169,0.156057,1.0,36.5368,-4.1096,,False,False,True,0.0012184250872708479,-0.0025840221218835667,-0.0018411725211986275,-0.0007428496006849393,0.0037850174369763903,0.005694771341456413,0.3750000000000001,0.0038024472091544143,0.0025399149554772666,493,1.0,False,0.8856447688564477,0.09447177739347284
320469,PS1MD,1364,12,0.37095,22.1568,0.389586,1.0,34.4183,-4.8371,,False,False,True,0.0016869427545227833,-0.002175747807195698,-0.0005855686673513993,-0.0015901791398442993,0.0026634588603482792,0.004817019208954294,0.3750000000000001,0.0038626905617184814,0.0025745563814757234,493,1.0,False,0.9911090313523632,0.014191364832577054
1282736,DES,1371,12,0.37805,22.1068,0.221544,1.0,35.8093,-6.2681,,False,False,True,0.0024379801127286504,-0.0015646783208915242,-0.0011850110641462418,-0.0003796672567452832,0.001884518512486495,0.003496757975624167,0.3750000000000001,0.004002658433620175,0.0026686047691072555,493,1.0,False,0.0,-0.0836115762190735
320099,PS1MD,1374,12,0.37997,22.1624,0.161555,1.0,36.0675,-3.916,,False,False,True,0.0041160859307167175,7.720539917302569e-05,0.00170462724607314,-0.0016274218469001147,0.00432480587493247,-0.0001055260659045907,0.3750000000000001,0.004038880531543692,0.0026979716353039253,493,1.0,False,0.18791946308724833,-0.0407953566234907
1343401,DES,1381,12,0.38291,22.1148,0.204813,1.0,34.5721,-5.6549,,False,False,True,0.000958254436226141,-0.003136091182762937,-0.0020417044783450603,-0.0010943867044178775,0.0037781847105772645,0.006906631401698202,0.3750000000000001,0.004094345618989078,0.002742939649167576,493,1.0,False,0.4063588850174216,-0.10785471730926571
580312,PS1MD,1395,12,0.40293,22.2948,0.289144,1.0,35.2534,-4.8171,,False,False,True,0.0014401749559538525,-0.0030318614965919068,-0.001254490218570652,-0.0017773712780212547,0.003880887754857067,0.006700698826132431,0.42500000000000016,0.004472036452545759,0.0030491504102391027,493,1.0,False,0.9761036857027137,-0.019566280110325164
1329615,DES,1396,12,0.40368,22.363,0.212116,1.0,35.4427,-5.6398,,False,False,True,0.000637792970651662,-0.003848392738895471,-0.002409285588954011,-0.00143910714994146,0.004415070950647576,0.008473921732327123,0.42500000000000016,0.004486185709547133,0.0030606218423471763,493,0.95,False,0.16600616468516072,0.04392028093396424
450339,PS1MD,1403,12,0.40935,22.4531,0.273629,1.0,36.2874,-3.3534,,False,False,True,0.008020623824023222,0.0034274697315457006,0.004391558957377626,-0.0009640892258319259,0.006874335220078837,-0.007421405197791407,0.42500000000000016,0.004593154092477522,0.003147345869084217,493,1.0,False,0.0,0.09864806945482858
1345594,DES,1422,12,0.42249,22.4266,0.274122,1.0,33.8987,-5.5998,,False,False,True,0.007660324520234672,0.0028192754450930757,-8.38602880840443e-06,0.0028276614739014792,0.010194916099606465,-0.0061438559925098,0.42500000000000016,0.004841049075141596,0.0033483253596176764,493,1.0,False,0.4188295165394402,-0.008103398745429572
1302523,DES,1425,12,0.42399,22.4734,0.131426,1.0,36.3176,-4.6598,,False,False,True,0.01124181602739863,0.006372468438254285,0.002251675568486006,0.00412079286976828,0.014460541282618679,-0.014050555378906626,0.42500000000000016,0.004869347589144345,0.0033712682238338245,493,1.0,False,0.9317548746518106,0.029683819140594113
1295027,DES,1427,12,0.42568,22.4509,0.193594,1.0,35.4327,-6.9406,,False,False,True,0.004978750556358659,7.785775106152956e-05,0.002077000265018385,-0.001999142513956855,0.006661942965412777,-8.684280944583865e-05,0.42500000000000016,0.00490089280529713,0.0033925299084113904,493,1.0,False,0.0,-0.00293505117167551
440236,PS1MD,1433,12,0.42895,22.3913,0.191504,1.0,37.1019,-4.4246,,False,False,True,0.0012125098075267081,-0.0037484494517238806,-0.002233238169657801,-0.00151521128206608,0.002740679502243246,0.00828992771672792,0.42500000000000016,0.004960959259250589,0.0034204859527312698,493,0.7,True,0.9078850405305822,-0.08200829231056499
04D1rh,SNLS,1437,12,0.43494,22.5298,0.181679,1.0,36.9464,-4.2538,,False,False,True,0.0011180306951693994,-0.003952958551598384,-0.0021978370291271974,-0.001755121522471187,0.006147833149718249,0.008708143304942169,0.42500000000000016,0.005070989246767783,0.003471695954405911,493,1.0,False,0.979982206405694,0.021176828089526555
1310338,DES,1442,12,0.4389,22.2149,0.209461,1.0,35.042,-6.3767,,False,False,True,0.0019875869617246075,-0.003156143311849201,-0.001398306540496768,-0.0017578367713524333,0.0047360849979768745,0.006995940371152544,0.42500000000000016,0.005143730273573809,0.0035055509805547555,493,1.0,False,0.0,-0.3168216522125851
560027,PS1MD,1443,12,0.43891,22.4152,0.278656,1.0,35.8506,-3.0839,,False,False,True,0.0014604904261970907,-0.0036834235368383497,-0.0023973156151085306,-0.001286107921729819,0.0037254850000806783,0.008155107208524252,0.42500000000000016,0.00514391396303544,0.0035056364730450306,493,1.0,False,0.0,-0.11657973517326407
1291080,DES,1451,12,0.44391,22.5539,0.289089,1.0,35.6846,-6.0636,,False,False,True,0.0201296491700904,0.01489389047623927,-0.0017937272843492405,0.01668761776058851,0.01273815362958213,-0.0328293777957251,0.42500000000000016,0.005235758693851129,0.0035483827181824606,493,1.0,False,0.0,-0.006767648030763055
1339149,DES,1472,12,0.46887,22.5101,0.232472,1.0,35.555,-5.8717,,False,False,True,0.0017922253550400635,-0.003902022235042981,-0.002011369422120783,-0.001890652812922198,0.003289928520520235,0.008663760114473618,0.4750000000000001,0.005694247590083044,0.0037617719739085126,493,1.0,False,0.0,-0.20622487888995233
05D1ix,SNLS,1485,12,0.48888,22.8312,0.197899,1.0,36.0832,-4.67,,False,False,True,0.007945734364442483,0.0018799997532241847,0.004207274417054078,-0.002327274663829894,0.011624896615979326,-0.004065125659708622,0.4750000000000001,0.006065734611218298,0.003991654516136629,493,1.0,False,0.9703016241299304,0.007731891432128945
1305504,DES,1488,12,0.49566,22.8923,0.117866,1.0,36.0584,-5.1646,,False,False,True,0.003582450085720042,-0.0026097429465524635,-0.0011490333692718872,-0.0014607095772805763,0.005134993185772131,0.005861579151882448,0.4750000000000001,0.006192193032272505,0.004078346510212687,493,1.0,False,0.9211229946524064,0.03345931214807086
03D1ax,SNLS,1489,12,0.49579,22.8287,0.151559,1.0,36.0972,-4.7207,,False,False,True,0.007131323650063455,0.0009367058988031841,-0.0023481551083655012,0.003284861007168686,0.005229324872606197,-0.001951213307457806,0.4750000000000001,0.0061946177512602705,0.004080008746087302,493,1.0,False,0.9675925925925926,-0.030814477982034506
1337272,DES,1493,12,0.50282,22.908,0.216875,1.0,34.1284,-5.6806,,False,False,True,0.0038279587629481346,-0.002497780330496661,2.8071297394707123e-05,-0.002525851627891368,0.0007753780824057448,0.005651761911291256,0.5250000000000001,0.006325739093444796,0.004169897347614542,493,1.0,False,0.3727810650887574,0.032673688901175196
03D1au,SNLS,1496,12,0.50316,22.8914,0.227088,1.0,36.0432,-4.0375,,False,False,True,0.004455407496204564,-0.0018766731699774624,0.0006601644633824092,-0.0025368376333598725,0.011611161628465849,0.004189907997110907,0.5250000000000001,0.0063320806661820266,0.0041742447337481505,493,1.0,False,0.5028997514498758,0.014335371674265601
04D1pg,SNLS,1505,12,0.51387,23.0037,0.358645,1.0,36.7673,-4.1753,,False,False,True,0.01356830514005435,0.007036464932649526,-0.0004399973393193206,0.007476462271968845,0.009704711864433967,-0.015325993717293688,0.5250000000000001,0.006531840207404823,0.0043111873969567905,493,1.0,False,0.9730082716586852,0.07243562618346469
1334470,DES,1509,12,0.51883,22.9419,0.248961,1.0,35.0537,-4.9472,,False,False,True,0.0038413300525263288,-0.002783022510103991,-0.0005213691428762866,-0.0022616533672277055,0.00944689212148111,0.006200221458139784,0.5250000000000001,0.00662435256263032,0.004374608088788243,493,1.0,False,0.9614035087719298,-0.01410645840329569
310260,PS1MD,1510,12,0.51885,22.9294,0.207812,1.0,36.1689,-5.1043,,False,False,True,0.009608740415782852,0.002984014819462107,-0.0022250149097331855,0.005209029729195291,0.01315316581979115,-0.0065033172898944815,0.5250000000000001,0.006624725596320745,0.004374863817384337,493,1.0,False,0.8831168831168831,-0.026705773822877504
1322229,DES,1515,12,0.5262,22.9172,0.221632,1.0,35.9264,-4.0189,,False,False,True,0.006198176501086557,-0.0005638274011959534,0.002063021347258198,-0.0026268487484541526,0.01392923061893921,0.0012422059897655435,0.5250000000000001,0.006762003902282511,0.004466601995596646,493,1.0,False,0.36230706742485785,-0.07516250705401181
05D1ee,SNLS,1539,12,0.55782,23.1859,0.193312,1.0,36.1948,-4.0005,,False,False,True,0.0021697529342643205,-0.00518698222422773,-0.0021991168271385964,-0.0029878653970891356,0.0011153636523049603,0.011571731533752723,0.5750000000000002,0.007356735158492051,0.004811830075560242,493,1.0,False,0.498948254101809,0.027743754281885635
05D1kl,SNLS,1540,12,0.55882,23.4801,0.382347,1.0,36.1397,-4.319,,False,False,True,0.008153577617891173,0.000778033754269155,0.0020263846819709285,-0.0012483509277017735,0.01733551719750053,-0.0017523174301990949,0.5750000000000002,0.007375543863622018,0.004822748104654599,493,1.0,False,0.9496587030716723,0.3173096607090035
04D1hx,SNLS,1541,12,0.55882,23.0445,0.35519,1.0,36.1771,-4.7903,,False,False,True,0.0034290434784692266,-0.003946500385152791,-0.00185648597859683,-0.002090014406555961,0.0016066871693954498,0.008872391703194297,0.5750000000000002,0.007375543863622018,0.004822748104654599,493,0.975,False,0.9202867988190637,-0.11829033929099736
1303952,DES,1543,12,0.56269,23.3486,0.263864,1.0,35.8718,-6.9219,,False,False,True,0.0027331757456720133,-0.0047151578068029745,-0.0029402596603208507,-0.0017748981464821248,0.011422364097985272,0.010412894415803042,0.5750000000000002,0.007448333552474988,0.0048650008772497646,493,1.0,False,0.0,0.1679492454930906
05D1cc,SNLS,1544,12,0.56283,23.1766,0.233154,1.0,36.6299,-4.1648,,False,False,True,0.005073220280493429,-0.002377746490699755,-0.0011633266766266485,-0.001214419814073107,0.007060281196034286,0.005403897139721562,0.5750000000000002,0.007450966771193184,0.004866529401322975,493,1.0,False,0.9658997534921939,-0.004694689799482454
1338278,DES,1547,12,0.56437,23.1439,0.295284,1.0,34.43,-4.976,,False,False,True,0.002196216606784304,-0.005283715570309028,-0.0037408317326455835,-0.0015428838376634452,0.007226416763660676,0.011743518187929545,0.5750000000000002,0.007479932177093332,0.004883343166128286,493,1.0,False,0.9295977011494253,-0.04446800316328875
05D1dn,SNLS,1548,12,0.56481,23.2343,0.190849,1.0,36.111,-4.9916,,False,False,True,0.04179997678010526,0.03431176877275474,0.012850018404496524,0.021461750368258217,0.029534032889736116,-0.07708892367616574,0.5750000000000002,0.0074882080073505174,0.004888147098929804,493,1.0,False,0.9206698986337594,0.04391440112208017
05D1dx,SNLS,1557,12,0.57882,23.1742,0.212684,1.0,36.9458,-4.0325,,False,False,True,0.006048917963843764,-0.001701733700218389,0.0011493569176594864,-0.0028510906178778766,0.018279633243918153,0.0036298902270733447,0.5750000000000002,0.007750651664062153,0.005044313878042157,493,1.0,False,0.5971001757469244,-0.07966260111528484
03D1aw,SNLS,1561,12,0.5808,23.4531,0.238297,1.0,36.0616,-4.5172,,False,False,True,0.015587031206218713,0.007799690996647186,0.010829742854740046,-0.0030300518580928582,0.011877256568519514,-0.017011790644280708,0.5750000000000002,0.007787340209571527,0.005067592905274846,493,1.0,False,0.9328223624887286,0.1903838595337281
04D1jg,SNLS,1562,12,0.58301,23.2878,0.165845,1.0,36.5523,-4.1348,,False,False,True,0.002383977435517146,-0.005444313120304746,-0.0033353312819778525,-0.0021089818383268934,0.005826680522097558,0.012130453260395498,0.5750000000000002,0.007828290555821892,0.005093576061933557,493,1.0,False,0.9378280177634235,0.015235573154072035
04D1kj,SNLS,1564,12,0.58382,23.2235,0.196641,1.0,36.9694,-4.1803,,False,False,True,0.010053916066796089,0.0022106165605385447,-0.000615999183426484,0.0028266157439650274,0.013823487093399625,-0.004804446024960184,0.5750000000000002,0.007843299506257544,0.0051030993003469294,493,1.0,False,0.961250550418318,-0.05266512657471295
04D1sa,SNLS,1565,12,0.58382,23.3959,0.182769,1.0,36.984,-4.1761,,False,False,True,0.011573316833256853,0.0037300173269993082,-0.0021159371497608973,0.005845954476760206,0.0065341583437503745,-0.007952838128544002,0.5750000000000002,0.007843299506257544,0.0051030993003469294,493,1.0,False,0.9513415188722146,0.11973487342528671
05D1hm,SNLS,1567,12,0.58582,23.454,0.371991,1.0,36.9426,-4.7173,,False,False,True,0.0017813075905891735,-0.0060990510525465265,-0.004163193249300119,-0.0019358578032464074,0.008596911522546052,0.01351309599083423,0.5750000000000002,0.0078803586431357,0.005126613469268839,493,1.0,False,0.8914903196758217,0.1689644869788826
04D1oh,SNLS,1569,12,0.58879,23.2491,0.218369,1.0,36.2598,-4.2362,,False,False,True,0.008433691140699367,0.0004982996792996033,0.00048454319019000484,1.3756489109597626e-05,0.016844308020238022,-0.0011528903666830348,0.5750000000000002,0.007935391461399764,0.005161532010117875,493,1.0,False,0.9746233148295004,-0.04905523044827148
1338233,DES,1573,12,0.60155,23.5032,0.393855,1.0,35.1227,-5.5293,,False,False,True,0.0033124694749818552,-0.004859359279700544,-0.001764365951800689,-0.003094993327899856,0.006438792977069263,0.01088166454313831,0.6250000000000002,0.008171828754682399,0.005311552407839657,493,1.0,False,0.5307625649913345,0.16702131122074163
1335564,DES,1575,12,0.60626,23.3628,0.273748,1.0,35.1281,-6.4465,,False,False,True,0.007251344214889966,-0.0010077588071404934,0.001924093438855602,-0.0029318522459960954,0.002474016499302188,0.0025105674523457425,0.6250000000000002,0.00825910302203046,0.005366928275650754,493,1.0,False,0.0,0.006358138104067296
1332413,DES,1578,12,0.60878,23.3649,0.229166,1.0,36.2749,-5.853,,False,False,True,0.01162025044411739,0.003314452909620456,-0.0037478912284734035,0.007062344138093859,0.016959173267620625,-0.007250918001710627,0.6250000000000002,0.008305797534496935,0.0053965561284923585,493,1.0,False,0.0,-0.0023219965543522514
1295305,DES,1582,12,0.61177,23.448,0.162208,1.0,36.2434,-4.2509,,False,False,True,0.008439329081742171,7.812813761239219e-05,0.0017262908929166045,-0.0016481627553042132,0.0054755943569758025,0.00011654637997074099,0.6250000000000002,0.008361200944129779,0.005431709811030614,493,1.0,False,0.976078431372549,0.06804214291314095
05D1ck,SNLS,1583,12,0.61577,23.4555,0.346221,1.0,36.1035,-4.7128,,False,False,True,0.035228159800738706,0.026792840582852615,-0.0028192927951384062,0.02961213337799102,0.01901009520193361,-0.05958055647839684,0.6250000000000002,0.008435319217886091,0.005478738148874433,493,1.0,False,0.9664804469273743,0.05859639322261315
1308957,DES,1584,12,0.61875,23.4634,0.387817,1.0,35.1339,-6.624,,False,False,True,0.004217217880323921,-0.0042733194515106225,-0.0015960476525832762,-0.002677271798927347,0.003547901292726579,0.009649835927455643,0.6250000000000002,0.008490537331834544,0.005513774260568078,493,1.0,False,0.0,0.0539396982800521
05D1cb,SNLS,1591,12,0.63077,23.4102,0.201051,1.0,36.7377,-4.1176,,False,False,True,0.012201713958262231,0.0034736392739419877,-0.002450897140225384,0.005924536414167372,0.018814210840019354,-0.00768283996585125,0.6250000000000002,0.008728074684320243,0.005672482801821272,493,1.0,False,0.8954602249062891,-0.049331177695767975
1330642,DES,1594,12,0.63399,23.3442,0.145119,1.0,37.0406,-4.0471,,False,False,True,0.014271207932950223,0.0054752021030203615,0.006689544131451752,-0.0012143420284313894,0.015967587689618992,-0.011986331189762146,0.6250000000000002,0.008796005829929862,0.005720044357810625,493,1.0,False,0.643621766280107,-0.12859023794972488
04D1pu,SNLS,1595,12,0.63777,23.2768,0.442055,1.0,36.8686,-4.7449,,False,False,True,0.003540843579440234,-0.005334907508379179,-0.0034716097376824902,-0.0018632977706966873,0.016415324491306737,0.011699669782036215,0.6250000000000002,0.008875751087819413,0.005775877488754648,493,1.0,False,0.9163346613545816,-0.21147360292877168
1337325,DES,1598,12,0.63873,23.5274,0.26025,1.0,35.135,-4.6525,,False,False,True,0.010652702702680539,0.001756698850952667,-0.0025601496508487467,0.0043168485018014145,0.015103780741737861,-0.0037641353485284856,0.6250000000000002,0.008896003851727872,0.005790057331534084,493,1.0,False,0.9888705688375927,0.035208040162265336
1338266,DES,1605,12,0.64852,23.7867,0.271027,1.0,34.905,-5.8691,,False,False,True,0.007531698763659721,-0.001570841086676278,0.0001924975659349324,-0.00176333865261121,0.007870397368857559,0.0037172811867078014,0.6250000000000002,0.009102539850336,0.005934662186545195,493,1.0,False,0.0,0.2548665020252815
04D1sk,SNLS,1608,12,0.66213,23.7263,0.278466,1.0,36.0949,-4.3536,,False,False,True,0.017033867189641064,0.007644202217644532,0.010838981086430704,-0.0031947788687861707,0.026580721282733113,-0.0172148842461437,0.6750000000000002,0.009389664971996533,0.006135690999282807,493,1.0,False,0.9444444444444444,0.10619469097890051
03D1co,SNLS,1611,12,0.67773,23.9721,0.310626,1.0,36.5677,-4.9351,,False,False,True,0.007624088751662372,-0.0020973691997766934,0.0007946497469021275,-0.002892018946678821,0.011887479190473015,0.00483578689414817,0.6750000000000002,0.009721457951439066,0.006353292686825397,493,1.0,False,0.9542670477746019,0.29119694392426015
05D1ke,SNLS,1615,12,0.68872,23.5607,0.224893,1.0,36.6929,-4.8625,,False,False,True,0.00525147517887164,-0.004712645850446373,-0.0013842470471125386,-0.003328398803333832,0.0066997133405349105,0.010672613063101058,0.6750000000000002,0.009964121029318013,0.006464010577442932,493,1.0,False,0.9603796945934792,-0.1622352907335506
04D1si,SNLS,1626,12,0.7007,23.664,0.221555,1.0,36.2033,-4.569,,False,False,True,0.002847290088213929,-0.007381353568309704,-0.0033757382239221504,-0.004005615344387553,0.006092761405410668,0.016530653626590334,0.7250000000000002,0.010228643656523633,0.00658470214519526,493,1.0,False,0.9542697153523099,-0.08866391329691772
1331993,DES,1632,12,0.71968,23.9108,0.202759,1.0,35.9718,-4.4593,,False,False,True,0.007584461650569612,-0.003063267103146235,0.00017615606208416183,-0.0032394231652303953,0.004821334475360012,0.00714530105064726,0.7250000000000002,0.010647728753715847,0.00677591466238551,493,1.0,False,0.9624413145539906,0.08818900097102564
04D1aj,SNLS,1633,12,0.71969,23.717,0.34116,1.0,36.4748,-4.9946,,False,False,True,0.04562067533081026,0.03497272577356586,0.034691037215224006,0.00028168855834185495,0.04191810372897517,-0.07975393417393722,0.7250000000000002,0.010647949557244402,0.006776015406598994,493,1.0,False,0.9392931392931393,-0.10564738265549614
1304127,DES,1638,12,0.72866,23.752,0.282209,1.0,35.1805,-6.9511,,False,False,True,0.009761615037344608,-0.0010824379456576862,0.002341935600211769,-0.0034243735458694535,0.011896398601019927,0.002684838051620477,0.7250000000000002,0.010844052983002294,0.006870210567124959,493,1.0,False,0.0,-0.10308920666074975
04D1pp,SNLS,1641,12,0.73368,23.7315,0.194032,1.0,36.302,-4.7016,,False,False,True,0.01894902891298908,0.007996817215362434,0.007432095334430302,0.0005647218809321352,0.010873831337678448,-0.017290996830357667,0.7250000000000002,0.010952211697626646,0.006926034041304324,493,1.0,False,0.9307974335472043,-0.14157769879149576
05D1eo,SNLS,1644,12,0.73568,23.9277,0.255688,1.0,36.3464,-4.6427,,False,False,True,0.014548304530385978,0.0035530017113950506,-0.0044559253689692106,0.008008927080364263,0.018135372369138078,-0.007705616807353873,0.7250000000000002,0.010995302818990927,0.006948274469264231,493,1.0,False,0.9425022999080037,0.04748856990149783
05D1if,SNLS,1657,12,0.76165,23.878,0.238347,1.0,36.1239,-4.5703,,False,False,True,0.008558231893695988,-0.002996609136210155,0.0014219978458335693,-0.004418606982043724,0.008051666824815836,0.007033771153333007,0.7750000000000002,0.011554841029906143,0.007237066426323616,493,1.0,False,0.947539461467038,-0.05018984211964218
04D1qd,SNLS,1658,12,0.76566,23.9839,0.223812,1.0,36.6378,-4.1072,,False,False,True,0.012552617416333864,0.0009113786880923323,-0.004624344417579952,0.005535723105672287,0.028592804696058707,-0.002372957881379669,0.7750000000000002,0.011641238728241531,0.007281658484383228,493,1.0,False,0.8678485092667204,0.04193089301355789
04D1de,SNLS,1659,12,0.76666,24.1694,0.2487,1.0,36.6496,-4.4226,,False,False,True,0.01445891602554606,0.00279613173662239,0.0038480493418482616,-0.0010519176052258715,0.008991390259016047,-0.0057117738721894976,0.7750000000000002,0.01166278428892367,0.007292778698363181,493,1.0,False,0.9769681742043551,0.22400553081791663
04D1pc,SNLS,1662,12,0.76865,24.0399,0.310504,1.0,36.6037,-4.3994,,False,False,True,0.007129821172927699,-0.004575838781753436,-0.000980668032840801,-0.003595170748912634,0.010014178646825904,0.010455764922406786,0.7750000000000002,0.011705659954681135,0.007314907924183288,493,1.0,False,0.9890350877192983,0.08770188796380728
04D1ks,SNLS,1669,12,0.79662,23.6496,0.371115,1.0,36.0396,-4.9787,,False,False,True,0.012687692199356166,0.00038445041485342564,-0.0028630549474278535,0.003247505362281279,0.01366981895806964,-0.0004736864374033367,0.7750000000000002,0.01230324178450274,0.007651868536293716,493,1.0,False,0.9365148861646234,-0.396463217007308
03D1fq,SNLS,1670,12,0.79863,24.1808,0.286876,1.0,36.7319,-4.3022,,False,False,True,0.010250227514629642,-0.002095851583202187,-0.00133021716805431,-0.0007656344151478773,0.018935852890380984,0.004779645701652208,0.7750000000000002,0.012346079097831829,0.007676630699994401,493,1.0,False,0.9786212914485166,0.12811487066914118
SCP05D0,SNAP,1676,12,1.01242,24.8647,0.36609,1.0,35.4253,-3.3648,,False,True,True,0.012218537544675084,-0.004620243672042182,0.0017816986813396461,-0.006401942353381827,0.015601452702919051,0.010896562798410135,1.0250000000000004,0.016838781216717266,0.010588786139032684,493,1.0,False,0.0,0.0
SCP05D6,SNAP,1687,12,1.31317,25.5337,0.315195,1.0,35.4437,-3.3823,,False,True,True,0.026236887774192797,0.004016254130482681,-0.005455148065642365,0.009471402196125044,0.013402367636580344,-0.00752568485007403,1.3250000000000006,0.022220633643710117,0.014012557542871246,493,1.0,False,0.0,-0.04112993716813659
100405,PS1MD,744,3,0.10294,18.9285,0.184283,1.0,53.6285,-27.3206,,False,False,True,4.729105178655988e-05,-0.0005191965194523153,-0.00042423951030332046,-9.495700914899477e-05,0.0003183972511884021,0.001133216101066703,0.125,0.0005664875712388752,0.00030902849834521973,498,1.0,False,0.8062654575432812,-0.11665309993505328
090275,PS1MD,804,3,0.13955,19.7683,0.143245,1.0,54.0721,-28.0515,,False,False,True,0.0007208005283634714,-3.2421203078106774e-05,-0.0004722308670610135,0.00043980966398290684,0.0001622201947834717,6.889078818703609e-05,0.125,0.0007532217314415782,0.0004306031593053361,498,1.0,False,0.9645075421472937,0.013902114589001436
440008,PS1MD,816,3,0.14652,19.905,0.185624,1.0,52.6735,-28.8632,,False,False,True,0.0033457709019242203,0.002503096449065952,-0.00048046276438953194,0.002983559213455484,0.0003456594053211234,-0.005453545994163353,0.125,0.0008426744528582682,0.0004888420175109727,498,1.0,False,0.9830004249893752,0.03582060355475765
1316385,DES,817,3,0.14737,19.7624,0.19564,1.0,53.526,-27.6321,,False,False,True,0.00015671175153313891,-0.0006968715697905793,-0.0005174008406976735,-0.00017947072909290577,0.0002256685086100701,0.001525027216782411,0.125,0.0008535833213237182,0.0004959443172921477,498,1.0,False,0.9778270509977827,-0.12042508180838833
1299775,DES,843,3,0.16004,19.7898,0.269298,1.0,53.4389,-29.6767,,False,False,True,0.00038087559330140727,-0.0006353140379720184,-0.000547249888039107,-8.80641499329113e-05,0.000785002553723082,0.0013947373827281936,0.17500000000000004,0.0010161896312734257,0.0006018103622656648,498,1.0,False,0.0,-0.24302541645674408
1303279,DES,863,3,0.1727,20.0146,0.149932,1.0,54.9068,-27.813,,False,False,True,0.00015436229892600305,-0.001024305302668125,-0.0006823601748580249,-0.0003419451278101001,0.0005072584775998665,0.002243433908286993,0.17500000000000004,0.001178667601594128,0.0007075928507711682,498,1.0,False,0.0,-0.19925557478899775
1347120,DES,884,3,0.17952,20.2979,0.279272,1.0,52.8899,-28.9121,,False,False,True,0.0020736301859646516,0.0008062499660786687,0.0008754085467092872,-6.915858063061861e-05,0.0008332771633015422,-0.0017364471625486546,0.17500000000000004,0.001267380219885983,0.0007780261166832555,498,1.0,False,0.9912510936132983,-0.008404402493033251
1303496,DES,886,3,0.17975,20.3432,0.207177,1.0,53.8482,-29.5918,,False,False,True,0.0006419008399701433,-0.0006284914896133495,-0.0008108222652990598,0.0001823307756857102,0.002502171327979548,0.0013786823858376387,0.17500000000000004,0.0012703923295834928,0.0007806322038518057,498,1.0,False,0.0,0.03383524054475901
1339392,DES,896,3,0.18145,20.1423,0.233619,1.0,54.1245,-28.5698,,False,False,True,0.0003973455337143327,-0.0008953102153724971,-0.000601858599358786,-0.00029345161601371125,0.0002422683259686345,0.001966510386180065,0.17500000000000004,0.0012926557490868299,0.0007998945872715275,498,1.0,False,0.9484251968503937,-0.1895722862353662
440643,PS1MD,921,3,0.18952,20.5094,0.237114,1.0,53.6036,-26.7739,,False,False,True,0.00019625638370186993,-0.001202085127380212,-0.0007789088331704927,-0.00042317629420971924,0.000830354656644452,0.0026350343613430827,0.17500000000000004,0.0013983415110820818,0.0008913342544463244,498,1.0,False,0.0,0.07329236938490341
1253920,DES,929,3,0.19553,20.4581,0.154272,1.0,54.6293,-27.0428,,False,False,True,0.00103564459422337,-0.0004414046528675678,1.1345266006688743e-05,-0.00045274991887425653,0.0009908293407543895,0.0009837453386277346,0.17500000000000004,0.0014770492470909378,0.0009594324452419291,498,1.0,False,0.0,-0.052984591109476446
1302058,DES,938,3,0.19782,20.239,0.187234,1.0,53.3964,-29.1906,,False,False,True,0.00034815203691053307,-0.0011588873458643113,-0.0007811982944623769,-0.00037768905140193415,0.0012877719874316955,0.0025415983848213813,0.17500000000000004,0.0015070393827748443,0.0009853800087896718,498,1.0,False,0.2993258426966292,-0.30009031451563756
110460,PS1MD,945,3,0.19953,20.5981,0.252789,1.0,53.8448,-27.8403,,False,False,True,0.000244700613339479,-0.0012847331502298985,-0.0008901070321454322,-0.00039462611808446617,0.0012457942120090361,0.002817281127866749,0.17500000000000004,0.0015294337635693776,0.001004755700347157,498,0.925,False,0.9819277108433735,0.03829301077047904
1283373,DES,966,3,0.20751,20.8195,0.146505,1.0,54.9467,-26.7304,,False,False,True,0.0002988230127643909,-0.0013351178611794735,-0.0008546059037928429,-0.0004805119573866307,0.0016958347473885063,0.002929083412340407,0.22500000000000003,0.0016339408739438645,0.0010951755942820859,498,1.0,False,0.0,0.16023633953735505
1257366,DES,978,3,0.21134,20.8885,0.264746,1.0,53.8996,-26.9693,,False,False,True,0.000716315133952306,-0.0009677839145196645,-0.0009776283366720576,9.844422152392859e-06,0.00233903835607123,0.0021305914099005287,0.22500000000000003,0.0016840990484719705,0.0011385726110453413,498,1.0,False,0.0,0.18505200366399344
1249851,DES,986,3,0.21507,20.6295,0.477123,1.0,55.218,-29.4,,False,False,True,0.0003741415669806673,-0.0013588060431074483,-0.0008197492060065337,-0.0005390568371009147,0.000771303228819967,0.0029854356307009743,0.22500000000000003,0.0017329476100881155,0.0011808365464309662,498,1.0,False,0.0,-0.1162698405061321
100206,PS1MD,989,3,0.2165,20.5723,0.138936,1.0,52.5182,-28.2567,,False,False,True,0.00025012518035585327,-0.0015015498943733044,-0.0009395674061064066,-0.0005619824882668978,0.0005216842215823551,0.00329635543469437,0.22500000000000003,0.0017516750747291576,0.001197039610131085,498,1.0,False,0.91921726041144,-0.18951465118985034
1290816,DES,994,3,0.21845,20.9686,0.202626,1.0,54.1725,-27.84,,False,False,True,0.0006018821960359292,-0.0011753303304764678,-0.0010636961753492007,-0.00011163415512726726,0.003741380615070622,0.0025745208933306445,0.22500000000000003,0.001777212526512397,0.0012191346969948837,498,1.0,False,0.972457627118644,0.18506382773921992
1304678,DES,995,3,0.21881,20.8886,0.24612,1.0,54.8701,-27.6439,,False,False,True,0.0005876912201061677,-0.001194235912889289,-0.0006127284024705977,-0.0005815075104186912,0.0024797035215995563,0.0026238936391106233,0.22500000000000003,0.0017819271329954567,0.0012232137899543542,498,1.0,False,0.0,0.10107338517655429
1302187,DES,999,3,0.21941,20.7518,0.20721,1.0,52.1619,-27.1421,,False,False,True,0.0006427576881834806,-0.0011470271222837418,-0.0005705634140517087,-0.0005764637082320333,0.00024303167684532309,0.0025274634018750204,0.22500000000000003,0.0017897848104672224,0.001230012278220138,498,1.0,False,0.966900702106319,-0.042363835702233454
1304442,DES,1013,3,0.22449,20.8763,0.195353,1.0,52.1631,-28.1083,,False,False,True,0.0007096103704968337,-0.0011467027758980072,-0.0005414086497856636,-0.0006052941261123439,0.0017321979503338138,0.002525454351168334,0.22500000000000003,0.001856313146394841,0.0012875728122037774,498,1.0,False,0.9775853285787061,0.026606249770526284
000006,PS1MD,1027,3,0.23041,21.0532,0.258704,1.0,53.3665,-28.3715,,False,False,True,0.0002646651068340136,-0.001692865349488518,-0.0011935140251354637,-0.0004993513243530543,0.0013034145226341438,0.0037148172059195796,0.22500000000000003,0.0019575304563225317,0.0013578468821796644,498,1.0,False,0.9954841946813848,0.14024600277126986
110536,PS1MD,1040,3,0.23472,20.9382,0.326877,1.0,54.3325,-26.9017,,False,False,True,0.0005602142841616295,-0.0014726322542996328,-0.0008428170675577192,-0.0006298151867419132,0.000692794676321375,0.003240623152910622,0.22500000000000003,0.002032846538461262,0.0014092285790067204,498,1.0,False,0.0,-0.01986905426340335
470008,PS1MD,1053,3,0.2395,20.6529,0.206653,1.0,53.0828,-29.0138,,False,False,True,0.0015933635614582106,-0.0005230121817880007,-7.501977003104366e-05,-0.0004479924117569573,0.0011157111472966602,0.0011788657792331297,0.22500000000000003,0.0021163757432462113,0.0014662133843044763,498,1.0,False,0.9628406275805119,-0.3543145810797136
460064,PS1MD,1058,3,0.24151,20.8684,0.182146,1.0,53.7742,-26.7649,,False,False,True,0.00033327651716167717,-0.0018182234314438957,-0.001113702459151333,-0.0007045209722925626,0.0013811507408601304,0.003993758089675116,0.22500000000000003,0.002151499948605573,0.0014901756141472563,498,1.0,False,0.0,-0.1592094177246154
1330426,DES,1113,3,0.25952,21.189,0.167819,1.0,53.9704,-28.6924,,False,False,True,0.0007337066859226791,-0.0017325131325943875,-0.0012432414761613631,-0.0004892716564330245,0.0015452589168983377,0.003817606769677186,0.275,0.0024662198185170666,0.0017048819621415206,498,1.0,False,0.6348,-0.03610137921355702
110478,PS1MD,1130,3,0.2646,21.2623,0.196115,1.0,53.5803,-27.5689,,False,False,True,0.001071829904443633,-0.0014831615375687363,-0.000635493472326684,-0.0008476680652420519,0.0012961529566732804,0.0032788233702688535,0.275,0.0025549914420123694,0.001765443219654617,498,1.0,False,0.9795117698343505,-0.010408967977246854
1309288,DES,1136,3,0.26791,21.2573,0.200253,1.0,54.6449,-29.1944,,False,False,True,0.0005935445823437696,-0.0020192882127728212,-0.0010833745025381116,-0.0009359137102347096,0.0022400658133810997,0.004442382011170257,0.275,0.002612832795116591,0.001804903409097205,498,1.0,False,0.0,-0.045975674019212404
100213,PS1MD,1149,3,0.27509,21.5239,0.237894,1.0,53.0671,-27.1943,,False,False,True,0.0012487645522526061,-0.0014894489623098514,-0.00057626001233982,-0.0009131889499700309,0.002440990550070286,0.0032930406507479517,0.275,0.0027382135145624575,0.0018905717513144893,498,1.0,False,0.9758981355161437,0.1555033739522446
1297465,DES,1155,3,0.27782,21.6657,0.175971,1.0,51.7953,-27.8221,,False,False,True,8.644549794478816e-05,-0.002696809697884144,-0.0017042329637320575,-0.0009925767341520861,0.0006992729671224538,0.00592424713901343,0.275,0.002783255195828932,0.0019252990154438637,498,1.0,False,0.7862823061630219,0.2729550206189852
350180,PS1MD,1181,3,0.28949,21.7235,0.254687,1.0,53.4627,-28.1376,,False,False,True,0.00932472602689564,0.0063489300177407915,0.007338791081441922,-0.0009898610637011302,0.006407275605733141,-0.013876147807375621,0.275,0.002975796009154849,0.00207374852913976,498,0.9,False,0.9920582395764395,0.229107913281167
120444,PS1MD,1205,3,0.29945,21.7683,0.194112,1.0,51.682,-27.9362,,False,False,True,0.00028279482964374905,-0.00285732907160417,-0.0017580845313702699,-0.0010992445402339,0.0012933773847770514,0.006285567914410676,0.275,0.003140123901247919,0.0022004458004689052,498,1.0,False,0.4651898734177215,0.19011143929880517
460037,PS1MD,1212,3,0.30251,21.6364,0.223122,1.0,54.727,-27.5411,,False,False,True,0.0011832127599255325,-0.0020073974214232693,-0.0008707107721183565,-0.001136686649304913,0.00363456063701233,0.004431503809396395,0.32500000000000007,0.003190610181348802,0.0022393708657567754,498,1.0,False,0.10959507042253522,0.01784136251488007
1335717,DES,1218,3,0.30476,21.7881,0.241296,1.0,52.8599,-28.3531,,False,False,True,0.004394539097299573,0.0011668066511707105,0.00198043518650996,-0.0008136285353392489,0.006893055895007621,-0.002515138063734006,0.32500000000000007,0.0032277324461288627,0.0022679922372919738,498,1.0,False,0.9948207171314741,0.15114238457371426
440005,PS1MD,1222,3,0.30548,21.7511,0.224608,1.0,52.9893,-28.8836,,False,False,True,0.005749726961327819,0.002510115390469336,0.003365046724325254,-0.0008549313338559177,0.00530860572621666,-0.005422735836165839,0.32500000000000007,0.0032396115708584828,0.0022771510761832375,498,1.0,False,0.9816160752458315,0.1082812622358675
1319821,DES,1229,3,0.30878,21.7424,0.150006,1.0,53.3579,-29.4719,,False,False,True,0.005734827566725845,0.0024407700075232725,0.0003381227649585051,0.002102647242564767,0.004418946787105486,-0.0052672990089231465,0.32500000000000007,0.0032940575592025722,0.0023191290877681956,498,1.0,False,0.0,0.07288034769325775
1337687,DES,1275,3,0.32868,21.8186,0.148043,1.0,55.0471,-26.9756,,False,False,True,0.002199603982179923,-0.0014320561987977392,-0.00012435341242871554,-0.0013077027863690235,0.003688206784992864,0.0031930022585581605,0.32500000000000007,0.003631660180977662,0.0025843872667080416,498,1.0,False,0.0,-0.006545067731166518
1316465,DES,1278,3,0.32907,21.8036,0.16293,1.0,52.7975,-27.9593,,False,False,True,0.0015223484653653343,-0.0021167293820449264,-0.0007873991524497634,-0.0013293302295951633,0.0027008917225380537,0.004688783699580753,0.32500000000000007,0.003639077847410261,0.0025906325541431075,498,1.0,False,0.9128014842300557,-0.024506927673747333
1306141,DES,1293,3,0.33237,21.724,0.156927,1.0,54.8978,-28.9108,,False,False,True,0.030735188132076176,0.027033345414851605,0.027972490601801854,-0.000939145186950246,0.005737292274312602,-0.059685632282092206,0.32500000000000007,0.0037018427172245717,0.0026434772939782918,498,1.0,False,0.0,-0.1290394647991056
1309492,DES,1295,3,0.3335,21.7495,0.139304,1.0,53.3008,-28.0249,,False,False,True,0.006037879245585425,0.002314544315363832,0.0029946810813583644,-0.0006801367659945328,0.007701330928772592,-0.005031305754306516,0.32500000000000007,0.003723334930221593,0.00266157261398246,498,0.825,True,0.9404888416578109,-0.11202428457261875
1346956,DES,1296,3,0.3335,21.7836,0.174041,1.0,54.3435,-28.8264,,False,False,True,0.0005332209463383521,-0.003190113983883241,-0.002221703684592137,-0.0009684102992911035,0.001069494533447259,0.007033219678722765,0.32500000000000007,0.003723334930221593,0.00266157261398246,498,1.0,False,0.12095323741007194,-0.07792428457262006
1346966,DES,1299,3,0.3351,21.7712,0.175867,1.0,55.3407,-29.1493,,False,False,True,0.006348897300103451,0.0025951309178506776,-0.00218555745001318,0.0047806883678638565,0.007197247321281597,-0.005631145158293372,0.32500000000000007,0.0037537663822527732,0.0026871943060237614,498,1.0,False,0.0,-0.10229274608468857
470015,PS1MD,1301,3,0.33749,21.9148,0.277342,1.0,54.1486,-28.6251,,False,False,True,0.00239025181000473,-0.0014089715537196203,-0.0010980970255622562,-0.00031087452815736424,0.0009715035784499965,0.0031555578299703683,0.32500000000000007,0.00379922336372435,0.0027254667085104553,498,1.0,False,0.8061104582843713,0.023527610918148548
1300912,DES,1304,3,0.33778,21.9007,0.232298,1.0,52.0379,-27.5329,,False,False,True,0.00037537134203215417,-0.0034293677223728477,-0.002077464740101687,-0.00135190298227116,0.0003077050473756531,0.007557384439092949,0.32500000000000007,0.003804739064405002,0.0027301106401929408,498,1.0,False,0.9765411893071467,0.007278190731928327
580276,PS1MD,1306,3,0.33848,21.8601,0.198585,1.0,53.5214,-28.8077,,False,False,True,0.002818619907097686,-0.000999432917570956,6.708496565242979e-05,-0.0010665178832233863,0.005908870069853393,0.002227557635892094,0.32500000000000007,0.003818052824668642,0.0027413201304610094,498,1.0,False,0.25992961287078936,-0.038503028131471814
1343337,DES,1307,3,0.33897,21.8025,0.355487,1.0,54.5592,-28.7099,,False,False,True,0.001249616032973454,-0.0025777564238797374,-0.0015463690893762765,-0.0010313873345034613,0.007266984951510747,0.005651405742902344,0.32500000000000007,0.0038273724568531915,0.002749166773648658,498,1.0,False,0.37557125051931867,-0.09972397699792794
1346387,DES,1312,3,0.34446,22.0551,0.150058,1.0,52.695,-28.6493,,False,False,True,0.011235209569127009,0.007303419192491829,0.007170180340375797,0.00013323885211603066,0.0037959996638418218,-0.016072328460852988,0.32500000000000007,0.00393179037663518,0.0028370812044653726,498,1.0,False,0.9986541049798116,0.11263491972682345
350606,PS1MD,1313,3,0.34448,22.0384,0.297982,1.0,54.2033,-26.7605,,False,False,True,0.0022316794291610672,-0.0017004913406245027,-0.002160433614074893,0.00045994227345039023,0.006553797057858,0.003739206351734454,0.32500000000000007,0.00393217076978557,0.002837401475615889,498,1.0,False,0.0,0.09578941163962269
470110,PS1MD,1315,3,0.34545,21.9503,0.228622,1.0,52.0706,-28.6233,,False,False,True,0.006071473861034329,0.0021208540234548563,9.124895811090175e-05,0.0020296050653439545,0.012909025154163426,-0.004708589716225644,0.32500000000000007,0.003950619837579473,0.0028529346264159266,498,1.0,False,0.9312883435582822,0.0006416518516134256
440185,PS1MD,1326,3,0.34949,21.8996,0.204053,1.0,54.3495,-28.44,,False,False,True,0.0022601863515332443,-0.0017672729024249597,-0.0006581476560998639,-0.0011091252463250965,0.0022827941080329887,0.003942231090771761,0.32500000000000007,0.004027459253958204,0.0029176293988202127,498,1.0,False,0.9943227899432279,-0.07921596811620461
1248677,DES,1328,3,0.35015,21.9337,0.144515,1.0,53.6462,-28.127,,False,False,True,0.00025558021088311456,-0.003784432017037952,-0.0024588823948076205,-0.001325549622230332,0.0010244218059684545,0.008338001304730948,0.3750000000000001,0.0040400122279210665,0.00292819834678725,498,0.925,False,0.9918032786885246,-0.06381293752702871
1307830,DES,1341,3,0.35946,22.1683,0.152092,1.0,53.2945,-27.9578,,False,False,True,0.000772862779003621,-0.0034442224604238772,-0.0025501938438006943,-0.0008940286166231836,0.005498773709969086,0.007577342585394459,0.3750000000000001,0.004217085239427498,0.00307728456735257,498,0.85,True,0.9571713147410359,0.10488084671594339
1346137,DES,1347,3,0.36325,22.111,0.2134,1.0,53.2592,-26.8541,,False,False,True,0.0003712169727141454,-0.0039179527687122125,-0.0025388305322232335,-0.0013791222364889792,0.0027928044458807475,0.008633154998272528,0.3750000000000001,0.004289169741426358,0.003137975950375402,498,1.0,False,0.0904997748761819,0.02120363790259478
1299643,DES,1370,3,0.37676,22.1625,0.152336,1.0,55.1026,-26.7221,,False,False,True,0.00972103916361236,0.005175966178855962,0.006739201970918898,-0.0015632357920629346,0.00772846142431392,-0.01127620389675572,0.3750000000000001,0.004545072984756399,0.0033414126029510643,498,1.0,False,0.0,-0.019288566386922494
1299785,DES,1377,3,0.38129,22.2019,0.202337,1.0,53.9115,-28.3193,,False,False,True,0.03002158064468738,0.0253930571646659,0.026694330971087938,-0.0013012738064220395,0.006202144588597763,-0.056033793475845015,0.3750000000000001,0.00462852348002148,0.0033807344228161344,498,1.0,False,0.970325011775789,-0.010049450024190602
580275,PS1MD,1380,3,0.38248,22.1196,0.263796,1.0,54.1391,-28.6139,,False,False,True,0.011157985356561866,0.006507540002508279,0.0024785886142592124,0.004028951388249068,0.008515726199608727,-0.014243242323160276,0.3750000000000001,0.004650445354053586,0.0033910639958049716,498,1.0,False,0.8397790055248618,-0.1002173033627079
1290779,DES,1388,3,0.38949,22.291,0.190269,1.0,54.7233,-27.9051,,False,False,True,0.0038673819095634593,-0.0009121998621078359,0.0005973028568146029,-0.0015095027189224396,0.003741659400793496,0.002106151109270255,0.3750000000000001,0.004779581771671295,0.0034519129929913165,498,0.975,False,0.19272908366533864,0.025291551801508834
1291794,DES,1390,3,0.3951,22.2147,0.20185,1.0,55.1693,-28.7119,,False,False,True,0.02315738389530921,0.01827445614605798,0.004396193636929608,0.01387826250912837,0.01676905031678338,-0.04043833821791998,0.3750000000000001,0.004882927749251231,0.0035006095513672644,498,1.0,False,0.0,-0.08718480320924354
1333438,DES,1392,3,0.39944,22.4589,0.286551,1.0,52.3525,-28.9967,,False,False,True,0.0017274806208670535,-0.0032353974925012755,-0.0014291795088805974,-0.001806217983620678,0.003087719437738142,0.007171761297720345,0.3750000000000001,0.004962878113368329,0.0035382821116794953,498,1.0,False,0.9648014440433214,0.129354670734177
1308314,DES,1400,3,0.40646,22.4384,0.166642,1.0,53.4156,-28.9407,,False,False,True,0.0012769272127255552,-0.0038152715356893226,-0.002186424543744626,-0.0016288469919446967,0.0020411490087849627,0.008452162803446829,0.42500000000000016,0.005092198748414878,0.0035992179120001994,498,1.0,False,0.39345794392523364,0.10191991814053498
1289600,DES,1414,3,0.4196,22.6132,0.222992,1.0,52.0477,-27.8629,,False,False,True,0.007766427660266613,0.0024321672103543475,0.0037884452307172132,-0.001356278020362865,0.0032270013302437665,-0.005171990968537207,0.42500000000000016,0.005334260449912266,0.003713277230549211,498,1.0,False,0.9856938483547926,0.19594560780473477
1340454,DES,1416,3,0.41995,22.1864,0.293175,1.0,54.7539,-27.8432,,False,False,True,0.011581256938695748,0.006240548878774038,0.007784001416387318,-0.0015434525376132801,0.01851836681507645,-0.013882125311706267,0.42500000000000016,0.0053407080599217095,0.00371631534025181,498,1.0,False,0.09913793103448276,-0.2329735421627637
1306626,DES,1418,3,0.42088,22.3648,0.174351,1.0,54.8773,-27.239,,False,False,True,0.0030434843702916155,-0.002314355910512329,-0.0003575566376343227,-0.0019567992728780057,0.006307918877672928,0.0051601124482339505,0.42500000000000016,0.005357840280803944,0.0037243880317472883,498,1.0,False,0.0,-0.060196441890162856
1295256,DES,1448,3,0.44245,22.5993,0.17077,1.0,53.7194,-27.8328,,False,False,True,0.0018097498163553154,-0.003938217254301958,-0.0019131624766511408,-0.002025054777650817,0.0012357295513255055,0.008757645206315879,0.42500000000000016,0.005747967070657273,0.003987606405391403,498,0.85,True,0.9754232659748772,0.047036098581895135
1253039,DES,1462,3,0.45346,22.6333,0.141558,1.0,54.4186,-27.5274,,False,False,True,0.017197374939348666,0.01125114634473897,0.013458469059456003,-0.0022073227147170332,0.012098737622321776,-0.024691533536395076,0.4750000000000001,0.005946228594609696,0.004131118431751787,498,1.0,False,0.8052120141342756,0.0024457686485732755
1306360,DES,1464,3,0.45477,22.631,0.282863,1.0,53.6767,-26.487,,False,False,True,0.002717121043662234,-0.0032526972508909397,-0.0014320529692610643,-0.0018206442816298756,0.0058422073005753705,0.007247523737181478,0.4750000000000001,0.0059698182945531735,0.00414819388629603,498,1.0,False,0.0,-0.007224857153514053
310146,PS1MD,1479,3,0.47941,22.6165,0.202088,1.0,52.4866,-28.7419,,False,False,True,0.008417393806977987,0.002004172473194307,0.0035289044500215975,-0.0015247319768272906,0.008287796172496469,-0.004255420269693555,0.4750000000000001,0.00641322133378368,0.004442199335575724,498,1.0,False,0.9845950704225352,-0.1567835366944983
1306537,DES,1480,3,0.47946,22.7577,0.197147,1.0,55.041,-27.5592,,False,False,True,0.01445881703400506,0.00804469872464942,-0.0031664801504689795,0.011211178875118398,0.018397834038418284,-0.017840540850386753,0.4750000000000001,0.00641411830935564,0.004442543026122248,498,1.0,False,0.0,-0.015850933533560808
1292145,DES,1486,3,0.49244,23.0253,0.334315,1.0,53.6305,-29.6489,,False,False,True,0.0071378738289409015,0.0004909006611043733,0.0002816463128469523,0.00020925434825742103,0.02155033592197974,-0.0014145438270086116,0.4750000000000001,0.006646973167836528,0.004531765091999664,498,1.0,False,0.0,0.18320171135201524
1343208,DES,1487,3,0.49499,22.8291,0.162788,1.0,52.8465,-28.5442,,False,False,True,0.014455545627310554,0.0077628267053040535,0.004321194008907223,0.0034416326963968287,0.008536012899242334,-0.01692321240953621,0.4750000000000001,0.006692718922006501,0.004549293309872346,498,1.0,False,0.9782790309106099,-0.02626544544219266
1343759,DES,1498,3,0.50615,22.8513,0.149287,1.0,51.979,-28.5644,,False,False,True,0.00942836507810103,0.002535441208432994,0.0007920165548291449,0.0017434246536038494,0.013571118821130275,-0.005497784623739302,0.5250000000000001,0.006892923869668036,0.004626005039856319,498,1.0,False,0.9310344827586207,-0.04100426246804109
450175,PS1MD,1511,3,0.51941,22.9908,0.313952,1.0,53.2864,-28.0844,,False,False,True,0.0021040817582613875,-0.005026720033090513,-0.004143527645732777,-0.0008831923873577363,0.00385379292653202,0.011195741817985796,0.5250000000000001,0.007130801791351901,0.004717151772794265,498,0.775,True,0.9550561797752809,0.03191485545329267
1322979,DES,1517,3,0.52937,23.0383,0.138414,1.0,52.0693,-28.0637,,False,False,True,0.015797368720260302,0.00848116024542514,0.01106109111819807,-0.002579930872772928,0.01953166814280163,-0.018808647852884743,0.5250000000000001,0.007316208474835161,0.004788253343664231,498,1.0,False,0.9532163742690059,0.030447153607701366
1337703,DES,1521,3,0.53225,22.7291,0.220331,1.0,54.8836,-26.7243,,False,False,True,0.07086318169893992,0.06349087265983251,-0.001624240055355941,0.06511511271518844,0.011191263013225391,-0.14343844159488517,0.5250000000000001,0.0073723090391074105,0.004809788736610176,498,1.0,False,0.0,-0.292750544869369
1289656,DES,1527,3,0.53942,23.0808,0.24298,1.0,54.3017,-27.3554,,False,False,True,0.01167412703343809,0.004162150964527889,0.007013600028948568,-0.0028514490644206787,0.0054963573952809645,-0.008927931188761753,0.5250000000000001,0.007511976068910201,0.004863402891965188,498,1.0,False,0.691117984975696,0.02440860053245511
1324542,DES,1529,3,0.54152,23.277,0.240962,1.0,53.8952,-29.048,,False,False,True,0.003455247696327347,-0.004097635034031369,-0.0026999826328064336,-0.0013976524012249362,0.004650722570672256,0.00918851929358087,0.5250000000000001,0.0075528827303587166,0.00487910578265494,498,1.0,False,0.0,0.21057395153905925
1339450,DES,1535,3,0.55046,23.1574,0.375291,1.0,53.621,-29.169,,False,False,True,0.005331754710271601,-0.002395273521682226,-0.002682429451383018,0.0002871559297007919,0.014955568476712791,0.005318010286181021,0.5750000000000002,0.007727028231953827,0.004945955231591313,498,1.0,False,0.0,0.03359405882785155
1335868,DES,1585,3,0.61941,23.4418,0.273973,1.0,55.0891,-26.5127,,False,False,True,0.0014843798716892601,-0.007566111062286681,-0.004659164370701772,-0.0029069466915849105,0.008653923920011132,0.016790846279444625,0.6250000000000002,0.009050490933975941,0.006028104715487266,498,1.0,False,0.0,0.029566465508308243
1334879,DES,1599,3,0.63934,23.537,0.16971,1.0,52.4089,-28.2164,,False,False,True,0.034082708565142165,0.02460862335365465,0.02813233642380052,-0.00352371307014587,0.03254433910323311,-0.05553012216528132,0.6250000000000002,0.009474085211487515,0.006301456900027666,498,1.0,False,0.9413031771674745,0.04232116646388376
1334707,DES,1607,3,0.64962,23.5275,0.147114,1.0,51.7764,-28.6278,,False,False,True,0.0040934317171803045,-0.00560802981441216,-0.002950270933680166,-0.0026577588807319926,0.008055899617524833,0.012568969221191273,0.6250000000000002,0.009701461531592464,0.006416326808363749,498,1.0,False,0.7827140549273021,-0.008751875221426259
1262715,DES,1616,3,0.68935,23.6005,0.154427,1.0,53.37,-28.4427,,False,False,True,0.012763517553222675,0.002159736196580629,-0.0012681768406278956,0.0034279130372085256,0.0285244121273668,-0.005237369365770662,0.6750000000000002,0.010603781356642045,0.006940928634163793,498,1.0,False,0.9968960165545784,-0.12482526464303116
1262214,DES,1617,3,0.68936,23.7914,0.270648,1.0,53.5027,-28.6602,,False,False,True,0.005133247551901127,-0.00547077140535896,-0.0025304071022452983,-0.0029403643031136618,0.012030093716001796,0.01215945805709952,0.6750000000000002,0.010604018957260087,0.006941096580346337,498,1.0,False,0.7439429928741093,0.06603681614504826
1335718,DES,1624,3,0.69932,23.8577,0.153542,1.0,52.3094,-28.3854,,False,False,True,0.019919997360264733,0.009079328187433858,0.012682600517480273,-0.003603272330046414,0.0033047620625150666,-0.01958015365898396,0.6750000000000002,0.010840669172830875,0.007108370978160304,498,1.0,False,0.924009324009324,0.09482871453885029
1329166,DES,1640,3,0.73161,23.9269,0.194559,1.0,52.3035,-28.9116,,False,False,True,0.00573476699732941,-0.0058744928935596215,-0.0016875641755084835,-0.004186928718051139,0.014250289058304116,0.013148815687540087,0.7250000000000002,0.011609259890889031,0.007617185939249904,498,1.0,False,0.9665071770334929,0.061225464252933154
1285160,DES,1652,3,0.7493,23.9242,0.160977,1.0,52.3989,-28.6476,,False,False,True,0.004171658450360121,-0.007861605666556555,-0.0037289997362571605,-0.004132605930299396,0.008668747493938348,0.01766425975243165,0.7250000000000002,0.012033264116916676,0.007824673218637845,498,1.0,False,0.9479073909171861,-0.004100830503565831
1329196,DES,1663,3,0.76932,23.9638,0.160486,1.0,53.0758,-28.9065,,False,False,True,0.007425357658363845,-0.005087757482016567,-0.002238269626197686,-0.002849487855818881,0.0033613530661793837,0.011711635669989454,0.7750000000000002,0.012513115140380412,0.008059489235220468,498,1.0,False,0.9775993237531699,0.009315045004229514
1325358,DES,1665,3,0.77929,23.7865,0.309918,1.0,52.2841,-28.9516,,False,False,True,0.01638646794383257,0.003638038031873665,0.008415155289699938,-0.004777117257826276,0.01314455494670426,-0.0076272892785094505,0.7750000000000002,0.012748429911958905,0.008159520693442243,498,1.0,False,0.9657777777777777,-0.2017888613404849
1309749,DES,1668,3,0.78928,23.9465,0.163342,1.0,52.5384,-27.3174,,False,False,True,0.033927911396642786,0.020948539644960233,0.025610923359633126,-0.0046623837146728886,0.015607591479523496,-0.04626539967940269,0.7750000000000002,0.012979371751682553,0.008237322372484788,498,1.0,False,0.9967259120673526,-0.07524338234058016
Ombo,HST,1675,3,0.97423,24.8581,0.199702,1.0,53.1056,-27.7508,,False,False,True,0.011172532199168876,-0.005955479442658429,-0.0007092111647647153,-0.005246268277893711,0.007512393262888869,0.013982245847974254,0.9750000000000003,0.017128011641827305,0.010442090581262078,498,1.0,False,0.9978127734033246,0.0
Aphrodite,HST,1684,3,1.29911,25.6111,0.273963,1.0,53.1563,-27.7796,,False,False,True,0.03805724450106036,0.01446794680597105,-0.002448986315904053,0.016916933121875106,0.04151973099344705,-0.03299568592026528,1.2750000000000004,0.023589297695089308,0.015141203819343824,498,1.0,False,0.9986270022883296,0.0
Thoth,HST,1685,3,1.3041,25.4676,0.315363,1.0,53.1033,-27.7716,,False,False,True,0.020845047539817037,-0.0028299209893678998,0.00027451515720736813,-0.0031044361465752696,0.03747841654855736,0.006358116172557986,1.3250000000000006,0.023674968529184937,0.015199483301850834,498,1.0,False,0.998223011994669,-0.08891616903603958
Inanna,HST,1686,3,1.30611,25.7667,0.444343,1.0,53.1847,-27.9184,,False,False,True,0.01599105314444657,-0.007718424077430196,0.00035076110732456915,-0.008069185184754767,0.02902126546116356,0.017746038229419225,1.3250000000000006,0.023709477221876767,0.015222958604423797,498,0.9,False,0.9691548426896978,0.20611428162075288
washington,CANDELS,1688,3,1.3291,25.6215,0.23681,1.0,53.0869,-27.8282,,False,False,True,0.015324041766463509,-0.008775761578385903,-0.005276247728309622,-0.003499513850076283,0.015662831690621746,0.02079313801497675,1.3250000000000006,0.024099803344849412,0.015504079804538608,498,1.0,False,0.9784644194756554,0.01481123301019241
Mcguire,HST,1691,3,1.35608,25.5564,0.236747,1.0,53.0418,-27.8305,,False,False,True,0.03799173547011371,0.01345753381995321,-0.010068771954733439,0.02352630577468665,0.041945133206772914,-0.030492216545537493,1.3750000000000004,0.0245342016501605,0.015902199796773785,498,1.0,False,0.9752293577981651,0.0
Primo,CANDELS,1695,3,1.54901,26.04,0.232206,1.0,53.1584,-27.7775,,False,False,True,0.03407432259527295,0.006797265060835687,-0.004036816181795248,0.01083408124263093,0.039996745849736344,-0.01507911134326146,1.5250000000000004,0.027277057534437266,0.018557751685815523,498,1.0,False,0.9986282578875172,0.054353616004910066
000190,PS1MD,742,1,0.10221,19.1555,0.185457,1.0,148.988,2.2635,,False,False,True,3.0034010946815107e-05,-0.0005247143458575001,-0.0003746592302038642,-0.00015005511565363599,0.00013953088214071135,0.0011441722959760104,0.125,0.0005547483568043152,0.0003810485403470649,500,1.0,False,0.0,0.12679503572636736
120225,PS1MD,751,1,0.10713,19.5271,0.467763,1.0,150.818,3.4749,,False,False,True,0.008571933335158672,0.008017184978354356,0.008167240094007993,-0.00015005511565363599,0.0041017903840484355,-0.017503125484317174,0.125,0.0005547483568043152,0.0003810485403470649,500,1.0,False,0.0,0.3896261639168516
500038,PS1MD,753,1,0.10794,19.1487,0.185149,1.0,150.193,2.5513,,False,False,True,0.009315879860266024,0.008761131503461708,0.008909310187008112,-0.0001481786835464024,0.005575843850165513,-0.01914897319884212,0.125,0.0005547483568043152,0.0003810485403470649,500,1.0,False,0.9094488188976378,-0.006225530795937394
120336,PS1MD,848,1,0.16122,20.0576,0.244838,1.0,149.082,1.4095,,False,False,True,0.004451791149716636,0.0034178122495432802,0.003396630735586238,2.118151395704191e-05,0.004336880797504367,-0.007451341835426796,0.17500000000000004,0.0010339789001733556,0.0007430775607790165,500,1.0,False,0.0,0.007346212649254676
350233,PS1MD,857,1,0.16924,20.2625,0.180867,1.0,149.466,3.4824,,False,False,True,0.0001152804160045535,-0.0010248119286144042,-0.0006050913474560044,-0.0004197205811583997,0.0006316411042079051,0.002239900547702404,0.17500000000000004,0.0011400923446189576,0.0008232397016918892,500,1.0,False,0.0,0.09685661613921143
370563,PS1MD,912,1,0.18527,20.5352,0.136717,1.0,150.952,2.646,,False,False,True,0.001975621385474711,0.0006347855526193057,-0.0007390211422547749,0.0013738066948740806,0.0011834109036315662,-0.001380907808876822,0.17500000000000004,0.0013408358328554054,0.0009714641115485922,500,1.0,False,0.02133544053733702,0.15346026466674617
000220,PS1MD,1001,1,0.21972,20.8086,0.121352,1.0,150.537,2.7186,,False,False,True,0.0005075167303878228,-0.001251054153995655,-0.0007434815613999758,-0.0005075725925956793,0.0002809992792032589,0.0027450514543997965,0.22500000000000003,0.0017585708843834778,0.0012755485939802379,500,1.0,False,0.8942868247182277,0.011013528581901192
370098,PS1MD,1007,1,0.22132,20.7911,0.140687,1.0,150.006,2.4311,,False,False,True,0.00012698447972245126,-0.0016509877423227075,-0.0010378978576257802,-0.0006130898846969273,0.00045677164715408056,0.003614071369491314,0.22500000000000003,0.0017779722220451588,0.0012896715307550023,500,1.0,False,0.9534224382341029,-0.024080770007420035
480464,PS1MD,1008,1,0.22132,20.8058,0.202968,1.0,149.8,3.2216,,False,False,True,0.0009978376210391681,-0.0007801346010059907,-0.0006611682716179737,-0.00011896632938801705,0.002693808321439285,0.001714725167229595,0.22500000000000003,0.0017779722220451588,0.0012896715307550023,500,1.0,False,0.0,-0.009380770007418767
030066,PS1MD,1016,1,0.22542,20.8961,0.171928,1.0,150.183,3.404,,False,False,True,0.002609593026122869,0.0007791835882174907,0.001100966834910037,-0.00032178324669254646,0.008241237042119676,-0.0017432560682504126,0.22500000000000003,0.0018304094379053783,0.001328270946272063,500,1.0,False,0.0,0.036366736142667055
000010,PS1MD,1071,1,0.24585,21.1788,0.165167,1.0,149.749,3.1575,,False,False,True,0.0038540770631823743,0.0016435655666113842,-0.0010474355222841187,0.002691001088895503,0.003986691791942889,-0.00358853616260193,0.22500000000000003,0.00221051149657099,0.0016258028103295734,500,1.0,False,0.0,0.10768498000153592
350192,PS1MD,1210,1,0.30142,21.6055,0.189791,1.0,148.716,1.9617,,False,False,True,0.0009102788541655031,-0.002259872207878801,-0.001116190797232373,-0.001143681410646428,0.002480291277573973,0.004970290413470059,0.32500000000000007,0.003170151062044304,0.0023068104665251634,500,1.0,False,0.0,-0.004099763948938892
000420,PS1MD,1237,1,0.31144,21.7593,0.139148,1.0,149.82,1.6135,,False,False,True,0.0009555759994816686,-0.0023728398976606817,-0.0016885841486539248,-0.0006842557490067565,0.004551278785953299,0.005207042392946151,0.32500000000000007,0.0033284158971423504,0.0024040834509548724,500,1.0,False,0.5850492390331244,0.06844938578940059
120085,PS1MD,1261,1,0.32206,21.4741,0.197428,1.0,150.471,2.0426,,False,False,True,0.0017318783524368157,-0.0017642793160369972,-0.00042746709896966965,-0.001336812217067327,0.0037128763506950493,0.0038949768277893194,0.32500000000000007,0.003496157668473813,0.002507181164991151,500,1.0,False,0.9814066289409863,-0.30026642301441614
05D2ab,SNLS,1265,1,0.32446,21.8169,0.123552,1.0,150.462,2.1063,,False,False,True,0.0018143384303793044,-0.001719726983028173,-0.00041448205997580284,-0.0013052449230523695,0.003342234612227211,0.003802165057369581,0.32500000000000007,0.0035340654134074774,0.002530480083417429,500,1.0,False,0.9833200953137411,0.024013635151832483
120369,PS1MD,1283,1,0.33047,21.9776,0.128807,1.0,150.995,2.2624,,False,False,True,0.000417081266508625,-0.003216748778725802,-0.0019145810805248733,-0.0013021676982009278,0.0012941746217958084,0.007070633518101621,0.32500000000000007,0.0036338300452344267,0.0025953472422544513,500,1.0,False,0.0,0.1388874731776974
580235,PS1MD,1289,1,0.33147,21.7771,0.217018,1.0,150.235,2.5796,,False,False,True,0.009828759499904551,0.006178250224465943,0.007206186082935672,-0.0010279358584697285,0.010052532041587769,-0.013553807705675498,0.32500000000000007,0.0036505092754386083,0.002606247590004197,500,1.0,False,0.91112828438949,-0.06916250399171191
370344,PS1MD,1291,1,0.33147,21.8482,0.163826,1.0,150.174,1.8316,,False,False,True,0.00085633346045496,-0.002794175814983648,-0.0016529561609241604,-0.0011412196540594877,0.003804073165262039,0.006136871188210033,0.32500000000000007,0.0036505092754386083,0.002606247590004197,500,1.0,False,0.9851007887817704,0.0019374960082858134
380318,PS1MD,1305,1,0.33818,21.892,0.20951,1.0,150.413,3.2498,,False,False,True,0.0003194235061061857,-0.0034430034040024843,-0.0020183254835980063,-0.001424677920404478,0.001724315090082388,0.0075656640708114615,0.32500000000000007,0.00376242691010867,0.0026793889234049922,500,1.0,False,0.0,-0.004383722662871611
380279,PS1MD,1323,1,0.34939,21.9503,0.166428,1.0,149.827,2.9349,,False,False,True,0.0024157633717390168,-0.0015336377089585343,-0.0008681663537081358,-0.0006654713552503978,0.0026014046053817286,0.003417876799344301,0.32500000000000007,0.003949401080697551,0.0028015818216796436,500,1.0,False,0.12188473520249221,-0.027798024745489022
04D2mc,SNLS,1324,1,0.34949,21.752,0.224702,1.0,150.148,1.7842,,False,False,True,0.0019599107095963583,-0.001991158294121612,-0.00149607461408824,-0.0004950836800333709,0.0014285288411760083,0.004417258179119244,0.32500000000000007,0.00395106900371797,0.0028026718564546187,500,1.0,False,0.9802718106093818,-0.22681596811620525
05D2ie,SNLS,1325,1,0.34949,22.1226,0.169292,1.0,150.262,2.6581,,False,False,True,0.004471781860221102,0.0005207128565031319,0.0018165717902304435,-0.0012958589337273103,0.00788471889182087,-0.0011515864961776506,0.32500000000000007,0.00395106900371797,0.0028026718564546187,500,1.0,False,0.9185788304959289,0.14378403188379435
000196,PS1MD,1329,1,0.35059,21.9812,0.160871,1.0,150.115,2.694,,False,False,True,0.007667079945351574,0.0036976637884090042,-0.001726730471977156,0.00542439426038616,0.0048806319733338335,-0.00806319624330204,0.3750000000000001,0.00396941615694257,0.0028146622389793397,500,1.0,False,0.9070813038591232,-0.019464114148529714
05D2hc,SNLS,1331,1,0.35149,22.2268,0.207758,1.0,150.019,1.886,,False,False,True,0.01137817067935347,0.007393743215227136,0.008730630079709655,-0.0013368868644825188,0.0023309005217481216,-0.016173849650068343,0.3750000000000001,0.003984427464126333,0.0028244725519541106,500,1.0,False,0.974910394265233,0.21970170172512143
120400,PS1MD,1332,1,0.35149,22.0813,0.136315,1.0,149.628,2.8718,,False,False,True,0.0006281640084590293,-0.003356263455667304,-0.002259998094991169,-0.0010962653606761356,0.005334877460286397,0.007371560952618075,0.3750000000000001,0.003984427464126333,0.0028244725519541106,500,1.0,False,0.3115646258503401,0.07420170172511947
05D2mp,SNLS,1334,1,0.35519,22.2117,0.221402,1.0,149.786,2.204,,False,False,True,0.0011796098864379882,-0.0028665307294438195,-0.0014771324370163358,-0.0013893982924274837,0.000608212285665825,0.006327658873891609,0.3750000000000001,0.0040461406158818075,0.0028648038386281703,500,1.0,False,0.9911231184870706,0.17830954558469275
04D2fs,SNLS,1338,1,0.3585,21.8954,0.287731,1.0,150.092,1.7654,,False,False,True,0.0008145221988230205,-0.0032868266690346294,-0.0023298146901252212,-0.0009570119789094075,0.004855682002020282,0.007222630564227353,0.3750000000000001,0.00410134886785765,0.0029008839896798293,500,1.0,False,0.9795361527967258,-0.1612969115346699
04D2cf,SNLS,1359,1,0.37052,22.1229,0.160993,1.0,150.484,1.8795,,False,False,True,0.003424796874764371,-0.0008770363401475476,0.0006769647630285305,-0.0015540011031760774,0.00529687380679106,0.001978082849174745,0.3750000000000001,0.004301833214911919,0.0030319061696317752,500,1.0,False,0.9564676616915423,-0.016786320495693556
000199,PS1MD,1366,1,0.37153,22.1312,0.11347,1.0,151.231,2.5909,,False,False,True,0.003503799480166701,-0.0008148797572514422,0.0006701866412714861,-0.0014850663985229281,0.0068740774488083075,0.0018221816880529748,0.3750000000000001,0.004318679237418143,0.003042915520859019,500,1.0,False,0.0,-0.015345384880926898
590031,PS1MD,1372,1,0.37852,22.1741,0.180392,1.0,149.073,2.0023,,False,False,True,0.003291973981601269,-0.0011570666035264788,0.0003146112769081889,-0.0014716778804346683,0.004739152907002798,0.0025982865084587673,0.3750000000000001,0.004449040585127748,0.0031285685910056025,500,1.0,False,0.0,-0.01944650306322853
000011,PS1MD,1378,1,0.38153,22.4245,0.217312,1.0,149.976,2.4119,,False,False,True,0.0031184566736894726,-0.0013925663264644957,-0.0010675990535580879,-0.00032496727290640777,0.0062077682297766385,0.0030891281007201085,0.3750000000000001,0.004511023000153968,0.003169467704357718,500,1.0,False,0.9530386740331491,0.21096192158298538
120086,PS1MD,1389,1,0.39255,22.2212,0.235747,1.0,150.789,2.1434,,False,False,True,0.0029324771119932,-0.0018054715405159028,6.356523564536977e-05,-0.0018690367761612728,0.004136770834582411,0.004024280598894685,0.3750000000000001,0.004737948652509103,0.003319204657560481,500,1.0,False,0.5459533607681756,-0.06430059802813287
04D2fp,SNLS,1410,1,0.41657,22.4765,0.146745,1.0,149.867,2.321,,False,False,True,0.0016566789296577357,-0.0035758935131935004,-0.001613336572063529,-0.001962556941129971,0.005892886727404804,0.007888343286161947,0.42500000000000016,0.005232572442851236,0.0036455822996594245,500,1.0,False,0.9620398773006135,0.07766053302725968
05D2dw,SNLS,1411,1,0.41857,22.3644,0.200288,1.0,149.634,2.0322,,False,False,True,0.003877720323290108,-0.0013960364484822047,0.000747970010154665,-0.00214400645863687,0.0035297093848151904,0.0031629958977834466,0.42500000000000016,0.005273756771772313,0.003672757790258837,500,1.0,False,0.9845511482254697,-0.04660846947550804
05D2cb,SNLS,1432,1,0.42859,22.6295,0.402639,1.0,149.852,2.3282,,False,False,True,0.0030466019379473182,-0.002432014917273558,-0.0003474478889776097,-0.002084567028295948,0.008960318746256139,0.0053516262627466855,0.42500000000000016,0.005478616855220876,0.00381949629315149,500,1.0,False,0.9619916381603952,0.15832875872370186
06D2gb,SNLS,1450,1,0.44361,22.54,0.180208,1.0,150.198,1.9854,,False,False,True,0.0086321264154437,0.002850379744393062,6.073739836512165e-05,0.0027896423460279413,0.0067968674632985565,-0.006188345466855507,0.42500000000000016,0.005781746671050639,0.004067888185977517,500,1.0,False,0.997539975399754,-0.018942959152763263
04D2gb,SNLS,1457,1,0.45162,22.3362,0.223723,1.0,150.594,1.8942,,False,False,True,0.0064934768345646845,0.0005500743829017669,0.0015422238277000662,-0.000992149444798298,0.0017846677729819185,-0.0010485154094965164,0.4750000000000001,0.0059434024516629175,0.004200352837211638,500,1.0,False,0.9443950177935944,-0.28426792689222036
120094,PS1MD,1458,1,0.45162,22.7393,0.152341,1.0,150.526,2.0878,,False,False,True,0.003506556774020159,-0.0024368456776427587,-0.0009257428444081669,-0.0015111028332345908,0.004166429375697645,0.005457180370157803,0.4750000000000001,0.0059434024516629175,0.004200352837211638,500,1.0,False,0.9862847922549415,0.11883207310777812
000215,PS1MD,1470,1,0.46654,22.795,0.133213,1.0,150.81,3.1442,,False,False,True,0.0021447533838047095,-0.004099760709148492,-0.0017339668681022333,-0.002365793841046257,0.007942599527071324,0.009046364245668008,0.4750000000000001,0.006244514092953201,0.004447090989073445,500,1.0,False,0.0,0.09142819153508987
370367,PS1MD,1475,1,0.47163,22.7268,0.209178,1.0,149.222,1.9779,,False,False,True,0.002798190872179012,-0.0035490483048336765,-0.0010009480016216132,-0.002548100303212061,0.006667392625413537,0.007872291587514759,0.4750000000000001,0.0063472391770126885,0.004531266404152305,500,1.0,False,0.2593305117352828,-0.004555007961813063
05D2bv,SNLS,1477,1,0.47565,22.685,0.175042,1.0,150.571,2.2406,,False,False,True,0.01061955139197299,0.004190887440646209,0.006536813093264003,-0.002345925652617793,0.012588845611565785,-0.009172261629905708,0.4750000000000001,0.0064286639513267815,0.0045976182000818785,500,1.0,False,0.9319804584742578,-0.06810007227110114
05D2ac,SNLS,1483,1,0.48065,22.7218,0.136578,1.0,149.747,2.4895,,False,False,True,0.002376842395304639,-0.00415499303551174,-0.0015895105339487087,-0.0025654825015630307,0.003176799619645133,0.009238451484031098,0.4750000000000001,0.006531835430816379,0.004679316088045864,500,1.0,False,0.8963310580204779,-0.05810728090896044
120044,PS1MD,1484,1,0.48164,23.0525,0.209151,1.0,148.792,1.7302,,False,False,True,0.006189144427098977,-0.0003631189566563435,-0.0022411934339133313,0.0018780744772569895,0.007982673364500268,0.0009075257405352748,0.4750000000000001,0.00655226338375532,0.004695492269862733,500,1.0,False,0.0,0.26731589068812345
06D2bk,SNLS,1491,1,0.50067,23.004,0.252376,1.0,149.679,2.172,,False,False,True,0.002502135652232354,-0.004442798382460369,-0.0016154418491541845,-0.0028273565333061836,0.002363660613096765,0.009893666137524708,0.5250000000000001,0.006944934034692723,0.005006434431453659,500,1.0,False,0.9803120356612184,0.13969161325624138
05D2dy,SNLS,1504,1,0.51169,23.1355,0.225672,1.0,150.242,2.1831,,False,False,True,0.003928599316320274,-0.0032437246591675217,-0.000536240736460851,-0.00270748392270667,0.012238042513001172,0.007147915880034134,0.5250000000000001,0.007172323975487796,0.005186496576526283,500,1.0,False,0.9861619861619861,0.21518127835859072
04D2mj,SNLS,1507,1,0.51469,23.0729,0.402018,1.0,150.152,2.5771,,False,False,True,0.005659571881347575,-0.0015746549818339796,-3.5012770256102888e-06,-0.0015711537048083684,0.009965256630364287,0.0035594780709173636,0.5250000000000001,0.007234226863181555,0.005235515309304674,500,1.0,False,0.9258252427184466,0.1375297491623915
04D2gc,SNLS,1513,1,0.52271,23.0966,0.272593,1.0,150.414,1.8831,,False,False,True,0.0014415197787053596,-0.005958194137577509,-0.0030432754357226856,-0.0029149187018548215,0.001466487611710036,0.013221863926041513,0.5250000000000001,0.007399713916282869,0.005366558721598906,500,1.0,False,0.9662107803700724,0.12139345146787586
06D2ca,SNLS,1522,1,0.53271,22.9942,0.293113,1.0,149.79,2.3025,,False,False,True,0.004236395973802751,-0.0033727799050248964,-0.0003422465940302504,-0.0030305333109946443,0.010408968857165806,0.007484891695094344,0.5250000000000001,0.007609175878827647,0.005510908634999349,500,1.0,False,0.9604499274310595,-0.0298796783816275
06D2cc,SNLS,1523,1,0.53372,22.9119,0.272484,1.0,149.862,2.4514,,False,False,True,0.01213915168045552,0.004508726577349285,-0.002759772268500834,0.007268498845850121,0.021881910754798995,-0.010218002147144585,0.5250000000000001,0.007630425103106236,0.005524916625079772,500,1.0,False,0.9500998003992016,-0.11706772539653618
05D2eb,SNLS,1526,1,0.53572,22.9604,0.20776,1.0,150.061,2.4074,,False,False,True,0.07456112817801325,0.06688862540306822,-0.0036086304004459948,0.07049725580351422,0.029885751554446092,-0.15248987163619987,0.5250000000000001,0.0076725027749450295,0.005552655219298434,500,1.0,False,0.9545454545454546,-0.07822136453889958
06D2ck,SNLS,1537,1,0.55375,23.237,0.205365,1.0,150.367,1.8636,,False,False,True,0.005545495541172624,-0.002506337445399115,0.0006837430143923334,-0.0031900804597914485,0.0024405378778315683,0.0057365877900628914,0.5750000000000002,0.00805183298657174,0.00580271864617966,500,1.0,False,0.9823914823914824,0.0977858308518404
05D2dt,SNLS,1551,1,0.57577,23.3385,0.211441,1.0,150.35,1.8577,,False,False,True,0.0033076657073268724,-0.00520666942051304,-0.0018579754099596981,-0.0033486940105533426,0.005872229908192077,0.011621414045859826,0.5750000000000002,0.008514335127839912,0.006103259799103805,500,1.0,False,0.987936772046589,0.09833168984207646
04D2mh,SNLS,1571,1,0.59179,23.1978,0.254399,1.0,149.941,2.141,,False,False,True,0.0060157131492654765,-0.0028195811802052386,0.00047985415574391174,-0.0032994353359491516,0.0056556588172087495,0.006436291398169695,0.5750000000000002,0.008835294329470715,0.006224316684040129,500,1.0,False,0.990191707534552,-0.11354394090875203
05D2he,SNLS,1579,1,0.60981,23.4346,0.320347,1.0,150.361,2.3177,,False,False,True,0.006896766993339966,-0.0022995563506992313,-0.0011762972782838046,-0.0011232590724154254,0.013127891570526013,0.005177136020510004,0.6250000000000002,0.009196323344039197,0.006360486788069627,500,1.0,False,0.9303867403314917,0.06298403652830045
000202,PS1MD,1586,1,0.61983,23.5027,0.15249,1.0,150.539,1.8992,,False,False,True,0.019853687681511998,0.010456614574655031,0.010493365866469342,-3.675129181430949e-05,0.01333258162777131,-0.02290272630792505,0.6250000000000002,0.009397073106856967,0.006436204015726431,500,1.0,False,0.9455550829434284,0.08870314396538417
04D2an,SNLS,1588,1,0.62183,23.3364,0.274297,1.0,150.218,2.0412,,False,False,True,0.0042766358005589585,-0.0051605071192356855,-0.001794990298535891,-0.003365516820699795,0.013861756550072579,0.011417974217183432,0.6250000000000002,0.009437142919794644,0.006451317234819605,500,1.0,False,0.996232733361239,-0.08597806390180382
05D2ci,SNLS,1592,1,0.63183,23.0581,0.325833,1.0,150.008,2.2159,,False,False,True,0.0037604854659505004,-0.00587118761995476,-0.003225144444497195,-0.002646043175457565,0.008747375526711018,0.013100545509566481,0.6250000000000002,0.00963167308590526,0.006562504726897289,500,1.0,False,0.9921422663358147,-0.40580306563913215
05D2ec,SNLS,1600,1,0.64185,23.5946,0.255519,1.0,149.859,2.0136,,False,False,True,0.0019349289409316503,-0.007888957251312709,-0.004045020755982926,-0.003843936495329783,0.009076675049833912,0.017505262464928534,0.6250000000000002,0.00982388619224436,0.00669048057740188,500,1.0,False,0.9877991553261379,0.08971203854018298
05D2bt,SNLS,1612,1,0.6819,23.5846,0.23784,1.0,150.418,2.5662,,False,False,True,0.02168235371309545,0.011076345569778658,0.011112885509581921,-3.653993980326422e-05,0.017466118867058903,-0.024383497735383248,0.6750000000000002,0.01060600814331679,0.007206780742333248,500,1.0,False,0.9725274725274725,-0.11232793352039987
05D2ck,SNLS,1625,1,0.69992,23.8617,0.294144,1.0,150.188,2.5729,,False,False,True,0.011438578549024926,0.00045073618295977773,0.0033078383820182777,-0.002857102199058499,0.018131987587082152,-0.000908803054248293,0.6750000000000002,0.010987842366065148,0.007449416142765709,500,1.0,False,0.9207882534775889,0.09658558633407328
04D2iu,SNLS,1628,1,0.70192,23.6432,0.461925,1.0,150.305,2.415,,False,False,True,0.008428884040293684,-0.0026013372628134555,-0.0026853598889938213,8.402262618036494e-05,0.016374017417777022,0.005865171660771749,0.7250000000000002,0.01103022130310714,0.00747634570996132,500,1.0,False,0.9554140127388535,-0.1140143929601988
05D2le,SNLS,1629,1,0.70192,23.7903,0.251306,1.0,150.479,2.0929,,False,False,True,0.01834549777847594,0.007315276475368799,-0.0037941500986150532,0.011109426573983852,0.02347817097727406,-0.016244724788752538,0.7250000000000002,0.01103022130310714,0.00747634570996132,500,1.0,False,0.9867256637168141,0.03308560703979943
04D2gp,SNLS,1642,1,0.73395,23.967,0.387349,1.0,149.835,2.5089,,False,False,True,0.0038575784268517046,-0.00785084633441777,-0.004003405401216041,-0.0038474409332017287,0.005268437735411473,0.017629323943241786,0.7250000000000002,0.011708424761269475,0.007944242649743777,500,1.0,False,0.9308176100628931,0.09295815461764953
05D2fq,SNLS,1643,1,0.73495,24.0007,0.222986,1.0,149.785,2.602,,False,False,True,0.012896019634421094,0.0011664607363138842,0.005690566846344109,-0.0045241061100302245,0.012524899919270919,-0.002272209828760908,0.7250000000000002,0.01172955889810721,0.00796179904464267,500,1.0,False,0.9474157303370786,0.12309021456642974
05D2ct,SNLS,1645,1,0.73596,23.9145,0.424782,1.0,150.426,2.1238,,False,False,True,0.02863271820122252,0.0168818138249092,0.0195594585709162,-0.002677644746007001,0.03821817230198849,-0.03864501147679518,0.7250000000000002,0.01175090437631332,0.007979531003490553,500,1.0,False,0.9743788819875776,0.03329133860515818
04D2ja,SNLS,1647,1,0.74196,24.2283,0.324017,1.0,149.702,1.7717,,False,False,True,0.004519502518760871,-0.007358206678578864,-0.0033432617439494742,-0.004014944934629387,0.010477174181986276,0.016450775663055323,0.7250000000000002,0.011877709197339735,0.008084869372883916,500,1.0,False,0.9986301369863013,0.32580948549092686
04D2kr,SNLS,1650,1,0.74607,23.7287,0.253305,1.0,150.156,1.7119,,False,False,True,0.02224400374202514,0.010279433242282313,0.0026371039225958123,0.007642329319686503,0.018381251849316757,-0.02256946804791536,0.7250000000000002,0.011964570499742828,0.008157026155918371,500,1.0,False,0.9000920810313076,-0.18827306068091523
05D2nt,SNLS,1654,1,0.75899,23.9939,0.231584,1.0,150.243,2.3727,,False,False,True,0.01137940831232007,-0.0008582152353663018,0.0020969522084960304,-0.0029551674438623317,0.006582485135527049,0.0023550106219334607,0.7750000000000002,0.012237623547686372,0.00838385477801208,500,1.0,False,0.9603047313552526,0.07488923351001096
carter,CANDELS,1694,1,1.5429,25.8372,0.370031,1.0,150.061,2.1924,,False,False,True,0.06767743900038749,0.040183961932814774,0.041799616373650594,-0.0016156544408358186,0.047076077856426875,-0.09259259837282632,1.5250000000000004,0.027493477067572717,0.017134001564655305,500,1.0,False,0.9912645590682196,-0.138025009577742
1302648,DES,1033,36,0.23164,20.8345,0.235724,1.0,10.0026,-44.0541,,False,False,True,0.0003588489928743441,-0.0010375152708318183,-0.00048091470347726476,-0.0005566005673545533,0.0004920675486846239,0.002273282701359133,0.22500000000000003,0.0013963642637061624,0.000848205801314404,500,1.0,False,0.9496139780577001,-0.09140829066136724
1275946,DES,1034,36,0.23205,20.9515,0.157205,1.0,10.404,-43.6378,,False,False,True,0.00045688896725114487,-0.0009462607039938989,-0.0004515811294120839,-0.0004946795745818149,0.0022276614789859517,0.002071718613275776,0.22500000000000003,0.0014031496712450437,0.0008520649030919051,500,1.0,False,0.7329136690647482,0.021287778812513317
1289288,DES,1182,36,0.28995,21.4863,0.270091,1.0,10.1789,-43.9483,,False,False,True,0.0008631748512020821,-0.0015294092704972765,-0.0010671204286030562,-0.0004622888418942203,0.002487333038186265,0.0033596994267302395,0.275,0.0023925841216993586,0.0013819162793656705,500,1.0,False,0.8752855185015989,-0.012020561639120766
1291090,DES,1186,36,0.29193,21.5076,0.175644,1.0,9.4631,-43.7215,,False,False,True,0.00047321537770828433,-0.001956269803517105,-0.0010553788044470418,-0.0009008909990700627,0.002463982008328768,0.004288859848917217,0.275,0.002429485181225389,0.0013985491977111441,500,1.0,False,0.9979270315091211,-0.007564504053972324
1281668,DES,1226,36,0.30691,21.7043,0.147609,1.0,9.4105,-43.9203,,False,False,True,0.00032998572267543553,-0.0023786802018327434,-0.0012189156322043025,-0.001159764569628441,0.0006406089355315403,0.005224554459066643,0.32500000000000007,0.002708665924508179,0.001524388145597604,500,1.0,False,0.9460721868365181,0.0498782442339953
1258906,DES,1321,36,0.34912,22.029,0.204259,1.0,10.262,-44.3941,,False,False,True,0.00025043842088672794,-0.003273429191139878,-0.0018029597286158363,-0.0014704694625240417,0.0018802230393650612,0.0071941534582784135,0.32500000000000007,0.0035238676120266056,0.0020092069382464622,500,1.0,False,0.9478798586572438,0.05284137434194576
1336008,DES,1440,36,0.4376,22.3723,0.163932,1.0,10.3212,-43.8862,,False,False,True,0.007460559803566608,0.00177866018253333,-0.002633052031408155,0.004411712213941485,0.013154508897458964,-0.0039457136899158345,0.42500000000000016,0.0056818996210332776,0.003498148132118405,500,1.0,False,0.6598440545808967,-0.15186033235595156
1320166,DES,1454,36,0.44891,22.7345,0.213951,1.0,9.3464,-43.8719,,False,False,True,0.007559905675278068,0.0015710526510569521,0.004052736971954401,-0.002481684320897449,0.010550591563463576,-0.0034367456014464115,0.42500000000000016,0.005988853024221116,0.0036846985223240617,500,1.0,False,0.9446790540540541,0.14524662593331092
1335472,DES,1497,36,0.50593,22.826,0.164502,1.0,9.5553,-44.0495,,False,False,True,0.00565845498347744,-0.001862728377009331,0.0011007801561644633,-0.002963508533173794,0.0071409015479782885,0.004272650196251473,0.5250000000000001,0.007521183360486771,0.004744691857447038,500,1.0,False,0.9077822762033289,-0.06518583734534819
1337117,DES,1538,36,0.55384,22.8297,0.175342,1.0,10.1815,-43.6449,,False,False,True,0.010086583559934633,0.0012257612591073143,0.004875135682870834,-0.0036493744237635194,0.009545622311214724,-0.0024601910963292263,0.5750000000000002,0.008860822300827319,0.00578658372143079,500,1.0,False,0.9753303964757709,-0.30993445521670565
1285317,DES,1545,36,0.56437,23.1398,0.219457,1.0,9.4725,-43.3145,,False,False,True,0.011615714895917407,0.002451316743632687,0.0029992652123532818,-0.000547948468720594,0.020026045471881485,-0.005463438115496724,0.5750000000000002,0.00916439815228472,0.006025251939959062,500,1.0,False,0.9930244145490782,-0.0485680031632863
1293758,DES,821,15,0.14803,19.9755,0.183004,1.0,8.4839,-43.3497,,False,False,True,0.010393868293047476,0.010116891657386624,0.010116924804534397,-3.3147147773245e-08,0.0007592803942407946,-0.02223797931146634,0.125,0.00027697663566085166,0.00015399657310297688,500,1.0,False,0.6239476145930777,0.08213023224748657
1273127,DES,918,15,0.18929,20.6829,0.227356,1.0,8.5563,-43.2759,,False,False,True,0.0023495595891152793,0.0018762160968934139,0.001923155464158637,-4.693936726522315e-05,0.00013923097966615447,-0.004090375669881012,0.17500000000000004,0.00047334349222186536,0.0003076697575215522,500,1.0,False,0.8214629451395573,0.24970544464246375
1327978,DES,964,15,0.20691,20.6695,0.278525,1.0,8.28,-44.1402,,False,False,True,0.00013352437096283192,-0.00047646264857138386,-0.00036315101708653816,-0.00011331163148484574,0.0004273596725574057,0.0010421271676477233,0.22500000000000003,0.0006099870195342158,0.00039448005366322746,500,1.0,False,0.07227138643067847,0.01722668561624652
1303883,DES,1109,15,0.25904,21.2888,0.161457,1.0,8.8633,-44.9171,,False,False,True,0.00028632454439247854,-0.0009404369999895816,-0.0005809948820361818,-0.00035944211795340005,0.0007591179680505844,0.0020618649984007233,0.275,0.00122676154438206,0.0008296688518639961,500,1.0,False,0.9423170140571983,0.06824148391965848
1338128,DES,1238,15,0.31179,21.7847,0.209189,1.0,8.0837,-43.7408,,False,False,True,0.0009238071954671737,-0.0012544557200907403,-0.0011841639802702374,-7.029173982050325e-05,0.003484283449359739,0.0027602580513444164,0.32500000000000007,0.002178262915557914,0.0014564215885735181,500,1.0,False,0.0,0.09105524671000338
1336009,DES,1311,15,0.34169,21.9592,0.319871,1.0,8.9162,-44.8937,,False,False,True,0.0011828284057206237,-0.0015642262669480112,-0.0006708508672244941,-0.0008933753997235174,0.0032526771663193422,0.003451246970472845,0.32500000000000007,0.002747054672668635,0.0017960609765625248,500,1.0,False,0.946225949679329,0.03696382568632202
1283936,DES,1355,15,0.36857,22.21,0.344494,1.0,8.8776,-44.3713,,False,False,True,0.004483008291394294,0.0012409396679345388,-0.0014525024580777858,0.0026934421260123255,0.00919439098534962,-0.0027104767949939785,0.3750000000000001,0.0032420686234597555,0.0020744510724123454,500,1.0,False,0.969428444838281,0.08360566816387321
1341370,DES,1401,15,0.40895,22.4472,0.2385,1.0,8.9639,-44.6767,,False,False,True,0.002561631687458317,-0.001455048826178312,-0.0017000630743065628,0.000245014248128251,0.008983469348947419,0.0032082554490839273,0.42500000000000016,0.004016680513636629,0.0025261766425763673,500,1.0,False,0.9442559379544353,0.09522846802963177
1328105,DES,1447,15,0.44149,22.4293,0.181576,1.0,8.1871,-43.5769,,False,False,True,0.0063809409741289085,0.001682447530218469,-0.001031639180929432,0.0027140867111479007,0.01258461053726349,-0.0037033719797364764,0.42500000000000016,0.004698493443910439,0.0029947543050653624,500,1.0,False,0.0,-0.11742403242836712
1255502,DES,823,16,0.14834,19.7709,0.140105,1.0,33.9046,-4.2092,,False,False,True,0.0005849286924862792,-0.0004106303596745451,7.645246026840148e-05,-0.00048708281994294667,0.00012887438244587712,0.0009027206582773949,0.125,0.0009955590521608243,0.0006027402085078527,200,1.0,False,0.4715203426124197,-0.12740737452438095
1345582,DES,1465,16,0.45885,22.7149,0.250735,1.0,33.7065,-4.6747,,False,False,True,0.014701519612641396,0.003252808659137421,5.5418024014600425e-05,0.0031973906351228237,0.024972234280336972,-0.007315394045305748,0.4750000000000001,0.011448710953503975,0.008197322736192064,200,1.0,False,0.058707449432659105,0.05384577712365091
1306785,DES,1550,16,0.57542,22.9382,0.452062,1.0,33.7937,-4.5222,,False,False,True,0.009727441385335532,-0.0049954769135181,-0.004281692988465313,-0.0007137839250527852,0.014208097777147911,0.011523502779076222,0.5750000000000002,0.014722918298853633,0.010576577712791108,200,1.0,False,0.33590402742073694,-0.30039244439350227
1308568,DES,1601,16,0.64311,23.1079,0.406947,1.0,33.8732,-5.0525,,False,False,True,0.0016704474198631365,-0.014908670794672632,-0.004304358719658822,-0.010604312075013809,0.005414919386133359,0.033561921855109575,0.6250000000000002,0.016579118214535768,0.012163269304438989,200,1.0,False,0.5778443113772455,-0.4020985203650317
110033,PS1MD,961,29,0.20483,20.5897,0.200513,1.0,34.9031,-3.5292,,False,False,True,0.0011219035508363158,0.00038841462867728104,0.0002814908732623565,0.0001069237554149245,0.001650981698297994,-0.0008377934177180156,0.22500000000000003,0.0007334889221590348,0.0003779397658210308,200,1.0,False,0.0,-0.03819346439083382
420352,PS1MD,1387,29,0.38895,22.13,0.197743,1.0,35.1822,-3.9625,,False,False,True,0.000898602574241339,-0.0025481244474134836,-0.00110230150118072,-0.0014458229462327636,0.004199846026622332,0.005605917605463522,0.3750000000000001,0.0034467270216548226,0.0018044391688758717,200,1.0,False,0.08344923504867872,-0.13220072089227825
080723,PS1MD,1436,29,0.4302,22.5824,0.163569,1.0,34.9864,-3.9606,,False,False,True,0.019150552118660128,0.015040567365616767,0.015570233259299019,-0.0005296658936822529,0.018304890473223992,-0.03333192056279886,0.42500000000000016,0.004109984753043362,0.0021048067209980944,200,1.0,False,0.09932659932659933,0.10168435274266248
