CID,sample,row_index,region,zHD,MU,MUERR,PROBIA,HOST_RA,HOST_DEC,HOST_LOGMASS,clipped,cluster_targeted,cluster_tier_ok,kappa_raw,kappa_ext,kappa_gal_ext,kappa_cl_ext,gamma,dmu_pred,zbin,rand_mean,rand_sig,n_rand_ok,area_frac,area_flag,frac_nir,hr
01259412,DES3_Deep,304,5,0.3047569362099627,40.943376344356516,0.1069015410914468,1.0,36.345383,-5.3241,10.51,False,False,True,0.0010145480140777185,-0.0018315542751504135,-0.0011235340851827457,-0.0007080201899676675,0.0029351453984180383,0.004032974857859115,0.32500000000000007,0.002846102289228132,0.0018627540470647773,492,1.0,False,0.8994881340158213,0.0077820566098349584
01261579,DES3_Deep,305,5,0.3222363655489997,40.90156626221724,0.1052809724828197,1.0,36.119595,-4.967311,11.16,False,False,True,0.0008975418950543975,-0.002282643215474769,-0.0014030267881320257,-0.0008796164273427444,0.001811836128742262,0.005029697197986029,0.32500000000000007,0.003180185110529167,0.0020588047568965043,492,1.0,False,0.9205094422485727,-0.17282709464114168
01279500,DES3_Deep,308,5,0.2350194361957722,40.364168930215854,0.1056925997688436,1.0,36.925739,-4.314926,9.7,False,False,True,0.0010290089860270331,-0.000659814559970274,-0.0001839241492651389,-0.00047589041070513513,0.0017580870193449726,0.0014545244448751437,0.22500000000000003,0.0016888235459973071,0.0011343645073208935,492,1.0,False,0.9629629629629629,0.06876498762526732
01283878,DES3_Deep,309,5,0.3134602474822006,41.059487063033224,0.1431219626615856,1.0,37.133164,-4.041299,11.41,False,False,True,0.0038438462949847863,0.0008313983700901232,-0.0010082835494643009,0.0018396819195544236,0.005524714338633711,-0.0017842761409265565,0.32500000000000007,0.003012447924894663,0.0019603710984978026,492,1.0,False,0.4583145561063542,0.053886523135753
01286398,DES3_Deep,311,5,0.1502881217404008,39.415204991128576,0.1131399973107106,1.0,36.813191,-5.119083,10.36,False,False,True,0.0024403925577301602,0.0017413358586140504,-0.00035047367849215587,0.0020918095371062063,0.004012524620832446,-0.003795061940461158,0.17500000000000004,0.0006990566991161098,0.0005321087498895928,492,1.0,False,0.9532030895047705,0.22712882937187454
01294743,DES3_Deep,314,5,0.3125423401984679,41.05984802332471,0.1188800208868829,1.0,36.102535,-4.674933,10.26,False,False,True,0.006740871042871043,0.003745967000507907,0.005084853294998604,-0.0013388862944906973,0.008832946240264062,-0.008185875112581524,0.32500000000000007,0.0029949040423631365,0.0019500757752898756,492,1.0,False,0.971535230984601,0.061545322678413686
01295305,DES3_Deep,315,5,0.6117023390051224,42.775041860896685,0.1366232675040247,1.0,36.243351,-4.250854,8.71,False,False,True,0.004143169705635243,-0.004997727664030107,-0.0025061832375796404,-0.0024915444264504674,0.008931738996919427,0.011186141696898433,0.6250000000000002,0.00914089736966535,0.0060616292154797085,492,1.0,False,0.976078431372549,0.07263267844765284
01297026,DES3_Deep,316,5,0.2584827371979723,40.57203460743472,0.109431654491242,1.0,35.820992,-5.182148,10.61,False,False,True,0.0003285972210790079,-0.001705619669785372,-0.0009000477218566887,-0.000805571947928683,0.0023822349664441426,0.0037382918058318443,0.275,0.00203421689086438,0.0013659620440705956,492,1.0,False,0.9969984992496248,0.045168423027153015
01301933,DES3_Deep,319,5,0.3299417482552194,41.23044488477161,0.1038555931777684,1.0,36.663719,-4.970757,10.01,False,False,True,0.004042075558342044,0.0007047048830249266,0.0017420649191331769,-0.0010373600361082507,0.0072942551938057175,-0.001523847175024122,0.32500000000000007,0.003337370675317117,0.002174488155811466,492,1.0,False,0.9570747217806042,0.0970675528458937
01302523,DES3_Deep,321,5,0.4238574411490947,41.73696962115468,0.1164448867677114,1.0,36.317585,-4.659808,10.5,False,False,True,0.012294287618359214,0.006999876972891928,0.003478383519696293,0.0035214934531956348,0.015076227451305727,-0.015440753718089995,0.42500000000000016,0.005294410645467286,0.0036438041530977797,492,1.0,False,0.9317548746518106,-0.01744460958201152
01305504,DES3_Deep,323,5,0.4955966022291729,42.18810809289851,0.1145290939423337,1.0,36.058437,-5.164576,10.95,False,False,True,0.0027143972289874665,-0.004009286004961971,-0.0018735281056025926,-0.002135757899359378,0.0038286049047886357,0.008945148621093066,0.4750000000000001,0.006723683233949437,0.004407437816504284,492,1.0,False,0.9210878288007134,0.048617553858494755
01305626,DES3_Deep,324,5,0.3257196260279738,41.09896707718006,0.1044973516314795,1.0,35.654617,-4.133254,9.28,False,False,True,0.008842220065548244,0.005594016113694054,0.006412355936945729,-0.0008183398232516754,0.009769832843214527,-0.012259230371965569,0.32500000000000007,0.00324820395185419,0.002102134066778966,492,1.0,False,0.6689795918367347,-0.002250304041693946
01306073,DES3_Deep,325,5,0.3285408595989745,41.16029690918098,0.1116245182448843,1.0,36.850643,-3.749355,10.4,False,False,True,0.0022702072938173483,-0.0010375781054962297,0.0002564564563060517,-0.0012940345618022817,0.004990344035710948,0.0023028308352916914,0.32500000000000007,0.003307785399313578,0.002150481266123508,492,1.0,False,0.0,0.037547692585541984
01308582,DES3_Deep,327,5,0.3669196727846266,41.25056522244497,0.1207204534817737,1.0,37.137245,-4.372774,10.7,False,False,True,0.0010946779693143333,-0.003023627078169845,-0.0017350305549687518,-0.0012885965232010926,0.003236869271868053,0.00666997343739888,0.3750000000000001,0.004118305047484178,0.0028081751737695487,492,0.75,True,0.7381457891012031,-0.17263733399341147
01314897,DES3_Deep,331,5,0.3369308753163627,41.05051553701263,0.1200311018128934,1.0,36.606628,-4.15516,10.0,False,False,True,0.0008432756030899444,-0.002641697989993668,-0.001611409771637838,-0.0010302882183558298,0.003031168181999345,0.0058149779785478745,0.32500000000000007,0.0034849735930836123,0.0022942601317097857,492,1.0,False,0.9650924024640657,-0.13526954063354316
01317666,DES3_Deep,334,5,0.1413938876815097,39.28486296779618,0.104681992404216,1.0,36.771053,-5.003092,10.24,False,False,True,0.00047167017170095813,-0.00014619683482000145,-0.0003624411663105822,0.0002162443314905807,0.00032357007838134565,0.0003188735699174764,0.125,0.0006178670065209596,0.00048220487894107874,492,1.0,False,0.9584033613445379,0.10680156155278611
01322229,DES3_Deep,335,5,0.5261622150762062,42.18765063502795,0.1559942282157255,1.0,35.926357,-4.018886,9.75,False,False,True,0.00611540693942062,-0.0012182516042530678,0.002104755536686147,-0.0033230071409392154,0.013861538149258444,0.0026965962867262112,0.5250000000000001,0.0073336585436736875,0.004747053920614814,492,1.0,False,0.3620479479886225,-0.17582207498119531
01329312,DES3_Deep,340,5,0.3444246261398873,41.281770913990165,0.1248416442912348,1.0,36.263298,-5.541797,11.12,False,False,True,0.002581687470350659,-0.0010615461567673556,-0.0016589594275391662,0.0005974132707718103,0.0037468976618995112,0.0023819447972630347,0.32500000000000007,0.0036432336271180147,0.0024226797948767582,492,1.0,False,0.1799709724238026,0.04090157170869553
01330642,DES3_Deep,341,5,0.6339041669104888,42.67820879433142,0.1342073731059938,1.0,37.040554,-4.047055,9.27,False,False,True,0.007442203775371942,-0.002183950415834836,-9.220573603309183e-05,-0.0020917446798017457,0.009674772395746548,0.005040304101807634,0.6250000000000002,0.009626154191206777,0.006394097834571311,492,1.0,False,0.643621766280107,-0.11696771160763698
01331993,DES3_Deep,342,5,0.7196093520644367,43.21298352534261,0.1721066991691743,1.0,35.971802,-4.459333,8.93,False,False,True,0.004951085421439702,-0.006587563253887889,-0.0024699536023460324,-0.004117609651541858,0.006306367960328692,0.014856749885523423,0.7250000000000002,0.011538648675327591,0.007494049393185355,492,1.0,False,0.9624413145539906,0.0813881097018441
01334597,DES3_Deep,344,5,0.2889528865455524,40.730449600125446,0.1041459229113724,1.0,35.831272,-4.06785,8.88,False,False,True,0.002961917995378628,0.00041787714062057344,0.0011434852117421525,-0.0007256080711215788,0.0027562534196422643,-0.0008893696946839641,0.275,0.0025440408547580547,0.0016854945327622237,492,1.0,False,0.4453924914675768,-0.07093968852791138
01337655,DES3_Deep,349,5,0.8485083867036423,43.57275017282369,0.1694934074131079,1.0,35.940819,-5.053386,2.0,False,False,True,0.004155767855350276,-0.010122033085106194,-0.005475944322257633,-0.004646088762848562,0.020497564991659993,0.02233356478344229,0.8250000000000003,0.01427780094045647,0.009263446969952226,492,1.0,False,0.9768196569309225,-0.05462554125818339
01338675,DES3_Deep,350,5,0.3305429621723064,41.25957417812079,0.1081535440698369,1.0,36.743656,-4.967741,9.51,False,False,True,0.003637544374764657,0.0002874767020131638,0.0006912321203559389,-0.0004037554183427758,0.0022111172367234055,-0.0005607055125907891,0.32500000000000007,0.0033500676727514934,0.00218479109896261,492,1.0,False,0.9392173189009159,0.12164843300980373
01282736,DES3_Shallow,369,5,0.3688992563021342,41.342242218404394,0.1352187560288467,1.0,35.809322,-6.268094,10.6,False,False,True,0.002366843248708948,-0.0017932684937444852,-0.0009753837930393725,-0.000817884700705112,0.0018755131288665252,0.004002539109150009,0.3750000000000001,0.004160111742453433,0.0028420990997868336,492,1.0,False,0.0,-0.09450964490328756
01287626,DES3_Shallow,373,5,0.3039523482980426,40.76618401498462,0.1249140797048629,1.0,35.931824,-5.961218,8.2,False,False,True,0.0005015967268070644,-0.0023291275432429084,-0.001196415112321251,-0.0011327124309216574,0.0027248010994412523,0.005114584580349042,0.32500000000000007,0.0028307242700499726,0.001853729723204176,492,1.0,False,0.0,-0.16284532172747282
01291080,DES3_Shallow,380,5,0.4438349269249673,41.73147809870639,0.1693456259013054,1.0,35.684559,-6.06357,8.58,False,False,True,0.020129520112942754,0.014436587723839767,-0.0016325795585958474,0.016069167282435612,0.012724483942591463,-0.031814546751742744,0.42500000000000016,0.005692932389102987,0.0038568784294274764,492,1.0,False,0.0,-0.14025139376328316
01292560,DES3_Shallow,387,5,0.2247960870494061,40.203646561870976,0.1108157914609648,1.0,35.055779,-5.361129,8.65,False,False,True,0.0015390052280201834,1.886178347015096e-07,0.0006232774076477317,-0.0006230887898130303,0.004321865605541667,2.0557499216425183e-06,0.22500000000000003,0.001538816610185482,0.0010339790138475845,492,1.0,False,0.8338068181818182,0.01641516907204259
01293319,DES3_Shallow,388,5,0.2968623971184116,40.896722588003875,0.1172339389268141,1.0,36.002407,-6.497732,9.23,False,False,True,0.0003103819247629103,-0.0023848327215439226,-0.0012124068760338508,-0.0011724258455100716,0.0024385325699906725,0.005232092256387693,0.275,0.0026952146463068327,0.0017742082505932447,492,1.0,False,0.0,0.028461817761989586
01295027,DES3_Shallow,391,5,0.4254494310781249,41.7317482548107,0.1535049354149241,1.0,35.432739,-6.940557,10.09,False,False,True,0.004860527407127218,-0.00046634473004083295,0.002130147579433741,-0.0025964923094745746,0.006584578448992954,0.00111699985007588,0.42500000000000016,0.005326872137168051,0.0036648028315028514,492,1.0,False,0.0,-0.032201808237073165
01296657,DES3_Shallow,396,5,0.146186493994832,39.32656019274006,0.1180915221785577,1.0,36.255188,-6.278562,9.48,False,False,True,0.004112341732987102,0.003450726132632001,0.003675503762849681,-0.00022477763021768046,0.0032339822164460692,-0.007520215921352372,0.125,0.0006616156003551009,0.0005090952896704865,492,1.0,False,0.0,0.06997104590664863
01298893,DES3_Shallow,398,5,0.1961365092138698,39.91124878273867,0.1515099794143799,1.0,35.724033,-6.256828,10.78,False,False,True,0.0024251303501440016,0.0012397988254079753,-0.0003174671684859346,0.0015572659938939098,0.002220251333197346,-0.002691379220877573,0.17500000000000004,0.0011853315247360263,0.0008249338006185833,492,1.0,False,0.0,0.08864817244658575
01300516,DES3_Shallow,402,5,0.3104136989435242,40.79574643961447,0.1177224786369481,1.0,34.546364,-5.010114,9.56,False,False,True,0.00036969287349952496,-0.002584526632647023,-0.0012216813111845621,-0.001362845321462461,0.001710021256038827,0.005678778141099539,0.32500000000000007,0.002954219506146548,0.0019262007607848658,492,1.0,False,0.8908400569530137,-0.18555580040286548
01303004,DES3_Shallow,406,5,0.2949493000891194,40.83928489513271,0.1109740943308026,1.0,35.294621,-6.463124,9.37,False,False,True,0.0014652011106325974,-0.0011934486776018272,-1.403764896356404e-06,-0.001192044912705471,0.0023747630425729653,0.0026388827064878525,0.275,0.0026586497882344247,0.0017527507977614142,492,1.0,False,0.0,-0.012954023228932406
01303952,DES3_Shallow,410,5,0.5626493589422155,42.61687168051106,0.1954005375961572,1.0,35.871758,-6.921939,11.14,False,False,True,0.0027354614242622827,-0.005361545672294904,-0.0028350877852140488,-0.002526457887080855,0.011408247449869239,0.011849751421425265,0.5750000000000002,0.008097007096557187,0.005326179292508669,492,1.0,False,0.0,0.08113588517510752
01304127,DES3_Shallow,411,5,0.7285979961612705,43.28062616031458,0.2431788583373133,1.0,35.180489,-6.951112,9.31,False,False,True,0.009804559551298168,-0.001930632278478001,0.002369601257289902,-0.004300233535767901,0.011964884850803085,0.004562948017048131,0.7250000000000002,0.011735191829776169,0.00760932875696535,492,1.0,False,0.0,0.11651840787791515
01308957,DES3_Shallow,426,5,0.618683669772359,42.99463720926706,0.274379792155645,1.0,35.13385,-6.62402,10.08,False,False,True,0.0042151571097834495,-0.0050751544552466365,-0.0015414501828284071,-0.0035337042724182316,0.003567823767304294,0.011430011485583744,0.6250000000000002,0.009290311565030086,0.006164234935029337,492,1.0,False,0.0,0.26271690227334565
01310338,DES3_Shallow,428,5,0.4388263503554626,41.47049321529178,0.1275086828278752,1.0,35.041988,-6.376677,2.0,False,False,True,0.0019917251418878285,-0.0036014851175461245,-0.0012294808778256234,-0.0023720042397205017,0.004748141862202136,0.00798386045558876,0.42500000000000016,0.005593210259433953,0.0038045531972252613,492,1.0,False,0.0,-0.3722939545973147
01313594,DES3_Shallow,431,5,0.2883417511744834,40.81455414133222,0.1118096543719738,1.0,34.832935,-5.789424,10.38,False,False,True,0.002814763776392197,0.000282403499129176,0.0009691456485915659,-0.0006867421494623899,0.0016398477144909723,-0.0005696461982172638,0.275,0.002532360277263021,0.001678639988430289,492,1.0,False,0.015157722244981565,0.018401997337850255
01317277,DES3_Shallow,438,5,0.2371030929323032,40.30742740304874,0.1195044559578956,1.0,35.903149,-5.481456,10.05,False,False,True,0.0002757082385522939,-0.0014437879382789168,-0.000989487131216922,-0.0004543008070619952,0.0005714120016756484,0.0031625649053973865,0.22500000000000003,0.0017194961768312107,0.0011549315097033482,492,1.0,False,0.7532532532532532,-0.009487292627168142
01317286,DES3_Shallow,439,5,0.2789785273573759,40.62700899430787,0.1095914060258317,1.0,36.0079,-6.81061,2.0,False,False,True,0.0005690058261989979,-0.001784395963997954,-0.001001638417024967,-0.0007827575469729864,0.0016663096908777176,0.003917040384183985,0.275,0.002353401790196952,0.0015736213038924794,492,1.0,False,0.0,-0.08759336242845367
01329615,DES3_Shallow,448,5,0.4038594034772507,41.67435317488501,0.1493442943778131,1.0,35.442699,-5.639848,10.91,False,False,True,0.0006539385794296164,-0.004228924093032603,-0.0022379255568326013,-0.0019909985362000014,0.004519212677892103,0.009318234534032112,0.42500000000000016,0.004882862672462219,0.003358447901984806,492,0.95,False,0.16556583003082342,0.042653852292797084
01332413,DES3_Shallow,454,5,0.6087155423194852,42.69396413935179,0.1720617187858349,1.0,36.274887,-5.85303,9.21,False,False,True,0.011627944470034018,0.002550970417911058,-0.0036798120795743863,0.006230782497485444,0.016950892882955884,-0.0055549035415432685,0.6250000000000002,0.00907697405212296,0.0060177317934414255,492,1.0,False,0.0,0.004278481525686745
01334448,DES3_Shallow,460,5,0.51674045194065,42.13568745080554,0.2476421662231073,1.0,34.489563,-4.862434,10.66,False,False,True,0.005202748612458311,-0.001942080479943352,0.0014280985394827263,-0.0033701790194260784,0.012776532796320773,0.004308108551217809,0.5250000000000001,0.007144829092401663,0.0046383892588423735,492,1.0,False,0.9033906177426846,-0.1812182678931832
01334470,DES3_Shallow,461,5,0.5187526227877535,42.22886890091072,0.1728048057772455,1.0,35.053696,-4.9472,2.0,False,False,True,0.003711255122301257,-0.0034736526421643658,-0.0005216706928915802,-0.0029519819492727856,0.009828143104854447,0.0077216323702793375,0.5250000000000001,0.007184907764465623,0.004660367931870728,492,1.0,False,0.9614035087719298,-0.09804865595812787
01334620,DES3_Shallow,462,5,0.1961370913446718,39.97832645223624,0.1200914531367896,1.0,35.752945,-6.264184,10.35,False,False,True,0.0019093207793337065,0.0007239820746399897,-0.0005268875574006654,0.001250869632040655,0.0006802762903533115,-0.0015701953030823426,0.17500000000000004,0.0011853387046937168,0.0008249380467264056,492,1.0,False,0.0,0.1557187046423214
01334644,DES3_Shallow,463,5,0.2880474158785653,40.770461220996616,0.1233475360189424,1.0,35.107216,-5.772545,11.22,False,False,True,0.006509334423517022,0.003982599751310179,0.005095425306114201,-0.0011128255548040209,0.00046191840308474285,-0.008786772280975946,0.275,0.002526734672206843,0.0016753386996654204,492,1.0,False,0.01016260162601626,-0.023164940669151143
01334645,DES3_Shallow,464,5,0.2312191343721183,40.14836841261047,0.1113246429317422,1.0,36.379593,-5.878989,10.45,False,False,True,0.003623109892890508,0.001990228985069013,-0.0002837017199848479,0.0022739307050538607,0.004775835552965377,-0.004330911013872009,0.22500000000000003,0.0016328809078214948,0.001096853138345952,492,1.0,False,0.0,-0.10734366332749563
01335564,DES3_Shallow,466,5,0.6076912457276791,42.66960460553408,0.2036218612356631,1.0,35.128132,-6.446471,9.3,False,False,True,0.007273008424908287,-0.0017820436676080909,0.0019908581841899843,-0.0037729018517980743,0.002479843706738335,0.00423144186273524,0.6250000000000002,0.009055052092516377,0.006002677544854933,492,1.0,False,0.0,-0.015703965959219884
01336687,DES3_Shallow,473,5,0.2337033987487309,40.36479326165632,0.1108770913941929,1.0,35.605808,-6.149859,8.58,False,False,True,0.0013052560604956474,-0.00036419465404195577,0.00024829359239688124,-0.0006124882464388371,0.0044926589917086285,0.0007930088667753811,0.22500000000000003,0.0016694507145376032,0.0011213743900745368,492,1.0,False,0.0,0.08306676350401669
01337272,DES3_Shallow,476,5,0.5027485806389085,42.1971131411609,0.1689365238112923,1.0,34.128422,-5.680552,8.6,False,False,True,0.003828366546993422,-0.003037770692640935,0.00016812068789045977,-0.0032058913805313957,0.001158685625831743,0.00685054486926487,0.5250000000000001,0.006866137239634357,0.004485557920072874,492,1.0,False,0.3734551316496507,-0.04914325395769185
01337325,DES3_Shallow,477,5,0.6386543772982449,43.021544523793665,0.1963981365814678,1.0,35.135029,-4.652505,2.0,False,False,True,0.009847650765844625,0.00011444773068840057,-0.003330786069706267,0.003445233800394666,0.015896659104142556,-0.00016588595492584776,0.6250000000000002,0.009733203035156224,0.006467201261966975,492,1.0,False,0.9888705688375927,0.20692215179465612
01337838,DES3_Shallow,481,5,0.3119398549227126,40.97280778174176,0.112263320810417,1.0,35.49601,-6.498196,8.42,False,False,True,0.001068527757414718,-0.0019148610359770383,-0.0005473516422844693,-0.0013675093936925693,0.002557282789913718,0.0042198676335718326,0.32500000000000007,0.0029833887933917564,0.001943318251134828,492,1.0,False,0.0,-0.02069405415403373
01338233,DES3_Shallow,484,5,0.5979929419018641,42.80682093990014,0.2894111873813158,1.0,35.122704,-5.529291,10.98,False,False,True,0.0032428717599836706,-0.005604617575395151,-0.0017199906843269855,-0.003884626891068166,0.004919783537147515,0.01253364507667442,0.5750000000000002,0.008847489335378822,0.005860140043676982,492,1.0,False,0.5309926311226701,0.1131352907684681
01338266,DES3_Shallow,485,5,0.6476490039816962,43.089405070681806,0.2079886777974524,1.0,34.905033,-5.869125,8.96,False,False,True,0.007523902912312025,-0.0024119994371108126,0.00023756690242063457,-0.00264956633953145,0.007867938269677396,0.0055850160078996965,0.6250000000000002,0.009935902349422838,0.006605624191696492,492,1.0,False,0.0,0.2383363124492478
01338278,DES3_Shallow,486,5,0.5639005351686628,42.5434321308432,0.2018253769836483,1.0,34.429966,-4.976041,9.92,False,False,True,0.0020597703322253872,-0.006063412657006988,-0.0037743503436397595,-0.002289062313367226,0.006258753455733313,0.013482678519140902,0.5750000000000002,0.008123182989232374,0.00534603801042057,492,1.0,False,0.9295977011494253,0.0019464737804350124
01339002,DES3_Shallow,490,5,0.3025544598941461,40.82032145974071,0.1375085801059018,1.0,35.830547,-6.526311,10.87,False,False,True,0.002579855050967979,-0.0002241514989105033,0.0010304952277744232,-0.001254646726684927,0.002975913156624383,0.0005353559068590761,0.32500000000000007,0.002804006549878482,0.0018380508924749949,492,1.0,False,0.0,-0.09726360602644384
01339149,DES3_Shallow,491,5,0.4678114234720747,41.80177504396674,0.1567680479599912,1.0,35.555027,-5.871708,10.0,False,False,True,0.0017864201205106422,-0.004383890873970489,-0.0018465346149605319,-0.002537356259009957,0.003290515600072816,0.009732514066312497,0.4750000000000001,0.006170310994481132,0.004107363918031489,492,1.0,False,0.0,-0.1897416700875323
01341894,DES3_Shallow,496,5,0.3121259516231762,41.018613038492006,0.1312836926236966,1.0,35.302509,-4.65022,10.0,False,False,True,0.012118837482115839,0.009131891838582136,0.009649627239838482,-0.0005177354012563454,0.013921021798086058,-0.020118889419220562,0.32500000000000007,0.002986945643533703,0.0019454055269557697,492,1.0,False,0.9549339549339549,0.02362738753104417
01343401,DES3_Shallow,499,5,0.382857752781391,41.36264546478191,0.1541700679515429,1.0,34.572121,-5.654875,10.74,False,False,True,0.0008931460706365273,-0.0035575148570609763,-0.0019572470667493028,-0.0016002677903116731,0.0034830982208193173,0.007841996105204599,0.3750000000000001,0.004450660927697503,0.003058770883264495,492,1.0,False,0.4063588850174216,-0.16777326441694113
01344692,DES3_Shallow,502,5,0.3794758021695521,41.534001303201,0.2502303338967795,1.0,35.183895,-6.02737,11.06,False,False,True,0.0018200590528828044,-0.002561003300097282,-0.002131741282901113,-0.00042926201719616997,0.0019996138180729053,0.005655191308197887,0.3750000000000001,0.004381062352980087,0.0030105131109830524,492,1.0,False,0.0,0.025982066078962744
01345553,DES3_Shallow,503,5,0.3189213527881984,41.17245955441103,0.1327430368039668,1.0,35.344692,-4.667977,10.03,False,False,True,0.0029325172694172445,-0.0001843082889036547,0.00036634393526389334,-0.000550652224167549,0.0024910092392818116,0.00045881117244861176,0.32500000000000007,0.003116825558320899,0.002021623302499427,492,1.0,False,0.9492667459373761,0.1238451243112035
01345594,DES3_Shallow,505,5,0.4224099953800646,41.6673790185717,0.1914850047920371,1.0,33.898705,-5.599823,11.19,False,False,True,0.006367159777921199,0.001102536723719321,-0.001128170512081933,0.002230707235801253,0.010021358509578863,-0.0023721407121706922,0.42500000000000016,0.005264623054201878,0.003623150241693197,492,1.0,False,0.4188295165394402,-0.07833616818335962
ps0910017,Pan-STARRS,989,5,0.3189217627887779,40.83669910298256,0.1676308106945433,1.0,35.277479,-5.023289,10.0,False,False,True,0.015288081481195785,0.012171248086569268,0.013502100166824607,-0.0013308520802553403,0.014017350140516043,-0.02682699748649891,0.32500000000000007,0.0031168333946265175,0.002021627901099478,492,1.0,False,0.9926504363803399,-0.21191853076721293
psc000014,Pan-STARRS,993,5,0.1351810437669469,39.02256485573785,0.1584671713300104,1.0,35.8779625,-4.6363222,10.53,False,False,True,0.0019242082333136414,0.0013630542483103428,0.0015469239852116397,-0.00018386973690129673,0.0005383409437158938,-0.002978658231906822,0.125,0.0005611539850032985,0.0004473457827128129,492,1.0,False,0.947535052012664,-0.04989278350907199
psc000034,Pan-STARRS,994,5,0.2523833780682032,40.37059971857808,0.1475492175814518,1.0,36.0664375,-3.1865361,8.94,False,False,True,0.0003670115768144679,-0.00157741922422483,-0.0010031875097956616,-0.0005742317144291683,0.001217314122874787,0.003460263173782202,0.275,0.0019444308010392979,0.0013057575336279312,492,1.0,False,0.0,-0.09773334247301707
psc000038,Pan-STARRS,995,5,0.1495553919235603,39.19583806646215,0.146027508198884,1.0,35.0956625,-4.6725083,9.13,False,False,True,0.0019769994129215417,0.0012846313289453844,0.0015175011720661978,-0.00023286984312081345,0.0009180501922594472,-0.002798921252338796,0.125,0.0006923680839761573,0.0005279975409898019,492,1.0,False,0.9887076537013801,-0.11451902055893669
psc061191,Pan-STARRS,1038,5,0.268682791408807,40.78341584097438,0.1482646657849179,1.0,36.2770292,-5.0008528,10.04,False,False,True,0.0019391088337831666,-0.00024525874736027104,-0.0007595853109166038,0.0005143265635563331,0.002168704642745581,0.0005672154552949895,0.275,0.0021843675811434376,0.0014666429938534598,492,1.0,False,0.965531914893617,0.16146250296158002
psc061197,Pan-STARRS,1039,5,0.3278144740581568,40.8829903407828,0.1718786947908208,1.0,35.4774542,-4.1886083,11.13,False,False,True,0.002000166135789391,-0.0012922787747463868,-0.00025068382067190134,-0.0010415949540744855,0.0043068674975518355,0.0028622049696827856,0.32500000000000007,0.0032924449105357777,0.0021380332692954927,492,1.0,False,0.7393058918482648,-0.2342314735971758
psc070111,Pan-STARRS,1041,5,0.3515200234328599,41.42010677435632,0.1893726894777691,1.0,36.39315,-5.2186472,10.2,False,False,True,0.0015385725994073122,-0.002254508259559987,-0.0013603591383569127,-0.0008941491212030742,0.0058792035879420956,0.004961562783425789,0.3750000000000001,0.003793080858967299,0.002544272913177271,492,1.0,False,0.926873857404022,0.10468548484186174
psc070515,Pan-STARRS,1046,5,0.4726259766006226,41.874215887679895,0.1771627363599216,1.0,36.4631667,-5.4048889,9.47,False,False,True,0.002890313916611367,-0.0033758561477513676,-0.0017510932924820202,-0.0016247628552693476,0.0031068919782020993,0.007545400194299647,0.4750000000000001,0.0062661700643627345,0.004157662162833221,492,1.0,False,0.7605021728633511,-0.14352120265232005
psc070530,Pan-STARRS,1047,5,0.3183434829997769,41.25464396375569,0.1753152675869722,1.0,36.2909,-5.0434083,11.46,False,False,True,0.003609430258741158,0.0005036494757110249,-0.0010509305232978242,0.0015545799990088485,0.007074500715103248,-0.0010876167665783126,0.32500000000000007,0.003105780783030133,0.002015141867664634,492,1.0,False,0.99137187230371,0.2105486698649852
psc080048,Pan-STARRS,1052,5,0.3203378206401559,40.943531485392185,0.1588599470906193,1.0,36.1052292,-5.0123167,11.47,False,False,True,0.0029474032446840243,-0.00019649514119236908,0.00047355082677768114,-0.0006700459679700507,0.001579127440554215,0.0004905914920706389,0.32500000000000007,0.0031438983858763933,0.0020375105218384424,492,1.0,False,0.9244288224956063,-0.11612820969280228
psc080296,Pan-STARRS,1054,5,0.4988726850013585,42.078118064662696,0.1838434071705349,1.0,35.4570083,-3.9213833,11.74,False,False,True,0.0029797682570753083,-0.003809168405662158,-0.002213467562740901,-0.001595700842921257,0.0025078927996527926,0.008525864137909508,0.4750000000000001,0.006788936662737466,0.004443222030437877,492,1.0,False,0.009162848812994586,-0.07830408656127164
psc080546,Pan-STARRS,1055,5,0.611578149614165,42.94024451294849,0.1930896852305517,1.0,35.3486875,-4.0070861,9.85,False,False,True,0.002645584907183187,-0.006492654565507877,-0.002373724307853852,-0.004118930257654027,0.012710213978881398,0.014355628557771428,0.6250000000000002,0.009138239472691064,0.006059803984410668,492,1.0,False,0.19103666817564507,0.23836319038716758
psc080723,Pan-STARRS,1057,5,0.4292193558363075,41.886901361349715,0.1657280257338168,1.0,34.9863667,-3.9606056,9.75,False,False,True,0.019051237679169684,0.013649305308747544,0.015126033387659076,-0.0014767280789115319,0.01846896275050319,-0.030250300470412862,0.42500000000000016,0.005401932370422141,0.0037041877117416477,492,1.0,False,0.09932659932659933,0.10050186336348624
psc090128,Pan-STARRS,1060,5,0.4299383652686996,41.91281533154879,0.2021873609918991,1.0,36.0191833,-3.2260639,11.4,False,False,True,0.00299020812795852,-0.0024260399169582112,-0.0016250940530780598,-0.0008009458638801518,0.0071030065550656205,0.0053783886752919036,0.42500000000000016,0.005416248044916731,0.003711699294121074,492,1.0,False,0.0,0.1221551045805527
psc091437,Pan-STARRS,1063,5,0.4640027300003873,41.60310864007923,0.2109215032589141,1.0,35.7548708,-2.8605083,9.6,False,False,True,0.004503788538435618,-0.0015906903270997879,-0.002338149902815297,0.0007474595757155089,0.01372623160681445,0.003447745163789385,0.4750000000000001,0.006094478865535406,0.004067574016144691,492,1.0,False,0.0,-0.36748616973890025
psc100163,Pan-STARRS,1070,5,0.316927465971953,41.08286638173349,0.1809584113738317,1.0,35.4423417,-5.1516,10.43,False,False,True,0.0010810999818544028,-0.0019976165901829145,-0.0008935681593450973,-0.0011040484308378175,0.0042070095043575265,0.004392443900424879,0.32500000000000007,0.0030787165720373173,0.0019992597048059933,492,1.0,False,0.98227969348659,0.049877009783096685
psc110033,Pan-STARRS,1075,5,0.2039020589187834,39.90218761335672,0.1606218697031254,1.0,34.9031333,-3.5292444,10.06,False,False,True,0.0010939322255975443,-0.00018717900729593165,-0.00010704856491757485,-8.013044237835696e-05,0.0016157478054829256,0.00042217882787078933,0.22500000000000003,0.001281111232893476,0.0008815763304988107,492,1.0,False,0.0,-0.04898423347866061
psc120585,Pan-STARRS,1098,5,0.2481828147366021,40.4120181095536,0.149193991663654,1.0,35.773475,-3.6103472,9.62,False,False,True,0.00011316771080258508,-0.0017694283714436649,-0.0010063468220930225,-0.0007630815493506421,0.0009980910346804107,0.0038754115525777505,0.22500000000000003,0.00188259608224625,0.0012642953318487051,492,1.0,False,0.0,-0.01641783335363318
psc310039,Pan-STARRS,1137,5,0.1707530635580976,39.61341868599193,0.1429152157384327,1.0,36.2155625,-3.3447722,9.95,False,False,True,0.00014793247781060264,-0.0007379353985417846,-0.0004748797069787533,-0.0002630556915630315,0.0006251145730940721,0.0016123619360501984,0.17500000000000004,0.0008858678763523873,0.0006469336812638996,492,1.0,False,0.0,0.12251081569621271
psc310188,Pan-STARRS,1145,5,0.3171206977693939,41.166465423033735,0.1498934852441097,1.0,35.2776375,-4.5196444,11.26,False,False,True,0.006044117496949837,0.002961707702279104,0.002053229774675905,0.0009084779276031989,0.010953062334965907,-0.006517810089691116,0.32500000000000007,0.0030824097946707332,0.002001427008458507,492,1.0,False,0.9727095516569201,0.13195781654409552
psc310238,Pan-STARRS,1146,5,0.2819486081061653,40.65596945036404,0.1468340851400791,1.0,35.5267917,-3.2332917,9.91,False,False,True,0.00022775507903902877,-0.002182413607651017,-0.001140349769576329,-0.001042063838074687,0.0006055708561732785,0.00478818175085965,0.275,0.002410168686690046,0.0016069339726165828,492,1.0,False,0.0,-0.08477192833187902
psc310260,Pan-STARRS,1147,5,0.517980901912257,42.18061020498617,0.1889197060138896,1.0,36.1689125,-5.1043083,10.91,False,False,True,0.00938946285542415,0.002219926324439251,-0.002304041246572872,0.004523967571012123,0.013027728190363776,-0.004808269128284078,0.5250000000000001,0.007169536530984898,0.004651938527967919,492,1.0,False,0.8831710709318498,-0.14247187145790421
psc320099,Pan-STARRS,1149,5,0.3790840845497119,41.41594703203844,0.163008909696217,1.0,36.0675,-3.9160222,10.47,False,False,True,0.004069633756638813,-0.0003033672757716769,0.0018151220250077768,-0.0021184893007794533,0.0043297216255852025,0.0007394169587693483,0.3750000000000001,0.00437300103241049,0.0030049236089865696,492,1.0,False,0.18791946308724833,-0.08946579213487821
psc320258,Pan-STARRS,1150,5,0.3400926208709456,41.05182985210976,0.1692393295710034,1.0,34.7479958,-4.8807389,10.96,False,False,True,0.0019513337035908021,-0.0016004125872859656,-0.00010787834773380188,-0.001492534239552164,0.005290057130314404,0.003532530208913697,0.32500000000000007,0.0035517462908767677,0.002348442651078403,492,1.0,False,0.9360845495722194,-0.15733333542233544
psc320469,Pan-STARRS,1151,5,0.3700606126161159,41.46618334540238,0.2792295336630749,1.0,34.4183125,-4.8370833,10.77,False,False,True,0.0009439280513701274,-0.0032407102992005415,-0.0011825099859756713,-0.0020582003132248706,0.0006949242464411744,0.007154826741101573,0.3750000000000001,0.004184638350570669,0.0028620011475290904,492,1.0,False,0.9911048689138576,0.021513924358738605
psc330022,Pan-STARRS,1152,5,0.2630588390275969,40.40804667612375,0.1615899399107871,1.0,35.3240875,-2.949125,10.98,False,False,True,0.009938628604599814,0.007837048851313044,0.008699787421941864,-0.0008627385706288199,0.016566919705143346,-0.017348234098461368,0.275,0.002101579753286771,0.0014111310469980814,492,1.0,False,0.0,-0.16190080568556567
psc330089,Pan-STARRS,1155,5,0.3479164734737339,41.45822635013327,0.1643301079202487,1.0,36.190275,-4.8221417,9.65,False,False,True,0.0008487826319501385,-0.0028681950908699527,-0.0013050612704009028,-0.0015631338204690497,0.001001321310484971,0.006323485675773784,0.32500000000000007,0.003716977722820091,0.002482519235632565,492,1.0,False,0.9192997438087105,0.19206791484742888
psc330128,Pan-STARRS,1156,5,0.320147296936816,40.972920530726064,0.156408031147888,1.0,36.8228208,-3.8213139,10.81,False,False,True,0.002484345853394336,-0.000655911069416992,0.00024036720670769654,-0.0008962782761246887,0.0007282526307533784,0.001493030582173126,0.32500000000000007,0.003140256922811328,0.0020353735923909723,492,1.0,False,0.0012903225806451613,-0.08525614328803392
psc330146,Pan-STARRS,1157,5,0.1342908151494966,39.11888490055903,0.1502341348328809,1.0,36.7176792,-3.1205528,10.74,False,False,True,2.280751666663623e-05,-0.0005302201488231855,-0.00035667456807127754,-0.000173545580751908,0.00020862758531602635,0.0011565908242499481,0.125,0.0005530276654898218,0.0004423508777276552,492,1.0,False,0.0,0.06193119591343135
psc340229,Pan-STARRS,1159,5,0.1402697277913887,39.23536626865161,0.1608272002625473,1.0,35.8790083,-2.8604444,10.39,False,False,True,0.000748876313460546,0.00014127103327851568,-0.0003773355435817589,0.0005186065768602746,0.002483886142462019,-0.0003094290829958005,0.125,0.0006076052801820303,0.00047589742967556095,492,1.0,False,0.0,0.07608577559319998
psc420352,Pan-STARRS,1206,5,0.4014466083817714,41.68385741881572,0.167359667377692,1.0,35.1821625,-3.9624694,9.19,False,False,True,0.0009397074835956075,-0.00389350127046145,-0.0015315220029175464,-0.002361979267543904,0.004465406650585041,0.00858524002732359,0.42500000000000016,0.0048332087540570575,0.0033240192158083062,492,1.0,False,0.08298562818729717,0.0673443903833644
psc440042,Pan-STARRS,1215,5,0.1582571842262692,39.60966160951786,0.1433748384792615,1.0,35.9021333,-3.2939639,8.49,False,False,True,3.65377303019584e-05,-0.0007352633703236239,-0.00046561828825089673,-0.0002696450820727273,0.00023738735338377806,0.0016051905107876783,0.17500000000000004,0.0007718011006255823,0.0005768216575151656,492,1.0,False,0.0,0.29932818830591024
psc440236,Pan-STARRS,1218,5,0.4346655845438896,41.713725876378355,0.1702258195190274,1.0,37.1018542,-4.4246056,11.41,False,False,True,0.0011257245839116597,-0.00438464368997485,-0.0026160631640007397,-0.001768580525974112,0.0034773022383550135,0.009692773218307818,0.42500000000000016,0.0055103682738865106,0.003761085151123069,492,0.7,True,0.9078850405305822,-0.10478271838571793
psc440285,Pan-STARRS,1219,5,0.1761630626073871,39.81098700048976,0.1474350317494187,1.0,36.8042542,-4.1287972,10.63,False,False,True,0.00013216470664037029,-0.0008068158243396252,-0.0005314938293119102,-0.00027532199502771515,0.0005621688066172261,0.001762907983237591,0.17500000000000004,0.0009389805309799955,0.0006792459112598978,492,1.0,False,0.9362076550813903,0.24570149380310705
psc440509,Pan-STARRS,1220,5,0.3181157205906024,40.945751545821224,0.1725456280800092,1.0,34.8496375,-5.4303667,11.82,False,False,True,0.00047701101532485353,-0.0026244165644760758,-0.0012743201982215982,-0.0013500963662544784,0.002015133578266742,0.005769384360731727,0.32500000000000007,0.0031014275798009294,0.00201258726584523,492,1.0,False,0.9904378459989934,-0.09656048218566475
psc450339,Pan-STARRS,1225,5,0.4084624553929477,41.765455416714914,0.2341565415723036,1.0,36.2873542,-3.3533917,10.55,False,False,True,0.008126885803108877,0.003149295001985847,0.00466887853192441,-0.001519583529938564,0.007113667022965991,-0.006804587409532298,0.42500000000000016,0.0049775908011230295,0.003424129828376565,492,1.0,False,0.0,0.10501686782554323
psc460004,Pan-STARRS,1228,5,0.2082197717896059,40.144626321570925,0.1523971658209332,1.0,36.0344625,-3.4641833,9.87,False,False,True,8.81474510936328e-05,-0.0012462181288054872,-0.0007656468858890082,-0.00048057124291647893,0.0009544118682275758,0.0027259513077314747,0.22500000000000003,0.00133436557989912,0.0009130700675287932,492,1.0,False,0.0,0.14288848022617157
psc540163,Pan-STARRS,1271,5,0.3286221766387556,41.23464020172148,0.1502089498319912,1.0,36.0723292,-3.3093417,10.36,False,False,True,0.0007651164525384619,-0.0025443862760253667,-0.001436998276219771,-0.0011073879998055966,0.0023169960393917242,0.00560053278827698,0.32500000000000007,0.003309502728563829,0.0021518747881533093,492,1.0,False,0.0,0.11127291099618582
psc550154,Pan-STARRS,1277,5,0.210124987695347,40.212846525746045,0.1477782445794621,1.0,36.3555667,-3.5962083,10.58,False,False,True,0.0008165307626339032,-0.0005413336074813617,-8.03211855217997e-05,-0.000461012421959562,0.0006647221545301843,0.0011950855011584828,0.22500000000000003,0.001357864370115265,0.0009269668620855186,492,1.0,False,0.0,0.1891051581848539
psc560027,Pan-STARRS,1282,5,0.4388265898546408,41.75363323590862,0.2309815456171849,1.0,35.850625,-3.0839472,10.0,False,False,True,0.0014573554662426426,-0.004135859561685466,-0.002232766439693573,-0.001903093121991894,0.003722826891258734,0.009158599300193799,0.42500000000000016,0.005593215027928109,0.003804555699303434,492,1.0,False,0.0,-0.08915532529490086
psc560121,Pan-STARRS,1286,5,0.3641044995710436,41.5151076427654,0.1751755601240156,1.0,36.3387958,-4.3952611,8.94,False,False,True,0.004464342225383262,0.0004054906370661235,0.002053957267272041,-0.0016484666302059169,0.012526225744437725,-0.000951473277787284,0.3750000000000001,0.0040588515883171385,0.0027599318301678227,492,1.0,False,0.9881342062193126,0.1112909027872489
03D1au,SNLS,1732,5,0.5030838265307911,42.21276449862432,0.1366682538221146,1.0,36.04321,-4.037469,9.55,False,False,True,0.002706509180165574,-0.004166305529317278,-0.0009492832710724344,-0.003217022258244844,0.007203634809558401,0.009272747731305162,0.5250000000000001,0.006872814709482852,0.004489219766109652,492,1.0,False,0.5028997514498758,-0.035206143580158646
03D1aw,SNLS,1733,5,0.5807242679744387,42.76444396012342,0.1450653740436086,1.0,36.061634,-4.517158,9.21,False,False,True,0.011314174453841863,0.002836268670067709,0.006644977130024405,-0.0038087084599566948,0.010502854070065858,-0.006037880087070704,0.5750000000000002,0.008477905783774154,0.005606339618934647,492,1.0,False,0.9327920613441588,0.1467939289134174
03D1ax,SNLS,1734,5,0.4947956137520262,42.15297609067843,0.1341817790488641,1.0,36.097287,-4.720774,11.61,False,False,True,0.006229967455817822,-0.0004777615888793534,-0.0028200053561792393,0.002342243767299886,0.0035156651841431476,0.0011838787746398967,0.4750000000000001,0.006707729044697176,0.0043986887265032885,492,1.0,False,0.96760758907913,0.017641236882613764
03D1bp,SNLS,1735,5,0.3459282071903045,41.39874862513623,0.1291804484633472,1.0,36.657235,-4.838779,10.85,False,False,True,0.0008946859088511047,-0.002780301748233521,-0.0015699476705840862,-0.0012103540776494353,0.0033054721075179597,0.006119835376328924,0.32500000000000007,0.0036749876570846256,0.0024484465139185327,492,1.0,False,0.9603836530442035,0.14696085957315683
03D1co,SNLS,1736,5,0.6776622506150842,43.260242895680406,0.1890108605302287,1.0,36.567748,-4.93505,8.69,False,False,True,0.009549584008942905,-0.0010615555489791404,0.002725625163353275,-0.0037871807123324164,0.011114925798179721,0.002613462300550696,0.6750000000000002,0.010611139557922046,0.007054443143290083,492,1.0,False,0.9542670477746019,0.27323529286281684
03D1ew,SNLS,1737,5,0.8664945968980386,43.4785169571611,0.2047379165611657,1.0,36.058795,-4.665852,8.58,False,False,True,0.006749627313874083,-0.007904965652595089,-0.003892619007316792,-0.0040123466452782995,0.02094637323135351,0.01755400296018305,0.8750000000000002,0.014654592966469173,0.009468478055986067,492,1.0,False,0.9597222222222223,-0.12658743563641328
03D1fc,SNLS,1738,5,0.3309318857355345,41.07425553770992,0.1269100008319618,1.0,36.431648,-4.144059,10.41,False,False,True,0.00199889619374631,-0.0013593851303265007,-0.000516144874193549,-0.0008432402561329522,0.004668167361236356,0.003007139179804977,0.32500000000000007,0.0033582813240728105,0.002191456043416149,492,1.0,False,0.9690844233055886,-0.06660848244359023
03D1fq,SNLS,1739,5,0.798566302111207,43.39193616786141,0.2047076957608107,1.0,36.731935,-4.302217,10.7,False,False,True,0.009152203879701915,-0.004076638923065964,-0.0024633537240427257,-0.0016132851990232388,0.021468983848120498,0.009013196701464107,0.7750000000000002,0.01322884280276788,0.008663456202999135,492,1.0,False,0.9786306149149586,0.08647401701237357
04D1aj,SNLS,1757,5,0.7196266245919412,42.97587937747983,0.1880779356691775,1.0,36.474835,-4.99461,10.0,False,False,True,0.02288512499703236,0.011346094401948992,0.011948858761586072,-0.0006027643596370801,0.03550185153399248,-0.02600800906304518,0.7250000000000002,0.011539030595083367,0.00749423040953166,492,1.0,False,0.9392931392931393,-0.15577888750772614
04D1dc,SNLS,1758,5,0.2100324737747638,39.98035644108062,0.1230586930395374,1.0,36.576935,-4.311968,10.65,False,False,True,0.0008291029201686147,-0.0005276203901826064,-0.00021933762874071065,-0.0003082827614418957,0.003837690901222854,0.001151534710040932,0.22500000000000003,0.001356723310351221,0.0009262920582776626,492,1.0,False,0.9631274988893825,-0.04232076183743534
04D1de,SNLS,1759,5,0.7665902415032531,43.56704814846084,0.1760700807788606,1.0,36.649621,-4.422623,9.69,False,False,True,0.012911855343381348,0.00035992034116144253,0.002270533569035173,-0.0019106132278737331,0.010386717774121172,-0.000373737756402176,0.7750000000000002,0.012551935002219905,0.008230059066108113,492,1.0,False,0.9769585253456221,0.3689058621246798
04D1ff,SNLS,1760,5,0.8585131461609983,43.194939020112145,0.1877047585812375,1.0,36.410924,-4.902631,8.78,False,False,True,0.006944409306583562,-0.007542980732686032,-0.002554342443157923,-0.004988638289528109,0.013233667331337661,0.017037998713637426,0.8750000000000002,0.014487390039269594,0.009377494714022744,492,1.0,False,0.9822510822510823,-0.3857962156832965
04D1hd,SNLS,1761,5,0.3679043471433738,41.58545863843132,0.1262765252402868,1.0,36.536808,-4.109634,8.22,False,False,True,0.0009958442840872926,-0.0031432560368451204,-0.0019298905424323428,-0.0012133654944127773,0.004154961333732475,0.006923667590176768,0.3750000000000001,0.004139100320932413,0.002825049440402822,492,1.0,False,0.8857837181044957,0.15550799754604144
04D1hx,SNLS,1762,5,0.5587464797443935,42.51408303802808,0.1415742898149648,1.0,36.177063,-4.790326,9.68,False,False,True,0.0026135870110386107,-0.005401767841136906,-0.002568966110972015,-0.002832801730164891,0.0023105828850265085,0.012067912108285348,0.5750000000000002,0.008015354852175516,0.005264232641513027,492,0.975,False,0.9203204047217538,-0.0036388677006021636
04D1hy,SNLS,1763,5,0.8485096018060083,43.52349657797704,0.1833347487754059,1.0,36.036226,-4.831071,8.14,False,False,True,0.004443581980378577,-0.00983424441518363,-0.005663907799054047,-0.0041703366161295816,0.007713836738290879,0.02213868976282558,0.8250000000000003,0.014277826395562207,0.009263460821328088,492,1.0,False,0.9165568730786122,-0.10388290570979616
04D1iv,SNLS,1764,5,0.9963905136763612,44.08999592366712,0.2117732017461916,1.0,36.200212,-4.152559,9.09,False,False,True,0.05969255102955572,0.04234063629154602,0.04836252682917935,-0.006021890537633335,0.013308842209738473,-0.09499837746835277,0.9750000000000003,0.017351914738009705,0.011177334974587307,492,1.0,False,0.9379591836734694,0.0011810340420128074
04D1jd,SNLS,1765,5,0.7765946746067607,43.19733511364445,0.198596870823423,1.0,36.961818,-4.94379,10.43,False,False,True,0.055439513773975754,0.0426732178089982,-0.00374292533333049,0.04641614314232869,0.017957141879796936,-0.09579783042112634,0.7750000000000002,0.01276629596497755,0.008387489886314138,492,1.0,False,0.9175627240143369,-0.03484314953714315
04D1jg,SNLS,1766,5,0.5829326543569071,42.61162259352539,0.1438210447431814,1.0,36.552319,-4.1348,11.38,False,False,True,0.0017961586206564758,-0.006729010970748667,-0.0038372230184590024,-0.0028917879522896628,0.005107287519119109,0.01496603657383213,0.5750000000000002,0.008525169591405143,0.00563879662195765,492,1.0,False,0.9378280177634235,-0.015869759539179115
04D1kj,SNLS,1767,5,0.5837428958570987,42.61644062198137,0.1379873607253196,1.0,36.969417,-4.180252,9.97,False,False,True,0.00821126304348721,-0.0003312473079876855,-0.002406294940385698,0.0020750476323980124,0.011347028016612202,0.0008642189079787095,0.5750000000000002,0.008542510351474896,0.005650704869096759,492,1.0,False,0.961250550418318,-0.014653956045208902
04D1ks,SNLS,1768,5,0.7965526109160754,42.91039162347422,0.1896468083023187,1.0,36.039649,-4.978721,8.02,False,False,True,0.011044789600625257,-0.0021416609626780728,-0.004545149538133438,0.0024034885754553644,0.010666047385292718,0.005165632436269312,0.7750000000000002,0.01318645056330333,0.00863816399640456,492,1.0,False,0.9364870784056066,-0.3884359258866016
04D1oh,SNLS,1769,5,0.5887211746835785,42.6483645982282,0.1450944067131717,1.0,36.25984,-4.236187,9.21,False,False,True,0.005742536613152058,-0.002906518686551127,-0.002118460239313915,-0.0007880584472372111,0.011563625352251068,0.006494570313905351,0.5750000000000002,0.008649055299703185,0.0057238714183035135,492,1.0,False,0.974613248710829,-0.004759312213182029
04D1ow,SNLS,1770,5,0.91347307228868,43.74638423737044,0.1895471417647871,1.0,36.677899,-4.30619,9.45,False,False,True,0.007704506341037001,-0.007938062208182477,-0.004220193228818141,-0.0037178689793643384,0.018093852892233767,0.017817842667565486,0.9250000000000003,0.015642568549219478,0.010168670195625305,492,1.0,False,0.9771453212591634,0.11321279864723867
04D1pc,SNLS,1771,5,0.7685871905535504,43.23228096602478,0.1876706554598762,1.0,36.60365,-4.3994,10.47,False,False,True,0.006703620032498596,-0.005891244638338344,-0.0014331715144180407,-0.0044580731239203045,0.010469312125584412,0.013338736393207434,0.7750000000000002,0.01259486467083694,0.008262685903247526,492,1.0,False,0.9890350877192983,0.02731070873849263
04D1pd,SNLS,1772,5,0.9484549670694488,43.57052764245335,0.2272107484644107,1.0,36.915633,-4.631172,10.27,False,False,True,0.016398523516465358,3.207862350622717e-05,0.004404919115265929,-0.004372840491759703,0.01878903665696409,0.00031337809674657213,0.9250000000000003,0.01636644489295913,0.010651260187432001,492,1.0,False,0.890975721484196,-0.16176838120340273
04D1pg,SNLS,1773,5,0.5137934613946333,42.50506013030727,0.1431775625401641,1.0,36.767329,-4.175287,9.84,False,False,True,0.012547026773694975,0.005460896209720663,-0.0013295604292195202,0.006790456638940184,0.00974086924767314,-0.011847777940341427,0.5250000000000001,0.007086130563974312,0.004606199675278042,492,1.0,False,0.9730082716586852,0.20288394242824678
04D1pp,SNLS,1774,5,0.7336087270986067,43.081768919892106,0.1684463491385093,1.0,36.301993,-4.701584,11.43,False,False,True,0.0122386054133404,0.0003956947518609748,0.0007055469275436066,-0.00030985217568263185,0.01083486885140991,-0.0005097271068041469,0.7250000000000002,0.011842910661479425,0.00769119579419273,492,1.0,False,0.9307974335472043,-0.10029568581090983
04D1pu,SNLS,1775,5,0.637700843514792,42.51756240506883,0.2052624233930393,1.0,36.868641,-4.744934,9.36,False,False,True,0.002781113360435043,-0.006930601218241763,-0.004190908318651921,-0.002739692899589843,0.015249038903872778,0.015254583771021157,0.6250000000000002,0.009711714578676806,0.006452526840832359,492,1.0,False,0.9163716814159292,-0.29316758190505376
04D1qd,SNLS,1776,5,0.765588659105167,43.179949569124545,0.1718237045767353,1.0,36.637813,-4.107177,10.54,False,False,True,0.011780937698056097,-0.0007494656579577711,-0.005435357081992809,0.0046858914240350364,0.026982675292844437,0.001384722006219901,0.7750000000000002,0.012530403356013868,0.008213694870046532,492,1.0,False,0.8678485092667204,-0.014761629398937534
04D1rh,SNLS,1777,5,0.4348609256512308,41.8304182679458,0.1325829190329917,1.0,36.946448,-4.253765,9.92,False,False,True,0.0006351289802335189,-0.004879128588538604,-0.0025151624125559404,-0.0023639661759826645,0.005134272119674478,0.010753897097654794,0.42500000000000016,0.005514257568772123,0.0037631259043507423,492,1.0,False,0.9799732977303071,0.010764993078690641
04D1rx,SNLS,1778,5,0.983407441173638,44.10349402985653,0.2205053970040061,1.0,36.295958,-4.618349,9.83,False,False,True,0.013626531223552505,-0.003457829193881554,0.0018063823749016154,-0.005264211568783171,0.014318458116647738,0.008232713530277026,0.9750000000000003,0.01708436041743406,0.011065380455619465,492,1.0,False,0.9421641791044776,0.04930796565017222
04D1sa,SNLS,1779,5,0.583743244093273,42.70340025988005,0.1518933798603352,1.0,36.983995,-4.176071,10.66,False,False,True,0.010580938644394172,0.0020384208399809277,-0.0030338853919460456,0.005072306231926975,0.006766569246802521,-0.004226435427465196,0.5750000000000002,0.008542517804413244,0.005650709987178746,492,1.0,False,0.9513415188722146,0.0723041346607184
04D1si,SNLS,1780,5,0.7006316638078103,42.98687188206328,0.1713203692473321,1.0,36.203316,-4.56895,10.68,False,False,True,0.0016388546883825085,-0.00948017074059148,-0.004588259327660239,-0.004891911412931243,0.005088042505332009,0.021146769710740667,0.7250000000000002,0.01111902542897399,0.007295162936721845,492,1.0,False,0.9542697153523099,-0.0747783924121532
04D1sk,SNLS,1781,5,0.6620584932661566,42.93823585822013,0.1669255558835262,1.0,36.094908,-4.353621,10.46,False,False,True,0.006616300638071188,-0.003644328206367396,0.000439636128985379,-0.004083964335352775,0.01640040404396295,0.008099877952486364,0.6750000000000002,0.010260628844438584,0.0068273792231010565,492,1.0,False,0.9444444444444444,0.012046693592739053
05D1az,SNLS,1838,5,0.8405222392157119,43.594506145232195,0.1892768175417525,1.0,36.302108,-4.602335,8.68,False,False,True,0.002761270867724283,-0.011349228753583194,-0.0067138517175212775,-0.004635377036061915,0.004242683541717835,0.025470007683958677,0.8250000000000003,0.014110499621307476,0.009172410088086643,492,1.0,False,0.9462714219546086,-0.007979887987993622
05D1cb,SNLS,1839,5,0.6306991646728362,42.76739417189163,0.1443144858559814,1.0,36.737733,-4.117567,10.15,False,False,True,0.010928313683001128,0.0013743861420666068,-0.003674902065931913,0.00504928820799852,0.01726432252295354,-0.0029877078489280277,0.6250000000000002,0.009553927540934521,0.006344774409026394,492,1.0,False,0.895503746877602,-0.014583473311902934
05D1cc,SNLS,1840,5,0.5627509281965839,42.58741914217862,0.1361081461936232,1.0,36.629866,-4.164801,9.35,False,False,True,0.00391776482899516,-0.004181367200761083,-0.002216919920184813,-0.00196444728057627,0.006174054969806541,0.009377331691113724,0.5750000000000002,0.008099132029756243,0.005327791403679253,492,1.0,False,0.9658857377722976,0.05121612825048717
05D1ck,SNLS,1841,5,0.6156983119092554,42.825830885614295,0.1534153013232823,1.0,36.10354,-4.7128,9.76,False,False,True,0.0340097690359521,0.024783349994835183,-0.003879979748442147,0.02866332974327733,0.014459303407350974,-0.054913606558579284,0.6250000000000002,0.009226419041116917,0.006120358659592794,492,1.0,False,0.9664804469273743,0.10649118727026394
05D1cl,SNLS,1842,5,0.8285284415608116,43.88391622819477,0.1927699292305272,1.0,36.273563,-4.220818,8.47,False,False,True,0.012565678976619686,-0.0012935633053632305,-0.002229146635362748,0.0009355833299995167,0.017354336201809803,0.0031301089895112676,0.8250000000000003,0.013859242281982917,0.009035688603556205,492,1.0,False,0.9735804416403786,0.31924604374693594
05D1dn,SNLS,1843,5,0.5647412231256468,42.4886672009845,0.1450331392443544,1.0,36.11104,-4.991558,10.27,False,False,True,0.03484679973583908,0.026706028690447886,0.006062638827902091,0.020643389862545793,0.028641307480012784,-0.059864138262919676,0.5750000000000002,0.008140771045391194,0.0053593814424941506,492,1.0,False,0.9206349206349206,-0.0566751225971137
05D1dx,SNLS,1844,5,0.5787454138340153,42.538373045749566,0.1372461794788689,1.0,36.945791,-4.03249,9.45,False,False,True,0.0035338905680908574,-0.004901663849017919,-0.0012761875057950372,-0.0036254763432228814,0.01402655538605923,0.01079266786331958,0.5750000000000002,0.008435554417108776,0.005577256087480334,492,1.0,False,0.5971001757469244,-0.07042748355851867
05D1ee,SNLS,1845,5,0.557743153665001,42.52536793734644,0.1432593518823026,1.0,36.194786,-4.000485,11.01,False,False,True,0.0010941913016032662,-0.006900172937725517,-0.003170680340479614,-0.0037294925972459025,0.00039326440343994594,0.015330659400473626,0.5750000000000002,0.007994364239328783,0.005248307810811213,492,1.0,False,0.498948254101809,0.012296130098227734
05D1em,SNLS,1846,5,0.8644970993475649,43.69949786486995,0.1862539862195831,1.0,36.02301,-4.939906,11.1,False,False,True,0.040393750198325834,0.025781002686839326,0.008241844147955691,0.01753915853888363,0.007807703706644524,-0.056966960062369856,0.8750000000000002,0.014612747511486507,0.009445707884410338,492,1.0,False,0.9096020761245674,0.10047166781009373
05D1eo,SNLS,1847,5,0.7356079673923455,43.28537014830635,0.1879022768079955,1.0,36.346421,-4.642671,11.17,False,False,True,0.013458004760381035,0.0015721151739844976,-0.005547033123495237,0.007119148297479736,0.018320563436675104,-0.0033409584024818514,0.7250000000000002,0.011885889586396537,0.007723860066451781,492,1.0,False,0.9425022999080037,0.09617385110267976
05D1er,SNLS,1848,5,0.8585072828224272,43.52121616941675,0.2179615792412156,1.0,36.422736,-4.004535,10.43,False,False,True,0.010372589419818754,-0.004114677788726883,0.0016554982612898856,-0.005770176050016768,0.011128397787187204,0.009582173059285569,0.8750000000000002,0.014487267208545637,0.009377427875780445,492,1.0,False,0.5863617803184974,-0.059501083179260304
05D1hk,SNLS,1849,5,0.2619841060705088,40.44192453024786,0.1247654653427717,1.0,36.163234,-4.634253,8.95,False,False,True,0.0005015573143858717,-0.001584201748928388,-0.0007020706252435132,-0.0008821311236848742,0.00019156572629133606,0.0034808653685932476,0.275,0.0020857590633142596,0.0014005227568217764,492,1.0,False,0.9587822014051522,-0.11796767412991131
05D1hm,SNLS,1850,5,0.5857437830629377,42.86374649113593,0.1517384148782624,1.0,36.942572,-4.717286,9.89,False,False,True,0.0016516750108245878,-0.006933658258206235,-0.004209107833127874,-0.00272455042507836,0.008631188971889135,0.015360665448068815,0.5750000000000002,0.008585333269030822,0.005680112223989073,492,1.0,False,0.8914903196758217,0.2237764894329141
05D1if,SNLS,1851,5,0.7615804036972535,43.182016048498575,0.1744803300019755,1.0,36.123871,-4.570338,10.0,False,False,True,0.006423572863255276,-0.0060206625074669595,-0.00073762664262519,-0.00528303586484177,0.00790299860231248,0.013669877955533028,0.7750000000000002,0.012444235370722236,0.00814820662116623,492,1.0,False,0.9475638051044084,0.0010793480762413404
05D1ix,SNLS,1852,5,0.4887998242191027,42.16347222569832,0.1330715571700687,1.0,36.083196,-4.670004,7.5,False,False,True,0.005084992784026589,-0.0015033113704827168,0.0014954949839382174,-0.002998806354420935,0.008223606691927295,0.0034213881739984502,0.4750000000000001,0.006588304154509306,0.0043331975193919995,492,1.0,False,0.9703016241299304,0.059446653880900424
05D1iz,SNLS,1853,5,0.8585164582948752,43.91902761907098,0.2387751996674884,1.0,36.553202,-4.77337,8.96,False,False,True,0.00539305815866192,-0.00909440126629929,-0.0034263208554357553,-0.005668080410863535,0.007054658044338872,0.020554589953976125,0.8750000000000002,0.01448745942496121,0.009377532470192528,492,1.0,False,0.9478885893980233,0.3382822248218066
05D1ke,SNLS,1854,5,0.6886564041709764,42.958875414164766,0.1579295771039508,1.0,36.692882,-4.862496,8.9,False,False,True,0.0045733217261204355,-0.006280913953080902,-0.002061863296537933,-0.004219050656542971,0.007764345035944303,0.014110296932825204,0.6750000000000002,0.010854235679201338,0.007169662036812775,492,1.0,False,0.9603796945934792,-0.07018418156910175
05D1kl,SNLS,1855,5,0.5587427959734994,42.972655815680966,0.1610608946139859,1.0,36.139745,-4.31896,8.46,False,False,True,0.006556864615286737,-0.0014584131686153218,0.0005306732610805952,-0.001989086429695917,0.01364971790939244,0.0032811151679879892,0.5750000000000002,0.008015277783902059,0.005264174172557582,492,1.0,False,0.9496587030716723,0.45495096863082496
SCP05D0,SuzukiRubin,1968,5,1.0123472611392637,44.09429660705335,0.2685963172270599,1.0,35.425275,-3.364755555555556,10.0,False,True,True,0.012501145701106723,-0.005179604659221074,0.0019375508424540212,-0.0071171555016751,0.015501037561067885,0.012048558524535537,1.0250000000000004,0.017680750360327797,0.01131493183281373,492,1.0,False,0.0,-6.938893903907228e-18
SCP05D6,SuzukiRubin,1969,5,1.3131010648273116,44.8447602644184,0.2361862255360604,1.0,35.44368333333333,-3.3822722222222223,10.0,False,True,True,0.026334150242077747,0.0028327136231080206,-0.005645782073324701,0.008478495696432721,0.013330338935166967,-0.005106281391324505,1.3250000000000006,0.023501436618969727,0.015305553278039062,492,1.0,False,0.0,0.04883867260253463
SCP06R12,SuzukiRubin,1979,5,1.2102060200857658,44.698959668535366,0.5276603198834235,1.0,35.75034583333334,-4.600847222222223,10.0,False,True,True,0.03705299715817244,0.015362260722142793,0.0014111312779628467,0.01395112944417995,0.022989385688780336,-0.033813253931860895,1.2250000000000005,0.021690736436029645,0.013606810880247152,492,1.0,False,0.9491304347826087,0.0
01248677,DES3_Deep,303,4,0.3501922445086136,41.26874458326081,0.1048611899586135,1.0,53.646217,-28.127001,9.85,False,False,True,0.0002417647641136649,-0.003689595927395293,-0.002274764621125273,-0.001414831306270019,0.0009015516916581719,0.008128499047708062,0.3750000000000001,0.003931360691508958,0.002521147867899792,497,0.925,False,0.9917971662938105,-0.03717967308449217
01262214,DES3_Deep,306,4,0.6893664114401092,43.07216089788592,0.1696620138709475,1.0,53.502693,-28.660202,8.86,False,False,True,0.003290265938911601,-0.007344321792974093,-0.004247361909232266,-0.0030969598837418282,0.008794757546408148,0.016435327892672796,0.6750000000000002,0.010634587731885694,0.006465932509458121,497,1.0,False,0.7439429928741093,0.04040772347176838
01262715,DES3_Deep,307,4,0.6893601579787407,42.85709351257355,0.1387458447489902,1.0,53.369957,-28.442709,11.05,False,False,True,0.009142023999271824,-0.0014924129505584204,-0.004753732315074696,0.003261319364516276,0.02178921716747895,0.0032602740171633407,0.6750000000000002,0.010634436949830245,0.006465846557647393,497,1.0,False,0.9968960165545784,-0.1746359494810767
01285160,DES3_Deep,310,4,0.7493108646697713,43.27682515789307,0.1462153549788169,1.0,52.398907,-28.647585,7.98,False,False,True,0.002721472933704415,-0.009362485305281953,-0.005114702888170473,-0.004247782417111481,0.006191990511275734,0.021077309770803243,0.7250000000000002,0.012083958238986368,0.007197683554516919,497,1.0,False,0.9479073909171861,0.03924483072477216
01289600,DES3_Deep,312,4,0.419624763151611,41.989628533504856,0.1207894901232169,1.0,52.047657,-27.862852,9.71,False,False,True,0.004692070181693734,-0.0005966888232045008,0.0009048563746749719,-0.0015015451978794725,0.0029785932872201716,0.0014605678926961456,0.42500000000000016,0.005288759004898235,0.003281430004677301,497,1.0,False,0.9856938483547926,0.26073081872008724
01292195,DES3_Deep,313,4,0.8292951102052186,43.43897995261902,0.1989063177778157,1.0,53.042854,-28.293522,8.95,False,False,True,0.0034375850877576093,-0.01059502905334984,-0.00611576892588683,-0.004479260127463014,0.002303854692060917,0.023995027033110045,0.8250000000000003,0.014032614141107451,0.008307871135092078,497,1.0,False,0.9865263157894737,-0.1281233851509148
01297465,DES3_Deep,317,4,0.2778763574849618,40.92369038356827,0.1058621880139559,1.0,51.795311,-27.822104,10.0,False,False,True,7.564965353638643e-05,-0.0025517270618079122,-0.00149354069651397,-0.001058186365293943,0.0005410310528923046,0.005599677684305339,0.275,0.002627376715344299,0.0018189117971887999,497,1.0,False,0.7862823061630219,0.21885354296642476
01300912,DES3_Deep,318,4,0.3376548014842233,41.26045214227237,0.1076250415783959,1.0,52.037891,-27.532908,9.74,False,False,True,0.00042450994464316946,-0.003261037399617554,-0.0018257962575946429,-0.0014352411420229109,0.0012864198433023613,0.007184850553920075,0.32500000000000007,0.003685547344260723,0.0023624070555330586,497,1.0,False,0.9765411893071467,0.06929642842799062
01302187,DES3_Deep,320,4,0.2195023859032221,40.03952814716361,0.1189157705670775,1.0,52.161892,-27.142117,10.95,False,False,True,0.00032490515631062314,-0.0012714006572769202,-0.0006789400567657048,-0.0005924606005112155,8.565456614388182e-05,0.0027882597452734987,0.22500000000000003,0.0015963058135875434,0.0010721105364448014,497,1.0,False,0.966900702106319,-0.08988529579839384
01304442,DES3_Deep,322,4,0.2171112217176234,40.169256344974166,0.1231433738721304,1.0,52.163063,-28.108288,9.57,False,False,True,0.0001804277639923519,-0.0013813378087999468,-0.0008008474582603413,-0.0005804903505396056,0.0008099971790580983,0.003025554038704439,0.22500000000000003,0.0015617655727922987,0.0010529332497586225,497,1.0,False,0.9775853285787061,0.06638455225831545
01307830,DES3_Deep,326,4,0.3492829284853669,41.44503842173314,0.1154354729586114,1.0,53.294464,-27.957768,10.4,False,False,True,0.0007283083751175514,-0.0031852239589706885,-0.0022693495271969627,-0.0009158744317737258,0.004987333572926489,0.007000804899302238,0.32500000000000007,0.00391353233408824,0.002509634709758419,497,0.85,True,0.9571713147410359,0.1690476807280785
01309492,DES3_Deep,329,4,0.3334897113954451,41.05854705201931,0.1040408225423478,1.0,53.30085,-28.024872,9.56,False,False,True,0.004280671998363092,0.0006767868187336438,0.0014405495393076625,-0.0007637627205740184,0.006604828217701934,-0.0014412817478239946,0.32500000000000007,0.003603885179629448,0.0023096714392684793,497,0.825,True,0.9404888416578109,-0.10156173914954429
01309749,DES3_Deep,330,4,0.7892835350418792,43.28026502810957,0.1544595346846778,1.0,52.538422,-27.317421,9.12,False,False,True,0.01827751365330701,0.005220474111198203,0.009979642541160771,-0.0047591684299625675,0.011850636778398546,-0.01096209674597098,0.7750000000000002,0.013057039542108809,0.007678182094078171,497,1.0,False,0.9967274427302478,0.005523255218068082
01316385,DES3_Deep,332,4,0.1477623141953492,39.00767776995346,0.1107332316347468,1.0,53.525982,-27.632116,9.8,False,False,True,8.342387910902636e-05,-0.000537946304629244,-0.00039120817864577237,-0.00014673812598347164,7.966355698444309e-05,0.0011741444056970348,0.125,0.0006213701837382704,0.0004688788689616797,497,1.0,False,0.9778270509977827,-0.2742046104825414
01316465,DES3_Deep,333,4,0.3290793407198824,41.10215686690937,0.1038570290236848,1.0,52.797485,-27.959307,9.32,False,False,True,0.0008622475520363852,-0.0026551664088400465,-0.0012446717631621903,-0.0014104946456778567,0.0040246852007609305,0.005842594219485514,0.32500000000000007,0.0035174139608764314,0.0022538302424219402,497,1.0,False,0.9128014842300557,-0.02468259942126742
01322979,DES3_Deep,336,4,0.5293829178592093,42.35815336856549,0.1165466779928711,1.0,52.069336,-28.063671,7.86,False,False,True,0.013034677614978724,0.005645730330705038,0.008486212002948667,-0.002840481672243629,0.016913634188300147,-0.012408399393463155,0.5250000000000001,0.007388947284273686,0.004498594932923911,497,1.0,False,0.9532163742690059,-0.021057792522630216
01325358,DES3_Deep,337,4,0.7792992563535928,43.033442061992574,0.2043562977995177,1.0,52.2841,-28.951557,8.22,False,False,True,0.006872569500689709,-0.0059402090830702,-0.0010698407090873443,-0.004870368373982855,0.007832404485856512,0.013651187355104701,0.7750000000000002,0.012812778583759909,0.007521044795220823,497,1.0,False,0.965792980897379,-0.20786461390214325
01329166,DES3_Deep,338,4,0.731618133049192,43.19663082013008,0.1637864487993304,1.0,52.303516,-28.911634,10.0,False,False,True,0.0026479877880423806,-0.009006453783326335,-0.004687935979812561,-0.0043185178035137755,0.005107671588364265,0.020270819238712406,0.7250000000000002,0.011654441571368716,0.007021578466236422,497,1.0,False,0.9665071770334929,0.021685684563084638
01329196,DES3_Deep,339,4,0.7693264109682705,43.193540598738096,0.1494461286802608,1.0,53.075779,-28.906466,9.42,False,False,True,0.006569317116887312,-0.006000547477942866,-0.003050184801546848,-0.002950362676396016,0.005553722271610178,0.013795180222866701,0.7750000000000002,0.012569864594830178,0.00739690884224918,497,1.0,False,0.9775993237531699,-0.013952853996937895
01333438,DES3_Deep,343,4,0.3994509001858017,41.73853243900928,0.1637051428937926,1.0,52.352478,-28.996702,10.68,False,False,True,0.0007964565144954602,-0.004098538660684528,-0.0021689642533349015,-0.001929574407349626,0.002452976920164546,0.009061627328249588,0.3750000000000001,0.004894995175179988,0.0030797207098983916,497,1.0,False,0.9648014440433214,0.1008093768134471
01334707,DES3_Deep,345,4,0.6488328487670945,42.94701323788881,0.133026332190905,1.0,51.776356,-28.627846,9.27,False,False,True,0.0030794599240157416,-0.006666835884894699,-0.003799215699673684,-0.002867620185221016,0.006343712418819232,0.014985988666511527,0.6250000000000002,0.00974629580891044,0.006013767449432581,497,1.0,False,0.7826262626262627,0.09118351922375342
01334879,DES3_Deep,346,4,0.6393497078996211,42.69893971908804,0.1336336586856739,1.0,52.408852,-28.216372,9.67,False,False,True,0.02087277424334886,0.01132286360394885,0.01508049216484195,-0.0037576285608930987,0.025484870410736382,-0.02527521744253932,0.6250000000000002,0.009549910639400009,0.00592146134108821,497,1.0,False,0.9413347685683531,-0.11851754542223016
01335717,DES3_Deep,347,4,0.3047936508275715,41.13230529979835,0.104870094686005,1.0,52.859905,-28.353096,10.0,False,False,True,0.0023457472755408822,-0.0007443382248420857,0.0001427001044107248,-0.0008870383292528104,0.005025521875182597,0.0016639565431588801,0.32500000000000007,0.003090085500382968,0.002037836967679132,497,1.0,False,0.9948207171314741,0.1964118258627263
01335718,DES3_Deep,348,4,0.6993249699981432,43.19867765593537,0.1359616642821748,1.0,52.309444,-28.385372,8.64,False,False,True,0.015280657228359862,0.004405950970074613,0.008160169716273313,-0.003754218746198699,0.0051306074491975365,-0.009172974342182658,0.6750000000000002,0.010874706258285249,0.0066028096867317195,497,1.0,False,0.924044734389562,0.1294221031573622
01343208,DES3_Deep,351,4,0.4992197631020045,42.11684968479518,0.1338366569082954,1.0,52.846481,-28.544226,10.38,False,False,True,0.010138825830224367,0.0033168804015671913,4.524732228348115e-05,0.0032716330792837097,0.007046351410799472,-0.0070773358515505876,0.4750000000000001,0.006821945428657176,0.004159340414235128,497,1.0,False,0.9782699540325951,-0.041360134552047345
01343759,DES3_Deep,352,4,0.5079943476444553,42.18976340764458,0.1224792532775169,1.0,51.978981,-28.564434,9.74,False,False,True,0.006040068082005957,-0.0009463402657701077,-0.002445581439515087,0.001499241173744979,0.00887064070945933,0.0022598026959385325,0.5250000000000001,0.006986408347776064,0.00425221648990026,497,1.0,False,0.9310344827586207,-0.08319450671229292
01346387,DES3_Deep,353,4,0.3444771283396386,41.37150974473536,0.1145797417235384,1.0,52.695011,-28.64933,10.81,False,False,True,0.008149165990189663,0.004329857798753905,0.004283893270740637,4.596452801326864e-05,0.004012082469876926,-0.009470499424614776,0.32500000000000007,0.0038193081914357574,0.002448786846464366,497,1.0,False,0.9986541049798116,0.1302584080652249
01253039,DES3_Shallow,355,4,0.4534672904015684,41.933549945787206,0.1249695627389272,1.0,54.418591,-27.527397,10.79,False,False,True,0.008164486641331863,0.0022160880785876847,0.004611152786619463,-0.0023950647080317783,0.0076686672993113245,-0.0046937530311686425,0.4750000000000001,0.005948398562744178,0.003658453476061927,497,1.0,False,0.8052120141342756,0.02167613840618854
01253920,DES3_Shallow,357,4,0.1955625959053246,39.727683032507535,0.1106006368681264,1.0,54.629311,-27.04277,9.23,False,False,True,0.0010227602051720555,-0.00022773660203480209,0.0002136110004819072,-0.0004413476025167093,0.0009822179251628965,0.000510423996338015,0.17500000000000004,0.0012504968072068576,0.0008801119197200991,497,1.0,False,0.0,-0.08787142653172372
01257366,DES3_Shallow,359,4,0.2113408050139094,40.14581267875838,0.1263045020466147,1.0,53.899559,-26.969273,10.96,False,False,True,0.0007161554067477092,-0.0007622568005017381,-0.0007658197161859865,3.5629156842485092e-06,0.0023386690440359943,0.0016746908612544444,0.22500000000000003,0.0014784122072494473,0.0010066541460097798,497,1.0,False,0.0,0.10812634629544486
01283373,DES3_Shallow,370,4,0.2075626168390045,40.152512736588726,0.1166453989278161,1.0,54.946724,-26.730389,10.23,False,False,True,0.00029891420083926466,-0.0011249222770993632,-0.0006421271793196421,-0.0004827950977797211,0.0016958134889297665,0.0024631091858317907,0.22500000000000003,0.0014238364779386278,0.0009763528399677854,497,1.0,False,0.0,0.1584078276470417
01289656,DES3_Shallow,376,4,0.5394309791313667,42.38170600422277,0.1708024752544061,1.0,54.301674,-27.355434,8.73,False,False,True,0.00427310717345985,-0.0033079565146252347,-0.0001986660307467308,-0.0031092904838785048,0.0032787825519357107,0.007517082351435771,0.5250000000000001,0.0075810636880850844,0.004650772696078097,497,1.0,False,0.691117984975696,-0.04603332358189919
01290779,DES3_Shallow,378,4,0.3895014109010326,41.6298176544404,0.1356819159592483,1.0,54.723251,-27.905073,2.0,False,False,True,0.003921144149475781,-0.0007796517783339252,0.0008431025226017545,-0.0016227543009356797,0.003689909115442273,0.0018222139733569485,0.3750000000000001,0.0047007959278097065,0.0029802402846351482,497,0.975,False,0.19313091090094575,0.05592651788198837
01290816,DES3_Shallow,379,4,0.2184506252983489,40.32252403212466,0.1157505104684414,1.0,54.172512,-27.84,8.86,False,False,True,0.0005216493258442115,-0.00105946386116835,-0.0009334940859082617,-0.00012596977526008825,0.0034767360472266946,0.002315246434217377,0.22500000000000003,0.0015811131870125616,0.001063675350451987,497,1.0,False,0.972457627118644,0.20475179582704567
01291794,DES3_Shallow,382,4,0.3951172942378953,41.43575457825725,0.1474885973212565,1.0,55.169327,-28.711853,10.94,False,False,True,0.023281920365159445,0.018471510738985585,0.004710354099661498,0.01376115663932409,0.0169779990515082,-0.040875430102965155,0.3750000000000001,0.004810409626173859,0.0030363909519297095,497,1.0,False,0.0,-0.1743496218016362
01292145,DES3_Shallow,384,4,0.4924532810580331,42.38863468797196,0.1959179086515605,1.0,53.630531,-29.648947,9.22,False,False,True,0.007138138622039704,0.0004430180457425754,0.0004657966937075403,-2.2778647964966613e-05,0.021545080766472362,-0.0012762480193691146,0.4750000000000001,0.006695120576297129,0.004087719439445693,497,1.0,False,0.0,0.26548863169085335
01295256,DES3_Shallow,392,4,0.4424566257593436,41.8567196690376,0.1356954043948885,1.0,53.719418,-27.832769,8.8,False,False,True,0.0014506795568321532,-0.004283161597376827,-0.0020851873650009176,-0.00219797423237591,0.0011681879831101306,0.0095268214774635,0.42500000000000016,0.005733841154208981,0.003533414678433192,497,0.85,True,0.9754366812227074,-0.007075763289724004
01299643,DES3_Shallow,399,4,0.3800038820377722,41.49021832263942,0.1195245696811738,1.0,55.102634,-26.72208,9.25,False,False,True,0.010373909970790286,0.005858491694469299,0.0075479933113308485,-0.0016895016168615496,0.007639008978965227,-0.012785273281684275,0.3750000000000001,0.004515418276320986,0.0028852788063898874,497,1.0,False,0.0,-0.02131070316793155
01299775,DES3_Shallow,400,4,0.159771595339577,39.181337920707456,0.1169229351762325,1.0,53.438889,-29.676743,10.78,False,False,True,0.00037882063037426904,-0.0003889751492020707,-0.00033521875250838105,-5.375639669368974e-05,0.0007841820387566155,0.0008522619480505511,0.17500000000000004,0.0007677957795763397,0.0005774829206790219,497,1.0,False,0.0,-0.15157554200494536
01299785,DES3_Shallow,401,4,0.3812885853915888,41.46337329001081,0.1337668561283289,1.0,53.911511,-28.319296,10.19,False,False,True,0.019657361346259013,0.015116867569350555,0.016522798443645688,-0.0014059308742951334,0.004845786068020627,-0.033126878176110944,0.3750000000000001,0.004540493776908457,0.002898123971836764,497,1.0,False,0.970325011775789,-0.05667540786670328
01302058,DES3_Shallow,403,4,0.198352591098686,39.521778520546704,0.1091188959048369,1.0,53.396389,-29.190622,9.66,True,False,True,0.00032813529994967937,-0.0009626628409659506,-0.0005912317105670395,-0.00037143113039891115,0.0012541741961790008,0.002106168919204517,0.17500000000000004,0.00129079814091563,0.0009024878560938518,497,1.0,False,0.29901079136690645,-0.3278510344839314
01303279,DES3_Shallow,407,4,0.1723823922539173,39.255996450342856,0.116576399266752,1.0,54.906788,-27.813025,10.62,False,False,True,0.0001539582008713631,-0.0007675972775577841,-0.00046207860751362555,-0.0003055186700441586,0.0005080499639570634,0.0016770397349836874,0.17500000000000004,0.0009215554784291472,0.0006915266859830089,497,1.0,False,0.0,-0.25754037697121057
01303496,DES3_Shallow,408,4,0.1797717401195735,39.66001044736799,0.1193103911164765,1.0,53.848209,-29.591787,10.64,False,False,True,0.0006420632057567066,-0.000380335520821588,-0.0005921269370657218,0.00021179141624413374,0.002501894891831759,0.0008306087968883262,0.17500000000000004,0.0010223987265782946,0.0007534682662866419,497,1.0,False,0.0,0.04628750607931999
01304678,DES3_Shallow,412,4,0.2188637677342773,40.23591799925743,0.1426890472715426,1.0,54.870091,-27.643946,11.23,False,False,True,0.0005856908874763534,-0.0010013901202762664,-0.00040479304009407343,-0.0005965970801821926,0.0024750050999141817,0.0021954756130929385,0.22500000000000003,0.0015870810077526197,0.001066988778690726,497,1.0,False,0.0,0.11356678793711932
01306141,DES3_Shallow,414,4,0.3324344019641088,41.04354652099573,0.1162409394582424,1.0,54.897774,-28.910761,9.68,False,False,True,0.030466387668131333,0.026883193242046667,0.02790500514487073,-0.0010218119028240612,0.005875912053984817,-0.05934969347045341,0.32500000000000007,0.0035831944260846654,0.00229630980914161,497,1.0,False,0.0,-0.10863887611584637
01306360,DES3_Shallow,415,4,0.4494404970812411,41.87732386970976,0.190474746888421,1.0,53.676712,-26.486982,10.65,False,False,True,0.002683222616905083,-0.003186708535597302,-0.0012057807485465546,-0.001980927787050748,0.004835263444893608,0.007120209840582618,0.42500000000000016,0.005869931152502385,0.003612724593071317,497,1.0,False,0.0,-0.0264382990701619
01306537,DES3_Shallow,417,4,0.4794741368781541,42.10171142729047,0.1551771741620135,1.0,55.040997,-27.559187,9.67,False,False,True,0.014448770800226308,0.007996919626504406,-0.0029833957856356995,0.010980315412140104,0.018400342567260346,-0.01770674272250839,0.4750000000000001,0.006451851173721902,0.0039503394904478574,497,1.0,False,0.0,0.04710639331092947
01306626,DES3_Shallow,418,4,0.4094921716673501,41.64206615397406,0.13386064127832,1.0,54.877281,-27.238987,9.03,False,False,True,0.0029951118883607807,-0.00209587398629586,-8.098520394205075e-05,-0.002014888782353809,0.006308086272770118,0.004684606824086517,0.42500000000000016,0.005090985874656641,0.0031801188236686385,497,1.0,False,0.0,-0.024760173837745394
01308314,DES3_Shallow,423,4,0.4064730178756959,41.75650539652206,0.1222523441764457,1.0,53.415611,-28.940748,7.52,False,False,True,0.0012492665141340933,-0.0037827899645251142,-0.002023490486254298,-0.0017592994782708166,0.0017612380286937599,0.008391059214510803,0.42500000000000016,0.005032056478659208,0.00314993167591336,497,1.0,False,0.39345794392523364,0.1084507603226357
01309288,DES3_Shallow,427,4,0.2683535730194786,40.53590983119713,0.1342214544080509,1.0,54.644871,-29.194429,10.96,False,False,True,0.0005969927145164284,-0.0018610094358552359,-0.0008630557096064363,-0.0009979537262488,0.002242922263217154,0.004088999901472911,0.275,0.0024580021503716643,0.0017052171812131812,497,1.0,False,0.0,-0.08302704963582758
01319821,DES3_Shallow,442,4,0.3088129483107464,41.04011802031716,0.1154295634271948,1.0,53.357853,-29.471891,10.42,False,False,True,0.003772633479195188,0.0006134561785529104,-0.0014177936311579528,0.0020312498097108623,0.003321877218559039,-0.0012786596035256701,0.32500000000000007,0.0031591773006422776,0.0020705269330317227,497,1.0,False,0.0,0.07167147113136103
01324542,DES3_Shallow,444,4,0.5415361344767149,42.6058485927863,0.1771767302962148,1.0,53.895199,-29.047989,9.18,False,False,True,0.0034573255622686117,-0.004163988166442052,-0.0025092956582160836,-0.0016546925082259693,0.0046561505411035565,0.00938173473264212,0.5250000000000001,0.007621313728710664,0.004682655247634074,497,1.0,False,0.0,0.1680502194980947
01330426,DES3_Shallow,450,4,0.259537986367321,40.488310273290836,0.1086855533628016,1.0,53.970436,-28.692368,2.0,False,False,True,0.0005879101467261127,-0.00171102117513837,-0.0011704074076708388,-0.0005406137674675316,0.0013516304582335593,0.0037617159881839952,0.275,0.0022989313218644827,0.0015854458164714432,497,1.0,False,0.6348,-0.048552739190032834
01335868,DES3_Shallow,468,4,0.6194153602058086,42.850880430740304,0.1949888352082829,1.0,55.0891,-26.512669,2.0,False,False,True,0.0014877107536918652,-0.007654277907454784,-0.004487296814913031,-0.003166981092541754,0.008677197013918878,0.01705317052053871,0.6250000000000002,0.00914198866114665,0.005715627574276961,497,1.0,False,0.0,0.11588551319293447
01337687,DES3_Shallow,479,4,0.3195263794466887,41.07372936191573,0.1120442182961534,1.0,55.047089,-26.975626,8.4,False,False,True,0.002167227461831125,-0.0011761139240113586,0.00014499574374868523,-0.0013211096677600445,0.0036889189690888337,0.0026228390530345837,0.32500000000000007,0.0033433413858424835,0.002157661984395145,497,1.0,False,0.0,0.020391537540455935
01337703,DES3_Shallow,480,4,0.5334428191518148,42.06325051913487,0.1649651607455733,1.0,54.883587,-26.724333,10.58,False,False,True,0.07102938316597851,0.06356281159030784,-0.0014363805284786741,0.06499919211878652,0.011178064904426622,-0.14357414566483956,0.5250000000000001,0.007466571575670663,0.004560082087570097,497,1.0,False,0.0,-0.33567198591856295
01339392,DES3_Shallow,492,4,0.1804691802116129,39.3911592450236,0.1287090573128891,1.0,54.124462,-28.569849,10.29,False,False,True,0.00026849594582435763,-0.0007639772661717032,-0.0005036439695461931,-0.00026033329662551003,0.0001694955719678395,0.001671843761206091,0.17500000000000004,0.0010324732119960608,0.0007590617795518659,497,1.0,False,0.9484657749803305,-0.23182046310515522
01339450,DES3_Shallow,493,4,0.5505268182766645,42.25158208347593,0.2448011981345002,1.0,53.621021,-29.169039,11.04,False,False,True,0.005316907627571536,-0.002476305713678101,-0.002505622610089087,2.9316896410987257e-05,0.014946764033722519,0.005545957497607286,0.5750000000000002,0.007793213341249636,0.004818819042105954,497,1.0,False,0.0,-0.22780965434780906
01340454,DES3_Shallow,494,4,0.4209903175925114,41.62606641329411,0.1367131237408723,1.0,54.753906,-27.843153,9.91,False,False,True,0.011567952854965195,0.006252540256392363,0.007947104226672906,-0.0016945639702805437,0.018482081739462274,-0.013895351846351042,0.42500000000000016,0.005315412598572832,0.003295083563429189,497,1.0,False,0.09913793103448276,-0.11108958945623178
01343337,DES3_Shallow,498,4,0.3389225911319462,41.22382665995438,0.1433222694133697,1.0,54.559166,-28.709869,9.83,False,False,True,0.0011034995659138687,-0.0026069044908604974,-0.0014911537996895336,-0.0011157506911709642,0.006785795009736982,0.0057166760204342155,0.32500000000000007,0.003710404056774366,0.0023784589696433096,497,1.0,False,0.37557125051931867,0.023291167540329744
01346137,DES3_Shallow,506,4,0.3634669357908606,41.396047496196296,0.1446714991744124,1.0,53.259174,-26.85409,10.09,False,False,True,0.00036902376263461367,-0.003822605014753423,-0.0023489602749769698,-0.0014736447397764535,0.002731726890570589,0.00842491033797611,0.3750000000000001,0.004191628777388037,0.0026892232301536484,497,1.0,False,0.0904997748761819,-0.0033595482492687137
01346956,DES3_Shallow,507,4,0.3335205606363138,41.10852338950357,0.1324749112027086,1.0,54.343502,-28.826429,2.0,False,False,True,0.0005303120728715573,-0.0030741779474054813,-0.0020231694491360404,-0.0010510084982694409,0.001166652470470061,0.006774710897818069,0.32500000000000007,0.0036044900202770384,0.002310062031955271,497,1.0,False,0.12095323741007194,-0.051816671981724835
01346966,DES3_Shallow,508,4,0.3355455552140733,41.114794718946385,0.1240697439915537,1.0,55.340694,-29.14934,9.56,False,False,True,0.0063463877336889345,0.0027021949850046583,-0.001987241132046414,0.004689436117051072,0.007192136179755333,-0.005869485331061165,0.32500000000000007,0.003644192748684276,0.0023357011741381253,497,1.0,False,0.0,-0.060683124432229715
GSD10Pri,MCT,978,4,1.55,45.458824160060374,0.3527394178013773,1.0,53.158375,-27.777527777777777,10.0,False,False,True,0.030696854000398736,0.002940663216065502,-0.007885542830422154,0.010826206046487652,0.03502855602030663,-0.005586813377494199,1.5250000000000004,0.027756190784333234,0.016102659197498127,497,1.0,False,0.9986282578875172,0.05337863676076973
GSD11Was,MCT,979,4,1.33,44.97173106474715,0.3398202512390096,1.0,53.086875,-27.82819444444445,10.0,False,False,True,0.010903608804827922,-0.013601505601700897,-0.00996672553363968,-0.003634780068061217,0.006527670513807281,0.031973295256450485,1.3250000000000006,0.02450511440652882,0.014099851741455687,497,1.0,False,0.9784644194756554,0.14202350428224902
psc000006,Pan-STARRS,990,4,0.2301334403896844,40.32972921099089,0.1566766792195965,1.0,53.36645,-28.3715222,10.79,False,False,True,0.0001606967306899906,-0.0016076510151630888,-0.001080282522023185,-0.0005273684931399035,0.0012182650895083181,0.0035202784281946967,0.22500000000000003,0.0017683477458530794,0.0011859463004079529,497,1.0,False,0.9954841946813848,0.08546762304986781
psc090275,Pan-STARRS,1062,4,0.1391794193022071,39.03098315940172,0.1448681616699766,1.0,54.0720875,-28.0515111,11.03,False,False,True,0.0006373468858078418,0.00012062538866876131,-0.0003394726976415326,0.0004600980863102938,6.61050169289523e-05,-0.00026870478031929814,0.125,0.0005167214971390805,0.0003912608042611673,497,1.0,False,0.9645075421472937,-0.10994648373838999
psc091748,Pan-STARRS,1064,4,0.1440300514103478,39.06468835786129,0.144434288373402,1.0,52.1228917,-26.8284944,8.15,False,False,True,0.002314279119446362,0.001738415306618623,0.0018905074157066454,-0.00015209210908802235,0.0005805354365548699,-0.003801197072315779,0.125,0.0005758638128277391,0.00043512673545285376,497,1.0,False,0.024934383202099737,-0.15687060005193787
psc100116,Pan-STARRS,1069,4,0.447261071198952,41.700070541726824,0.1884796216568238,1.0,54.0300708,-27.6675861,10.19,False,False,True,0.05119487578861324,0.04536741364089784,-0.00057351288459007,0.04594092652548791,0.004267500401129166,-0.10125600665302736,0.42500000000000016,0.005827462147715403,0.0035879746982468647,497,1.0,False,0.9732758620689655,-0.19128200313383975
psc100206,Pan-STARRS,1071,4,0.2161201877661951,39.87473247664,0.1469986261072775,1.0,52.518175,-28.2566917,11.18,False,False,True,0.00020161936835084038,-0.0013458307711789676,-0.000774096300441776,-0.0005717344707371916,0.000628848555162212,0.0029483079294179717,0.22500000000000003,0.001547450139529808,0.0010449850953337858,497,1.0,False,0.91921726041144,-0.2170593673461288
psc100213,Pan-STARRS,1072,4,0.2747001874794061,40.876867528167395,0.1647028203966632,1.0,53.06715,-27.1943083,9.41,False,False,True,0.0008498898371800637,-0.0017226323400702708,-0.0007480580776588854,-0.0009745742624113856,0.0024340934355477173,0.003790235976653131,0.275,0.0025725221772503345,0.0017914443043019355,497,1.0,False,0.9758871701546861,0.2003742408785064
psc100405,Pan-STARRS,1074,4,0.1025792967723935,38.227531380990094,0.1480940021780726,1.0,53.62855,-27.3205778,11.06,False,False,True,2.7616594466754446e-05,-0.0003162194572381983,-0.0002549345889543586,-6.128486828383965e-05,0.0002814289246125702,0.0006888122074836872,0.125,0.00034383605170495274,0.0002630314482552132,497,1.0,False,0.8061855670103093,-0.20229239668619614
psc110460,Pan-STARRS,1080,4,0.1991509364362178,39.92121227150528,0.1562086252920596,1.0,53.8447583,-27.8402778,9.39,False,False,True,0.00013846690494539245,-0.001163863292347707,-0.0007784121782159863,-0.0003854511141317205,0.0011808080912679428,0.002545461678578167,0.17500000000000004,0.0013023301972930994,0.000908890635754333,497,0.925,False,0.9819186338523355,0.06191426632059539
psc110478,Pan-STARRS,1081,4,0.2642185782577821,40.56506133559871,0.1607395687299425,1.0,53.5803042,-27.5689028,9.47,False,False,True,0.0007400862307891084,-0.001643302956365306,-0.0007432293663817017,-0.0009000735899836047,0.0009070334759386986,0.003617968012080177,0.275,0.0023833891871544144,0.0016490378269228899,497,1.0,False,0.979520697167756,-0.015694176476618246
psc110536,Pan-STARRS,1082,4,0.2343409051533131,40.18021783854085,0.17977305657941,1.0,54.3325167,-26.9017472,10.58,False,False,True,0.0005619861695576678,-0.0012822822078170115,-0.0006237617705298055,-0.000658520437287206,0.000695022000663398,0.0028172475580523918,0.22500000000000003,0.0018442683773746793,0.001243110255199237,497,1.0,False,0.0,-0.10814308922401257
psc110567,Pan-STARRS,1084,4,0.2140107839241873,40.10999853845785,0.1644135491349021,1.0,52.7131458,-26.4599833,11.4,False,False,True,0.02026673615685182,0.018749756244785344,0.019223153613003502,-0.00047339736821815884,0.005760829685791139,-0.04129391782977413,0.22500000000000003,0.0015169799120664767,0.0010280675442685993,497,1.0,False,0.0,0.041948089124789575
psc120444,Pan-STARRS,1097,4,0.2990661746687537,41.08091705228009,0.1620260166106746,1.0,51.6820042,-27.9362361,8.93,False,False,True,0.0002576483287532217,-0.0027339817474140663,-0.0015654116800817022,-0.0011685700673323644,0.0014106771853688329,0.006008050794716216,0.275,0.002991630076167288,0.0019912539521214864,497,1.0,False,0.46494798733604703,0.19431805432077084
psc310146,Pan-STARRS,1143,4,0.4790204868660583,41.94879405787805,0.184320725617812,1.0,52.486575,-28.7419306,8.44,False,False,True,0.006209016697003725,-0.00023433166899131108,0.0015091252786224437,-0.0017434569476137553,0.006737781827585938,0.0006970601461117332,0.4750000000000001,0.006443348365995036,0.0039455377550898976,497,1.0,False,0.9845882870981947,-0.10338399430525101
psc340125,Pan-STARRS,1158,4,0.3184776953977515,41.097179923849325,0.2048596686844095,1.0,53.036225,-26.6502111,11.29,False,False,True,0.005050939165111207,0.0017256246780358825,-0.0013396338925869696,0.003065258570622852,0.005386214847317603,-0.0037184445441490986,0.32500000000000007,0.0033253144870753243,0.0021491327711759007,497,1.0,False,0.0,0.05203436702710569
psc340309,Pan-STARRS,1160,4,0.1497549825474826,40.06605278354955,0.1622935642663052,1.0,53.1839292,-27.6614528,10.79,True,False,True,0.0009756938041422874,0.000330027607406683,0.0003862745147910336,-5.624690738435071e-05,0.0013632904818687704,-0.0007192725835861249,0.125,0.0006456661967356044,0.0004868992528773834,497,1.0,False,0.9737193763919821,0.7525459379856377
psc440005,Pan-STARRS,1213,4,0.3051010216655478,41.02028282118922,0.1574694728602563,1.0,52.9892542,-28.8835583,11.39,False,False,True,0.0035118851859753915,0.000416515975035568,0.0013426886477301602,-0.0009261726726945928,0.0029416094759874838,-0.0008465089453877916,0.32500000000000007,0.0030953692109398235,0.0020403368926251966,497,1.0,False,0.9816082121471343,0.08188590048855211
psc440008,Pan-STARRS,1214,4,0.146155483451543,39.31811432606319,0.1426863023741643,1.0,52.6734792,-28.8632111,10.06,False,False,True,0.0032131467697097,0.002611368195681211,-0.0003543573380388192,0.0029657255337200306,0.00023660908334777818,-0.0056918094483132675,0.125,0.0006017785740284889,0.0004543477469814753,497,1.0,False,0.9829931972789115,0.0620254844020002
psc440643,Pan-STARRS,1221,4,0.1891416132556196,39.75733071328312,0.1443767201308193,1.0,53.6036458,-26.7739111,8.87,False,False,True,0.00019498037822164954,-0.0009627656725969057,-0.0005602328442431163,-0.0004025328283537893,0.0008301683698361422,0.002105887595217401,0.17500000000000004,0.0011577460508185552,0.0008286152362961865,497,1.0,False,0.0,0.021948206824180763
psc450175,Pan-STARRS,1223,4,0.5190189298887546,42.23163395931458,0.240368900208578,1.0,53.2864458,-28.0844417,10.0,False,False,True,0.001980206640275548,-0.0052128365594632416,-0.0040723455701292014,-0.0011404909893340403,0.002492429186787919,0.011651440267135035,0.5250000000000001,0.007193043199738789,0.004368908047175064,497,0.775,True,0.9550200803212852,-0.09660590791510218
psc460037,Pan-STARRS,1229,4,0.3025297307182721,40.97377508680813,0.1794038312071464,1.0,54.7269667,-27.5410972,9.65,False,False,True,0.0011651716543040458,-0.0018859970162972178,-0.0006764434854001145,-0.0012095535308971038,0.0031302225723381562,0.004161955977449492,0.32500000000000007,0.0030511686706012637,0.002019423931509545,497,1.0,False,0.10998680158380994,0.05639291476328019
psc460064,Pan-STARRS,1230,4,0.2419248922212022,40.15391333701153,0.155052334584977,1.0,53.7742125,-26.7649389,9.38,False,False,True,0.00033455457978649327,-0.0016465613102811282,-0.0009029416152536681,-0.0007436196950274605,0.0013791641486329777,0.0036113973544636847,0.22500000000000003,0.0019811158900676215,0.0013461487161827105,497,1.0,False,0.0,-0.2121154007554627
psc470008,Pan-STARRS,1232,4,0.239129293909984,39.97644536676489,0.1475100945945809,1.0,53.0827583,-29.0137861,10.27,False,False,True,0.0012250475222344995,-0.0007056238362227478,-0.00022602420264048752,-0.00047959963358226016,0.0011074249982187376,0.0015664888677715044,0.22500000000000003,0.0019306713584572473,0.0013081668281682182,497,1.0,False,0.9628406275805119,-0.36121959134758913
psc470015,Pan-STARRS,1233,4,0.337113044100769,41.21112320201292,0.1773889440341904,1.0,54.14855,-28.6251167,11.56,False,False,True,0.0020053808682702805,-0.0016695445975448728,-0.0012504567213480612,-0.00041908787619681157,0.0015358486110310606,0.0037168610000092653,0.32500000000000007,0.0036749254658151533,0.0023555476818164322,497,1.0,False,0.8061104582843713,0.023985651442815132
psc470110,Pan-STARRS,1235,4,0.3454622500799968,41.22601669329027,0.192058422857471,1.0,52.0705667,-28.6233278,10.57,False,False,True,0.005998677206131479,0.002160054384752969,0.00021382197914393943,0.0019462324056090286,0.01141131560135326,-0.004757796569117394,0.32500000000000007,0.00383862282137851,0.0024612598064642933,497,1.0,False,0.9312883435582822,-0.02239218362635746
psc550096,Pan-STARRS,1275,4,0.2231079787494418,39.99478551761165,0.1588014776484161,1.0,52.7766292,-26.397925,10.18,False,False,True,0.0006954364070139587,-0.0009529520054465927,-0.0006100386703156263,-0.0003429133351309665,0.002219075156897355,0.0020924569188795848,0.22500000000000003,0.0016483884124605514,0.0011010276171296138,497,1.0,False,0.0,-0.17414671646222263
psc580275,Pan-STARRS,1293,4,0.3820963378794373,41.364148146262714,0.1981414488543013,1.0,54.1391333,-28.6139278,11.33,False,False,True,0.008865608595568392,0.00430934869029777,0.00043959897911788033,0.0038697497111798897,0.005977915842056676,-0.009363818779634556,0.3750000000000001,0.004556259905270622,0.0029062003221597523,497,1.0,False,0.8395110410094637,-0.16124362173767265
psc580276,Pan-STARRS,1294,4,0.3380998787709233,41.15527065374757,0.1690705048752085,1.0,53.5213875,-28.8077,10.57,False,False,True,0.0028083108164701936,-0.0008859628635684916,0.0002620914323883186,-0.0011480542959568106,0.005911006848169465,0.001975257597697089,0.32500000000000007,0.003694273680038685,0.0023680423298006502,497,1.0,False,0.25992961287078936,-0.03918168896667744
2002fw,Riess07,1303,4,1.2991107967805655,44.71600079409968,0.2737364319885295,1.0,53.156333333333336,-27.779611111111112,10.0,False,False,True,0.03444745520578841,0.010479806996689572,-0.006327218706255444,0.016807025702945018,0.036719957602264715,-0.023223800194935612,1.2750000000000004,0.023967648209098837,0.013729211436584612,497,1.0,False,0.9986276303751144,0.0
2002hp,Riess07,1304,4,1.3041066404005537,44.40410462443374,0.3047808275956084,1.0,53.103291666666664,-27.771611111111103,10.0,False,False,True,0.013055848146590573,-0.010999579133859483,-0.007752947702284462,-0.003246631431575021,0.03182865256036758,0.025159070592600283,1.3250000000000006,0.024055427280450056,0.013789801486717435,497,1.0,False,0.998223011994669,-0.3736553640947527
2002hr,Riess07,1305,4,0.5254075836775041,43.18788760544142,0.2895936114170507,1.0,53.09404166666666,-27.697833333333328,10.0,False,False,True,0.0020421739044039966,-0.005270765990359239,-0.002905450626171106,-0.0023653153641881334,0.005571281151911125,0.011759414677096128,0.5250000000000001,0.007312939894763236,0.004438388546121855,497,1.0,False,0.9965171963430561,0.828115628866118
2002kd,Riess07,1306,4,0.7343269044704723,43.08622044204131,0.2628969860888064,1.0,53.09308333333333,-27.740805555555557,10.0,False,False,True,0.01457584603840026,0.002855645120246846,0.006964659279280512,-0.004109014159033666,0.021977749752763447,-0.006303846437515255,0.7250000000000002,0.011720200918153414,0.007048540296693479,497,1.0,False,0.997845756139595,-0.09840819867644199
2003aj,Riess07,1308,4,1.3061113065045324,44.98348125800917,0.3243302282534798,1.0,53.18470833333333,-27.918444444444447,10.0,False,False,True,0.011205287555833237,-0.012885362550301852,-0.004669184178121427,-0.008216178372180426,0.022536638618609838,0.02981742129811091,1.3250000000000006,0.02409065010613509,0.013814114261291418,497,0.9,False,0.969173859432799,0.2016625318658633
2003ak,Riess07,1309,4,1.5500177046042452,45.319364048249064,0.3210327752492438,1.0,53.19541666666667,-27.913722222222223,10.0,False,False,True,0.01611196044424605,-0.01164445765898229,-0.002361552117072457,-0.00928290554190983,0.009202752181737333,0.028205238955393785,1.5750000000000006,0.02775641810322834,0.016102843253619693,497,0.875,True,0.9652389819987586,0.0
HST04Greenberg,Riess07,1318,4,1.1391702414290372,44.14772538785789,0.3031619221407596,1.0,53.08954166666667,-27.78286111111111,10.0,False,False,True,0.05954668303636849,0.03862773595891886,0.022839805076163584,0.015787930882755277,0.07036916126281095,-0.09229056127945398,1.1250000000000004,0.020918947077449627,0.012101117406079664,497,1.0,False,0.9968581687612208,2.7755575615628914e-17
HST04McGuire,Riess07,1320,4,1.369079854003076,44.79455432894409,0.2923192494928455,1.0,53.04175,-27.83055,10.0,False,False,True,0.035308783248902555,0.010158210186927787,-0.013186604333514684,0.023344814520442465,0.036192915945944815,-0.022219558554631882,1.3750000000000004,0.025150573061974768,0.014542655180712434,497,1.0,False,0.9752520623281393,0.0
HST04Ombo,Riess07,1321,4,0.9742343500931072,44.003896143008,0.2671143905323763,1.0,53.10558333333334,-27.75083611111111,10.0,False,False,True,0.007904504935160735,-0.009444500494173518,-0.004051053908496936,-0.00539344658567658,0.006018947236021199,0.02184551949017015,0.9750000000000003,0.017349005429334253,0.010289387426370982,497,1.0,False,0.9978146853146853,-0.025550299355216854
HST04Rakke,Riess07,1323,4,0.7393243906226654,43.1950127991304,0.2600079037550692,1.0,53.07562500000001,-27.73626388888889,10.0,False,False,True,0.005185227664983815,-0.006656294462612386,-0.0024683144863947527,-0.004187979976217632,0.00810273330244278,0.01511633629014187,0.7250000000000002,0.011841522127596201,0.007098282911846747,497,1.0,False,0.995697074010327,-0.00739124817625878
HST05Zwicky,Riess07,1332,4,0.5204124610194887,42.328324743356944,0.260837573067271,1.0,53.19020833333334,-27.740083333333335,10.0,False,False,True,0.0059750495902529885,-0.0012441127033910211,0.0006209382647856861,-0.0018650509681767064,0.01106949329735206,0.0028740277639562432,0.5250000000000001,0.00721916229364401,0.004383658113359237,497,1.0,False,0.9981735159817352,-0.0068241154058454115
SCP05P9,SuzukiRubin,1970,4,0.8203473065921025,44.02397056239826,0.2681318726447332,1.0,54.43547083333333,-28.731827777777777,10.0,False,True,True,0.008388627303454828,-0.005428373658570138,-0.003923205802170394,-0.0015051678563997454,0.027836090769215165,0.011845417454572838,0.8250000000000003,0.013817000962024966,0.0081670784186019,497,1.0,False,0.4779474130619169,0.4854017839476009
COS12Car,MCT,972,21,1.54,45.33141077937442,0.3644052901631536,1.0,150.06133333333332,2.192388888888889,10.0,False,False,True,0.04700436935238784,0.01978962025772642,0.02189998625161323,-0.0021103659938868074,0.033101672689575666,-0.043937792404710185,1.5250000000000004,0.027214749094661417,0.016491563747951913,500,1.0,False,0.9912790697674418,-0.056967719820170876
psc000010,Pan-STARRS,991,21,0.2471413762236129,40.45422423947944,0.1482909298847007,1.0,149.7489958,3.1575306,10.79,False,False,True,0.004038525884986857,0.0017354090378227786,-0.0010944066139420502,0.0028298156517648286,0.0039858083273408606,-0.0037813266635454553,0.22500000000000003,0.002303116847164078,0.0016379177286268472,500,1.0,False,0.0,0.03607221630477635
psc000011,Pan-STARRS,992,21,0.3828039783932564,41.575692963692696,0.1687407340916453,1.0,149.9759167,2.4119,11.06,False,False,True,0.002407928348093318,-0.0018810332538730882,-0.001697714705323998,-0.0001833185485490903,0.006145699791522382,0.004155618665418816,0.3750000000000001,0.004288961601966406,0.002978686649013549,500,1.0,False,0.9530386740331491,0.045628955148198584
psc000190,Pan-STARRS,998,21,0.1035732411342278,38.55311498464435,0.1430662128061234,1.0,148.9884708,2.2634639,9.8,False,False,True,3.068432769248073e-05,-0.0005868725029897858,-0.00035500634567724567,-0.00023186615731254006,0.000143578537584723,0.001279765788922212,0.125,0.0006175568306822665,0.0004204439430111715,500,1.0,False,0.0,0.10099921553811755
psc000196,Pan-STARRS,999,21,0.3518679902160477,41.2724020659241,0.1462269771096234,1.0,150.1150708,2.6940333,9.66,False,False,True,0.00788995407921388,0.004084549192030566,-0.0017766688543475588,0.005861218046378126,0.004991244595857045,-0.008903782645740788,0.3750000000000001,0.003805404887183314,0.0027232228454399923,500,1.0,False,0.906811377245509,-0.04550258016403758
psc000199,Pan-STARRS,1000,21,0.3728025452272032,41.45291448996608,0.1472370826643696,1.0,151.2314,2.5909194,10.47,False,False,True,0.0039043587058159497,-0.00020798162474967722,0.0011569964908073253,-0.001364978115557002,0.00711797268043245,0.0004988652465302799,0.3750000000000001,0.004112340330565627,0.0028534416937633705,500,1.0,False,0.0,-0.010356958025089243
psc000202,Pan-STARRS,1001,21,0.6210891501794382,42.82059436326996,0.1855371540548432,1.0,150.5391458,1.8991694,9.94,False,False,True,0.01779932348582117,0.009082518985216694,0.008705591208250093,0.000376927776966603,0.00999789677083046,-0.019787199988026433,0.6250000000000002,0.008716804500604476,0.006597801673763719,500,1.0,False,0.945531914893617,0.07857904170624738
psc000215,Pan-STARRS,1002,21,0.4678066227508932,42.15639315908455,0.1622502341326241,1.0,150.8099292,3.144225,8.71,False,False,True,0.002122031255458282,-0.003701802671064333,-0.0016235770747431016,-0.0020782255963212315,0.007932281743886237,0.008166813193279825,0.4750000000000001,0.005823833926522615,0.004102744321465915,500,1.0,False,0.0,0.16490271588209593
psc000220,Pan-STARRS,1003,21,0.2210194615316887,40.14005577563628,0.1423193589017218,1.0,150.5367542,2.7185639,11.34,False,False,True,0.0003696628280679526,-0.0015425369153438564,-0.000968777468732206,-0.0005737594466116503,0.0007684273433260974,0.0033866740707045708,0.22500000000000003,0.0019121997434118092,0.0013089091073206027,500,1.0,False,0.8949824970828472,-0.006058289798173644
psc000420,Pan-STARRS,1005,21,0.312724824964889,41.03692215860979,0.1457111510666289,1.0,149.82,1.6134861,9.39,False,False,True,0.0008813458102178045,-0.002364213595114811,-0.0017381933952082995,-0.0006260201999065118,0.0043686288972370445,0.0051966930233302445,0.32500000000000007,0.003245559405332616,0.002423098335783639,500,1.0,False,0.5850492390331244,0.037167030479417565
psc010010,Pan-STARRS,1006,21,0.1006879465783943,38.562395436154304,0.1452105233407807,1.0,150.8586542,1.0294194,10.1,False,False,True,0.004728012702939538,0.004110455872257272,0.004342322029569812,-0.00023186615731254006,0.0027926793170898042,-0.008953225599755775,0.125,0.0006175568306822665,0.0004204439430111715,500,1.0,False,0.0,0.175562435068685
psc020132,Pan-STARRS,1013,21,0.1479361635996869,39.534826309914166,0.1757363108739985,1.0,150.088325,1.418125,10.63,False,False,True,0.004791739275423347,0.0038303266584803946,0.004036289965605561,-0.00020596330712516632,0.001165093155549509,-0.008363603303198951,0.125,0.0009614126169429526,0.0006698539257837526,500,1.0,False,0.0,0.2501690046894117
psc030066,Pan-STARRS,1018,21,0.2267201596955634,40.149278943601416,0.1487307782737109,1.0,150.1833917,3.403975,9.13,False,False,True,0.0025914188698521494,0.0006053664439259481,0.0009965367144889865,-0.00039117027056303794,0.008246214122376768,-0.0013567925081487877,0.22500000000000003,0.0019860524259262013,0.001361973662753513,500,1.0,False,0.0,-0.0586547058320311
psc120044,Pan-STARRS,1089,21,0.4817101009062614,42.385944587403856,0.1996298092111712,1.0,148.7919458,1.7302472,10.0,False,False,True,0.0061988235303653706,0.00012348288857970922,-0.0020695155852621704,0.002192998473841881,0.008065109335510844,-0.00017040586750476094,0.4750000000000001,0.006075340641785661,0.004267703685444414,500,1.0,False,0.0,0.31940871450433717
psc120085,Pan-STARRS,1090,21,0.3233409546788404,40.865815667648526,0.1587830577266712,1.0,150.4709458,2.0426472,10.9,False,False,True,0.0014926944987331298,-0.001896356606822527,-0.0006257612269596992,-0.0012705953798628278,0.003881142828129437,0.004187723106408333,0.32500000000000007,0.003389051105555657,0.0025381210708594064,500,1.0,False,0.9814066289409863,-0.21711290691171461
psc120086,Pan-STARRS,1091,21,0.3937252743955159,41.42331792950842,0.1832189955463884,1.0,150.7890208,2.1433861,11.03,False,False,True,0.0027289110280466077,-0.0017621355878547876,-4.565540049870139e-05,-0.0017164801873560862,0.003916258832073398,0.003932115523413419,0.3750000000000001,0.004491046615901395,0.003134832177543469,500,1.0,False,0.5459533607681756,-0.1778548855871564
psc120094,Pan-STARRS,1092,21,0.4528921059926545,42.08501296566932,0.1661380229524408,1.0,150.5261625,2.0877944,8.66,False,False,True,0.002109694510225026,-0.003451403232537535,-0.002214653281716386,-0.0012367499508211485,0.0026516585427416393,0.007668886279289467,0.4750000000000001,0.005561097742762561,0.003921300842186694,500,1.0,False,0.9862737182075091,0.17638163338190394
psc120336,Pan-STARRS,1094,21,0.1625452861757323,39.4313161840209,0.1443804158002093,1.0,149.0823417,1.4094667,9.76,False,False,True,0.00479215995599929,0.00361172939788533,0.0036620312098403027,-5.030181195497368e-05,0.004179837200681792,-0.00787163183952103,0.17500000000000004,0.0011804305581139603,0.0008287148876084124,500,1.0,False,0.0,0.05756067920895071
psc120369,Pan-STARRS,1095,21,0.3317541974359217,41.274694437128225,0.1511162453963658,1.0,150.99525,2.2624194,10.56,False,False,True,0.0004204465898613033,-0.0030900565952424503,-0.001863144867712979,-0.001226911727529471,0.0013088832118393994,0.006801336848176063,0.32500000000000007,0.0035105031851037534,0.0025981093701429353,500,1.0,False,0.0,0.1276284589424119
psc120400,Pan-STARRS,1096,21,0.3527637780571004,41.418316763637435,0.1567026395383313,1.0,149.6284417,2.8717806,10.66,False,False,True,0.0006477544557025601,-0.0031707841731830957,-0.002188567302884064,-0.0009822168702990314,0.005329756326127855,0.006971996672881465,0.3750000000000001,0.003818538628885656,0.00272879489896307,500,1.0,False,0.3120471014492754,0.09402955293829068
psc120706,Pan-STARRS,1099,21,0.3309410910405495,40.92832523093795,0.162298123573485,1.0,149.6798875,2.4331889,11.43,False,False,True,0.0032053090721071513,-0.0002932726189955313,0.001066538066026042,-0.0013598106850215732,0.002911283971679925,0.0007096893149310607,0.32500000000000007,0.0034985816911026826,0.0025930516185779596,500,1.0,False,0.8988993069710558,-0.21260829553069163
psc350192,Pan-STARRS,1169,21,0.3027018134457813,40.909797819135605,0.1463828790199741,1.0,148.7158,1.9616639,8.52,False,False,True,0.0009510789516788784,-0.0021590055675149754,-0.0010632352823870548,-0.0010957702851279204,0.0026153010440438987,0.004758137499564771,0.32500000000000007,0.0031100845191938536,0.0023145018670433764,500,1.0,False,0.0,-0.008995909760612968
psc350233,Pan-STARRS,1170,21,0.1705491789665425,39.565750538178456,0.1433956723910584,1.0,149.4663208,3.4823583,9.18,False,False,True,0.00011879469726523031,-0.0011816291124127297,-0.000688153508565191,-0.0004934756038475389,0.0006354139363880367,0.002584900525476334,0.17500000000000004,0.00130042380967796,0.0009157499645249727,500,1.0,False,0.0,0.07768849345486097
psc370098,Pan-STARRS,1181,21,0.2232190330734886,40.07665044016532,0.1439220615313274,1.0,150.0063542,2.4311056,10.49,False,False,True,9.278513855187081e-05,-0.0018454661074308785,-0.0011630777902260343,-0.0006823883172048439,0.000400137297349898,0.004045872094990031,0.22500000000000003,0.0019382512459827494,0.001325387470137523,500,1.0,False,0.9534601375961149,-0.09348956658223291
psc370344,Pan-STARRS,1183,21,0.3327502666087176,41.134551087489086,0.1503712320043413,1.0,150.17375,1.8316417,9.38,False,False,True,0.0006754081802317837,-0.002849699037918225,-0.0017892393591726367,-0.0010604596787455879,0.003427888864648223,0.006266219382573866,0.32500000000000007,0.0035251072181500085,0.0026043052018891936,500,1.0,False,0.9851007887817704,-0.02000830111242528
psc370367,Pan-STARRS,1185,21,0.4729031521696663,42.1841844209224,0.1955055056896018,1.0,149.2216167,1.9779111,9.3,False,False,True,0.0027745219701281435,-0.0031390931213906227,-0.0008888445113224754,-0.002250248610068147,0.006927022396527952,0.0069616935946838834,0.4750000000000001,0.005913615091518766,0.004164746466421787,500,1.0,False,0.25827559661277905,0.16494543585607202
psc370369,Pan-STARRS,1186,21,0.1925953944990295,39.08181646488301,0.1560810391319416,1.0,151.5663292,2.4068722,11.44,True,False,True,0.011624586945385878,0.010049038973151266,0.01063882284050973,-0.0005897838673584639,0.0005661029760371014,-0.022270860962700267,0.17500000000000004,0.0015755479722346117,0.0010959666863101256,500,1.0,False,0.0,-0.6969989193049282
psc370563,Pan-STARRS,1190,21,0.1868832135440752,39.809868145256736,0.1446413621377947,1.0,150.95185,2.6460139,10.86,False,False,True,0.0022563682865255775,0.0007484748069981663,-0.0008359629220799484,0.0015844377290781147,0.001179985575362108,-0.0016251104047232887,0.17500000000000004,0.0015078934795274112,0.0010531731747271313,500,1.0,False,0.021721958925750396,0.10328695985336701
psc370589,Pan-STARRS,1192,21,0.3065028078470093,40.36507930460117,0.187050557250645,1.0,149.1082083,3.45475,9.99,False,False,True,0.0007051195242817741,-0.002456340699982233,-0.0014004095708787367,-0.0010559311291034965,0.0038351504536011712,0.005400217857520468,0.32500000000000007,0.003161460224264007,0.0023556845563865903,500,1.0,False,0.0,-0.5847052397529912
psc370595,Pan-STARRS,1193,21,0.1771736749742396,39.6890740414503,0.1421846885913168,1.0,150.4976458,1.3251472,10.32,False,False,True,0.0003485877189012782,-0.0010443069691761727,-0.0005492588976244901,-0.0004950480715516825,0.00038900305877533753,0.0022850311797258144,0.17500000000000004,0.001392894688077451,0.0009804329631458765,500,1.0,False,0.0,0.11013103200096076
psc380279,Pan-STARRS,1194,21,0.3505627222227441,41.14319057064789,0.1697840246873663,1.0,149.8270333,2.9348833,10.97,False,False,True,0.0024198252195425972,-0.0013664422649090173,-0.0008057520336321668,-0.0005606902312768505,0.002419476911576144,0.0030587911691871235,0.3750000000000001,0.0037862674844516145,0.00271510370964987,500,1.0,False,0.12183729077462048,-0.16538690741222423
psc380318,Pan-STARRS,1195,21,0.3393533406417022,41.1432275454158,0.1733392650715106,1.0,150.4131875,3.2498417,11.44,False,False,True,0.0003207058008833492,-0.0033012134801416702,-0.0019600087774207845,-0.0013412047027208857,0.0017115450835879177,0.0072628671397999695,0.32500000000000007,0.0036219192810250196,0.0026453781884184543,500,1.0,False,0.0,-0.060487461054534106
psc480464,Pan-STARRS,1241,21,0.2240147751300472,40.14158589217339,0.1435522428107118,1.0,149.8004375,3.2215694,10.92,False,False,True,0.0009936887256873376,-0.000953987208621429,-0.0007736318442383573,-0.00018035536438307156,0.0026391496053920142,0.0021019852703860727,0.22500000000000003,0.0019476759343087667,0.0013313488703772828,500,1.0,False,0.0,-0.037191949432231766
psc490521,Pan-STARRS,1245,21,0.3427510811549834,41.09858476041709,0.1789163294199824,1.0,148.8651708,1.5752944,10.35,False,False,True,0.0064374367986479285,0.002765700982693637,-0.0012080015619556192,0.003973702544649256,0.010502830079341762,-0.006085599409377911,0.32500000000000007,0.0036717358159542917,0.0026665130946204436,500,1.0,False,0.0,-0.13007987280472724
psc580235,Pan-STARRS,1292,21,0.3327474015706093,41.07076827088811,0.154638386427438,1.0,150.2348708,2.5796056,8.89,False,False,True,0.007766718803152715,0.0042416535912331525,0.005191808893592829,-0.0009501553023596771,0.008740530549531885,-0.009272652249693654,0.32500000000000007,0.0035250652119195626,0.002604287380542493,500,1.0,False,0.9117988394584139,-0.08376959389868581
psc590005,Pan-STARRS,1297,21,0.1762769106313619,39.66548591677354,0.1448165243755126,1.0,151.0178208,1.2154667,10.0,False,False,True,0.0007133823689628774,-0.0006688911330608163,-0.0001449438911764302,-0.0005239472418843862,0.0002923081752764904,0.001453591691988902,0.17500000000000004,0.0013822735020236937,0.0009737147419276096,500,1.0,False,0.0,0.09865821210961535
psc590031,Pan-STARRS,1298,21,0.3810954593593509,41.465700709229694,0.1874494107726629,1.0,149.0729,2.0023444,10.28,False,False,True,0.003312910257794535,-0.0009444373221085974,0.0004029003123333379,-0.0013473376344419349,0.0046937961647012996,0.0021389049374087137,0.3750000000000001,0.004257347579903132,0.0029542593642391587,500,1.0,False,0.0,-0.0530689534336632
psc590191,Pan-STARRS,1299,21,0.2223212356458184,40.45316714684997,0.1910738703126473,1.0,150.1378042,1.9040028,10.0,False,False,True,0.00022712489539185646,-0.001700492928785483,-0.0010220699610205824,-0.0006784229677649007,0.00033220870077627334,0.0037307368169465045,0.22500000000000003,0.0019276178241773396,0.0013186615094364946,500,1.0,False,0.979947689625109,0.2928071497595847
04D2al,SNLS,1782,21,0.8381396284800389,43.282368419726694,0.2461167638277205,1.0,150.468646,2.164106,9.69,False,False,True,0.00861666913229221,-0.00451014168632104,-0.0002891307602988268,-0.004221010926022214,0.02394570908078637,0.009845609042935178,0.8250000000000003,0.013126810818613251,0.009242073248592516,500,1.0,False,0.9394644935972061,-0.312647339796357
04D2an,SNLS,1783,21,0.621885935958294,42.62637733161526,0.1754789682188633,1.0,150.217956,2.04123,7.58,False,False,True,0.0044022126959750085,-0.00432954698865909,-0.0013712736211741326,-0.0029582733674849556,0.009910215104575917,0.009670318821842598,0.6250000000000002,0.008731759684634098,0.006608254026516128,500,1.0,False,0.996232733361239,-0.11897364059809358
04D2cf,SNLS,1784,21,0.3705968367024312,41.41227397787383,0.1339045411156558,1.0,150.483707,1.879478,10.83,False,False,True,0.002592975832313232,-0.0014870251376277108,-5.7775731297925355e-05,-0.0014292494063297858,0.0050281900665396315,0.003312739517794553,0.3750000000000001,0.004080000969940943,0.002839721563400924,500,1.0,False,0.9565397350993378,-0.036043376269337686
04D2fp,SNLS,1785,21,0.4166426515318469,41.788369682251854,0.134450950365854,1.0,149.867166,2.321014,10.26,False,False,True,0.0010242589946726861,-0.0038908452126529026,-0.002131698725275377,-0.0017591464873775264,0.004978505449869969,0.008577471577854424,0.42500000000000016,0.004915104207325589,0.003462489807620665,500,1.0,False,0.9620544269835186,0.07759388073661747
04D2fs,SNLS,1786,21,0.3585798757633602,41.30663273428261,0.129577361945893,1.0,150.092026,1.765398,8.41,False,False,True,0.0007588314596479906,-0.0031449808484381283,-0.0023007907211363846,-0.0008441901273017428,0.004935796799397623,0.006916113512328469,0.3750000000000001,0.0039038123080861187,0.0027649726703387603,500,1.0,False,0.9795268425841674,-0.0587327448569654
04D2gb,SNLS,1787,21,0.4516922811642729,41.66125836692445,0.1439247088423987,1.0,150.594449,1.894161,10.28,False,False,True,0.005211129907937231,-0.00032883155520598527,0.0004151485387762586,-0.0007439800939822425,0.0028298214323919544,0.0008586117768513875,0.4750000000000001,0.005539961463143216,0.003906704298770904,500,1.0,False,0.9443207126948775,-0.24059681516111597
04D2gc,SNLS,1788,21,0.5227734252330178,42.44797799670697,0.1462019034310673,1.0,150.413604,1.883052,9.36,False,False,True,0.001311037076322344,-0.005527954800570315,-0.002955003117080632,-0.0025729516834896832,0.0018485353259941847,0.012260913685324878,0.5250000000000001,0.006838991876892658,0.004741655974754775,500,1.0,False,0.9662107803700724,0.10116333527719532
04D2gp,SNLS,1789,21,0.7340091439850092,43.37858727201835,0.2444397685295065,1.0,149.834888,2.508879,8.88,False,False,True,0.002826571517306315,-0.008108108259895018,-0.004659017668803108,-0.003449090591091909,0.0037483056023842796,0.018158119300745845,0.7250000000000002,0.010934679777201334,0.007938477497162727,500,1.0,False,0.9308176100628931,0.19509280093160755
04D2iu,SNLS,1790,21,0.7019778607451859,42.88567017079835,0.258647962236961,1.0,150.304914,2.41505,10.0,False,False,True,0.007178206914083357,-0.0031022354589806123,-0.0035823878325014695,0.00048015237352085766,0.01478371461256069,0.006973485137583814,0.7250000000000002,0.01028044237306397,0.007586533397370303,500,1.0,False,0.9557721139430285,-0.18100132171057168
04D2ja,SNLS,1791,21,0.7420212186147372,43.58828545238493,0.2279231332026473,1.0,149.702091,1.771737,11.04,False,False,True,0.002929287425925453,-0.008174369133579995,-0.004556213763425434,-0.0036181553701545625,0.008105018424577724,0.018249832988341964,0.7250000000000002,0.011103656559505449,0.008074614937492154,500,1.0,False,0.998630762209037,0.37633717962139773
04D2kr,SNLS,1792,21,0.7461315870865173,43.032470752134806,0.1768636453752683,1.0,150.155592,1.711927,11.15,False,False,True,0.017624604737767773,0.0064342594152959134,-0.0014308471251868182,0.007865106540482732,0.01833263966324553,-0.01406738179458173,0.7250000000000002,0.011190345322471859,0.008144456404080926,500,1.0,False,0.9002298850574713,-0.19396021277295403
04D2mc,SNLS,1793,21,0.349569813455576,41.09368720640145,0.1316475596860244,1.0,150.148125,1.784181,10.98,False,False,True,0.0016577528859292943,-0.0021139569022862867,-0.0017264803915563087,-0.00038747651072997815,0.0016506481543043959,0.00468562122370894,0.32500000000000007,0.003771709788215581,0.0027089275365197547,500,1.0,False,0.9802544975866608,-0.18436328079724154
04D2mh,SNLS,1794,21,0.591847570053369,42.562605642825474,0.1431225969293091,1.0,149.941201,2.141025,9.14,False,False,True,0.003908282842560669,-0.00425967499974845,-0.0013479019611375392,-0.002911773038610909,0.004203636803505153,0.009565155851804319,0.5750000000000002,0.008167957842309118,0.00621420633530976,500,1.0,False,0.9902004454342984,-0.10426276855236037
04D2mj,SNLS,1795,21,0.5147579209809385,42.57977706999216,0.1451394088517978,1.0,150.152215,2.577067,9.58,False,False,True,0.003909217484998962,-0.0027807107244371045,-0.001543221517298422,-0.001237489207138684,0.007976809328968404,0.006207489992354705,0.5250000000000001,0.006689928209436067,0.004649141141809929,500,1.0,False,0.9258252427184466,0.27277163341634336
05D2ab,SNLS,1856,21,0.3245419921438641,41.11099287656602,0.1245743889153959,1.0,150.461859,2.106329,10.12,False,False,True,0.001731570308393253,-0.0016737144823689195,-0.0004435639360354123,-0.0012301505463335072,0.0029574924529798094,0.0037109155256795654,0.32500000000000007,0.0034052847907621725,0.0025511339689567184,500,1.0,False,0.9833134684147795,0.018814411083874567
05D2ac,SNLS,1857,21,0.4807148878056102,41.98530493289531,0.1318716951103303,1.0,149.746812,2.489504,11.19,False,False,True,0.002501599133735383,-0.0035552336125993554,-0.0013055692376455715,-0.002249664374953783,0.0032767054479798607,0.007915340892379564,0.4750000000000001,0.006056832746334739,0.0042562169503800075,500,1.0,False,0.8962868117797695,-0.0759270221948154
05D2ah,SNLS,1858,21,0.1853802384382787,39.78179300516553,0.1231946114031041,1.0,150.3697,1.862732,9.22,False,False,True,5.6532447213047465e-05,-0.0014335599473809424,-0.0008725758030296303,-0.000560984144351312,5.183258203449144e-05,0.003137558443406092,0.17500000000000004,0.0014900923945939898,0.0010419134504456255,500,1.0,False,0.9819524200164069,0.09455934826521763
05D2ay,SNLS,1859,21,0.922235444724284,43.55042059191423,0.2797966325878315,1.0,150.284664,2.130321,10.33,False,False,True,0.00920484973287586,-0.0057450328455389745,-0.00012723614299524344,-0.005617796702543732,0.006378331919157216,0.013317003954705545,0.9250000000000003,0.014949882578414835,0.010132876749750304,500,1.0,False,0.990047770700637,-0.10792520271442749
05D2bt,SNLS,1860,21,0.6819549311831292,42.881601810729165,0.1581397709783387,1.0,150.417683,2.566161,9.72,False,False,True,0.0276770112773005,0.01780032321319216,0.017468950148723853,0.0003313730644683068,0.02076819363795439,-0.039514683282259766,0.6750000000000002,0.009876688064108338,0.007413575607951509,500,1.0,False,0.972537532039546,-0.12190226993287953
05D2bv,SNLS,1861,21,0.4757183488291103,42.05065858257398,0.131997618683759,1.0,150.57083,2.2406,8.87,False,False,True,0.006772624048314011,0.000808711522716935,0.0028421089787071547,-0.0020333974559902197,0.01096790264137764,-0.0017299189755882408,0.4750000000000001,0.005963912525597076,0.0041985469705289715,500,1.0,False,0.9319804584742578,0.016211784198719936
05D2bw,SNLS,1862,21,0.9222243599237224,43.67852646773165,0.2334312632334156,1.0,149.627324,2.536402,9.2,False,False,True,0.010431846024280754,-0.004517793344477926,0.0010027247687859238,-0.005520518113263852,0.014266872255075629,0.010445999678421261,0.9250000000000003,0.01494963936875868,0.010132724916156499,500,1.0,False,0.9238929889298892,0.020212371379840346
05D2by,SNLS,1863,21,0.893197041137191,43.73529151226681,0.2121275846628073,1.0,150.116802,2.521539,9.47,False,False,True,0.023442822127575518,0.009130066046153257,0.0052992763327757535,0.0038307897133775057,0.023637715023144403,-0.020164716704994562,0.8750000000000002,0.01431275608142226,0.009735124426602335,500,1.0,False,0.9082605242255759,0.05022290434481711
05D2cb,SNLS,1864,21,0.4286564062199565,42.13442391632431,0.1403842826283596,1.0,149.852419,2.328181,9.56,False,False,True,0.0018073713217025042,-0.003326786992029232,-0.0014676000642482496,-0.0018591869277809828,0.0068109191526779965,0.007332200671279131,0.42500000000000016,0.0051341583137317365,0.0036264599324337273,500,1.0,False,0.9619916381603952,0.35136501042379403
05D2ci,SNLS,1865,21,0.6318943633368803,42.37619356610406,0.1807574712400812,1.0,150.008506,2.215852,11.02,False,False,True,0.0028650465736324796,-0.0060556360803491575,-0.003791100284727801,-0.0022645357956213555,0.008191212463873809,0.01347536666799299,0.6250000000000002,0.008920682653981637,0.00674623177098009,500,1.0,False,0.9921617161716172,-0.41071360781361343
05D2ck,SNLS,1866,21,0.6999732966947172,43.08413901973477,0.2130129189842381,1.0,150.188339,2.572851,10.0,False,False,True,0.009822104139934914,-0.0004179170065325231,0.002044692865249569,-0.0024626098717820902,0.015025179189692065,0.001070350978031976,0.6750000000000002,0.010240021146467437,0.0075692180007475,500,1.0,False,0.9207269914926527,0.012459763952060974
05D2ct,SNLS,1867,21,0.7360205160199913,43.21914109504817,0.2149058591583269,1.0,150.425759,2.123794,9.81,False,False,True,0.01650576983609047,0.00552866968836155,0.007814959292362067,-0.0022862896040005175,0.02684194706647263,-0.012536303421464633,0.7250000000000002,0.010977100147728921,0.007972653793945668,500,1.0,False,0.9747768723321691,0.028475478167517852
05D2dt,SNLS,1868,21,0.5758346987710707,42.66202269020845,0.1482696761366274,1.0,150.349691,1.857741,10.28,False,False,True,0.001912126562053322,-0.005955279434045271,-0.002983889667548487,-0.0029713897664967854,0.004779157499860511,0.013233197740570904,0.5750000000000002,0.007867405996098593,0.006004147140400633,500,1.0,False,0.9883575883575884,0.06629117556734289
05D2dw,SNLS,1869,21,0.4186441408963357,41.739642668919345,0.1320573737359622,1.0,149.633623,2.032241,8.84,False,False,True,0.0027068108776894593,-0.0022453284036813514,-0.0003075767520466931,-0.0019377516516346585,0.003905536264201446,0.005006422563826266,0.42500000000000016,0.004952139281370811,0.00349110579006455,500,1.0,False,0.9845317725752508,0.016690796254170057
05D2dy,SNLS,1870,21,0.5117573929890427,42.406907430765486,0.1377750798250512,1.0,150.242076,2.1831,7.77,False,False,True,0.0024010990932093494,-0.0042330285461425424,-0.0018608848467087783,-0.002372143699433765,0.008436424161167846,0.009362531877633504,0.5250000000000001,0.006634127639351892,0.004614509091574964,500,1.0,False,0.9861619861619861,0.1149543069212656
05D2eb,SNLS,1871,21,0.5357823092612091,42.313002897311115,0.1446181512101254,1.0,150.060683,2.407438,8.71,False,False,True,0.07478652497378868,0.0676966599255992,-0.0036515696435835306,0.07134822956918273,0.028980108312581108,-0.15423982311972884,0.5250000000000001,0.0070898650481894775,0.0050317032992295814,500,1.0,False,0.9545637314032972,-0.097214046894497
05D2ec,SNLS,1872,21,0.6419054753419982,42.846451362100545,0.153638604379171,1.0,149.859101,2.013626,10.04,False,False,True,0.001458843288553517,-0.007651296838466982,-0.004212910406075397,-0.0034383864323915855,0.008161404468119903,0.01696439777118946,0.6250000000000002,0.0091101401270205,0.006887267162185148,500,1.0,False,0.9877991553261379,0.01859931977156623
05D2fq,SNLS,1873,21,0.7350091593347272,43.19729775226153,0.17491883108734,1.0,149.785425,2.602,10.92,False,False,True,0.01010834051703574,-0.0008474298495396732,0.0032758971772498544,-0.004123327026789526,0.010863944630151015,0.002168070161305914,0.7250000000000002,0.010955770366575412,0.007955469292208622,500,1.0,False,0.9474629546475078,0.01023556312216869
05D2hc,SNLS,1874,21,0.3515705414575896,41.57254352889236,0.1294937053912542,1.0,150.019137,1.886025,11.0,False,False,True,0.006990238689793462,0.003189194896815983,0.004421840030728975,-0.0012326451339129921,0.0022946701262245095,-0.006911617937132273,0.3750000000000001,0.0038010437929774793,0.002721372630102671,500,1.0,False,0.9749216300940439,0.25676156279640866
05D2he,SNLS,1875,21,0.6098719484868826,42.79817868828113,0.1564008517798084,1.0,150.360462,2.317729,9.46,False,False,True,0.005140634551277974,-0.003365629901974701,-0.0026314829530905636,-0.0007341469488841364,0.013399514878839131,0.007467080726185347,0.6250000000000002,0.008506264453252674,0.006450652776159307,500,1.0,False,0.9303354220420199,0.10355980650896032
05D2ie,SNLS,1876,21,0.3495667932089419,41.44043240840978,0.1349476938278106,1.0,150.262061,2.658085,9.31,False,False,True,0.002484099668838909,-0.0012875658375307362,-9.434986489233535e-05,-0.0011932159726384007,0.0055064995990172245,0.0028488896012118913,0.32500000000000007,0.0037716655063696454,0.002708908749732162,500,1.0,False,0.9185788304959289,0.16240359749291963
05D2le,SNLS,1877,21,0.701981657360887,43.049794847686925,0.1649485944029119,1.0,150.47865,2.092912,8.08,False,False,True,0.018022306646672974,0.007741787716382748,-0.0036929564520839127,0.011434744168466661,0.02281635126686874,-0.017177870863990193,0.7250000000000002,0.010280518930290226,0.007586566192484368,500,1.0,False,0.9867310012062727,-0.016890792852596516
05D2mp,SNLS,1878,21,0.3552712971364582,41.61155723834156,0.1328144895891501,1.0,149.785962,2.204004,8.68,False,False,True,0.0009681467841836908,-0.002887156250728373,-0.001606686741569799,-0.0012804695091585745,0.0023405875852913643,0.006372225529991719,0.3750000000000001,0.0038553030349120637,0.002744392376267406,500,1.0,False,0.9911231184870706,0.2694833295743307
05D2my,SNLS,1879,21,0.9832953945276344,44.0167738839628,0.2332146013028966,1.0,149.631042,2.491221,10.65,False,False,True,0.007362964309182416,-0.009000450343667574,-0.0033011308070160575,-0.0056993195366515145,0.025263306578055006,0.019899264496536048,0.9750000000000003,0.01636341465284999,0.01066589192810978,500,1.0,False,0.8954765041721563,-0.0371113676501052
05D2nn,SNLS,1880,21,0.8721662860714812,43.98999344949951,0.2639833251311104,1.0,149.707296,2.710264,10.0,False,False,True,0.0037346353090422857,-0.010118384565975594,-0.005882286231659333,-0.004236098334316259,0.01038737231981937,0.022699710213166864,0.8750000000000002,0.013853019875017879,0.009467128763332867,500,1.0,False,0.8821345707656613,0.3677049073784918
05D2nt,SNLS,1881,21,0.7590437209508101,43.248335301088034,0.1655134042340394,1.0,150.24262,2.37273,9.1,False,False,True,0.0068670105678041915,-0.004595655087902288,-0.0020283235335275384,-0.00256733155437475,0.005019059847846024,0.010525316323864924,0.7750000000000002,0.011462665655706479,0.008363853368626599,500,1.0,False,0.9602569249297471,0.07615222307184667
05D2ob,SNLS,1882,21,0.9262351300229984,43.70560234681074,0.2154817829328319,1.0,149.753025,1.848985,8.61,False,False,True,0.0032995607571472876,-0.011739532019087522,-0.0077071425077604,-0.004032389511327124,0.007958782491864104,0.02640030470405143,0.9250000000000003,0.01503909277623481,0.010182055514597561,500,1.0,False,0.998172681589767,0.03584331795833752
06D2bk,SNLS,1938,21,0.5007390340923337,42.34928893797793,0.1459178991424042,1.0,149.678628,2.171984,8.65,False,False,True,0.002024137939790972,-0.0044050821934523265,-0.0019052685394422958,-0.00249981365401003,0.004111970081068356,0.009780123281078378,0.5250000000000001,0.006429220133243299,0.004487335354203299,500,1.0,False,0.9803266518188567,0.11333071842249196
06D2cc,SNLS,1939,21,0.5337777284016159,42.24271735730843,0.1664991638596686,1.0,149.86203,2.451355,10.91,False,False,True,0.011447062766970073,0.0043961403064234315,-0.0032604598511797567,0.007656600157603188,0.020595962936913313,-0.009917558231126881,0.5250000000000001,0.007050922460546642,0.004982557296142819,500,1.0,False,0.9500998003992016,-0.15782485992697973
06D2cd,SNLS,1940,21,0.9322438482463464,43.70684871791934,0.3030325052103966,1.0,150.241504,2.534039,7.96,False,False,True,0.025539942201009143,0.01036194064691851,0.013764070162971891,-0.0034021295160533826,0.006781955422728336,-0.022269816712681523,0.9250000000000003,0.015178001554090633,0.010237083664529651,500,1.0,False,0.9178134556574924,0.020034203449745616
06D2ce,SNLS,1941,21,0.8221170817063757,43.421704888733665,0.2308921834338384,1.0,150.434247,2.713314,11.38,False,False,True,0.017615340790292734,0.004829340007275645,0.006228906542874484,-0.001399566535598838,0.01844721696178677,-0.010462297164876604,0.8250000000000003,0.01278600078301709,0.009125173118934597,500,1.0,False,0.8900562851782364,-0.12253162850806429
06D2ck,SNLS,1942,21,0.5538091969367016,42.488694065139235,0.1466817132822984,1.0,150.366733,1.86363,11.23,False,False,True,0.003930754941737146,-0.003509314813770999,-0.0006820009832805788,-0.002827313830490422,0.004576875302270322,0.00788860746880727,0.5750000000000002,0.0074400697555081444,0.005473665753926599,500,1.0,False,0.9823914823914824,-0.006068551068658765
06D2fb,SNLS,1943,21,0.1253068253746083,38.81367719111091,0.1242699209899541,1.0,149.883946,1.827922,9.75,False,False,True,3.4111948306364233e-05,-0.0005880447658730755,-0.00036984850260072676,-0.00021819626327234876,9.098019803827858e-05,0.0012822675107045675,0.125,0.0006221567141794398,0.0004237803907594031,500,1.0,False,0.976056338028169,-0.08116283698656389
06D2ga,SNLS,1944,21,0.8421373828261558,43.64367594885255,0.2516700502884966,1.0,149.783787,1.938493,9.1,False,False,True,0.01854516962676893,0.005333037309750224,0.007581821250077907,-0.002248783940327682,0.015310905280928449,-0.011444770228583465,0.8250000000000003,0.013212132317018704,0.009268514771970266,500,1.0,False,0.9913988229968311,0.03613762148123048
06D2gb,SNLS,1945,21,0.4436787924195877,41.81371467802386,0.1472265781695226,1.0,150.197581,1.985406,10.94,False,False,True,0.009701941819985883,0.00430314707954052,0.001224157127878123,0.0030789899516623976,0.006621758681044913,-0.00937080546029729,0.42500000000000016,0.005398794740445363,0.0038092157040970345,500,1.0,False,0.9975419909873003,-0.05711719705469129
01258906,DES3_Shallow,361,10,0.3491456840268432,41.33202453039492,0.1234087758361388,1.0,10.262011,-44.394093,9.2,False,False,True,0.00040492426753721913,-0.002823137491019965,-0.0013287034194158238,-0.0014944340716041417,0.00292561684480381,0.00621460789798168,0.32500000000000007,0.003228061758557184,0.0019897552697058334,500,1.0,False,0.9478798586572438,0.05701971725682249
01275946,DES3_Shallow,365,10,0.232114878770919,40.28465026078291,0.1101382473705765,1.0,10.403968,-43.637779,8.46,False,False,True,0.0003704918070824136,-0.0006964437466334371,-0.0005087837046484625,-0.00018766004198497466,0.0019867445702992925,0.0015266972450077815,0.22500000000000003,0.0010669355537158507,0.0006992684384331243,500,1.0,False,0.7329136690647482,0.01952850020593171
01281668,DES3_Shallow,367,10,0.3070593271336683,40.9750089536235,0.1147901076414974,1.0,9.41053,-43.920338,10.25,False,False,True,0.0002504165767687,-0.0021487592135993956,-0.001096480525338179,-0.0010522786882612171,0.0006884960939883495,0.004724693433019739,0.32500000000000007,0.0023991757903680955,0.0015083106669154822,500,1.0,False,0.9460721868365181,0.020716804700783704
01283936,DES3_Shallow,371,10,0.3690204542526285,41.61509202713121,0.1435543745131995,1.0,8.877557,-44.371326,9.65,False,False,True,0.004346587502550964,0.0007272956832477706,-0.0017625536254223062,0.002489849308670077,0.009291686053650767,-0.0015784021882337355,0.3750000000000001,0.0036192918193031936,0.002229030922120624,500,1.0,False,0.9694419840566874,0.17751281530785962
01285317,DES3_Shallow,372,10,0.5648594784021899,42.454242289248555,0.1609920875281156,1.0,9.472534,-43.314522,8.74,False,False,True,0.007312943514546404,-0.0012247407432861308,-0.00039301095049146684,-0.0008317297927946635,0.0159069876794282,0.0027873162725199734,0.5750000000000002,0.008537684257832535,0.005208716258384805,500,1.0,False,0.9930244145490782,-0.09164209643771014
01289288,DES3_Shallow,374,10,0.2896780850218534,40.799785925758584,0.1391653396876418,1.0,10.178906,-43.948338,10.64,False,False,True,0.0007731078793610225,-0.0012835094609099749,-0.0009965377118097494,-0.0002869717491002252,0.0021825198683114834,0.002826169795764656,0.275,0.0020566173402709973,0.0013235079941515833,500,1.0,False,0.8752855185015989,-0.007804691545939043
01291090,DES3_Shallow,381,10,0.2919665326541374,40.84486320879488,0.1184518588094635,1.0,9.463052,-43.721462,9.71,False,False,True,0.00040137239424487323,-0.0017003468477774788,-0.0009702926884781364,-0.0007300541592993427,0.002490052397262123,0.0037307088448156117,0.275,0.002101719242022352,0.0013478394680592407,500,1.0,False,0.9979270315091211,0.017797358316275883
01293758,DES3_Shallow,389,10,0.1471582121687449,39.31843880520086,0.1257820026189911,1.0,8.483875,-43.349716,10.97,False,False,True,0.011687576942822643,0.011373992735327099,0.011418824297590866,-4.4831562263766096e-05,0.0005226522490777995,-0.025062558491374058,0.125,0.00031358420749554304,0.00017389285504870397,500,1.0,False,0.6239476145930777,0.04622274462078538
01302648,DES3_Shallow,405,10,0.2319201590470971,40.119228012050485,0.114206746414733,1.0,10.00261,-44.054123,10.13,False,False,True,0.0002444321380390055,-0.00081932325884404,-0.0005719481907456324,-0.0002473750680984076,0.00037590261011726363,0.0017964588913658196,0.22500000000000003,0.0010637553968830455,0.0006971426795486459,500,1.0,False,0.9496139780577001,-0.14385110861082967
01303883,DES3_Shallow,409,10,0.2591099640110201,40.508420002093054,0.1130660663666728,1.0,8.863275,-44.917099,10.89,False,False,True,0.00024031210708622686,-0.0012675063890119202,-0.0006753865989578607,-0.0005921197900540595,0.00042468944825146737,0.00278260617498719,0.275,0.0015078184960981471,0.0009939742913383216,500,1.0,False,0.9423449612403101,-0.024392715376823467
01320166,DES3_Shallow,443,10,0.4489555782994392,41.9637303827656,0.1476546197956809,1.0,9.346412,-43.871918,2.0,False,False,True,0.0044401731340500145,-0.0011969145431686493,0.0015257012462580213,-0.002722615789426671,0.006371990815776595,0.0027425681213541116,0.42500000000000016,0.005637087677218664,0.0034409300926918967,500,1.0,False,0.9446790540540541,0.06272446647163157
01327978,DES3_Shallow,445,10,0.2072278866381969,39.94823586748671,0.1489752068603671,1.0,8.279955,-44.140156,11.31,False,False,True,0.0001357580304665281,-0.000642388157348689,-0.0003774728645654544,-0.00026491529278323473,0.00043161183045671293,0.0014074506100360791,0.22500000000000003,0.0007781461878152171,0.0005026296778614484,500,1.0,False,0.07227138643067847,-0.04197247870544392
01328105,DES3_Shallow,447,10,0.4402459846754158,41.71759071151519,0.1446042543027962,1.0,8.187062,-43.576935,11.2,False,False,True,0.006360775546639587,0.0009572426566435794,-0.0013747865506158789,0.002332029207259458,0.012592123761126712,-0.0020910429329069682,0.42500000000000016,0.005403532889996007,0.003309634087272038,500,1.0,False,0.0,-0.13343107112288227
01330031,DES3_Shallow,449,10,0.104096208315225,38.45405979038583,0.1097487970725904,1.0,9.140839,-43.487255,8.94,False,False,True,1.8637279207340548e-05,-0.00017430302868997024,-0.00017430302868997024,0.0,0.00028520987061451903,0.00038072711776851453,0.125,0.0001929403078973108,8.39563300962813e-05,500,1.0,False,0.9665882352941176,-0.009703649644470999
01335472,DES3_Shallow,465,10,0.4989255208748355,42.13041752868805,0.1414891740322568,1.0,9.555312,-44.049526,10.12,False,False,True,0.0033890403289763647,-0.003527850047940706,-0.00031639781192724717,-0.003211452236013458,0.004523296139107057,0.00794237834448576,0.4750000000000001,0.006916890376917071,0.004191108893373664,500,1.0,False,0.9077822762033289,-0.026276835469982718
01336008,DES3_Shallow,469,10,0.4379718761885269,41.707499701709665,0.1290228086248211,1.0,10.321224,-43.886227,9.83,False,False,True,0.007237100706141935,0.0018945498718771596,-0.0023166509704274506,0.004211200842304609,0.013605431909598311,-0.004189991852694211,0.42500000000000016,0.005342550834264775,0.003275352193867006,500,1.0,False,0.6598440545808967,-0.1303190839379808
01336009,DES3_Shallow,470,10,0.3415515704758451,41.35668541071996,0.1268497940919676,1.0,8.916194,-44.893734,9.63,False,False,True,0.0008899532146186747,-0.0021886202493762662,-0.0010743169089296256,-0.001114303340446641,0.0027886517865554246,0.004827936227471057,0.32500000000000007,0.003078573463994941,0.0018983284781613646,500,1.0,False,0.9462789551503203,0.13680250946536995
01337117,DES3_Shallow,474,10,0.5538818672690595,42.09306499264714,0.1372883929720022,1.0,10.181539,-43.644898,8.81,False,False,True,0.010917203500203275,0.0026513943199578897,0.006602538786560199,-0.003951144466602308,0.013266994167958191,-0.005644910000483821,0.5750000000000002,0.008265809180245385,0.0050357796902644955,500,1.0,False,0.9753303964757709,-0.402036953528509
01338128,DES3_Shallow,482,10,0.3117427015850202,41.09204866650533,0.1231969797690578,1.0,8.083662,-43.740833,9.27,False,False,True,0.000924198504359381,-0.0015672796360340288,-0.0012406944868056727,-0.00032658514922835635,0.003484148847030908,0.003454394140643124,0.32500000000000007,0.0024914781403934097,0.0015581057339536237,500,1.0,False,0.0,0.10011969843982733
01341370,DES3_Shallow,495,10,0.4089993657821307,41.74676051433511,0.1447752893735536,1.0,8.963905,-44.676697,8.65,False,False,True,0.0023964984341902458,-0.002195720546582549,-0.0021388560971307914,-5.686444945175815e-05,0.009194341524769688,0.004840921227873554,0.42500000000000016,0.004592218980772795,0.0028305823359889,500,1.0,False,0.9442559379544353,0.08298940854653417
01255502,DES3_Shallow,358,8,0.1482332595029061,39.03422725585887,0.1171692069268255,1.0,33.904625,-4.209216,10.45,False,False,True,0.00026506173828390317,-0.0005595788448237602,-0.0002920734299487174,-0.00026750541487504303,0.00012107539318375689,0.0012245478045287911,0.125,0.0008246405831076635,0.0004814203566010936,500,1.0,False,0.4715203426124197,-0.2551651260069784
01306785,DES3_Shallow,419,8,0.578670028607597,42.18777409357071,0.2944511832024624,1.0,33.793709,-4.522241,10.99,False,False,True,0.01088252265565482,-0.001825928000695691,-0.004048567134842798,0.0022226391341471086,0.013776961311014762,0.0043813797056687295,0.5750000000000002,0.012708450656350512,0.008081733168198253,500,1.0,False,0.33590402742073694,-0.4206887442489352
01308568,DES3_Shallow,425,8,0.6431211033103379,42.30814752848787,0.2695571720976488,1.0,33.873203,-5.052549,8.87,False,False,True,0.002021661070476824,-0.012411364110765322,-0.00361956026580995,-0.008791803844955372,0.006410896472182212,0.027866227811060382,0.6250000000000002,0.014433025181242145,0.008964726550059096,500,1.0,False,0.5769230769230769,-0.5246348561263914
01317164,DES3_Shallow,437,8,0.1546350303742714,39.39884004845778,0.1306762719517755,1.0,34.285484,-4.298173,10.96,False,False,True,0.0016441088559244281,0.0006486777208223788,0.0006047439700769746,4.3933750745404334e-05,0.0020269815724849698,-0.0014054017534257785,0.17500000000000004,0.0009954311351020493,0.000576517248884568,500,1.0,False,0.9470945359930616,0.14334409709008233
01345582,DES3_Shallow,504,8,0.4587699405496037,41.98768158506248,0.1885275291802795,1.0,33.706467,-4.67474,9.91,False,False,True,0.014695664851584307,0.005438287270720214,0.00023886891518292656,0.005199418355537288,0.024970472315483796,-0.012241848310459373,0.4750000000000001,0.009257377580864094,0.006127359836197688,500,1.0,False,0.058678500986193295,0.04609499913538739
