CID,sample,row_index,region,zHD,MU,MUERR,PROBIA,HOST_RA,HOST_DEC,HOST_LOGMASS,clipped,cluster_targeted,cluster_tier_ok,kappa_raw,kappa_ext,kappa_gal_ext,kappa_cl_ext,gamma,dmu_pred,zbin,rand_mean,rand_sig,n_rand_ok,area_frac,area_flag,frac_nir,hr
13135,SDSS,745,4,0.10361,19.0808,0.123462,1.0,-9.0,-9.0,,False,False,True,8.752250730235348e-06,-0.00042121654634160013,-6.562829114502797e-05,-0.0003555882551965723,0.0001385048821794405,0.0009180836008685786,0.125,0.0004299687970718355,0.00019439721139473203,200,1.0,False,0.0,0.029715685375666656
20064,SDSS,746,4,0.10374,18.9549,0.194592,1.0,-9.0,-9.0,,False,False,True,8.752250730235348e-06,-0.00042121654634160013,-6.562829114502797e-05,-0.0003555882551965723,0.0001385048821794405,0.0009180836008685786,0.125,0.0004299687970718355,0.00019439721139473203,200,1.0,False,0.0,-0.09908393573476476
13038,SDSS,747,4,0.10507,19.1765,0.234634,1.0,-9.0,-9.0,,False,False,True,8.752250730235348e-06,-0.00042121654634160013,-6.562829114502797e-05,-0.0003555882551965723,0.0001385048821794405,0.0009180836008685786,0.125,0.0004299687970718355,0.00019439721139473203,200,1.0,False,0.0,0.09304706741162844
18697,SDSS,748,4,0.10661,19.0081,0.193664,1.0,-9.0,-9.0,,False,False,True,8.752250730235348e-06,-0.00042121654634160013,-6.562829114502797e-05,-0.0003555882551965723,0.0001385048821794405,0.0009180836008685786,0.125,0.0004299687970718355,0.00019439721139473203,200,1.0,False,0.0,-0.10903635091526115
20625,SDSS,749,4,0.10707,19.2094,0.14869,1.0,-9.0,-9.0,,False,False,True,8.752250730235348e-06,-0.00042121654634160013,-6.562829114502797e-05,-0.0003555882551965723,0.0001385048821794405,0.0009180836008685786,0.125,0.0004299687970718355,0.00019439721139473203,200,1.0,False,0.0,0.0822917758878921
3256,SDSS,750,4,0.10711,19.1765,0.208727,1.0,-9.0,-9.0,,False,False,True,8.752250730235348e-06,-0.00042121654634160013,-6.562829114502797e-05,-0.0003555882551965723,0.0001385048821794405,0.0009180836008685786,0.125,0.0004299687970718355,0.00019439721139473203,200,1.0,False,0.0,0.04852657562225088
21034,SDSS,752,4,0.10774,19.2454,0.178023,1.0,-9.0,-9.0,,False,False,True,8.752250730235348e-06,-0.00042121654634160013,-6.562829114502797e-05,-0.0003555882551965723,0.0001385048821794405,0.0009180836008685786,0.125,0.0004299687970718355,0.00019439721139473203,200,1.0,False,0.0,0.10383989385070064
7147,SDSS,754,4,0.10908,19.1486,0.130417,1.0,-9.0,-9.0,,False,False,True,8.752250730235348e-06,-0.00042121654634160013,-6.562829114502797e-05,-0.0003555882551965723,0.0001385048821794405,0.0009180836008685786,0.125,0.0004299687970718355,0.00019439721139473203,200,1.0,False,0.0,-0.021610286677482715
18650,SDSS,756,4,0.11259,19.3684,0.160952,1.0,-9.0,-9.0,,False,False,True,8.752250730235348e-06,-0.00042121654634160013,-6.562829114502797e-05,-0.0003555882551965723,0.0001385048821794405,0.0009180836008685786,0.125,0.0004299687970718355,0.00019439721139473203,200,1.0,False,0.0,0.12469367303099671
18612,SDSS,757,4,0.11388,19.1346,0.193044,1.0,-9.0,-9.0,,False,False,True,8.752250730235348e-06,-0.00042121654634160013,-6.562829114502797e-05,-0.0003555882551965723,0.0001385048821794405,0.0009180836008685786,0.125,0.0004299687970718355,0.00019439721139473203,200,1.0,False,0.0,-0.13557404306176596
8719,SDSS,758,4,0.1165,19.2878,0.157601,1.0,-9.0,-9.0,,False,False,True,8.752250730235348e-06,-0.00042121654634160013,-6.562829114502797e-05,-0.0003555882551965723,0.0001385048821794405,0.0009180836008685786,0.125,0.0004299687970718355,0.00019439721139473203,200,1.0,False,0.0,-0.03526894616148385
5395,SDSS,759,4,0.11653,19.3772,0.18377,1.0,-9.0,-9.0,,False,False,True,8.752250730235348e-06,-0.00042121654634160013,-6.562829114502797e-05,-0.0003555882551965723,0.0001385048821794405,0.0009180836008685786,0.125,0.0004299687970718355,0.00019439721139473203,200,1.0,False,0.0,0.053531920799070154
2561,SDSS,760,4,0.1176,19.3197,0.23811,1.0,-9.0,-9.0,,False,False,True,8.752250730235348e-06,-0.00042121654634160013,-6.562829114502797e-05,-0.0003555882551965723,0.0001385048821794405,0.0009180836008685786,0.125,0.0004299687970718355,0.00019439721139473203,200,1.0,False,0.0,-0.02524245149679788
16259,SDSS,761,4,0.11792,19.3558,0.212712,1.0,-9.0,-9.0,,False,False,True,8.752250730235348e-06,-0.00042121654634160013,-6.562829114502797e-05,-0.0003555882551965723,0.0001385048821794405,0.0009180836008685786,0.125,0.0004299687970718355,0.00019439721139473203,200,1.0,False,0.0,0.004530624925944528
1371,SDSS,762,4,0.11818,19.1627,0.124156,1.0,-9.0,-9.0,,False,False,True,8.752250730235348e-06,-0.00042121654634160013,-6.562829114502797e-05,-0.0003555882551965723,0.0001385048821794405,0.0009180836008685786,0.125,0.0004299687970718355,0.00019439721139473203,200,1.0,False,0.0,-0.19369807410836887
5549,SDSS,764,4,0.12014,19.3428,0.198366,1.0,-9.0,-9.0,,False,False,True,8.752250730235348e-06,-0.00042121654634160013,-6.562829114502797e-05,-0.0003555882551965723,0.0001385048821794405,0.0009180836008685786,0.125,0.0004299687970718355,0.00019439721139473203,200,1.0,False,0.0,-0.05192126949978276
12860,SDSS,765,4,0.12058,19.5396,0.250808,1.0,-9.0,-9.0,,False,False,True,8.752250730235348e-06,-0.00042121654634160013,-6.562829114502797e-05,-0.0003555882551965723,0.0001385048821794405,0.0009180836008685786,0.125,0.0004299687970718355,0.00019439721139473203,200,1.0,False,0.0,0.13635670844647035
19953,SDSS,767,4,0.12207,19.3415,0.15559,1.0,-9.0,-9.0,,False,False,True,8.752250730235348e-06,-0.00042121654634160013,-6.562829114502797e-05,-0.0003555882551965723,0.0001385048821794405,0.0009180836008685786,0.125,0.0004299687970718355,0.00019439721139473203,200,1.0,False,0.0,-0.09038565039288587
18835,SDSS,769,4,0.12278,19.4323,0.14204,1.0,-9.0,-9.0,,False,False,True,8.752250730235348e-06,-0.00042121654634160013,-6.562829114502797e-05,-0.0003555882551965723,0.0001385048821794405,0.0009180836008685786,0.125,0.0004299687970718355,0.00019439721139473203,200,1.0,False,0.0,-0.01311820226842658
2916,SDSS,770,4,0.12316,19.3437,0.273311,1.0,-9.0,-9.0,,False,False,True,8.752250730235348e-06,-0.00042121654634160013,-6.562829114502797e-05,-0.0003555882551965723,0.0001385048821794405,0.0009180836008685786,0.125,0.0004299687970718355,0.00019439721139473203,200,1.0,False,0.0,-0.10893068921318177
16021,SDSS,771,4,0.12357,19.3634,0.159899,1.0,-9.0,-9.0,,False,False,True,8.752250730235348e-06,-0.00042121654634160013,-6.562829114502797e-05,-0.0003555882551965723,0.0001385048821794405,0.0009180836008685786,0.125,0.0004299687970718355,0.00019439721139473203,200,1.0,False,0.0,-0.09698908845452098
13894,SDSS,772,4,0.12377,19.5479,0.332272,1.0,-9.0,-9.0,,False,False,True,8.752250730235348e-06,-0.00042121654634160013,-6.562829114502797e-05,-0.0003555882551965723,0.0001385048821794405,0.0009180836008685786,0.125,0.0004299687970718355,0.00019439721139473203,200,1.0,False,0.0,0.08373512930882027
6406,SDSS,774,4,0.12393,19.3974,0.143276,1.0,-9.0,-9.0,,False,False,True,8.752250730235348e-06,-0.00042121654634160013,-6.562829114502797e-05,-0.0003555882551965723,0.0001385048821794405,0.0009180836008685786,0.125,0.0004299687970718355,0.00019439721139473203,200,1.0,False,0.0,-0.0697813574504133
19543,SDSS,775,4,0.12405,19.582,0.21988,1.0,-9.0,-9.0,,False,False,True,8.752250730235348e-06,-0.00042121654634160013,-6.562829114502797e-05,-0.0003555882551965723,0.0001385048821794405,0.0009180836008685786,0.125,0.0004299687970718355,0.00019439721139473203,200,1.0,False,0.0,0.11255868575621247
13044,SDSS,776,4,0.12472,19.5086,0.12294,1.0,-9.0,-9.0,,False,False,True,8.752250730235348e-06,-0.00042121654634160013,-6.562829114502797e-05,-0.0003555882551965723,0.0001385048821794405,0.0009180836008685786,0.125,0.0004299687970718355,0.00019439721139473203,200,1.0,False,0.0,0.026578340502957876
15459,SDSS,777,4,0.1256,19.8887,0.297722,1.0,-9.0,-9.0,,False,False,True,8.886040346783734e-06,-0.0004276260975179532,-6.716538875395958e-05,-0.00036046070876399373,0.0001385048821794405,0.0009321776664847812,0.125,0.00043651213786473694,0.00019712169747823977,200,1.0,False,0.0,0.3902513208305292
2992,SDSS,778,4,0.12623,19.2426,0.292103,1.0,-9.0,-9.0,,False,False,True,9.026519444159545e-06,-0.0004343561262531242,-6.877934124333783e-05,-0.00036557678500978656,0.0001385048821794405,0.0009469764353817947,0.125,0.00044338264569728376,0.00019998240786592305,200,1.0,False,0.0,-0.2675424532332508
16069,SDSS,779,4,0.12706,19.5595,0.258272,1.0,-9.0,-9.0,,False,False,True,9.211595080384814e-06,-0.0004432226720470794,-7.090565960235991e-05,-0.00037231701244471967,0.0001385048821794405,0.0009664732261508751,0.125,0.00045243426712746423,0.00020375128028144216,200,1.0,False,0.0,0.03403511609696591
744,SDSS,780,4,0.1271,19.4319,0.279584,1.0,-9.0,-9.0,,False,False,True,9.220514388154702e-06,-0.0004436499754588361,-7.100813277628863e-05,-0.0003726418426825476,0.0001385048821794405,0.0009674128305252884,0.125,0.0004528704898469908,0.0002039329126870093,200,1.0,False,0.0,-0.0943009306929527
14871,SDSS,781,4,0.1272,19.4899,0.157206,1.0,-9.0,-9.0,,False,False,True,9.242812657579438e-06,-0.0004447182339882285,-7.126431571111063e-05,-0.000373453918277118,0.0001385048821794405,0.0009697618414613225,0.125,0.00045396104664580794,0.00020438699370092732,200,1.0,False,0.0,-0.03814009356556641
18855,SDSS,782,4,0.12732,19.5311,0.174841,1.0,-9.0,-9.0,,False,False,True,9.26957058088911e-06,-0.0004460001442234989,-7.157173523289691e-05,-0.00037442840899060213,0.0001385048821794405,0.0009725806545845626,0.125,0.00045526971480438805,0.00020493189091762878,200,1.0,False,0.0,0.0008547077313386126
22075,SDSS,783,4,0.1292,19.5017,0.148545,1.0,-9.0,-9.0,,False,False,True,9.688778046074063e-06,-0.00046608340457607246,-7.638797440754938e-05,-0.0003896954301685232,0.0001385048821794405,0.0010167420601819989,0.125,0.00047577218262214653,0.00021346861397928665,200,1.0,False,0.0,-0.06284025466249704
1032,SDSS,784,4,0.12921,19.5873,0.211075,1.0,-9.0,-9.0,,False,False,True,9.691007873016533e-06,-0.0004661902304290115,-7.641359270103155e-05,-0.0003897766377279801,0.0001385048821794405,0.0010169769612756018,0.125,0.000475881238302028,0.00021351402208067837,200,1.0,False,0.0,0.02257858474534641
5751,SDSS,785,4,0.1295,19.58,0.248982,1.0,-9.0,-9.0,,False,False,True,9.755672854348256e-06,-0.00046928818016424897,-7.71565232120152e-05,-0.0003921316569522339,0.0001385048821794405,0.0010237890929901,0.125,0.00047904385301859723,0.00021483085702104053,200,1.0,False,0.0,0.01003066054911256
18415,SDSS,786,4,0.12958,19.5899,0.140171,1.0,-9.0,-9.0,,False,False,True,9.77351146988804e-06,-0.00047014278698776266,-7.736146955987274e-05,-0.0003927813174278901,0.0001385048821794405,0.001025668301738927,0.125,0.00047991629845765073,0.0002151941218321749,200,1.0,False,0.0,0.01848490408478637
18809,SDSS,787,4,0.13169,19.549,0.13184,1.0,-9.0,-9.0,,False,False,True,1.0244004954749871e-05,-0.0004926830419579379,-8.276692948461562e-05,-0.0004099161124733225,0.0001385048821794405,0.0010752324324892406,0.125,0.0005029270469126878,0.00022477523122584395,200,1.0,False,0.0,-0.06024679409655692
15508,SDSS,790,4,0.13372,19.5904,0.155367,1.0,-9.0,-9.0,,False,False,True,1.0696659824071917e-05,-0.0005143686901045996,-8.796744306150097e-05,-0.00042640124704309873,0.0001385048821794405,0.0011229173544907267,0.125,0.0005250653499286716,0.0002339930758083787,200,1.0,False,0.0,-0.054709671699033346
14108,SDSS,791,4,0.13477,19.9836,0.19752,1.0,-9.0,-9.0,,False,False,True,1.0930791653031595e-05,-0.0005255854046632176,-9.065736387713132e-05,-0.00043492804078608643,0.0001385048821794405,0.0011475819693190818,0.125,0.0005365161963162492,0.0002387609264545173,200,1.0,False,0.0,0.32014098033235766
15234,SDSS,792,4,0.13535,19.8245,0.312165,1.0,-9.0,-9.0,,False,False,True,1.1060121615695036e-05,-0.0005317813041336923,-9.214322489909855e-05,-0.00043963807923459383,0.0001385048821794405,0.0011612062327480779,0.125,0.0005428414257493874,0.0002413945963352415,200,1.0,False,0.0,0.15096269209465146
17629,SDSS,794,4,0.13658,19.5945,0.193696,1.0,-9.0,-9.0,,False,False,True,1.1334390329619233e-05,-0.0005449208840452164,-9.52942749974084e-05,-0.0004496266090478081,0.0001385048821794405,0.0011900990672612936,0.125,0.0005562552743748356,0.0002469797928064325,200,1.0,False,0.0,-0.10027659793081883
19775,SDSS,795,4,0.137,19.7565,0.222665,1.0,-9.0,-9.0,,False,False,True,1.1428043061203105e-05,-0.0005494075698686637,-9.637024332366054e-05,-0.00045303732654500316,0.0001385048821794405,0.0011999649131926356,0.125,0.0005608356129298668,0.00024888693306488797,200,1.0,False,0.0,0.05451211185668453
18602,SDSS,796,4,0.13713,19.7086,0.257725,1.0,-9.0,-9.0,,False,False,True,1.1457030811455252e-05,-0.0005507963059568734,-9.670328113892904e-05,-0.0004540930248179445,0.0001385048821794405,0.0012030186274094795,0.125,0.0005622533367683287,0.00024947723838298133,200,1.0,False,0.0,0.0043842552145284
21062,SDSS,797,4,0.13745,20.0981,0.228804,1.0,-9.0,-9.0,,False,False,True,1.1528385273614388e-05,-0.0005542147332509283,-9.752306653035922e-05,-0.0004566916667205692,0.0001385048821794405,0.0012105354624047874,0.125,0.0005657431185245427,0.0002509302976275187,200,1.0,False,0.0,0.388408742715672
17366,SDSS,798,4,0.13822,19.6327,0.125613,1.0,-9.0,-9.0,,False,False,True,1.1700081948184825e-05,-0.0005624403239272484,-9.94956751284882e-05,-0.00046294464879876034,0.0001385048821794405,0.0012286228466122481,0.125,0.0005741404058754332,0.0002544267214346872,200,1.0,False,0.0,-0.09011778949452792
15171,SDSS,799,4,0.13826,19.6973,0.157441,1.0,-9.0,-9.0,,False,False,True,1.1709001255954714e-05,-0.0005628676273390053,-9.959814830241694e-05,-0.0004632694790365883,0.0001385048821794405,0.0012295624509866614,0.125,0.00057457662859496,0.0002546083538402543,200,1.0,False,0.0,-0.02619780895153684
20084,SDSS,801,4,0.13851,19.7871,0.31794,1.0,-9.0,-9.0,,False,False,True,1.1764746929516543e-05,-0.0005655382736624857,-0.00010023860563947177,-0.00046529966802301393,0.0001385048821794405,0.0012354349783267459,0.125,0.0005773030205920022,0.0002557435563750492,200,1.0,False,0.0,0.05935625131043648
12928,SDSS,802,4,0.13875,19.7469,0.173939,1.0,-9.0,-9.0,,False,False,True,1.1818262776135901e-05,-0.0005681020941330271,-0.00010085344468304449,-0.0004672486494499827,0.0001385048821794405,0.0012410726045732274,0.125,0.0005799203569091631,0.0002568333508084524,200,1.0,False,0.0,0.015086915397805547
1794,SDSS,805,4,0.14082,19.9245,0.182028,1.0,-9.0,-9.0,,False,False,True,1.2279836953227835e-05,-0.0005902150456914453,-0.00010615643143385857,-0.0004840586142575869,0.0001385048821794405,0.001289697130949127,0.125,0.0006024948826446731,0.0002662328277965542,200,1.0,False,0.0,0.157860712301005
17208,SDSS,806,4,0.14104,20.0305,0.201715,1.0,-9.0,-9.0,,False,False,True,1.2328893145962245e-05,-0.0005925652144561081,-0.00010672003389046682,-0.0004858451805656415,0.0001385048821794405,0.0012948649550084013,0.125,0.0006048941076020704,0.00026723180602717376,200,1.0,False,0.0,0.26018767696085005
2635,SDSS,809,4,0.14325,19.794,0.158316,1.0,-9.0,-9.0,,False,False,True,1.2821684900248804e-05,-0.0006161737279556756,-0.0001123816767500316,-0.0005037920512056441,0.0001385048821794405,0.001346778096694748,0.125,0.0006289954128559244,0.00027726699643476074,200,1.0,False,0.0,-0.012914223853609906
17568,SDSS,810,4,0.14345,20.2624,0.369665,1.0,-9.0,-9.0,,False,False,True,1.2866281439098269e-05,-0.00061831024501446,-0.00011289404261967551,-0.0005054162023947846,0.0001385048821794405,0.001351476118566816,0.125,0.0006311765264535583,0.0002781751584625967,200,1.0,False,0.0,0.45219958041712954
17497,SDSS,812,4,0.14404,19.8226,0.168444,1.0,-9.0,-9.0,,False,False,True,1.2997841228704185e-05,-0.0006246129703378742,-0.00011440552193512496,-0.0005102074484027492,0.0001385048821794405,0.0013653352830894155,0.125,0.0006376108115665783,0.00028085423644471275,200,1.0,False,0.0,0.0027302850524362782
8921,SDSS,813,4,0.14423,19.763,0.239442,1.0,-9.0,-9.0,,False,False,True,1.3040207940611172e-05,-0.0006266426615437192,-0.00011489226951128664,-0.0005117503920324326,0.0001385048821794405,0.0013697984038678797,0.125,0.0006396828694843304,0.0002817169903711568,200,1.0,False,0.0,-0.05997564808493311
17605,SDSS,814,4,0.14542,19.8988,0.208421,1.0,-9.0,-9.0,,False,False,True,1.3305557346765474e-05,-0.0006393549380434864,-0.0001179408464356677,-0.0005214140916078188,0.0001385048821794405,0.001397751634006682,0.125,0.0006526604953902518,0.00028712055443678064,200,1.0,False,0.0,0.05645824618701295
13796,SDSS,818,4,0.14747,19.7142,0.169668,1.0,-9.0,-9.0,,False,False,True,1.3762671869972465e-05,-0.0006612542378960263,-0.00012319259659951742,-0.0005380616412965089,0.0001385048821794405,0.001445906358195375,0.125,0.0006750169097659988,0.00029642921522209895,200,1.0,False,0.0,-0.1611576768732627
14024,SDSS,819,4,0.14771,19.881,0.186845,1.0,-9.0,-9.0,,False,False,True,1.3816187716591824e-05,-0.0006638180583665678,-0.0001238074356430901,-0.0005400106227234777,0.0001385048821794405,0.0014515439844418564,0.125,0.0006776342460831596,0.00029751900965550214,200,1.0,False,0.0,0.0018052184186315174
14437,SDSS,822,4,0.14806,19.7852,0.155606,1.0,-9.0,-9.0,,False,False,True,1.389423165957838e-05,-0.0006675569632194402,-0.00012470407591496686,-0.0005428528873044735,0.0001385048821794405,0.0014597655227179742,0.125,0.0006814511948790186,0.00029910829320421495,200,1.0,False,0.0,-0.09958009763176906
13736,SDSS,824,4,0.14898,19.9076,0.172844,1.0,-9.0,-9.0,,False,False,True,1.409937573828591e-05,-0.0006773849416898486,-0.00012706095891532867,-0.0005503239827745199,0.0001385048821794405,0.0014813764233294856,0.125,0.0006914843174281345,0.00030328583853226026,200,1.0,False,0.0,0.008197298804869581
2308,SDSS,825,4,0.1494,19.8574,0.173123,1.0,-9.0,-9.0,,False,False,True,1.4193028469869782e-05,-0.0006818716275132958,-0.00012813692724158082,-0.000553734700271715,0.0001385048821794405,0.0014912422692608274,0.125,0.0006960646559831656,0.0003051929787907157,200,1.0,False,0.0,-0.04865012586903833
2031,SDSS,828,4,0.15195,19.7947,0.156456,1.0,-9.0,-9.0,,False,False,True,1.4761634340200428e-05,-0.0007091122200127969,-0.00013466959207954028,-0.0005744426279332565,0.00035085924739984917,0.0015511420481296896,0.17500000000000004,0.0007238738543529973,0.0003167720446456239,200,1.0,False,0.0,-0.1308494780528273
18323,SDSS,829,4,0.15291,20.0709,0.171081,1.0,-9.0,-9.0,,False,False,True,1.4975697726677847e-05,-0.0007193675018949617,-0.00013712894825383085,-0.0005822385536411309,0.00035085924739984917,0.001573692553115614,0.17500000000000004,0.0007343431996216396,0.0003211312223792363,200,1.0,False,0.0,0.1304590863459614
15132,SDSS,830,4,0.15318,19.9645,0.124868,1.0,-9.0,-9.0,,False,False,True,1.5035903054124624e-05,-0.0007222517999243208,-0.0001378206421778501,-0.0005844311577464707,0.00035085924739984917,0.0015800348826429057,0.17500000000000004,0.0007372877029784454,0.0003223572411168149,200,1.0,False,0.0,0.019886641832645116
18740,SDSS,831,4,0.15336,19.8461,0.157633,1.0,-9.0,-9.0,,False,False,True,1.5076039939089138e-05,-0.0007241746652772266,-0.00013828177146052955,-0.0005858928938166971,0.00035085924739984917,0.0015842631023277663,0.17500000000000004,0.0007392507052163158,0.00032317458694186714,200,1.0,False,0.0,-0.10129116429193295
19353,SDSS,832,4,0.15341,20.0034,0.177329,1.0,-9.0,-9.0,,False,False,True,1.5087189073801503e-05,-0.0007247087945419226,-0.0001384098629279405,-0.0005862989316139822,0.00035085924739984917,0.001585437607795783,0.17500000000000004,0.0007397959836157241,0.0003234016274488261,200,1.0,False,0.0,0.055237764584948015
16073,SDSS,833,4,0.15357,20.1109,0.173378,1.0,-9.0,-9.0,,False,False,True,1.5122866304881077e-05,-0.0007264180081889504,-0.00013881975562365565,-0.0005875982525652947,0.00035085924739984917,0.0015891960252934375,0.17500000000000004,0.0007415408744938315,0.0003241281570710949,200,1.0,False,0.0,0.16027191702939428
5550,SDSS,834,4,0.15511,19.9546,0.165696,1.0,-9.0,-9.0,,False,False,True,1.5466259654021937e-05,-0.0007428691895415901,-0.00014276497281991347,-0.0006001042167216766,0.00035085924739984917,0.0016253707937083576,0.17500000000000004,0.000758335449195612,0.0003311210046854316,200,1.0,False,0.0,-0.019639667513697598
16116,SDSS,835,4,0.15526,20.025,0.155517,1.0,-9.0,-9.0,,False,False,True,1.5499707058159036e-05,-0.0007444715773356784,-0.0001431492472221464,-0.000601322330113532,0.00035085924739984917,0.0016288943101124087,0.17500000000000004,0.0007599712843938375,0.00033180212620630855,200,1.0,False,0.0,0.048472242614248776
18030,SDSS,836,4,0.15536,20.1464,0.173773,1.0,-9.0,-9.0,,False,False,True,1.5522005327583763e-05,-0.0007455398358650706,-0.0001434054301569683,-0.0006021344057081023,0.00035085924739984917,0.0016312433210484423,0.17500000000000004,0.0007610618411926543,0.00033225620722022645,200,1.0,False,0.0,0.16834799838224138
19940,SDSS,837,4,0.15601,19.7174,0.177159,1.0,-9.0,-9.0,,False,False,True,1.5666944078844518e-05,-0.00075248351630612,-0.00014507061923331097,-0.0006074128970728089,0.00035085924739984917,0.0016465118921326625,0.17500000000000004,0.0007681504603849645,0.0003352077338106933,200,1.0,False,0.0,-0.2705372681382203
13354,SDSS,838,4,0.15671,19.9557,0.208548,1.0,-9.0,-9.0,,False,False,True,1.5823031964817634e-05,-0.000759961326011865,-0.00014686389977706447,-0.0006130974262348007,0.00035085924739984917,0.001662954968684899,0.17500000000000004,0.0007757843579766827,0.000338386300908119,200,1.0,False,0.0,-0.042839934289826895
16206,SDSS,839,4,0.15856,19.8264,0.161473,1.0,-9.0,-9.0,,False,False,True,1.6235549949175168e-05,-0.000779724108805621,-0.00015160328407127035,-0.0006281208247343505,0.00035085924739984917,0.0017064116710015247,0.17500000000000004,0.0007959596587547961,0.00034678679966560145,200,1.0,False,0.0,-0.19994943115358074
14782,SDSS,841,4,0.15931,19.6973,0.141359,1.0,-9.0,-9.0,,False,False,True,1.6402786969860653e-05,-0.0007877360477760623,-0.0001535246560824349,-0.0006342113916936275,0.00035085924739984917,0.0017240292530217782,0.17500000000000004,0.000804138834745923,0.00035019240726998617,200,1.0,False,0.0,-0.34023718119278734
15425,SDSS,842,4,0.15948,19.8378,0.140474,1.0,-9.0,-9.0,,False,False,True,1.6440694027882695e-05,-0.0007895520872760291,-0.0001539601670716322,-0.0006355919202043969,0.00035085924739984917,0.0017280225716130356,0.17500000000000004,0.0008059927813039118,0.0003509643449936467,200,1.0,False,0.0,-0.20226622284645066
3317,SDSS,844,4,0.16008,19.9756,0.165527,1.0,-9.0,-9.0,,False,False,True,1.657448364443108e-05,-0.0007959616384523823,-0.00015549726468056378,-0.0006404643737718183,0.00035085924739984917,0.001742116637229238,0.17500000000000004,0.0008125361220968133,0.0003536888310771545,200,1.0,False,0.0,-0.07337214842958793
2689,SDSS,845,4,0.16053,19.9527,0.215367,1.0,-9.0,-9.0,,False,False,True,1.667482585684237e-05,-0.0008007688018346472,-0.00015665008788726253,-0.0006441187139473844,0.00035085924739984917,0.0017526871864413905,0.17500000000000004,0.0008174436276914896,0.0003557321956397854,200,1.0,False,0.0,-0.10293113442036293
5103,SDSS,847,4,0.16077,19.9632,0.207521,1.0,-9.0,-9.0,,False,False,True,1.6728341703461726e-05,-0.0008033326223051883,-0.00015726492693083515,-0.0006460676953743531,0.00035085924739984917,0.0017583248126878711,0.17500000000000004,0.00082006096400865,0.0003568219900731884,200,1.0,False,0.0,-0.09597546122781274
17825,SDSS,849,4,0.16236,20.0722,0.222431,1.0,-9.0,-9.0,,False,False,True,1.7082884187314955e-05,-0.0008203179329225243,-0.000161338235594504,-0.0006589796973280203,0.00035085924739984917,0.001795674086570809,0.17500000000000004,0.0008374008171098392,0.0003640418781944841,200,1.0,False,0.0,-0.010332461540351041
19174,SDSS,850,4,0.16375,20.0277,0.199176,1.0,-9.0,-9.0,,False,False,True,1.7392830132318723e-05,-0.0008351667264810759,-0.00016489917838852895,-0.0006702675480925468,0.00035085924739984917,0.0018283253385816792,0.17500000000000004,0.0008525595566133946,0.00037035360428794387,200,1.0,False,0.0,-0.0750770003715646
3087,SDSS,851,4,0.16448,20.0104,0.197482,1.0,-9.0,-9.0,,False,False,True,1.7555607499119254e-05,-0.0008429650137456386,-0.00016676931381272905,-0.0006761956999329096,0.00035085924739984917,0.0018454731184147253,0.17500000000000004,0.0008605206212447579,0.0003736683956895449,200,1.0,False,0.0,-0.10294480360715873
19616,SDSS,852,4,0.16471,20.0763,0.136814,1.0,-9.0,-9.0,,False,False,True,1.760689351879614e-05,-0.0008454220083632408,-0.0001673585345628195,-0.0006780634738004212,0.00035085924739984917,0.0018508758435676034,0.17500000000000004,0.000863028901882037,0.00037471278202155626,200,1.0,False,0.0,-0.04036530863315611
20764,SDSS,853,4,0.16495,20.0652,0.148483,1.0,-9.0,-9.0,,False,False,True,1.7660409365415498e-05,-0.0008479858288337823,-0.00016797337360639221,-0.00068001245522739,0.00035085924739984917,0.0018565134698140852,0.17500000000000004,0.0008656462381991979,0.0003758025764549595,200,1.0,False,0.0,-0.05492556847348616
20430,SDSS,854,4,0.16603,20.2408,0.240376,1.0,-9.0,-9.0,,False,False,True,1.7901230675202596e-05,-0.0008595230209512178,-0.00017074014930246913,-0.0006887828716487486,0.00035085924739984917,0.0018818827879232497,0.17500000000000004,0.0008774242516264205,0.0003807066514052735,200,1.0,False,0.0,0.10516123055412742
12843,SDSS,855,4,0.16606,19.9287,0.191603,1.0,-9.0,-9.0,,False,False,True,1.7907920156030015e-05,-0.0008598434985100357,-0.00017081700418291573,-0.0006890264943271198,0.00035085924739984917,0.00188258749120406,0.17500000000000004,0.0008777514186660656,0.0003808428757094489,200,1.0,False,0.0,-0.20736834484965902
12853,SDSS,856,4,0.16828,20.0227,0.163613,1.0,-9.0,-9.0,,False,False,True,1.8402941737259048e-05,-0.0008835588378625424,-0.00017650426533596274,-0.0007070545725265795,0.00035085924739984917,0.0019347355339840104,0.17500000000000004,0.0009019617795998014,0.00039092347421842776,200,1.0,False,0.0,-0.14495752397864356
17389,SDSS,858,4,0.16971,20.4191,0.273568,1.0,-9.0,-9.0,,False,False,True,1.8721806990032702e-05,-0.0008988349348328506,-0.00018016768130391643,-0.000718667253528934,0.00035085924739984917,0.0019683263903692936,0.17500000000000004,0.0009175567418228833,0.0003974168327174546,200,1.0,False,0.0,0.23129988540278015
12856,SDSS,859,4,0.17042,20.2212,0.129908,1.0,-9.0,-9.0,,False,False,True,1.888012470294829e-05,-0.0009064195703915351,-0.0001819865801411522,-0.0007244329902503828,0.00035085924739984917,0.0019850043680151334,0.17500000000000004,0.0009252996950944834,0.0004006408079162721,200,1.0,False,0.0,0.023457805021955172
19282,SDSS,862,4,0.17256,20.2491,0.175342,1.0,-9.0,-9.0,,False,False,True,1.9357307668637544e-05,-0.0009292803029205281,-0.00018746889494634163,-0.0007418114079741863,0.00035085924739984917,0.0020352732020462567,0.17500000000000004,0.0009486376105891656,0.0004103581416141166,200,1.0,False,0.0,0.02162366311853582
3080,SDSS,865,4,0.17331,20.1341,0.129054,1.0,-9.0,-9.0,,False,False,True,1.9524544689323025e-05,-0.0009372922418909695,-0.00018939026695750618,-0.0007479019749334632,0.00035085924739984917,0.002052890784066511,0.17500000000000004,0.0009568167865802925,0.0004137637492185013,200,1.0,False,0.0,-0.10371580995958872
15897,SDSS,866,4,0.17374,20.2873,0.181179,1.0,-9.0,-9.0,,False,False,True,1.9620427247849375e-05,-0.0009418857535673561,-0.00019049185357724054,-0.0007513938999901154,0.00035085924739984917,0.0020629915310914565,0.17500000000000004,0.0009615061808152055,0.00041571629757834863,200,1.0,False,0.0,0.0435750355112743
15648,SDSS,868,4,0.17392,20.3456,0.317382,1.0,-9.0,-9.0,,False,False,True,1.966056413281389e-05,-0.0009438086189202618,-0.00019095298285991998,-0.0007528556360603418,0.00035085924739984917,0.0020672197507763165,0.17500000000000004,0.0009634691830530757,0.00041653364340340094,200,1.0,False,0.0,0.09940548556033925
14421,SDSS,869,4,0.17417,20.3204,0.134443,1.0,-9.0,-9.0,,False,False,True,1.971630980637572e-05,-0.0009464792652437425,-0.0001915934401969748,-0.0007548858250467675,0.00035085924739984917,0.0020730922781164013,0.17500000000000004,0.0009661955750501182,0.00041766884593819585,200,1.0,False,0.0,0.07077950706226567
16165,SDSS,870,4,0.1742,20.0787,0.151928,1.0,-9.0,-9.0,,False,False,True,1.9722999287203134e-05,-0.00094679974280256,-0.00019167029507742144,-0.0007551294477251385,0.00035085924739984917,0.002073796981397212,0.17500000000000004,0.0009665227420897632,0.00041780507024237126,200,1.0,False,0.0,-0.17133130208389266
5350,SDSS,871,4,0.17438,20.2523,0.181979,1.0,-9.0,-9.0,,False,False,True,1.9763136172167655e-05,-0.0009487226081554661,-0.00019213142436010094,-0.0007565911837953651,0.00035085924739984917,0.0020780252010820727,0.17500000000000004,0.0009684857443276338,0.00041862241606742363,200,1.0,False,0.0,-0.00019477212175920793
15583,SDSS,872,4,0.17443,20.3016,0.22939,1.0,-9.0,-9.0,,False,False,True,1.977428530688002e-05,-0.0009492567374201623,-0.0001922595158275119,-0.0007569972215926502,0.00035085924739984917,0.0020791997065500896,0.17500000000000004,0.0009690310227270422,0.0004188494565743826,200,1.0,False,0.0,0.04842135154860096
19969,SDSS,873,4,0.17444,20.2319,0.160388,1.0,-9.0,-9.0,,False,False,True,1.9776515133822495e-05,-0.0009493635632731015,-0.00019228513412099414,-0.0007570784291521073,0.00035085924739984917,0.0020794346076436934,0.17500000000000004,0.000969140078406924,0.0004188948646757744,200,1.0,False,0.0,-0.02141540177692057
18604,SDSS,874,4,0.17498,20.4904,0.18,1.0,-9.0,-9.0,,False,False,True,1.989692578871604e-05,-0.0009551321593318193,-0.00019366852196903253,-0.0007614636373627866,0.00035085924739984917,0.0020921192666982754,0.17500000000000004,0.0009750290851205353,0.0004213469021509314,200,1.0,False,0.0,0.22971075480114303
14979,SDSS,875,4,0.17666,20.2634,0.132749,1.0,-9.0,-9.0,,False,False,True,2.086096767272835e-05,-0.0009716605159984341,-0.00020255668759413338,-0.0007691038284043007,0.00035085924739984917,0.0021285627464306227,0.17500000000000004,0.0009925214836711625,0.0004320401500642018,200,1.0,False,0.0,-0.020095141081270848
17218,SDSS,876,4,0.17713,20.2565,0.173535,1.0,-9.0,-9.0,,False,False,True,2.113265661740297e-05,-0.0009762797396921367,-0.00020505870967119617,-0.0007712210300209404,0.00035085924739984917,0.002138748064771717,0.17500000000000004,0.0009974123963095397,0.0004350420433798216,200,1.0,False,0.0,-0.03333916209065556
14451,SDSS,877,4,0.17737,20.2241,0.135602,1.0,-9.0,-9.0,,False,False,True,2.127139139766234e-05,-0.0009786384922165804,-0.00020633633796586644,-0.0007723021542507138,0.00035085924739984917,0.0021439490783927008,0.17500000000000004,0.0009999098836142428,0.000436574925072904,200,1.0,False,0.0,-0.06897261163004863
17220,SDSS,878,4,0.17786,20.0864,0.255935,1.0,-9.0,-9.0,,False,False,True,2.1554641574025234e-05,-0.000983454278620653,-0.000208944829067485,-0.0007745094495531679,0.00035085924739984917,0.0021545678145355428,0.17500000000000004,0.0010050089201946782,0.00043970455852961385,200,1.0,False,0.0,-0.2132615926157799
5635,SDSS,880,4,0.17852,20.7139,0.206103,1.0,-9.0,-9.0,,False,False,True,2.1936162219738545e-05,-0.0009899408480628737,-0.00021245830687782857,-0.000777482541185045,0.00035085924739984917,0.00216887060199325,0.17500000000000004,0.0010118770102826122,0.00044391998318559075,200,1.0,False,0.0,0.4053901483996112
6936,SDSS,881,4,0.17901,20.388,0.155005,1.0,-9.0,-9.0,,False,False,True,2.2219412396101438e-05,-0.0009947566344669465,-0.00021506679797944715,-0.0007796898364874992,0.00035085924739984917,0.0021794893381360926,0.17500000000000004,0.001016976046863048,0.0004470496166423007,200,1.0,False,0.0,0.07294068669361288
13045,SDSS,883,4,0.17931,20.2825,0.228237,1.0,-9.0,-9.0,,False,False,True,2.239283087142566e-05,-0.000997705075122501,-0.000216663833347785,-0.000781041241774716,0.00035085924739984917,0.0021859906051623227,0.17500000000000004,0.0010200979059939268,0.0004489657187586536,200,1.0,False,0.0,-0.03656094596998492
2372,SDSS,885,4,0.17973,20.2989,0.172535,1.0,-9.0,-9.0,,False,False,True,2.2635616736879576e-05,-0.0010018328920402778,-0.00021889968286345815,-0.0007829332091768196,0.00035085924739984917,0.002195092378999045,0.17500000000000004,0.0010244685087771575,0.000451648261721548,200,1.0,False,0.0,-0.025752761787707565
13254,SDSS,887,4,0.18004,20.7449,0.266717,1.0,-9.0,-9.0,,False,False,True,2.2814815828047942e-05,-0.0010048796140510177,-0.00022054995274407402,-0.0007843296613069436,0.00035085924739984917,0.0022018103549261495,0.17500000000000004,0.0010276944298790657,0.0004536282339084462,200,1.0,False,0.0,0.41612775141667036
14284,SDSS,888,4,0.1805,20.1158,0.134945,1.0,-9.0,-9.0,,False,False,True,2.3080724156878413e-05,-0.001009400556389535,-0.00022299874030885878,-0.0007864018160806762,0.00035085924739984917,0.002211778964366369,0.17500000000000004,0.0010324812805464134,0.00045656625715352075,200,1.0,False,0.0,-0.21907287055698907
17215,SDSS,893,4,0.18092,20.3683,0.206231,1.0,-9.0,-9.0,,False,False,True,2.3323510022332327e-05,-0.0010135283733073118,-0.00022523458982453187,-0.0007882937834827798,0.00035085924739984917,0.0022208807382030913,0.17500000000000004,0.0010368518833296441,0.000459248800116415,200,1.0,False,0.0,0.0278696355668442
15443,SDSS,895,4,0.18136,20.2338,0.13131,1.0,-9.0,-9.0,,False,False,True,2.3577857119474518e-05,-0.0010178527529354589,-0.00022757690836476086,-0.0007902758445706977,0.00035085924739984917,0.0022304159298415626,0.17500000000000004,0.0010414306100549333,0.00046205908322039945,200,1.0,False,0.0,-0.1124396222580517
17332,SDSS,897,4,0.18217,20.3333,0.199241,1.0,-9.0,-9.0,,False,False,True,2.4046087002849928e-05,-0.0010258135427054565,-0.0002318889038592732,-0.0007939246388461831,0.00035085924739984917,0.0022479693508123838,0.17500000000000004,0.0010498596297083065,0.0004672325589345527,200,1.0,False,0.0,-0.02359968449748727
1580,SDSS,898,4,0.18229,20.2729,0.147406,1.0,-9.0,-9.0,,False,False,True,2.411545439297962e-05,-0.0010269929189676787,-0.00023252771800660844,-0.00079446520096107,0.00035085924739984917,0.002250569857622876,0.17500000000000004,0.0010511083733606582,0.000467998999781094,200,1.0,False,0.0,-0.08557519603988716
15453,SDSS,900,4,0.18252,20.5291,0.175251,1.0,-9.0,-9.0,,False,False,True,2.424840855739485e-05,-0.001029253390136937,-0.00023375211178900082,-0.0007955012783479361,0.00035085924739984917,0.0022555541623429853,0.17500000000000004,0.001053501798694332,0.0004694680114036312,200,1.0,False,0.0,0.1676077722335554
17391,SDSS,901,4,0.1836,20.3465,0.29295,1.0,-9.0,-9.0,,False,False,True,2.487271506856207e-05,-0.0010398677764969346,-0.00023950143911501747,-0.000800366337381917,0.00035085924739984917,0.002278958723637415,0.17500000000000004,0.0010647404915654966,0.00047636597902250236,200,1.0,False,0.0,-0.02911197022684696
17168,SDSS,903,4,0.18389,20.499,0.195575,1.0,-9.0,-9.0,,False,False,True,2.5040352928042145e-05,-0.0010427179357973039,-0.00024104523997107736,-0.0008016726958262264,0.00035085924739984917,0.00228524328176277,0.17500000000000004,0.001067758288725346,0.00047821821106831016,200,1.0,False,0.0,0.11960979361963077
20048,SDSS,904,4,0.18402,20.543,0.216702,1.0,-9.0,-9.0,,False,False,True,2.5115500934015974e-05,-0.001043995593414711,-0.00024173728863069043,-0.0008022583047840203,0.00035085924739984917,0.0022880604974741363,0.17500000000000004,0.001069111094348727,0.00047904852198539646,200,1.0,False,0.0,0.16191790268298314
15421,SDSS,906,4,0.18459,20.5361,0.140077,1.0,-9.0,-9.0,,False,False,True,2.544499603713201e-05,-0.001049597630660265,-0.0002447716558305326,-0.0008048259748297325,0.00035085924739984917,0.0023004129048239744,0.17500000000000004,0.0010750426266973971,0.00048268911600646736,200,1.0,False,0.0,0.14761272767662328
8213,SDSS,907,4,0.18484,20.4018,0.2755,1.0,-9.0,-9.0,,False,False,True,2.5589511433235526e-05,-0.0010520546645398942,-0.00024610251863748083,-0.0008059521459024132,0.00035085924739984917,0.0023058306273458324,0.17500000000000004,0.0010776441759731297,0.00048428586777009487,200,1.0,False,0.0,0.010071560098449133
15461,SDSS,908,4,0.18493,20.36,0.132133,1.0,-9.0,-9.0,,False,False,True,2.5641536975832798e-05,-0.0010529391967365606,-0.0002465816292479823,-0.0008063575674885781,0.00035085924739984917,0.002307781007453702,0.17500000000000004,0.0010785807337123933,0.00048486069840500087,200,1.0,False,0.0,-0.03289426093418178
6422,SDSS,910,4,0.18515,20.3817,0.158153,1.0,-9.0,-9.0,,False,False,True,2.5768710524403895e-05,-0.001055101386550634,-0.0002477527885180968,-0.0008073485980325373,0.00035085924739984917,0.002312548603272937,0.17500000000000004,0.001080870097075038,0.0004862658399569931,200,1.0,False,0.0,-0.014041822888153128
16281,SDSS,911,4,0.18522,20.2897,0.170059,1.0,-9.0,-9.0,,False,False,True,2.580917483531287e-05,-0.00105578935603693,-0.00024812543010404214,-0.0008076639259328877,0.00035085924739984917,0.0023140655655790572,0.17500000000000004,0.0010815985308722429,0.00048671293045080867,200,1.0,False,0.0,-0.10694720459068228
15365,SDSS,913,4,0.18667,20.5029,0.141963,1.0,-9.0,-9.0,,False,False,True,2.664736413271329e-05,-0.0010700401525387782,-0.0002558444343843422,-0.0008141957181544359,0.00035085924739984917,0.0023454883562058367,0.17500000000000004,0.0010966875166714915,0.0004959740906798484,200,1.0,False,0.0,0.08756976030742415
18807,SDSS,914,4,0.18728,20.5164,0.134017,1.0,-9.0,-9.0,,False,False,True,2.699998169920588e-05,-0.0010760353152050727,-0.000259091739633296,-0.0008169435755717766,0.00035085924739984917,0.0023587075991591713,0.17500000000000004,0.0011030352969042785,0.0004998701649830996,200,1.0,False,0.0,0.09325035000023242
5994,SDSS,915,4,0.18809,20.4921,0.189553,1.0,-9.0,-9.0,,False,False,True,2.7468211582581288e-05,-0.0010839961049750708,-0.0002634037351278084,-0.0008205923698472622,0.00035085924739984917,0.002376261020129993,0.17500000000000004,0.001111464316557652,0.0005050436406972529,200,1.0,False,0.0,0.058603763102911946
12927,SDSS,916,4,0.18906,20.1854,0.147113,1.0,-9.0,-9.0,,False,False,True,2.802893131946295e-05,-0.001093529396428031,-0.0002685674828187677,-0.0008249619136092633,0.00035085924739984917,0.002397281783514804,0.17500000000000004,0.001121558327747494,0.0005112390375401277,200,1.0,False,0.0,-0.2604321593791037
16100,SDSS,917,4,0.18908,20.5559,0.254842,1.0,-9.0,-9.0,,False,False,True,2.8040492551151222e-05,-0.0010937259591384015,-0.00026867395184332343,-0.0008250520072950777,0.00035085924739984917,0.0023977152013165523,0.17500000000000004,0.0011217664516895527,0.0005113667776812179,200,1.0,False,0.0,0.10981411206149595
18787,SDSS,919,4,0.18929,20.8878,0.198697,1.0,-9.0,-9.0,,False,False,True,2.816188548387819e-05,-0.00109578986759729,-0.0002697918766011601,-0.0008259979909961295,0.00035085924739984917,0.002402266088234914,0.17500000000000004,0.0011239517530811682,0.0005127080491626651,200,1.0,False,0.0,0.4390514692269851
18749,SDSS,920,4,0.18948,20.4883,0.207448,1.0,-9.0,-9.0,,False,False,True,2.8271717184916863e-05,-0.0010976572133458077,-0.0002708033323344408,-0.000826853881011367,0.00035085924739984917,0.0024063835573515263,0.17500000000000004,0.0011259289305307245,0.000513921580503022,200,1.0,False,0.0,0.037144779321955715
6304,SDSS,922,4,0.18995,20.4756,0.223097,1.0,-9.0,-9.0,,False,False,True,2.854340612959148e-05,-0.0011022764370395102,-0.00027330535441150356,-0.0008289710826280066,0.00035085924739984917,0.0024165688756926204,0.17500000000000004,0.0011308198431691017,0.0005169234738186417,200,1.0,False,0.0,0.018501024390442003
762,SDSS,923,4,0.19025,20.6277,0.155666,1.0,-9.0,-9.0,,False,False,True,2.87168246049157e-05,-0.001105224877695065,-0.0002749023897798414,-0.0008303224879152233,0.00035085924739984917,0.0024230701427188505,0.17500000000000004,0.0011339417022999806,0.0005188395759349948,200,1.0,False,0.0,0.16681429030574416
20687,SDSS,924,4,0.19042,20.4362,0.293734,1.0,-9.0,-9.0,,False,False,True,2.8815095074266095e-05,-0.0011068956607332126,-0.00027580737648856627,-0.0008310882842446463,0.00035085924739984917,0.002426754194033714,0.17500000000000004,0.0011357107558074787,0.0005199253671342615,200,1.0,False,0.0,-0.02682905983765614
2440,SDSS,925,4,0.19044,20.6652,0.152469,1.0,-9.0,-9.0,,False,False,True,2.8826656305954378e-05,-0.0011070922234435831,-0.0002759138455131221,-0.0008311783779304607,0.00035085924739984917,0.002427187611835463,0.17500000000000004,0.0011359188797495374,0.0005200531072753517,200,1.0,False,0.0,0.20191889839912472
16276,SDSS,926,4,0.19413,20.5453,0.217185,1.0,-9.0,-9.0,,False,False,True,3.095970355244233e-05,-0.0011433580435069065,-0.0002955573805436786,-0.0008478006629632278,0.00035085924739984917,0.002507153196258094,0.17500000000000004,0.0011743177470593489,0.0005436211633064942,200,1.0,False,0.0,0.03593345582673614
2246,SDSS,927,4,0.19434,20.6257,0.220354,1.0,-9.0,-9.0,,False,False,True,3.10810964851693e-05,-0.001145421951965795,-0.00029667530530151523,-0.0008487466466642797,0.00035085924739984917,0.0025117040831764553,0.17500000000000004,0.0011765030484509643,0.0005449624347879414,200,1.0,False,0.0,0.11373528163971237
20821,SDSS,928,4,0.19546,20.8813,0.403052,1.0,-9.0,-9.0,,False,False,True,3.172852545971306e-05,-0.0011564294637465325,-0.00030263757067664344,-0.0008537918930698891,0.00035085924739984917,0.002535975480074381,0.17500000000000004,0.0011881579892062456,0.0005521158826889926,200,1.0,False,0.0,0.3555222988516318
14984,SDSS,930,4,0.19557,20.6552,0.194065,1.0,-9.0,-9.0,,False,False,True,3.179211223399861e-05,-0.0011575105586535692,-0.0003032231503117006,-0.0008542874083418686,0.00035085924739984917,0.002538359277983999,0.17500000000000004,0.0011893026708875679,0.0005528184534649888,200,1.0,False,0.0,0.12806963907629745
15674,SDSS,931,4,0.19568,20.705,0.210601,1.0,-9.0,-9.0,,False,False,True,3.1855699008284156e-05,-0.001158591653560606,-0.00030380872994675785,-0.0008547829236138481,0.00035085924739984917,0.0025407430758936163,0.17500000000000004,0.0011904473525688902,0.0005535210242409848,200,1.0,False,0.0,0.17651768665253423
15129,SDSS,933,4,0.19621,20.5217,0.155637,1.0,-9.0,-9.0,,False,False,True,3.2162071648023616e-05,-0.0011638005653854195,-0.0003066301590974882,-0.0008571704062879312,0.00035085924739984917,0.0025522286476399566,0.17500000000000004,0.001195962637033443,0.0005569061379798753,200,1.0,False,0.0,-0.01328637601442771
13070,SDSS,936,4,0.19733,20.5488,0.138981,1.0,-9.0,-9.0,,False,False,True,3.280950062256739e-05,-0.0011748080771661572,-0.0003125924244726165,-0.0008622156526935408,0.00035085924739984917,0.0025765000445378827,0.17500000000000004,0.0012076175777887247,0.0005640595858809267,200,1.0,False,0.0,0.00012275760772319406
18804,SDSS,937,4,0.19741,20.4402,0.128057,1.0,-9.0,-9.0,,False,False,True,3.285574554932052e-05,-0.001175594328007639,-0.00031301830057084,-0.0008625760274367986,0.00035085924739984917,0.0025782337157448775,0.17500000000000004,0.0012084500735569594,0.0005645705464452876,200,1.0,False,0.0,-0.10945239456428645
15222,SDSS,939,4,0.19817,20.5031,0.180536,1.0,-9.0,-9.0,,False,False,True,3.329507235347523e-05,-0.0011830637110017109,-0.00031706412350396274,-0.0008659995874977479,0.00035085924739984917,0.0025947035922113276,0.17500000000000004,0.0012163587833551861,0.0005694246718067153,200,1.0,False,0.0,-0.05579805924170976
13370,SDSS,941,4,0.19861,21.0716,0.237064,1.0,-9.0,-9.0,,False,False,True,3.3549419450617414e-05,-0.001187388090629858,-0.00031940644204419167,-0.000867981648585666,0.00035085924739984917,0.0026042387838497985,0.17500000000000004,0.0012209375100804753,0.0005722349549106997,200,1.0,False,0.0,0.5073642436158108
19658,SDSS,943,4,0.19878,20.636,0.172401,1.0,-9.0,-9.0,,False,False,True,3.364768991996781e-05,-0.0011890588736680053,-0.0003203114287529165,-0.0008687474449150888,0.00035085924739984917,0.002607922835164662,0.17500000000000004,0.0012227065635879732,0.0005733207461099666,200,1.0,False,0.0,0.06970489530235803
18768,SDSS,944,4,0.19908,20.7686,0.215956,1.0,-9.0,-9.0,,False,False,True,3.382110839529204e-05,-0.0011920073143235604,-0.00032190846412125443,-0.0008700988502023056,0.00035085924739984917,0.002614424102190892,0.17500000000000004,0.0012258284227188523,0.0005752368482263195,200,1.0,False,0.0,0.19867474191694237
19101,SDSS,948,4,0.20077,20.4307,0.193097,1.0,-9.0,-9.0,,False,False,True,3.479803247295183e-05,-0.0012086168633498521,-0.00033090509669622475,-0.0008777117666536272,0.0010745699610107914,0.0026510479064386556,0.22500000000000003,0.001243414895822804,0.0005860308901484417,200,1.0,False,0.0,-0.16593949445562456
13152,SDSS,952,4,0.20231,20.3654,0.196276,1.0,-9.0,-9.0,,False,False,True,3.5688247312949506e-05,-0.0012237521920483664,-0.00033910321158702605,-0.0008846489804613402,0.0010745699610107914,0.002684421077173304,0.22500000000000003,0.001259440439361316,0.0005958668810123872,200,1.0,False,0.0,-0.24964995035928067
19913,SDSS,953,4,0.20249,20.7419,0.157404,1.0,-9.0,-9.0,,False,False,True,3.579229839814405e-05,-0.0012255212564416993,-0.00034006143280802885,-0.0008854598236336704,0.0010745699610107914,0.002688321837389042,0.22500000000000003,0.0012613135548398434,0.0005970165422821991,200,1.0,False,0.0,0.12470668567091908
6780,SDSS,954,4,0.20279,20.5843,0.182984,1.0,-9.0,-9.0,,False,False,True,3.596571687346827e-05,-0.0012284696970972539,-0.00034165846817636676,-0.0008868112289208872,0.0010745699610107914,0.002694823104415272,0.22500000000000003,0.0012644354139707222,0.0005989326443985521,200,1.0,False,0.0,-0.03646165629986681
14212,SDSS,955,4,0.2032,20.7128,0.144119,1.0,-9.0,-9.0,,False,False,True,3.620272212307804e-05,-0.0012324992326598453,-0.0003438410831797619,-0.0008886581494800834,0.0010745699610107914,0.0027037081693511203,0.22500000000000003,0.0012687019547829234,0.0006015513172909013,200,1.0,False,0.0,0.08716953427601143
15203,SDSS,956,4,0.20329,20.6292,0.164646,1.0,-9.0,-9.0,,False,False,True,3.6254747665675305e-05,-0.001233383764856512,-0.0003443201937902633,-0.0008890635710662486,0.0010745699610107914,0.002705658549458989,0.22500000000000003,0.0012696385125221873,0.0006021261479258072,200,1.0,False,0.0,0.0025019931281919407
16032,SDSS,957,4,0.20331,20.6747,0.171689,1.0,-9.0,-9.0,,False,False,True,3.626630889736359e-05,-0.0012335803275668822,-0.00034442666281481914,-0.000889153664752063,0.0010745699610107914,0.002706091967260738,0.22500000000000003,0.0012698466364642457,0.0006022538880668974,200,1.0,False,0.0,0.04776482139979893
7243,SDSS,958,4,0.20334,20.6805,0.214434,1.0,-9.0,-9.0,,False,False,True,3.628365074489601e-05,-0.0012338751716324378,-0.00034458636635165287,-0.0008892888052807848,0.0010745699610107914,0.002706742093963361,0.22500000000000003,0.0012701588223773337,0.0006024454982785326,200,1.0,False,0.0,0.053209104451078015
15901,SDSS,959,4,0.20382,20.6511,0.169342,1.0,-9.0,-9.0,,False,False,True,3.656112030541478e-05,-0.0012385926766813255,-0.0003471416229409937,-0.0008914510537403318,0.0010745699610107914,0.0027171441212053295,0.22500000000000003,0.0012751537969867403,0.0006055112616646976,200,1.0,False,0.0,0.01812425513859867
18965,SDSS,960,4,0.20469,20.6279,0.157717,1.0,-9.0,-9.0,,False,False,True,3.706403388385503e-05,-0.0012471431545824343,-0.0003517730255091737,-0.0008953701290732605,0.0010745699610107914,0.0027359977955813968,0.22500000000000003,0.0012842071884662893,0.0006110679578021215,200,1.0,False,0.0,-0.015347903360065914
17801,SDSS,962,4,0.20523,20.9131,0.226108,1.0,-9.0,-9.0,,False,False,True,3.737618713943862e-05,-0.0012524503477624328,-0.0003546476891721819,-0.0008978026585902508,0.0010745699610107914,0.0027477000762286107,0.22500000000000003,0.0012898265349018715,0.0006145169416115569,200,1.0,False,0.0,0.26349665669466676
15872,SDSS,963,4,0.20562,20.5596,0.172847,1.0,-9.0,-9.0,,False,False,True,3.7601631157360115e-05,-0.0012562833206146541,-0.0003567238351510212,-0.0008995594854636327,0.0010745699610107914,0.00275615172336271,0.22500000000000003,0.0012938849517720142,0.0006170078743628159,200,1.0,False,0.0,-0.09458372916181174
15201,SDSS,965,4,0.20748,21.063,0.332572,1.0,-9.0,-9.0,,False,False,True,3.86768257043703e-05,-0.0012745636526790933,-0.00036662545443471635,-0.0009079381982443771,0.0010745699610107914,0.0027964595789253376,0.22500000000000003,0.0013132404783834637,0.0006288877074842047,200,1.0,False,0.0,0.3870817707895215
20376,SDSS,967,4,0.2084,20.4769,0.270839,1.0,-9.0,-9.0,,False,False,True,3.9208642362031264e-05,-0.0012836055373561283,-0.00037152302956428604,-0.000912082507791842,0.0010745699610107914,0.002816396797805777,0.22500000000000003,0.0013228141797181595,0.0006347637539743541,200,1.0,False,0.0,-0.20970181627513879
15467,SDSS,968,4,0.20856,20.6228,0.144273,1.0,-9.0,-9.0,,False,False,True,3.930113221553751e-05,-0.0012851780390390904,-0.0003723747817607329,-0.0009128032572783577,0.0010745699610107914,0.002819864140219766,0.22500000000000003,0.001324479171254628,0.0006357856751030757,200,1.0,False,0.0,-0.06565535887271051
15259,SDSS,970,4,0.2087,20.6109,0.195843,1.0,-9.0,-9.0,,False,False,True,3.938206083735548e-05,-0.0012865539780116829,-0.00037312006493262395,-0.0009134339130790588,0.0010745699610107914,0.002822898064832007,0.22500000000000003,0.0013259360388490384,0.0006366798560907071,200,1.0,False,0.0,-0.07917612570016869
16482,SDSS,972,4,0.20948,20.5883,0.260744,1.0,-9.0,-9.0,,False,False,True,3.9832948873198467e-05,-0.0012942199237161254,-0.0003772723568903025,-0.0009169475668258227,0.0010745699610107914,0.0028398013591002056,0.22500000000000003,0.0013340528725893238,0.000641661721593225,200,1.0,False,0.0,-0.11078767145575324
19149,SDSS,974,4,0.21037,20.2013,0.184063,1.0,-9.0,-9.0,,False,False,True,4.0347423683327e-05,-0.0013029669643276046,-0.0003820102284830384,-0.000920956735844566,0.0010745699610107914,0.002859088451278021,0.22500000000000003,0.0013433143880109315,0.0006473461578717392,200,1.0,False,0.0,-0.5080320952020043
14157,SDSS,976,4,0.21095,20.553,0.153359,1.0,-9.0,-9.0,,False,False,True,4.068269940228717e-05,-0.0013086672829283436,-0.0003850978301951584,-0.0009235694527331852,0.0010745699610107914,0.0028716575675287333,0.22500000000000003,0.0013493499823306308,0.000651050621963355,200,1.0,False,0.0,-0.1629866003151717
18940,SDSS,977,4,0.21114,20.7022,0.161016,1.0,-9.0,-9.0,,False,False,True,4.0792531103325833e-05,-0.0013105346286768616,-0.00038610928592843906,-0.0009244253427484225,0.0010745699610107914,0.0028757750366453453,0.22500000000000003,0.0013513271597801874,0.0006522641533037119,200,1.0,False,0.0,-0.015962830764180865
7847,SDSS,979,4,0.21174,20.7146,0.228911,1.0,-9.0,-9.0,,False,False,True,4.11393680539743e-05,-0.0013164315099879714,-0.000389303356665115,-0.0009271281533228563,0.0010745699610107914,0.0028887775706978066,0.22500000000000003,0.0013575708780419458,0.0006560963575364181,200,1.0,False,0.0,-0.010423220692864107
17811,SDSS,980,4,0.212,20.6606,0.192614,1.0,-9.0,-9.0,,False,False,True,4.1289664065921945e-05,-0.0013189868252227854,-0.00039068745398434114,-0.000928299371238444,0.0010745699610107914,0.0028944120021205393,0.22500000000000003,0.0013602764892887073,0.0006577569793705906,200,1.0,False,0.0,-0.06739045293421936
18927,SDSS,981,4,0.21225,20.6844,0.242226,1.0,-9.0,-9.0,,False,False,True,4.1434179462025464e-05,-0.0013214438591024143,-0.0003920183167912894,-0.0009294255423111247,0.0010745699610107914,0.002899829724642397,0.22500000000000003,0.0013628780385644397,0.0006593537311342182,200,1.0,False,0.0,-0.046440376578573084
13305,SDSS,982,4,0.2135,20.7688,0.16306,1.0,-9.0,-9.0,,False,False,True,4.2156756442543065e-05,-0.001333729028500559,-0.0003986726308260307,-0.0009350563976745282,0.0010745699610107914,0.00292691833725169,0.22500000000000003,0.0013758857849431021,0.0006673374899523559,200,1.0,False,0.0,0.02375658176535839
8495,SDSS,983,4,0.21365,20.7554,0.188405,1.0,-9.0,-9.0,,False,False,True,4.224346568020519e-05,-0.0013352032488283367,-0.0003994711485101998,-0.0009357321003181368,0.0010745699610107914,0.0029301689707648053,0.22500000000000003,0.0013774467145085418,0.0006682955410105324,200,1.0,False,0.0,0.008657407154334777
6933,SDSS,984,4,0.21398,20.6344,0.195634,1.0,-9.0,-9.0,,False,False,True,4.243422600306183e-05,-0.0013384465335494469,-0.0004012278874153715,-0.0009372186461340753,0.0010745699610107914,0.0029373203644936586,0.22500000000000003,0.0013808807595525087,0.0006704032533385208,200,1.0,False,0.0,-0.11607688252222542
14019,SDSS,987,4,0.21521,21.2111,0.227836,1.0,-9.0,-9.0,,False,False,True,4.314524175189116e-05,-0.0013505351402372215,-0.00040777573242555703,-0.0009427594078116644,0.0010745699610107914,0.0029639755593012023,0.22500000000000003,0.0013936803819891127,0.0006782592720155683,200,1.0,False,0.0,0.446751333837682
1316,SDSS,988,4,0.21578,20.9723,0.257304,1.0,-9.0,-9.0,,False,False,True,4.347473685500718e-05,-0.0013561371774827753,-0.000410810099625399,-0.0009453270778573763,0.0010745699610107914,0.002976327966651039,0.22500000000000003,0.0013996119143377824,0.000681899866036639,200,1.0,False,0.0,0.20154788043856814
17435,SDSS,990,4,0.21689,20.8142,0.188459,1.0,-9.0,-9.0,,False,False,True,4.411638521370681e-05,-0.001367046407908328,-0.0004167191304882493,-0.0009503272774200785,0.0010745699610107914,0.0030003826546480907,0.22500000000000003,0.0014111627931220347,0.0006889894438671453,200,1.0,False,0.0,0.03102292093406706
7473,SDSS,991,4,0.21692,20.8402,0.183323,1.0,-9.0,-9.0,,False,False,True,4.413372706123923e-05,-0.0013673412519738836,-0.00041687883402508313,-0.0009504624179488003,0.0010745699610107914,0.003001032781350714,0.22500000000000003,0.0014114749790351227,0.0006891810540787807,200,1.0,False,0.0,0.056687930884258886
20364,SDSS,992,4,0.21742,20.8865,0.268256,1.0,-9.0,-9.0,,False,False,True,4.442275785344627e-05,-0.0013722553197331414,-0.00041954055963897973,-0.0009527147600941617,0.0010745699610107914,0.003011868226394431,0.22500000000000003,0.0014166780775865878,0.0006923745576060357,200,1.0,False,0.0,0.0974110834909469
13641,SDSS,993,4,0.21794,20.7412,0.17274,1.0,-9.0,-9.0,,False,False,True,4.472334987734158e-05,-0.0013773659502027697,-0.000422308754277432,-0.0009550571959253374,0.0010745699610107914,0.0030231370892398967,0.22500000000000003,0.0014220893000801112,0.0006956958012743809,200,1.0,False,0.0,-0.053676227626514195
9467,SDSS,996,4,0.21897,20.9395,0.23921,1.0,-9.0,-9.0,,False,False,True,4.531875330928809e-05,-0.001387488929786841,-0.00042779190904205887,-0.0009596970207447819,0.0010745699610107914,0.0030454581060299535,0.22500000000000003,0.001432807683096129,0.0007022744185405264,200,1.0,False,0.0,0.13319817018204122
5533,SDSS,997,4,0.21898,20.8762,0.21715,1.0,-9.0,-9.0,,False,False,True,4.532453392513223e-05,-0.0013875872111420262,-0.00042784514355433687,-0.0009597420675876891,0.0010745699610107914,0.003045674814930828,0.22500000000000003,0.0014329117450671584,0.0007023382886110715,200,1.0,False,0.0,0.06978748662273676
15433,SDSS,1000,4,0.2195,20.8568,0.157737,1.0,-9.0,-9.0,,False,False,True,4.562512594902755e-05,-0.0013926978416116545,-0.0004306133381927893,-0.0009620845034188651,0.0010745699610107914,0.0030569436777762938,0.22500000000000003,0.001438322967560682,0.0007056595322794168,200,1.0,False,0.0,0.04463839398674824
18466,SDSS,1002,4,0.21978,20.8352,0.171261,1.0,-9.0,-9.0,,False,False,True,4.57869831926635e-05,-0.001395449719556839,-0.0004321039045365714,-0.0009633458150202674,0.0010745699610107914,0.0030630115270007755,0.22500000000000003,0.0014412367027495025,0.0007074478942546798,200,1.0,False,0.0,0.01994796054858145
14331,SDSS,1003,4,0.2199,20.9857,0.218533,1.0,-9.0,-9.0,,False,False,True,4.585635058279319e-05,-0.001396629095819061,-0.00043274271868390656,-0.0009638863771351542,0.0010745699610107914,0.0030656120338112677,0.22500000000000003,0.0014424854464018541,0.000708214335101221,200,1.0,False,0.0,0.1691246071376719
19230,SDSS,1004,4,0.22017,20.6698,0.241441,1.0,-9.0,-9.0,,False,False,True,4.601242721058499e-05,-0.0013992826924090602,-0.0004341800505154107,-0.0009651026418936494,0.0010745699610107914,0.003071463174134875,0.22500000000000003,0.0014452951196196452,0.0007099388270059387,200,1.0,False,0.0,-0.14975049012938496
7512,SDSS,1005,4,0.22066,20.9346,0.22365,1.0,-9.0,-9.0,,False,False,True,4.629567738694789e-05,-0.0014040984788131327,-0.0004367885416170293,-0.0009673099371961035,0.0010745699610107914,0.003082081910277717,0.22500000000000003,0.0014503941562000807,0.0007130684604626487,200,1.0,False,0.0,0.10965889404707257
15354,SDSS,1006,4,0.22083,20.8268,0.265452,1.0,-9.0,-9.0,,False,False,True,4.639394785629828e-05,-0.0014057692618512805,-0.00043769352832575414,-0.0009680757335255263,0.0010745699610107914,0.0030857659615925806,0.22500000000000003,0.0014521632097075788,0.0007141542516619154,200,1.0,False,0.0,-8.7251531971054e-06
13025,SDSS,1010,4,0.22299,21.0727,0.27993,1.0,-9.0,-9.0,,False,False,True,4.764256087863269e-05,-0.0014269980345712747,-0.00044919218297778717,-0.0009778058515934876,0.0010745699610107914,0.003132575084181438,0.22500000000000003,0.0014746405954499074,0.0007279501868996572,200,1.0,False,0.0,0.2222769439307159
14846,SDSS,1011,4,0.22349,20.8981,0.165084,1.0,-9.0,-9.0,,False,False,True,4.7931591670839736e-05,-0.0014319121023305327,-0.0004518539085916837,-0.000980058193738849,0.0010745699610107914,0.003143410529225155,0.22500000000000003,0.0014798436940013724,0.0007311436904269123,200,1.0,False,0.0,0.04224091402538849
13727,SDSS,1017,4,0.22543,20.8799,0.186984,1.0,-9.0,-9.0,,False,False,True,5.06219138523338e-05,-0.0014493620573835945,-0.00046125829691449417,-0.0009881037604691,0.0010745699610107914,0.0031818683978984555,0.22500000000000003,0.0014999839712359281,0.0007427755429674428,200,1.0,False,0.0,0.0030553533381942367
15229,SDSS,1018,4,0.22551,20.9326,0.19559,1.0,-9.0,-9.0,,False,False,True,5.0960043934013606e-05,-0.0014498475402524504,-0.0004615124321645115,-0.000988335108087939,0.0010745699610107914,0.0031829353420177622,0.22500000000000003,0.001500807584186464,0.0007431453051792047,200,1.0,False,0.0,0.05489356984521637
19992,SDSS,1020,4,0.22645,21.1382,0.199257,1.0,-9.0,-9.0,,False,False,True,5.493307239375185e-05,-0.0014555519639615111,-0.00046449852135221426,-0.0009910534426092969,0.0010745699610107914,0.0031954719354196186,0.22500000000000003,0.001510485036355263,0.0007474900111674068,200,1.0,False,0.0,0.2503887946486218
13072,SDSS,1024,4,0.22928,20.9699,0.200596,1.0,-9.0,-9.0,,False,False,True,6.689442403317618e-05,-0.0014727259204472998,-0.00047348855582157485,-0.000999237364625725,0.0010745699610107914,0.0032332150836400994,0.22500000000000003,0.001539620344480476,0.0007605703494084826,200,1.0,False,0.0,0.051900088764590346
3452,SDSS,1025,4,0.22978,20.8821,0.186118,1.0,-9.0,-9.0,,False,False,True,6.900773704367514e-05,-0.0014757601883776514,-0.0004750769011341825,-0.0010006832872434684,0.0010745699610107914,0.0032398834843857674,0.22500000000000003,0.0015447679254213264,0.0007628813632319943,200,1.0,False,0.0,-0.04119766416392051
21033,SDSS,1026,4,0.2302,20.8753,0.225836,1.0,-9.0,-9.0,,False,False,True,7.07829199724942e-05,-0.0014783089734391464,-0.00047641111119677313,-0.001001897862242373,0.0010745699610107914,0.003245484941012128,0.22500000000000003,0.0015490918934116405,0.0007648226148437439,200,1.0,False,0.0,-0.052439523938531185
19008,SDSS,1029,4,0.23086,20.8519,0.202919,1.0,-9.0,-9.0,,False,False,True,7.357249314635296e-05,-0.0014823142071072098,-0.0004785077270094156,-0.0010038064800977945,0.0010745699610107914,0.00325428722999641,0.22500000000000003,0.0015558867002535628,0.0007678731530907793,200,1.0,False,0.0,-0.0828044329345195
17875,SDSS,1031,4,0.23125,21.0639,0.187823,1.0,-9.0,-9.0,,False,False,True,7.522087729454218e-05,-0.0014846809360928844,-0.00047974663635324963,-0.0010049342997396345,0.0010745699610107914,0.003259488582578031,0.22500000000000003,0.0015599018133874265,0.0007696757438731184,200,1.0,False,0.0,0.12508861040968372
15369,SDSS,1035,4,0.23282,20.5811,0.17888,1.0,-9.0,-9.0,,False,False,True,8.185668014750896e-05,-0.0014942085373941872,-0.00048473404063483833,-0.001009474496759349,0.0010745699610107914,0.0032804273609194283,0.22500000000000003,0.0015760652175416962,0.000776932327278945,200,1.0,False,0.0,-0.37417983709461905
12971,SDSS,1039,4,0.23395,20.8859,0.21239,1.0,-9.0,-9.0,,False,False,True,8.663276755123674e-05,-0.0015010659829167816,-0.000488323701041332,-0.0010127422818754493,0.0010745699610107914,0.003295497946604638,0.22500000000000003,0.0015876987504680183,0.0007821552185200814,200,1.0,False,0.0,-0.08116933816619448
19341,SDSS,1044,4,0.23556,20.9806,0.212494,1.0,-9.0,-9.0,,False,False,True,9.343763544504351e-05,-0.001510836325652513,-0.0004934381729479294,-0.0010173981527045834,0.0010745699610107914,0.003316970197005689,0.22500000000000003,0.0016042739610975564,0.0007895966830317888,200,1.0,False,0.0,-0.0031759235882374247
15287,SDSS,1045,4,0.23639,21.1275,0.153376,1.0,-9.0,-9.0,,False,False,True,9.694573504247185e-05,-0.0015158732104168962,-0.0004960748261668584,-0.0010197983842500375,0.0010745699610107914,0.003328039742243498,0.22500000000000003,0.001612818945459368,0.0007934329659788182,200,1.0,False,0.0,0.13515266176932544
13511,SDSS,1047,4,0.23664,21.2144,0.191234,1.0,-9.0,-9.0,,False,False,True,9.800239154772133e-05,-0.0015173903443820719,-0.0004968689988231623,-0.0010205213455589093,0.0010745699610107914,0.003331373942616332,0.22500000000000003,0.0016153927359297932,0.000794588472890574,200,1.0,False,0.0,0.21947637556764493
12881,SDSS,1048,4,0.23685,20.866,0.235106,1.0,-9.0,-9.0,,False,False,True,9.8889983012131e-05,-0.0015186647369128195,-0.0004975361038544577,-0.0010211286330583616,0.0010745699610107914,0.003334174670929513,0.22500000000000003,0.0016175547199249504,0.000795559098696449,200,1.0,False,0.0,-0.1310857564078381
16350,SDSS,1049,4,0.23693,20.9749,0.208496,1.0,-9.0,-9.0,,False,False,True,9.92281130938108e-05,-0.0015191502197816756,-0.0004977902391044748,-0.0010213599806772006,0.0010745699610107914,0.0033352416150488197,0.22500000000000003,0.0016183783328754865,0.0007959288609082107,200,1.0,False,0.0,-0.023008958474861004
20768,SDSS,1051,4,0.23746,21.4835,0.304522,1.0,-9.0,-9.0,,False,False,True,0.00010146822488493978,-0.0015223665437878481,-0.0004994738851358393,-0.0010228926586520089,0.0010745699610107914,0.0033423101198392278,0.22500000000000003,0.001623834768672788,0.0007983785355611332,200,1.0,False,0.0,0.48014382466803
17884,SDSS,1052,4,0.23789,20.9787,0.170143,1.0,-9.0,-9.0,,False,False,True,0.00010328567407396881,-0.0015249760142079503,-0.000500839862104682,-0.001024136152103268,0.0010745699610107914,0.003348044944480502,0.22500000000000003,0.001628261688281919,0.000800366007449353,200,1.0,False,0.0,-0.029067343519841245
18486,SDSS,1054,4,0.23981,20.877,0.178758,1.0,-9.0,-9.0,,False,False,True,0.00011140079603428501,-0.0015366276030604996,-0.0005069391081050961,-0.0010296884949554032,0.0010745699610107914,0.003373651603343867,0.22500000000000003,0.0016480283990947845,0.0008092403005316379,200,1.0,False,0.0,-0.15037401242816612
17223,SDSS,1059,4,0.24164,20.919,0.260278,1.0,-9.0,-9.0,,False,False,True,0.00011913552165271135,-0.0015477330236855855,-0.0005127524519492408,-0.0010349805717363445,0.0010745699610107914,0.003398057950073012,0.22500000000000003,0.0016668685453382968,0.0008176986111256905,200,1.0,False,0.0,-0.12692670599911066
14481,SDSS,1060,4,0.2422,21.311,0.219703,1.0,-9.0,-9.0,,False,False,True,0.00012150243222447025,-0.001551131403767579,-0.0005145313986993616,-0.0010366000050682173,0.0010745699610107914,0.00340552655890816,0.22500000000000003,0.0016726338359920492,0.0008202869466080235,200,1.0,False,0.0,0.2594219757581621
20111,SDSS,1061,4,0.2428,21.1687,0.218194,1.0,-9.0,-9.0,,False,False,True,0.00012403840783706895,-0.0015547725252840006,-0.0005164374130744911,-0.0010383351122095095,0.0010745699610107914,0.0034135286398029614,0.22500000000000003,0.0016788109331210695,0.0008230601631962374,200,1.0,False,0.0,0.11108040929272905
20088,SDSS,1063,4,0.24329,20.9986,0.140544,1.0,-9.0,-9.0,,False,False,True,0.00012610945458735803,-0.001557746107855745,-0.0005179939914808469,-0.0010397521163748981,0.0010745699610107914,0.0034200636725337163,0.22500000000000003,0.001683855562443103,0.0008253249567432789,200,1.0,False,0.0,-0.06394328553438539
13506,SDSS,1064,4,0.24354,21.285,0.305126,1.0,-9.0,-9.0,,False,False,True,0.00012716611109260762,-0.001559263241820921,-0.0005187881641371508,-0.00104047507768377,0.0010745699610107914,0.0034233978729065508,0.22500000000000003,0.0016864293529135284,0.0008264804636550348,200,1.0,False,0.0,0.21994816338948214
19023,SDSS,1065,4,0.2441,21.0426,0.241308,1.0,-9.0,-9.0,,False,False,True,0.0001295330216643664,-0.001562661621902914,-0.0005205671108872715,-0.0010420945110156425,0.0010745699610107914,0.0034308664817416985,0.22500000000000003,0.0016921946435672806,0.0008290687991373677,200,1.0,False,0.0,-0.028062345802350393
15466,SDSS,1066,4,0.24444,20.9534,0.220053,1.0,-9.0,-9.0,,False,False,True,0.00013097007451150566,-0.001564724924095553,-0.0005216471856998449,-0.001043077738395708,0.0010745699610107914,0.0034354009942487527,0.22500000000000003,0.0016956949986070588,0.0008306402885373556,200,1.0,False,0.0,-0.12066291202887652
3377,SDSS,1067,4,0.24459,20.8733,0.184175,1.0,-9.0,-9.0,,False,False,True,0.00013160406841465538,-0.0015656352044746582,-0.0005221236892936273,-0.001043511515181031,0.0010745699610107914,0.003437401514472453,0.22500000000000003,0.0016972392728893137,0.0008313335926844091,200,1.0,False,0.0,-0.20226176912424504
20039,SDSS,1070,4,0.24553,21.1052,0.217801,1.0,-9.0,-9.0,,False,False,True,0.00013557709687439355,-0.0015713396281837192,-0.0005251097784813301,-0.0010462298497023888,0.0010745699610107914,0.003449938107874309,0.22500000000000003,0.0017069167250581127,0.000835678298672611,200,1.0,False,0.0,0.02026473453396011
13835,SDSS,1072,4,0.24617,21.0943,0.146956,1.0,-9.0,-9.0,,False,False,True,0.00013828213752783224,-0.001575223491134569,-0.0005271428604814682,-0.0010480806306531006,0.0010745699610107914,0.0034584736608287638,0.22500000000000003,0.0017135056286624011,0.000838636396366706,200,1.0,False,0.0,0.0030017813286990526
15219,SDSS,1073,4,0.2465,21.125,0.16921,1.0,-9.0,-9.0,,False,False,True,0.0001396769241147616,-0.001577226107968601,-0.0005281911683877893,-0.0010490349395808115,0.0010745699610107914,0.0034628748053209053,0.22500000000000003,0.0017169030320833625,0.0008401616654902237,200,1.0,False,0.0,0.030426868543262656
12977,SDSS,1074,4,0.24656,21.0299,0.213035,1.0,-9.0,-9.0,,False,False,True,0.00013993052167602147,-0.0015775902201202428,-0.0005283817698253021,-0.0010492084502949405,0.0010745699610107914,0.0034636750134103855,0.22500000000000003,0.0017175207417962643,0.000840438987149045,200,1.0,False,0.0,-0.06526813381216795
3451,SDSS,1077,4,0.24846,20.95,0.175101,1.0,-9.0,-9.0,,False,False,True,0.00014796111111591763,-0.001589120438255578,-0.000534417482013212,-0.001054702956242366,0.0010745699610107914,0.003489014936243923,0.22500000000000003,0.0017370815493714957,0.0008492208396783892,200,1.0,False,0.0,-0.16394084884957733
15161,SDSS,1081,4,0.24865,21.0726,0.176269,1.0,-9.0,-9.0,,False,False,True,0.00014876417005990736,-0.0015902734600691116,-0.0005350210532320031,-0.0010552524068371085,0.0010745699610107914,0.0034915489285272773,0.22500000000000003,0.001739037630129019,0.0008500990249313237,200,1.0,False,0.0,-0.043210801053635894
19990,SDSS,1082,4,0.24896,21.174,0.178589,1.0,-9.0,-9.0,,False,False,True,0.0001500744241264166,-0.0015921547061859295,-0.0005360058273258198,-0.0010561488788601095,0.0010745699610107914,0.0034956833369895906,0.22500000000000003,0.001742229130312346,0.0008515318535019009,200,1.0,False,0.0,0.05514106344170616
3199,SDSS,1084,4,0.24972,21.4203,0.218948,1.0,-9.0,-9.0,,False,False,True,0.00015328665990237519,-0.0015967667934400635,-0.0005384201122009839,-0.0010583466812390796,0.0010745699610107914,0.003505819306123007,0.22500000000000003,0.0017500534533424388,0.0008550445945136386,200,1.0,False,0.0,0.2939830619806189
16106,SDSS,1085,4,0.24983,21.0431,0.205026,1.0,-9.0,-9.0,,False,False,True,0.0001537515887646849,-0.001597434332384741,-0.0005387695481697576,-0.001058664784214983,0.0010745699610107914,0.0035072863542870538,0.22500000000000003,0.001751185921149426,0.0008555530175548111,200,1.0,False,0.0,-0.08429464370126266
15868,SDSS,1086,4,0.24986,21.1385,0.161473,1.0,-9.0,-9.0,,False,False,True,0.00015387838754531486,-0.0015976163884605617,-0.0005388648488885141,-0.0010587515395720478,0.0010745699610107914,0.003507686458331794,0.22500000000000003,0.0017514947760058767,0.0008556916783842218,200,1.0,False,0.0,0.010811512836500895
13689,SDSS,1089,4,0.25043,21.1615,0.177575,1.0,-9.0,-9.0,,False,False,True,0.0001562875643772836,-0.0016010754539011625,-0.000540675562544887,-0.0010603998913562753,0.003403921516980178,0.003515288435181855,0.275,0.001757363018278446,0.000858326234143025,200,1.0,False,0.0,0.0229703171100946
5717,SDSS,1090,4,0.25051,21.3162,0.186783,1.0,-9.0,-9.0,,False,False,True,0.00015662569445896361,-0.001601560936770019,-0.0005409296977949043,-0.0010606312389751143,0.003403921516980178,0.003516355379301162,0.275,0.0017581866312289824,0.000858695996354787,200,1.0,False,0.0,0.17688854550049007
16213,SDSS,1092,4,0.2509,21.1343,0.200797,1.0,-9.0,-9.0,,False,False,True,0.00015827407860715285,-0.001603927665755693,-0.0005421686071387385,-0.0010617590586169544,0.003403921516980178,0.003521556731882783,0.275,0.0017622017443628458,0.0008604985871371261,200,1.0,False,0.0,-0.008819283284537032
17552,SDSS,1093,4,0.25199,21.2168,0.205582,1.0,-9.0,-9.0,,False,False,True,0.00016288110097004052,-0.0016105423698438586,-0.0005456311999202235,-0.001064911169923635,0.003403921516980178,0.003536093845508339,0.275,0.0017734234708138993,0.0008655365972723814,200,1.0,False,0.0,0.0630673186283746
9032,SDSS,1095,4,0.2526,21.1536,0.257739,1.0,-9.0,-9.0,,False,False,True,0.00016545934284284931,-0.0016142441767188873,-0.000547568981201605,-0.001066675195517282,0.003403921516980178,0.0035442292944180545,0.275,0.0017797035195617366,0.0008683560341370656,200,1.0,False,0.0,-0.0060537503851624975
17464,SDSS,1097,4,0.25358,20.7773,0.261432,1.0,-9.0,-9.0,,False,False,True,0.00016960143634342755,-0.001620191341862376,-0.0005506821380143166,-0.0010695092038480595,0.003403921516980178,0.0035572993598795644,0.275,0.0017897927782058037,0.0008728856212311487,200,1.0,False,0.0,-0.3918386208444166
5736,SDSS,1098,4,0.25407,21.2016,0.165575,1.0,-9.0,-9.0,,False,False,True,0.00017167248309371653,-0.0016231649244341205,-0.0005522387164206723,-0.001070926208013448,0.003403921516980178,0.003563834392610319,0.275,0.001794837407527837,0.00087515041477819,200,1.0,False,0.0,0.02773166559795918
1112,SDSS,1100,4,0.2562,21.3063,0.27033,1.0,-9.0,-9.0,,False,False,True,0.00018067519651844213,-0.0016360909058174174,-0.0005590050674523816,-0.0010770858383650354,0.003403921516980178,0.003592241779786863,0.275,0.0018167661023358594,0.0008849953336663495,200,1.0,False,0.0,0.11196955711929939
17340,SDSS,1101,4,0.25637,21.1199,0.205546,1.0,-9.0,-9.0,,False,False,True,0.00018139372294201177,-0.0016371225569137367,-0.0005595451048586683,-0.0010775774520550682,0.003403921516980178,0.0035945090360403904,0.275,0.0018185162798557484,0.0008857810783663436,200,1.0,False,0.0,-0.0760567740733888
9457,SDSS,1102,4,0.25683,21.2493,0.250287,1.0,-9.0,-9.0,,False,False,True,0.00018333797091167094,-0.0016399140834096602,-0.0005610063825462676,-0.0010789077008633923,0.003403921516980178,0.0036006439647264057,0.275,0.001823252054321331,0.0008879072110839744,200,1.0,False,0.0,0.04894756628700585
19207,SDSS,1103,4,0.25731,21.3246,0.248499,1.0,-9.0,-9.0,,False,False,True,0.00018536675140174986,-0.0016428269806227972,-0.000562531194046371,-0.001080295786576426,0.003403921516980178,0.003607045629442246,0.275,0.001828193732024547,0.0008901257843545454,200,1.0,False,0.0,0.11966855594068541
18325,SDSS,1104,4,0.25736,21.2411,0.191714,1.0,-9.0,-9.0,,False,False,True,0.00018557808270279973,-0.0016431304074158322,-0.0005626900285776318,-0.0010804403788382002,0.003403921516980178,0.003607712469516813,0.275,0.001828708490118632,0.0008903568857368965,200,1.0,False,0.0,0.035692030616837164
8046,SDSS,1105,4,0.25772,21.3558,0.223687,1.0,-9.0,-9.0,,False,False,True,0.00018709966807035913,-0.0016453150803256854,-0.0005638336372027095,-0.0010814814431229756,0.003403921516980178,0.003612513718053695,0.275,0.0018324147483960444,0.000892020815689825,200,1.0,False,0.0,0.14696357646332905
6108,SDSS,1106,4,0.25813,21.275,0.229632,1.0,-9.0,-9.0,,False,False,True,0.0001888325847389684,-0.0016478031800285734,-0.0005651360803590481,-0.0010826670996695255,0.003403921516980178,0.0036179818066651424,0.275,0.001836635764767542,0.0008939158470251047,200,1.0,False,0.0,0.06226434453542588
12972,SDSS,1112,4,0.25948,21.2708,0.232277,1.0,-9.0,-9.0,,False,False,True,0.00019453852986731554,-0.001655995703440522,-0.0005694246127030891,-0.0010865710907374327,0.003403921516980178,0.0036359864886784457,0.275,0.0018505342333078375,0.0009001555843485858,200,1.0,False,0.0,0.04526581002830192
15440,SDSS,1116,4,0.26141,21.194,0.205762,1.0,-9.0,-9.0,,False,False,True,0.00020269591808784164,-0.0016677079776516784,-0.0005755556256097554,-0.0010921523520419226,0.003403921516980178,0.0036617265155567233,0.275,0.00187040389573952,0.0009090760977073408,200,1.0,False,0.0,-0.04972469831468991
2017,SDSS,1118,4,0.26172,21.4344,0.25753,1.0,-9.0,-9.0,,False,False,True,0.00020400617215435114,-0.0016695892237684963,-0.0005765403997035724,-0.0010930488240649238,0.003403921516980178,0.0036658609240190383,0.275,0.0018735953959228475,0.0009105089262779182,200,1.0,False,0.0,0.187765105967217
19702,SDSS,1119,4,0.26173,21.428,0.231725,1.0,-9.0,-9.0,,False,False,True,0.00020404843841456121,-0.0016696499091271035,-0.0005765721666098246,-0.0010930777425172788,0.003403921516980178,0.003665994292033952,0.275,0.0018736983475416647,0.0009105551465543885,200,1.0,False,0.0,0.18127128182656896
1253,SDSS,1120,4,0.26175,21.139,0.224408,1.0,-9.0,-9.0,,False,False,True,0.00020413297093498095,-0.0016697712798443174,-0.0005766357004223288,-0.0010931355794219883,0.003403921516980178,0.0036662610280637784,0.275,0.0018739042507792984,0.0009106475871073288,200,1.0,False,0.0,-0.10791635649920912
13655,SDSS,1121,4,0.26184,21.4405,0.247658,1.0,-9.0,-9.0,,False,False,True,0.00020451336727687094,-0.0016703174480717808,-0.0005769216025785983,-0.0010933958454931822,0.003403921516980178,0.003667461340197999,0.275,0.0018748308153486517,0.000911063569595561,200,1.0,False,0.0,0.1927394352524461
18945,SDSS,1122,4,0.262,21.4686,0.215206,1.0,-9.0,-9.0,,False,False,True,0.00020518962744023062,-0.0016712884138094933,-0.000577429873078633,-0.0010938585407308601,0.003403921516980178,0.0036695952284366124,0.275,0.001876478041249724,0.0009118030940190848,200,1.0,False,0.0,0.21933928365368963
13956,SDSS,1123,4,0.26303,22.0111,0.513925,1.0,-9.0,-9.0,,False,False,True,0.00020954305224185838,-0.0016775390057460168,-0.0005807018644226049,-0.0010968371413234118,0.003403921516980178,0.003683332133972688,0.275,0.0018870820579878751,0.0009165637824955185,200,1.0,False,0.0,0.7522023119480794
12983,SDSS,1128,4,0.26408,21.3812,0.380088,1.0,-9.0,-9.0,,False,False,True,0.00021398100956390625,-0.0016839109683997545,-0.0005840373895790815,-0.001099873578820673,0.003403921516980178,0.0036973357755385908,0.275,0.0018978919779636609,0.0009214169115248929,200,1.0,False,0.0,0.11251410681621814
2943,SDSS,1129,4,0.26419,21.2544,0.236921,1.0,-9.0,-9.0,,False,False,True,0.00021444593842621609,-0.001684578507344432,-0.0005843868255478552,-0.0011001916817965766,0.003403921516980178,0.003698802823702638,0.275,0.001899024445770648,0.0009219253345660656,200,1.0,False,0.0,-0.015309238403857743
13099,SDSS,1131,4,0.26463,21.4189,0.255049,1.0,-9.0,-9.0,,False,False,True,0.0002163056538754552,-0.0016872486631231412,-0.0005857845694229501,-0.001101464093700191,0.003403921516980178,0.0037046710163588263,0.275,0.0019035543169985964,0.0009239590267307558,200,1.0,False,0.0,0.14510132111783938
2422,SDSS,1132,4,0.26582,21.3557,0.218063,1.0,-9.0,-9.0,,False,False,True,0.00022133533884044292,-0.0016944702207973776,-0.0005895648312669568,-0.0011049053895304205,0.003403921516980178,0.0037205418101335158,0.275,0.0019158055596378205,0.0009294592396307136,200,1.0,False,0.0,0.07087269361620678
6315,SDSS,1133,4,0.26583,21.0714,0.204333,1.0,-9.0,-9.0,,False,False,True,0.00022137760510065288,-0.0016945309061559845,-0.000589596598173209,-0.0011049343079827753,0.003403921516980178,0.003720675178148429,0.275,0.0019159085112566373,0.0009295054599071838,200,1.0,False,0.0,-0.21351979013218078
18463,SDSS,1135,4,0.267,21.2933,0.203116,1.0,-9.0,-9.0,,False,False,True,0.00022632275754522056,-0.001701631093113007,-0.0005933133262047113,-0.0011083177669082953,0.003403921516980178,0.003736279235893293,0.275,0.0019279538506582275,0.0009349132322542012,200,1.0,False,0.0,-0.0024182203338502677
14298,SDSS,1140,4,0.26887,21.3509,0.215471,1.0,-9.0,-9.0,,False,False,True,0.0002342265482044868,-0.0017129792551725208,-0.0005992537376738647,-0.001113725517498656,0.003403921516980178,0.0037612190546820906,0.275,0.0019472058033770075,0.0009435564239541347,200,1.0,False,0.0,0.03801336310569163
19002,SDSS,1142,4,0.27021,21.2559,0.16264,1.0,-9.0,-9.0,,False,False,True,0.00023989022707262417,-0.0017211110932258628,-0.0006035105031116538,-0.0011176005901142086,0.003403921516980178,0.0037790903686804812,0.275,0.001961001320298487,0.0009497499410011459,200,1.0,False,0.0,-0.06922129368935166
15356,SDSS,1147,4,0.27351,21.2191,0.206932,1.0,-9.0,-9.0,,False,False,True,0.00025383809294191745,-0.0017411372615661817,-0.0006139935821748656,-0.0011271436793913157,0.003403921516980178,0.003823101813601889,0.275,0.001994975354508099,0.0009650026322363226,200,1.0,False,0.0,-0.1359136218587755
20227,SDSS,1151,4,0.27585,21.4101,0.211862,1.0,-9.0,-9.0,,False,False,True,0.0002648720905283499,-0.0017564881820145506,-0.0006197807789686368,-0.0011367074030459135,0.003403921516980178,0.0038567954139184417,0.275,0.0020213602725429004,0.0009765285974053638,200,1.0,False,0.0,0.03409160837702267
19051,SDSS,1152,4,0.27631,21.4219,0.178025,1.0,-9.0,-9.0,,False,False,True,0.00026743527807536997,-0.0017599023572231675,-0.0006203511398752389,-0.0011395512173479282,0.003403921516980178,0.0038642754285107394,0.275,0.0020273376352985375,0.0009790391929682925,200,1.0,False,0.0,0.041783826964217716
4000,SDSS,1153,4,0.27668,21.5974,0.270893,1.0,-9.0,-9.0,,False,False,True,0.00026949697240666857,-0.001762648541630098,-0.0006208099084305492,-0.0011418386331995486,0.003403921516980178,0.003870291961987153,0.275,0.0020321455140367667,0.0009810585850515176,200,1.0,False,0.0,0.2139843323233324
4046,SDSS,1154,4,0.27776,21.3656,0.243246,1.0,-9.0,-9.0,,False,False,True,0.0002755148909953245,-0.0017706644312503288,-0.0006221490166460498,-0.0011485154146042792,0.003403921516980178,0.003887853735377764,0.275,0.0020461793222456533,0.0009869530268079587,200,1.0,False,0.0,-0.027423320655929968
5957,SDSS,1156,4,0.27935,21.4507,0.162102,1.0,-9.0,-9.0,,False,False,True,0.0002843746044730675,-0.0017824656020801128,-0.0006241204815188698,-0.0011583451205612427,0.003403921516980178,0.003913708568425052,0.275,0.0020668402065531803,0.0009956309549493856,200,1.0,False,0.0,0.04359481252740331
6196,SDSS,1157,4,0.2799,21.2526,0.197483,1.0,-9.0,-9.0,,False,False,True,0.0002874392852358087,-0.0017865477680904156,-0.0006248024347767637,-0.0011617453333136515,0.003403921516980178,0.003922652064133233,0.275,0.0020739870533262243,0.0009986327539920174,200,1.0,False,0.0,-0.15935900958111923
18485,SDSS,1160,4,0.28132,21.3694,0.172665,1.0,-9.0,-9.0,,False,False,True,0.0002953517337505229,-0.0017970871785170154,-0.0006265631140971441,-0.001170524064419871,0.003403921516980178,0.0039457425439616296,0.275,0.0020924389122675383,0.0010063828533384493,200,1.0,False,0.0,-0.0550499985863437
15584,SDSS,1163,4,0.28344,21.4066,0.18239,1.0,-9.0,-9.0,,False,False,True,0.0003071646850541805,-0.0018128220729567274,-0.0006291917339275709,-0.001183630339029156,0.003403921516980178,0.0039802156546913485,0.275,0.002119986758010908,0.0010179534241936852,200,1.0,False,0.0,-0.03639035095237993
14261,SDSS,1165,4,0.28446,21.2901,0.184598,1.0,-9.0,-9.0,,False,False,True,0.00031284827483235507,-0.0018203926353758339,-0.0006304564472422102,-0.0011899361881336232,0.003403921516980178,0.003996801774004702,0.275,0.002133240910208189,0.001023520396963657,200,1.0,False,0.0,-0.16176502380298438
16072,SDSS,1166,4,0.28446,21.4389,0.205322,1.0,-9.0,-9.0,,False,False,True,0.00031284827483235507,-0.0018203926353758339,-0.0006304564472422102,-0.0011899361881336232,0.003403921516980178,0.003996801774004702,0.275,0.002133240910208189,0.001023520396963657,200,1.0,False,0.0,-0.012965023802982993
17791,SDSS,1167,4,0.28478,21.8605,0.350286,1.0,-9.0,-9.0,,False,False,True,0.0003146313618215863,-0.0018227677137818278,-0.0006308532200468031,-0.0011919144937350247,0.003403921516980178,0.004002005262416735,0.275,0.002137399075603414,0.0010252668982248248,200,1.0,False,0.0,0.4058568338053031
20040,SDSS,1170,4,0.28665,21.3859,0.215826,1.0,-9.0,-9.0,,False,False,True,0.00032505127641490705,-0.001836647078216857,-0.0006331718611236419,-0.0012034752170932152,0.003403921516980178,0.004032413147824552,0.275,0.002161698354631764,0.0010354730149697735,200,1.0,False,0.0,-0.08492039361852029
20245,SDSS,1171,4,0.28734,21.3161,0.248937,1.0,-9.0,-9.0,,False,False,True,0.00032889605773543684,-0.001841768341029782,-0.0006340274024835451,-0.001207740938546237,0.003403921516980178,0.0040436331697129985,0.275,0.002170664398765219,0.0010392389083141663,200,1.0,False,0.0,-0.16066487166858232
17809,SDSS,1172,4,0.28758,21.2849,0.237355,1.0,-9.0,-9.0,,False,False,True,0.00033023337297736046,-0.0018435496498342779,-0.0006343249820869896,-0.001209224667747288,0.003403921516980178,0.004047535786022024,0.275,0.0021737830228116383,0.0010405487842600422,200,1.0,False,0.0,-0.19392941977854414
19128,SDSS,1173,4,0.28775,21.6223,0.225614,1.0,-9.0,-9.0,,False,False,True,0.0003311806379403896,-0.0018448114102374625,-0.0006345357676394295,-0.0012102756425980328,0.003403921516980178,0.004050300139240916,0.275,0.002175992048177852,0.0010414766130550375,200,1.0,False,0.0,0.14200915654427695
2165,SDSS,1177,4,0.28894,21.6903,0.22442,1.0,-9.0,-9.0,,False,False,True,0.00033781149268159337,-0.0018536437330597534,-0.0006360112665065086,-0.0012176324665532446,0.003403921516980178,0.004069650611773163,0.275,0.0021914552257413468,0.0010479714146200045,200,1.0,False,0.0,0.19980150791162024
2789,SDSS,1178,4,0.28901,21.4898,0.226897,1.0,-9.0,-9.0,,False,False,True,0.00033820154296048776,-0.0018541632814610646,-0.0006360980605575133,-0.001218065220903551,0.003403921516980178,0.004070788874863295,0.275,0.0021923648244215523,0.0010483534617708851,200,1.0,False,0.0,-0.001297729628432403
19596,SDSS,1184,4,0.29045,21.5331,0.229265,1.0,-9.0,-9.0,,False,False,True,0.00034622543441202873,-0.0018648511342880384,-0.0006378835381781806,-0.001226967596109858,0.003403921516980178,0.004094204572717443,0.275,0.0022110765687000673,0.0010562127174461398,200,1.0,False,0.0,0.029704808434126522
19027,SDSS,1185,4,0.29123,21.231,0.217476,1.0,-9.0,-9.0,,False,False,True,0.00035057170894828006,-0.0018706403879026497,-0.0006388506718893756,-0.0012317897160132741,0.003403921516980178,0.004106888075721773,0.275,0.00222121209685093,0.001060469814270236,200,1.0,False,0.0,-0.2790327762750974
12841,SDSS,1188,4,0.29215,21.4975,0.482974,1.0,-9.0,-9.0,,False,False,True,0.0003556980840423203,-0.0018774687383198837,-0.0006399913937025797,-0.0012374773446173037,0.003403921516980178,0.0041218481049063675,0.275,0.002233166822362204,0.0010654910053960933,200,1.0,False,0.0,-0.020340607124167815
21006,SDSS,1190,4,0.29251,21.3848,0.227227,1.0,-9.0,-9.0,,False,False,True,0.0003577040569052054,-0.001880140701526627,-0.0006404377631077466,-0.0012397029384188804,0.003403921516980178,0.0041277020293699045,0.275,0.002237844758431832,0.0010674558193149069,200,1.0,False,0.0,-0.13608965225141653
6249,SDSS,1194,4,0.29365,21.604,0.203047,1.0,-9.0,-9.0,,False,False,True,0.0003640563043043421,-0.0018886019183479818,-0.0006418512662241082,-0.0012467506521238734,0.003403921516980178,0.004146239456837773,0.275,0.002252658222652324,0.0010736777300578168,200,1.0,False,0.0,0.07347789850015567
19794,SDSS,1196,4,0.2958,21.7679,0.306727,1.0,-9.0,-9.0,,False,False,True,0.00037603642001323996,-0.0019045594763882553,-0.0006445170835049657,-0.00126004239288329,0.003403921516980178,0.004181200394606118,0.275,0.0022805958964014954,0.0010854120354062873,200,1.0,False,0.0,0.2193052499133055
1119,SDSS,1198,4,0.29647,21.7408,0.365057,1.0,-9.0,-9.0,,False,False,True,0.00037976975839694297,-0.0019095322968008062,-0.0006453478265645819,-0.0012641844702362243,0.003403921516980178,0.004192095198468812,0.275,0.002289302055197749,0.001089068772421857,200,1.0,False,0.0,0.18659815150584527
13610,SDSS,1199,4,0.29692,21.4065,0.200814,1.0,-9.0,-9.0,,False,False,True,0.0003822772244755497,-0.0019128722508092357,-0.0006459057883210403,-0.0012669664624881953,0.003403921516980178,0.004199412604048235,0.275,0.0022951494752847853,0.0010915247898203742,200,1.0,False,0.0,-0.15146122998582265
6137,SDSS,1203,4,0.29893,21.6665,0.253616,1.0,-9.0,-9.0,,False,False,True,0.0003934772396266586,-0.0019277907120468871,-0.0006483980174998885,-0.0012793926945469983,0.003403921516980178,0.004232097015636315,0.275,0.0023212679516735456,0.0011024950008670835,200,1.0,False,0.0,0.09181098762070143
10550,SDSS,1204,4,0.29933,21.7583,0.340612,1.0,-9.0,-9.0,,False,False,True,0.0003957060983631978,-0.0019307595600543798,-0.0006488939835056294,-0.0012818655765487502,0.003403921516980178,0.004238601376151356,0.275,0.0023264656584175776,0.0011046781274435431,200,1.0,False,0.0,0.18029450019998897
14735,SDSS,1206,4,0.29947,21.4805,0.184499,1.0,-9.0,-9.0,,False,False,True,0.0003964861989209866,-0.0019317986568570026,-0.0006490675716076387,-0.0012827310852493636,0.003403921516980178,0.0042408779023316205,0.275,0.002328284855777989,0.0011054422217453043,200,1.0,False,0.0,-0.09866530134836445
5391,SDSS,1208,4,0.3003,21.6265,0.245709,1.0,-9.0,-9.0,,False,False,True,0.00040111108079930535,-0.00193795901647255,-0.0006500967010695511,-0.0012878623154029987,0.006275354723848821,0.004254374450400332,0.32500000000000007,0.0023390700972718555,0.0011099722093914578,200,1.0,False,0.0,0.010160158712831789
7143,SDSS,1215,4,0.30365,21.8248,0.195672,1.0,-9.0,-9.0,,False,False,True,0.00041977777271782053,-0.0019628231185353025,-0.0006542504163676314,-0.0013085727021676706,0.006275354723848821,0.0043088484697138005,0.32500000000000007,0.002382600891253123,0.0011282558944693069,200,1.0,False,0.0,0.1809266256036107
19818,SDSS,1217,4,0.30406,21.4522,0.180508,1.0,-9.0,-9.0,,False,False,True,0.00042206235292277327,-0.0019658661877429823,-0.0006547587815235159,-0.0013111074062194664,0.006275354723848821,0.0043155154392417175,0.32500000000000007,0.0023879285406657558,0.0011304935992101782,200,1.0,False,0.0,-0.19502381686247397
12883,SDSS,1220,4,0.30526,21.3394,0.30552,1.0,-9.0,-9.0,,False,False,True,0.00042874892913239056,-0.0019747727317654612,-0.0006562466795407388,-0.0013185260522247221,0.006275354723848821,0.004335028520786841,0.32500000000000007,0.0024035216608978517,0.001137042978939557,200,1.0,False,0.0,-0.3176060133239393
5966,SDSS,1228,4,0.30834,21.7003,0.252626,1.0,-9.0,-9.0,,False,False,True,0.00044591114140374213,-0.0019976328614231555,-0.0006600656177849438,-0.0013375672436382118,0.006275354723848821,0.004385112096752657,0.32500000000000007,0.0024435440028268978,0.001153853053578296,200,1.0,False,0.0,0.018348347688483445
6699,SDSS,1230,4,0.30922,21.793,0.24918,1.0,-9.0,-9.0,,False,False,True,0.00045081463062412823,-0.00200416432703964,-0.0006611567429975737,-0.0013430075840420658,0.006275354723848821,0.004399421689885748,0.32500000000000007,0.002454978957663768,0.001158655932046507,200,1.0,False,0.0,0.10396338834374638
5844,SDSS,1231,4,0.30938,21.7227,0.269028,1.0,-9.0,-9.0,,False,False,True,0.00045170617411874385,-0.0020053518662426374,-0.0006613551293998703,-0.0013439967368427668,0.006275354723848821,0.004402023434091764,0.32500000000000007,0.002457058040361381,0.001159529182677091,200,1.0,False,0.0,0.03237721964400427
16211,SDSS,1232,4,0.30949,21.7647,0.299213,1.0,-9.0,-9.0,,False,False,True,0.00045231911027129206,-0.0020061682994446974,-0.000661491520051449,-0.0013446767793932485,0.006275354723848821,0.004403812133233401,0.32500000000000007,0.0024584874097159895,0.0011601295424856174,200,1.0,False,0.0,0.07349333580479786
21042,SDSS,1233,4,0.30962,21.467,0.255756,1.0,-9.0,-9.0,,False,False,True,0.0004530434893606674,-0.0020071331750471334,-0.0006616527090033148,-0.001345480466043818,0.006275354723848821,0.004405926050400789,0.32500000000000007,0.0024601766644078006,0.0011608390586229668,200,1.0,False,0.0,-0.22525087931773094
15213,SDSS,1235,4,0.31061,21.7432,0.219739,1.0,-9.0,-9.0,,False,False,True,0.00045855991473360173,-0.0020144810738656777,-0.0006628802248675237,-0.0013516008489981538,0.006275354723848821,0.004422024342675516,0.32500000000000007,0.0024730409885992794,0.0011662422968997043,200,1.0,False,0.0,0.043010309400546363
20142,SDSS,1242,4,0.3127,21.3709,0.204424,1.0,-9.0,-9.0,,False,False,True,0.0004702057016320186,-0.0020299933047048277,-0.0006654716472475201,-0.0013645216574573074,0.006275354723848821,0.004456009626366605,0.32500000000000007,0.0025001990063368462,0.0011776491332617055,200,1.0,False,0.0,-0.3459727639493874
19632,SDSS,1245,4,0.31387,21.7698,0.212727,1.0,-9.0,-9.0,,False,False,True,0.00047672511343639564,-0.0020386771851267443,-0.0006669223478143122,-0.0013717548373124318,0.006275354723848821,0.004475034880873101,0.32500000000000007,0.00251540229856314,0.00118403477849785,200,1.0,False,0.0,0.04363292441041685
15383,SDSS,1247,4,0.31506,21.7664,0.226199,1.0,-9.0,-9.0,,False,False,True,0.00048335596817759976,-0.0020475095079490356,-0.0006683978466813915,-0.0013791116612676439,0.006275354723848821,0.0044943853534053484,0.32500000000000007,0.0025308654761266353,0.0011905295800628175,200,1.0,False,0.0,0.030812581329484688
6649,SDSS,1248,4,0.3152,21.6307,0.218301,1.0,-9.0,-9.0,,False,False,True,0.00048413606873538834,-0.0020485486047516575,-0.0006685714347834009,-0.0013799771699682568,0.006275354723848821,0.0044966618795856126,0.32500000000000007,0.002532684673487046,0.0011912936743645782,200,1.0,False,0.0,-0.10599352767702933
15776,SDSS,1250,4,0.31593,21.68,0.226031,1.0,-9.0,-9.0,,False,False,True,0.00048820373592957237,-0.002053966752365332,-0.000669476572743878,-0.0013844901796214542,0.006275354723848821,0.004508532337525564,0.32500000000000007,0.0025421704882949044,0.001195277880366617,200,1.0,False,0.0,-0.062453736787180615
6100,SDSS,1251,4,0.31623,21.9449,0.272758,1.0,-9.0,-9.0,,False,False,True,0.0004898753799819768,-0.002056193388370952,-0.0006698485472481837,-0.001386344841122768,0.006275354723848821,0.004513410607911844,0.32500000000000007,0.002546068768352929,0.0011969152252989618,200,1.0,False,0.0,0.20008262608256863
7475,SDSS,1264,4,0.32276,21.6786,0.210177,1.0,-9.0,-9.0,,False,False,True,0.0005262614988559783,-0.0021046598320932724,-0.0006779451922919045,-0.0014267146398013679,0.006275354723848821,0.0046195942933198895,0.32500000000000007,0.0026309213309492507,0.0012325547666596649,200,1.0,False,0.0,-0.11715805549597072
18617,SDSS,1268,4,0.3258,21.9109,0.269927,1.0,-9.0,-9.0,,False,False,True,0.0005432062901293691,-0.002126124080680263,-0.0006819267989657726,-0.0014441972817144902,0.006275354723848821,0.0046661916448753095,0.32500000000000007,0.002669330370809632,0.0012514650499942765,200,1.0,False,0.0,0.0917516372941943
14456,SDSS,1271,4,0.32804,21.7472,0.169699,1.0,-9.0,-9.0,,False,False,True,0.0005557032007059302,-0.0021396724399663485,-0.0006852985506825855,-0.001454373889283763,0.006275354723848821,0.004694675856354637,0.32500000000000007,0.002695375640672279,0.0012701824186123042,200,1.0,False,0.0,-0.08905433431042234
6924,SDSS,1277,4,0.32871,21.6746,0.220549,1.0,-9.0,-9.0,,False,False,True,0.0005594411159230268,-0.002143724851002812,-0.0006863070657050251,-0.0014574177852977868,0.006275354723848821,0.004703195687466757,0.32500000000000007,0.002703165966925839,0.0012757809172614467,200,1.0,False,0.0,-0.1667498348156972
13934,SDSS,1279,4,0.32941,22.1579,0.309396,1.0,-9.0,-9.0,,False,False,True,0.000563346400478202,-0.0021479587132797132,-0.000687360738116529,-0.0014605979751631843,0.006275354723848821,0.004712097003554047,0.32500000000000007,0.002711305113757915,0.0012816300949545804,200,1.0,False,0.0,0.31123677355825624
13830,SDSS,1282,4,0.32995,21.5914,0.208068,1.0,-9.0,-9.0,,False,False,True,0.0005663590485636231,-0.0021512248356076093,-0.0006881735711196894,-0.0014630512644879198,0.006275354723848821,0.004718963733107099,0.32500000000000007,0.0027175838841712323,0.0012861423177464263,200,1.0,False,0.0,-0.259354987319885
4241,SDSS,1285,4,0.33063,21.9159,0.229507,1.0,-9.0,-9.0,,False,False,True,0.0005701527535600789,-0.0021553377303908856,-0.0006891971386051505,-0.0014661405917857347,0.006275354723848821,0.004727610725877609,0.32500000000000007,0.0027254904839509645,0.0012918243760768988,200,1.0,False,0.0,0.060001239714008024
20106,SDSS,1290,4,0.33147,21.9805,0.284201,1.0,-9.0,-9.0,,False,False,True,0.0005748390950262892,-0.0021604183651231677,-0.0006904615454989554,-0.0014699568196242117,0.006275354723848821,0.0047382923051823575,0.32500000000000007,0.002735257460149457,0.0012988433893086594,200,1.0,False,0.0,0.11826067984509656
16093,SDSS,1297,4,0.3345,21.8674,0.234169,1.0,-9.0,-9.0,,False,False,True,0.0005917433981722627,-0.002178744940407471,-0.0006950224417944659,-0.0014837224986130049,0.006275354723848821,0.004776822287674485,0.32500000000000007,0.0027704883385797335,0.0013241619727517953,200,1.0,False,0.0,-0.01758760593106993
2533,SDSS,1310,4,0.34111,21.8111,0.25367,1.0,-9.0,-9.0,,False,False,True,0.0006286204423289895,-0.002218724697050787,-0.0007049721198516686,-0.0015137525771991174,0.006275354723848821,0.004860876143870179,0.32500000000000007,0.002847345139379776,0.0013793949221112432,200,1.0,False,0.0,-0.12285809855098542
20186,SDSS,1327,4,0.34968,22.2343,0.286414,1.0,-9.0,-9.0,,False,False,True,0.0006764322832402071,-0.0022705592680694266,-0.0007178720806610827,-0.0015526871874083433,0.006275354723848821,0.004969853685110284,0.32500000000000007,0.0029469915513096337,0.0014510055690114651,200,1.0,False,0.0,0.23814364785056305
1688,SDSS,1335,4,0.35774,22.1044,0.290713,1.0,-9.0,-9.0,,False,False,True,0.000721398845404083,-0.00231930916800061,-0.0007300043658564006,-0.0015893048021442084,0.009469921282851627,0.005072345981772508,0.3750000000000001,0.0030407080134046928,0.0015183546721638328,200,1.0,False,0.0,0.08154729970926418
15704,SDSS,1356,4,0.36962,22.1968,0.242857,1.0,-9.0,-9.0,,False,False,True,0.000787677103283344,-0.0023911638592143142,-0.000747886691925927,-0.0016432771672883865,0.009469921282851627,0.005223414031939656,0.3750000000000001,0.003178840962497658,0.0016176235735844437,200,1.0,False,0.0,0.09175094001706093
18091,SDSS,1357,4,0.36987,21.9655,0.253612,1.0,-9.0,-9.0,,False,False,True,0.0007890718477673349,-0.0023926759528846357,-0.0007482630035014641,-0.0016444129493831709,0.009469921282851627,0.005226593073399403,0.3750000000000001,0.0031817478006519705,0.0016197125656177056,200,1.0,False,0.0,-0.14125230209565837
13136,SDSS,1361,4,0.37057,22.3865,0.255207,1.0,-9.0,-9.0,,False,False,True,0.0007929771323225105,-0.0023969098151615377,-0.0007493166759129682,-0.001647593139248569,0.009469921282851627,0.005235494389486692,0.3750000000000001,0.003189886947484048,0.0016255617433108397,200,1.0,False,0.0,0.27498429847858935
16232,SDSS,1369,4,0.37436,22.2192,0.233228,1.0,-9.0,-9.0,,False,False,True,0.000814121458699817,-0.0024198331552036205,-0.0007550215593981116,-0.0016648115958055078,0.009469921282851627,0.0052836886580164485,0.3750000000000001,0.0032339546139034375,0.001657230862535092,200,1.0,False,0.0,0.08203803145156748
7779,SDSS,1373,4,0.37991,22.0429,0.218255,1.0,-9.0,-9.0,,False,False,True,0.0008472168517243243,-0.002446482771279593,-0.0007612084728423757,-0.0016852742984372166,0.009469921282851627,0.005336559508627062,0.3750000000000001,0.0032936996230039173,0.0016947080244754562,200,1.0,False,0.0,-0.13138618780049066
000014,PS1MD,793,12,0.13614,19.7241,0.204855,1.0,35.878,-4.6363,,False,False,True,0.001671032028259945,0.0011677646539070856,0.0012966079399518078,-0.00012884328604472207,0.0005285056173129508,-0.002548655636923222,0.125,0.0005032673743528593,0.0003398878537624633,497,1.0,False,0.947535052012664,0.03690047071641073
340229,PS1MD,807,12,0.14123,19.7877,0.210706,1.0,35.879,-2.8604,,False,False,True,0.0007511489893442867,0.00021722042871470475,-0.0003672511746489431,0.0005844716033636479,0.002511138206025492,-0.00047587003185227384,0.125,0.000533928560629582,0.00036165575236519684,497,1.0,False,0.0,0.014219835416461825
1317666,DES,808,12,0.14134,19.8707,0.259463,1.0,36.7711,-5.0031,,False,False,True,0.0004862720567476146,-4.831912283883167e-05,-0.0003299362207845682,0.0002816170979457365,0.00031709284007125387,0.00010472591739550457,0.125,0.0005345911795864463,0.0003621261784646665,497,1.0,False,0.9580008399832003,0.09538764976037567
1296657,DES,815,12,0.14638,19.9327,0.205643,1.0,36.2552,-6.2786,,False,False,True,0.003870762733292076,0.0033058115578638455,0.0034580107042172853,-0.00015219914635343994,0.003962712314683954,-0.007209073672832628,0.125,0.0005649511754282307,0.0003836802470221866,497,1.0,False,0.0,0.07484316987175871
000038,PS1MD,826,12,0.1505,19.8528,0.167881,1.0,35.0957,-4.6725,,False,False,True,0.0017255349381689823,0.0011357656709018327,0.0012927627140343855,-0.00015699704313255284,0.0038809467297369867,-0.002473532113547216,0.17500000000000004,0.0005897692672671496,0.00040129984274777834,497,1.0,False,0.9887029288702929,-0.050089317551993626
440042,PS1MD,840,12,0.15921,20.1737,0.282399,1.0,35.9021,-3.294,,False,False,True,4.292102349352672e-05,-0.0005993156175398812,-0.0004178532204285458,-0.00018146239711133542,0.000291426810669504,0.0013077836813141757,0.17500000000000004,0.0006422366410334079,0.00043854903662396877,497,1.0,False,0.0,0.13765166946686927
310039,PS1MD,861,12,0.17169,20.2073,0.21301,1.0,36.2156,-3.3448,,False,False,True,0.00015639062821427602,-0.0005610231453797408,-0.0004052314836619279,-0.00015579166171781296,0.0006438097643224127,0.0012252401005257937,0.17500000000000004,0.0007174137735940168,0.0004919210159092566,497,1.0,False,0.0,-0.008129892882827712
330023,PS1MD,890,12,0.18078,20.4636,0.177112,1.0,35.7981,-2.7801,,False,False,True,0.0006960966428890992,-9.682524260053703e-05,-0.0005149653028857699,0.00041814006028523276,0.0023976640216333287,0.00021189540749062298,0.17500000000000004,0.0007929218854896362,0.000548402604182909,497,1.0,False,0.0,0.12502079658410617
1298893,DES,934,12,0.19627,20.5867,0.253215,1.0,35.724,-6.2568,,False,False,True,0.0026726412384644044,0.0017307974609261786,2.421181945744472e-05,0.0017065856414687336,0.0026945368810158453,-0.0037664026104657195,0.17500000000000004,0.0009418437775382258,0.0006618334603170343,497,1.0,False,0.0,0.05097834475033715
1334620,DES,935,12,0.19635,20.6397,0.292175,1.0,35.7529,-6.2642,,False,False,True,0.0022708783821469986,0.0013282654792786315,-8.572949478339372e-05,0.001413994974062025,0.0013620481320832235,-0.0028952509503106932,0.17500000000000004,0.000942612902868367,0.0006624192878503287,497,1.0,False,0.0,0.1029982975079873
550154,PS1MD,973,12,0.21015,20.8949,0.146409,1.0,36.3556,-3.5962,,False,False,True,0.0008226990887080322,-0.0002525879336096917,4.866110668199958e-05,-0.0003012490402916912,0.0007718543807895632,0.0005603382036418834,0.22500000000000003,0.001075287022317724,0.0007634745373436101,497,1.0,False,0.0,0.1880964844860708
1292560,DES,1015,12,0.22493,20.8596,0.158331,1.0,35.0558,-5.3611,,False,False,True,0.00102755890473675,-0.00018982402232456028,0.000255046424009551,-0.0004448704463341113,0.0030290969641262773,0.00041708440136368694,0.22500000000000003,0.0012173829270613102,0.0008717061741197477,497,1.0,False,0.8338068181818182,-0.011852065425518362
1336687,DES,1038,12,0.23391,20.9258,0.290889,1.0,35.6058,-6.1499,,False,False,True,0.0013410951220750031,1.0134471424663597e-05,0.00043457262513574724,-0.00042443815371108365,0.003964712538709829,-2.485451192662993e-05,0.22500000000000003,0.0013309606506503396,0.0009654122690991375,497,1.0,False,0.0,-0.04085291265915442
1279500,DES,1041,12,0.23481,21.0254,0.165515,1.0,36.9257,-4.3149,,False,False,True,0.001160215289668628,-0.00018214988006506048,0.00010329283478967342,-0.000285442714854734,0.0017045675569868602,0.0004044741312580766,0.22500000000000003,0.0013423651697336886,0.0009748257535322443,497,1.0,False,0.9629798903107861,0.049393437457496414
1317277,DES,1050,12,0.23721,20.9715,0.202153,1.0,35.9031,-5.4815,,False,False,True,0.0002852543916209308,-0.0010875228290016887,-0.0008255366154674731,-0.0002619862135342156,0.0007031638386894917,0.00237742363921056,0.22500000000000003,0.0013727772206226195,0.0009999283786871957,497,1.0,False,0.7526289434151227,-0.029288138714416875
1334645,DES,1076,12,0.24711,20.9453,0.134755,1.0,36.3796,-5.879,,False,False,True,0.003500939151728979,0.002002712221189519,-0.0008137375383606655,0.002816449759550185,0.005023043455474302,-0.004364446597552094,0.22500000000000003,0.0014982269305394596,0.0011034767074513709,497,1.0,False,0.0,-0.15531608147774972
120585,PS1MD,1083,12,0.24909,21.0637,0.165166,1.0,35.7735,-3.6103,,False,False,True,0.0001222802387085486,-0.001401036633814279,-0.0008354523992664275,-0.0005655842345478516,0.0011080477590128502,0.0030624796563682357,0.22500000000000003,0.0015233168725228277,0.001124186373204206,497,1.0,False,0.0,-0.05643614090649135
000034,PS1MD,1096,12,0.2533,21.1158,0.154711,1.0,36.0664,-3.1865,,False,False,True,0.00046587918814359173,-0.0011107854903135688,-0.0007403102313746691,-0.00037047525893889994,0.001789406498025105,0.002431795161443024,0.275,0.0015766646784571604,0.00116822056149685,497,1.0,False,0.0,-0.05063212632142729
1297026,DES,1108,12,0.25865,21.257,0.147331,1.0,35.821,-5.1821,,False,False,True,0.00027780720296289923,-0.0013666510056008362,-0.000773718800674529,-0.0005929322049263074,0.0022768842224767747,0.0029881819030419822,0.275,0.0016444582085637354,0.0012241784967380958,497,1.0,False,0.9970014992503748,0.039327217026071046
330022,PS1MD,1127,12,0.26397,21.0505,0.204064,1.0,35.3241,-2.9491,,False,False,True,0.016677788321840067,0.01496591673380587,0.015615338127425871,-0.0006494213936200045,0.02390359552021175,-0.033352240326365634,0.275,0.0017118715880341988,0.001279822649164905,497,1.0,False,0.0,-0.21716215328936792
1317286,DES,1161,12,0.28207,21.3456,0.164427,1.0,36.0079,-6.8106,,False,False,True,0.0008880718943655523,-0.0010750026181196378,-0.0006936293296245996,-0.00038137328849503825,0.0015667329248019873,0.0023572600147056923,0.275,0.00196307451248519,0.0014619058163096122,497,1.0,False,0.0,-0.08542382163017144
310238,PS1MD,1164,12,0.28405,21.3205,0.151751,1.0,35.5268,-3.2333,,False,False,True,0.00016043803378972102,-0.0018338443613455993,-0.0010291945846105672,-0.0008046497767350321,0.0002082794731634785,0.004015373128229006,0.275,0.0019942823951353203,0.0014805899828856735,497,1.0,False,0.0,-0.12780129878460308
1334644,DES,1174,12,0.28814,21.4545,0.186062,1.0,35.1072,-5.7725,,False,False,True,0.006279391638896844,0.004220644476065045,0.00506769599471825,-0.0008470515186532054,0.0006267142390769773,-0.009308708885374379,0.275,0.002058747162831799,0.0015191850542473344,497,1.0,False,0.010158472165786265,-0.029140504287133735
1313594,DES,1175,12,0.28844,21.496,0.135178,1.0,34.8329,-5.7894,,False,False,True,0.004424000200852033,0.002360524570952033,0.0027800720922622497,-0.00041954752131021644,0.0017231755435161348,-0.0051134952971131084,0.275,0.0020634756298999997,0.0015220159885770404,497,1.0,False,0.015157722244981565,0.009785687596079602
1334597,DES,1179,12,0.28905,21.4233,0.165869,1.0,35.8313,-4.0678,,False,False,True,0.00356549581312575,0.0014924056335204072,0.0019495458246815795,-0.0004571401911611724,0.002687082655471523,-0.0032606547523764346,0.275,0.002073090179605343,0.0015277722217141097,497,1.0,False,0.44501278772378516,-0.06814009077295587
570056,PS1MD,1183,12,0.29008,21.4768,0.232933,1.0,37.0067,-3.495,,False,False,True,0.0019384842225420298,-0.0001508403606641385,0.0007021391059826335,-0.0008529794666467718,0.001632732027224298,0.00035733422932041157,0.275,0.0020893245832061683,0.0015374917629127679,497,1.0,False,0.0,-0.02344082284846301
1303004,DES,1195,12,0.29504,21.509,0.171668,1.0,35.2946,-6.4631,,False,False,True,0.0011261775883004846,-0.0010413243170999476,-0.00013401049657393968,-0.0009073138205260078,0.0017134566989459447,0.0022923491431567494,0.275,0.002167501905400432,0.0015842965438305772,497,1.0,False,0.0,-0.03322021243654212
1293319,DES,1200,12,0.29695,21.4975,0.208762,1.0,36.0024,-6.4977,,False,False,True,0.00043064920017529677,-0.0017669572788926837,-0.00088455093742639,-0.000882406341466294,0.0022124067082605796,0.0038706931628714413,0.275,0.0021976064790679805,0.0016023201590630396,497,1.0,False,0.0,-0.060711667881839085
1339002,DES,1213,12,0.30304,21.5674,0.273372,1.0,35.8305,-6.5263,,False,False,True,0.0017799749130978965,-0.0005136194474545724,0.0004384369626647246,-0.0009520564101192973,0.0018932227488134138,0.0011513931040387196,0.32500000000000007,0.002293594360552469,0.0016597881259560751,497,1.0,False,0.0,-0.07148081192083958
1287626,DES,1216,12,0.30404,21.466,0.220442,1.0,35.9318,-5.9612,,False,False,True,0.0005629546068172079,-0.0017464013106292659,-0.0009231492271374477,-0.0008232520834918183,0.003220693399434191,0.0038243107015053877,0.32500000000000007,0.0023093559174464737,0.0016692245737217623,497,1.0,False,0.0,-0.18106047769317649
1259412,DES,1219,12,0.30486,21.6488,0.137489,1.0,36.3454,-5.3241,,False,False,True,0.0016748746721498276,-0.0006474057219497305,-0.0002510063691945946,-0.00039639935275513605,0.00429637677142503,0.0014306095862760765,0.32500000000000007,0.002322280394099558,0.0016769624608896265,497,1.0,False,0.8994881340158213,-0.004949242356670082
1300516,DES,1234,12,0.31052,21.3667,0.335336,1.0,34.5464,-5.0101,,False,False,True,0.0003703740899767432,-0.002041116716142882,-0.0010053039279857494,-0.0010358127881571323,0.0017094790740985345,0.004475419708245874,0.32500000000000007,0.002411490806119625,0.0017303727552434168,497,1.0,False,0.8908400569530137,-0.33276894917282757
1337838,DES,1239,12,0.31203,21.6973,0.158158,1.0,35.496,-6.4982,,False,False,True,0.0020846017835006144,-0.00035068897352895714,0.0006854600912504485,-0.0010361490647794052,0.003046154945319846,0.0007925273820952351,0.32500000000000007,0.0024352907570295715,0.0017446217913696042,497,1.0,False,0.0,-0.014235872757720015
1294743,DES,1241,12,0.31267,21.7822,0.278167,1.0,36.1025,-4.6749,,False,False,True,0.008003246044782735,0.005557867891341,0.006564010825377775,-0.0010061429340367748,0.009818363800608979,-0.01218342890193544,0.32500000000000007,0.002445378153441735,0.0017506611179396443,497,1.0,False,0.9715617715617716,0.06556597482769141
1283878,DES,1243,12,0.31296,21.7665,0.2017,1.0,37.1332,-4.0413,,False,False,True,0.004203663488470011,0.0017537144835290145,-0.0004243387966567345,0.002178053280185749,0.004412019111982438,-0.003802233724348107,0.32500000000000007,0.0024499490049409963,0.0017533976877916937,497,1.0,False,0.4583145561063542,0.0475590544435068
1341894,DES,1244,12,0.31303,21.7531,0.174721,1.0,35.3025,-4.6502,,False,False,True,0.010446299779944417,0.00799524746602084,0.008183940247590255,-0.00018869278156941462,0.012342142394972793,-0.017589567596762567,0.32500000000000007,0.002451052313923576,0.0017540582391352914,497,1.0,False,0.9549514563106796,0.03360250810845818
100163,PS1MD,1252,12,0.31782,21.8208,0.194052,1.0,35.4423,-5.1516,,False,False,True,0.001038209892343291,-0.001488340279102568,-0.0007261030406152974,-0.0007622372384872703,0.004030266067332066,0.003263686397555329,0.32500000000000007,0.002526550171445859,0.0017992588239329336,497,1.0,False,0.98227969348659,0.06348990541733776
1345553,DES,1253,12,0.31804,21.8242,0.165019,1.0,35.3447,-4.668,,False,False,True,0.0022891585399421816,-0.0002408591740203584,-4.4350989629301325e-05,-0.0001965081843910573,0.0018234738689719805,0.0005632473923853137,0.32500000000000007,0.00253001771396254,0.001801334842441385,497,1.0,False,0.9492667459373761,0.06516591240148237
310188,PS1MD,1256,12,0.31901,21.888,0.17561,1.0,35.2776,-4.5196,,False,False,True,0.006124159287081259,0.003578852862931534,0.0023099092512539328,0.001268943611677601,0.010587599916292578,-0.007877332303864365,0.32500000000000007,0.0025453064241497247,0.0018104881967741019,497,1.0,False,0.9726882559500585,0.12137781390379096
440509,PS1MD,1257,12,0.31901,21.6411,0.20208,1.0,34.8496,-5.4304,,False,False,True,0.0004820588939586918,-0.002063247530191033,-0.0010569788868100406,-0.0010062686433809924,0.001493323399669439,0.004528128964188877,0.32500000000000007,0.0025453064241497247,0.0018104881967741019,497,1.0,False,0.9904378459989934,-0.12552218609620916
330128,PS1MD,1259,12,0.32104,21.7016,0.154025,1.0,36.8228,-3.8213,,False,False,True,0.0022459366415855013,-0.0003313657430590528,0.00021455364976634048,-0.000545919392825393,0.0028912060420337405,0.000756726578635865,0.32500000000000007,0.002577302384644554,0.0018296441857384468,497,1.0,False,0.0012903225806451613,-0.08083353507735005
580104,PS1MD,1262,12,0.32223,21.6098,0.155864,1.0,36.1196,-4.9673,,False,False,True,0.0008688841183829805,-0.0017271745189654398,-0.0012078673854225086,-0.0005193071335429307,0.0018884480030298743,0.0037976403926762783,0.32500000000000007,0.00259605863734842,0.001840873558579615,497,1.0,False,0.9205443371378402,-0.1818592673011107
1261579,DES,1263,12,0.32223,21.6244,0.136121,1.0,36.1196,-4.9673,,False,False,True,0.0008688841183829805,-0.0017271745189654398,-0.0012078673854225086,-0.0005193071335429307,0.0018884480030298743,0.0037976403926762783,0.32500000000000007,0.00259605863734842,0.001840873558579615,497,1.0,False,0.9205443371378402,-0.1672592673011092
1305626,DES,1269,12,0.32581,21.7948,0.13912,1.0,35.6546,-4.1333,,False,False,True,0.011303524634949687,0.008648053831696255,0.009098175683894765,-0.00045012185219851157,0.010341692140022002,-0.018985109487128875,0.32500000000000007,0.002655470803253432,0.0018775518108307648,497,1.0,False,0.6692527562270314,-0.02442497040839734
1306073,DES,1276,12,0.32868,21.847,0.141621,1.0,36.8506,-3.7494,,False,False,True,0.0020739139625539933,-0.000637371797484305,0.0002836484617860721,-0.0009210202592703766,0.0045153882786864346,0.001413036271076684,0.32500000000000007,0.0027112857600382983,0.0019148947341250443,497,1.0,False,0.0,0.00587811610564478
540163,PS1MD,1280,12,0.32952,21.9861,0.16024,1.0,36.0723,-3.3093,,False,False,True,0.0010957982990444216,-0.0016318235459065187,-0.0008915884186886296,-0.0007402351272178891,0.0015101757106246818,0.0035953803885882926,0.32500000000000007,0.0027276218449509403,0.001925824370211174,497,1.0,False,0.0,0.13860276305306804
1301933,DES,1281,12,0.32968,21.8501,0.111583,1.0,36.6637,-4.9708,,False,False,True,0.004123239072693823,0.0013925055925214274,0.0020510505970283994,-0.0006585450045069722,0.007627189278150836,-0.0030508489165289024,0.32500000000000007,0.0027307334801723957,0.001927906205656151,497,1.0,False,0.9570747217806042,0.0013901171061117754
1338675,DES,1284,12,0.33056,21.9144,0.21272,1.0,36.7437,-4.9677,,False,False,True,0.0034902838418291405,0.0007424363679387367,0.0007690709040991375,-2.663453616040079e-05,0.001952681754127793,-0.0015732778389516248,0.32500000000000007,0.002747847473890404,0.001939356300603526,497,1.0,False,0.9392426133999168,0.05903029305887094
03D1fc,SNLS,1288,12,0.33103,21.7568,0.134432,1.0,36.4316,-4.1441,,False,False,True,0.002110682063122039,-0.0006463058392313908,-0.00018125143545454298,-0.000465054403776848,0.004359812112905312,0.0014340091557035637,0.32500000000000007,0.0027569879023534296,0.0019454716922231463,497,1.0,False,0.9690966719492868,-0.1021199332731694
1314897,DES,1300,12,0.33671,21.7837,0.182251,1.0,36.6066,-4.1552,,False,False,True,0.0008658710314034231,-0.002001579921311691,-0.001360821278266648,-0.0006407586430450431,0.0030855762095483995,0.004396032369194849,0.32500000000000007,0.002867450952715114,0.0020193768505198375,497,1.0,False,0.9650637073571722,-0.11775950318378428
320258,PS1MD,1309,12,0.34098,21.8057,0.192415,1.0,34.748,-4.8807,,False,False,True,0.0019626235937682283,-0.0009878691239194881,0.0001157988536658835,-0.0011036679775853718,0.005332157985064788,0.002173601174896027,0.32500000000000007,0.0029504927176877164,0.002074935833957666,497,1.0,False,0.9361167002012073,-0.12730349613422867
1329312,DES,1314,12,0.34487,21.9803,0.169534,1.0,36.2633,-5.5418,,False,False,True,0.002606667750126003,-0.0004194765988833598,-0.001420591885430424,0.0010011152865470642,0.004151641321211686,0.0009553940420986336,0.32500000000000007,0.003026144349009363,0.002125550458213675,497,1.0,False,0.1799709724238026,0.018876751724046757
03D1bp,SNLS,1316,12,0.34602,22.0788,0.13399,1.0,36.6572,-4.8388,,False,False,True,0.001263344847778992,-0.0017851643793845846,-0.0009776460199709476,-0.000807518359413637,0.004035533690511018,0.003917412364230371,0.32500000000000007,0.0030485092271635766,0.002140513650474448,497,1.0,False,0.9603836530442035,0.10903192033902406
330089,PS1MD,1319,12,0.34881,22.1191,0.21674,1.0,36.1903,-4.8221,,False,False,True,0.000961348540327544,-0.002141419826010169,-0.0009782801808671307,-0.0011631396451430383,0.0017528486661001733,0.004713035974981254,0.32500000000000007,0.003102768366337713,0.0021768156560462376,497,1.0,False,0.9196924391285776,0.12919299115990376
560121,PS1MD,1348,12,0.36499,22.2096,0.290313,1.0,36.3388,-4.3953,,False,False,True,0.00432801530496983,0.0009105828268623937,0.0021325200859711527,-0.0012219372591087594,0.012267882277073436,-0.002074099084104007,0.3750000000000001,0.003417432478107436,0.002387341265419557,497,1.0,False,0.9881342062193126,0.13628978575016154
1308582,DES,1351,12,0.36713,21.9558,0.149493,1.0,37.1372,-4.3728,,False,False,True,0.001098371080717035,-0.002360679518477374,-0.0015094439411163494,-0.0008512355773610244,0.0033724431587232144,0.0051952836477629025,0.3750000000000001,0.003459050599194409,0.0024151858144961275,497,0.75,True,0.7383309759547383,-0.13222616385440128
04D1hd,SNLS,1353,12,0.36799,22.2169,0.156057,1.0,36.5368,-4.1096,,False,False,True,0.0010827841263955805,-0.0023929915121141537,-0.0016211446309380966,-0.000771846881176057,0.0039747265923859715,0.005261496331470542,0.3750000000000001,0.003475775638509734,0.0024263756800128795,497,1.0,False,0.8856447688564477,0.12298236209192843
320469,PS1MD,1364,12,0.37095,22.1568,0.389586,1.0,34.4183,-4.8371,,False,False,True,0.0009496330590783707,-0.0025837078310282976,-0.0009616425520532095,-0.0016220652789750878,0.0005980116404639221,0.005694048401205489,0.3750000000000001,0.0035333408901066683,0.0024648896357449585,497,1.0,False,0.9911090313523632,0.04270194953103263
1282736,DES,1371,12,0.37805,22.1068,0.221544,1.0,35.8093,-6.2681,,False,False,True,0.004005966546837253,0.0003375614014164258,0.0007552129287040068,-0.0004176515272875812,0.0018822442965172228,-0.000664143709110972,0.3750000000000001,0.0036684051454208273,0.002554551154732237,497,1.0,False,0.0,-0.05510099152061792
320099,PS1MD,1374,12,0.37997,22.1624,0.161555,1.0,36.0675,-3.916,,False,False,True,0.0047024549071134555,0.000998607827777733,0.0026653645362320877,-0.001666756708454355,0.0045041978627163425,-0.0021341944774078796,0.3750000000000001,0.0037038470793357226,0.0025778209625452477,497,1.0,False,0.18791946308724833,-0.012284771925035125
1343401,DES,1381,12,0.38291,22.1148,0.204813,1.0,34.5721,-5.6549,,False,False,True,0.0009205886984496541,-0.0028375288421932524,-0.001701739183734098,-0.001135789658459154,0.004292314348790965,0.006233804187021868,0.3750000000000001,0.0037581175406429064,0.002613452855758921,497,1.0,False,0.4063588850174216,-0.07934413261081012
580312,PS1MD,1395,12,0.40293,22.2948,0.289144,1.0,35.2534,-4.8171,,False,False,True,0.0011030056280759066,-0.0030246679109921094,-0.0011918109538988076,-0.0018328569570933019,0.004503948717782131,0.006658103909496639,0.42500000000000016,0.004127673539068016,0.002856089080975838,497,1.0,False,0.9761036857027137,-0.05213483335399248
1329615,DES,1396,12,0.40368,22.363,0.212116,1.0,35.4427,-5.6398,,False,False,True,0.0006694087901877637,-0.0034721092543157583,-0.001976988850688211,-0.0014951204036275471,0.004833472802961829,0.00763037401770914,0.42500000000000016,0.004141518044503522,0.0028651788496527955,497,0.95,False,0.16600616468516072,0.01135172769029692
450339,PS1MD,1403,12,0.40935,22.4531,0.273629,1.0,36.2874,-3.3534,,False,False,True,0.006465851140300541,0.002219668634704593,0.0032437595783047467,-0.0010240909436001545,0.006662940289201492,-0.004794610908768463,0.42500000000000016,0.004246182505595948,0.002933897500850594,497,1.0,False,0.0,0.06607951621116127
1345594,DES,1422,12,0.42249,22.4266,0.274122,1.0,33.8987,-5.5998,,False,False,True,0.007133667370148158,0.0026449291293221423,-0.00011348751957312997,0.0027584166488952722,0.009249390890325301,-0.00576235130145444,0.42500000000000016,0.004488738240826015,0.0030931502480708883,497,1.0,False,0.4188295165394402,-0.040671951989096886
1302523,DES,1425,12,0.42399,22.4734,0.131426,1.0,36.3176,-4.6598,,False,False,True,0.012232592281753343,0.007716165030056316,0.0036656721345223234,0.004050492895533993,0.01499703037896487,-0.01703771859991684,0.42500000000000016,0.004516427251697028,0.003111329785424803,497,1.0,False,0.9317548746518106,-0.002884734103073206
1295027,DES,1427,12,0.42568,22.4509,0.193594,1.0,35.4327,-6.9406,,False,False,True,0.005440593787668201,0.000892288813191559,0.0029633630174339004,-0.0020710742042423414,0.007516324329777745,-0.0019001084336378767,0.42500000000000016,0.004548304974476642,0.003131306284232584,497,1.0,False,0.0,-0.035503604415342824
440236,PS1MD,1433,12,0.42895,22.3913,0.191504,1.0,37.1019,-4.4246,,False,False,True,0.0008004042307491299,-0.0038115396986591957,-0.002219966602900224,-0.0015915730957589721,0.0030573108142959516,0.008399852775495514,0.42500000000000016,0.004611943929408326,0.0031685054691672787,497,0.7,True,0.9078850405305822,-0.1145768455542323
04D1rh,SNLS,1437,12,0.43494,22.5298,0.181679,1.0,36.9464,-4.2538,,False,False,True,0.0006777046770617335,-0.004050813362450809,-0.002211214907262154,-0.0018395984551886559,0.004896776122338798,0.008910524641029493,0.42500000000000016,0.004728518039512543,0.0032366470953932185,497,1.0,False,0.979982206405694,-0.011391725154140765
1310338,DES,1442,12,0.4389,22.2149,0.209461,1.0,35.042,-6.3767,,False,False,True,0.0018118874198681308,-0.0029936979779103057,-0.0011460193537507002,-0.0018476786241596052,0.004876331397507152,0.006614901475993971,0.42500000000000016,0.004805585397778436,0.0032816956496260602,497,1.0,False,0.0,-0.34939020545625243
560027,PS1MD,1443,12,0.43891,22.4152,0.278656,1.0,35.8506,-3.0839,,False,False,True,0.0014449738487708088,-0.0033608061635487037,-0.0019848428412337082,-0.001375963322314995,0.0038360952265256176,0.00742733107919798,0.42500000000000016,0.0048057800123195125,0.003281809408601396,497,1.0,False,0.0,-0.1491482884169314
1291080,DES,1451,12,0.44391,22.5539,0.289089,1.0,35.6846,-6.0636,,False,False,True,0.02012451258942849,0.015221425306571232,-0.0013695631644299524,0.016590988471001183,0.013558959629655334,-0.03359516604618973,0.42500000000000016,0.004903087282857257,0.003338688896269126,497,1.0,False,0.0,-0.03933620127443037
1339149,DES,1472,12,0.46887,22.5101,0.232472,1.0,35.555,-5.8717,,False,False,True,0.0021383571710630648,-0.0032504880063186094,-0.0012293906499103492,-0.0020210973564082587,0.0027695854007124526,0.007222039293651001,0.4750000000000001,0.005388845177381674,0.003622631298706431,497,1.0,False,0.0,-0.20228958033763356
05D1ix,SNLS,1485,12,0.48888,22.8312,0.197899,1.0,36.0832,-4.67,,False,False,True,0.005609154916866678,-0.00016802640116104182,0.0023045167299558557,-0.0024725431311168958,0.008626564099662922,0.0004515235147687126,0.4750000000000001,0.00577718131802772,0.003921577827418945,497,1.0,False,0.9703016241299304,0.01166718998444771
1305504,DES,1488,12,0.49566,22.8923,0.117866,1.0,36.0584,-5.1646,,False,False,True,0.002705637153404836,-0.0032029615821181807,-0.0015937991181489018,-0.0016091624639692774,0.003914591815115769,0.007139796704010342,0.4750000000000001,0.005908598735523017,0.004033541749387254,497,1.0,False,0.9211229946524064,0.03739461070038963
03D1ax,SNLS,1489,12,0.49579,22.8287,0.151559,1.0,36.0972,-4.7207,,False,False,True,0.006682475075824104,0.0007713565373107653,-0.002364990524980101,0.003136347062290867,0.0038738701008582473,-0.0015943147175973508,0.4750000000000001,0.005911118538513339,0.004035688550250954,497,1.0,False,0.9675925925925926,-0.026879179429715738
1337272,DES,1493,12,0.50282,22.908,0.216875,1.0,34.1284,-5.6806,,False,False,True,0.004335488310162712,-0.0017118934208273139,0.0009657739909380309,-0.002677667411765344,0.0007898676722689752,0.0039121823525368575,0.5250000000000001,0.0060473817309900256,0.004151780935418685,497,1.0,False,0.3727810650887574,0.048520519577625876
03D1au,SNLS,1496,12,0.50316,22.8914,0.227088,1.0,36.0432,-4.0375,,False,False,True,0.002654716864782413,-0.003399255120182303,-0.0007104420122999917,-0.0026888131078823107,0.006993144858455075,0.0075526274778632725,0.5250000000000001,0.006053971984964716,0.0041573956453698985,497,1.0,False,0.5028997514498758,0.03018220235071628
04D1pg,SNLS,1505,12,0.51387,23.0037,0.358645,1.0,36.7673,-4.1753,,False,False,True,0.012484643207404056,0.006223078222236593,-0.0010963783197832358,0.0073194565420198286,0.009458000210402202,-0.013551372245635681,0.5250000000000001,0.006261564985167463,0.004334259008833114,497,1.0,False,0.9730082716586852,0.08828245685991537
1334470,DES,1509,12,0.51883,22.9419,0.248961,1.0,35.0537,-4.9472,,False,False,True,0.0043039590850552124,-0.0020537460757430286,0.00036724262618773864,-0.0024209887019307668,0.010371414536452288,0.004564719418270219,0.5250000000000001,0.006357705160798241,0.0044161677187096356,497,1.0,False,0.9614035087719298,0.0017403722731549887
310260,PS1MD,1510,12,0.51885,22.9294,0.207812,1.0,36.1689,-5.1043,,False,False,True,0.009401235253752332,0.0030431424309555807,-0.002006542569969092,0.0050496850009246735,0.012702449213427915,-0.006642410738997321,0.5250000000000001,0.006358092822796752,0.004416497995765589,497,1.0,False,0.8831168831168831,-0.010858943146426825
1322229,DES,1515,12,0.5262,22.9172,0.221632,1.0,35.9264,-4.0189,,False,False,True,0.006320072965803203,-0.00018150220870929643,0.0026088258174013714,-0.002790328026110667,0.01659586573109709,0.0002936604756452847,0.5250000000000001,0.0065015751745125,0.004535829684068947,497,1.0,False,0.36230706742485785,-0.05931567637756113
05D1ee,SNLS,1539,12,0.55782,23.1859,0.193312,1.0,36.1948,-4.0005,,False,False,True,0.0011484812076948357,-0.005992774133840871,-0.002808596638100408,-0.0031841774957404633,0.0004783226583356743,0.013303968104934373,0.5750000000000002,0.007141255341535707,0.005004108540365471,497,1.0,False,0.498948254101809,0.05032119046426935
05D1kl,SNLS,1540,12,0.55882,23.4801,0.382347,1.0,36.1397,-4.319,,False,False,True,0.006972854232509117,-0.00018863134833788705,0.001257070034150408,-0.0014457013824882947,0.014606255991270384,0.0004331862110361871,0.5750000000000002,0.007161485580847004,0.005018918118363463,497,1.0,False,0.9496587030716723,0.33988709689138724
04D1hx,SNLS,1541,12,0.55882,23.0445,0.35519,1.0,36.1771,-4.7903,,False,False,True,0.002682167392628068,-0.004479318188218936,-0.002191953326876454,-0.0022873648613424818,0.001552668838355814,0.010010816709727527,0.5750000000000002,0.007161485580847004,0.005018918118363463,497,0.975,False,0.9202867988190637,-0.09571290310861365
1303952,DES,1543,12,0.56269,23.3486,0.263864,1.0,35.8718,-6.9219,,False,False,True,0.003040632075582902,-0.004199144531398821,-0.002222877491886977,-0.0019762670395118446,0.010880660705479708,0.009280320070582888,0.5750000000000002,0.007239776606981723,0.005076231185215696,497,1.0,False,0.0,0.1905266816754743
05D1cc,SNLS,1544,12,0.56283,23.1766,0.233154,1.0,36.6299,-4.1648,,False,False,True,0.004409478265820618,-0.002833130574664688,-0.0014171964977029343,-0.0014159340769617536,0.006826354918742058,0.006380226983715889,0.5750000000000002,0.007242608840485306,0.005078304526135414,497,1.0,False,0.9658997534921939,0.017882746382901254
1338278,DES,1547,12,0.56437,23.1439,0.295284,1.0,34.43,-4.976,,False,False,True,0.002092344145984394,-0.005181419263040308,-0.003435422094040019,-0.0017459971690002895,0.006011342653795779,0.011514432756927106,0.5750000000000002,0.007273763409024702,0.005101111276252322,497,1.0,False,0.9295977011494253,-0.02189056698090504
05D1dn,SNLS,1548,12,0.56481,23.2343,0.190849,1.0,36.111,-4.9916,,False,False,True,0.0351081686989899,0.02782550398466823,0.006567323824446336,0.02125818016022189,0.02889584303560823,-0.06238393649034965,0.5750000000000002,0.007282664714321674,0.005107627490571439,497,1.0,False,0.9206698986337594,0.06649183730446388
05D1dx,SNLS,1557,12,0.57882,23.1742,0.212684,1.0,36.9458,-4.0325,,False,False,True,0.00372718429241705,-0.0038376360203876644,-0.0007686411585101525,-0.0030689948618775123,0.014964525031353407,0.008394501507822515,0.5750000000000002,0.007564820312804714,0.005295489009890302,497,1.0,False,0.5971001757469244,-0.057085164932901125
03D1aw,SNLS,1561,12,0.5808,23.4531,0.238297,1.0,36.0616,-4.5172,,False,False,True,0.011778116896272811,0.0041738990100115975,0.00742380048125395,-0.0032499014712423524,0.010667422604860144,-0.009014195230380544,0.5750000000000002,0.007604217886261214,0.005314642099065235,497,1.0,False,0.9328223624887286,0.2129612957161118
04D1jg,SNLS,1562,12,0.58301,23.2878,0.165845,1.0,36.5523,-4.1348,,False,False,True,0.0020434351217647256,-0.005604756823758543,-0.0032737540259078204,-0.002331002797850724,0.006180464721537449,0.01245448756905309,0.5750000000000002,0.0076481919455232686,0.005336020042033218,497,1.0,False,0.9378280177634235,0.03781300933645575
04D1kj,SNLS,1564,12,0.58382,23.2235,0.196641,1.0,36.9694,-4.1803,,False,False,True,0.008395013859549645,0.0007307047248850803,-0.0018730942267220843,0.0026037989516071638,0.010905144858076537,-0.0014894155697946047,0.5750000000000002,0.0076643091346645644,0.00534385539669569,497,1.0,False,0.961250550418318,-0.030087690392329242
04D1sa,SNLS,1565,12,0.58382,23.3959,0.182769,1.0,36.984,-4.1761,,False,False,True,0.010590731280411667,0.0029264221457471025,-0.002696715538655241,0.005623137684402342,0.006138796317364309,-0.006200810394810758,0.5750000000000002,0.0076643091346645644,0.00534385539669569,497,1.0,False,0.9513415188722146,0.1423123096076704
05D1hm,SNLS,1567,12,0.58582,23.454,0.371991,1.0,36.9426,-4.7173,,False,False,True,0.0016722542061814991,-0.006031850457227005,-0.003871210842279443,-0.0021606396149475623,0.008372168640108014,0.013351228352548976,0.5750000000000002,0.007704104663408503,0.005363201951417845,497,1.0,False,0.8914903196758217,0.1915419231612663
04D1oh,SNLS,1569,12,0.58879,23.2491,0.218369,1.0,36.2598,-4.2362,,False,False,True,0.009937915168649097,0.002174714145055839,0.002388657521372183,-0.0002139433763163447,0.01590349857643722,-0.004805349616868175,0.5750000000000002,0.0077632010235932575,0.005391931585180248,497,1.0,False,0.9746233148295004,-0.026477794265887773
1338233,DES,1573,12,0.60155,23.5032,0.393855,1.0,35.1227,-5.5293,,False,False,True,0.0028773737279125687,-0.0051397227690670256,-0.001804492752331032,-0.0033352300167359956,0.008324867996361679,0.011448683503225799,0.6250000000000002,0.008017096496979594,0.0055153626043076,497,1.0,False,0.5307625649913345,0.16251215022528792
1335564,DES,1575,12,0.60626,23.3628,0.273748,1.0,35.1281,-6.4465,,False,False,True,0.006150352195012269,-0.0019604627721593057,0.0012162537832263775,-0.003176716555385686,0.0017624935071165727,0.0045802873209209,0.6250000000000002,0.008110814967171575,0.005560923740678276,497,1.0,False,0.0,0.0018489771086135955
1332413,DES,1578,12,0.60878,23.3649,0.229166,1.0,36.2749,-5.853,,False,False,True,0.011374902814253789,0.0032139454808648507,-0.0036010584234668725,0.006815003904331722,0.016593106266092297,-0.00703139846362404,0.6250000000000002,0.008160957333388938,0.005585300399628192,497,1.0,False,0.0,-0.006831157549805952
1295305,DES,1582,12,0.61177,23.448,0.162208,1.0,36.2434,-4.2509,,False,False,True,0.01165231914711683,0.0034318674982557022,0.005330308191240269,-0.0018984406929845707,0.004400793832616765,-0.007249664482079459,0.6250000000000002,0.008220451648861128,0.005614223498937815,497,1.0,False,0.976078431372549,0.06353298191768725
05D1ck,SNLS,1583,12,0.61577,23.4555,0.346221,1.0,36.1035,-4.7128,,False,False,True,0.03435577675545563,0.026055734049106622,-0.0033021913525174587,0.029357925401624078,0.015095730885934047,-0.05778074902072158,0.6250000000000002,0.008300042706349011,0.005652916608382127,497,1.0,False,0.9664804469273743,0.05408723222715944
1308957,DES,1584,12,0.61875,23.4634,0.387817,1.0,35.1339,-6.624,,False,False,True,0.003321846572129658,-0.0050374914720478225,-0.0021030838179320346,-0.002934407654115791,0.0017620143865837105,0.01131004007263931,0.6250000000000002,0.00835933804417748,0.0056817429749181384,497,1.0,False,0.0,0.0494305372845984
05D1cb,SNLS,1591,12,0.63077,23.4102,0.201051,1.0,36.7377,-4.1176,,False,False,True,0.010800690046858491,0.0021931945111872235,-0.0034673281753761147,0.005660522686563334,0.017227001615410385,-0.004816979370700223,0.6250000000000002,0.008607495535671267,0.005828262381968213,497,1.0,False,0.8954602249062891,-0.05384033869122168
1330642,DES,1594,12,0.63399,23.3442,0.145119,1.0,37.0406,-4.0471,,False,False,True,0.008254200361823292,-0.000422380895619915,0.0010563862541826397,-0.0014787671498025577,0.008287599436946236,0.0011741946643909693,0.6250000000000002,0.008676581257443207,0.005876289727515795,497,1.0,False,0.643621766280107,-0.13309939894517858
04D1pu,SNLS,1595,12,0.63777,23.2768,0.442055,1.0,36.8686,-4.7449,,False,False,True,0.003213859851585732,-0.005543822035763663,-0.00341561620318657,-0.0021282058325770956,0.015974139545352144,0.012159213124962194,0.6250000000000002,0.008757681887349395,0.005932669654897738,497,1.0,False,0.9163346613545816,-0.21598276392422538
1337325,DES,1598,12,0.63873,23.5274,0.26025,1.0,35.135,-4.6525,,False,False,True,0.009923678419219557,0.0011453995464971584,-0.0029064182418659466,0.004051817788363103,0.01662706106706966,-0.0024922625719342624,0.6250000000000002,0.008778278872722398,0.005946988366613788,497,1.0,False,0.9888705688375927,0.030698879166811636
1338266,DES,1605,12,0.64852,23.7867,0.271027,1.0,34.905,-5.8691,,False,False,True,0.00711867582279544,-0.0018696493903453725,0.0001599707660706719,-0.002029620156416046,0.006630484913125755,0.004381457281702314,0.6250000000000002,0.008988325213140812,0.006093009395468085,497,1.0,False,0.0,0.2503573410298278
04D1sk,SNLS,1608,12,0.66213,23.7263,0.278466,1.0,36.0949,-4.3536,,False,False,True,0.01566986609461669,0.0063895357034274,0.009852334917375749,-0.00346279921394835,0.022303415291851113,-0.014222583740572524,0.6750000000000002,0.00928033039118929,0.006296006964692497,497,1.0,False,0.9444444444444444,0.09301044637775933
03D1co,SNLS,1611,12,0.67773,23.9721,0.310626,1.0,36.5677,-4.9351,,False,False,True,0.010030394787567651,0.0004172045921668546,0.003575137156320754,-0.0031579325641538985,0.011231983944783861,-0.0006645574685683053,0.6750000000000002,0.009613190195400797,0.006508334326290464,497,1.0,False,0.9542670477746019,0.278012699323119
05D1ke,SNLS,1615,12,0.68872,23.5607,0.224893,1.0,36.6929,-4.8625,,False,False,True,0.0036069496825339264,-0.0062346210421384,-0.0026554089020020847,-0.003579212140136316,0.004743262473729486,0.014009930507370014,0.6750000000000002,0.009841570724672326,0.006590325091079794,497,1.0,False,0.9603796945934792,-0.17541953533469182
04D1si,SNLS,1626,12,0.7007,23.664,0.221555,1.0,36.2033,-4.569,,False,False,True,0.0019068176100821054,-0.0081837065941783,-0.00394373845552308,-0.0042399681386552195,0.005357398293799857,0.0182766798058284,0.7250000000000002,0.010090524204260404,0.006679701739139503,497,1.0,False,0.9542697153523099,-0.056082542834035805
1331993,DES,1632,12,0.71968,23.9108,0.202759,1.0,35.9718,-4.4593,,False,False,True,0.005237130401290673,-0.005247812587826302,-0.0018001151840303167,-0.003447697403795985,0.005734543951230592,0.01190268712865297,0.7250000000000002,0.010484942989116975,0.006821301804262478,497,1.0,False,0.9624413145539906,0.12077037143390756
04D1aj,SNLS,1633,12,0.71969,23.717,0.34116,1.0,36.4748,-4.9946,,False,False,True,0.022624190949331525,0.012139040152635594,0.012065612092840516,7.342805979507466e-05,0.03505378645741851,-0.027730002904553314,0.7250000000000002,0.010485150796695932,0.006821376409143998,497,1.0,False,0.9392931392931393,-0.07306601219261422
1304127,DES,1638,12,0.72866,23.752,0.282209,1.0,35.1805,-6.9511,,False,False,True,0.009976874543117603,-0.0006984059732889035,0.0029266374571068733,-0.003625043430395777,0.011555754655555027,0.0018462377076109912,0.7250000000000002,0.010675280516406507,0.006897511929261952,497,1.0,False,0.0,-0.07050783619786782
04D1pp,SNLS,1641,12,0.73368,23.7315,0.194032,1.0,36.302,-4.7016,,False,False,True,0.012192001399711027,0.0014072905132681574,0.001042834360184367,0.0003644561530837904,0.010889916703778734,-0.0027529147058450963,0.7250000000000002,0.01078471088644287,0.006947602652408832,497,1.0,False,0.9307974335472043,-0.10899632832861383
05D1eo,SNLS,1644,12,0.73568,23.9277,0.255688,1.0,36.3464,-4.6427,,False,False,True,0.013484947656768912,0.0026566390133394447,-0.0051521833577732766,0.007808822371112721,0.01911888817257795,-0.0057769053323044085,0.7250000000000002,0.010828308643429468,0.0069675591158139625,497,1.0,False,0.9425022999080037,0.08006994036437975
05D1if,SNLS,1657,12,0.76165,23.878,0.238347,1.0,36.1239,-4.5703,,False,False,True,0.006397987805387528,-0.004996437712512928,-0.0003798168476971649,-0.004616620864815764,0.008068545060240502,0.01140252168458602,0.7750000000000002,0.011394425517900457,0.007226693793129595,497,1.0,False,0.947539461467038,-0.03781793771625064
04D1qd,SNLS,1658,12,0.76566,23.9839,0.223812,1.0,36.6378,-4.1072,,False,False,True,0.012035588691516247,0.0005537496708576603,-0.004784282394329181,0.005338032065186839,0.0276267859257033,-0.0015311903960760452,0.7750000000000002,0.011481839020658587,0.007266706502256883,497,1.0,False,0.8678485092667204,0.05430279741694943
04D1de,SNLS,1659,12,0.76666,24.1694,0.2487,1.0,36.6496,-4.4226,,False,False,True,0.012193063639517455,0.0006894257403655697,0.001938953876778485,-0.0012495281364129172,0.00910072673903956,-0.0010812546434678418,0.7750000000000002,0.011503637899151885,0.007276684733959449,497,1.0,False,0.9769681742043551,0.23637743522130816
04D1pc,SNLS,1662,12,0.76865,24.0399,0.310504,1.0,36.6037,-4.3994,,False,False,True,0.005429521749534754,-0.006117495917818798,-0.0023248748512229396,-0.0037926210665958603,0.008457678856822267,0.013848936819804288,0.7750000000000002,0.011547017667353552,0.0072965414150475555,497,1.0,False,0.9890350877192983,0.10007379236719882
04D1ks,SNLS,1669,12,0.79662,23.6496,0.371115,1.0,36.0396,-4.9787,,False,False,True,0.011150009706156889,-0.0010150431003051116,-0.004053240393817019,0.0030381972935119086,0.01044445913601572,0.002688329030614625,0.7750000000000002,0.012165052806462,0.0076022858214995805,497,1.0,False,0.9365148861646234,-0.3840913126039165
03D1fq,SNLS,1670,12,0.79863,24.1808,0.286876,1.0,36.7319,-4.3022,,False,False,True,0.008925258067660579,-0.003284384037781935,-0.0023082916158390955,-0.0009760924219428405,0.021310986358298842,0.007275526816506915,0.7750000000000002,0.012209642105442514,0.007624820007282783,497,1.0,False,0.9786212914485166,0.1404867750725327
SCP05D0,SNAP,1676,12,1.01242,24.8647,0.36609,1.0,35.4253,-3.3648,,False,True,True,0.013154854825671355,-0.003851731808582653,0.0029915973762657602,-0.0068433291848484104,0.01819799788143354,0.009100258128142372,1.0250000000000004,0.017006586634254008,0.010195566592084603,497,1.0,False,0.0,-0.13516633040617976
SCP05D6,SNAP,1687,12,1.31317,25.5337,0.315195,1.0,35.4437,-3.3823,,False,True,True,0.02695063306961367,0.003912263929416408,-0.0045946758839881564,0.008506939813404571,0.0166542849848861,-0.007431593659857641,1.3250000000000006,0.023038369140197263,0.013687092118088107,497,1.0,False,0.0,-0.015334670633196351
100405,PS1MD,744,3,0.10294,18.9285,0.184283,1.0,53.6285,-27.3206,,False,False,True,2.7652296007099507e-05,-0.0004264720437368373,-0.0003781037198179552,-4.8368323918882055e-05,0.00028139885968045175,0.0009303940046324887,0.125,0.0004541243397439368,0.0002839454597793739,497,1.0,False,0.8062654575432812,-0.10758517358322467
090275,PS1MD,804,3,0.13955,19.7683,0.143245,1.0,54.0721,-28.0515,,False,False,True,0.0006537439715484811,-2.9988950803082857e-05,-0.0004948689832106494,0.00046488003240756647,6.6038703593755e-05,6.290266187967053e-05,0.125,0.000683732922351564,0.00042998762144276894,497,1.0,False,0.9645075421472937,0.02297004094083005
440008,PS1MD,816,3,0.14652,19.905,0.185624,1.0,52.6735,-28.8632,,False,False,True,0.0032676581809206267,0.00247393406813778,-0.0005243874265853873,0.0029983214947231674,0.00023672702519354633,-0.005387725751938342,0.125,0.0007937241127828466,0.0004999473373736186,497,1.0,False,0.9830004249893752,0.04488852990658626
1316385,DES,817,3,0.14737,19.7624,0.19564,1.0,53.526,-27.6321,,False,False,True,8.26151076859852e-05,-0.0007245225649055544,-0.0005585570332807005,-0.0001659655316248539,7.992607000759089e-05,0.001585425397042521,0.125,0.0008071376725915396,0.0005084790100481125,497,1.0,False,0.9778270509977827,-0.11135715545655972
1299775,DES,843,3,0.16004,19.7898,0.269298,1.0,53.4389,-29.6767,,False,False,True,0.00038087559330140727,-0.00062620302373265,-0.0005329061280426984,-9.329689568995155e-05,0.000785002553723082,0.0013759205997011831,0.17500000000000004,0.0010070786170340573,0.0006356511192079208,497,1.0,False,0.0,-0.25857939187222123
1303279,DES,863,3,0.1727,20.0146,0.149932,1.0,54.9068,-27.813,,False,False,True,0.00015436229892600305,-0.0010524994559645878,-0.0006865984283935273,-0.00036590102757106025,0.0005072584775998665,0.002306515484527122,0.17500000000000004,0.0012068617548905908,0.0007627228557480295,497,1.0,False,0.0,-0.21480955020447487
1347120,DES,884,3,0.17952,20.2979,0.279272,1.0,52.8899,-28.9121,,False,False,True,0.001473882120260554,0.00015764014251250734,0.0002600100754574056,-0.00010236993294489803,0.0010034854411410236,-0.0003242498549110135,0.17500000000000004,0.0013162419777480467,0.0008379629740812851,497,1.0,False,0.9912510936132983,-0.023958377908510395
1303496,DES,886,3,0.17975,20.3432,0.207177,1.0,53.8482,-29.5918,,False,False,True,0.0006419008399701433,-0.0006780600499147675,-0.0008268815962314953,0.00014882154631672785,0.002502171327979548,0.0014889106895995185,0.17500000000000004,0.0013199608898849108,0.0008406168492216658,497,1.0,False,0.0,0.018281265129281868
1339392,DES,896,3,0.18145,20.1423,0.233619,1.0,54.1245,-28.5698,,False,False,True,0.000273142597037405,-0.0010743059042938965,-0.0007451433589416591,-0.00032916254535223763,0.00017057990855648463,0.0023581053338957866,0.17500000000000004,0.0013474485013313016,0.0008602324480853523,497,1.0,False,0.9484251968503937,-0.20512626165084333
440643,PS1MD,921,3,0.18952,20.5094,0.237114,1.0,53.6036,-26.7739,,False,False,True,0.00019625638370186993,-0.0012816774260837691,-0.0008123386032683354,-0.00046933882281543365,0.000830354656644452,0.0028116325966251075,0.17500000000000004,0.001477933809785639,0.0009533488497500282,497,1.0,False,0.0,0.057738393969426274
1253920,DES,929,3,0.19553,20.4581,0.154272,1.0,54.6293,-27.0428,,False,False,True,0.00103564459422337,-0.0005394660066168628,-3.276990218573951e-05,-0.0005066961044311235,0.0009908293407543895,0.001201170931989193,0.17500000000000004,0.0015751106008402328,0.0010226957610269432,497,1.0,False,0.0,-0.06853856652495359
1302058,DES,938,3,0.19782,20.239,0.187234,1.0,53.3964,-29.1906,,False,False,True,0.00032427538116944996,-0.0012878626492073913,-0.0008532615928778518,-0.0004346010563295398,0.0012543472410622303,0.0028263805075229207,0.17500000000000004,0.0016121380303768412,0.0010491191265550853,497,1.0,False,0.2993258426966292,-0.3156442899311147
110460,PS1MD,945,3,0.19953,20.5981,0.252789,1.0,53.8448,-27.8403,,False,False,True,0.0001389590349024637,-0.0015008282987528066,-0.0010470755245948994,-0.00045375277415790724,0.0011812201014109766,0.0032917362538862002,0.17500000000000004,0.0016397873336552703,0.0010688501112944408,497,0.925,False,0.9819277108433735,0.022739035355001894
1283373,DES,966,3,0.20751,20.8195,0.146505,1.0,54.9467,-26.7304,,False,False,True,0.0002988230127643909,-0.0014699944028568781,-0.0009200207507162413,-0.0005499736521406369,0.0016958347473885063,0.0032278919923560447,0.22500000000000003,0.001768817415621269,0.0011609280400780976,497,1.0,False,0.0,0.14323269961024482
1257366,DES,978,3,0.21134,20.8885,0.264746,1.0,53.8996,-26.9693,,False,False,True,0.000716315133952306,-0.0011144302533393612,-0.0010498526802181286,-6.4577573121233e-05,0.00233903835607123,0.0024554180899900822,0.22500000000000003,0.0018307453872916672,0.0012051208304592266,497,1.0,False,0.0,0.1680483637368832
1249851,DES,986,3,0.21507,20.6295,0.477123,1.0,55.218,-29.4,,False,False,True,0.0003741415669806673,-0.0015169148736610223,-0.0008986052525297766,-0.0006183096211312458,0.000771303228819967,0.003335601087102722,0.22500000000000003,0.0018910564406416895,0.0012481597620836679,497,1.0,False,0.0,-0.13327348043324233
100206,PS1MD,989,3,0.2165,20.5723,0.138936,1.0,52.5182,-28.2567,,False,False,True,0.00020183911719071898,-0.001712339255432346,-0.0010692519649254423,-0.000643087290506904,0.0006284373764233597,0.0037609898861977738,0.22500000000000003,0.001914178372623065,0.001264659942304298,497,1.0,False,0.91921726041144,-0.20651829111696057
1290816,DES,994,3,0.21845,20.9686,0.202626,1.0,54.1725,-27.84,,False,False,True,0.0005216361329292488,-0.001424072146941147,-0.001228807710197044,-0.00019526443674410356,0.0034767885994283028,0.0031239193685234706,0.22500000000000003,0.0019457082798703957,0.001287160188059703,497,1.0,False,0.972457627118644,0.16806018781210968
1304678,DES,995,3,0.21881,20.8886,0.24612,1.0,54.8701,-27.6439,,False,False,True,0.0005876912201061677,-0.0013638379657175813,-0.0006982339313355626,-0.000665604034382019,0.0024797035215995563,0.002999465804200737,0.22500000000000003,0.001951529185823749,0.0012913140795837777,497,1.0,False,0.0,0.08406974524944405
1302187,DES,999,3,0.21941,20.7518,0.20721,1.0,52.1619,-27.1421,,False,False,True,0.00032450486023720583,-0.0016367258355087988,-0.0009753885327359518,-0.0006613373027728471,8.519631273683719e-05,0.0035985829308412703,0.22500000000000003,0.0019612306957460046,0.0012982372321239024,497,1.0,False,0.966900702106319,-0.05936747562934369
1304442,DES,1013,3,0.22449,20.8763,0.195353,1.0,52.1631,-28.1083,,False,False,True,0.0001977093247880895,-0.0018456608216330123,-0.001148913903423806,-0.0006967469182092068,0.0008085013212815225,0.0040542293102256936,0.22500000000000003,0.002043370146421102,0.001356853256963624,497,1.0,False,0.9775853285787061,0.009602609843416047
000006,PS1MD,1027,3,0.23041,21.0532,0.258704,1.0,53.3665,-28.3715,,False,False,True,0.0001646896978233039,-0.001992846514307043,-0.00139453345649894,-0.0005983130578081032,0.001218133629146732,0.004375235596497256,0.22500000000000003,0.002157536212130347,0.0014398253231647001,497,1.0,False,0.9954841946813848,0.12324236284415963
110536,PS1MD,1040,3,0.23472,20.9382,0.326877,1.0,54.3325,-26.9017,,False,False,True,0.0005602142841616295,-0.0016817053404653282,-0.0009474724610829387,-0.0007342328793823895,0.000692794676321375,0.003703773132779567,0.22500000000000003,0.0022419196246269576,0.0015012387494116302,497,1.0,False,0.0,-0.03687269419051359
470008,PS1MD,1053,3,0.2395,20.6529,0.206653,1.0,53.0828,-29.0138,,False,False,True,0.001231805761667889,-0.0011036991789065852,-0.0005452381499369151,-0.0005584610289696705,0.0011132391842665114,0.0024505859537557965,0.22500000000000003,0.002335504940574474,0.0015693492314209866,497,1.0,False,0.9628406275805119,-0.3713182210068238
460064,PS1MD,1058,3,0.24151,20.8684,0.182146,1.0,53.7742,-26.7649,,False,False,True,0.00033327651716167717,-0.0020415812445539077,-0.0012240472286071684,-0.0008175340159467398,0.0013811507408601304,0.0044887118664548795,0.22500000000000003,0.002374857761715585,0.0015979898315964692,497,1.0,False,0.0,-0.17621305765172562
1330426,DES,1113,3,0.25952,21.189,0.167819,1.0,53.9704,-28.6924,,False,False,True,0.0005874145511084014,-0.002140052319438728,-0.0015149690520824906,-0.0006250832673562376,0.001352200212052947,0.0047152165747579135,0.275,0.0027274668705471296,0.0018546153087907178,497,1.0,False,0.6348,-0.036912464654458924
110478,PS1MD,1130,3,0.2646,21.2623,0.196115,1.0,53.5803,-27.5689,,False,False,True,0.000741241739789901,-0.0020856840020989417,-0.0010957736362209227,-0.0009899103658780194,0.0009060673566108234,0.004601278025572849,0.275,0.0028269257418888426,0.0019270005072441767,497,1.0,False,0.9795117698343505,-0.011220053418148761
1309288,DES,1136,3,0.26791,21.2573,0.200253,1.0,54.6449,-29.1944,,False,False,True,0.0005935445823437696,-0.002298186054061031,-0.0012158399678066504,-0.001082346086254381,0.0022400658133810997,0.005060991198619476,0.275,0.0028917306364048007,0.0019741648786774334,497,1.0,False,0.0,-0.046786759460114305
100213,PS1MD,1149,3,0.27509,21.5239,0.237894,1.0,53.0671,-27.1943,,False,False,True,0.0008582129554107884,-0.002173902269550791,-0.0011052233047053246,-0.0010686789648454667,0.002451718789588386,0.004793974026933727,0.275,0.0030321152249615795,0.0020763609018149922,497,1.0,False,0.9758981355161437,0.15469228851134267
1297465,DES,1155,3,0.27782,21.6657,0.175971,1.0,51.7953,-27.8221,,False,False,True,7.561265613240041e-05,-0.0030042137497391444,-0.0018536438120980473,-0.0011505699376410975,0.00054118950715513,0.006606096205336947,0.275,0.0030798264058715446,0.0021118577119097286,497,1.0,False,0.7862823061630219,0.2721439351780833
350180,PS1MD,1181,3,0.28949,21.7235,0.254687,1.0,53.4627,-28.1376,,False,False,True,0.006818973835633247,0.003535195238838884,0.00469374994966288,-0.0011585547108239967,0.004160144450008168,-0.0076699215892599894,0.275,0.0032837785967943633,0.00226359682319382,497,0.9,False,0.9920582395764395,0.2282968278402651
120444,PS1MD,1205,3,0.29945,21.7683,0.194112,1.0,51.682,-27.9362,,False,False,True,0.00025873208281689404,-0.0031991136794951437,-0.0019220429798339047,-0.0012770706996612395,0.0014117970479675455,0.007043639201063573,0.275,0.003457845762312038,0.0023931016688141754,497,1.0,False,0.4651898734177215,0.18930035385790325
460037,PS1MD,1212,3,0.30251,21.6364,0.223122,1.0,54.727,-27.5411,,False,False,True,0.0011662987823110294,-0.002345025446515475,-0.0010277068659306438,-0.0013173185805848316,0.003136196276362558,0.005184182474635653,0.32500000000000007,0.0035113242288265043,0.0024328893021071762,497,1.0,False,0.10959507042253522,0.0018645463516900537
1335717,DES,1218,3,0.30476,21.7881,0.241296,1.0,52.8599,-28.3531,,False,False,True,0.0023463103054833043,-0.0012043363251920724,-0.0002080127910342438,-0.0009963235341578286,0.005026860622478014,0.002688449541543198,0.32500000000000007,0.0035506466306753767,0.0024621449148226177,497,1.0,False,0.9948207171314741,0.13516556841052427
440005,PS1MD,1222,3,0.30548,21.7511,0.224608,1.0,52.9893,-28.8836,,False,False,True,0.003516348693884311,-4.688110538270465e-05,0.0009914054089041639,-0.0010382865142868688,0.0029399380487370864,0.00018564168478958296,0.32500000000000007,0.0035632297992670156,0.002471506710891559,497,1.0,False,0.9816160752458315,0.09230444607267749
1319821,DES,1229,3,0.30878,21.7424,0.150006,1.0,53.3579,-29.4719,,False,False,True,0.005734827566725845,0.0021139249114138156,0.00019765868167003538,0.0019162662297437798,0.004418946787105486,-0.004540212679635261,0.32500000000000007,0.003620902655312029,0.0025144149428742075,497,1.0,False,0.0,0.05690353153006774
1337687,DES,1275,3,0.32868,21.8186,0.148043,1.0,55.0471,-26.9756,,False,False,True,0.002199603982179923,-0.0017734789104433086,-0.00026401429065523244,-0.0015094646197880764,0.003688206784992864,0.0039535686091969535,0.32500000000000007,0.003973082892623232,0.002782278298197721,497,1.0,False,0.0,-0.022521883894356533
1316465,DES,1278,3,0.32907,21.8036,0.16293,1.0,52.7975,-27.9593,,False,False,True,0.0008610776682531149,-0.0031192869283103307,-0.0015881409863783926,-0.0015311459419319385,0.004024725816819173,0.006876871568875681,0.32500000000000007,0.0039803645965634455,0.0027883151266253816,497,1.0,False,0.9128014842300557,-0.04048374383693735
1306141,DES,1293,3,0.33237,21.724,0.156927,1.0,54.8978,-28.9108,,False,False,True,0.030735188132076176,0.026693209117557064,0.027834625915378657,-0.001141416797821594,0.005737292274312602,-0.058927734340920995,0.32500000000000007,0.0040419790145191144,0.0028393959825517524,497,1.0,False,0.0,-0.1450162809622956
1309492,DES,1295,3,0.3335,21.7495,0.139304,1.0,53.3008,-28.0249,,False,False,True,0.0041849043387817515,0.00012182705387175658,0.001004391541447961,-0.0008825644875762044,0.006610805970618969,-0.00020955127017757702,0.32500000000000007,0.004063077284909995,0.002856887305944722,497,0.825,True,0.9404888416578109,-0.12800110073580875
1346956,DES,1296,3,0.3335,21.7836,0.174041,1.0,54.3435,-28.8264,,False,False,True,0.0005299971343257877,-0.003533080150584207,-0.002362242129711432,-0.001170838020872775,0.0011662648493035645,0.0077970631839116315,0.32500000000000007,0.004063077284909995,0.002856887305944722,497,1.0,False,0.12095323741007194,-0.09390110073581007
1346966,DES,1299,3,0.3351,21.7712,0.175867,1.0,55.3407,-29.1493,,False,False,True,0.006348897300103451,0.0022559463580028296,-0.002322093246565624,0.0045780396045684525,0.007197247321281597,-0.00487522140624045,0.32500000000000007,0.004092950942100621,0.002881653781545386,497,1.0,False,0.0,-0.11826956224787857
470015,PS1MD,1301,3,0.33749,21.9148,0.277342,1.0,54.1486,-28.6251,,False,False,True,0.0020397119214974036,-0.0020978627960317174,-0.001584009323519062,-0.000513853472512656,0.0015401301049764236,0.0046724040078379644,0.32500000000000007,0.004137574717529121,0.0029186487044738792,497,1.0,False,0.8061104582843713,0.007550794754958533
1300912,DES,1304,3,0.33778,21.9007,0.232298,1.0,52.0379,-27.5329,,False,False,True,0.0004251426712714327,-0.003717846646623489,-0.002162924656186424,-0.0015549219904370656,0.0012863393526675434,0.008202251359556474,0.32500000000000007,0.004142989317894922,0.0029231376281764997,497,1.0,False,0.9765411893071467,-0.008698625431261688
580276,PS1MD,1306,3,0.33848,21.8601,0.198585,1.0,53.5214,-28.8077,,False,False,True,0.0028186014998500043,-0.001337457543065816,-6.782394592676688e-05,-0.00126963359713905,0.005909397982106637,0.002981061842611968,0.32500000000000007,0.00415605904291582,0.00293397296125179,497,1.0,False,0.25992961287078936,-0.05447984429466183
1343337,DES,1307,3,0.33897,21.8025,0.355487,1.0,54.5592,-28.7099,,False,False,True,0.0011033396042951155,-0.003061868246135335,-0.00182729750369138,-0.0012345707424439552,0.006790728296212477,0.006729760967756041,0.32500000000000007,0.004165207850430451,0.002941557694404493,497,1.0,False,0.37557125051931867,-0.11570079316111795
1346387,DES,1312,3,0.34446,22.0551,0.150058,1.0,52.695,-28.6493,,False,False,True,0.008142668880813836,0.0038749570441480464,0.003945660049352753,-7.070300520470763e-05,0.004014146080105633,-0.00845750422891432,0.32500000000000007,0.004267711836665789,0.0030265376638092733,497,1.0,False,0.9986541049798116,0.09665810356363344
350606,PS1MD,1313,3,0.34448,22.0384,0.297982,1.0,54.2033,-26.7605,,False,False,True,0.0022316794291610672,-0.0020364058282196047,-0.0022924034813278354,0.00025599765310823047,0.006553797057858,0.004488346992457868,0.32500000000000007,0.004268085257380672,0.003026847244754282,497,1.0,False,0.0,0.07981259547643269
470110,PS1MD,1315,3,0.34545,21.9503,0.228622,1.0,52.0706,-28.6233,,False,False,True,0.005985127105455109,0.0016989309434026203,-0.00012659549506022433,0.0018255264384628442,0.01139474214749309,-0.003731542591860197,0.32500000000000007,0.0042861961620524885,0.0030418619205871836,497,1.0,False,0.9312883435582822,-0.01533516431157659
440185,PS1MD,1326,3,0.34949,21.8996,0.204053,1.0,54.3495,-28.44,,False,False,True,0.001524265445941577,-0.0028373617005172454,-0.0015235996969838652,-0.0013137620035333808,0.001712588611520075,0.006292826476730614,0.32500000000000007,0.004361627146458822,0.0031043972714788625,497,1.0,False,0.9943227899432279,-0.09519278427939462
1248677,DES,1328,3,0.35015,21.9337,0.144515,1.0,53.6462,-28.127,,False,False,True,0.00024171442083171217,-0.004132235609218245,-0.002601958050072714,-0.0015302775591455307,0.0009015217585563947,0.009113361325107741,0.3750000000000001,0.004373950030049957,0.0031146134426641367,497,0.925,False,0.9918032786885246,-0.03530235282857313
1307830,DES,1341,3,0.35946,22.1683,0.152092,1.0,53.2945,-27.9578,,False,False,True,0.0007468869127371943,-0.003800890460090723,-0.00270084772008056,-0.0011000427400101628,0.005842303608396298,0.008368269825028285,0.3750000000000001,0.004547777372827917,0.0032587233725655026,497,0.85,True,0.9571713147410359,0.13339143141439896
1346137,DES,1347,3,0.36325,22.111,0.2134,1.0,53.2592,-26.8541,,False,False,True,0.00036758575575695444,-0.00425095484254126,-0.0026652948901058986,-0.0015856599524353618,0.0027323185510480887,0.009376905545132487,0.3750000000000001,0.004618540598298215,0.003317388961644577,497,1.0,False,0.0904997748761819,0.04971422260105036
1299643,DES,1370,3,0.37676,22.1625,0.152336,1.0,55.1026,-26.7221,,False,False,True,0.00972103916361236,0.004850109186018608,0.0066236066980691535,-0.001773497512050545,0.00772846142431392,-0.01054785217935972,0.3750000000000001,0.004870929977593753,0.0035239273008736433,497,1.0,False,0.0,0.009222018311533083
1299785,DES,1377,3,0.38129,22.2019,0.202337,1.0,53.9115,-28.3193,,False,False,True,0.019698325569798864,0.014742445971104268,0.016259388487383637,-0.0015169425162793698,0.004801827640697035,-0.03229619475942193,0.3750000000000001,0.0049558795986945955,0.003587397578820343,497,1.0,False,0.970325011775789,0.018461134674264974
580275,PS1MD,1380,3,0.38248,22.1196,0.263796,1.0,54.1391,-28.6139,,False,False,True,0.008916304955823906,0.0039381096729990675,0.0001262473738446305,0.0038118622991544374,0.005933062899951027,-0.00854020621189217,0.3750000000000001,0.0049781952828248386,0.003604070786492875,497,1.0,False,0.8397790055248618,-0.07170671866425231
1290779,DES,1388,3,0.38949,22.291,0.190269,1.0,54.7233,-27.9051,,False,False,True,0.0038648213301544694,-0.001244830209605668,0.000490128706355493,-0.001734958915961161,0.0037032641838768373,0.00284959626475754,0.3750000000000001,0.005109651539760137,0.0037022885896730883,497,0.975,False,0.19272908366533864,0.05380213649996441
1291794,DES,1390,3,0.3951,22.2147,0.20185,1.0,55.1693,-28.7119,,False,False,True,0.02315738389530921,0.017942529844649353,0.004296419606106973,0.01364611023854238,0.01676905031678338,-0.03969663270250426,0.3750000000000001,0.005214854050659856,0.003780890854415028,497,1.0,False,0.0,-0.05867421851078796
1333438,DES,1392,3,0.39944,22.4589,0.286551,1.0,52.3525,-28.9967,,False,False,True,0.0007935937042707028,-0.004502646959099452,-0.0024590964982626334,-0.0020435504608368195,0.0024534950312330088,0.009953592936627547,0.3750000000000001,0.005296240663370155,0.0038416990235736765,497,1.0,False,0.9648014440433214,0.15786525543263258
1308314,DES,1400,3,0.40646,22.4384,0.166642,1.0,53.4156,-28.9407,,False,False,True,0.0012450187991838411,-0.004182865647879008,-0.0023083071348141016,-0.001874558513064907,0.0017692300097352177,0.009272504427883858,0.42500000000000016,0.005427884447062849,0.003940056937742733,497,1.0,False,0.39345794392523364,0.06935136489686768
1289600,DES,1414,3,0.4196,22.6132,0.222992,1.0,52.0477,-27.8629,,False,False,True,0.00467507929703062,-0.000999215309251891,0.0006184580836413661,-0.0016176733928932568,0.0029434932786017607,0.0023444820661083655,0.42500000000000016,0.005674294606282511,0.0041241627770848156,497,1.0,False,0.9856938483547926,0.16337705456106744
1340454,DES,1416,3,0.41995,22.1864,0.293175,1.0,54.7539,-27.8432,,False,False,True,0.011581256938695748,0.0059003988959043414,0.007705664564647219,-0.0018052656687428774,0.01851836681507645,-0.013122325909660783,0.42500000000000016,0.005680858042791406,0.004129066661694384,497,1.0,False,0.09913793103448276,-0.26554209540643103
1306626,DES,1418,3,0.42088,22.3648,0.174351,1.0,54.8773,-27.239,,False,False,True,0.0030434843702916155,-0.002654813660937711,-0.0004350912126522195,-0.002219722448285493,0.006307918877672928,0.0059205890057951556,0.42500000000000016,0.0056982980312293265,0.0041420969836569515,497,1.0,False,0.0,-0.09276499513383017
1295256,DES,1448,3,0.44245,22.5993,0.17077,1.0,53.7194,-27.8328,,False,False,True,0.001440958739729521,-0.004671044432727878,-0.002342561563888005,-0.002328482868839874,0.0011594168087113428,0.010372096697844863,0.42500000000000016,0.006112003172457399,0.004401833349042438,497,0.85,True,0.9754232659748772,0.014467545338227816
1253039,DES,1462,3,0.45346,22.6333,0.141558,1.0,54.4186,-27.5274,,False,False,True,0.008217394651335261,0.0018931135573788732,0.004426318012338421,-0.002533204454959548,0.0076906950295822585,-0.003994117823455793,0.4750000000000001,0.006324281093956388,0.004529291063894901,497,1.0,False,0.8052120141342756,0.006381067200892042
1306360,DES,1464,3,0.45477,22.631,0.282863,1.0,53.6767,-26.487,,False,False,True,0.002717121043662234,-0.003632417459664153,-0.0014832198410378995,-0.0021491976186262538,0.0058422073005753705,0.008093576758760303,0.4750000000000001,0.006349538503326387,0.004544456332419581,497,1.0,False,0.0,-0.003289558601195287
310146,PS1MD,1479,3,0.47941,22.6165,0.202088,1.0,52.4866,-28.7419,,False,False,True,0.006194022343097693,-0.0006297584497927484,0.001272922774719262,-0.0019026812245120104,0.006731322847588673,0.0015483353976717181,0.4750000000000001,0.0068237807928904414,0.0048266253292056065,497,1.0,False,0.9845950704225352,-0.15284823814217952
1306537,DES,1480,3,0.47946,22.7577,0.197147,1.0,55.041,-27.5592,,False,False,True,0.01445881703400506,0.007634081609830982,-0.0031990557373870942,0.010833137347218077,0.018397834038418284,-0.016927170773570074,0.4750000000000001,0.006824735424174078,0.004827169269967715,497,1.0,False,0.0,-0.011915634981242042
1292145,DES,1486,3,0.49244,23.0253,0.334315,1.0,53.6305,-29.6489,,False,False,True,0.0071378738289409015,6.531612353495413e-05,0.00025805924714812807,-0.00019274312361317308,0.02155033592197974,-0.0004685703870316721,0.4750000000000001,0.007072557705405947,0.004968376291810809,497,1.0,False,0.0,0.18713700990433402
1343208,DES,1487,3,0.49499,22.8291,0.162788,1.0,52.8465,-28.5442,,False,False,True,0.009956599121463829,0.0028353552205924544,-0.00019957371293808073,0.0030349289335305342,0.0070143594650195805,-0.0060430997622643035,0.4750000000000001,0.007121243900871374,0.004996117270678288,497,1.0,False,0.9782790309106099,-0.022330146889873892
1343759,DES,1498,3,0.50615,22.8513,0.149287,1.0,51.979,-28.5644,,False,False,True,0.005988964861772791,-0.0013453527416061074,-0.0026614766882213,0.0013161239466151936,0.008871049995709248,0.0031081949581723087,0.5250000000000001,0.007334317603378899,0.005117524848780672,497,1.0,False,0.9310344827586207,-0.025157431791590412
450175,PS1MD,1511,3,0.51941,22.9908,0.313952,1.0,53.2864,-28.0844,,False,False,True,0.0019834271112163663,-0.005604058708582764,-0.004269092901058727,-0.001334965807524036,0.0024915551402275764,0.012480872661980816,0.5250000000000001,0.00758748581979913,0.005261777938891568,497,0.775,True,0.9550561797752809,0.04776168612974335
1322979,DES,1517,3,0.52937,23.0383,0.138414,1.0,52.0693,-28.0637,,False,False,True,0.012914809211012871,0.005132956089913146,0.008180973593218347,-0.003048017503305199,0.01682322788875209,-0.011311805163796915,0.5250000000000001,0.007781853121099726,0.005400424811011224,497,1.0,False,0.9532163742690059,0.046293984284152045
1337703,DES,1521,3,0.53225,22.7291,0.220331,1.0,54.8836,-26.7243,,False,False,True,0.07086318169893992,0.06302357072234466,-0.0016195035790360982,0.06464307430138075,0.011191263013225391,-0.1424019037852232,0.5250000000000001,0.007839610976595263,0.005451720639239648,497,1.0,False,0.0,-0.2769037141929183
1289656,DES,1527,3,0.53942,23.0808,0.24298,1.0,54.3017,-27.3554,,False,False,True,0.004202895115145795,-0.0037805088558602413,-0.0004471830838524201,-0.0033333257720078208,0.003322907682306201,0.008516587542885097,0.5250000000000001,0.007983403971006036,0.005579425878266662,497,1.0,False,0.691117984975696,0.04025543120890579
1324542,DES,1529,3,0.54152,23.277,0.240962,1.0,53.8952,-29.048,,False,False,True,0.003455247696327347,-0.004570271377644185,-0.002687860760193776,-0.00188241061745041,0.004650722570672256,0.010236282960847692,0.5250000000000001,0.008025519073971532,0.005616829086349889,497,1.0,False,0.0,0.22642078221550993
1339450,DES,1535,3,0.55046,23.1574,0.375291,1.0,53.621,-29.169,,False,False,True,0.005331754710271601,-0.002873054373467335,-0.002663185093025185,-0.00020986928044214922,0.014955568476712791,0.0063766001850538295,0.5750000000000002,0.008204809083738936,0.005776059886475621,497,1.0,False,0.0,0.05617149501023526
1335868,DES,1585,3,0.61941,23.4418,0.273973,1.0,55.0891,-26.5127,,False,False,True,0.0014843798716892601,-0.008075258548199392,-0.004584728752052406,-0.003490529796146987,0.008653923920011132,0.017914160468444698,0.6250000000000002,0.009559638419888652,0.006597028299583878,497,1.0,False,0.0,0.025057304512854543
1334879,DES,1599,3,0.63934,23.537,0.16971,1.0,52.4089,-28.2164,,False,False,True,0.021138125003078535,0.011153698759202912,0.015270905550580888,-0.004117206791377977,0.025646447476323875,-0.024989687485625155,0.6250000000000002,0.009984426243875622,0.006876396430917899,497,1.0,False,0.9413031771674745,0.037812005468430054
1334707,DES,1607,3,0.64962,23.5275,0.147114,1.0,51.7764,-28.6278,,False,False,True,0.003120976130794669,-0.007090125943473502,-0.003836540774043678,-0.003253585169429824,0.006326753766759623,0.01584435059244109,0.6250000000000002,0.010211102074268171,0.007042028823622791,497,1.0,False,0.7827140549273021,-0.013261036216879959
1262715,DES,1616,3,0.68935,23.6005,0.154427,1.0,53.37,-28.4427,,False,False,True,0.009152451578679353,-0.001956216911262543,-0.004781787356248875,0.0028255704449863302,0.02178169657338869,0.004194107841691136,0.6750000000000002,0.011108668489941896,0.0076979365897662504,497,1.0,False,0.9968960165545784,-0.13800950924417235
1262214,DES,1617,3,0.68936,23.7914,0.270648,1.0,53.5027,-28.6602,,False,False,True,0.0032903523697900413,-0.007818551613459637,-0.004275844190253424,-0.0035427074232062157,0.00879437692336416,0.017391789454178477,0.6750000000000002,0.01110890398324968,0.007698108703115747,497,1.0,False,0.7439429928741093,0.05285257154390709
1335718,DES,1624,3,0.69932,23.8577,0.153542,1.0,52.3094,-28.3854,,False,False,True,0.01533462019057531,0.003991164872773095,0.00819730608178885,-0.0042061412090157535,0.005152626364982202,-0.008351523748332923,0.6750000000000002,0.011343455317802214,0.00786953359921441,497,1.0,False,0.924009324009324,0.08164446993770912
1329166,DES,1640,3,0.73161,23.9269,0.194559,1.0,52.3035,-28.9116,,False,False,True,0.002645938990304046,-0.009458330570482171,-0.004667072993439946,-0.004791257577042225,0.0051168432635485825,0.021164036087616057,0.7250000000000002,0.012104269560786217,0.008409928553102273,497,1.0,False,0.9665071770334929,0.09380683471581508
1285160,DES,1652,3,0.7493,23.9242,0.160977,1.0,52.3989,-28.6476,,False,False,True,0.002723861001286248,-0.009798083720143734,-0.005060869506620096,-0.004737214213523637,0.006189697752852669,0.021927905397356857,0.7250000000000002,0.012521944721429982,0.008673292435463928,497,1.0,False,0.9479073909171861,0.02848053995931609
1329196,DES,1663,3,0.76932,23.9638,0.160486,1.0,53.0758,-28.9065,,False,False,True,0.006593692518833889,-0.0064009405415496375,-0.002946528174516249,-0.003454412367033387,0.005563172357044114,0.014560481726342483,0.7750000000000002,0.012994633060383527,0.008971344720646538,497,1.0,False,0.9775993237531699,0.02168694940762106
1325358,DES,1665,3,0.77929,23.7865,0.309918,1.0,52.2841,-28.9516,,False,False,True,0.006805276903037419,-0.0064193310925355985,-0.001037693666315378,-0.005381637426220221,0.007777825700419876,0.014585233613893168,0.7750000000000002,0.013224607995573017,0.00910340635288015,497,1.0,False,0.9657777777777777,-0.18941695693709337
1309749,DES,1668,3,0.78928,23.9465,0.163342,1.0,52.5384,-27.3174,,False,False,True,0.018317410614042753,0.004869563246093826,0.010135316621494198,-0.0052657533754003685,0.011969819060354889,-0.010318459770227044,0.7750000000000002,0.013447847367948927,0.00921401671694292,497,1.0,False,0.9967259120673526,-0.06287147793718861
Ombo,HST,1675,3,0.97423,24.8581,0.199702,1.0,53.1056,-27.7508,,False,False,True,0.007950183369296574,-0.009519020905714584,-0.0036305793514286302,-0.0058884415542859525,0.006017086652818586,0.021791478271183176,0.9750000000000003,0.01746920427501116,0.011384046021325983,497,1.0,False,0.9978127734033246,0.0
Aphrodite,HST,1684,3,1.29911,25.6111,0.273963,1.0,53.1563,-27.7796,,False,False,True,0.034345582552280596,0.010749352284622399,-0.005558387638023323,0.016307739922645725,0.036714850550858345,-0.024202481551262048,1.2750000000000004,0.023596230267658197,0.016788701187049955,497,1.0,False,0.9986270022883296,0.0
Thoth,HST,1685,3,1.3041,25.4676,0.315363,1.0,53.1033,-27.7716,,False,False,True,0.013023022434412557,-0.01065435127380878,-0.006941577932706801,-0.003712773341101981,0.031770766579384054,0.024009875427498127,1.3250000000000006,0.023677373708221337,0.016828093649777373,497,1.0,False,0.998223011994669,-0.06312090250109934
Inanna,HST,1686,3,1.30611,25.7667,0.444343,1.0,53.1847,-27.9184,,False,False,True,0.011197370200033918,-0.012512688541360152,-0.0038355109655761437,-0.008677177575784008,0.022584193237426893,0.028600446392169313,1.3250000000000006,0.02371005874139407,0.016843961154803848,497,0.9,False,0.9691548426896978,0.23190954815569312
washington,CANDELS,1688,3,1.3291,25.6215,0.23681,1.0,53.0869,-27.8282,,False,False,True,0.010903655840024801,-0.013176359572057327,-0.009072584937426437,-0.004103774634630889,0.006483120965616933,0.030630922080366742,1.3250000000000006,0.02408001541208213,0.017028674766824466,497,1.0,False,0.9784644194756554,0.04060649954513265
Mcguire,HST,1691,3,1.35608,25.5564,0.236747,1.0,53.0418,-27.8305,,False,False,True,0.035261673089825696,0.010768518835791701,-0.012156758093637306,0.022925276929429007,0.03622600060776523,-0.023989040586296362,1.3750000000000004,0.024493154254033995,0.01726287855179015,497,1.0,False,0.9752293577981651,0.08820496337794739
Primo,CANDELS,1695,3,1.54901,26.04,0.232206,1.0,53.1584,-27.7775,,False,False,True,0.030585425316910594,0.0034816701124780955,-0.006771920078138285,0.01025359019061638,0.03482609545955895,-0.007258676247517512,1.5250000000000004,0.0271037552044325,0.019292180944149695,497,1.0,False,0.9986282578875172,0.054353616004910066
000190,PS1MD,742,1,0.10221,19.1555,0.185457,1.0,148.988,2.2635,,False,False,True,3.0001143610248113e-05,-0.000538559372992323,-0.00040698006235155164,-0.00013157931064077132,0.00014642943040573102,0.001174523059269302,0.125,0.0005685605166025711,0.00039100029352521554,500,1.0,False,0.0,0.13586296207819598
120225,PS1MD,751,1,0.10713,19.5271,0.467763,1.0,150.818,3.4749,,False,False,True,0.008571933335158672,0.008003372818556101,0.008134952129196873,-0.00013157931064077132,0.0041017903840484355,-0.017472843951709813,0.125,0.0005685605166025711,0.00039100029352521554,500,1.0,False,0.0,0.39869409026868025
500038,PS1MD,753,1,0.10794,19.1487,0.185149,1.0,150.193,2.5513,,False,False,True,0.009611332921891957,0.009042772405289386,0.009172475283822925,-0.00012970287853353773,0.006425493779938696,-0.019777697447544876,0.125,0.0005685605166025711,0.00039100029352521554,500,1.0,False,0.9094488188976378,0.0028423955558912212
120336,PS1MD,848,1,0.16122,20.0576,0.244838,1.0,149.082,1.4095,,False,False,True,0.00436817923411035,0.0033020125705474036,0.0032467233738529134,5.5289196694489776e-05,0.0045111895387312095,-0.007199132407424182,0.17500000000000004,0.0010661666635629462,0.0007655779462836886,500,1.0,False,0.0,-0.008207762766222466
350233,PS1MD,857,1,0.16924,20.2625,0.180867,1.0,149.466,3.4824,,False,False,True,0.0001483342538517162,-0.0010280146653330467,-0.0006458630496109122,-0.0003821516157221347,0.0002463431550726978,0.0022485084760985414,0.17500000000000004,0.001176348919184763,0.000848518663432307,500,1.0,False,0.0,0.08130264072373429
370563,PS1MD,912,1,0.18527,20.5352,0.136717,1.0,150.952,2.646,,False,False,True,0.0019751345197502345,0.0005766597726307118,-0.0008203040246167828,0.0013969637972474943,0.0011739232662079922,-0.0012525065140982622,0.17500000000000004,0.0013984747471195227,0.0010123122913750467,500,1.0,False,0.02133544053733702,0.13790628925126905
000220,PS1MD,1001,1,0.21972,20.8086,0.121352,1.0,150.537,2.7186,,False,False,True,0.00039098242690265256,-0.0014871504961829743,-0.0009460526067704689,-0.0005410978894125054,0.0007769537302077331,0.0032618129990574073,0.22500000000000003,0.0018781329230856268,0.0013619285778914362,500,1.0,False,0.8942868247182277,-0.005990111345209045
370098,PS1MD,1007,1,0.22132,20.7911,0.140687,1.0,150.006,2.4311,,False,False,True,9.109248178716038e-05,-0.001809317744100956,-0.0011600699983287297,-0.0006492477457722261,0.00043621419008999256,0.003962516527336013,0.22500000000000003,0.0019004102258881163,0.0013781661993261596,500,1.0,False,0.9534224382341029,-0.041084409934530275
480464,PS1MD,1008,1,0.22132,20.8058,0.202968,1.0,149.8,3.2216,,False,False,True,0.0009979674649380904,-0.0009024427609500259,-0.00074731857048671,-0.00015512419046331588,0.0026876060809592306,0.001984955360727792,0.22500000000000003,0.0019004102258881163,0.0013781661993261596,500,1.0,False,0.0,-0.026384409934529004
030066,PS1MD,1016,1,0.22542,20.8961,0.171928,1.0,150.183,3.404,,False,False,True,0.002609593026122869,0.0006501827352223175,0.0010142433487918636,-0.000364060613569546,0.008241237042119676,-0.0014582487065537813,0.22500000000000003,0.0019594102909005514,0.0014214261289023087,500,1.0,False,0.0,0.019363096215556822
000010,PS1MD,1071,1,0.24585,21.1788,0.165167,1.0,149.749,3.1575,,False,False,True,0.0038537036275070337,0.0015167144156115419,-0.0011288665883417907,0.0026455810039533326,0.003975072417883362,-0.0033066010332338447,0.22500000000000003,0.002336989211895492,0.0017090708137701906,500,1.0,False,0.0,0.09068134007442569
350192,PS1MD,1210,1,0.30142,21.6055,0.189791,1.0,148.716,1.9617,,False,False,True,0.001059505219111193,-0.0022193270478655276,-0.0010429359017033299,-0.0011763911461621984,0.002764746027981741,0.0048906559692114115,0.32500000000000007,0.003278832266976721,0.0023502759010363586,500,1.0,False,0.0,-0.020076580112128907
000420,PS1MD,1237,1,0.31144,21.7593,0.139148,1.0,149.82,1.6135,,False,False,True,0.0008658226698761379,-0.0025658903172651078,-0.001855445968885564,-0.0007104443483795435,0.0042824798202219,0.0056390856802858175,0.32500000000000007,0.003431712987141246,0.0024378037295530552,500,1.0,False,0.5850492390331244,0.05247256962621057
120085,PS1MD,1261,1,0.32206,21.4741,0.197428,1.0,150.471,2.0426,,False,False,True,0.0015021620783415856,-0.002091586163105773,-0.0007354969700028337,-0.0013560891931029399,0.0038036067382217777,0.004616999705825565,0.32500000000000007,0.003593748241447359,0.0025305727454060815,500,1.0,False,0.9814066289409863,-0.31624323917760616
05D2ab,SNLS,1265,1,0.32446,21.8169,0.123552,1.0,150.462,2.1063,,False,False,True,0.0016703378180025802,-0.001960028560011133,-0.0006370686096999134,-0.0013229599503112198,0.0026556236621726377,0.004340307761646663,0.32500000000000007,0.003630366378013713,0.002551537494751398,500,1.0,False,0.9833200953137411,0.008036818988642468
120369,PS1MD,1283,1,0.33047,21.9776,0.128807,1.0,150.995,2.2624,,False,False,True,0.0006412086015153981,-0.003086417245001233,-0.0017727078120744443,-0.0013137094329267887,0.0012040307994441763,0.006799279820567737,0.32500000000000007,0.003727625846516631,0.002602708947107611,500,1.0,False,0.0,0.1229106570145074
580235,PS1MD,1289,1,0.33147,21.7771,0.217018,1.0,150.235,2.5796,,False,False,True,0.005812020041003499,0.0020681199005608193,0.003106533169431323,-0.001038413268870504,0.007119517982773646,-0.004485403932016163,0.32500000000000007,0.00374390014044268,0.0026112015218340305,500,1.0,False,0.91112828438949,-0.08513932015490192
370344,PS1MD,1291,1,0.33147,21.8482,0.163826,1.0,150.174,1.8316,,False,False,True,0.0006693464408082044,-0.0030745536996344756,-0.0019228566351742128,-0.0011516970644602632,0.0032892173097295086,0.006761984871201254,0.32500000000000007,0.00374390014044268,0.0026112015218340305,500,1.0,False,0.9851007887817704,-0.014039320154904202
380318,PS1MD,1305,1,0.33818,21.892,0.20951,1.0,150.413,3.2498,,False,False,True,0.0003194235061061857,-0.003533677146580285,-0.0021056634319963556,-0.0014280137145839295,0.001724315090082388,0.007774658840736093,0.32500000000000007,0.0038531006526864708,0.002668186698248308,500,1.0,False,0.0,-0.020360538826061626
380279,PS1MD,1323,1,0.34939,21.9503,0.166428,1.0,149.827,2.9349,,False,False,True,0.002409832594605898,-0.001625702892991585,-0.0009688268192459448,-0.0006568760737456407,0.002652722831982971,0.0036303264094329907,0.32500000000000007,0.004035535487597483,0.0027633884609314747,500,1.0,False,0.12188473520249221,-0.04377484090867904
04D2mc,SNLS,1324,1,0.34949,21.752,0.224702,1.0,150.148,1.7842,,False,False,True,0.001643901588983663,-0.0023932613280064257,-0.0019068793619103205,-0.00048638196609610516,0.0016357786921832927,0.005301512920522987,0.32500000000000007,0.004037162916990088,0.0027642377184041176,500,1.0,False,0.9802718106093818,-0.24279278427939524
05D2ie,SNLS,1325,1,0.34949,22.1226,0.169292,1.0,150.262,2.6581,,False,False,True,0.0021936341109229816,-0.0018435288060671068,-0.0005563715862770622,-0.0012871572197900448,0.004737068570306071,0.004079797085021282,0.32500000000000007,0.004037162916990088,0.0027642377184041176,500,1.0,False,0.9185788304959289,0.12780721572060436
000196,PS1MD,1329,1,0.35059,21.9812,0.160871,1.0,150.115,2.694,,False,False,True,0.007555290024203826,0.0035002253838950833,-0.0019340413471859374,0.0054342667310810205,0.004808684426706222,-0.007618822619362945,0.3750000000000001,0.004055064640308742,0.0027735795506031793,500,1.0,False,0.9070813038591232,0.009046470549925863
05D2hc,SNLS,1331,1,0.35149,22.2268,0.207758,1.0,150.019,1.886,,False,False,True,0.0066432712795626795,0.002573559774720493,0.003899616276615574,-0.0013260565018950819,0.002586607727828683,-0.00555889855205129,0.3750000000000001,0.0040697115048421864,0.002781222867856957,500,1.0,False,0.974910394265233,0.248212286423577
120400,PS1MD,1332,1,0.35149,22.0813,0.136315,1.0,149.628,2.8718,,False,False,True,0.0006318425228324349,-0.0034378689820097515,-0.0023524339839210533,-0.0010854349980886986,0.00521878951166607,0.007562380025317417,0.3750000000000001,0.0040697115048421864,0.002781222867856957,500,1.0,False,0.3115646258503401,0.10271228642357506
05D2mp,SNLS,1334,1,0.35519,22.2117,0.221402,1.0,149.786,2.204,,False,False,True,0.0009849572849668984,-0.0031449691074016705,-0.001770339177564441,-0.0013746299298372303,0.002357169656913663,0.006942265655970164,0.3750000000000001,0.004129926392368569,0.0028126453943447104,500,1.0,False,0.9911231184870706,0.20682013028314833
04D2fs,SNLS,1338,1,0.3585,21.8954,0.287731,1.0,150.092,1.7654,,False,False,True,0.000751953964738406,-0.003431840340525385,-0.002493119637722265,-0.0009387207028031211,0.0051465537919057405,0.007547841065341565,0.3750000000000001,0.004183794305263791,0.0028407558166891602,500,1.0,False,0.9795361527967258,-0.13278632683621433
04D2cf,SNLS,1359,1,0.37052,22.1229,0.160993,1.0,150.484,1.8795,,False,False,True,0.0031567868138790644,-0.0012226245043758396,0.00030029214430642246,-0.0015229166486822629,0.005271100611559997,0.0027445736690611478,0.3750000000000001,0.004379411318254904,0.002942836564900727,500,1.0,False,0.9564676616915423,0.01172426420276202
000199,PS1MD,1366,1,0.37153,22.1312,0.11347,1.0,151.231,2.5909,,False,False,True,0.0034846171874127647,-0.0009112311677074497,0.0005416758087533266,-0.001452906976460777,0.006995534140852017,0.002043731756340759,0.3750000000000001,0.004395848355120214,0.002951414065374412,500,1.0,False,0.0,0.013165199817528679
590031,PS1MD,1372,1,0.37852,22.1741,0.180392,1.0,149.073,2.0023,,False,False,True,0.004372155033219223,-0.000159207563383508,0.0012790203177531051,-0.001438227881136614,0.002915568996263952,0.00045233843026894205,0.3750000000000001,0.004531362596602731,0.00302586550879767,500,1.0,False,0.0,0.009064081635227046
000011,PS1MD,1378,1,0.38153,22.4245,0.217312,1.0,149.976,2.4119,,False,False,True,0.002263323871113469,-0.0023356289951179474,-0.0020420572013964836,-0.0002935717937214649,0.006553750834436323,0.005152450228170663,0.3750000000000001,0.004598952866231416,0.003064330409212151,500,1.0,False,0.9530386740331491,0.23947250628144096
120086,PS1MD,1389,1,0.39255,22.2212,0.235747,1.0,150.789,2.1434,,False,False,True,0.005998851592184036,0.0011524419912987572,0.002997605152609469,-0.0018451631613107123,0.0037158043306767057,-0.0024579728065284995,0.3750000000000001,0.0048464096008852785,0.0032051553934538722,500,1.0,False,0.5459533607681756,-0.03579001332967729
04D2fp,SNLS,1410,1,0.41657,22.4765,0.146745,1.0,149.867,2.321,,False,False,True,0.001032683756036604,-0.004353100687533406,-0.0023980221542383995,-0.0019550785332950052,0.0050191496201390864,0.009605373800249896,0.42500000000000016,0.005385784443570009,0.0035121078545687664,500,1.0,False,0.9620398773006135,0.045091979783592376
05D2dw,SNLS,1411,1,0.41857,22.3644,0.200288,1.0,149.634,2.0322,,False,False,True,0.0028444859989295735,-0.002586208922799031,-0.0004483157423538632,-0.002137893180445168,0.002855411752170492,0.00577803703823902,0.42500000000000016,0.005430694921728605,0.00353766592793387,500,1.0,False,0.9845511482254697,-0.07917702271917536
05D2cb,SNLS,1432,1,0.42859,22.6295,0.402639,1.0,149.852,2.3282,,False,False,True,0.0017608726241198453,-0.003886326116899561,-0.001806631968215786,-0.0020796941486837753,0.006701477682243071,0.008576947980850447,0.42500000000000016,0.005647198741019406,0.0036781031116368368,500,1.0,False,0.9619916381603952,0.12576020548003453
06D2gb,SNLS,1450,1,0.44361,22.54,0.180208,1.0,150.198,1.9854,,False,False,True,0.00976092965418025,0.0038120061742182325,0.0010043181440605909,0.0028076880301576403,0.006232756516848424,-0.008267778201914325,0.42500000000000016,0.005948923479962017,0.003921887241739641,500,1.0,False,0.997539975399754,-0.05151151239643058
04D2gb,SNLS,1457,1,0.45162,22.3362,0.223723,1.0,150.594,1.8942,,False,False,True,0.006158153506176222,4.832355757703258e-05,0.001015402407181358,-0.0009670788496043254,0.0028751202655846676,6.184726441611776e-05,0.4750000000000001,0.006109829948599189,0.004051894624038142,500,1.0,False,0.9443950177935944,-0.2803326283399016
120094,PS1MD,1458,1,0.45162,22.7393,0.152341,1.0,150.526,2.0878,,False,False,True,0.0030006308039692417,-0.0031091991446299478,-0.0016231669065893298,-0.0014860322380406182,0.0027811009894394517,0.006951228650512774,0.4750000000000001,0.006109829948599189,0.004051894624038142,500,1.0,False,0.9862847922549415,0.12276737166009688
000215,PS1MD,1470,1,0.46654,22.795,0.133213,1.0,150.81,3.1442,,False,False,True,0.0021512097587774136,-0.004258336108931214,-0.0019306979658353534,-0.00232763814309586,0.008156732333915173,0.009410364030242176,0.4750000000000001,0.006409545867708627,0.004294055690691527,500,1.0,False,0.0,0.09536349008740863
370367,PS1MD,1475,1,0.47163,22.7268,0.209178,1.0,149.222,1.9779,,False,False,True,0.003929725437657454,-0.002582069359559688,-7.658877393811742e-05,-0.0025054805856215712,0.008632672852481166,0.005755254385451297,0.4750000000000001,0.006511794797217142,0.004376669620266978,500,1.0,False,0.2593305117352828,-0.0006197094094942966
05D2bv,SNLS,1477,1,0.47565,22.685,0.175042,1.0,150.571,2.2406,,False,False,True,0.007052313774486712,0.0004603891577171877,0.0027598576434227752,-0.0022994684857055876,0.010297578540233781,-0.0009195139156861504,0.4750000000000001,0.006591924616769524,0.004436946208519575,500,1.0,False,0.9319804584742578,-0.06416477371878238
05D2ac,SNLS,1483,1,0.48065,22.7218,0.136578,1.0,149.747,2.4895,,False,False,True,0.0023751234311161266,-0.004312436502379901,-0.0018001950136719734,-0.0025122414887079293,0.002955052471525501,0.009604386131722233,0.4750000000000001,0.006687559933496028,0.004479864285497705,500,1.0,False,0.8963310580204779,-0.05417198235664167
120044,PS1MD,1484,1,0.48164,23.0525,0.209151,1.0,148.792,1.7302,,False,False,True,0.006245033302972844,-0.00046146242323503225,-0.0023941211148438167,0.0019326586916087844,0.007568194141763646,0.0011521794688169763,0.4750000000000001,0.006706495726207877,0.004488362064739375,500,1.0,False,0.0,0.2712511892404422
06D2bk,SNLS,1491,1,0.50067,23.004,0.252376,1.0,149.679,2.172,,False,False,True,0.002121547434761565,-0.0049489363069073825,-0.0022019833056116556,-0.002746953001295727,0.004048123841759362,0.011009518666036815,0.5250000000000001,0.007070483741668947,0.004651708265718141,500,1.0,False,0.9803120356612184,0.15553844393269206
05D2dy,SNLS,1504,1,0.51169,23.1355,0.225672,1.0,150.242,2.1831,,False,False,True,0.00264937638256437,-0.004631887597169793,-0.0020197588029317215,-0.0026121287942380703,0.009082707787140334,0.010265748513467858,0.5250000000000001,0.007281263979734163,0.0047462997073779425,500,1.0,False,0.9861619861619861,0.2310281090350414
04D2mj,SNLS,1507,1,0.51469,23.0729,0.402018,1.0,150.152,2.5771,,False,False,True,0.004322699590086115,-0.003015945579683951,-0.001544217310909919,-0.0014717282687740315,0.009399926364216878,0.006739566179287913,0.5250000000000001,0.007338645169770066,0.004772050553564821,500,1.0,False,0.9258252427184466,0.15337657983884218
04D2gc,SNLS,1513,1,0.52271,23.0966,0.272593,1.0,150.414,1.8831,,False,False,True,0.0017060228134535686,-0.005786021404345811,-0.0029814094274177288,-0.0028046119769280795,0.003353895231887792,0.012863500363740756,0.5250000000000001,0.007492044217799379,0.004840891149037743,500,1.0,False,0.9662107803700724,0.13724028214432654
06D2ca,SNLS,1522,1,0.53271,22.9942,0.293113,1.0,149.79,2.3025,,False,False,True,0.002872505528467944,-0.0048137702866625064,-0.0019085102303940142,-0.002905260056268491,0.0087381267502913,0.010686776567529937,0.5250000000000001,0.00768627581513045,0.004922662805244825,500,1.0,False,0.9604499274310595,-0.01403284770517682
06D2cc,SNLS,1523,1,0.53372,22.9119,0.272484,1.0,149.862,2.4514,,False,False,True,0.011441530500702027,0.003735548469165217,-0.0036597772142438877,0.0073953256834091066,0.020151307121269158,-0.008408331985411951,0.5250000000000001,0.00770598203153681,0.0049307998128609865,500,1.0,False,0.9500998003992016,-0.1012208947200855
05D2eb,SNLS,1526,1,0.53572,22.9604,0.20776,1.0,150.061,2.4074,,False,False,True,0.07433373932848315,0.06658873508624068,-0.004038423956481704,0.07062715904272238,0.02970250412516127,-0.1517552791454865,0.5250000000000001,0.007745004242242474,0.004946912699229624,500,1.0,False,0.9545454545454546,-0.0623745338624489
06D2ck,SNLS,1537,1,0.55375,23.237,0.205365,1.0,150.367,1.8636,,False,False,True,0.004709027647737966,-0.003387761824016066,-0.0003553183643000774,-0.0030324434597159876,0.0013011768756690477,0.00768933757794461,0.5750000000000002,0.008096789471754032,0.005092170369842891,500,1.0,False,0.9823914823914824,0.1203632670342241
05D2dt,SNLS,1551,1,0.57577,23.3385,0.211441,1.0,150.35,1.8577,,False,False,True,0.0027522950256253917,-0.005773390344759942,-0.0026161415592929676,-0.0031572487854669754,0.0023259769321977114,0.012912337547981746,0.5750000000000002,0.008525685370385333,0.005274952275155162,500,1.0,False,0.987936772046589,0.12090912602446018
04D2mh,SNLS,1571,1,0.59179,23.1978,0.254399,1.0,149.941,2.141,,False,False,True,0.004345392012111787,-0.004477493691177007,-0.0013928357218268668,-0.003084657969350141,0.004262771159967005,0.010093885501601917,0.5750000000000002,0.008822885703288794,0.00551592818694854,500,1.0,False,0.990191707534552,-0.09096650472636832
05D2he,SNLS,1579,1,0.60981,23.4346,0.320347,1.0,150.361,2.3177,,False,False,True,0.00531880580162852,-0.003838383896599124,-0.002956147208888691,-0.0008822366877104331,0.012714289073861518,0.00857191790719582,0.6250000000000002,0.009157189698227644,0.005786988482236721,500,1.0,False,0.9303867403314917,0.05847487553284675
000202,PS1MD,1586,1,0.61983,23.5027,0.15249,1.0,150.539,1.8992,,False,False,True,0.02138791026716035,0.01204483122213541,0.0118259666175121,0.00021886460462330936,0.01556939266814222,-0.026474547875248198,0.6250000000000002,0.00934307904502494,0.005937711243545688,500,1.0,False,0.9455550829434284,0.08419398296993047
04D2an,SNLS,1588,1,0.62183,23.3364,0.274297,1.0,150.218,2.0412,,False,False,True,0.003091144842576166,-0.006289037864484166,-0.0031820498168153273,-0.003106988047668837,0.0104538109547931,0.013987411610834007,0.6250000000000002,0.009380182707060331,0.005967795627040493,500,1.0,False,0.996232733361239,-0.09048722489725752
05D2ci,SNLS,1592,1,0.63183,23.0581,0.325833,1.0,150.008,2.2159,,False,False,True,0.002923969656545125,-0.006640307506764452,-0.004263543614237253,-0.0023767638925272,0.00819411759487239,0.01480688483617204,0.6250000000000002,0.009564277163309577,0.006110559805522204,500,1.0,False,0.9921422663358147,-0.41031222663458583
05D2ec,SNLS,1600,1,0.64185,23.5946,0.255519,1.0,149.859,2.0136,,False,False,True,0.0014424420247620543,-0.008305635610329374,-0.004739976740096811,-0.003565658870232563,0.009060568067486736,0.018430327299589985,0.6250000000000002,0.009748077635091428,0.006250048226464713,500,1.0,False,0.9877991553261379,0.08520287754472927
05D2bt,SNLS,1612,1,0.6819,23.5846,0.23784,1.0,150.418,2.5662,,False,False,True,0.0165764503436492,0.006068448199093163,0.005801290706226224,0.0002671574928669405,0.013127643603622442,-0.013125212437869599,0.6750000000000002,0.010508002144556036,0.0067985470262124335,500,1.0,False,0.9725274725274725,-0.12551217812154106
05D2ck,SNLS,1625,1,0.69992,23.8617,0.294144,1.0,150.188,2.5729,,False,False,True,0.009187905594609493,-0.0017166465249778221,0.0008481190856425673,-0.0025647656106203886,0.014361479402593434,0.004004148910109431,0.6750000000000002,0.010904552119587315,0.007025801807700023,500,1.0,False,0.9207882534775889,0.08340134173293211
04D2iu,SNLS,1628,1,0.70192,23.6432,0.461925,1.0,150.305,2.415,,False,False,True,0.00754106730772878,-0.0034074970177443587,-0.0037825953173537224,0.0003750982996093633,0.015656296976264368,0.0076631091556604684,0.7250000000000002,0.010948564325473139,0.007051024313969456,500,1.0,False,0.9554140127388535,-0.08143302249731688
05D2le,SNLS,1629,1,0.70192,23.7903,0.251306,1.0,150.479,2.0929,,False,False,True,0.018214639530432727,0.007266075204959588,-0.0041344270424532635,0.01140050224741285,0.021791749483299906,-0.016042088119153947,0.7250000000000002,0.010948564325473139,0.007051024313969456,500,1.0,False,0.9867256637168141,0.06566697750268136
04D2gp,SNLS,1642,1,0.73395,23.967,0.387349,1.0,149.835,2.5089,,False,False,True,0.0028191143008197725,-0.008841031379437909,-0.005254017624864748,-0.003587013754573162,0.003813180529047567,0.019812416565653038,0.7250000000000002,0.011660145680257682,0.007447877558907468,500,1.0,False,0.9308176100628931,0.12553952508053146
05D2fq,SNLS,1643,1,0.73495,24.0007,0.222986,1.0,149.785,2.602,,False,False,True,0.010178000393280342,-0.0015049028846155672,0.0027605746541151735,-0.004265477538730741,0.009799752994642329,0.0036828507720271936,0.7250000000000002,0.011682903277895909,0.007459697170369899,500,1.0,False,0.9474157303370786,0.15567158502931167
05D2ct,SNLS,1645,1,0.73596,23.9145,0.424782,1.0,150.426,2.1238,,False,False,True,0.01599707963462934,0.004291191183118824,0.006712023951228713,-0.0024208327681098894,0.025460471177627807,-0.009681818696474529,0.7250000000000002,0.011705888451510516,0.007471634977946954,500,1.0,False,0.9743788819875776,0.0658727090680401
04D2ja,SNLS,1647,1,0.74196,24.2283,0.324017,1.0,149.702,1.7717,,False,False,True,0.0030506329086167254,-0.008791801128723149,-0.00502287652801638,-0.0037689246007067702,0.006654286720007108,0.01967712258205515,0.7250000000000002,0.011842434037339875,0.00754255264672154,500,1.0,False,0.9986301369863013,0.3583908559538088
04D2kr,SNLS,1650,1,0.74607,23.7287,0.253305,1.0,150.156,1.7119,,False,False,True,0.018752897654884144,0.0068169298912511556,-0.0010640274862354342,0.007880957377486592,0.019651691347775953,-0.014936362944729394,0.7250000000000002,0.011935967763632989,0.0075911312498321325,500,1.0,False,0.9000920810313076,-0.1556916902180333
05D2nt,SNLS,1654,1,0.75899,23.9939,0.231584,1.0,150.243,2.3727,,False,False,True,0.00679586243571984,-0.005434133489399036,-0.0026943560966450515,-0.0027397773927539857,0.0040339835224152765,0.012419968471064639,0.7750000000000002,0.012229995925118876,0.007743840629926741,500,1.0,False,0.9603047313552526,0.08726113791340251
carter,CANDELS,1694,1,1.5429,25.8372,0.370031,1.0,150.061,2.1924,,False,False,True,0.04315875811993715,0.014936671466414385,0.01713391247708656,-0.0021972410106721775,0.03367887053808965,-0.033062446062663176,1.5250000000000004,0.028222086653522764,0.017569948016089954,500,1.0,False,0.9912645590682196,-0.138025009577742
05D3mq,SNLS,1075,39,0.2466,21.1377,0.152782,1.0,214.752,52.3851,,False,False,True,0.004187147446696878,0.0027395584764246866,-0.0009356532421313034,0.00367521171855599,0.0002477398765567638,-0.00597015970412286,0.22500000000000003,0.0014475889702721915,0.0009381970481143554,500,1.0,False,0.0,0.04213527245369181
04D3ez,SNLS,1125,39,0.2636,21.1467,0.175278,1.0,214.783,53.072,,False,False,True,0.008724935681295719,0.007110356833721137,0.007566901561508764,-0.0004565447277876266,0.004195507667853582,-0.015521905182671708,0.275,0.0016145788475745817,0.0010468075140788956,500,1.0,False,0.0,-0.11751576392838721
06D3fp,SNLS,1139,39,0.2686,21.2023,0.238883,1.0,215.077,52.8972,,False,False,True,8.8560936684522e-05,-0.0015751325806848805,-0.0010665205494644738,-0.0005086120312204067,0.0008928842743723927,0.00344760117921762,0.275,0.0016636935173694025,0.0010787517687743488,500,1.0,False,0.0,-0.10811461471557045
520188,PS1MD,1159,39,0.2806,21.4133,0.150697,1.0,215.524,52.5446,,False,False,True,0.002029754025656976,0.00023931867570584357,0.0007917955116027774,-0.0005524768358969335,0.001758025018458952,-0.0004964393241697644,0.275,0.0017904353499511325,0.0011725921133615505,500,1.0,False,0.0,-0.004823850682138935
06D3dt,SNLS,1162,39,0.28266,21.491,0.296127,1.0,214.34,52.4528,,False,False,True,0.0007701858174474275,-0.0010437464278257374,-0.0006352733860513956,-0.00040847304177434154,0.0010619186847379458,0.002296112298502409,0.275,0.001813932245273165,0.0011920707739095267,500,1.0,False,0.0,0.0548161295747223
500301,PS1MD,1267,39,0.3256,22.0095,0.253854,1.0,215.548,52.6318,,False,False,True,0.0035988501015132087,0.0012951335188512328,0.0019853129268659715,-0.0006901794080147385,0.006187384923696777,-0.0028234629504674076,0.32500000000000007,0.002303716582661976,0.0015962831047129946,500,1.0,False,0.0,0.1918842488511668
04D3kr,SNLS,1303,39,0.33762,21.8947,0.174019,1.0,214.15,52.4789,,False,False,True,0.001413305082955422,-0.001027505503569822,-0.0007628061946066936,-0.00026469930896312854,0.002486614824618958,0.0022715076859679355,0.32500000000000007,0.002440810586525244,0.0016736050986637622,500,1.0,False,0.0,-0.013512949979098833
04D3nh,SNLS,1308,39,0.34061,21.9207,0.190519,1.0,215.611,52.3334,,False,False,True,0.0006359090756098585,-0.0018390039295136538,-0.0011014160736958869,-0.0007375878558177667,0.0008001139748666251,0.004043316223238009,0.32500000000000007,0.0024749130051235123,0.0016928391054784708,500,1.0,False,0.0,-0.009584703598669732
04D3fk,SNLS,1337,39,0.35842,21.9893,0.214298,1.0,214.609,52.5285,,False,False,True,0.0007713931669652107,-0.0019066516358958075,-0.00147419144254667,-0.00043246019334913777,0.001952876278330609,0.004194735627215497,0.3750000000000001,0.002678044802861018,0.0018074068852008645,500,1.0,False,0.0,-0.03832538659457179
05D3jr,SNLS,1362,39,0.37062,22.02,0.281113,1.0,214.87,52.8648,,False,False,True,0.005323730287120381,0.002506538491985496,0.0033224070316070294,-0.0008158685396215335,0.00855871520907216,-0.005487042480506733,0.3750000000000001,0.0028171917951348847,0.0018858867792274337,500,1.0,False,0.0,-0.09185562467085966
390471,PS1MD,1363,39,0.37062,21.8168,0.133144,1.0,214.52,53.014,,False,False,True,0.0016682756525061642,-0.0011489161426287205,-0.0004604936977976948,-0.0006884224448310257,0.004377716099803082,0.002534773556240871,0.3750000000000001,0.0028171917951348847,0.0018858867792274337,500,1.0,False,0.0,-0.2950556246708586
06D3ed,SNLS,1397,39,0.40463,22.4217,0.163837,1.0,214.699,52.7566,,False,False,True,0.001085898910353801,-0.0021875330633219794,-0.0012215111242894596,-0.0009660219390325197,0.0007271641495717356,0.004829638268594746,0.42500000000000016,0.0032734319736757805,0.0022570503420898985,500,1.0,False,0.0,0.06409305406105416
520071,PS1MD,1408,39,0.41161,22.5601,0.146641,1.0,215.504,53.6193,,False,False,True,0.0006019253349489097,-0.0027672158256310244,-0.0017567823153852588,-0.001010433510245766,0.003329290330626276,0.006083407343505372,0.42500000000000016,0.003369141160579934,0.0023378487288793683,500,1.0,False,0.0,0.15910750579226385
05D3cf,SNLS,1415,39,0.41965,22.5451,0.234205,1.0,214.223,52.3451,,False,False,True,0.002631562702449244,-0.0008478222780030974,-0.00024573321934577043,-0.0006020890586573276,0.0055700762889257455,0.0018894053374409019,0.42500000000000016,0.003479384980452341,0.0024309173577887295,500,1.0,False,0.0,0.09497421805429353
06D3df,SNLS,1449,39,0.44263,22.6509,0.137065,1.0,215.572,52.9577,,False,False,True,0.0005991685042920775,-0.0031983908447468894,-0.0022616543453391007,-0.0009367364994077882,0.00252484438539942,0.007040918380905018,0.42500000000000016,0.003797559349038967,0.002687158041405166,500,1.0,False,0.0,0.06503006915242805
040137,PS1MD,1452,39,0.44764,22.6022,0.222321,1.0,214.46,52.801,,False,False,True,0.002064627819233533,-0.0018025019322632707,-0.0008062189406426632,-0.0009962829916206075,0.002184108494312967,0.004009450194809867,0.42500000000000016,0.0038671297514968036,0.00274237622330742,500,1.0,False,0.0,-0.012389429608592784
04D3gt,SNLS,1459,39,0.45163,22.4632,0.304189,1.0,215.636,52.6469,,False,False,True,0.004016847899984527,9.431178006321771e-05,0.0010146195687389765,-0.0009203077886757587,0.00782352993313931,-0.00017925329496014213,0.4750000000000001,0.003922536119921309,0.00278635238015173,500,1.0,False,0.0,-0.1533891824194803
380199,PS1MD,1466,39,0.46064,22.7491,0.189025,1.0,215.233,53.0089,,False,False,True,0.001996922327014875,-0.0020507294268675355,-0.0008822505612345825,-0.0011684788656329522,0.0032774559750360054,0.004553102030003125,0.4750000000000001,0.004047651753882411,0.002885656934830237,500,1.0,False,0.0,0.08202508537566977
05D3lc,SNLS,1468,39,0.46164,22.7309,0.135783,1.0,215.596,52.4789,,False,False,True,0.0024391561629385694,-0.0016223818988196567,-0.0004034493802797922,-0.001218932518539864,0.0032183265672645735,0.003622823339377865,0.4750000000000001,0.004061538061758226,0.002896678528024299,500,1.0,False,0.0,0.05827881807685109
05D3mx,SNLS,1474,39,0.47065,22.7605,0.178608,1.0,215.538,52.2192,,False,False,True,0.011014720914316845,0.006828067218597518,0.00809958381804746,-0.0012715165994499418,0.009042953078959753,-0.014927611492693033,0.4750000000000001,0.004186653695719327,0.0029959830827028053,500,1.0,False,0.0,0.03840762727398406
05D3dd,SNLS,1482,39,0.48064,22.7511,0.158073,1.0,215.627,52.6068,,False,False,True,0.012845616923065344,0.008517712944408166,0.009675204782290262,-0.001157491837882095,0.0123580126694515,-0.018737840649966503,0.4750000000000001,0.004327903978657178,0.0031005152347056706,500,1.0,False,0.0,-0.02481862912772137
06D3el,SNLS,1512,39,0.51968,23.0375,0.194591,1.0,214.255,52.2324,,False,False,True,0.002707629070275514,-0.0021798817695857665,-0.001005666055729063,-0.0011742157138567044,0.007919064823159115,0.004815121364214266,0.5250000000000001,0.004887510839861281,0.00349221810201123,500,1.0,False,0.0,0.09312263940434623
04D3hn,SNLS,1536,39,0.55267,22.9408,0.242653,1.0,215.529,52.2286,,False,False,True,0.01618343289364197,0.01079862837939528,0.012431832118990696,-0.0016332037395954183,0.02073304623604098,-0.023969560324526712,0.5750000000000002,0.005384804514246691,0.0037830706171475955,500,1.0,False,0.0,-0.17078826336797912
06D3et,SNLS,1553,39,0.57668,23.1733,0.164644,1.0,215.52,52.3384,,False,False,True,0.0010238880980874736,-0.0047256448241900124,-0.002979890239619422,-0.0017457545845705894,0.00440907429093785,0.010444906224999051,0.5750000000000002,0.005749532922277486,0.0039921954972245155,500,1.0,False,0.0,-0.048383885457878154
05D3jq,SNLS,1559,39,0.57967,23.1393,0.229578,1.0,215.439,53.0299,,False,False,True,0.0010639072955878372,-0.004730026811333495,-0.003031354691120784,-0.001698672120212711,0.0007915892385985491,0.01047806776095555,0.5750000000000002,0.005793934106921333,0.004023305586726783,500,1.0,False,0.0,-0.09578943441813799
05D3gp,SNLS,1560,39,0.58067,23.32,0.261104,1.0,215.676,52.7247,,False,False,True,0.0009481859942538395,-0.004860598007197207,-0.003665896170670729,-0.0011947018365264773,0.0029806063266803926,0.010753824414304933,0.5750000000000002,0.005808784001451047,0.004033710298934899,500,1.0,False,0.0,0.08044171137316063
05D3lr,SNLS,1572,39,0.60067,23.3586,0.277528,1.0,215.551,53.1843,,False,False,True,0.005857881877865904,-0.0002479000141794299,0.0015369109729722738,-0.001784810987151703,0.007543628227435395,0.0006764484861365924,0.6250000000000002,0.006105781892045334,0.004241804543097222,500,1.0,False,0.0,0.021714743747987156
04D3do,SNLS,1580,39,0.61071,23.4156,0.182249,1.0,214.442,52.2676,,False,False,True,0.002165609234373669,-0.004089265598749996,-0.0023886274222797163,-0.0017006381764702791,0.004355087501639491,0.009091427857132468,0.6250000000000002,0.006254874833123665,0.004346267853666707,500,1.0,False,0.0,0.035641255622836876
04D3co,SNLS,1587,39,0.6207,23.4458,0.266773,1.0,214.458,52.9636,,False,False,True,0.013903622049830422,0.007500396770354909,0.00850599830725299,-0.0010056015368980784,0.013985940684946019,-0.016472430126712984,0.6250000000000002,0.006403225279475513,0.004450210928625788,500,1.0,False,0.0,0.0236450008432369
04D3cy,SNLS,1602,39,0.64371,23.5462,0.308662,1.0,214.552,52.6583,,False,False,True,0.00915465655923641,0.00238791817786573,0.0038530441119069975,-0.0014651259340412663,0.01548491469046632,-0.005288929642764423,0.6250000000000002,0.006766738381370679,0.0046377411413163,500,1.0,False,0.0,0.029262074261494134
05D3ax,SNLS,1603,39,0.64371,23.5504,0.315374,1.0,214.823,52.6875,,False,False,True,0.011482198329285244,0.0047154599479145645,0.0066658584204881775,-0.0019503984725736127,0.014708772010380034,-0.010369186099340708,0.6250000000000002,0.006766738381370679,0.0046377411413163,500,1.0,False,0.0,0.033462074261495
05D3lb,SNLS,1604,39,0.6477,23.566,0.287168,1.0,214.382,53.1679,,False,False,True,0.0010899442439036987,-0.005740697805885764,-0.003856173576171432,-0.0018845242297143303,0.007612795038088281,0.012671136896518623,0.6250000000000002,0.006830642049789462,0.004668191804131933,500,1.0,False,0.0,0.032955695349231984
05D3kt,SNLS,1606,39,0.6487,23.4805,0.309502,1.0,214.974,52.743,,False,False,True,0.001193554800936193,-0.005653103205850457,-0.004213100002783713,-0.0014400032030667438,0.0028109870738155514,0.012533559053569376,0.6250000000000002,0.00684665800678665,0.004675823549198507,500,1.0,False,0.0,-0.05656615530028991
05D3hs,SNLS,1609,39,0.6647,23.6168,0.232426,1.0,215.307,52.9038,,False,False,True,0.0020266776489040136,-0.005076235669837651,-0.0029963328548320983,-0.0020799028150055524,0.0027400459721310957,0.011301027849172519,0.6750000000000002,0.007102913318741664,0.004797931470263701,500,1.0,False,0.0,-0.02659921959090807
05D3mh,SNLS,1610,39,0.67072,23.8147,0.273465,1.0,214.749,52.6676,,False,False,True,0.0020011036821068534,-0.005198225697757885,-0.003350806177452108,-0.001847419520305778,0.0027022607607105507,0.011572724805395415,0.6750000000000002,0.007199329379864739,0.004843874575564481,500,1.0,False,0.0,0.147765303669635
06D3cc,SNLS,1613,39,0.68372,23.9186,0.406839,1.0,214.382,52.9125,,False,False,True,0.023257879970478488,0.01584558968496979,-0.0040163332921634345,0.019861922977133226,0.018289041492321138,-0.03507809603540464,0.6750000000000002,0.007412290285508697,0.004971508662895237,500,1.0,False,0.0,0.20152314906584054
06D3em,SNLS,1618,39,0.69072,23.6613,0.425,1.0,214.848,53.023,,False,False,True,0.007862964751345175,0.00033474691218143924,-0.00167236180291668,0.0020071087150981197,0.01185971031571666,-0.0006628109754786837,0.6750000000000002,0.007528217839163736,0.00504774622357422,500,1.0,False,0.0,-0.08239953548090452
05D3gv,SNLS,1630,39,0.71571,23.7414,0.244445,1.0,215.247,53.1789,,False,False,True,0.005726851582698724,-0.0022152276230134986,9.25538572064278e-05,-0.002307781480219928,0.014562729609351914,0.0048904648797849365,0.7250000000000002,0.007942079205712223,0.00531991431519819,500,1.0,False,0.0,-0.03414678560877105
05D3jh,SNLS,1631,39,0.71874,23.6209,0.186486,1.0,214.356,52.6188,,False,False,True,0.026874419155638207,0.018882159880272444,0.0020546956434630663,0.016827464236809378,0.0269474740989273,-0.04226657159987,0.7250000000000002,0.007992259275365763,0.005352914287892092,500,1.0,False,0.0,-0.16570739510044985
06D3gh,SNLS,1635,39,0.72074,23.7929,0.303977,1.0,214.631,52.4429,,False,False,True,0.018903989252840325,0.010878607819287407,-0.00458839798248179,0.015467005801769197,0.023588046657851237,-0.024285724505171725,0.7250000000000002,0.008025381433552917,0.005374696448086089,500,1.0,False,0.0,-0.000983589891190191
06D3do,SNLS,1636,39,0.72674,23.8281,0.246891,1.0,214.247,52.8825,,False,False,True,0.014060898517930994,0.005934447659201852,0.006422370308760508,-0.0004879226495586573,0.018803945101835567,-0.013140553038307731,0.7250000000000002,0.008126450858729142,0.005451225000847935,500,1.0,False,0.0,0.012503783725106403
06D3bz,SNLS,1637,39,0.72774,23.755,0.25567,1.0,214.292,53.0248,,False,False,True,0.004595358146084031,-0.0035486324989885513,-0.002463892392904628,-0.001084740106083925,0.0076303755245509955,0.007979847088152562,0.7250000000000002,0.008143990645072582,0.005468542559209222,500,1.0,False,0.0,-0.06419820846271873
05D3jk,SNLS,1646,39,0.73675,23.739,0.213187,1.0,214.198,52.5925,,False,False,True,0.007692096206608209,-0.0006099279134187813,0.0012464821824025845,-0.0018564100958213664,0.01860082971668863,0.0012301103183591788,0.7250000000000002,0.00830202412002699,0.005624573760044424,500,1.0,False,0.0,-0.11243893864173626
04D3fq,SNLS,1648,39,0.74276,23.8295,0.326063,1.0,214.241,52.3795,,False,False,True,0.00586657840878433,-0.0025408598271667443,-0.0004833981155559714,-0.0020574617116107725,0.004639971999392622,0.005843880098515317,0.7250000000000002,0.008407438235951074,0.005728652285795763,500,1.0,False,0.0,-0.04323418351807929
05D3jb,SNLS,1649,39,0.74573,23.9145,0.193302,1.0,215.542,52.8781,,False,False,True,0.01014023681638446,0.0016807054149933654,0.002207656063362139,-0.0005269506483687727,0.013339876980758484,-0.0035771371738305066,0.7250000000000002,0.008459531401391095,0.0057800854341287875,500,1.0,False,0.0,0.03130345689791058
04D3ks,SNLS,1653,39,0.75074,23.6482,0.317571,1.0,215.64,52.1852,,False,False,True,0.003198902996617162,-0.0053485027343545734,-0.002753103285580489,-0.0025953994487740843,0.007829048410006182,0.011933326223468491,0.7750000000000002,0.008547405730971736,0.005866846401518838,500,1.0,False,0.0,-0.22977107405817665
05D3mn,SNLS,1655,39,0.76076,23.8137,0.199341,1.0,214.689,52.3231,,False,False,True,0.0044586701426670185,-0.0042644842474660015,-0.00379941354057367,-0.00046507070689233085,0.007740094328260865,0.00958505424860802,0.7750000000000002,0.00872315439013302,0.006040368336298941,500,1.0,False,0.0,-0.0990501946308473
05D3hh,SNLS,1660,39,0.76674,24.1093,0.268898,1.0,214.792,52.9593,,False,False,True,0.02971591604764196,0.020887873735175158,0.023266408667331203,-0.0023785349321560436,0.015218660845230596,-0.046184840381893535,0.7750000000000002,0.0088280423124668,0.006143927335299441,500,1.0,False,0.0,0.17600359280864208
1334084,DES,789,11,0.13366,19.5736,0.28243,1.0,41.734,-0.6906,,False,False,True,0.0030148082303179283,0.002456282368535502,-0.0003465912728386015,0.002802873641374104,0.003269697875836471,-0.005353586914189232,0.125,0.0005585258617824258,0.0003715337539492367,500,1.0,False,0.0,-0.07045705025227295
1250017,DES,899,11,0.18231,20.4355,0.150029,1.0,43.1937,-0.1275,,False,False,True,0.0006623349704570934,-0.00020270099726791104,-0.00011167401811633122,-9.102697915157975e-05,0.002417385971768183,0.00044250968151579475,0.17500000000000004,0.0008650359677250044,0.0005957929314678237,500,1.0,False,0.0,0.07676231264245793
1296321,DES,905,11,0.18458,20.6854,0.281171,1.0,40.9169,-0.7619,,False,False,True,0.00010053624351639279,-0.0007961704817095682,-0.000692041637568203,-0.00010412884414136535,0.0003543792150650147,0.0017401215412605644,0.17500000000000004,0.000896706725225961,0.0006233171162005589,500,1.0,False,0.0,0.2970424593922123
1336453,DES,909,11,0.18506,20.4905,0.157021,1.0,40.9697,-1.2293,,False,False,True,6.751386602893009e-05,-0.0008358897594615505,-0.0007296133480428581,-0.00010627641141869242,4.299656348543046e-05,0.0018266915455531951,0.17500000000000004,0.0009034036254904806,0.0006291372081264236,500,1.0,False,0.0,0.09592270778650637
1316431,DES,940,11,0.19828,20.6349,0.172306,1.0,42.2394,-0.4084,,False,False,True,0.0004520440099893827,-0.0006358034102864057,-0.0004825384852643053,-0.00015326492502210055,0.0010970727625343895,0.0013933452457953594,0.17500000000000004,0.0010878474202757884,0.000789432239917948,500,1.0,False,0.0,0.07466648432281865
1342255,DES,998,11,0.21899,20.7766,0.127998,1.0,40.7435,-0.2674,,False,False,True,0.0010298273384138558,-0.0003469634245248463,-9.882685849309496e-05,-0.0002481365660317517,0.0033132182459330497,0.000760801761549646,0.22500000000000003,0.0013767907629387021,0.0010405449561359862,500,1.0,False,0.0,-0.029923192247053806
1315192,DES,1021,11,0.22726,20.844,0.226887,1.0,42.9859,-0.5231,,False,False,True,0.0009718387427591926,-0.0005305470933094938,-0.00042546845981691005,-0.00010507863349258417,0.0011668111842371865,0.001168181280951848,0.22500000000000003,0.0015023858360686865,0.001138809215197545,500,1.0,False,0.0,-0.0524873612645001
1315259,DES,1022,11,0.22818,20.9706,0.181397,1.0,40.8641,-1.6036,,False,False,True,0.001116478249839798,-0.0004029008415308982,-0.001189187672509832,0.0007862868309789336,0.00047763362783174936,0.0008780015044828463,0.22500000000000003,0.0015193790913706961,0.0011491457237936854,500,1.0,False,0.0,0.06429295012682007
1292336,DES,1036,11,0.23367,20.9327,0.253626,1.0,40.9988,-0.9061,,False,False,True,0.004775686308307987,0.003154901813015516,0.0022020563414758354,0.0009528454715396805,0.0035423678950509494,-0.006895823546497938,0.22500000000000003,0.0016207844952924714,0.0012108277153076105,500,1.0,False,0.0,-0.03145297270521735
1319366,DES,1042,11,0.23494,20.905,0.181242,1.0,41.4955,-1.0881,,False,False,True,0.0045768793250440505,0.0029326367490629347,0.0032521096848910926,-0.0003194729358281577,0.0017280838214599346,-0.006370040734814528,0.22500000000000003,0.0016442425759811156,0.0012250965913044567,500,1.0,False,0.0,-0.07235489800361333
1298281,DES,1043,11,0.2352,20.9099,0.273826,1.0,40.2679,-0.9553,,False,False,True,0.0011633197575911009,-0.00048572526010579996,-0.0006610227431759735,0.00017529748307017347,0.002010284874207169,0.0010681820805391153,0.22500000000000003,0.0016490450176969008,0.0012280177785164094,500,1.0,False,0.0,-0.0701494958328473
1336480,DES,1099,11,0.25616,21.3928,0.192289,1.0,41.7246,-1.1646,,False,False,True,0.0012477705941738222,-0.0007884251095340825,-0.0003079712030808141,-0.00048045390645326823,0.0058884164444184695,0.0017220234001623217,0.275,0.0020361957037079046,0.0014635104091415218,500,1.0,False,0.0,0.1988523684899706
1289664,DES,1110,11,0.25919,21.0349,0.176551,1.0,40.8968,-1.1299,,False,False,True,0.0002298387536297288,-0.001862323866996751,-0.0013514582297705258,-0.000510865637226225,0.0009656731849954347,0.00408431540979388,0.275,0.0020921626206264797,0.0014975534754962014,500,1.0,False,0.0,-0.18789008285460349
1335694,DES,1111,11,0.25923,21.1725,0.16069,1.0,42.845,-0.6485,,False,False,True,0.009921327044454531,0.007828425586641007,0.007708840115882804,0.00011958547075820245,0.012376891546488918,-0.01720660736197059,0.275,0.0020929014578135244,0.0014980028889134253,500,1.0,False,0.0,-0.05066874933590078
1334087,DES,1134,11,0.2664,21.0371,0.263599,1.0,41.0084,-0.4674,,False,False,True,0.0015349631200409777,-0.000690374903550166,-0.00014610788179865919,-0.0005442670217515065,0.003219687514174031,0.0015319678767832198,0.275,0.0022253380235911437,0.0015785602439507373,500,1.0,False,0.0,-0.25308604763364334
1292332,DES,1146,11,0.27276,21.2885,0.171085,1.0,41.1435,-1.2851,,False,False,True,0.00048670106222901814,-0.001856112074102105,-0.0012451917318953404,-0.0006109203422067647,0.0007336693861575509,0.004078507363632013,0.275,0.002342813136331123,0.0016500169772892732,500,1.0,False,0.0,-0.05974933926062938
1263715,DES,1187,11,0.29196,21.5123,0.170069,1.0,41.6099,-1.5799,,False,False,True,0.003111560910974847,0.0003381820076458408,-0.0008640178517658095,0.0012021998594116503,0.0027708770439789027,-0.0006903935914161618,0.275,0.002773378903329006,0.0019032332639319638,500,1.0,False,0.0,-0.003929986661780087
1263369,DES,1240,11,0.31262,21.7035,0.147254,1.0,43.2295,-0.5418,,False,False,True,0.0006761768244167228,-0.002571298993667824,-0.0014998968140900269,-0.0010714021795777972,0.001289795074230599,0.005664810240890973,0.32500000000000007,0.003247475818084547,0.002181033684618703,500,1.0,False,0.0,-0.012736080079936242
1334423,DES,1336,11,0.358,22.1009,0.213552,1.0,42.2137,-0.1522,,False,False,True,0.00909344463028015,0.0048904304019906164,-0.0010556396938547954,0.005946070095845411,0.010510746549184796,-0.010682737564033214,0.3750000000000001,0.004203014228289534,0.0027658319392477116,500,1.0,False,0.0,0.07622145628650052
1280217,DES,1339,11,0.35909,21.9002,0.304482,1.0,40.8943,-1.5184,,False,False,True,0.0005035744888166513,-0.0037216178513090705,-0.0025712949084339323,-0.0011503229428751387,0.0027410807735601243,0.008205689820286714,0.3750000000000001,0.004225192340125722,0.002779649609725669,500,1.0,False,0.0,-0.13211967907838934
1294014,DES,1346,11,0.3628,21.9922,0.208254,1.0,42.8035,-0.6691,,False,False,True,0.0007571767986069108,-0.00354350250932822,-0.002226818343897166,-0.001316684165431054,0.003990820737903258,0.007815107276431086,0.3750000000000001,0.0043006793079351305,0.002826680396398348,500,1.0,False,0.0,-0.06596731215952538
1281886,DES,1382,11,0.38402,22.2652,0.200026,1.0,41.7252,-1.0099,,False,False,True,0.0015611758624035138,-0.003208108555489436,-0.0016359680408450958,-0.0015721405146443402,0.0064310950700364996,0.007068473296324375,0.3750000000000001,0.00476928441789295,0.003111173505236246,500,1.0,False,0.0,0.06374504030242896
1296273,DES,1391,11,0.39706,22.006,0.166358,1.0,41.0798,-0.4504,,False,False,True,0.04168432767284767,0.03659645519019536,0.010150827291786419,0.02644562789840894,0.016992169484151422,-0.08172716010447745,0.3750000000000001,0.005087872482652309,0.003298875217108044,500,1.0,False,0.0,-0.2799008772511015
1306390,DES,1402,11,0.4092,22.4875,0.36265,1.0,43.3164,-0.0301,,False,False,True,0.0006983855435694385,-0.004686086563789819,-0.0025610376815958765,-0.0021250488821939425,0.002495842740006716,0.01036453548342707,0.42500000000000016,0.005384472107359258,0.003473622056227953,500,1.0,False,0.0,0.10140940119535115
1307277,DES,1406,11,0.41123,22.409,0.316941,1.0,41.7388,-0.2355,,False,False,True,0.011665360008311528,0.006231291752834058,0.0074182330068756665,-0.0011869412540416082,0.008178796694218044,-0.013554866025899271,0.42500000000000016,0.00543406825547747,0.0035028424914349886,500,1.0,False,0.0,0.010351779648360215
1315296,DES,1409,11,0.41266,22.5363,0.329022,1.0,40.3016,-0.7644,,False,False,True,0.0058594042922493796,0.00039039884868863513,-0.0006355281603136237,0.0010259270090022593,0.007328161372540007,-0.0007355640765161677,0.42500000000000016,0.005469005443560744,0.003523426344807433,500,1.0,False,0.0,0.12884036707823665
1312274,DES,1426,11,0.42459,22.4953,0.193961,1.0,42.611,-0.3617,,False,False,True,0.002409598833679928,-0.003350875598575537,-0.001077111767419843,-0.002273763831155694,0.0020098437394235258,0.007481581291625121,0.42500000000000016,0.005760474432255465,0.0036951503802852355,500,1.0,False,0.0,0.015418470749089985
1258940,DES,1428,11,0.42602,22.4987,0.173359,1.0,42.7148,-0.5251,,False,False,True,0.0032581596338409975,-0.0025365360463136867,-0.0002777476090460706,-0.0022587884372676156,0.00554048127705397,0.00568082569430526,0.42500000000000016,0.005794695680154684,0.003714994136725754,500,1.0,False,0.0,0.010265171550756357
1306029,DES,1434,11,0.42903,22.5736,0.249299,1.0,40.8416,-1.9578,,False,False,True,0.003670906912761954,-0.0021952151581229114,9.812396355387458e-05,-0.002293339121676786,0.0034706516391735252,0.004961045058595657,0.42500000000000016,0.005866122070884865,0.0037561369773948822,500,1.0,False,0.0,0.06724848130560458
1333246,DES,1441,11,0.43783,22.629,0.355854,1.0,41.384,-0.0616,,False,False,True,0.0014062370591759155,-0.00466870635337858,-0.002359131303042438,-0.002309575050336142,0.006875013458825224,0.010316609837391749,0.42500000000000016,0.006074943412554495,0.003876421694301302,500,1.0,False,0.0,0.07093181765152336
1316437,DES,1476,11,0.47204,22.7844,0.255487,1.0,42.5626,-0.745,,False,False,True,0.0009812825742450352,-0.005905453804050153,-0.0031412567241843378,-0.0027641970798658157,0.001486590777351865,0.01311082849157555,0.4750000000000001,0.006886736378295188,0.004344028531275012,500,1.0,False,0.0,0.05475458058353133
1338430,DES,1508,11,0.51726,22.8402,0.188517,1.0,40.6393,-1.2547,,False,False,True,0.0010064024180020327,-0.006849792021944922,-0.0037152116833085946,-0.003134580338636326,0.005652451999487477,0.01520607588420783,0.5250000000000001,0.007856194439946954,0.00510292898006171,500,1.0,False,0.0,-0.09215210905997334
1295921,DES,1514,11,0.524,22.9244,0.368248,1.0,42.6149,-0.8718,,False,False,True,0.0024665448326541967,-0.0055330649023758015,-0.002676573782109166,-0.0028564911202666353,0.007350527610782392,0.012326949915567565,0.5250000000000001,0.007999609735029998,0.005217512336347115,500,1.0,False,0.0,-0.041313557111084365
1338471,DES,1520,11,0.53124,23.2723,0.379971,1.0,41.2916,-1.5649,,False,False,True,0.00786190763441557,-0.0002835909090369189,0.002741942643883736,-0.003025533552920656,0.005213854518878558,0.0009080403192640446,0.5250000000000001,0.008145498543452489,0.0053034988198321885,500,1.0,False,0.0,0.2711970610945584
1289555,DES,1542,11,0.56181,23.0407,0.226224,1.0,40.7331,-1.3929,,False,False,True,0.0004387395900677057,-0.008317230951704627,-0.004818592647150802,-0.003498638304553824,0.003775298189710983,0.018488299683060355,0.5750000000000002,0.008755970541772332,0.005641463816201213,500,1.0,False,0.0,-0.1133222545030403
1330903,DES,1546,11,0.56437,23.2351,0.205824,1.0,41.1163,-0.645,,False,False,True,0.006760302232509859,-0.0020467905963314553,0.00021013183825082174,-0.002256922434582277,0.014433055962311557,0.00462484602056437,0.5750000000000002,0.008807092828841314,0.005669765758978599,500,1.0,False,0.0,0.06930943301909558
1332059,DES,1558,11,0.57891,23.2787,0.230108,1.0,40.8651,-1.2774,,False,False,True,0.0009612993551266889,-0.008137605629249197,-0.00470387591077846,-0.003433729718470739,0.008492328295613798,0.018056162930149767,0.5750000000000002,0.009098904984375886,0.005845430385153012,500,1.0,False,0.0,0.047011779761858816
1338387,DES,1566,11,0.5839,23.1669,0.197532,1.0,40.4513,-0.3686,,False,False,True,0.003571742264568156,-0.005628666270505048,-0.0019771070981721515,-0.0036515591723328975,0.00384633646935461,0.012673588284786114,0.5750000000000002,0.009200408535073205,0.00591963619142915,500,1.0,False,0.0,-0.08704305823142384
1343871,DES,1596,11,0.63794,23.6107,0.309645,1.0,43.5025,-0.3703,,False,False,True,0.000988794517044588,-0.009340217531489108,-0.00516010323963153,-0.004180114291857577,0.0017707486250254669,0.020858242545952643,0.6250000000000002,0.010329012048533695,0.006648205465480658,500,1.0,False,0.0,0.11722295095233032
390259,PS1MD,768,8,0.12231,19.3589,0.22956,1.0,242.396,53.8672,,False,False,True,0.004029654193470836,0.003529857940213463,0.003529991985207458,-1.340449939946599e-07,0.0035673643851815997,-0.0076881153810762284,0.125,0.0004997962532573732,0.00029118520973428063,500,1.0,False,0.0,-0.07756832007269326
180166,PS1MD,820,8,0.14778,19.908,0.168022,1.0,242.843,55.0642,,False,False,True,6.5595442035644585e-06,-0.0007460989794445375,-0.0006802422591135345,-6.585672033100299e-05,0.00012136405131607659,0.001634198659396512,0.125,0.0007526585236481019,0.0005262580913931443,500,1.0,False,0.0,0.027687163605534526
040780,PS1MD,1028,8,0.23082,20.8187,0.295617,1.0,243.62,54.7258,,False,False,True,0.0007403387289445628,-0.0009569727838282297,-0.0006164269575367307,-0.000340545826291499,0.0006801958993061184,0.0021157623323991423,0.22500000000000003,0.0016973115127727925,0.001270320426297487,500,1.0,False,0.0,-0.11558284302468619
390449,PS1MD,1088,8,0.25022,21.1234,0.216542,1.0,242.951,54.4558,,False,False,True,0.0014966205669763796,-0.000516730699254717,-0.00012531863257840125,-0.00039141206667631535,0.0035048774550555458,0.0011584392387705132,0.275,0.0020133512662310967,0.0014631437842918035,500,1.0,False,0.0,-0.013076431493792522
520019,PS1MD,1124,8,0.26323,21.3858,0.167936,1.0,241.861,54.4578,,False,False,True,0.00021380960600022138,-0.002011483783555233,-0.0014775949367310534,-0.0005338888468241795,0.0007122206372332561,0.0044198441870298205,0.275,0.0022252933895554544,0.0015924547063281987,500,1.0,False,0.0,0.12503510652180785
390264,PS1MD,1189,8,0.29221,21.1699,0.291222,1.0,243.373,53.9909,,False,False,True,0.017709221639959985,0.014829403764863129,-0.0013832260984560866,0.016212629863319217,0.006112448826228273,-0.03253176228380805,0.275,0.002879817875096856,0.0020414668013638915,500,1.0,False,0.0,-0.34844902270694694
150509,PS1MD,1192,8,0.29293,21.4928,0.172198,1.0,241.234,54.8781,,False,False,True,0.0016816096366451812,-0.0012175692870129138,-0.0011461478006904295,-7.142148632248392e-05,0.0022367122476817827,0.0026909000273015364,0.275,0.002899178923658095,0.002055357486707678,500,1.0,False,0.0,-0.03164248510736818
170428,PS1MD,1207,8,0.3002,21.7307,0.196309,1.0,243.619,54.003,,False,False,True,0.0009931078138772894,-0.002101563919558876,-0.001395498137990002,-0.0007060657815688733,0.00198970814520625,0.004632982586896971,0.32500000000000007,0.0030946717334361653,0.00219561482344286,500,1.0,False,0.0,0.11518641741855937
520062,PS1MD,1227,8,0.30818,21.9488,0.137016,1.0,244.451,54.6334,,False,False,True,0.0006086530920964291,-0.002700603596226806,-0.0015403627885337788,-0.001160240807693027,0.004343560745422008,0.0059302310926453525,0.32500000000000007,0.0033092566883232352,0.002349569919336499,500,1.0,False,0.0,0.26813853283429584
040782,PS1MD,1302,8,0.33751,21.7568,0.235699,1.0,242.077,54.9081,,False,False,True,0.009815577511272187,0.005718309582730646,0.007029117455365887,-0.0013108078726352407,0.005252242788101661,-0.012459115588537191,0.32500000000000007,0.0040972679285415405,0.00291423747126364,500,1.0,False,0.0,-0.15059749605223907
160198,PS1MD,1320,8,0.3491,21.9969,0.156289,1.0,242.905,53.9703,,False,False,True,0.0045980427977908795,0.0001897481551915636,0.0006328105087424676,-0.00044306235355090376,0.009376886743762173,-0.0004163192302758349,0.32500000000000007,0.004408294642599316,0.0031367411129946433,500,1.0,False,0.0,0.00490827268021795
070955,PS1MD,1322,8,0.34932,21.8876,0.155629,1.0,241.475,55.1978,,False,False,True,0.0023996136135759107,-0.00201458490107627,-0.00200348550977805,-1.1099391298220263e-05,0.003141162997633827,0.0044740538024949815,0.32500000000000007,0.0044141985146521805,0.003140964650628881,500,1.0,False,0.0,-0.10597216719071803
160197,PS1MD,1333,8,0.35372,22.1127,0.190035,1.0,241.617,53.8718,,False,False,True,0.003213240305121477,-0.0013190356505880106,-0.002305980397413885,0.0009869447468258746,0.003920514116654157,0.0029625788997702717,0.3750000000000001,0.004532275955709488,0.0032254354033136434,500,1.0,False,0.0,0.11823538780953775
160070,PS1MD,1340,8,0.35909,22.1899,0.168965,1.0,243.192,54.8737,,False,False,True,0.002851522251389021,-0.001824861853974501,6.936885569081052e-05,-0.0018942307096653115,0.004282676745990458,0.00406458335177221,0.3750000000000001,0.004676384105363522,0.003328528117385731,500,1.0,False,0.0,0.1575803209216105
510578,PS1MD,1358,8,0.37023,22.1264,0.186837,1.0,241.233,53.9121,,False,False,True,0.0017700794727607907,-0.00320525524473419,-0.0011134215019247148,-0.002091833742809475,0.0024251980035498357,0.007094409378073329,0.3750000000000001,0.004975334717494981,0.0035423927048648814,500,1.0,False,0.0,0.01719690553829529
160200,PS1MD,1424,8,0.4236,22.5873,0.399906,1.0,242.608,54.1496,,False,False,True,0.0059877017328912735,-0.0003387887522858877,-0.0009142246645522322,0.0005754359122663441,0.0075646432019076644,0.0008467733687805203,0.42500000000000016,0.006326490485177161,0.004267028184255696,500,1.0,False,0.0,0.11335572730325096
050003,PS1MD,1429,8,0.427,22.56,0.227945,1.0,242.219,55.0048,,False,False,True,0.0013249889390132108,-0.0050847037086704855,-0.002355647050505537,-0.0027290566581649484,0.004389069210251182,0.011235023559044441,0.42500000000000016,0.006409692647683696,0.004317238861237227,500,1.0,False,0.0,0.06571891014475652
050201,PS1MD,1533,8,0.55021,23.0723,0.19401,1.0,241.703,54.9809,,False,False,True,0.014342581854907617,0.004954766031399549,-0.0023535306322618756,0.007308296663661423,0.013910050678187943,-0.010784351099631238,0.5750000000000002,0.009387815823508068,0.006551601589836314,500,1.0,False,0.0,-0.027754115834299504
050203,PS1MD,1552,8,0.57619,23.2357,0.200291,1.0,242.793,55.1223,,False,False,True,0.05222637558577699,0.04224263445510401,-0.004174095135046781,0.04641672959015079,0.0042876609846505525,-0.09436317351530119,0.5750000000000002,0.009983741130672977,0.007010523781806834,500,1.0,False,0.0,0.016219283503182063
460003,PS1MD,827,17,0.15084,19.9157,0.131373,1.0,128.835,43.8555,,False,False,True,0.0015119630604831613,0.0007568059306290447,0.0008984320966245195,-0.00014162616599547472,0.0020634551537180978,-0.0016417546808743279,0.17500000000000004,0.0007551571298541166,0.0005800439256602629,500,1.0,False,0.0,0.007478970962903524
360112,PS1MD,892,17,0.18086,20.3621,0.244722,1.0,130.673,43.5966,,False,False,True,0.0018201928764350096,0.0006275394834601067,0.0008456691196192471,-0.00021812963615914035,0.0026857277256295453,-0.0013589086241155772,0.17500000000000004,0.001192653392974903,0.0009329973731111532,500,1.0,False,0.0,0.022462826794104065
470232,PS1MD,949,17,0.20083,20.7308,0.251511,1.0,129.546,45.2023,,False,False,True,6.148124922703315e-05,-0.001439545174813798,-0.001001141124201607,-0.0004384040506121908,0.0007717186220857981,0.003148744101010181,0.22500000000000003,0.001501026424040831,0.001129980008448247,500,1.0,False,0.0,0.13344076181876136
460105,PS1MD,975,17,0.21084,20.7102,0.221376,1.0,129.37,44.0453,,False,False,True,0.0032443165594048125,0.00158871757447415,-0.0001864649024221484,0.0017751824768962982,0.007012576997285848,-0.0034764448735752408,0.22500000000000003,0.0016555989849306625,0.001228717924308252,500,1.0,False,0.0,-0.004525845477910736
330083,PS1MD,1012,17,0.22385,20.7632,0.170696,1.0,129.496,43.2977,,False,False,True,8.193373706719934e-05,-0.00177456325157742,-0.0012042333275989782,-0.000570329923978442,0.00034516936662927364,0.003885459327442852,0.22500000000000003,0.0018564969886446193,0.0013570476231432836,500,1.0,False,0.0,-0.09656604743368985
580300,PS1MD,1056,17,0.24085,21.1486,0.164535,1.0,130.334,44.7877,,False,False,True,0.00019840690249118718,-0.0018950348699230892,-0.0012617583222026315,-0.0006332765477204581,0.0016150280091105063,0.004151260232921509,0.22500000000000003,0.0020934417724142763,0.0015181598457149423,500,1.0,False,0.0,0.11066635656908391
350080,PS1MD,1169,17,0.28588,21.418,0.171088,1.0,130.635,43.9989,,False,False,True,0.0019531855612841187,-0.0007867592966635142,-0.0001651205452608967,-0.0006216387514026185,0.0012637769379315548,0.0017615438237543503,0.275,0.002739944857947633,0.002053091364716717,500,1.0,False,0.0,-0.04617104537833945
580270,PS1MD,1197,17,0.29587,21.7459,0.163566,1.0,130.2,44.5906,,False,False,True,0.0021280996674591535,-0.0007718404553151131,8.32035293267851e-05,-0.0008550439846418988,0.001790716934503224,0.0017345657072954821,0.275,0.0028999401227742666,0.002247973254390353,500,1.0,False,0.0,0.19671888407150553
350078,PS1MD,1209,17,0.30089,21.9199,0.293486,1.0,130.663,43.7841,,False,False,True,0.0038168060957365964,0.0008364679519983964,0.0009897601222308484,-0.00015329217023245202,0.005896600620959921,-0.0017963423759489276,0.32500000000000007,0.0029803381437382,0.002345901891643771,500,1.0,False,0.0,0.29869040996338075
110716,PS1MD,1249,17,0.31588,21.9503,0.231736,1.0,128.986,43.4945,,False,False,True,0.005335953570768523,0.002115542452080249,0.003070447300530249,-0.0009549048484499999,0.013433075673441845,-0.004731308909092646,0.32500000000000007,0.003220411118688274,0.002638322264637546,500,1.0,False,0.0,0.2082404047591698
480184,PS1MD,1286,17,0.33089,21.9056,0.237926,1.0,129.736,43.3139,,False,False,True,0.010975653648676547,0.007510679187452824,0.008568433535594406,-0.0010577543481415808,0.009369014179456379,-0.016451730862171166,0.32500000000000007,0.0034649744612237224,0.0028836484585318943,500,1.0,False,0.0,0.047737092416393866
470244,PS1MD,1344,17,0.36091,22.1798,0.195675,1.0,130.408,43.7715,,False,False,True,0.0017105965652896536,-0.0022564183051181465,-0.0014931148601980552,-0.0007633034449200913,0.00430515427009188,0.004984715092688477,0.3750000000000001,0.0039670148704078,0.0032272525891870376,500,1.0,False,0.0,0.13476955133996432
350083,PS1MD,1352,17,0.3679,22.0097,0.163359,1.0,130.138,44.3739,,False,False,True,0.0018701198497445973,-0.0022137925043473035,-0.000981797940330869,-0.0012319945640164353,0.007370791215581291,0.004859500275545256,0.3750000000000001,0.004083912354091901,0.0033072590140131356,500,1.0,False,0.0,-0.0836016872733331
110719,PS1MD,1431,17,0.42793,23.0227,0.237078,1.0,129.923,43.9644,,False,False,True,0.005939684446833511,0.0009002110969044694,0.0024220663238341913,-0.0015218552269297232,0.0074466442838750264,-0.0018991019476389311,0.42500000000000016,0.0050394733499290415,0.003988385954987109,500,1.0,False,0.0,0.5228824825140422
330106,PS1MD,1518,17,0.53099,22.6272,0.232749,1.0,130.009,43.7419,,False,False,True,0.011905725408112031,0.005284835368900548,0.0064647339095720855,-0.0011798985406715375,0.012982002218792872,-0.01158262544660352,0.5250000000000001,0.006620890039211483,0.005202023573868263,500,1.0,False,0.0,-0.372688520749555
110426,PS1MD,1528,17,0.54097,23.0261,0.23188,1.0,130.013,44.8943,,False,False,True,0.003142120183733154,-0.003647751071098385,-0.004106930953113209,0.0004591798820148263,0.004654408932790687,0.008136910640441596,0.5250000000000001,0.006789871254831539,0.005297822694732428,500,1.0,False,0.0,-0.021854646466980043
110721,PS1MD,1556,17,0.57831,23.1982,0.23966,1.0,130.216,44.1143,,False,False,True,0.0030370339428889884,-0.004383793461228403,-0.0022744001516961003,-0.0021093933095323015,0.0033571250251971945,0.00978113240144304,0.5750000000000002,0.007420827404117391,0.005666720011469838,500,1.0,False,0.0,-0.030800063450770316
Elvis,HST,1671,58,0.83981,24.107,0.210118,1.0,189.451,62.2265,,False,False,True,0.0034784571664722074,-0.006086341908896333,-0.0030680722528810644,-0.0030182696560152687,0.010565948694123029,0.013558399276045803,0.8250000000000003,0.00956479907536854,0.006404656990469529,200,1.0,False,0.0,0.03579747407250081
Spock,HST,1672,58,0.83981,23.9482,0.389488,1.0,189.277,62.2533,,False,False,True,0.005608197304262654,-0.003956601771105886,-0.0009305970912575016,-0.003026004679848385,0.0057173348909487914,0.009002413733090233,0.8250000000000003,0.00956479907536854,0.006404656990469529,200,1.0,False,0.0,-0.12300252592749858
Manipogo,HST,1673,58,0.85482,24.3638,0.298695,1.0,189.145,62.2636,,False,False,True,0.0012559207219454073,-0.008563037640868562,-0.00549347416585152,-0.0030695634750170417,0.0034340259169862862,0.019086227569653866,0.8750000000000002,0.009818958362813969,0.0065217207998407006,200,1.0,False,0.0,0.0
Vilas,HST,1674,58,0.93585,24.2801,0.238415,1.0,189.371,62.1911,,False,False,True,0.004718543907754333,-0.006591660022989107,-0.003034857671538006,-0.0035568023514510995,0.007658700725571954,0.014861687257773003,0.9250000000000003,0.01131020393074344,0.007448981618964432,200,1.0,False,0.0,0.0
Eagle,HST,1677,58,1.01988,25.0227,0.224284,1.0,189.337,62.2282,,False,False,True,0.03164549658927227,0.018785117606479322,0.022807175051992548,-0.004022057445513228,0.011160646582994059,-0.04126129027365488,1.0250000000000004,0.012860378982792952,0.008452056300440082,200,1.0,False,0.0,0.0034440681807542672
Ferguson,HST,1678,58,1.02088,24.7176,0.474703,1.0,189.105,62.2566,,False,False,True,0.019989897377329795,0.007110966610272166,0.010512752722299148,-0.0034017861120269827,0.022744112403158667,-0.01567592117613072,1.0250000000000004,0.01287893076705763,0.00846818953074727,200,1.0,False,0.0,-0.3042444089057713
Strolger,HST,1679,58,1.02789,25.2834,0.352352,1.0,189.086,62.1807,,False,False,True,0.004086345463644007,-0.008923158621382874,-0.005082664299677961,-0.0038404943217049156,0.009117703346313276,0.020065356525783715,1.0250000000000004,0.013009504085026881,0.008545179804223578,200,1.0,False,0.0,0.2434804728435428
Gabi,HST,1681,58,1.12092,25.1875,0.221994,1.0,189.058,62.2021,,False,False,True,0.008383324475856891,-0.006323425746101553,-0.0021810779632357516,-0.004142347782865801,0.02304394726830027,0.014042422443664378,1.1250000000000004,0.014706750221958444,0.009055845145356624,200,1.0,False,0.0,0.0
Lancaster,HST,1683,58,1.23597,25.652,0.2724,1.0,189.236,62.2148,,False,False,True,0.011316651729129613,-0.005260280427364683,-0.0012877126466715426,-0.00397256778069314,0.019614448089608997,0.012037641801144763,1.2250000000000005,0.016576932156494296,0.009937949141318979,200,1.0,False,0.0,0.09584706092583245
Borg,HST,1689,58,1.34101,25.5011,0.305203,1.0,189.288,62.1914,,False,False,True,0.019429074776199227,0.0013567085340213426,0.006199681313051285,-0.0048429727790299405,0.017260922763774528,-0.002325431698328266,1.3250000000000006,0.018072366242177885,0.010637939395416834,200,1.0,False,0.0,-0.10336211919224611
Sasquatch,HST,1692,58,1.39103,25.5414,0.37337,1.0,189.225,62.1397,,False,False,True,0.025370044657687264,0.0066559920565576955,0.011584308443509207,-0.00492831638695151,0.019510755417042436,-0.014128169682245569,1.3750000000000004,0.018714052601129568,0.010842864626373416,200,1.0,False,0.0,0.005996231183985429
1302648,DES,1033,36,0.23164,20.8345,0.235724,1.0,10.0026,-44.0541,,False,False,True,0.00024064473605977718,-0.0015746315728445088,-0.0007121406537733575,-0.0008624909190711513,0.00037643890884159236,0.003451496804792065,0.22500000000000003,0.0018152763089042858,0.0012507288903734189,500,1.0,False,0.9496139780577001,-0.10841193058847748
1275946,DES,1034,36,0.23205,20.9515,0.157205,1.0,10.404,-43.6378,,False,False,True,0.00037007414170391056,-0.0014527181422749975,-0.0006508742597729117,-0.0008018438825020855,0.0019866877977128988,0.0031839229954680483,0.22500000000000003,0.001822792283978908,0.0012552712948516787,500,1.0,False,0.7329136690647482,0.0042841388854030805
1289288,DES,1182,36,0.28995,21.4863,0.270091,1.0,10.1789,-43.9483,,False,False,True,0.0007802979722771617,-0.002102642821244599,-0.0011639637540407548,-0.000938679067203844,0.002183237569397646,0.004625758228225875,0.275,0.0028829407935217605,0.001982916072285269,500,1.0,False,0.8752855185015989,-0.012831647080022672
1291090,DES,1186,36,0.29193,21.5076,0.175644,1.0,9.4631,-43.7215,,False,False,True,0.0004014893236221988,-0.0025175820716983955,-0.0011355632520466433,-0.0013820188196517521,0.002489209306653644,0.0055260022361915545,0.275,0.0029190713953205945,0.0020162648627387956,500,1.0,False,0.9979270315091211,-0.00837558949487423
1281668,DES,1226,36,0.30691,21.7043,0.147609,1.0,9.4105,-43.9203,,False,False,True,0.00025073120066301574,-0.002941691919378044,-0.0012649565103923855,-0.0016767354089856582,0.0006900010895874135,0.0064668436951786324,0.32500000000000007,0.0031924231200410598,0.0022685703581902202,500,1.0,False,0.9460721868365181,0.03390142807080528
1258906,DES,1321,36,0.34912,22.029,0.204259,1.0,10.262,-44.3941,,False,False,True,0.0004048910596324985,-0.0035431247252026964,-0.0014876014525573356,-0.002055523272645361,0.00292590260951618,0.007794777148008841,0.32500000000000007,0.003948015784835195,0.0029062485900549473,500,1.0,False,0.9478798586572438,0.036864558178755745
1336008,DES,1440,36,0.4376,22.3723,0.163932,1.0,10.3212,-43.8862,,False,False,True,0.0072213779982065514,0.001022453130824193,-0.0024316166771442297,0.003454069807968423,0.013600616816845002,-0.0022808201771646365,0.42500000000000016,0.006198924867382358,0.004435584488738583,500,1.0,False,0.6598440545808967,-0.1844288855996189
1320166,DES,1454,36,0.44891,22.7345,0.213951,1.0,9.3464,-43.8719,,False,False,True,0.004400810294987835,-0.0021592378474414326,0.0013621397588614928,-0.003521377606302926,0.006326119265301397,0.004852858971130771,0.42500000000000016,0.006560048142429268,0.004640444725191165,500,1.0,False,0.9446790540540541,0.1126780726896436
1335472,DES,1497,36,0.50593,22.826,0.164502,1.0,9.5553,-44.0495,,False,False,True,0.0035280748577267073,-0.004832377878311196,-0.00043676683980756756,-0.004395611038503628,0.0051853743046494935,0.010837136197077338,0.5250000000000001,0.008360452736037903,0.005855922768577406,500,1.0,False,0.9077822762033289,-0.04933900666889751
1337117,DES,1538,36,0.55384,22.8297,0.175342,1.0,10.1815,-43.6449,,False,False,True,0.010893313120400809,0.0010101352427262008,0.006352507644559257,-0.005342372401833057,0.013206644945686723,-0.001988827782986112,0.5750000000000002,0.009883177877674608,0.006845967434100594,500,1.0,False,0.9753303964757709,-0.2873570190343219
1285317,DES,1545,36,0.56437,23.1398,0.219457,1.0,9.4725,-43.3145,,False,False,True,0.007290377956875598,-0.0029310065822309344,-0.0006405308896842267,-0.0022904756925467094,0.01593557961266847,0.0065911844515366864,0.5750000000000002,0.010221384539106532,0.0070402116550768445,500,1.0,False,0.9930244145490782,-0.02599056698090259
490008,PS1MD,766,7,0.12086,19.3818,0.30142,1.0,131.449,44.4206,,False,False,True,0.0036770152417671493,0.0031397033281011155,-0.00011166126218908548,0.003251364590290201,0.004310002443861702,-0.006847664902907885,0.125,0.0005373119136660336,0.0003524819310422637,500,1.0,False,0.0,-0.026851132340340367
000236,PS1MD,932,7,0.19616,20.4758,0.121857,1.0,131.58,44.0731,,False,False,True,0.0009729106460587256,-0.00018114656768763939,5.76380926136889e-05,-0.00023878466030132818,0.001145106505474799,0.0004052422223306709,0.17500000000000004,0.001154057213746365,0.0009050545373103917,500,1.0,False,0.0,-0.05857348358449975
500100,PS1MD,1236,7,0.31088,21.793,0.180631,1.0,131.639,45.3562,,False,False,True,0.0006849129490120881,-0.0014353300233745016,-0.0006609897424908965,-0.0007743402808836051,0.0015205814668286914,0.00316260140237248,0.32500000000000007,0.0021202429723865897,0.001491734579200917,500,1.0,False,0.0,0.09064924453339138
370394,PS1MD,1287,7,0.3309,21.743,0.210322,1.0,132.379,45.0022,,False,False,True,0.00027321485671195065,-0.001996791850958789,-0.001235700060114104,-0.0007610917908446855,0.0007223791737454114,0.0043894150111096,0.32500000000000007,0.00227000670767074,0.001567344569503548,500,1.0,False,0.0,-0.11493842315626815
470041,PS1MD,1292,7,0.33189,21.7619,0.141445,1.0,131.337,44.7548,,False,False,True,0.002736847693052661,0.00045943838193791353,-0.0012786568867261983,0.0017380952686641112,0.003476381056847041,-0.0009652939542531278,0.32500000000000007,0.0022774093111147474,0.0015712508449513619,500,1.0,False,0.0,-0.10350402036877462
110425,PS1MD,1376,7,0.38092,22.1981,0.199616,1.0,132.012,44.4493,,False,False,True,0.0006059432319124785,-0.0020373558463722087,-0.0013308469986422935,-0.0007065088477299151,0.0015893296394491906,0.0044893772245763654,0.3750000000000001,0.0026432990782846873,0.0017732265399491571,500,1.0,False,0.0,0.0171120907642966
110734,PS1MD,1394,7,0.40221,22.2265,0.197688,1.0,131.069,45.3442,,False,False,True,0.00030911440240168124,-0.002490766999068647,-0.0016434971163032247,-0.0008472698827654217,0.0012082732537280403,0.005482385514690425,0.42500000000000016,0.002799881401470328,0.0018878586431358918,500,1.0,False,0.0,-0.11590224670998582
110430,PS1MD,1419,7,0.42094,22.475,0.248656,1.0,132.249,44.8657,,False,False,True,0.0014444916991831354,-0.0014931439020648835,-0.0006426821448965504,-0.000850461757168333,0.004078584990247248,0.0033030091348883865,0.42500000000000016,0.002937635601248019,0.0019887068954932206,500,1.0,False,0.0,0.017072634758477655
110542,PS1MD,1430,7,0.42703,22.5818,0.196477,1.0,131.82,45.2976,,False,False,True,0.0001457434939035051,-0.0028394938561648922,-0.001975864109693289,-0.0008636297464716028,0.0008778496661566308,0.006247712362754508,0.42500000000000016,0.0029852373500683974,0.0020248070055558518,500,1.0,False,0.0,0.08734014032792471
100101,PS1MD,1435,7,0.42976,22.6689,0.196222,1.0,132.141,43.9852,,False,False,True,0.005871914530487675,0.0028628178924099586,0.003282393376748304,-0.00041957548433834606,0.004608541093608615,-0.006245034787931667,0.42500000000000016,0.0030090966380777167,0.0020439570600860927,500,1.0,False,0.0,0.15822089705825004
350374,PS1MD,1492,7,0.50098,22.8635,0.281843,1.0,131.336,44.239,,False,False,True,0.007897158663399594,0.004234456785487714,0.00432288120611485,-8.842442062713591e-05,0.01348330169417492,-0.009324337365767547,0.5250000000000001,0.0036627018779118795,0.0024961771556563962,500,1.0,False,0.0,0.013447075324031388
570062,PS1MD,773,9,0.12383,19.5712,0.147879,1.0,353.102,0.2956,,False,False,True,0.0002265429980880804,-0.0003666084225244725,-0.00035921882277575705,-7.389599748715506e-06,0.00032166929875530344,0.0008026107083926616,0.125,0.0005931514206125529,0.00039662650038279907,500,1.0,False,0.0,0.10590351622159827
310574,PS1MD,1046,9,0.23662,21.0106,0.154383,1.0,352.986,0.5363,,False,False,True,4.250190914402013e-05,-0.0013977216126007496,-0.0012722658382435996,-0.00012545577435714995,0.00019106890891808212,0.003057853463890817,0.22500000000000003,0.0014402235217447698,0.001104723764111167,500,1.0,False,0.0,0.015882385622873755
420087,PS1MD,1078,9,0.2486,21.2382,0.214234,1.0,352.767,0.1062,,False,False,True,0.00044160356504436454,-0.0011226805702467119,-0.001074624045281569,-4.8056524965142485e-05,0.001070849212710375,0.0024610060811020174,0.22500000000000003,0.0015642841352910763,0.0011908402941579032,500,1.0,False,0.0,0.12288116329240867
450082,PS1MD,1079,9,0.24861,21.1746,0.193762,1.0,353.356,0.3105,,False,False,True,0.0006187517880688415,-0.0009456359036609212,-0.0007930330752814276,-0.00015260282837949336,0.0022429582149229954,0.0020709950266831574,0.22500000000000003,0.0015643876917297626,0.00119091217773891,500,1.0,False,0.0,0.059182763092387514
310161,PS1MD,1094,9,0.2526,21.2092,0.164293,1.0,352.966,-0.6604,,False,False,True,0.002051112225209913,0.0004454055144442774,0.0006104518954645533,-0.00016504638102027598,0.004950900608250033,-0.0009635599202931534,0.275,0.0016057067107656357,0.0012195937265608197,500,1.0,False,0.0,0.04954624961483582
550041,PS1MD,1107,9,0.25859,21.2133,0.207532,1.0,352.54,-0.8664,,False,False,True,0.00054302794362394,-0.001124709073914849,-0.00109496704457364,-2.9742029341209178e-05,0.003698197539245126,0.0024588307300764823,0.275,0.001667737017538789,0.0012626519915841879,500,1.0,False,0.0,-0.003803583657421466
310051,PS1MD,1143,9,0.27057,21.2609,0.207561,1.0,353.412,-0.5525,,False,False,True,0.012397937638403925,0.01060614000731883,0.010820733617337491,-0.00021459361001866133,0.007362983573605433,-0.023234458368135265,0.275,0.0017917976310850956,0.0013487685216309238,500,1.0,False,0.0,-0.06749864558369274
440162,PS1MD,1412,9,0.41936,22.4333,0.190697,1.0,353.266,-0.9127,,False,False,True,0.002138023093830234,-0.0020594451540923184,-0.002260918124237877,0.00020147297014555835,0.005519989305387661,0.004543137878333581,0.42500000000000016,0.0041974682479225525,0.0030678147878678546,500,1.0,False,0.0,-0.015068862092018399
560054,PS1MD,1481,9,0.47988,22.6426,0.236258,1.0,353.296,-0.3364,,False,False,True,0.004333571686758894,-0.0010002470969200181,0.00018808885268546856,-0.0011883359496054871,0.004169631467775547,0.002295837786016719,0.4750000000000001,0.005333818783678912,0.0036994867298707082,500,1.0,False,0.0,-0.12926073766190094
310091,PS1MD,1499,9,0.50725,22.9828,0.178949,1.0,353.126,-0.1047,,False,False,True,0.0005233696584034652,-0.005444503266716001,-0.003781771062946854,-0.001662732203769147,0.0033594405753159464,0.012007525896224587,0.5250000000000001,0.005967872925119466,0.004264481460373894,500,1.0,False,0.0,0.10075728349126284
090201,PS1MD,1501,9,0.50825,22.7663,0.182324,1.0,353.328,-0.9507,,False,False,True,0.0023651993858060114,-0.003625839565672263,-0.004020045251304318,0.00039420568563205516,0.008057466329535173,0.007997496266235148,0.5250000000000001,0.005991038951478274,0.004285124307670321,500,1.0,False,0.0,-0.12081038263385163
1293758,DES,821,15,0.14803,19.9755,0.183004,1.0,8.4839,-43.3497,,False,False,True,0.012241839607041512,0.012073692146862722,0.012073716519846263,-2.4372983540704e-08,0.0005296852664862804,-0.02660668614451685,0.125,0.000168147460178789,8.46700388005754e-05,500,1.0,False,0.6239476145930777,0.09119815859931518
1273127,DES,918,15,0.18929,20.6829,0.227356,1.0,8.5563,-43.2759,,False,False,True,0.0017351590536635463,0.001413371775635075,0.0014475000991933367,-3.4128323558261864e-05,0.000578966585094313,-0.003079179763508553,0.17500000000000004,0.0003217872780284714,0.00018858983763597113,500,1.0,False,0.8214629451395573,0.23415146922698662
1327978,DES,964,15,0.20691,20.6695,0.278525,1.0,8.28,-44.1402,,False,False,True,0.00013364794979812476,-0.00030557927136157334,-0.00022085159745936742,-8.47276739022059e-05,0.0004294821164084409,0.000668181606466903,0.22500000000000003,0.0004392272211596981,0.0002755713170777901,500,1.0,False,0.07227138643067847,0.00022304568913628434
1303883,DES,1109,15,0.25904,21.2888,0.161457,1.0,8.8633,-44.9171,,False,False,True,0.00023211618106060058,-0.0009649316066094992,-0.0004999613204984582,-0.00046497028611104104,0.00043376375427122527,0.002115658862290489,0.275,0.0011970477876700998,0.0007526150972741085,500,1.0,False,0.9423170140571983,0.06743039847875658
1338128,DES,1238,15,0.31179,21.7847,0.209189,1.0,8.0837,-43.7408,,False,False,True,0.0009238071954671737,-0.0013397667348962914,-0.001073041456855754,-0.0002667252780405373,0.003484283449359739,0.002954884195198913,0.32500000000000007,0.002263573930363465,0.0014912026950665291,500,1.0,False,0.0,0.07507843054681337
1336009,DES,1311,15,0.34169,21.9592,0.319871,1.0,8.9162,-44.8937,,False,False,True,0.0008793297585768988,-0.0019807251396540375,-0.000879431835050552,-0.0011012933046034854,0.003226540042503239,0.004371901743665639,0.32500000000000007,0.002860054898230936,0.0018987168538244156,500,1.0,False,0.946225949679329,0.020987009523132004
1283936,DES,1355,15,0.36857,22.21,0.344494,1.0,8.8776,-44.3713,,False,False,True,0.00433971592670765,0.0009629815273413563,-0.0015158627984213472,0.0024788443257627037,0.009295212658140303,-0.002087836791790308,0.3750000000000001,0.0033767343993662937,0.002233050110892646,500,1.0,False,0.969428444838281,0.1121162528623288
1341370,DES,1401,15,0.40895,22.4472,0.2385,1.0,8.9639,-44.6767,,False,False,True,0.0023961205538281546,-0.001848068502855195,-0.0017970367858669016,-5.103171698829338e-05,0.009193359606740767,0.004086451375690609,0.42500000000000016,0.00424418905668335,0.0029043985733090043,500,1.0,False,0.9442559379544353,0.06265991478596446
1328105,DES,1447,15,0.44149,22.4293,0.181576,1.0,8.1871,-43.5769,,False,False,True,0.0063809409741289085,0.0014022644803773528,-0.0009680850180816538,0.0023703494984590075,0.01258461053726349,-0.0030613518516435477,0.42500000000000016,0.004978676493751556,0.003459170459112396,500,1.0,False,0.0,-0.14999258567203444
190340,PS1MD,800,13,0.1384,19.7699,0.121281,1.0,334.134,0.4733,,False,False,True,0.0001941976477504288,-0.0002568594259317814,-0.00019079417505500577,-6.606525087677565e-05,0.00028755737051454545,0.0005615160280567659,0.125,0.00045105707368221017,0.00033138606309563904,500,1.0,False,0.0,0.044023577268042235
190230,PS1MD,803,13,0.1388,19.7937,0.127924,1.0,333.937,0.4225,,False,False,True,0.0030734214042343966,0.002618649395592596,0.002684303309967776,-6.565391437518051e-05,0.00021291712696889148,-0.005726769578323819,0.125,0.0004547720086418008,0.0003340561929629451,500,1.0,False,0.0,0.061039969220629875
420407,PS1MD,1069,13,0.24523,21.2427,0.179625,1.0,333.949,-0.3155,,False,False,True,0.0005600961015676252,-0.0009079135045861939,-0.0006378973077297528,-0.0002700161968564408,0.003182793072665779,0.0019818520392130188,0.22500000000000003,0.0014680096061538191,0.0010341018898882828,500,1.0,False,0.0,0.16075265906362207
420414,PS1MD,1191,13,0.29256,21.4422,0.223209,1.0,334.276,0.0287,,False,False,True,0.00017882626373639068,-0.0018012903135624309,-0.0013813022800408447,-0.00041998803352158605,4.384936361557106e-05,0.00395049161133411,0.275,0.0019801165772988217,0.0013999285340249366,500,1.0,False,0.0,-0.0791128560302878
570025,PS1MD,1202,13,0.29855,21.4009,0.271544,1.0,335.06,0.3776,,False,False,True,0.00990192310114441,0.007860449598614634,0.00802259306422679,-0.0001621434656121562,0.005680930919773996,-0.017168512617769804,0.275,0.0020414735025297767,0.001449820148455809,500,1.0,False,0.0,-0.1706345425471225
430003,PS1MD,1274,13,0.32851,21.681,0.294415,1.0,333.38,-0.4529,,False,False,True,0.0006939599593654966,-0.0016687546668917367,-0.0013683694567964391,-0.00030038521009529654,0.00047383799211656876,0.0036740688325423917,0.32500000000000007,0.0023627146262572333,0.0017036335798960376,500,1.0,False,0.0,-0.15882979787075904
420417,PS1MD,1345,13,0.36147,21.8629,0.286753,1.0,333.495,-0.1916,,False,False,True,0.010179329209172666,0.007344208674063716,0.007286451332174846,5.775734188886983e-05,0.015754455942144297,-0.016255850386562853,0.3750000000000001,0.00283512053510895,0.0020182784517716493,500,1.0,False,0.0,-0.1860294933885846
550137,PS1MD,1413,13,0.41939,22.2074,0.220996,1.0,334.754,0.0297,,False,False,True,0.009408889350159533,0.005606352062659145,0.0065591324660860244,-0.0009527804034268801,0.009698960905696061,-0.012267326500821435,0.42500000000000016,0.003802537287500389,0.002743494032591469,500,1.0,False,0.0,-0.24115066489942183
510251,PS1MD,1055,37,0.2402,21.1317,0.262843,1.0,244.494,55.7428,,False,False,True,0.00045806193207583796,-0.001514328561355153,-0.0013037395810182233,-0.0002105889803369297,0.001842132944777189,0.0033399754889303903,0.22500000000000003,0.001972390493430991,0.001169358485788289,200,1.0,False,0.0,0.10036116277371593
520077,PS1MD,1087,37,0.25019,21.3435,0.222865,1.0,244.663,55.6842,,False,False,True,0.0003164401797785605,-0.0018288364683998102,-0.0015671363745109162,-0.0002617000938888939,0.0007699980388975974,0.004032322885698844,0.275,0.0021452766481783706,0.0013141641263924157,200,1.0,False,0.0,0.20731702039976077
520023,PS1MD,1137,37,0.26818,21.2093,0.230467,1.0,245.239,55.1548,,False,False,True,0.001716177166637199,-0.0007404330074576222,-0.0003435363266682081,-0.00039689668078941425,0.004119428444704003,0.001659701509482916,0.275,0.002456610174094821,0.0015749302399527987,200,1.0,False,0.0,-0.09726467130338796
050291,PS1MD,1266,37,0.32548,21.9743,0.19137,1.0,244.566,55.3847,,False,False,True,0.007601041579519553,0.00346818366420363,0.002054951422263423,0.001413232241940207,0.0122475147968824,-0.007630054971090153,0.32500000000000007,0.004132857915315923,0.003102912409384538,200,1.0,False,0.0,0.15760423434635448
050301,PS1MD,1318,37,0.34717,21.8644,0.242775,1.0,244.724,55.7829,,False,False,True,0.0018971846312616468,-0.0028165085223280217,-0.00135348109270831,-0.0014630274296197113,0.003975896598224369,0.006259633750110606,0.32500000000000007,0.0047136931535896685,0.0036312773528361054,200,1.0,False,0.0,-0.11368724270214195
050293,PS1MD,1342,37,0.36017,21.934,0.189244,1.0,244.449,55.3023,,False,False,True,0.02594106532663134,0.020879245935256578,0.01736025117395466,0.0035189947613019188,0.02043001255947473,-0.0463343296096094,0.3750000000000001,0.005061819391374762,0.003947955281138105,200,1.0,False,0.0,-0.1058695224789367
180313,PS1MD,1502,37,0.51016,22.8415,0.141859,1.0,244.319,55.3794,,False,False,True,0.004682662736037924,-0.004063113222763221,-0.0011653057977489443,-0.0028978074250142765,0.01341048818391137,0.009032398961057599,0.5250000000000001,0.008745775958801145,0.007052817328314509,200,1.0,False,0.0,-0.05526364318184501
140152,PS1MD,971,31,0.20879,20.6268,0.157351,1.0,162.393,57.6157,,False,False,True,0.0011506504598490625,-0.00033182963273991717,-0.00022494396342158775,-0.00010688566931832931,0.002928494461357358,0.000733111319208508,0.22500000000000003,0.0014824800925889797,0.0011349492324555439,500,1.0,False,0.0,-0.06431751414261538
350047,PS1MD,1037,31,0.23378,21.1618,0.194504,1.0,163.262,58.1363,,False,False,True,0.00014382747126470143,-0.0015947054583485046,-0.0009968284003129173,-0.0005978770580355872,0.0008281685577776109,0.0034909209055985777,0.22500000000000003,0.001738532929613206,0.0013075406538479682,500,1.0,False,0.0,0.196500926212199
000174,PS1MD,1068,31,0.24511,21.0806,0.207796,1.0,162.029,56.8502,,False,False,True,0.002387784069698048,0.0005238603790545283,0.0009047721526478625,-0.00038091177359333425,0.0029796599432776157,-0.0011252826679368716,0.22500000000000003,0.0018639236906435198,0.0013916727603601443,500,1.0,False,0.0,-0.00015122300051456303
150457,PS1MD,1214,31,0.30352,21.6674,0.139941,1.0,161.353,57.2179,,False,False,True,0.0007218722089789727,-0.001760861801620267,-0.0014596564426144342,-0.00030120535900583247,0.002399678560629371,0.0038704055029881988,0.32500000000000007,0.0024827340105992397,0.001909111795834393,500,1.0,False,0.0,0.024589835414377946
350027,PS1MD,1223,31,0.30581,21.6921,0.163275,1.0,163.119,57.8072,,False,False,True,0.0008988220004429875,-0.001607037905514045,-0.0008632628947317526,-0.0007437750107822923,0.003567662730739537,0.0035285698780583817,0.32500000000000007,0.0025058599059570325,0.0019328378416403375,500,1.0,False,0.0,0.030622370757384575
340334,PS1MD,1225,31,0.30681,21.907,0.237566,1.0,163.263,57.8064,,False,False,True,0.0027587626324335306,0.0002428040822154533,0.0010487957036673763,-0.0008059916214519232,0.00624862457670609,-0.0005157635017599173,0.32500000000000007,0.0025159585502180773,0.00194319856033289,500,1.0,False,0.0,0.2374111987814441
040150,PS1MD,1379,31,0.38185,22.3085,0.197057,1.0,162.098,57.1482,,False,False,True,0.00039220128143242555,-0.0029777734128031037,-0.0020095640708333077,-0.0009682093419697958,0.000905835474437466,0.006550510857680867,0.3750000000000001,0.0033699746942355293,0.002609200797521989,500,1.0,False,0.0,0.12135577840710361
390627,PS1MD,846,18,0.16061,20.1712,0.258956,1.0,212.627,53.9,,False,False,True,0.0036452295177189435,0.0027551095402377334,0.0027755151441637912,-2.0405603926057477e-05,0.0024052897715813853,-0.00599532145125632,0.17500000000000004,0.0008901199774812101,0.0005471242731354947,500,1.0,False,0.0,0.11438687320650211
500504,PS1MD,946,18,0.19961,20.4234,0.244669,1.0,212.459,53.4778,,False,False,True,0.0029506735173646264,0.0014854680958822071,0.00046593118658880034,0.001019536909293407,0.0019700608164479588,-0.0032787480649776454,0.17500000000000004,0.0014652054214824193,0.0009346609456005503,500,1.0,False,0.0,-0.15292611928138575
020176,PS1MD,1114,18,0.26062,21.2503,0.169147,1.0,211.862,53.3429,,False,False,True,0.0063417620823146715,0.003876780366269924,0.004529493577792414,-0.0006527132115224901,0.010976125063174877,-0.008520888218010217,0.275,0.0024649817160447476,0.0016268575010015404,500,1.0,False,0.0,0.014006077442425142
380378,PS1MD,1145,18,0.27141,21.3147,0.120414,1.0,213.525,53.4648,,False,False,True,0.002219526965584946,-0.0004132277481359117,-0.00033148116529890565,-8.174658283700603e-05,0.00036043957208058456,0.0009509369339995603,0.275,0.0026327547137208578,0.0017460700865710415,500,1.0,False,0.0,-0.021330131332056152
020090,PS1MD,1405,18,0.41004,22.4306,0.278663,1.0,212.879,53.5796,,False,False,True,0.0020502043284117743,-0.002634212677741099,-0.0020162165538637855,-0.0006179961238773136,0.0011665450048873613,0.005858350739332385,0.42500000000000016,0.004684417006152873,0.0032797697775484814,500,1.0,False,0.0,0.03930612622924924
050607,PS1MD,1444,18,0.43935,22.5732,0.200978,1.0,213.514,53.3622,,False,False,True,0.0028369388825222057,-0.0023682987504231967,-0.0016788313123418238,-0.0006894674380813727,0.0028727788567804034,0.005292226197132852,0.42500000000000016,0.005205237632945402,0.003624347271938966,500,1.0,False,0.0,0.00629728308432943
050005,PS1MD,1516,18,0.52859,22.8325,0.186889,1.0,211.812,53.9976,,False,False,True,0.012676277718624122,0.005707932579103369,0.0017584456608034562,0.003949486918299916,0.005661947340211171,-0.01234783527187201,0.5250000000000001,0.0069683451395207525,0.004566698040784166,500,1.0,False,0.0,-0.15570263023820213
1291957,DES,1365,53,0.37138,22.081,0.165922,1.0,7.2,-43.5623,,False,False,True,0.0012992227143151804,-0.0006666623323672567,0.0001781307970999482,-0.0008447931294672052,0.004412560179265099,0.0014735732839913753,0.3750000000000001,0.001965885046682437,0.0012562359050936058,200,1.0,False,0.0,-0.03601722245316446
1338170,DES,1384,53,0.38672,22.1261,0.269458,1.0,6.6699,-42.9641,,False,False,True,0.0019061805665353507,-0.0002057446654938561,6.663419572115054e-05,-0.0002723788612150062,0.0025826685950001414,0.0004858744899008515,0.3750000000000001,0.002111925232029207,0.0013281672027236381,200,1.0,False,0.0,-0.09305642061477208
1290127,DES,1460,53,0.45218,22.7429,0.318935,1.0,6.6908,-43.434,,False,False,True,0.0011821835209594063,-0.0016529253791678848,-0.0005796169908133429,-0.0010733083883545417,0.00484318732590422,0.003645658593823527,0.4750000000000001,0.002835108900127291,0.0018657058116059383,200,1.0,False,0.0,0.12320214346064595
1253101,DES,1461,53,0.45328,22.5423,0.206024,1.0,7.4651,-43.1378,,False,False,True,0.04292277890419639,0.04007300623419294,0.0008961204956340761,0.03917688573855886,0.0068076142108430505,-0.0890498334505851,0.4750000000000001,0.0028497726700034576,0.0018811321047983297,200,1.0,False,0.0,-0.08360462064296137
1334302,DES,1463,53,0.45458,22.5343,0.207487,1.0,7.3673,-43.3882,,False,False,True,0.0009893717035283224,-0.001877730876328786,-0.0007435237678808563,-0.0011342071084479294,0.0020712387589117177,0.004154389172236109,0.4750000000000001,0.0028671025798571084,0.0018993631785711549,200,1.0,False,0.0,-0.09892176764291272
1306980,DES,1532,53,0.54881,22.9165,0.377591,1.0,7.0361,-43.2916,,False,False,True,0.007066424216962156,0.002908340820155766,0.004386768270932021,-0.001478427450776255,0.00719302128478379,-0.006302878116143006,0.5250000000000001,0.00415808339680639,0.002974380327553312,200,1.0,False,0.0,-0.1686312161978692
1337228,DES,1554,53,0.57737,23.392,0.289693,1.0,7.5248,-43.0341,,False,False,True,0.0009668586709522817,-0.0036295613646245145,-0.0023252870555615923,-0.0013042743090629213,0.0012937795392878994,0.008031260914455357,0.5750000000000002,0.004596420035576796,0.0032080080665087495,200,1.0,False,0.0,0.16721669565581257
430004,PS1MD,1032,35,0.23162,20.948,0.225294,1.0,351.113,-0.7542,,False,False,True,0.010308578781683982,0.008544188360889653,0.008654700563966859,-0.00011051220307720631,0.009425782705345515,-0.01875660088424722,0.22500000000000003,0.001764390420794329,0.0012694103669716478,200,1.0,False,0.0,0.0052981978289318755
420196,PS1MD,1201,35,0.29853,22.0175,0.23116,1.0,351.761,-1.0284,,False,False,True,0.000608982198920237,-0.0019211587335265616,-0.0015347586885937634,-0.00038640004493279816,0.000543823628282337,0.004225150199777788,0.275,0.0025301409324467988,0.002183040769891346,200,1.0,False,0.0,0.4461315851043866
570022,PS1MD,1211,35,0.30152,21.8556,0.20427,1.0,351.124,-0.4843,,False,False,True,0.0004884579417372425,-0.0020912705165903375,-0.002018663322975722,-7.260719361461553e-05,0.0015951720506191523,0.004594323134967316,0.32500000000000007,0.00257972845832758,0.002237338631773087,200,1.0,False,0.0,0.22920025659737994
550059,PS1MD,1255,35,0.3185,22.0815,0.326812,1.0,351.303,-1.0245,,False,False,True,0.0010768103567695907,-0.0017845221782990179,-0.0016125297279123685,-0.00017199245038664935,0.0015734092973528377,0.003932974105613967,0.32500000000000007,0.0028613325350686086,0.0025456923758372953,200,1.0,False,0.0,0.31886476507352374
530219,PS1MD,1273,35,0.32848,22.098,0.277388,1.0,351.529,-0.3194,,False,False,True,0.0008453594361358095,-0.0021857785619658074,-0.0017442806949585286,-0.0004414978670072786,0.0038895717966231174,0.004795360227804246,0.32500000000000007,0.0030311379981016167,0.0026773703998886427,200,1.0,False,0.0,0.25839828159790873
310090,PS1MD,1317,35,0.34696,22.1633,0.36936,1.0,351.308,-0.6051,,False,False,True,0.009106659118196593,0.005746245256855249,0.0016749862487410875,0.004071259008114162,0.001912631342604781,-0.01253939139010423,0.32500000000000007,0.0033604138613413433,0.0027497992225279976,200,1.0,False,0.0,0.18673000049880847
550202,PS1MD,1417,35,0.42036,22.5813,0.343127,1.0,351.8,-0.7829,,False,False,True,0.014826555237883302,0.010109314765021186,0.010660886299713398,-0.0005515715346922094,0.009928867744247748,-0.02216777430268778,0.42500000000000016,0.004717240472862114,0.003570676766079401,200,1.0,False,0.0,0.1268775634302487
1257695,DES,902,27,0.18375,20.427,0.149144,1.0,7.6016,-42.2982,,False,False,True,0.0007146186542862344,-5.231565203771716e-05,5.289153207440017e-05,-0.00010520718411211738,0.0024105031879473548,0.00011499742539090169,0.17500000000000004,0.0007669343063239516,0.0005787448381383044,200,1.0,False,0.0,0.0494330762866715
1331123,DES,1009,27,0.2215,20.9407,0.163954,1.0,8.0363,-42.5542,,False,False,True,0.00027646611208952,-0.001289574430627505,-0.00073617783832097,-0.0005533965923065349,0.000570997727783907,0.0028246327268315993,0.22500000000000003,0.0015660405427170248,0.0011450294263958523,200,1.0,False,0.0,0.10654362116656929
1343533,DES,1354,27,0.36839,22.2949,0.335343,1.0,7.3584,-42.2673,,False,False,True,0.003583962393540124,-0.0009033573376608438,0.0009305905888964947,-0.001833947926557339,0.0026211335736008013,0.0020713009562561115,0.3750000000000001,0.004487319731200968,0.0029986189593643993,200,1.0,False,0.0,0.19824649410508505
1328066,DES,1453,27,0.44886,22.6323,0.220164,1.0,7.3173,-42.0522,,False,False,True,0.0005193251712740056,-0.005381280284824676,-0.0031428379977604284,-0.002238442287064246,0.003114127623875634,0.011876795564393547,0.42500000000000016,0.005900605456098681,0.00396136051588693,200,1.0,False,0.0,0.010762455108370383
1317454,DES,1549,27,0.56879,22.9877,0.260944,1.0,8.0244,-42.6662,,False,False,True,0.005259242342932307,-0.0029691887131732715,-7.672002974267508e-05,-0.0028924686834305964,0.006482942446424627,0.006722613315972032,0.5750000000000002,0.008228431056105578,0.005147119417703065,200,1.0,False,0.0,-0.19829101519080902
1302141,DES,1577,27,0.60876,23.1752,0.349285,1.0,7.8305,-42.5014,,False,False,True,0.003093273843597832,-0.005885374516165152,-0.004139588131415805,-0.0017457863847493466,0.00833386457287651,0.01309903790293816,0.6250000000000002,0.008978648359762984,0.005626396039033903,200,1.0,False,0.0,-0.1964457679217782
370428,PS1MD,879,22,0.17791,20.3947,0.128745,1.0,184.375,47.5482,,False,False,True,0.001421226266564005,0.0008679787913683671,0.0008681997792976293,-2.2098792926206008e-07,0.0020696345242055296,-0.0018863550760106402,0.17500000000000004,0.0005532474751956379,0.0003913300754966059,500,1.0,False,0.0,0.09436701413610017
350235,PS1MD,1126,22,0.26393,21.3058,0.165516,1.0,184.35,48.3462,,False,False,True,0.005874153762104696,0.004576911639978573,0.004572168606498628,4.7430334799453414e-06,0.005452278523955713,-0.009975754413004244,0.275,0.001297242122126123,0.0008850921363060457,500,1.0,False,0.0,0.038510213678343994
160039,PS1MD,1144,22,0.27094,21.2357,0.163916,1.0,184.975,48.1403,,False,False,True,0.0018119641079981789,0.0004519838322281414,-0.0005050152342322367,0.0009569990664603782,0.002443294491147977,-0.0009593591076986789,0.275,0.0013599802757700374,0.0009221002441420273,500,1.0,False,0.0,-0.09606283182484794
040201,PS1MD,1158,22,0.27995,21.3134,0.150935,1.0,184.46,47.4468,,False,False,True,0.0007738241620750365,-0.000707396104708928,-0.001248539240450126,0.0005411431357411978,0.0002812214180877127,0.001560022533416135,0.275,0.0014812202667839646,0.000998839110616402,500,0.975,False,0.0,-0.09899982831847161
130862,PS1MD,1294,22,0.33298,22.0769,0.199859,1.0,184.002,47.9204,,False,False,True,0.0004111278710096333,-0.0019578331509738484,-0.001514303004674485,-0.00044353014629936306,0.0011029231743881396,0.004327424868282332,0.32500000000000007,0.0023689610219834816,0.0015967721122647932,500,1.0,False,0.0,0.20330010470910018
500511,PS1MD,1298,22,0.33498,21.7721,0.16973,1.0,184.696,47.6473,,False,False,True,0.00027391974632344225,-0.002123871019935165,-0.0017457096936024426,-0.0003781613263327219,0.003164021567676696,0.00467841741383366,0.32500000000000007,0.0023977907662586073,0.0016204822885555446,500,1.0,False,0.0,-0.11647376611039598
360140,PS1MD,1030,34,0.23092,21.0428,0.224673,1.0,185.618,47.7162,,False,False,True,0.00031145117225568825,-0.0009270677126298276,-0.0004250489952699479,-0.0005020187173598797,0.0013680747199430324,0.0020265036736094306,0.22500000000000003,0.0012385188848855159,0.0008405174417751493,200,1.0,False,0.0,0.10746330915042196
170078,PS1MD,1258,34,0.32096,21.9785,0.20553,1.0,186.183,47.6681,,False,False,True,0.006977418607210958,0.004451093260024439,0.005334595769592239,-0.0008835025095677998,0.005097190588229962,-0.009691755380160944,0.32500000000000007,0.002526325347186518,0.0016664755219917492,200,1.0,False,0.0,0.1966878176578671
360139,PS1MD,1383,34,0.386,22.2687,0.149698,1.0,185.739,47.5675,,False,False,True,0.001683787062172344,-0.001704410643793302,-0.0007041294291766636,-0.0010002812146166378,0.0036112317297797825,0.0037693714893705984,0.3750000000000001,0.003388197705965646,0.0021431310660893583,200,1.0,False,0.0,0.05425271366437918
510597,PS1MD,1467,34,0.46104,22.7632,0.228663,1.0,185.821,47.8228,,False,False,True,0.0021479711772140757,-0.0021896521424074364,-0.0010144075942101075,-0.0011752445481973289,0.00995856347314668,0.004778696242860799,0.4750000000000001,0.004337623319621512,0.0026338703831153484,200,1.0,False,0.0,0.09390522866510487
510457,PS1MD,1495,34,0.50306,22.8954,0.310109,1.0,186.389,48.1369,,False,False,True,0.03998369496725958,0.03507615545108115,0.03596368727247001,-0.0008875318213888619,0.033243345568550665,-0.07897494771362748,0.5250000000000001,0.0049075395161784306,0.002994829174859679,200,1.0,False,0.0,0.03469335759195563
160099,PS1MD,741,0,0.10165,19.0452,0.16334,1.0,214.667,54.1831,,False,False,True,0.003743812505960525,0.003467656880723679,0.003467656880723679,0.0,0.003398401688639094,-0.007556313644979648,0.125,0.00027615562523684606,0.00017102955641571535,200,1.0,False,0.0,0.03825643596744738
500057,PS1MD,1375,0,0.38061,22.2084,0.186096,1.0,214.473,53.8417,,False,False,True,0.0011187440899137076,-0.0027038998295500316,-0.0017152875183441985,-0.0009886123112058326,0.0048186440454340545,0.006015570664895635,0.3750000000000001,0.0038226439194637392,0.002228861176433542,200,1.0,False,0.0,0.02946729757890771
050251,PS1MD,1386,0,0.38781,22.3772,0.282606,1.0,214.327,53.9783,,False,False,True,0.001405303886842703,-0.0025308608463803627,-0.0015142320946615277,-0.0010166287517188344,0.0037937666375355847,0.005661462551722255,0.3750000000000001,0.003936164733223065,0.0023088311219493637,200,1.0,False,0.0,0.15092995296470596
040166,PS1MD,1445,0,0.44013,22.8871,0.44109,1.0,214.12,54.0536,,False,False,True,0.0036161231963224034,-0.0011382881820068413,0.0001478364651429395,-0.0012861246471497798,0.006414732899845578,0.002680657742264097,0.42500000000000016,0.004754411378329245,0.002786475344608239,200,1.0,False,0.0,0.3156748395618828
180561,PS1MD,1023,33,0.22865,20.9074,0.307057,1.0,334.462,1.4684,,False,False,True,0.0003517272494430099,-0.0004501677311972252,-0.0004489354494352068,-1.232281762018371e-06,0.0003171921170976859,0.0009867487147872849,0.22500000000000003,0.0008018949806402351,0.0005151799014196287,200,1.0,False,0.0,-0.003909471226300639
560152,PS1MD,1080,33,0.24862,21.1127,0.260166,1.0,334.8,1.1602,,False,False,True,0.011759925622022955,0.010686380676338455,0.010704462916570026,-1.808224023157018e-05,0.0012239978371543657,-0.023485192223852633,0.22500000000000003,0.0010735449456845,0.0006932350021249538,200,1.0,False,0.0,-0.002815633441954731
080646,PS1MD,1254,33,0.31822,21.7669,0.151096,1.0,334.622,0.9415,,False,False,True,0.0011296109394093483,-0.0008866173080001153,-0.0007961464711002113,-9.047083689990393e-05,0.0011448187594271476,0.0019621007290401378,0.32500000000000007,0.0020162282474094637,0.0012869922793929795,200,1.0,False,0.0,0.006456193789520968
530251,PS1MD,1407,33,0.4114,22.5805,0.241171,1.0,334.634,1.1149,,False,False,True,0.00145035065007366,-0.0017690216208995308,-0.001409781035444408,-0.00035924058545512246,0.004218173778260545,0.0039091093648973745,0.42500000000000016,0.003219372270973191,0.0021821772512088397,200,1.0,False,0.0,0.18080277637155728
1255502,DES,823,16,0.14834,19.7709,0.140105,1.0,33.9046,-4.2092,,False,False,True,0.0002669896970334775,-0.0006241490582347664,-0.0003456032330194944,-0.00027854582521527203,0.00011898390244541306,0.001365776641764762,0.125,0.0008911387552682439,0.0004922367032464739,200,1.0,False,0.4715203426124197,-0.11833944817255232
1345582,DES,1465,16,0.45885,22.7149,0.250735,1.0,33.7065,-4.6747,,False,False,True,0.01472000955993514,0.005852701699514963,-0.0001716095677814851,0.006024311267296451,0.025361047163378805,-0.013112738930432778,0.4750000000000001,0.008867307860420177,0.004696068207928427,200,1.0,False,0.058707449432659105,0.057781075675969684
1306785,DES,1550,16,0.57542,22.9382,0.452062,1.0,33.7937,-4.5222,,False,False,True,0.009660932309796826,-0.0017841361672211939,-0.004583416391203859,0.002799280223982666,0.014669412779326693,0.004300042218754723,0.5750000000000002,0.01144506847701802,0.006405100401241119,200,1.0,False,0.33590402742073694,-0.27781500821111854
1308568,DES,1601,16,0.64311,23.1079,0.406947,1.0,33.8732,-5.0525,,False,False,True,0.0018017087910734673,-0.011129613212471828,-0.004324043648926298,-0.0068055695635455314,0.006920920421132464,0.025029169840865492,0.6250000000000002,0.012931322003545296,0.007357380575301798,200,1.0,False,0.5778443113772455,-0.40660768136048536
420159,PS1MD,889,24,0.18073,20.2505,0.130991,1.0,333.685,1.2178,,False,False,True,0.005692910950230077,0.00525266548577994,0.00535726490378442,-0.00010459941800448064,0.00028355072914598527,-0.011782995138329337,0.17500000000000004,0.00044024546445013723,0.0002887120237742975,200,1.0,False,0.0,-0.08741775074659607
560150,PS1MD,947,24,0.1997,20.6435,0.169412,1.0,333.961,1.2276,,False,False,True,0.0026475168741054603,0.0017173428399659045,0.0021870333322912805,-0.000469690492325376,0.0003883872626130577,-0.0037344020915021916,0.17500000000000004,0.0009301740341395557,0.0005731084133810419,200,1.0,False,0.0,0.06608851144660101
440050,PS1MD,1168,24,0.28557,21.4516,0.184018,1.0,333.867,1.5495,,False,False,True,0.0008356553964094722,-0.002087316833428146,-0.0010427396589962807,-0.0010445771744318657,0.0031892867081667995,0.004595730894334101,0.275,0.0029229722298376184,0.0018357400296959653,200,1.0,False,0.0,-0.009889354175117897
530112,PS1MD,1246,24,0.31453,21.8721,0.153352,1.0,333.569,0.9209,,False,False,True,0.0005610997490672212,-0.0030112077879905184,-0.0009914351094166612,-0.0020197726785738577,0.0029059319864231845,0.006635543942718883,0.32500000000000007,0.0035723075370577397,0.0023630379137179977,200,1.0,False,0.0,0.14070412045010947
110033,PS1MD,961,29,0.20483,20.5897,0.200513,1.0,34.9031,-3.5292,,False,False,True,0.001130761661972539,0.0004432677237940113,0.00029346521913679825,0.0001498025046572132,0.0015578997458420459,-0.0009584715387894167,0.22500000000000003,0.0006874939381785277,0.00044153946896119666,200,1.0,False,0.0,-0.05519710431794406
420352,PS1MD,1387,29,0.38895,22.13,0.197743,1.0,35.1822,-3.9625,,False,False,True,0.0008900352149697077,-0.002679840610319306,-0.001235396116339015,-0.0014444444939802914,0.0035130973851397597,0.005896785791106887,0.3750000000000001,0.003569875825289014,0.0019846831109382717,200,1.0,False,0.08344923504867872,-0.10369013619382265
080723,PS1MD,1436,29,0.4302,22.5824,0.163569,1.0,34.9864,-3.9606,,False,False,True,0.019230365880051094,0.014933741451901711,0.01547958625827297,-0.0005458448063712573,0.019325388515166887,-0.033147390073821906,0.42500000000000016,0.004296624428149382,0.0023749263024002857,200,1.0,False,0.09932659932659933,0.06911579949899517
140181,PS1MD,743,2,0.10246,18.9981,0.197718,1.0,183.738,46.845,,False,False,True,1.1474789333932618e-05,-0.00042401406847414574,-0.00042401406847414574,0.0,6.25709001708281e-05,0.0009248992718016684,0.125,0.00043548885780807836,0.0001984013574523679,200,1.0,False,0.0,-0.027182474407340063
150254,PS1MD,1150,2,0.27516,21.2756,0.240354,1.0,183.211,47.1458,,False,False,True,0.00820280160314933,0.007212625343983334,0.007202835605346591,9.789738636743858e-06,0.01063156481292099,-0.0158491331591704,0.275,0.000990176259165996,0.0004709199397508685,200,1.0,False,0.0,-0.09423481651576444
130755,PS1MD,1193,2,0.29298,21.5738,0.201757,1.0,183.732,46.5759,,False,False,True,0.0010724770666148868,-3.344805723423574e-05,-2.8841753302816762e-05,-4.606303931418787e-06,0.00029558335563561176,8.460442379837948e-05,0.275,0.0011059251238491226,0.000540029297801223,200,1.0,False,0.0,0.04893487268596623
000137,PS1MD,763,6,0.11901,19.3099,0.210657,1.0,161.159,57.8111,,False,False,True,3.7791779829627635e-05,-0.0006845815347675024,-0.0006398192385657109,-4.476229620179145e-05,0.00025018820444693896,0.0014924771763808544,0.125,0.00072237331459713,0.0005643499266365931,200,1.0,False,0.0,-0.06279946943004705
020096,PS1MD,1019,6,0.22578,20.7335,0.17388,1.0,161.314,58.1927,,False,False,True,0.014346508432757995,0.010785649303480072,-0.00039753793980031016,0.011183187243280383,0.011911838072147535,-0.023745604029849134,0.22500000000000003,0.003560859129277922,0.0026940518142022783,200,1.0,False,0.0,-0.1471128578316046
350050,PS1MD,1398,6,0.40483,22.0843,0.200221,1.0,161.08,58.0762,,False,False,True,0.022995846667647035,0.014755544643120861,0.011224009225779295,0.003531535417341563,0.016207117462450602,-0.032579916663907305,0.42500000000000016,0.008240302024526174,0.0054427741997896475,200,1.0,False,0.0,-0.2745597447463054
510550,PS1MD,1057,38,0.24122,21.0761,0.127834,1.0,243.275,55.6117,,False,False,True,0.00012803068910393383,-0.0025756023059860167,-0.002429147981862013,-0.0001464543241240035,0.0001981762790126359,0.005677106933177175,0.22500000000000003,0.0027036329950899506,0.0019931369316987003,200,1.0,False,0.0,0.03441975097886302
510638,PS1MD,1141,38,0.2702,21.3833,0.195143,1.0,243.469,56.0842,,False,False,True,0.0028670012896018053,-0.00037331830105449696,-2.7391283614774335e-05,-0.000345927017439723,0.0011258650160904013,0.0008977467831593564,0.275,0.0032403195906563023,0.0023109533851874984,200,1.0,False,0.0,0.05826980154282517
050296,PS1MD,1330,38,0.35099,22.0002,0.159103,1.0,243.451,55.6085,,False,False,True,0.020676533098622562,0.014984407460464286,0.01624018489286205,-0.0012557774323977665,0.022843340521544662,-0.033319035178346515,0.3750000000000001,0.0056921256381582755,0.003866025196271798,200,1.0,False,0.0,0.02518494476161954
350630,PS1MD,1221,46,0.30538,21.6524,0.131087,1.0,162.404,58.9533,,False,False,True,0.0008079994688478836,-0.00031591481778878974,-0.00032688596831370543,1.097115052491548e-05,0.001437195668348736,0.0006973350267008589,0.32500000000000007,0.0011239142866366733,0.0007700752866934513,200,1.0,False,0.0,-0.0055822743211106154
000142,PS1MD,1439,46,0.43683,22.7521,0.179784,1.0,162.309,58.4672,,False,False,True,0.0015509535574409637,-0.0007664931461003777,-0.0007677033271217804,1.2101810214031593e-06,0.0005476795364204382,0.0016984596185808899,0.42500000000000016,0.0023174467035413414,0.0014951490569750443,200,1.0,False,0.0,0.19985963198038104
030006,PS1MD,1494,46,0.50285,22.8173,0.311707,1.0,162.525,58.7774,,False,False,True,0.0005105895716235175,-0.00287390310460872,-0.0022848767538267093,-0.0005890263507820103,0.003383512731165447,0.00631289344219667,0.5250000000000001,0.003384492676232237,0.002020779489364231,200,1.0,False,0.0,-0.04233290574672505
350548,PS1MD,891,25,0.18082,20.3861,0.131234,1.0,128.848,44.9136,,False,False,True,0.0005314805987587603,-0.0010928112560270008,-0.000669337166376555,-0.0004234740896504459,0.0007419240226668262,0.0023986840007235314,0.17500000000000004,0.001624291854785761,0.0008786777849922389,200,1.0,False,0.0,0.046991757171287465
480064,PS1MD,1062,25,0.24284,21.3204,0.257709,1.0,128.796,44.4482,,False,False,True,0.0010702487493245629,-0.0014067192940185374,-0.0006086695890540786,-0.0007980497049644591,0.0014791002925612971,0.003103747750781755,0.22500000000000003,0.0024769680433431003,0.0011249641833962513,200,1.0,False,0.0,0.26237813013071704
110484,PS1MD,1503,25,0.51095,22.8053,0.237556,1.0,129.186,44.5547,,False,False,True,0.007791121322964502,0.0006830316429825047,-0.0021457167476898937,0.002828748390672398,0.014881804450892728,-0.001539685351951585,0.5250000000000001,0.0071080896799819975,0.004943250323925898,200,1.0,False,0.0,-0.09544642762556715
100090,PS1MD,864,20,0.17297,20.4733,0.251121,1.0,131.828,43.4081,,False,False,True,7.694065864486641e-05,-0.0009577747947922793,-0.0008459580747851278,-0.00011181672000715173,0.00035026293711162317,0.0020935585744449982,0.17500000000000004,0.0010347154534371458,0.0007772994335599414,200,1.0,False,0.0,0.240166235052264
370308,PS1MD,950,20,0.20087,20.5142,0.314972,1.0,131.317,43.3857,,False,False,True,0.0031230646613641215,0.0017637212448421166,0.00029849283508457964,0.0014652284097575372,0.006019915119696744,-0.003848882750989939,0.22500000000000003,0.0013593434165220049,0.0010479091259414206,200,1.0,False,0.0,-0.08363895631056534
420258,PS1MD,1148,43,0.27456,21.4869,0.291821,1.0,352.428,0.7054,,False,False,True,0.0006604491695943704,0.0001548326497325535,0.00015759531666316765,-2.7626669306142415e-06,7.111248426924712e-05,-0.00033090140060433376,0.275,0.0005056165198618169,0.000289453877836854,200,1.0,False,0.0,0.12244516765190831
100358,PS1MD,1349,43,0.36623,21.883,0.224608,1.0,352.444,0.5905,,False,False,True,0.0005122234057056784,-0.0019574906734953603,-0.0014556399537405734,-0.0005018507197547865,0.0017174481268348986,0.004316423605620885,0.3750000000000001,0.0024697140792010385,0.0016424397534645383,200,1.0,False,0.0,-0.19884693726807606
151034,PS1MD,788,10,0.13281,19.5311,0.119156,1.0,185.137,46.6661,,False,False,True,0.0040781097129647705,0.0037029398473666314,0.0037029398473666314,0.0,0.00034457323675695674,-0.008165148628570014,0.125,0.000375169865598139,0.0002448418005511589,200,1.0,False,0.0,-0.09799698329811352
520016,PS1MD,1456,10,0.45106,22.6751,0.211716,1.0,185.338,46.9708,,False,False,True,0.004166625132265515,-0.000505009866888311,0.001191432958963231,-0.0016964428258515413,0.0052264842389990185,0.0011744989525983435,0.4750000000000001,0.004671634999153826,0.0030194916790349845,200,1.0,False,0.0,0.06173626875709537
190209,PS1MD,1350,51,0.36656,21.9797,0.153297,1.0,333.082,1.0359,,False,False,True,0.0005064374664753862,-0.0025180265313301726,-0.0019830533391649893,-0.0005349731921651836,0.0013801335468377775,0.005528743913717494,0.3750000000000001,0.003024463997805559,0.002244619272451717,200,1.0,False,0.0,-0.10441428821700065
550218,PS1MD,1385,51,0.38744,22.3037,0.272138,1.0,332.927,0.9013,,False,False,True,0.0001999675257615956,-0.0031409206062768596,-0.002495849578647633,-0.0006450710276292268,0.0011961225829037964,0.006893036968108756,0.3750000000000001,0.003340888132038455,0.00243742021881871,200,1.0,False,0.0,0.07984258490650127
120143,PS1MD,867,21,0.17378,20.0963,0.149076,1.0,163.682,58.6266,,False,False,True,0.00011705765775747095,-0.0002277602544244531,-0.0002277602544244531,0.0,0.0009904995715074826,0.0004959304718500989,0.17500000000000004,0.00034481791218192405,0.00023914970632269667,200,1.0,False,0.0,-0.147973959539595
360145,PS1MD,942,21,0.19877,20.6351,0.209756,1.0,163.669,59.019,,False,False,True,0.00316137315549967,0.0026382370825735867,0.0026288539852435703,9.38309733001663e-06,0.00267885151142928,-0.005743826135381181,0.17500000000000004,0.0005231360729260831,0.0004072391704524123,200,1.0,False,0.0,0.06892598810798113
590002,PS1MD,951,28,0.20128,20.6045,0.215266,1.0,149.545,0.8783,,False,False,True,0.001531355909922772,-0.001334127704574925,-0.0009001550547246055,-0.0004339726498503191,0.0028934342381383943,0.0029366710651551778,0.22500000000000003,0.002865483614497697,0.0021186167442664846,200,1.0,False,0.0,0.0017490452673209513
490037,PS1MD,1423,28,0.42348,22.3425,0.1845,1.0,149.957,0.8166,,False,False,True,0.06621157247903112,0.05816761638727551,-0.0004292469268834232,0.058596863314158934,0.004765265022775385,-0.13104410377189932,0.42500000000000016,0.008043956091755606,0.005519731306922818,200,1.0,False,0.0,-0.13072372672424126
110567,PS1MD,985,32,0.2144,20.7649,0.297682,1.0,52.7131,-26.46,,False,False,True,0.020319985253856993,0.017869544088406693,0.018616380482705534,-0.0007468363942988428,0.005812266289419969,-0.03934766243315854,0.22500000000000003,0.002450441165450302,0.0020146530740133106,200,1.0,False,0.0,0.009678108723243099
550096,PS1MD,1014,32,0.22449,20.6919,0.244287,1.0,52.7766,-26.3979,,False,False,True,0.0007209821164884398,-0.001893537563853587,-0.0012628814332547986,-0.0006306561305987881,0.0022188660109966132,0.004169805754378407,0.22500000000000003,0.0026145196803420267,0.002178183806522981,200,1.0,False,0.0,-0.17479739015658408
1337649,DES,1117,42,0.26162,21.1652,0.22392,1.0,43.4044,0.5102,,False,False,True,0.00024032351216591224,-0.0011115896324488403,-0.000939876472236292,-0.0001717131602125485,0.0011962675735300995,0.002435813739519837,0.275,0.0013519131446147526,0.0007926478233344742,200,1.0,False,0.0,-0.08049647005001766
1266657,DES,1260,42,0.32118,21.9391,0.292199,1.0,43.2731,0.5575,,False,False,True,0.00015815865890101143,-0.0017120950071203888,-0.0014595192705815373,-0.00025257573653885194,0.0014971834565572753,0.00375420123822212,0.32500000000000007,0.0018702536660214002,0.0011656583837054762,200,1.0,False,0.0,0.15557944256362752
370498,PS1MD,1115,41,0.26094,21.3598,0.183961,1.0,186.266,46.8062,,False,False,True,0.0011642601502178005,-9.903046706696774e-05,-0.0008384281601197978,0.0007393976930528303,0.002002605827982359,0.00022645055307752822,0.275,0.0012632906172847683,0.0008391458604551465,200,1.0,False,0.0,0.12049363368511216
160066,PS1MD,1519,41,0.53111,23.2579,0.288005,1.0,186.588,46.5959,,False,False,True,0.0035491188075839992,-0.001917913814521794,0.00021753465891325352,-0.002135448473435048,0.005154614452818716,0.004292729160670446,0.5250000000000001,0.005467032622105793,0.003570984573943363,200,1.0,False,0.0,0.25742849134208673
500004,PS1MD,1091,40,0.25063,21.0479,0.186331,1.0,213.023,51.6739,,False,False,True,3.992330098681152e-05,-0.000539781505448146,-0.0005321095687821522,-7.671936665993795e-06,0.0005726852886491501,0.0011840058854261672,0.275,0.0005797048064349576,0.00032981138449051213,200,1.0,False,0.0,-0.09258367851146239
050580,PS1MD,1455,40,0.45068,22.3916,0.155357,1.0,212.991,52.0718,,False,False,True,0.0014332259325291017,-0.0020914217709717894,-0.0017689780354413966,-0.000322443735530393,0.004574423083179552,0.0046754677727456236,0.4750000000000001,0.003524647703500891,0.0019692997136478464,200,1.0,False,0.0,-0.2196113143365067
190260,PS1MD,811,14,0.14359,19.8605,0.126647,1.0,333.967,-0.8252,,False,False,True,0.00043053510540162895,-4.079492356592353e-05,-2.078140840380832e-05,-2.0013515162115223e-05,9.803042409341064e-05,9.11207385790088e-05,0.125,0.0004713300289675525,0.0003132933066354231,200,1.0,False,0.0,0.048001799923067356
530037,PS1MD,1138,14,0.26859,21.326,0.189225,1.0,333.671,-1.0504,,False,False,True,0.0035439172805632074,0.0017143186125099712,0.002030274725010557,-0.000315956112500586,0.006480616905670305,-0.003752872798726873,0.275,0.0018295986680532362,0.001195741366895753,200,1.0,False,0.0,0.015676985826485395
SCP06G4,SNAP,1690,61,1.35136,25.2962,0.317314,1.0,217.328,34.6437,,False,True,True,0.011770987510395667,-0.006710414042819517,-0.0035682177211604268,-0.0031421963216590933,0.015868673362037827,0.015424084036163008,1.3750000000000004,0.018481401553215183,0.00936164373531081,200,1.0,False,0.0,-0.16278464871735207
510266,PS1MD,1446,55,0.44067,22.3834,0.157885,1.0,214.033,51.7321,,False,False,True,0.00599246656089009,-3.97507590503398e-05,0.002364985781592301,-0.0024047365406426402,0.005926434945351401,8.476989163717571e-05,0.42500000000000016,0.0060322173199404295,0.004058189197702,200,1.0,False,0.0,-0.19115170333821385
SCP06U4,SNAP,1680,59,1.04817,25.1699,0.488011,1.0,356.373,-36.546,,False,True,True,0.03393656175786531,0.00882211821058404,0.005439202226155956,0.003382915984428088,0.03814878800466282,-0.02036963616381312,1.0250000000000004,0.02511444354728127,0.01781999858518645,200,1.0,False,0.0,0.07836801461467402
520041,PS1MD,1530,57,0.54545,23.3103,0.18949,1.0,184.138,45.962,,False,False,True,0.0015557242799738285,-0.002871034055859145,-0.002741135668339625,-0.00012989838751952128,0.006027105373054893,0.006324902835091752,0.5250000000000001,0.004426758335832974,0.003117119706858234,200,1.0,False,0.0,0.24103985519312293
370329,PS1MD,1478,56,0.47786,22.9739,0.226675,1.0,151.309,1.7007,,False,False,True,0.001116224757785226,-0.003500755478676701,-0.00259195868947554,-0.0009087967892011596,0.0005992374540205023,0.0077326663453775365,0.4750000000000001,0.004616980236461927,0.0033235976965011876,200,1.0,False,0.0,0.21285404816205833
SCP06H5,SNAP,1682,60,1.23225,25.0677,0.609899,1.0,218.626,34.4492,,False,True,True,0.03208756274057623,0.012404984892551634,0.01815219645435601,-0.005747211561804375,0.0047396937766425624,-0.026604991631008927,1.2250000000000005,0.019682577848024598,0.012198158129245937,200,1.0,False,0.0,-0.48048566601911874
050303,PS1MD,1272,49,0.32842,22.0549,0.307244,1.0,241.437,56.0744,,False,False,True,0.0004362361418255082,-0.0021322504732151294,-0.002074735190811657,-5.751528240347333e-05,6.383090719186994e-05,0.004689135711980777,0.32500000000000007,0.002568486615040638,0.0016699657948489124,200,1.0,False,0.0,0.21575449842367042
1306991,DES,1420,54,0.42195,22.2806,0.269472,1.0,8.4681,-42.0948,,False,False,True,0.0013412233040135384,-0.005003072715285987,-0.0026871424992331366,-0.00231593021605285,0.001734545636698201,0.011105376316356632,0.42500000000000016,0.006344296019299525,0.003997896996830027,200,1.0,False,0.0,-0.18342004966548575
160126,PS1MD,1343,50,0.36034,21.8261,0.2287,1.0,163.283,57.2013,,False,False,True,0.004125351450835939,0.0023921843049007517,0.0025296884216571397,-0.00013750411675638724,0.008218288363858474,-0.005257700461479862,0.3750000000000001,0.0017331671459351874,0.001294543956764583,200,1.0,False,0.0,-0.21495601036304984
1308326,DES,1270,48,0.32632,21.7974,0.154865,1.0,42.2701,0.5823,,False,False,True,0.0002257151308184807,-0.002246830382847644,-0.0015953914455878314,-0.0006514389372598126,0.0014344625444752744,0.0049249524951276435,0.32500000000000007,0.0024725455136661244,0.001487673237989187,200,1.0,False,0.0,-0.025729078493640513
560087,PS1MD,1224,47,0.30652,21.6429,0.199749,1.0,352.676,-1.556,,False,False,True,0.00020483858298035726,-0.0024945619491120842,-0.0020180627744263387,-0.00047649917468574587,0.0008819593240301956,0.0054802029417587595,0.32500000000000007,0.0026994005320924415,0.0016792577885959956,200,1.0,False,0.0,-0.024339083776489558
200132,PS1MD,969,30,0.20868,20.8504,0.237981,1.0,334.494,-0.6969,,False,False,True,0.00033182119649438564,-0.0011255656425515665,-0.0011061792907164445,-1.9386351835122472e-05,0.0023757118189526505,0.002465615733347183,0.22500000000000003,0.001457386839045952,0.001094358245117171,200,1.0,False,0.0,0.16055535058938747
1310395,DES,1180,45,0.28907,21.449,0.275906,1.0,36.5343,-6.76,,False,False,True,0.0007573124349947546,-0.0011333317140311853,-0.0006739808711057952,-0.0004593508429253902,0.001754432395771219,0.0024980201178844332,0.275,0.00189064414902594,0.0011251231837742495,200,1.0,False,0.0,-0.042611254902623366
091869,PS1MD,1176,44,0.28854,21.4928,0.1632,1.0,351.908,-1.7625,,False,False,True,0.006691934039935114,0.0032167107136174414,-0.0012493017468726696,0.004466012460490111,0.005952514312433104,-0.007012154599166695,0.275,0.003475223326317673,0.002339547135817696,200,1.0,False,0.0,0.0057283020974035325
SCP06K0,SNAP,1693,62,1.41633,25.2049,0.735281,1.0,219.535,34.2384,,False,True,True,0.03713096230010699,0.006260359519963121,0.015027725588379236,-0.008767366068416115,0.003826550260655667,-0.011607420775328156,1.4250000000000003,0.03087060278014387,0.02210657307122247,200,1.0,False,0.0,0.0
