{
 "description": "Delta(m,z) = c0 + A(z) sigmoid((m-m0)/w) with m on the FSF mass scale; apply by fixed point on the raw Nir1um estimate",
 "model": "sigmoid",
 "c0": -0.07277900156359145,
 "m0": 10.543407809247329,
 "w": 0.3081961485698241,
 "z_nodes": [
  0.1,
  0.3,
  0.5,
  0.7,
  0.9,
  1.05
 ],
 "a_nodes": [
  0.5999999999999999,
  0.4182660474938118,
  0.36711662449974625,
  0.3047663959659542,
  0.21681409847193445,
  0.1415328034842411
 ],
 "n_total": 500000,
 "resid_nmad_after": 0.10146853780161678,
 "color_diagnostic_zw1": {
  "z0.1-0.3": [
   [
    -0.17925590211693976,
    0.18265220324710807,
    38442
   ],
   [
    -0.0451503339073378,
    0.22960958637370332,
    38441
   ],
   [
    0.07906873250777426,
    0.2504042474118915,
    38441
   ],
   [
    0.23448809013744187,
    0.27944547413020704,
    38442
   ]
  ],
  "z0.3-0.5": [
   [
    0.30429725006436786,
    0.19119908817706932,
    16540
   ],
   [
    0.4397776360911639,
    0.22867169669133158,
    16540
   ],
   [
    0.5824964238410466,
    0.2593474185084368,
    16541
   ],
   [
    0.8227620227365653,
    0.2680595219686852,
    16540
   ]
  ],
  "z0.5-0.8": [
   [
    1.077468679169251,
    0.16570156829788907,
    24821
   ],
   [
    1.2665153356866283,
    0.1651594538095047,
    24820
   ],
   [
    1.4215277987498767,
    0.17924214308521158,
    24821
   ],
   [
    1.5983597259308282,
    0.22726308333249,
    24821
   ]
  ],
  "z0.8-1.1": [
   [
    1.4929096863870803,
    0.053428354046563875,
    20138
   ],
   [
    1.5971505964956056,
    0.0832335309998058,
    20138
   ],
   [
    1.6916890242854856,
    0.10839131687704384,
    20138
   ],
   [
    1.823109052000296,
    0.14244531261238702,
    20138
   ]
  ]
 },
 "provenance": "DESI DR1 LSS BGS_BRIGHT+LRG x FastSpecFit iron v3.0"
}