CID,sample,row_index,region,zHD,MU,MUERR,PROBIA,HOST_RA,HOST_DEC,HOST_LOGMASS,clipped,cluster_targeted,cluster_tier_ok,kappa_raw,kappa_ext,kappa_gal_ext,kappa_cl_ext,gamma,dmu_pred,zbin,rand_mean,rand_sig,n_rand_ok,area_frac,area_flag,frac_nir,hr
01259412,DES3_Deep,304,5,0.3047569362099627,40.943376344356516,0.1069015410914468,1.0,36.345383,-5.3241,10.51,False,False,True,0.0019468739803638882,-0.0009247086918314261,-0.0002166885018637585,-0.0007080201899676675,0.004183569007803671,0.0020533852752849524,0.32500000000000007,0.0028715826721953143,0.0018680175122083548,492,1.0,False,0.8994881340158213,0.0077820566098349584
01261579,DES3_Deep,305,5,0.3222363655489997,40.90156626221724,0.1052809724828197,1.0,36.119595,-4.967311,11.16,False,False,True,0.0010410441751263636,-0.002170133678685533,-0.0012905172513427892,-0.0008796164273427444,0.0020470441641983156,0.0047834947560769885,0.32500000000000007,0.0032111778538118966,0.0020535666566764434,492,1.0,False,0.9205094422485727,-0.17282709464114168
01279500,DES3_Deep,308,5,0.2350194361957722,40.364168930215854,0.1056925997688436,1.0,36.925739,-4.314926,9.7,False,False,True,0.0013479475504058194,-0.0003545858827439137,0.00012130452796122121,-0.00047589041070513513,0.0017182766192131518,0.0007879677793440881,0.22500000000000003,0.001702533433149733,0.0011458154625083642,492,1.0,False,0.9629629629629629,0.06876498762526732
01283878,DES3_Deep,309,5,0.3134602474822006,41.059487063033224,0.1431219626615856,1.0,37.133164,-4.041299,11.41,False,False,True,0.004269182463702974,0.0012285094559576033,-0.0006111724635968201,0.0018396819195544236,0.0048495225285263704,-0.002644046050068025,0.32500000000000007,0.003040673007745371,0.0019604056519628176,492,1.0,False,0.4583145561063542,0.053886523135753
01286398,DES3_Deep,311,5,0.1502881217404008,39.415204991128576,0.1131399973107106,1.0,36.813191,-5.119083,10.36,False,False,True,0.002552751553308361,0.0018347385891506014,-0.0002570709479556049,0.0020918095371062063,0.004114337513632519,-0.003999124277008326,0.17500000000000004,0.0007180129641577599,0.0005457818599130986,492,1.0,False,0.9532030895047705,0.22712882937187454
01294743,DES3_Deep,314,5,0.3125423401984679,41.05984802332471,0.1188800208868829,1.0,36.102535,-4.674933,10.26,False,False,True,0.011194296582920512,0.008171456931440967,0.009510343225931665,-0.0013388862944906973,0.012391283983637456,-0.017961362774592683,0.32500000000000007,0.003022839651479544,0.001950661803471308,492,1.0,False,0.971535230984601,0.061545322678413686
01295305,DES3_Deep,315,5,0.6117023390051224,42.775041860896685,0.1366232675040247,1.0,36.243351,-4.250854,8.71,False,False,True,0.00847566663681833,-0.0008001469903494915,0.0016913974361009764,-0.0024915444264504674,0.005439908066578834,0.002069876231086964,0.6250000000000002,0.009275813627167822,0.006086810284175787,492,1.0,False,0.976078431372549,0.07263267844765284
01297026,DES3_Deep,316,5,0.2584827371979723,40.57203460743472,0.109431654491242,1.0,35.820992,-5.182148,10.61,False,False,True,0.0003739726685354831,-0.0016753545328182468,-0.0008697825848895637,-0.000805571947928683,0.0025785830795129806,0.0036708963744829476,0.275,0.00204932720135373,0.001384273686876145,492,1.0,False,0.9969984992496248,0.045168423027153015
01301933,DES3_Deep,319,5,0.3299417482552194,41.23044488477161,0.1038555931777684,1.0,36.663719,-4.970757,10.01,False,False,True,0.0035216602631548367,0.00015066711384625854,0.001188027149954509,-0.0010373600361082507,0.005166999917889928,-0.0002878347901460491,0.32500000000000007,0.003370993149308578,0.0021671337694099436,492,1.0,False,0.9570747217806042,0.0970675528458937
01302523,DES3_Deep,321,5,0.4238574411490947,41.73696962115468,0.1164448867677114,1.0,36.317585,-4.659808,10.5,False,False,True,0.011250211327574543,0.005883042545455639,0.002361549092260005,0.0035214934531956348,0.014363226690264056,-0.012963670380179,0.42500000000000016,0.005367168782118905,0.0037429836263983335,492,1.0,False,0.9317548746518106,-0.01744460958201152
01305504,DES3_Deep,323,5,0.4955966022291729,42.18810809289851,0.1145290939423337,1.0,36.058437,-5.164576,10.95,False,False,True,0.0036031113598736916,-0.003221049558481657,-0.0010852916591222793,-0.002135757899359378,0.0051296304310068964,0.007219172961897724,0.4750000000000001,0.0068241609183553485,0.00458070488324522,492,1.0,False,0.9210878288007134,0.048617553858494755
01305626,DES3_Deep,324,5,0.3257196260279738,41.09896707718006,0.1044973516314795,1.0,35.654617,-4.133254,9.28,False,False,True,0.014113281354036996,0.010832957081883574,0.01165129690513525,-0.0008183398232516754,0.012346886267287362,-0.02383433677260005,0.32500000000000007,0.0032803242721534216,0.0020951691970479856,492,1.0,False,0.6689795918367347,-0.002250304041693946
01306073,DES3_Deep,325,5,0.3285408595989745,41.16029690918098,0.1116245182448843,1.0,36.850643,-3.749355,10.4,False,False,True,0.0022702072938173483,-0.001070702168983655,0.0002233323928186265,-0.0012940345618022817,0.004990344035710948,0.0023741441380118545,0.32500000000000007,0.0033409094628010032,0.0021432561202924406,492,1.0,False,0.0,0.037547692585541984
01308582,DES3_Deep,327,5,0.3669196727846266,41.25056522244497,0.1207204534817737,1.0,37.137245,-4.372774,10.7,False,False,True,0.0015999155429104615,-0.002565168046266013,-0.0012765715230649215,-0.0012885965232010926,0.002030155780000397,0.005679311023230795,0.3750000000000001,0.004165083589176475,0.002797409347037541,492,0.75,True,0.7381457891012031,-0.17263733399341147
01314897,DES3_Deep,331,5,0.3369308753163627,41.05051553701263,0.1200311018128934,1.0,36.606628,-4.15516,10.0,False,False,True,0.0009020640227279269,-0.0026190186476369825,-0.0015887304292811532,-0.0010302882183558298,0.0031524942204396496,0.005764551394559765,0.32500000000000007,0.0035210826703649094,0.002286260955471226,492,1.0,False,0.9650924024640657,-0.13526954063354316
01317666,DES3_Deep,334,5,0.1413938876815097,39.28486296779618,0.104681992404216,1.0,36.771053,-5.003092,10.24,False,False,True,0.0005192036371561664,-0.00011940856865008307,-0.0003356529001406638,0.0002162443314905807,0.0002481618857375118,0.0002601012897223147,0.125,0.0006386122058062494,0.0004955960238791541,492,1.0,False,0.9584033613445379,0.10680156155278611
01322229,DES3_Deep,335,5,0.5261622150762062,42.18765063502795,0.1559942282157255,1.0,35.926357,-4.018886,9.75,False,False,True,0.006202491014021979,-0.0012422267557151787,0.002080780385224036,-0.0033230071409392154,0.013985990383574865,0.0027484219731975616,0.5250000000000001,0.007444717769737158,0.00486928742955682,492,1.0,False,0.3620479479886225,-0.17582207498119531
01329312,DES3_Deep,340,5,0.3444246261398873,41.281770913990165,0.1248416442912348,1.0,36.263298,-5.541797,11.12,False,False,True,0.0026111601443309616,-0.0010708486992425242,-0.0016682619700143352,0.0005974132707718103,0.0039301386343119854,0.0023994554611720424,0.32500000000000007,0.003682008843573486,0.002413989274164129,492,1.0,False,0.1799709724238026,0.04090157170869553
01330642,DES3_Deep,341,5,0.6339041669104888,42.67820879433142,0.1342073731059938,1.0,37.040554,-4.047055,9.27,False,False,True,0.014229776596871867,0.004463326770589049,0.006555071450390795,-0.0020917446798017457,0.01588551640756334,-0.009735019270883407,0.6250000000000002,0.009766449826282818,0.006422437417592966,492,1.0,False,0.643621766280107,-0.11696771160763698
01331993,DES3_Deep,342,5,0.7196093520644367,43.21298352534261,0.1721066991691743,1.0,35.971802,-4.459333,8.93,False,False,True,0.007573120661388237,-0.0041237520823862815,-6.14243084442502e-06,-0.004117609651541858,0.0049340657033528496,0.009499625556594102,0.7250000000000002,0.011696872743774518,0.007520327664190228,492,1.0,False,0.9624413145539906,0.0813881097018441
01334597,DES3_Deep,344,5,0.2889528865455524,40.730449600125446,0.1041459229113724,1.0,35.831272,-4.06785,8.88,False,False,True,0.0030370831590121592,0.00047254592931746326,0.0011981540004390421,-0.0007256080711215788,0.0026830450755005696,-0.0010092616249800018,0.275,0.002564537229694696,0.001700253002424646,492,1.0,False,0.4453924914675768,-0.07093968852791138
01337655,DES3_Deep,349,5,0.8485083867036423,43.57275017282369,0.1694934074131079,1.0,35.940819,-5.053386,2.0,False,False,True,0.005531343829154135,-0.008924627935553198,-0.004278539172704638,-0.004646088762848562,0.0211868035451911,0.019700027304447972,0.8250000000000003,0.014455971764707334,0.009267029572266512,492,1.0,False,0.9768196569309225,-0.05462554125818339
01338675,DES3_Deep,350,5,0.3305429621723064,41.25957417812079,0.1081535440698369,1.0,36.743656,-4.967741,9.51,False,False,True,0.003855319781175654,0.0004714157335419236,0.0008751711518846994,-0.0004037554183427758,0.002136501295286154,-0.0009620102200018051,0.32500000000000007,0.0033839040476337304,0.0021773812468898765,492,1.0,False,0.9392173189009159,0.12164843300980373
01282736,DES3_Shallow,369,5,0.3688992563021342,41.342242218404394,0.1352187560288467,1.0,35.809322,-6.268094,10.6,False,False,True,0.002366843248708948,-0.0018407513349643304,-0.001022866634259219,-0.000817884700705112,0.0018755131288665252,0.004105568082666703,0.3750000000000001,0.004207594583673278,0.0028311506443341734,492,1.0,False,0.0,-0.09450964490328756
01287626,DES3_Shallow,373,5,0.3039523482980426,40.76618401498462,0.1249140797048629,1.0,35.931824,-5.961218,8.2,False,False,True,0.0005015967268070644,-0.002354354189180694,-0.0012216417582590366,-0.0011327124309216574,0.0027248010994412523,0.005168641737872354,0.32500000000000007,0.0028559509159877586,0.0018594765812768891,492,1.0,False,0.0,-0.16284532172747282
01291080,DES3_Shallow,380,5,0.4438349269249673,41.73147809870639,0.1693456259013054,1.0,35.684559,-6.06357,8.58,False,False,True,0.020129520112942754,0.014355751644046833,-0.0017134156383887809,0.016069167282435612,0.012724483942591463,-0.03163705077935596,0.42500000000000016,0.0057737684688959215,0.0039985919047153375,492,1.0,False,0.0,-0.14025139376328316
01292560,DES3_Shallow,387,5,0.2247960870494061,40.203646561870976,0.1108157914609648,1.0,35.055779,-5.361129,8.65,False,False,True,0.0013288421028121171,-0.00022308994191783203,0.0003999988478951981,-0.0006230887898130303,0.0034839432043397545,0.0004940833424232098,0.22500000000000003,0.0015519320447299491,0.0010425244835677997,492,1.0,False,0.8338068181818182,0.01641516907204259
01293319,DES3_Shallow,388,5,0.2968623971184116,40.896722588003875,0.1172339389268141,1.0,36.002407,-6.497732,9.23,False,False,True,0.0003103819247629103,-0.0024078234612193404,-0.0012353976157092686,-0.0011724258455100716,0.0024385325699906725,0.005281273961547817,0.275,0.002718205385982251,0.0017842147205957147,492,1.0,False,0.0,0.028461817761989586
01295027,DES3_Shallow,391,5,0.4254494310781249,41.7317482548107,0.1535049354149241,1.0,35.432739,-6.940557,10.09,False,False,True,0.004860527407127218,-0.0005398230442465596,0.002056669265228014,-0.0025964923094745746,0.006584578448992954,0.0012779404990237372,0.42500000000000016,0.005400350451373778,0.0037675240318662275,492,1.0,False,0.0,-0.032201808237073165
01296657,DES3_Shallow,396,5,0.146186493994832,39.32656019274006,0.1180915221785577,1.0,36.255188,-6.278562,9.48,False,False,True,0.004112341732987102,0.0034309448901633875,0.0036557225203810682,-0.00022477763021768046,0.0032339822164460692,-0.007477303227967746,0.125,0.0006813968428237142,0.0005226383698555571,492,1.0,False,0.0,0.06997104590664863
01298893,DES3_Shallow,398,5,0.1961365092138698,39.91124878273867,0.1515099794143799,1.0,35.724033,-6.256828,10.78,False,False,True,0.0024251303501440016,0.001226182425951688,-0.00033108356794222203,0.0015572659938939098,0.002220251333197346,-0.0026621898700934198,0.17500000000000004,0.0011989479241923137,0.0008368813124146397,492,1.0,False,0.0,0.08864817244658575
01300516,DES3_Shallow,402,5,0.3104136989435242,40.79574643961447,0.1177224786369481,1.0,34.546364,-5.010114,9.56,False,False,True,0.000390565954008765,-0.002590917867166026,-0.0012280725457035652,-0.001362845321462461,0.0011391885356464616,0.005693663536718113,0.32500000000000007,0.002981483821174791,0.0019280656674033991,492,1.0,False,0.8908400569530137,-0.18555580040286548
01303004,DES3_Shallow,406,5,0.2949493000891194,40.83928489513271,0.1109740943308026,1.0,35.294621,-6.463124,9.37,False,False,True,0.0014652011106325974,-0.0012158360978015625,-2.379118509609167e-05,-0.001192044912705471,0.0023747630425729653,0.0026867488576764235,0.275,0.00268103720843416,0.0017639066481647202,492,1.0,False,0.0,-0.012954023228932406
01303952,DES3_Shallow,410,5,0.5626493589422155,42.61687168051106,0.1954005375961572,1.0,35.871758,-6.921939,11.14,False,False,True,0.0027354614242622827,-0.005483480924967225,-0.002957023037886373,-0.002526457887080855,0.011408247449869239,0.012120661341189276,0.5750000000000002,0.008218942349229508,0.005394346357072817,492,1.0,False,0.0,0.08113588517510752
01304127,DES3_Shallow,411,5,0.7285979961612705,43.28062616031458,0.2431788583373133,1.0,35.180489,-6.951112,9.31,False,False,True,0.009804559551298168,-0.0020905086888782665,0.0022097248468896354,-0.004300233535767901,0.011964884850803085,0.004922697446003287,0.7250000000000002,0.011895068240176434,0.007627412271507322,492,1.0,False,0.0,0.11651840787791515
01308957,DES3_Shallow,426,5,0.618683669772359,42.99463720926706,0.274379792155645,1.0,35.13385,-6.62402,10.08,False,False,True,0.0042151571097834495,-0.0052118396248037714,-0.0016781353523855412,-0.0035337042724182316,0.003567823767304294,0.01173518202469881,0.6250000000000002,0.009426996734587221,0.006184720571359767,492,1.0,False,0.0,0.26271690227334565
01310338,DES3_Shallow,428,5,0.4388263503554626,41.47049321529178,0.1275086828278752,1.0,35.041988,-6.376677,2.0,False,False,True,0.0019917251418878285,-0.0036803167949214692,-0.0013083125552009673,-0.0023720042397205017,0.004748141862202136,0.008156846426952587,0.42500000000000016,0.005672041936809298,0.00393564439742164,492,1.0,False,0.0,-0.3722939545973147
01313594,DES3_Shallow,431,5,0.2883417511744834,40.81455414133222,0.1118096543719738,1.0,34.832935,-5.789424,10.38,False,False,True,0.002814763776392197,0.0002620998535031757,0.0009488420029655656,-0.0006867421494623899,0.0016398477144909723,-0.0005263237722468988,0.275,0.0025526639228890214,0.0016937656255740306,492,1.0,False,0.015157722244981565,0.018401997337850255
01317277,DES3_Shallow,438,5,0.2371030929323032,40.30742740304874,0.1195044559578956,1.0,35.903149,-5.481456,10.05,False,False,True,0.0002942159323440772,-0.0014391144961319942,-0.0009848136890699992,-0.0004543008070619952,0.0007074250244566503,0.003151456914155073,0.22500000000000003,0.0017333304284760714,0.0011669917277550383,492,1.0,False,0.7532532532532532,-0.009487292627168142
01317286,DES3_Shallow,439,5,0.2789785273573759,40.62700899430787,0.1095914060258317,1.0,36.0079,-6.81061,2.0,False,False,True,0.0005690058261989979,-0.0018017467979277652,-0.0010189892509547788,-0.0007827575469729864,0.0016663096908777176,0.003953924126652927,0.275,0.002370752624126763,0.001594372325310645,492,1.0,False,0.0,-0.08759336242845367
01329615,DES3_Shallow,448,5,0.4038594034772507,41.67435317488501,0.1493442943778131,1.0,35.442699,-5.639848,10.91,False,False,True,0.0006394459247157792,-0.004306717780154423,-0.0023157192439544213,-0.0019909985362000014,0.004422590557203802,0.009488828573705362,0.42500000000000016,0.004946163704870202,0.0034123200908293917,492,0.95,False,0.16556583003082342,0.042653852292797084
01332413,DES3_Shallow,454,5,0.6087155423194852,42.69396413935179,0.1720617187858349,1.0,36.274887,-5.85303,9.21,False,False,True,0.011627944470034018,0.002416810947450802,-0.003813971550034644,0.006230782497485444,0.016950892882955884,-0.0052556207732442455,0.6250000000000002,0.009211133522583216,0.006044921691441676,492,1.0,False,0.0,0.004278481525686745
01334448,DES3_Shallow,460,5,0.51674045194065,42.13568745080554,0.2476421662231073,1.0,34.489563,-4.862434,10.66,False,False,True,0.010877981697221765,0.0036253148989402973,0.006995493918366375,-0.0033701790194260784,0.021317388147981165,-0.008188182829048755,0.5250000000000001,0.0072526667982814675,0.004776196726226583,492,1.0,False,0.9033906177426846,-0.1812182678931832
01334470,DES3_Shallow,461,5,0.5187526227877535,42.22886890091072,0.1728048057772455,1.0,35.053696,-4.9472,2.0,False,False,True,0.0038409912888126285,-0.0034524546036813625,-0.0005004726544085777,-0.0029519819492727856,0.009445996835857716,0.007687698028723794,0.5250000000000001,0.007293445892493991,0.004794800858996223,492,1.0,False,0.9614035087719298,-0.09804865595812787
01334620,DES3_Shallow,462,5,0.1961370913446718,39.97832645223624,0.1200914531367896,1.0,35.752945,-6.264184,10.35,False,False,True,0.0019093207793337065,0.0007103656853592569,-0.000540503946681398,0.001250869632040655,0.0006802762903533115,-0.0015410059787190023,0.17500000000000004,0.0011989550939744496,0.0008368854894204851,492,1.0,False,0.0,0.1557187046423214
01334644,DES3_Shallow,463,5,0.2880474158785653,40.770461220996616,0.1233475360189424,1.0,35.107216,-5.772545,11.22,False,False,True,0.006509334423517022,0.0039623889280626,0.005075214482866621,-0.0011128255548040209,0.00046191840308474285,-0.008743652256641036,0.275,0.002546945495454423,0.0016906411721788388,492,1.0,False,0.01016260162601626,-0.023164940669151143
01334645,DES3_Shallow,464,5,0.2312191343721183,40.14836841261047,0.1113246429317422,1.0,36.379593,-5.878989,10.45,False,False,True,0.003623109892890508,0.001976745921557502,-0.0002971847834963592,0.0022739307050538607,0.004775835552965377,-0.004302251974721455,0.22500000000000003,0.0016463639713330059,0.0011071928822991611,492,1.0,False,0.0,-0.10734366332749563
01335564,DES3_Shallow,466,5,0.6076912457276791,42.66960460553408,0.2036218612356631,1.0,35.128132,-6.446471,9.3,False,False,True,0.007273008424908287,-0.0019159436043706592,0.0018569582474274142,-0.0037729018517980743,0.002479843706738335,0.004530119620353094,0.6250000000000002,0.009188952029278946,0.006030556353827825,492,1.0,False,0.0,-0.015703965959219884
01336687,DES3_Shallow,473,5,0.2337033987487309,40.36479326165632,0.1108770913941929,1.0,35.605808,-6.149859,8.58,False,False,True,0.0013052560604956474,-0.00037782599258977864,0.00023466225384905816,-0.0006124882464388371,0.0044926589917086285,0.0008219793601504286,0.22500000000000003,0.001683082053085426,0.0011324405348801692,492,1.0,False,0.0,0.08306676350401669
01337272,DES3_Shallow,476,5,0.5027485806389085,42.1971131411609,0.1689365238112923,1.0,34.128422,-5.680552,8.6,False,False,True,0.0038604868194018985,-0.0031086176567017253,9.727372382966953e-05,-0.0032058913805313957,0.0009106283618325203,0.0070090900860222335,0.5250000000000001,0.006969104476103624,0.004646830657849226,492,1.0,False,0.3734551316496507,-0.04914325395769185
01337325,DES3_Shallow,477,5,0.6386543772982449,43.021544523793665,0.1963981365814678,1.0,35.135029,-4.652505,2.0,False,False,True,0.010656422263574574,0.0007818512685834073,-0.0026633825318112593,0.003445233800394666,0.01506908353268548,-0.001595873221696343,0.6250000000000002,0.009874570994991167,0.006501997104804788,492,1.0,False,0.9888705688375927,0.20692215179465612
01337838,DES3_Shallow,481,5,0.3119398549227126,40.97280778174176,0.112263320810417,1.0,35.49601,-6.498196,8.42,False,False,True,0.001068527757414718,-0.0019426066437003597,-0.0005750972500077904,-0.0013675093936925693,0.002557282789913718,0.004279417453465106,0.32500000000000007,0.0030111344011150777,0.0019442662498578183,492,1.0,False,0.0,-0.02069405415403373
01338233,DES3_Shallow,484,5,0.5979929419018641,42.80682093990014,0.2894111873813158,1.0,35.122704,-5.529291,10.98,False,False,True,0.0032515742147840284,-0.005727357725493389,-0.001842730834425225,-0.003884626891068166,0.004954114026462624,0.012807306700638687,0.5750000000000002,0.008978931940277417,0.005894541639091869,492,1.0,False,0.5309926311226701,0.1131352907684681
01338266,DES3_Shallow,485,5,0.6476490039816962,43.089405070681806,0.2079886777974524,1.0,34.905033,-5.869125,8.96,False,False,True,0.007523902912312025,-0.002555397867199159,9.416847233229084e-05,-0.00264956633953145,0.007867938269677396,0.00590589443218658,0.6250000000000002,0.010079300779511184,0.006652645102915988,492,1.0,False,0.0,0.2383363124492478
01338278,DES3_Shallow,486,5,0.5639005351686628,42.5434321308432,0.2018253769836483,1.0,34.429966,-4.976041,9.92,False,False,True,0.002190211897088043,-0.006055279293326439,-0.0037662169799592147,-0.002289062313367226,0.007220226884436281,0.013457942007685861,0.5750000000000002,0.008245491190414482,0.005412351089095811,492,1.0,False,0.9295977011494253,0.0019464737804350124
01339002,DES3_Shallow,490,5,0.3025544598941461,40.82032145974071,0.1375085801059018,1.0,35.830547,-6.526311,10.87,False,False,True,0.002579855050967979,-0.00024893730296416663,0.00100570942372076,-0.001254646726684927,0.002975913156624383,0.0005884517970690343,0.32500000000000007,0.0028287923539321454,0.0018446375958401289,492,1.0,False,0.0,-0.09726360602644384
01339149,DES3_Shallow,491,5,0.4678114234720747,41.80177504396674,0.1567680479599912,1.0,35.555027,-5.871708,10.0,False,False,True,0.0017864201205106422,-0.004474322204425448,-0.0019369659454154915,-0.002537356259009957,0.003290515600072816,0.009931599810254868,0.4750000000000001,0.006260742324936091,0.0042999271584210795,492,1.0,False,0.0,-0.1897416700875323
01341894,DES3_Shallow,496,5,0.3121259516231762,41.018613038492006,0.1312836926236966,1.0,35.302509,-4.65022,10.0,False,False,True,0.009467856268189209,0.006453106328971234,0.00697084173022758,-0.0005177354012563454,0.010704870804164296,-0.014159440705113827,0.32500000000000007,0.003014749939217975,0.001946241719587956,492,1.0,False,0.9549339549339549,0.02362738753104417
01343401,DES3_Shallow,499,5,0.382857752781391,41.36264546478191,0.1541700679515429,1.0,34.572121,-5.654875,10.74,False,False,True,0.0009581878439463658,-0.0035458424016990156,-0.001945574611387343,-0.0016002677903116731,0.0037781745671424047,0.007814245709005529,0.3750000000000001,0.004504030245645382,0.003065062015520619,492,1.0,False,0.4063588850174216,-0.16777326441694113
01344692,DES3_Shallow,502,5,0.3794758021695521,41.534001303201,0.2502303338967795,1.0,35.183895,-6.02737,11.06,False,False,True,0.0018200590528828044,-0.0026127732881505066,-0.002183511270954338,-0.00042926201719616997,0.0019996138180729053,0.005767733188081857,0.3750000000000001,0.004432832341033311,0.00300914214154195,492,1.0,False,0.0,0.025982066078962744
01345553,DES3_Shallow,503,5,0.3189213527881984,41.17245955441103,0.1327430368039668,1.0,35.344692,-4.667977,10.03,False,False,True,0.0025783002554995754,-0.0005684726146752738,-1.7820390507725103e-05,-0.000550652224167549,0.003063993645990582,0.0012910640958156572,0.32500000000000007,0.003146772870174849,0.002018376847573593,492,1.0,False,0.9492667459373761,0.1238451243112035
01345594,DES3_Shallow,505,5,0.4224099953800646,41.6673790185717,0.1914850047920371,1.0,33.898705,-5.599823,11.19,False,False,True,0.007645721045658081,0.002309024354241445,7.831711844019174e-05,0.002230707235801253,0.010203128054875207,-0.005014737041991756,0.42500000000000016,0.005336696691416636,0.003719050401379677,492,1.0,False,0.4188295165394402,-0.07833616818335962
ps0910017,Pan-STARRS,989,5,0.3189217627887779,40.83669910298256,0.1676308106945433,1.0,35.277479,-5.023289,10.0,False,False,True,0.010410975314264019,0.0072641944784846545,0.008595046558739996,-0.0013308520802553403,0.005972275218397058,-0.01585921680902064,0.32500000000000007,0.0031467808357793637,0.0020183811998470726,492,1.0,False,0.9926504363803399,-0.21191853076721293
psc000014,Pan-STARRS,993,5,0.1351810437669469,39.02256485573785,0.1584671713300104,1.0,35.8779625,-4.6363222,10.53,False,False,True,0.0019612226080594855,0.0013780738086656998,0.0015619435455669966,-0.00018386973690129673,0.0005951246585046773,-0.003011511996338671,0.125,0.0005831487993937857,0.0004605399680191162,492,1.0,False,0.947535052012664,-0.04989278350907199
psc000034,Pan-STARRS,994,5,0.2523833780682032,40.37059971857808,0.1475492175814518,1.0,36.0664375,-3.1865361,8.94,False,False,True,0.0003670115768144679,-0.0015921654902489614,-0.0010179337758197931,-0.0005742317144291683,0.001217314122874787,0.0034915755912001394,0.275,0.0019591770670634293,0.0013222857190394893,492,1.0,False,0.0,-0.09773334247301707
psc000038,Pan-STARRS,995,5,0.1495553919235603,39.19583806646215,0.146027508198884,1.0,35.0956625,-4.6725083,9.13,False,False,True,0.0026522714025099437,0.0019407996765002558,0.002173669519621069,-0.00023286984312081345,0.0011360219411594612,-0.004229309769030928,0.125,0.0007114717260096879,0.0005416474220062864,492,1.0,False,0.9887076537013801,-0.11451902055893669
psc061191,Pan-STARRS,1038,5,0.268682791408807,40.78341584097438,0.1482646657849179,1.0,36.2770292,-5.0008528,10.04,False,False,True,0.0021521997669373834,-4.788692198072269e-05,-0.0005622134855370555,0.0005143265635563331,0.0017013440961314483,0.00013887731406064027,0.275,0.002200086688918106,0.0014879371405113636,492,1.0,False,0.965531914893617,0.16146250296158002
psc061197,Pan-STARRS,1039,5,0.3278144740581568,40.8829903407828,0.1718786947908208,1.0,35.4774542,-4.1886083,11.13,False,False,True,0.0019337184226546188,-0.0013915921167086212,-0.00034999716263413565,-0.0010415949540744855,0.004148890554426052,0.003078903820845554,0.32500000000000007,0.00332531053936324,0.0021308751369856264,492,1.0,False,0.7393058918482648,-0.2342314735971758
psc070111,Pan-STARRS,1041,5,0.3515200234328599,41.42010677435632,0.1893726894777691,1.0,36.39315,-5.2186472,10.2,False,False,True,0.002005754855561658,-0.0018286256321513811,-0.0009344765109483067,-0.0008941491212030742,0.007341309832881168,0.004018397364512084,0.3750000000000001,0.0038343804877130393,0.002534927798546944,492,1.0,False,0.926873857404022,0.10468548484186174
psc070515,Pan-STARRS,1046,5,0.4726259766006226,41.874215887679895,0.1771627363599216,1.0,36.4631667,-5.4048889,9.47,False,False,True,0.003191919557619131,-0.003166608592594344,-0.0015418457373249962,-0.0016247628552693476,0.0033490113383891655,0.007090131609845477,0.4750000000000001,0.006358528150213475,0.0043604361900729865,492,1.0,False,0.7605021728633511,-0.14352120265232005
psc070530,Pan-STARRS,1047,5,0.3183434829997769,41.25464396375569,0.1753152675869722,1.0,36.2909,-5.0434083,11.46,False,False,True,0.004007133286260949,0.0008715874299630049,-0.000682992569045844,0.0015545799990088485,0.006479579627886216,-0.0018822740058754483,0.32500000000000007,0.0031355458562979444,0.002012242594402289,492,1.0,False,0.99137187230371,0.2105486698649852
psc080048,Pan-STARRS,1052,5,0.3203378206401559,40.943531485392185,0.1588599470906193,1.0,36.1052292,-5.0123167,11.47,False,False,True,0.004167565695238781,0.0009932732963591085,0.0016633192643291587,-0.0006700459679700507,0.003117957047167524,-0.002110929785691636,0.32500000000000007,0.0031742923988796728,0.0020334130591683447,492,1.0,False,0.9244288224956063,-0.11612820969280228
psc080296,Pan-STARRS,1054,5,0.4988726850013585,42.078118064662696,0.1838434071705349,1.0,35.4570083,-3.9213833,11.74,False,False,True,0.0029797682570753083,-0.003910786470835176,-0.0023150856279139185,-0.001595700842921257,0.0025078927996527926,0.008750314148170029,0.4750000000000001,0.006890554727910484,0.004610994895122594,492,1.0,False,0.009162848812994586,-0.07830408656127164
psc080546,Pan-STARRS,1055,5,0.611578149614165,42.94024451294849,0.1930896852305517,1.0,35.3486875,-4.0070861,9.85,False,False,True,0.002645584907183187,-0.0066275393562143965,-0.0025086090985603706,-0.004118930257654027,0.012710213978881398,0.014656602152734448,0.6250000000000002,0.009273124263397584,0.006085068579142857,492,1.0,False,0.19103666817564507,0.23836319038716758
psc080723,Pan-STARRS,1057,5,0.4292193558363075,41.886901361349715,0.1657280257338168,1.0,34.9863667,-3.9606056,9.75,False,False,True,0.01906304585654515,0.013586126470553819,0.015062854549465352,-0.0014767280789115319,0.018241158939832837,-0.03010245957179878,0.42500000000000016,0.005476919385991333,0.0038149042331907437,492,1.0,False,0.09932659932659933,0.10050186336348624
psc090128,Pan-STARRS,1060,5,0.4299383652686996,41.91281533154879,0.2021873609918991,1.0,36.0191833,-3.2260639,11.4,False,False,True,0.00299020812795852,-0.0025013146758062696,-0.001700368811926117,-0.0008009458638801518,0.0071030065550656205,0.005543371410351555,0.42500000000000016,0.0054915228037647895,0.00382394070310623,492,1.0,False,0.0,0.1221551045805527
psc091437,Pan-STARRS,1063,5,0.4640027300003873,41.60310864007923,0.2109215032589141,1.0,35.7548708,-2.8605083,9.6,False,False,True,0.004503788538435618,-0.001679597441183775,-0.002427057016899284,0.0007474595757155089,0.01372623160681445,0.0036434013482121892,0.4750000000000001,0.006183385979619393,0.004252059714096033,492,1.0,False,0.0,-0.36748616973890025
psc100163,Pan-STARRS,1070,5,0.316927465971953,41.08286638173349,0.1809584113738317,1.0,35.4423417,-5.1516,10.43,False,False,True,0.0014820247869339733,-0.0016260102993949485,-0.0005219618685571314,-0.0011040484308378175,0.004752052425934144,0.0035787639678206435,0.32500000000000007,0.0031080350863289218,0.0019972111684347267,492,1.0,False,0.98227969348659,0.049877009783096685
psc110033,Pan-STARRS,1075,5,0.2039020589187834,39.90218761335672,0.1606218697031254,1.0,34.9031333,-3.5292444,10.06,False,False,True,0.0010939322255975443,-0.00020065966616505905,-0.00012052922378670203,-8.013044237835696e-05,0.0016157478054829256,0.00045101572842350633,0.22500000000000003,0.0012945918917626033,0.0008926020308505481,492,1.0,False,0.0,-0.04898423347866061
psc120585,Pan-STARRS,1098,5,0.2481828147366021,40.4120181095536,0.149193991663654,1.0,35.773475,-3.6103472,9.62,False,False,True,0.00011316771080258508,-0.0017839239239421396,-0.0010208423745914975,-0.0007630815493506421,0.0009980910346804107,0.003906197341989751,0.22500000000000003,0.0018970916347447247,0.0012795952692471052,492,1.0,False,0.0,-0.01641783335363318
psc310039,Pan-STARRS,1137,5,0.1707530635580976,39.61341868599193,0.1429152157384327,1.0,36.2155625,-3.3447722,9.95,False,False,True,0.00014793247781060264,-0.000752775464822601,-0.0004897197732595694,-0.0002630556915630315,0.0006251145730940721,0.0016443919377965598,0.17500000000000004,0.0009007079426332036,0.0006612555710507604,492,1.0,False,0.0,0.12251081569621271
psc310188,Pan-STARRS,1145,5,0.3171206977693939,41.166465423033735,0.1498934852441097,1.0,35.2776375,-4.5196444,11.26,False,False,True,0.007617915965792535,0.004506126718725682,0.0035976487911224832,0.0009084779276031989,0.011319602746601258,-0.009905440797749958,0.32500000000000007,0.0031117892470668524,0.0019992623792611077,492,1.0,False,0.9727095516569201,0.13195781654409552
psc310238,Pan-STARRS,1146,5,0.2819486081061653,40.65596945036404,0.1468340851400791,1.0,35.5267917,-3.2332917,9.91,False,False,True,0.00022775507903902877,-0.002200701094313365,-0.001158637256238678,-0.001042063838074687,0.0006055708561732785,0.004827107889226487,0.275,0.002428456173352394,0.001625900582397863,492,1.0,False,0.0,-0.08477192833187902
psc310260,Pan-STARRS,1147,5,0.517980901912257,42.18061020498617,0.1889197060138896,1.0,36.1689125,-5.1043083,10.91,False,False,True,0.009600981096375109,0.0023231750678285278,-0.0022007925031835955,0.004523967571012123,0.01316800579120085,-0.005035395124675549,0.5250000000000001,0.007277806028546581,0.004787665680763466,492,1.0,False,0.8831710709318498,-0.14247187145790421
psc320099,Pan-STARRS,1149,5,0.3790840845497119,41.41594703203844,0.163008909696217,1.0,36.0675,-3.9160222,10.47,False,False,True,0.004071218472312784,-0.0003533673042572195,0.001765121996522233,-0.0021184893007794533,0.0043451025101264775,0.0008479082184964203,0.3750000000000001,0.004424585776570004,0.003002665169388658,492,1.0,False,0.18791946308724833,-0.08946579213487821
psc320258,Pan-STARRS,1150,5,0.3400926208709456,41.05182985210976,0.1692393295710034,1.0,34.7479958,-4.8807389,10.96,False,False,True,0.0028664012119312484,-0.0007225790473368043,0.0007699551922153594,-0.001492534239552164,0.003814494320449575,0.001636528985682689,0.32500000000000007,0.0035889802592680526,0.0023401517844208464,492,1.0,False,0.9360845495722194,-0.15733333542233544
psc320469,Pan-STARRS,1151,5,0.3700606126161159,41.46618334540238,0.2792295336630749,1.0,34.4183125,-4.8370833,10.77,False,False,True,0.0016821610992537451,-0.0025503732818243237,-0.0004921729685994543,-0.0020582003132248706,0.002672118274556637,0.005646783829823138,0.3750000000000001,0.004232534381078069,0.002850945549833646,492,1.0,False,0.9911048689138576,0.021513924358738605
psc330022,Pan-STARRS,1152,5,0.2630588390275969,40.40804667612375,0.1615899399107871,1.0,35.3240875,-2.949125,10.98,False,False,True,0.009938628604599814,0.007821665413023229,0.00868440398365205,-0.0008627385706288199,0.016566919705143346,-0.01731558328991022,0.275,0.002116963191576585,0.0014307807455681896,492,1.0,False,0.0,-0.16190080568556567
psc330089,Pan-STARRS,1155,5,0.3479164734737339,41.45822635013327,0.1643301079202487,1.0,36.190275,-4.8221417,9.65,False,False,True,0.001309021934005871,-0.0024479733405416058,-0.0008848395200725561,-0.0015631338204690497,0.0015640156199999795,0.005408079059532057,0.32500000000000007,0.0037569952745474767,0.0024735065705872245,492,1.0,False,0.9192997438087105,0.19206791484742888
psc330128,Pan-STARRS,1156,5,0.320147296936816,40.972920530726064,0.156408031147888,1.0,36.8228208,-3.8213139,10.81,False,False,True,0.002484345853394336,-0.0006862449983476683,0.00021003327777702,-0.0008962782761246887,0.0007282526307533784,0.0015582243044783587,0.32500000000000007,0.0031705908517420042,0.0020313905955358126,492,1.0,False,0.0012903225806451613,-0.08525614328803392
psc330146,Pan-STARRS,1157,5,0.1342908151494966,39.11888490055903,0.1502341348328809,1.0,36.7176792,-3.1205528,10.74,False,False,True,2.280751666663623e-05,-0.0005523940185935829,-0.00037884843784167496,-0.000173545580751908,0.00020862758531602635,0.0012047731587364078,0.125,0.0005752015352602192,0.00045551684099859156,492,1.0,False,0.0,0.06193119591343135
psc340229,Pan-STARRS,1159,5,0.1402697277913887,39.23536626865161,0.1608272002625473,1.0,35.8790083,-2.8604444,10.39,False,False,True,0.000748876313460546,0.00012029972704467374,-0.00039830684981560083,0.0005186065768602746,0.002483886142462019,-0.00026389533411858793,0.125,0.0006285765864158723,0.0004892529364870303,492,1.0,False,0.0,0.07608577559319998
psc420352,Pan-STARRS,1206,5,0.4014466083817714,41.68385741881572,0.167359667377692,1.0,35.1821625,-3.9624694,9.19,False,False,True,0.0009421057418137634,-0.003953263029962191,-0.0015912837624182873,-0.002361979267543904,0.004526603778933153,0.00871515417404078,0.42500000000000016,0.0048953687717759545,0.003372425008623507,492,1.0,False,0.08298562818729717,0.0673443903833644
psc440042,Pan-STARRS,1215,5,0.1582571842262692,39.60966160951786,0.1433748384792615,1.0,35.9021333,-3.2939639,8.49,False,False,True,3.65377303019584e-05,-0.0007526167847233547,-0.0004829717026506273,-0.0002696450820727273,0.00023738735338377806,0.0016427560351542029,0.17500000000000004,0.000789154515025313,0.0005907474028268536,492,1.0,False,0.0,0.29932818830591024
psc440236,Pan-STARRS,1218,5,0.4346655845438896,41.713725876378355,0.1702258195190274,1.0,37.1018542,-4.4246056,11.41,False,False,True,0.0016409184863129516,-0.003946616351331091,-0.002178035825356979,-0.001768580525974112,0.002732782141538075,0.00874573491482764,0.42500000000000016,0.005587534837644043,0.003883352127824321,492,0.7,True,0.9078850405305822,-0.10478271838571793
psc440285,Pan-STARRS,1219,5,0.1761630626073871,39.81098700048976,0.1474350317494187,1.0,36.8042542,-4.1287972,10.63,False,False,True,0.00029128156710738536,-0.0006616644960333423,-0.0003863425010056271,-0.00027532199502771515,0.0007049712919250285,0.0014471947011521654,0.17500000000000004,0.0009529460631407277,0.0006935643758363739,492,1.0,False,0.9362076550813903,0.24570149380310705
psc440509,Pan-STARRS,1220,5,0.3181157205906024,40.945751545821224,0.1725456280800092,1.0,34.8496375,-5.4303667,11.82,False,False,True,0.0006368857007191659,-0.002494235124577549,-0.0011441387583230708,-0.0013500963662544784,0.0020856848261921654,0.005485555224296265,0.32500000000000007,0.003131120825296715,0.002009824831250838,492,1.0,False,0.9904378459989934,-0.09656048218566475
psc450339,Pan-STARRS,1225,5,0.4084624553929477,41.765455416714914,0.2341565415723036,1.0,36.2873542,-3.3533917,10.55,False,False,True,0.008126885803108877,0.003083817178908702,0.004603400708847265,-0.001519583529938564,0.007113667022965991,-0.006661486229030029,0.42500000000000016,0.0050430686242001746,0.003488430629564636,492,1.0,False,0.0,0.10501686782554323
psc460004,Pan-STARRS,1228,5,0.2082197717896059,40.144626321570925,0.1523971658209332,1.0,36.0344625,-3.4641833,9.87,False,False,True,8.81474510936328e-05,-0.001259623314732898,-0.000779052071816419,-0.00048057124291647893,0.0009544118682275758,0.002754592242903965,0.22500000000000003,0.0013477707658265308,0.0009235832327363553,492,1.0,False,0.0,0.14288848022617157
psc540163,Pan-STARRS,1271,5,0.3286221766387556,41.23464020172148,0.1502089498319912,1.0,36.0723292,-3.3093417,10.36,False,False,True,0.0007651164525384619,-0.002577539270624914,-0.001470151270819318,-0.0011073879998055966,0.0023169960393917242,0.00567190999404272,0.32500000000000007,0.0033426557231633763,0.002144642140326589,492,1.0,False,0.0,0.11127291099618582
psc550154,Pan-STARRS,1277,5,0.210124987695347,40.212846525746045,0.1477782445794621,1.0,36.3555667,-3.5962083,10.58,False,False,True,0.0008165307626339032,-0.0005547054905344701,-9.369306857490817e-05,-0.000461012421959562,0.0006647221545301843,0.0012236399654676812,0.22500000000000003,0.0013712362531683733,0.0009372538681810349,492,1.0,False,0.0,0.1891051581848539
psc560027,Pan-STARRS,1282,5,0.4388265898546408,41.75363323590862,0.2309815456171849,1.0,35.850625,-3.0839472,10.0,False,False,True,0.0014573554662426426,-0.004214691334906951,-0.002311598212915057,-0.001903093121991894,0.003722826891258734,0.009331585487216009,0.42500000000000016,0.005672046801149594,0.003935647407433778,492,1.0,False,0.0,-0.08915532529490086
psc560121,Pan-STARRS,1286,5,0.3641044995710436,41.5151076427654,0.1751755601240156,1.0,36.3387958,-4.3952611,8.94,False,False,True,0.0032311101689363356,-0.0008735183740489825,0.0007749482561569343,-0.0016484666302059169,0.009662336340568903,0.0019038575055643613,0.3750000000000001,0.004104628542985318,0.002749425720430761,492,1.0,False,0.9881342062193126,0.1112909027872489
03D1au,SNLS,1732,5,0.5030838265307911,42.21276449862432,0.1366682538221146,1.0,36.04321,-4.037469,9.55,False,False,True,0.004483040672492104,-0.002492857970135263,0.0007241642881095807,-0.003217022258244844,0.011606136866462927,0.0055592583679728285,0.5250000000000001,0.0069758986426273675,0.004649930274908105,492,1.0,False,0.5028997514498758,-0.035206143580158646
03D1aw,SNLS,1733,5,0.5807242679744387,42.76444396012342,0.1450653740436086,1.0,36.061634,-4.517158,9.21,False,False,True,0.015128234399950452,0.0065232615045033825,0.010331969964460078,-0.0038087084599566948,0.011550611708046797,-0.014174523326705914,0.5750000000000002,0.00860497289544707,0.00565235560323527,492,1.0,False,0.9327920613441588,0.1467939289134174
03D1ax,SNLS,1734,5,0.4947956137520262,42.15297609067843,0.1341817790488641,1.0,36.097287,-4.720774,11.61,False,False,True,0.006854059063667825,4.6131152872311634e-05,-0.0022961126144275742,0.002342243767299886,0.005233777519366678,1.7375749436193688e-05,0.4750000000000001,0.006807927910795514,0.004573299102569469,492,1.0,False,0.96760758907913,0.017641236882613764
03D1bp,SNLS,1735,5,0.3459282071903045,41.39874862513623,0.1291804484633472,1.0,36.657235,-4.838779,10.85,False,False,True,0.0011401808056067007,-0.0025741170145088116,-0.001363762936859377,-0.0012103540776494353,0.0034610512697993224,0.005668503932183013,0.32500000000000007,0.0037142978201155125,0.0024396172786322542,492,1.0,False,0.9603836530442035,0.14696085957315683
03D1co,SNLS,1736,5,0.6776622506150842,43.260242895680406,0.1890108605302287,1.0,36.567748,-4.93505,8.69,False,False,True,0.007585891441372958,-0.003175337137016624,0.0006118435753157915,-0.0037871807123324164,0.011925214083833072,0.007230669936955675,0.6750000000000002,0.010761228578389582,0.007135181796977426,492,1.0,False,0.9542670477746019,0.27323529286281684
03D1ew,SNLS,1737,5,0.8664945968980386,43.4785169571611,0.2047379165611657,1.0,36.058795,-4.665852,8.58,False,False,True,0.011513885790987029,-0.0033212293708648494,0.0006911172744134501,-0.0040123466452782995,0.024481322870647693,0.007342280920905581,0.8750000000000002,0.014835115161851879,0.009445000402914627,492,1.0,False,0.9597222222222223,-0.12658743563641328
03D1fc,SNLS,1738,5,0.3309318857355345,41.07425553770992,0.1269100008319618,1.0,36.431648,-4.144059,10.41,False,False,True,0.0026570021829291886,-0.0007352538879002515,0.00010798636823270021,-0.0008432402561329522,0.004745278394037489,0.0016470035104990581,0.32500000000000007,0.00339225607082944,0.0021840103107593654,492,1.0,False,0.9690844233055886,-0.06660848244359023
03D1fq,SNLS,1739,5,0.798566302111207,43.39193616786141,0.2047076957608107,1.0,36.731935,-4.302217,10.7,False,False,True,0.010212918602655496,-0.003187112643443086,-0.0015738274444198471,-0.0016132851990232388,0.01887994791185985,0.007189451592844197,0.7750000000000002,0.013400031246098582,0.008683220505719446,492,1.0,False,0.9786306149149586,0.08647401701237357
04D1aj,SNLS,1757,5,0.7196266245919412,42.97587937747983,0.1880779356691775,1.0,36.474835,-4.99461,10.0,False,False,True,0.04588169392246596,0.03418443590917287,0.03478720026880995,-0.0006027643596370801,0.04143840687081677,-0.077970862733003,0.7250000000000002,0.011697258013293093,0.007520486255424301,492,1.0,False,0.9392931392931393,-0.15577888750772614
04D1dc,SNLS,1758,5,0.2100324737747638,39.98035644108062,0.1230586930395374,1.0,36.576935,-4.311968,10.65,False,False,True,0.0011814915737168813,-0.0001886052368162258,0.00011967752462566984,-0.0003082827614418957,0.0034198646082463603,0.00041718675151856694,0.22500000000000003,0.0013700968105331071,0.0009365900462603592,492,1.0,False,0.9631274988893825,-0.04232076183743534
04D1de,SNLS,1759,5,0.7665902415032531,43.56704814846084,0.1760700807788606,1.0,36.649621,-4.422623,9.69,False,False,True,0.014420731144693381,0.0017025112854838539,0.0036131245133575888,-0.0019106132278737331,0.008909810605322355,-0.0032895699689936934,0.7750000000000002,0.012718219859209528,0.008235513482102766,492,1.0,False,0.9769585253456221,0.3689058621246798
04D1ff,SNLS,1760,5,0.8585131461609983,43.194939020112145,0.1877047585812375,1.0,36.410924,-4.902631,8.78,False,False,True,0.01036187937891309,-0.004304989425653022,0.0006836488638750863,-0.004988638289528109,0.017827633735995756,0.009810210298432768,0.8750000000000002,0.014666868804566111,0.00936602515453848,492,1.0,False,0.9822510822510823,-0.3857962156832965
04D1hd,SNLS,1761,5,0.3679043471433738,41.58545863843132,0.1262765252402868,1.0,36.536808,-4.109634,8.22,False,False,True,0.0012186503760679927,-0.002967578815643377,-0.0017542133212306,-0.0012133654944127773,0.003781636424885023,0.0065444559395415386,0.3750000000000001,0.0041862291917113695,0.0028141927714220244,492,1.0,False,0.8857837181044957,0.15550799754604144
04D1hx,SNLS,1762,5,0.5587464797443935,42.51408303802808,0.1415742898149648,1.0,36.177063,-4.790326,9.68,False,False,True,0.0034119098193680984,-0.004724216921798479,-0.00189141519163359,-0.002832801730164891,0.0014085067013908058,0.01060034045871123,0.5750000000000002,0.008136126741166578,0.005338182970501418,492,0.975,False,0.9203204047217538,-0.0036388677006021636
04D1hy,SNLS,1763,5,0.8485096018060083,43.52349657797704,0.1833347487754059,1.0,36.036226,-4.831071,8.14,False,False,True,0.005990073765083552,-0.008465923613582138,-0.004295586997452559,-0.0041703366161295816,0.01054635193929068,0.019108783540095473,0.8250000000000003,0.01445599737866569,0.00926704159552072,492,1.0,False,0.9165568730786122,-0.10388290570979616
04D1iv,SNLS,1764,5,0.9963905136763612,44.08999592366712,0.2117732017461916,1.0,36.200212,-4.152559,9.09,False,False,True,0.06345779451917169,0.04591118537370405,0.05193307591133739,-0.006021890537633335,0.02547047058270164,-0.10386583230527643,0.9750000000000003,0.017546609145467643,0.011202425485430427,492,1.0,False,0.9379591836734694,0.0011810340420128074
04D1jd,SNLS,1765,5,0.7765946746067607,43.19733511364445,0.198596870823423,1.0,36.961818,-4.94379,10.43,False,False,True,0.05739148833119348,0.04445725314535244,-0.0019588899969762525,0.04641614314232869,0.018459086398165157,-0.09993605302773989,0.7750000000000002,0.012934235185841038,0.008391306273899684,492,1.0,False,0.9175627240143369,-0.03484314953714315
04D1jg,SNLS,1766,5,0.5829326543569071,42.61162259352539,0.1438210447431814,1.0,36.552319,-4.1348,11.38,False,False,True,0.002384456462206015,-0.006268339796266786,-0.0033765518439771254,-0.0028917879522896628,0.00582899598534751,0.013961422081116873,0.5750000000000002,0.008652796258472801,0.005683327312230269,492,1.0,False,0.9378280177634235,-0.015869759539179115
04D1kj,SNLS,1767,5,0.5837428958570987,42.61644062198137,0.1379873607253196,1.0,36.969417,-4.180252,9.97,False,False,True,0.0100754097455336,0.0014050674300348266,-0.0006699802023631875,0.0020750476323980124,0.013799751353950652,-0.003013238056164949,0.5750000000000002,0.008670342315498774,0.005694690615390812,492,1.0,False,0.961250550418318,-0.014653956045208902
04D1ks,SNLS,1768,5,0.7965526109160754,42.91039162347422,0.1896468083023187,1.0,36.039649,-4.978721,8.02,False,False,True,0.012684078801562311,-0.0006732624150845232,-0.00307675099053989,0.0024034885754553644,0.013581783217177781,0.001863581289732165,0.7750000000000002,0.013357341216646834,0.00865646667884749,492,1.0,False,0.9364870784056066,-0.3884359258866016
04D1oh,SNLS,1769,5,0.5887211746835785,42.6483645982282,0.1450944067131717,1.0,36.25984,-4.236187,9.21,False,False,True,0.008418546849278771,-0.00035960179823331037,0.00042845664900389904,-0.0007880584472372111,0.016785918555302454,0.0007556200652989349,0.5750000000000002,0.008778148647512082,0.005764508924511769,492,1.0,False,0.974613248710829,-0.004759312213182029
04D1ow,SNLS,1770,5,0.91347307228868,43.74638423737044,0.1895471417647871,1.0,36.677899,-4.30619,9.45,False,False,True,0.010134139447908974,-0.005694547029513698,-0.0019766780501493577,-0.0037178689793643384,0.018756263107311613,0.012886255411846674,0.9250000000000003,0.015828686477422672,0.010212982009899927,492,1.0,False,0.9771453212591634,0.11321279864723867
04D1pc,SNLS,1771,5,0.7685871905535504,43.23228096602478,0.1876706554598762,1.0,36.60365,-4.3994,10.47,False,False,True,0.007028339249072566,-0.005733147119633374,-0.0012750739957130683,-0.0044580731239203045,0.009918409016477918,0.013016759208162178,0.7750000000000002,0.01276148636870594,0.008267476508348056,492,1.0,False,0.9890350877192983,0.02731070873849263
04D1pd,SNLS,1772,5,0.9484549670694488,43.57052764245335,0.2272107484644107,1.0,36.915633,-4.631172,10.27,False,False,True,0.04069799514070405,0.024141639506583337,0.028514479998343042,-0.004372840491759703,0.02701721436878838,-0.0540469520893327,0.9250000000000003,0.016556355634120716,0.010699372379165871,492,1.0,False,0.890975721484196,-0.16176838120340273
04D1pg,SNLS,1773,5,0.5137934613946333,42.50506013030727,0.1431775625401641,1.0,36.767329,-4.175287,9.84,False,False,True,0.013595740385733832,0.006402797942018192,-0.0003876586969219927,0.006790456638940184,0.009694763307676263,-0.013917626406672452,0.5250000000000001,0.0071929424437156405,0.004748949435834771,492,1.0,False,0.9730082716586852,0.20288394242824678
04D1pp,SNLS,1774,5,0.7336087270986067,43.081768919892106,0.1684463491385093,1.0,36.301993,-4.701584,11.43,False,False,True,0.018962334525616076,0.0069587022548991875,0.0072685544305818185,-0.00030985217568263185,0.010926630446459158,-0.014988029251158868,0.7250000000000002,0.012003632270716888,0.007707613678966519,492,1.0,False,0.9307974335472043,-0.10029568581090983
04D1pu,SNLS,1775,5,0.637700843514792,42.51756240506883,0.2052624233930393,1.0,36.868641,-4.744934,9.36,False,False,True,0.003525716848530474,-0.006327150436802786,-0.003587457537212944,-0.002739692899589843,0.01640632950934184,0.01390493335587363,0.6250000000000002,0.00985286728533326,0.006486026685946507,492,1.0,False,0.9163716814159292,-0.29316758190505376
04D1qd,SNLS,1776,5,0.765588659105167,43.179949569124545,0.1718237045767353,1.0,36.637813,-4.107177,10.54,False,False,True,0.012562622929768816,-0.00013389633856595966,-0.004819787762600997,0.0046858914240350364,0.02861901312987041,-6.0208786831498357e-05,0.7750000000000002,0.012696519268334776,0.008219482224584164,492,1.0,False,0.8678485092667204,-0.014761629398937534
04D1rh,SNLS,1777,5,0.4348609256512308,41.8304182679458,0.1325829190329917,1.0,36.946448,-4.253765,9.92,False,False,True,0.0011148149417153862,-0.004476687365158291,-0.002112721189175627,-0.0023639661759826645,0.0061519390598161975,0.009867715774258398,0.42500000000000016,0.0055915023068736774,0.00388580716382277,492,1.0,False,0.9799732977303071,0.010764993078690641
04D1rx,SNLS,1778,5,0.983407441173638,44.10349402985653,0.2205053970040061,1.0,36.295958,-4.618349,9.83,False,False,True,0.016150159591230145,-0.0011276743141121932,0.004136537254670976,-0.005264211568783171,0.015719849900073083,0.003059936925941996,0.9750000000000003,0.01727783390534234,0.011090469450189495,492,1.0,False,0.9421641791044776,0.04930796565017222
04D1sa,SNLS,1779,5,0.583743244093273,42.70340025988005,0.1518933798603352,1.0,36.983995,-4.176071,10.66,False,False,True,0.011573310298911966,0.002902960442239637,-0.002169345789687339,0.005072306231926975,0.006564349263885596,-0.006115530136715661,0.5750000000000002,0.00867034985667233,0.005694695499259658,492,1.0,False,0.9513415188722146,0.0723041346607184
04D1si,SNLS,1780,5,0.7006316638078103,42.98687188206328,0.1713203692473321,1.0,36.203316,-4.56895,10.68,False,False,True,0.002854493731271489,-0.008419075311501281,-0.0035271638985700376,-0.004891911412931243,0.00610621996104133,0.01883720875895559,0.7250000000000002,0.01127356904277277,0.00734608014889724,492,1.0,False,0.9542697153523099,-0.0747783924121532
04D1sk,SNLS,1781,5,0.6620584932661566,42.93823585822013,0.1669255558835262,1.0,36.094908,-4.353621,10.46,False,False,True,0.01709108838350838,0.006683808273662266,0.01076777260901504,-0.004083964335352775,0.026632574540444934,-0.015081459443826627,0.6750000000000002,0.010407280109846113,0.0068939848261646034,492,1.0,False,0.9444444444444444,0.012046693592739053
05D1az,SNLS,1838,5,0.8405222392157119,43.594506145232195,0.1892768175417525,1.0,36.302108,-4.602335,8.68,False,False,True,0.003699593599104903,-0.010588032802352165,-0.00595265576629025,-0.004635377036061915,0.006464732723865317,0.023799150114402173,0.8250000000000003,0.014287626401457067,0.009188007850250379,492,1.0,False,0.9462714219546086,-0.007979887987993622
05D1cb,SNLS,1839,5,0.6306991646728362,42.76739417189163,0.1443144858559814,1.0,36.737733,-4.117567,10.15,False,False,True,0.012186069482999776,0.0024925698124702855,-0.002556718395528235,0.00504928820799852,0.018787995281169964,-0.0055016389897748035,0.6250000000000002,0.00969349967052949,0.006368757905586914,492,1.0,False,0.895503746877602,-0.014583473311902934
05D1cc,SNLS,1840,5,0.5627509281965839,42.58741914217862,0.1361081461936232,1.0,36.629866,-4.164801,9.35,False,False,True,0.005070841208768667,-0.00315025634925278,-0.0011858090686765119,-0.00196444728057627,0.007039997690878682,0.007120684485289491,0.5750000000000002,0.008221097558021447,0.005395807963494058,492,1.0,False,0.9658857377722976,0.05121612825048717
05D1ck,SNLS,1841,5,0.6156983119092554,42.825830885614295,0.1534153013232823,1.0,36.10354,-4.7128,9.76,False,False,True,0.03512966628904057,0.025767318500843496,-0.0028960112424338304,0.02866332974327733,0.018971073674091524,-0.05729699093407514,0.6250000000000002,0.009362347788197075,0.006142852157518786,492,1.0,False,0.9664804469273743,0.10649118727026394
05D1cl,SNLS,1842,5,0.8285284415608116,43.88391622819477,0.1927699292305272,1.0,36.273563,-4.220818,8.47,False,False,True,0.014935866478478558,0.000901065388101193,-3.45179418983271e-05,0.0009355833299995167,0.024817681579902204,-0.0020474349203625786,0.8250000000000003,0.014034801090377365,0.009069331035724265,492,1.0,False,0.9735804416403786,0.31924604374693594
05D1dn,SNLS,1843,5,0.5647412231256468,42.4886672009845,0.1450331392443544,1.0,36.11104,-4.991558,10.27,False,False,True,0.041663443533616853,0.03340011369618822,0.012756723833642424,0.020643389862545793,0.029203271448218333,-0.07503524111306144,0.5750000000000002,0.008263329837428631,0.005424448794487349,492,1.0,False,0.9206349206349206,-0.0566751225971137
05D1dx,SNLS,1844,5,0.5787454138340153,42.538373045749566,0.1372461794788689,1.0,36.945791,-4.03249,9.45,False,False,True,0.006050876912028527,-0.0025112432196613887,0.001114233123561491,-0.0036254763432228814,0.018288900634759485,0.0054283538005543575,0.5750000000000002,0.008562120131689915,0.005624602989350634,492,1.0,False,0.5971001757469244,-0.07042748355851867
05D1ee,SNLS,1845,5,0.557743153665001,42.52536793734644,0.1432593518823026,1.0,36.194786,-4.000485,11.01,False,False,True,0.002155464455531076,-0.005959372603034861,-0.002229880005788958,-0.0037294925972459025,0.001098842673802239,0.01328745758051363,0.5750000000000002,0.008114837058565937,0.005323744862735867,492,1.0,False,0.498948254101809,0.012296130098227734
05D1em,SNLS,1846,5,0.8644970993475649,43.69949786486995,0.1862539862195831,1.0,36.02301,-4.939906,11.1,False,False,True,0.059456422385863045,0.04466341381561046,0.02712425527672683,0.01753915853888363,0.020772034429294133,-0.100577664229925,0.8750000000000002,0.014793008570252585,0.009425235466642165,492,1.0,False,0.9096020761245674,0.10047166781009373
05D1eo,SNLS,1847,5,0.7356079673923455,43.28537014830635,0.1879022768079955,1.0,36.346421,-4.642671,11.17,False,False,True,0.01452742704736336,0.002480478624368185,-0.004638669673111547,0.007119148297479736,0.018150184128117967,-0.005326294179285679,0.7250000000000002,0.012046948422995175,0.0077396133786934085,492,1.0,False,0.9425022999080037,0.09617385110267976
05D1er,SNLS,1848,5,0.8585072828224272,43.52121616941675,0.2179615792412156,1.0,36.422736,-4.004535,10.43,False,False,True,0.013897586695669149,-0.0007691585116477145,0.005001017538369054,-0.005770176050016768,0.01517195075073869,0.002129588845610566,0.8750000000000002,0.014666745207316863,0.00936596713768976,492,1.0,False,0.5863617803184974,-0.059501083179260304
05D1hk,SNLS,1849,5,0.2619841060705088,40.44192453024786,0.1247654653427717,1.0,36.163234,-4.634253,8.95,False,False,True,0.0006587847886763799,-0.00144229356674835,-0.0005601624430634758,-0.0008821311236848742,0.000452378045994586,0.003171579059914188,0.275,0.0021010783554247297,0.0014198582026321925,492,1.0,False,0.9587822014051522,-0.11796767412991131
05D1hm,SNLS,1850,5,0.5857437830629377,42.86374649113593,0.1517384148782624,1.0,36.942572,-4.717286,9.89,False,False,True,0.0017812525464822714,-0.00693241966634698,-0.004207869241268622,-0.00272455042507836,0.00859416098212375,0.015364915953891004,0.5750000000000002,0.008713672212829251,0.0057227522339386465,492,1.0,False,0.8914903196758217,0.2237764894329141
05D1if,SNLS,1851,5,0.7615804036972535,43.182016048498575,0.1744803300019755,1.0,36.123871,-4.570338,10.0,False,False,True,0.008646034015085636,-0.003963641164440411,0.0013193947004013608,-0.00528303586484177,0.00795177401694914,0.009179219786469961,0.7750000000000002,0.012609675179526048,0.008155326370041013,492,1.0,False,0.9475638051044084,0.0010793480762413404
05D1ix,SNLS,1852,5,0.4887998242191027,42.16347222569832,0.1330715571700687,1.0,36.083196,-4.670004,7.5,False,False,True,0.007936667037060832,0.0012502511075135874,0.004249057461934522,-0.002998806354420935,0.011620488822135034,-0.0026682273572079963,0.4750000000000001,0.006686415929547244,0.004517863221123368,492,1.0,False,0.9703016241299304,0.059446653880900424
05D1iz,SNLS,1853,5,0.8585164582948752,43.91902761907098,0.2387751996674884,1.0,36.553202,-4.77337,8.96,False,False,True,0.007296075251780812,-0.0073708633714784175,-0.0017027829606148818,-0.005668080410863535,0.009994286106804012,0.016746132795764163,0.8750000000000002,0.01466693862325923,0.00936605792760245,492,1.0,False,0.9478885893980233,0.3382822248218066
05D1ke,SNLS,1854,5,0.6886564041709764,42.958875414164766,0.1579295771039508,1.0,36.692882,-4.862496,8.9,False,False,True,0.005242804966433445,-0.005763651894066089,-0.001544601237523117,-0.004219050656542971,0.0067026097369569815,0.013008854617527146,0.6750000000000002,0.011006456860499534,0.00723612686014627,492,1.0,False,0.9603796945934792,-0.07018418156910175
05D1kl,SNLS,1855,5,0.5587427959734994,42.972655815680966,0.1610608946139859,1.0,36.139745,-4.31896,8.46,False,False,True,0.007927873473967976,-0.00020817510087289826,0.001780911328823017,-0.001989086429695917,0.01719082622379933,0.00043708577233461665,0.5750000000000002,0.008136048574840874,0.005338129960136946,492,1.0,False,0.9496587030716723,0.45495096863082496
SCP05D0,SuzukiRubin,1968,5,1.0123472611392637,44.09429660705335,0.2685963172270599,1.0,35.425275,-3.364755555555556,10.0,False,True,True,0.012501145701106723,-0.005375799628654799,0.0017413558730202967,-0.0071171555016751,0.015501037561067885,0.01249694781747505,1.0250000000000004,0.017876945329761522,0.011340024207220868,492,1.0,False,0.0,-6.938893903907228e-18
SCP05D6,SuzukiRubin,1969,5,1.3131010648273116,44.8447602644184,0.2361862255360604,1.0,35.44368333333333,-3.3822722222222223,10.0,False,True,True,0.026334150242077747,0.002615362373765147,-0.0058631333226675745,0.008478495696432721,0.013330338935166967,-0.004604091949725504,1.3250000000000006,0.0237187878683126,0.015267131298220249,492,1.0,False,0.0,0.04883867260253463
SCP06R12,SuzukiRubin,1979,5,1.2102060200857658,44.698959668535366,0.5276603198834235,1.0,35.75034583333334,-4.600847222222223,10.0,False,True,True,0.041422792209360036,0.01952073351107799,0.005569604066898043,0.01395112944417995,0.02987843279784472,-0.04362515106642305,1.2250000000000005,0.021902058698282045,0.013685062819390456,492,1.0,False,0.9491304347826087,0.0
01248677,DES3_Deep,303,4,0.3501922445086136,41.26874458326081,0.1048611899586135,1.0,53.646217,-28.127001,9.85,False,False,True,0.0002556416367506362,-0.0036986102681498315,-0.0022837789618798125,-0.001414831306270019,0.0010245107443475486,0.008147035245449987,0.3750000000000001,0.003954251904900468,0.002444129316487254,497,0.925,False,0.9917971662938105,-0.03717967308449217
01262214,DES3_Deep,306,4,0.6893664114401092,43.07216089788592,0.1696620138709475,1.0,53.502693,-28.660202,8.86,False,False,True,0.0051324869414367605,-0.0056362549251245,-0.002539295041382671,-0.0030969598837418282,0.012029600602607346,0.012613147850457402,0.6750000000000002,0.01076874186656126,0.006362885057821101,497,1.0,False,0.7439429928741093,0.04040772347176838
01262715,DES3_Deep,307,4,0.6893601579787407,42.85709351257355,0.1387458447489902,1.0,53.369957,-28.442709,11.05,False,False,True,0.012765785375997343,0.001997195798856608,-0.0012641235656596674,0.003261319364516276,0.028539735775134398,-0.004790902540443346,0.6750000000000002,0.010768589577140735,0.006362802137695672,497,1.0,False,0.9968960165545784,-0.1746359494810767
01285160,DES3_Deep,310,4,0.7493108646697713,43.27682515789307,0.1462153549788169,1.0,52.398907,-28.647585,7.98,False,False,True,0.004168745268539443,-0.008063876182468618,-0.0038160937653571357,-0.004247782417111481,0.008674956012665085,0.018220424963783476,0.7250000000000002,0.01223262145100806,0.007135863854365869,497,1.0,False,0.9479073909171861,0.03924483072477216
01289600,DES3_Deep,312,4,0.419624763151611,41.989628533504856,0.1207894901232169,1.0,52.047657,-27.862852,9.71,False,False,True,0.007792939186416187,0.0024545469095261646,0.003956092107405637,-0.0015015451978794725,0.0032796824379266658,-0.005209711204420021,0.42500000000000016,0.005338392276890022,0.0032293163421681426,497,1.0,False,0.9856938483547926,0.26073081872008724
01292195,DES3_Deep,313,4,0.8292951102052186,43.43897995261902,0.1989063177778157,1.0,53.042854,-28.293522,8.95,False,False,True,0.004874972958320846,-0.009324237350694913,-0.0048449772232318986,-0.004479260127463014,0.004870989004537968,0.021226471411946564,0.8250000000000003,0.01419921030901576,0.008136904575798774,497,1.0,False,0.9865263157894737,-0.1281233851509148
01297465,DES3_Deep,317,4,0.2778763574849618,40.92369038356827,0.1058621880139559,1.0,51.795311,-27.822104,10.0,False,False,True,8.650140298336372e-05,-0.0025456555480650373,-0.0014874691827710953,-0.001058186365293943,0.0006990859168956554,0.005585328001572741,0.275,0.002632156951048401,0.0017970219855922146,497,1.0,False,0.7862823061630219,0.21885354296642476
01300912,DES3_Deep,318,4,0.3376548014842233,41.26045214227237,0.1076250415783959,1.0,52.037891,-27.532908,9.74,False,False,True,0.0003744401510292338,-0.0033294623925660795,-0.0018942212505431689,-0.0014352411420229109,0.0003082158544229264,0.007333574902712108,0.32500000000000007,0.0037039025435953135,0.002294564587308437,497,1.0,False,0.9765411893071467,0.06929642842799062
01302187,DES3_Deep,320,4,0.2195023859032221,40.03952814716361,0.1189157705670775,1.0,52.161892,-27.142117,10.95,False,False,True,0.0006435654230403388,-0.0009573420598434805,-0.0003648814593322649,-0.0005924606005112155,0.00024234297721571513,0.0021053655255771327,0.22500000000000003,0.0016009074828838192,0.0010950140871404503,497,1.0,False,0.966900702106319,-0.08988529579839384
01304442,DES3_Deep,322,4,0.2171112217176234,40.169256344974166,0.1231433738721304,1.0,52.163063,-28.108288,9.57,False,False,True,0.0006368029046468226,-0.0009298820068879088,-0.00034939165634830286,-0.0005804903505396056,0.001734173636895469,0.002042050848527892,0.22500000000000003,0.0015666849115347314,0.0010762133158702001,497,1.0,False,0.9775853285787061,0.06638455225831545
01307830,DES3_Deep,326,4,0.3492829284853669,41.44503842173314,0.1154354729586114,1.0,53.294464,-27.957768,10.4,False,False,True,0.0007530456021185963,-0.003183048957204989,-0.002267174525431262,-0.0009158744317737258,0.004709316681388659,0.006998771209089054,0.32500000000000007,0.003936094559323585,0.0024332816815675765,497,0.85,True,0.9571713147410359,0.1690476807280785
01309492,DES3_Deep,329,4,0.3334897113954451,41.05854705201931,0.1040408225423478,1.0,53.30085,-28.024872,9.56,False,False,True,0.006165361110494102,0.0025446276502178924,0.003308390370791911,-0.0007637627205740184,0.007689599743549951,-0.005539836362443323,0.32500000000000007,0.0036207334602762096,0.0022448773767726367,497,0.825,True,0.9404888416578109,-0.10156173914954429
01309749,DES3_Deep,330,4,0.7892835350418792,43.28026502810957,0.1544595346846778,1.0,52.538422,-27.317421,9.12,False,False,True,0.03385538385962615,0.020640322797724046,0.025399491227686616,-0.0047591684299625675,0.015438252508670878,-0.04544944587044838,0.7750000000000002,0.013215061061902105,0.007630013517582704,497,1.0,False,0.9967274427302478,0.005523255218068082
01316385,DES3_Deep,332,4,0.1477623141953492,39.00767776995346,0.1107332316347468,1.0,53.525982,-27.632116,9.8,False,False,True,0.00015772692959745775,-0.00047939089498729315,-0.00033265276900382146,-0.00014673812598347164,0.0002258908718007027,0.0010466329075746392,0.125,0.0006371178245847509,0.0004966101672765226,497,1.0,False,0.9778270509977827,-0.2742046104825414
01316465,DES3_Deep,333,4,0.3290793407198824,41.10215686690937,0.1038570290236848,1.0,52.797485,-27.959307,9.32,False,False,True,0.0015237557181232576,-0.002008910862838076,-0.0005984162171602204,-0.0014104946456778567,0.0027005522210363795,0.004446431484008745,0.32500000000000007,0.003532666580961334,0.002192264105120237,497,1.0,False,0.9128014842300557,-0.02468259942126742
01322979,DES3_Deep,336,4,0.5293829178592093,42.35815336856549,0.1165466779928711,1.0,52.069336,-28.063671,7.86,False,False,True,0.015936075743965723,0.008458153550732839,0.011298635222976468,-0.002840481672243629,0.019622303250234355,-0.01871982712787324,0.5250000000000001,0.007477922193232884,0.00452833165513497,497,1.0,False,0.9532163742690059,-0.021057792522630216
01325358,DES3_Deep,337,4,0.7792992563535928,43.033442061992574,0.2043562977995177,1.0,52.2841,-28.951557,8.22,False,False,True,0.01651220653750596,0.0035435753885024682,0.008413943762485325,-0.004870368373982855,0.013232437765103012,-0.007299485222337587,0.7750000000000002,0.012968631149003493,0.007506546349427505,497,1.0,False,0.965792980897379,-0.20786461390214325
01329166,DES3_Deep,338,4,0.731618133049192,43.19663082013008,0.1637864487993304,1.0,52.303516,-28.911634,10.0,False,False,True,0.0057438359583202,-0.006054960582038355,-0.0017364427785245802,-0.0043185178035137755,0.01424032687380506,0.013650637523934438,0.7250000000000002,0.011798796540358555,0.006917182036679062,497,1.0,False,0.9665071770334929,0.021685684563084638
01329196,DES3_Deep,339,4,0.7693264109682705,43.193540598738096,0.1494461286802608,1.0,53.075779,-28.906466,9.42,False,False,True,0.007409640988373959,-0.005313760675139417,-0.0023633979987434,-0.002950362676396016,0.0033381640820795695,0.012328148630470086,0.7750000000000002,0.012723401663513377,0.007383255616159117,497,1.0,False,0.9775993237531699,-0.013952853996937895
01333438,DES3_Deep,343,4,0.3994509001858017,41.73853243900928,0.1637051428937926,1.0,52.352478,-28.996702,10.68,False,False,True,0.0017334306439620725,-0.0032031658833875463,-0.0012735914760379202,-0.001929574407349626,0.0030866031296142,0.00710795739921923,0.3750000000000001,0.0049365965273496185,0.0030081398810608484,497,1.0,False,0.9648014440433214,0.1008093768134471
01334707,DES3_Deep,345,4,0.6488328487670945,42.94701323788881,0.133026332190905,1.0,51.776356,-28.627846,9.27,False,False,True,0.004033433256949517,-0.005836962596596579,-0.002969342411375561,-0.002867620185221016,0.008071881514773019,0.013149100526506037,0.6250000000000002,0.009870395853546095,0.0059925696311675415,497,1.0,False,0.7826262626262627,0.09118351922375342
01334879,DES3_Deep,346,4,0.6393497078996211,42.69893971908804,0.1336336586856739,1.0,52.408852,-28.216372,9.67,False,False,True,0.033705310861287925,0.0240336888478656,0.027791317408758703,-0.0037576285608930987,0.0323789424753894,-0.054157394408924406,0.6250000000000002,0.009671622013422322,0.005927402240217466,497,1.0,False,0.9413347685683531,-0.11851754542223016
01335717,DES3_Deep,347,4,0.3047936508275715,41.13230529979835,0.104870094686005,1.0,52.859905,-28.353096,10.0,False,False,True,0.004393413315205666,0.0012934087329592977,0.0021804470622121073,-0.0008870383292528104,0.0068908826737736,-0.002799687955901334,0.32500000000000007,0.0031000045822463683,0.001994989230739303,497,1.0,False,0.9948207171314741,0.1964118258627263
01335718,DES3_Deep,348,4,0.6993249699981432,43.19867765593537,0.1359616642821748,1.0,52.309444,-28.385372,8.64,False,False,True,0.0198170423397585,0.008805781486877108,0.012560000233075809,-0.003754218746198699,0.0029480538158847915,-0.018880608376897815,0.6750000000000002,0.01101126085288139,0.0064949343143957845,497,1.0,False,0.924044734389562,0.1294221031573622
01343208,DES3_Deep,351,4,0.4992197631020045,42.11684968479518,0.1338366569082954,1.0,52.846481,-28.544226,10.38,False,False,True,0.014710448713306852,0.007809709590455335,0.004538076511171624,0.0032716330792837097,0.00858918334196555,-0.016997326665635863,0.4750000000000001,0.006900739122851517,0.004107645131907069,497,1.0,False,0.9782699540325951,-0.041360134552047345
01343759,DES3_Deep,352,4,0.5079943476444553,42.18976340764458,0.1224792532775169,1.0,51.978981,-28.564434,9.74,False,False,True,0.00955448860548179,0.002486296900076659,0.0009870557263316803,0.001499241173744979,0.013577475934258633,-0.005353428353266271,0.5250000000000001,0.007068191705405131,0.004227997697498739,497,1.0,False,0.9310344827586207,-0.08319450671229292
01346387,DES3_Deep,353,4,0.3444771283396386,41.37150974473536,0.1145797417235384,1.0,52.695011,-28.64933,10.81,False,False,True,0.011245730211062704,0.007405598520300335,0.007359633992287068,4.596452801326864e-05,0.0037927702999885965,-0.016300859801079134,0.32500000000000007,0.0038401316907623693,0.00237595115604614,497,1.0,False,0.9986541049798116,0.1302584080652249
01253039,DES3_Shallow,355,4,0.4534672904015684,41.933549945787206,0.1249695627389272,1.0,54.418591,-27.527397,10.79,False,False,True,0.017105034810274283,0.011094177292379222,0.013489242000411001,-0.0023950647080317783,0.012079805377224981,-0.024323855375947806,0.4750000000000001,0.0060108575178950616,0.0035656319862631984,497,1.0,False,0.8052120141342756,0.02167613840618854
01253920,DES3_Shallow,357,4,0.1955625959053246,39.727683032507535,0.1106006368681264,1.0,54.629311,-27.04277,9.23,False,False,True,0.0010227602051720555,-0.00023551870531195846,0.00020582889720475095,-0.0004413476025167093,0.0009822179251628965,0.0005269590916449937,0.17500000000000004,0.001258278910484014,0.0009067850568132825,497,1.0,False,0.0,-0.08787142653172372
01257366,DES3_Shallow,359,4,0.2113408050139094,40.14581267875838,0.1263045020466147,1.0,53.899559,-26.969273,10.96,False,False,True,0.0007161554067477092,-0.0007679427470285307,-0.000771505662712779,3.5629156842485092e-06,0.0023386690440359943,0.001686564450370584,0.22500000000000003,0.0014840981537762399,0.0010308428284591087,497,1.0,False,0.0,0.10812634629544486
01283373,DES3_Shallow,370,4,0.2075626168390045,40.152512736588726,0.1166453989278161,1.0,54.946724,-26.730389,10.23,False,False,True,0.00029891420083926466,-0.0011311101611142743,-0.000648315063334553,-0.0004827950977797211,0.0016958134889297665,0.0024760990009686573,0.22500000000000003,0.001430024361953539,0.0010011364401984607,497,1.0,False,0.0,0.1584078276470417
01289656,DES3_Shallow,376,4,0.5394309791313667,42.38170600422277,0.1708024752544061,1.0,54.301674,-27.355434,8.73,False,False,True,0.011788165587470523,0.004114923355648262,0.007224213839526768,-0.0031092904838785048,0.005432734728639097,-0.008776834013988304,0.5250000000000001,0.007673242231822261,0.004682124492553505,497,1.0,False,0.691117984975696,-0.04603332358189919
01290779,DES3_Shallow,378,4,0.3895014109010326,41.6298176544404,0.1356819159592483,1.0,54.723251,-27.905073,2.0,False,False,True,0.003923705603049456,-0.0008147304375607971,0.0008080238633748826,-0.0016227543009356797,0.0037289806488561847,0.0018976515981167664,0.3750000000000001,0.004738436040610253,0.002899058500188987,497,0.975,False,0.19313091090094575,0.05592651788198837
01290816,DES3_Shallow,379,4,0.2184506252983489,40.32252403212466,0.1157505104684414,1.0,54.172512,-27.84,8.86,False,False,True,0.0006018905955386689,-0.0009839639886110468,-0.0008579942133509584,-0.00012596977526008825,0.003741279547241126,0.002148758429639222,0.22500000000000003,0.0015858545841497158,0.001086744512561518,497,1.0,False,0.972457627118644,0.20475179582704567
01291794,DES3_Shallow,382,4,0.3951172942378953,41.43575457825725,0.1474885973212565,1.0,55.169327,-28.711853,10.94,False,False,True,0.023281920365159445,0.01843163474678164,0.00467047810745755,0.01376115663932409,0.0169779990515082,-0.040789219637054785,0.3750000000000001,0.004850285618377807,0.002960628324696264,497,1.0,False,0.0,-0.1743496218016362
01292145,DES3_Shallow,384,4,0.4924532810580331,42.38863468797196,0.1959179086515605,1.0,53.630531,-29.648947,9.22,False,False,True,0.007138138622039704,0.00036652981727720597,0.0003893084652421726,-2.2778647964966613e-05,0.021545080766472362,-0.0011088400189729723,0.4750000000000001,0.006771608804762498,0.00401483578348925,497,1.0,False,0.0,0.26548863169085335
01295256,DES3_Shallow,392,4,0.4424566257593436,41.8567196690376,0.1356954043948885,1.0,53.719418,-27.832769,8.8,False,False,True,0.001821485488729703,-0.003970681606724052,-0.001772707374348143,-0.00219797423237591,0.0012521182117491564,0.008846848718223818,0.42500000000000016,0.005792167095453755,0.003458344505722632,497,0.85,True,0.9754366812227074,-0.007075763289724004
01299643,DES3_Shallow,399,4,0.3800038820377722,41.49021832263942,0.1195245696811738,1.0,55.102634,-26.72208,9.25,False,False,True,0.010373909970790286,0.00582463287980028,0.007514134496661829,-0.0016895016168615496,0.007639008978965227,-0.012712346357757663,0.3750000000000001,0.0045492770909900055,0.0027949321944437536,497,1.0,False,0.0,-0.02131070316793155
01299775,DES3_Shallow,400,4,0.159771595339577,39.181337920707456,0.1169229351762325,1.0,53.438889,-29.676743,10.78,False,False,True,0.00037882063037426904,-0.0004024151858947119,-0.00034865878920102203,-5.375639669368974e-05,0.0007841820387566155,0.0008813066071673934,0.17500000000000004,0.0007812358162689809,0.0006061752408050223,497,1.0,False,0.0,-0.15157554200494536
01299785,DES3_Shallow,401,4,0.3812885853915888,41.46337329001081,0.1337668561283289,1.0,53.911511,-28.319296,10.19,False,False,True,0.029966122818435966,0.025391258741559387,0.02679718961585452,-0.0014059308742951334,0.006253837747423023,-0.05602561458756176,0.3750000000000001,0.0045748640768765786,0.0028090170596900077,497,1.0,False,0.970325011775789,-0.05667540786670328
01302058,DES3_Shallow,403,4,0.198352591098686,39.521778520546704,0.1091188959048369,1.0,53.396389,-29.190622,9.66,True,False,True,0.0003508349320763193,-0.0009473746574231619,-0.0005759435270242508,-0.00037143113039891115,0.0012872551602506903,0.0020726396655617978,0.17500000000000004,0.0012982095894994812,0.0009287216773897369,497,1.0,False,0.29901079136690645,-0.3278510344839314
01303279,DES3_Shallow,407,4,0.1723823922539173,39.255996450342856,0.116576399266752,1.0,54.906788,-27.813025,10.62,False,False,True,0.0001539582008713631,-0.0007786141278004401,-0.0004730954577562812,-0.0003055186700441586,0.0005080499639570634,0.001700755868817584,0.17500000000000004,0.0009325723286718032,0.0007212281631722185,497,1.0,False,0.0,-0.25754037697121057
01303496,DES3_Shallow,408,4,0.1797717401195735,39.66001044736799,0.1193103911164765,1.0,53.848209,-29.591787,10.64,False,False,True,0.0006420632057567066,-0.0003902154609775393,-0.0006020068772216728,0.00021179141624413374,0.002501894891831759,0.0008518091347141082,0.17500000000000004,0.001032278666734246,0.0007826278493837639,497,1.0,False,0.0,0.04628750607931999
01304678,DES3_Shallow,412,4,0.2188637677342773,40.23591799925743,0.1426890472715426,1.0,54.870091,-27.643946,11.23,False,False,True,0.0005856908874763534,-0.0010060766308733846,-0.0004094795506911917,-0.0005965970801821926,0.0024750050999141817,0.0022051266218735587,0.22500000000000003,0.001591767518349738,0.0010899928869252291,497,1.0,False,0.0,0.11356678793711932
01306141,DES3_Shallow,414,4,0.3324344019641088,41.04354652099573,0.1162409394582424,1.0,54.897774,-28.910761,9.68,False,False,True,0.030466387668131333,0.026866726769588834,0.027888538672412894,-0.0010218119028240612,0.005875912053984817,-0.05931487828072854,0.32500000000000007,0.0035996608985424984,0.0022322881216118667,497,1.0,False,0.0,-0.10863887611584637
01306360,DES3_Shallow,415,4,0.4494404970812411,41.87732386970976,0.190474746888421,1.0,53.676712,-26.486982,10.65,False,False,True,0.002683222616905083,-0.003247655975019507,-0.0012667281879687586,-0.001980927787050748,0.004835263444893608,0.007253041485333957,0.42500000000000016,0.00593087859192459,0.0035263950715052356,497,1.0,False,0.0,-0.0264382990701619
01306537,DES3_Shallow,417,4,0.4794741368781541,42.10171142729047,0.1551771741620135,1.0,55.040997,-27.559187,9.67,False,False,True,0.014448770800226308,0.007924853632799087,-0.0030554617793410173,0.010980315412140104,0.018400342567260346,-0.017549216191569055,0.4750000000000001,0.006523917167427221,0.0038368133034874397,497,1.0,False,0.0,0.04710639331092947
01306626,DES3_Shallow,418,4,0.4094921716673501,41.64206615397406,0.13386064127832,1.0,54.877281,-27.238987,9.03,False,False,True,0.0029951118883607807,-0.00214147311953444,-0.0001265843371806314,-0.002014888782353809,0.006308086272770118,0.004783451715983345,0.42500000000000016,0.005136585007895221,0.0031182275174778517,497,1.0,False,0.0,-0.024760173837745394
01308314,DES3_Shallow,423,4,0.4064730178756959,41.75650539652206,0.1222523441764457,1.0,53.415611,-28.940748,7.52,False,False,True,0.0012811887211230733,-0.003795264860145954,-0.002035965381875138,-0.0017592994782708166,0.0020334821549990605,0.008416858216824962,0.42500000000000016,0.005076453581269028,0.0030851269778187657,497,1.0,False,0.39345794392523364,0.1084507603226357
01309288,DES3_Shallow,427,4,0.2683535730194786,40.53590983119713,0.1342214544080509,1.0,54.644871,-29.194429,10.96,False,False,True,0.0005969927145164284,-0.0018651927115019497,-0.0008672389852531497,-0.0009979537262488,0.002242922263217154,0.0040971945910746686,0.275,0.002462185426018378,0.0016911084602757886,497,1.0,False,0.0,-0.08302704963582758
01319821,DES3_Shallow,442,4,0.3088129483107464,41.04011802031716,0.1154295634271948,1.0,53.357853,-29.471891,10.42,False,False,True,0.003772633479195188,0.0006027697627985569,-0.0014284800469123058,0.0020312498097108623,0.003321877218559039,-0.001256426915582619,0.32500000000000007,0.003169863716396631,0.0020245497530415662,497,1.0,False,0.0,0.07167147113136103
01324542,DES3_Shallow,444,4,0.5415361344767149,42.6058485927863,0.1771767302962148,1.0,53.895199,-29.047989,9.18,False,False,True,0.0034573255622686117,-0.004256837899246924,-0.002602145391020954,-0.0016546925082259693,0.0046561505411035565,0.009585848655963923,0.5250000000000001,0.007714163461515535,0.004714345416072852,497,1.0,False,0.0,0.1680502194980947
01330426,DES3_Shallow,450,4,0.259537986367321,40.488310273290836,0.1086855533628016,1.0,53.970436,-28.692368,2.0,False,False,True,0.0007348442003092213,-0.0015682069603172198,-0.001027593192849688,-0.0005406137674675316,0.0015459462431222717,0.0034501413548002763,0.275,0.002303051160626441,0.0015786872067281154,497,1.0,False,0.6348,-0.048552739190032834
01335868,DES3_Shallow,468,4,0.6194153602058086,42.850880430740304,0.1949888352082829,1.0,55.0891,-26.512669,2.0,False,False,True,0.0014877107536918652,-0.007770746552273796,-0.00460376545973204,-0.003166981092541754,0.008677197013918878,0.017311277845240135,0.6250000000000002,0.009258457305965662,0.005761524292510176,497,1.0,False,0.0,0.11588551319293447
01337687,DES3_Shallow,479,4,0.3195263794466887,41.07372936191573,0.1120442182961534,1.0,55.047089,-26.975626,8.4,False,False,True,0.002167227461831125,-0.0011888456670482547,0.00013226400071178956,-0.0013211096677600445,0.0036889189690888337,0.002649502277034071,0.32500000000000007,0.0033560731288793796,0.0021033432788637994,497,1.0,False,0.0,0.020391537540455935
01337703,DES3_Shallow,480,4,0.5334428191518148,42.06325051913487,0.1649651607455733,1.0,54.883587,-26.724333,10.58,False,False,True,0.07102938316597851,0.06347254225841234,-0.001526649860374184,0.06499919211878652,0.011178064904426622,-0.14337586919100626,0.5250000000000001,0.007556840907566174,0.004590471377666232,497,1.0,False,0.0,-0.33567198591856295
01339392,DES3_Shallow,492,4,0.1804691802116129,39.3911592450236,0.1287090573128891,1.0,54.124462,-28.569849,10.29,False,False,True,0.00039128129081865296,-0.0006509792054592455,-0.0003906459088337352,-0.00026033329662551003,0.0002349814413307887,0.001426103125691038,0.17500000000000004,0.0010422604962778985,0.0007881115429436236,497,1.0,False,0.9484657749803305,-0.23182046310515522
01339450,DES3_Shallow,493,4,0.5505268182766645,42.25158208347593,0.2448011981345002,1.0,53.621021,-29.169039,11.04,False,False,True,0.005316907627571536,-0.0025720219564015698,-0.002601338852812556,2.9316896410987257e-05,0.014946764033722519,0.005756556113597339,0.5750000000000002,0.007888929583973105,0.004851954327332032,497,1.0,False,0.0,-0.22780965434780906
01340454,DES3_Shallow,494,4,0.4209903175925114,41.62606641329411,0.1367131237408723,1.0,54.753906,-27.843153,9.91,False,False,True,0.011567952854965195,0.006202363309458366,0.007896927279738907,-0.0016945639702805437,0.018482081739462274,-0.013786400957071905,0.42500000000000016,0.005365589545506829,0.003244287619567993,497,1.0,False,0.09913793103448276,-0.11108958945623178
01343337,DES3_Shallow,498,4,0.3389225911319462,41.22382665995438,0.1433222694133697,1.0,54.559166,-28.709869,9.83,False,False,True,0.0012500553974630533,-0.002479162541620741,-0.001363411850449777,-0.0011157506911709642,0.007262941403039602,0.005430783709666386,0.32500000000000007,0.003729217939083794,0.0023096886133916277,497,1.0,False,0.37557125051931867,0.023291167540329744
01346137,DES3_Shallow,506,4,0.3634669357908606,41.396047496196296,0.1446714991744124,1.0,53.259174,-26.85409,10.09,False,False,True,0.00037265403787199334,-0.003846668701453683,-0.002373023961677228,-0.0014736447397764535,0.002792178715073729,0.008476122220657656,0.3750000000000001,0.004219322739325676,0.002602489007749598,497,1.0,False,0.0904997748761819,-0.0033595482492687137
01346956,DES3_Shallow,507,4,0.3335205606363138,41.10852338950357,0.1324749112027086,1.0,54.343502,-28.826429,2.0,False,False,True,0.0005335337082035932,-0.003087815753894775,-0.002036807255625334,-0.0010510084982694409,0.0010699083836013931,0.006803628423108338,0.32500000000000007,0.003621349462098368,0.002245245391075627,497,1.0,False,0.12095323741007194,-0.051816671981724835
01346966,DES3_Shallow,508,4,0.3355455552140733,41.114794718946385,0.1240697439915537,1.0,55.340694,-29.14934,9.56,False,False,True,0.0063463877336889345,0.002684602905447545,-0.002004833211603527,0.004689436117051072,0.007192136179755333,-0.00583220598019102,0.32500000000000007,0.0036617848282413895,0.0022694024512530473,497,1.0,False,0.0,-0.060683124432229715
GSD10Pri,MCT,978,4,1.55,45.458824160060374,0.3527394178013773,1.0,53.158375,-27.777527777777777,10.0,False,False,True,0.03420098279232899,0.006202782694668254,-0.0046234233518194,0.010826206046487652,0.040225540613275663,-0.0133075014572126,1.5250000000000004,0.027998200097660738,0.016252554091001285,497,1.0,False,0.9986282578875172,0.05337863676076973
GSD11Was,MCT,979,4,1.33,44.97173106474715,0.3398202512390096,1.0,53.086875,-27.82819444444445,10.0,False,False,True,0.015326567914388542,-0.009406421100305562,-0.005771641032244347,-0.003634780068061217,0.015703568624677963,0.022591592896170888,1.3250000000000006,0.024732989014694104,0.01401956576745947,497,1.0,False,0.9784644194756554,0.14202350428224902
psc000006,Pan-STARRS,990,4,0.2301334403896844,40.32972921099089,0.1566766792195965,1.0,53.36645,-28.3715222,10.79,False,False,True,0.000261093095712321,-0.0015111628940460073,-0.0009837944009061035,-0.0005273684931399035,0.00130397717385557,0.0033097917932205204,0.22500000000000003,0.0017722559897583282,0.0012037041172025828,497,1.0,False,0.9954841946813848,0.08546762304986781
psc090275,Pan-STARRS,1062,4,0.1391794193022071,39.03098315940172,0.1448681616699766,1.0,54.0720875,-28.0515111,11.03,False,False,True,0.0007035744025985222,0.000169456046506605,-0.0002906420398036888,0.0004600980863102938,0.00016236376590924895,-0.00037454439912066196,0.125,0.0005341183560919172,0.00041830527135804443,497,1.0,False,0.9645075421472937,-0.10994648373838999
psc091748,Pan-STARRS,1064,4,0.1440300514103478,39.06468835786129,0.144434288373402,1.0,52.1228917,-26.8284944,8.15,False,False,True,0.002314279119446362,0.00172195050501935,0.0018740426141073724,-0.00015209210908802235,0.0005805354365548699,-0.003765501032212528,0.125,0.0005923286144270119,0.00046255936593751746,497,1.0,False,0.024934383202099737,-0.15687060005193787
psc100116,Pan-STARRS,1069,4,0.447261071198952,41.700070541726824,0.1884796216568238,1.0,54.0300708,-27.6675861,10.19,False,False,True,0.05303259672230182,0.04714500521452377,0.0012040786890358604,0.04594092652548791,0.004888454424874269,-0.10534603175572736,0.42500000000000016,0.005887591507778048,0.0035051588319562612,497,1.0,False,0.9732758620689655,-0.19128200313383975
psc100206,Pan-STARRS,1071,4,0.2161201877661951,39.87473247664,0.1469986261072775,1.0,52.518175,-28.2566917,11.18,False,False,True,0.00024998733090744735,-0.0013025138075863577,-0.0007307793368491657,-0.0005717344707371916,0.0005221157066473794,0.0028538364743716576,0.22500000000000003,0.0015525011384938052,0.0010684212107717414,497,1.0,False,0.91921726041144,-0.2170593673461288
psc100213,Pan-STARRS,1072,4,0.2747001874794061,40.876867528167395,0.1647028203966632,1.0,53.06715,-27.1943083,9.41,False,False,True,0.0012355239548826938,-0.0013412271681967217,-0.00036665290578533614,-0.0009745742624113856,0.002414615104716351,0.002960307057105394,0.275,0.0025767511230794155,0.0017720440101741289,497,1.0,False,0.9758871701546861,0.2003742408785064
psc100405,Pan-STARRS,1074,4,0.1025792967723935,38.227531380990094,0.1480940021780726,1.0,53.62855,-27.3205778,11.06,False,False,True,4.723159055352017e-05,-0.00031672592006057304,-0.00025544105177673337,-6.128486828383965e-05,0.0003183854581908139,0.0006899300537471692,0.125,0.0003639575106140932,0.00028894123201381904,497,1.0,False,0.8061855670103093,-0.20229239668619614
psc110460,Pan-STARRS,1080,4,0.1991509364362178,39.92121227150528,0.1562086252920596,1.0,53.8447583,-27.8402778,9.39,False,False,True,0.00024335613935154839,-0.0010662794452508384,-0.0006808283311191179,-0.0003854511141317205,0.0012458123958330404,0.0023329300178061636,0.17500000000000004,0.0013096355846023869,0.0009349987486908229,497,0.925,False,0.9819186338523355,0.06191426632059539
psc110478,Pan-STARRS,1081,4,0.2642185782577821,40.56506133559871,0.1607395687299425,1.0,53.5803042,-27.5689028,9.47,False,False,True,0.0010706375334439099,-0.0013169051739709333,-0.00041683158398732887,-0.0009000735899836047,0.001297209937637086,0.0029068631022936254,0.275,0.002387542707414843,0.0016383767121953352,497,1.0,False,0.979520697167756,-0.015694176476618246
psc110536,Pan-STARRS,1082,4,0.2343409051533131,40.18021783854085,0.17977305657941,1.0,54.3325167,-26.9017472,10.58,False,False,True,0.0005619861695576678,-0.0012862207286020479,-0.0006277002913148416,-0.000658520437287206,0.000695022000663398,0.0028251625067447286,0.22500000000000003,0.0018482068981597157,0.0012573600429677768,497,1.0,False,0.0,-0.10814308922401257
psc110567,Pan-STARRS,1084,4,0.2140107839241873,40.10999853845785,0.1644135491349021,1.0,52.7131458,-26.4599833,11.4,False,False,True,0.02026673615685182,0.018744425008623816,0.019217822376841973,-0.00047339736821815884,0.005760829685791139,-0.04128283305788902,0.22500000000000003,0.001522311148228006,0.0010518358088202453,497,1.0,False,0.0,0.041948089124789575
psc120444,Pan-STARRS,1097,4,0.2990661746687537,41.08091705228009,0.1620260166106746,1.0,51.6820042,-27.9362361,8.93,False,False,True,0.00028161506648683745,-0.0027188406450934007,-0.0015502705777610366,-0.0011685700673323644,0.0012925568182164634,0.005974683345311376,0.275,0.0030004557115802383,0.0019528656538114581,497,1.0,False,0.46494798733604703,0.19431805432077084
psc310146,Pan-STARRS,1143,4,0.4790204868660583,41.94879405787805,0.184320725617812,1.0,52.486575,-28.7419306,8.44,False,False,True,0.008433585302965105,0.0019183255102242181,0.003661782457837974,-0.0017434569476137553,0.00830921224482839,-0.004039189499488029,0.4750000000000001,0.006515259792740887,0.0038305910211021855,497,1.0,False,0.9845882870981947,-0.10338399430525101
psc340125,Pan-STARRS,1158,4,0.3184776953977515,41.097179923849325,0.2048596686844095,1.0,53.036225,-26.6502111,11.29,False,False,True,0.005050939165111207,0.0017130931418299121,-0.0013521654287929404,0.003065258570622852,0.005386214847317603,-0.003692215003106236,0.32500000000000007,0.0033378460232812946,0.0020956305757492866,497,1.0,False,0.0,0.05203436702710569
psc340309,Pan-STARRS,1160,4,0.1497549825474826,40.06605278354955,0.1622935642663052,1.0,53.1839292,-27.6614528,10.79,True,False,True,0.0010619133778300416,0.00040088243492011747,0.0004571293423044684,-5.624690738435071e-05,0.001031330503089884,-0.0008683679973260146,0.125,0.0006610309429099241,0.0005147900110071649,497,1.0,False,0.9737193763919821,0.7525459379856377
psc440005,Pan-STARRS,1213,4,0.3051010216655478,41.02028282118922,0.1574694728602563,1.0,52.9892542,-28.8835583,11.39,False,False,True,0.0057309354191049855,0.0026255884453849944,0.0035517611180795874,-0.0009261726726945928,0.0053214027235285,-0.005683073234844299,0.32500000000000007,0.003105346973719991,0.0019972498353721026,497,1.0,False,0.9816082121471343,0.08188590048855211
psc440008,Pan-STARRS,1214,4,0.146155483451543,39.31811432606319,0.1426863023741643,1.0,52.6734792,-28.8632111,10.06,False,False,True,0.0032911734175911016,0.0026733384474081005,-0.00029238708631193,0.0029657255337200306,0.0003459422420375728,-0.005828885263216512,0.125,0.000617834970183001,0.00048195046146410616,497,1.0,False,0.9829931972789115,0.0620254844020002
psc440643,Pan-STARRS,1221,4,0.1891416132556196,39.75733071328312,0.1443767201308193,1.0,53.6036458,-26.7739111,8.87,False,False,True,0.00019498037822164954,-0.0009714008122378548,-0.0005688679838840654,-0.0004025328283537893,0.0008301683698361422,0.0021243197024201454,0.17500000000000004,0.0011663811904595043,0.0008562994285764565,497,1.0,False,0.0,0.021948206824180763
psc450175,Pan-STARRS,1223,4,0.5190189298887546,42.23163395931458,0.240368900208578,1.0,53.2864458,-28.0844417,10.0,False,False,True,0.002101813534972793,-0.005176769301710562,-0.004036278312376522,-0.0011404909893340403,0.003861360834355796,0.011565571542088302,0.5250000000000001,0.007278582836683356,0.004379211324908523,497,0.775,True,0.9550200803212852,-0.09660590791510218
psc460037,Pan-STARRS,1229,4,0.3025297307182721,40.97377508680813,0.1794038312071464,1.0,54.7269667,-27.5410972,9.65,False,False,True,0.0011821001485445588,-0.001878555393407312,-0.0006690018625102087,-0.0012095535308971038,0.003628825209134419,0.004141998470395277,0.32500000000000007,0.0030606555419518708,0.0019783388929224014,497,1.0,False,0.10998680158380994,0.05639291476328019
psc460064,Pan-STARRS,1230,4,0.2419248922212022,40.15391333701153,0.155052334584977,1.0,53.7742125,-26.7649389,9.38,False,False,True,0.00033455457978649327,-0.0016505544053710406,-0.0009069347103435798,-0.0007436196950274605,0.0013791641486329777,0.003619374678487699,0.22500000000000003,0.001985108985157534,0.001354075255091835,497,1.0,False,0.0,-0.2121154007554627
psc470008,Pan-STARRS,1232,4,0.239129293909984,39.97644536676489,0.1475100945945809,1.0,53.0827583,-29.0137861,10.27,False,False,True,0.0015856586362630394,-0.0003489857001830253,0.0001306139333992352,-0.00047959963358226016,0.0011073465640730337,0.000790328279114929,0.22500000000000003,0.0019346443364460647,0.0013184242338990491,497,1.0,False,0.9628406275805119,-0.36121959134758913
psc470015,Pan-STARRS,1233,4,0.337113044100769,41.21112320201292,0.1773889440341904,1.0,54.14855,-28.6251167,11.56,False,False,True,0.002350727044102419,-0.0013423576146445824,-0.0009232697384477715,-0.00041908787619681157,0.0009666549837700594,0.0030040787193381987,0.32500000000000007,0.0036930846587470015,0.002288101722737142,497,1.0,False,0.8061104582843713,0.023985651442815132
psc470110,Pan-STARRS,1235,4,0.3454622500799968,41.22601669329027,0.192058422857471,1.0,52.0705667,-28.6233278,10.57,False,False,True,0.0060851860479016655,0.002225383312730424,0.00027915090712139594,0.0019462324056090286,0.012925626412356893,-0.004941686257174458,0.32500000000000007,0.0038598027351712414,0.002387703111051494,497,1.0,False,0.9312883435582822,-0.02239218362635746
psc550096,Pan-STARRS,1275,4,0.2231079787494418,39.99478551761165,0.1588014776484161,1.0,52.7766292,-26.397925,10.18,False,False,True,0.0006954364070139587,-0.0009570746667812137,-0.0006141613316502469,-0.0003429133351309665,0.002219075156897355,0.002100854020085127,0.22500000000000003,0.0016525110737951724,0.0011233634270994938,497,1.0,False,0.0,-0.17414671646222263
psc580275,Pan-STARRS,1293,4,0.3820963378794373,41.364148146262714,0.1981414488543013,1.0,54.1391333,-28.6139278,11.33,False,False,True,0.011107523855986276,0.006516572056255217,0.0026468223450753273,0.0038697497111798897,0.008555839509468633,-0.01425952180717108,0.3750000000000001,0.004590951799731059,0.0028178728666822398,497,1.0,False,0.8395110410094637,-0.16124362173767265
psc580276,Pan-STARRS,1294,4,0.3380998787709233,41.15527065374757,0.1690705048752085,1.0,53.5213875,-28.8077,10.57,False,False,True,0.002808329104790065,-0.0009044608023801035,0.0002435934935767067,-0.0011480542959568106,0.005910478657901298,0.0020145353984354474,0.32500000000000007,0.0037127899071701686,0.00229987411204322,497,1.0,False,0.25992961287078936,-0.03918168896667744
2002fw,Riess07,1303,4,1.2991107967805655,44.71600079409968,0.2737364319885295,1.0,53.156333333333336,-27.779611111111112,10.0,False,False,True,0.038163774580118465,0.013970655895985788,-0.002836369806959227,0.016807025702945018,0.04151720427437169,-0.031510079587929014,1.2750000000000004,0.024193118684132677,0.013685973710186008,497,1.0,False,0.9986276303751144,0.0
2002hp,Riess07,1304,4,1.3041066404005537,44.40410462443374,0.3047808275956084,1.0,53.103291666666664,-27.771611111111103,10.0,False,False,True,0.020896041972904907,-0.003385249342299855,-0.00013861791072482949,-0.003246631431575021,0.03755491430287941,0.007972469830253404,1.3250000000000006,0.02428129131520476,0.013740458217875855,497,1.0,False,0.998223011994669,-0.3736553640947527
2002hr,Riess07,1305,4,0.5254075836775041,43.18788760544142,0.2895936114170507,1.0,53.09404166666666,-27.697833333333328,10.0,False,False,True,0.005674079413909412,-0.001726567929504646,0.0006387474346834874,-0.0023653153641881334,0.007362430328435157,0.004008105324581261,0.5250000000000001,0.007400647343414058,0.0044674862933351345,497,1.0,False,0.9965171963430561,0.828115628866118
2002kd,Riess07,1306,4,0.7343269044704723,43.08622044204131,0.2628969860888064,1.0,53.09308333333333,-27.740805555555557,10.0,False,False,True,0.022602249148374942,0.010737033665763285,0.014846047824796952,-0.004109014159033666,0.030763022857137806,-0.02431263634549341,0.7250000000000002,0.011865215482611657,0.006950662398604332,497,1.0,False,0.997845756139595,-0.09840819867644199
2003aj,Riess07,1308,4,1.3061113065045324,44.98348125800917,0.3243302282534798,1.0,53.18470833333333,-27.918444444444447,10.0,False,False,True,0.01596593932885816,-0.00835073273447523,-0.00013455436229480033,-0.008216178372180426,0.02884967821135349,0.0195489309694565,1.3250000000000006,0.02431667206333339,0.013762321041067678,497,0.9,False,0.969173859432799,0.2016625318658633
2003ak,Riess07,1309,4,1.5500177046042452,45.319364048249064,0.3210327752492438,1.0,53.19541666666667,-27.913722222222223,10.0,False,False,True,0.025230514488462037,-0.002767913902071425,0.006514991639838402,-0.00928290554190983,0.006716947718732584,0.008661386654772896,1.5750000000000006,0.027998428390533462,0.016252807914463586,497,0.875,True,0.9652389819987586,0.0
HST04Greenberg,Riess07,1318,4,1.1391702414290372,44.14772538785789,0.3031619221407596,1.0,53.08954166666667,-27.78286111111111,10.0,False,False,True,0.07557424363183393,0.05444426081452777,0.03865632993177249,0.015787930882755277,0.08106175518071017,-0.1314828995310677,1.1250000000000004,0.021129982817306162,0.011892715779498849,497,1.0,False,0.9968581687612208,2.7755575615628914e-17
HST04McGuire,Riess07,1320,4,1.369079854003076,44.79455432894409,0.2923192494928455,1.0,53.04175,-27.83055,10.0,False,False,True,0.03803263234690566,0.012651334596783893,-0.010693479923658574,0.023344814520442465,0.041909880527748036,-0.02829790811276972,1.3750000000000004,0.025381297750121767,0.01442009715114969,497,1.0,False,0.9752520623281393,0.0
HST04Ombo,Riess07,1321,4,0.9742343500931072,44.003896143008,0.2671143905323763,1.0,53.10558333333334,-27.75083611111111,10.0,False,False,True,0.011135885654361823,-0.0064042026332581485,-0.0010107560475815687,-0.00539344658567658,0.007494663964974177,0.0151976670899138,0.9750000000000003,0.017540088287619972,0.010262609421379626,497,1.0,False,0.9978146853146853,-0.025550299355216854
HST04Rakke,Riess07,1323,4,0.7393243906226654,43.1950127991304,0.2600079037550692,1.0,53.07562500000001,-27.73626388888889,10.0,False,False,True,0.010168772591597684,-0.0018189810060965286,0.0023689989701211056,-0.004187979976217632,0.010969551728932356,0.004474248557879538,0.7250000000000002,0.011987753597694212,0.007012431229956245,497,1.0,False,0.995697074010327,-0.00739124817625878
HST05Zwicky,Riess07,1332,4,0.5204124610194887,42.328324743356944,0.260837573067271,1.0,53.19020833333334,-27.740083333333335,10.0,False,False,True,0.0068665416444038,-0.00043863508804537193,0.0014264158801313345,-0.0018650509681767064,0.013580994385087627,0.0010469110669519086,0.5250000000000001,0.007305176732449172,0.004398325055707321,497,1.0,False,0.9981735159817352,-0.0068241154058454115
SCP05P9,SuzukiRubin,1970,4,0.8203473065921025,44.02397056239826,0.2681318726447332,1.0,54.43547083333333,-28.731827777777777,10.0,False,True,True,0.008614954668762054,-0.005366816012975161,-0.0038616481565754163,-0.0015051678563997454,0.02846909012979731,0.011692253731877537,0.8250000000000003,0.013981770681737215,0.00801415302583038,497,1.0,False,0.4779474130619169,0.4854017839476009
COS12Car,MCT,972,21,1.54,45.33141077937442,0.3644052901631536,1.0,150.06133333333332,2.192388888888889,10.0,False,False,True,0.0723106082150093,0.045012381381862324,0.04712274737574912,-0.0021103659938868074,0.04565890473487771,-0.10349693490847593,1.5250000000000004,0.02729822683314698,0.016491390709339127,500,1.0,False,0.9912790697674418,-0.056967719820170876
psc000010,Pan-STARRS,991,21,0.2471413762236129,40.45422423947944,0.1482909298847007,1.0,149.7489958,3.1575306,10.79,False,False,True,0.004038525884986857,0.00174397488895072,-0.0010858407628141086,0.0028298156517648286,0.0039858083273408606,-0.003800055093989091,0.22500000000000003,0.0022945509960361366,0.0016224665562357195,500,1.0,False,0.0,0.03607221630477635
psc000011,Pan-STARRS,992,21,0.3828039783932564,41.575692963692696,0.1687407340916453,1.0,149.9759167,2.4119,11.06,False,False,True,0.003170245435558711,-0.0011084662532286653,-0.0009251477046795748,-0.0001833185485490903,0.006160012142580341,0.002471323899664474,0.3750000000000001,0.004278711688787376,0.0029349930912145497,500,1.0,False,0.9530386740331491,0.045628955148198584
psc000190,Pan-STARRS,998,21,0.1035732411342278,38.55311498464435,0.1430662128061234,1.0,148.9884708,2.2634639,9.8,False,False,True,3.068432769248073e-05,-0.000587322254147891,-0.00035545609683535097,-0.00023186615731254006,0.000143578537584723,0.0012807573807158603,0.125,0.0006180065818403717,0.0004146648649318561,500,1.0,False,0.0,0.10099921553811755
psc000196,Pan-STARRS,999,21,0.3518679902160477,41.2724020659241,0.1462269771096234,1.0,150.1150708,2.6940333,9.66,False,False,True,0.00800890753830596,0.004217688943429443,-0.001643529102948682,0.005861218046378126,0.004861655733516736,-0.009194788979699563,0.3750000000000001,0.003791218594876517,0.002652575081658827,500,1.0,False,0.906811377245509,-0.04550258016403758
psc000199,Pan-STARRS,1000,21,0.3728025452272032,41.45291448996608,0.1472370826643696,1.0,151.2314,2.5909194,10.47,False,False,True,0.0039043587058159497,-0.0001956217980033999,0.0011693563175536026,-0.001364978115557002,0.00711797268043245,0.00047134309233347153,0.3750000000000001,0.0040999805038193496,0.002808341348495742,500,1.0,False,0.0,-0.010356958025089243
psc000202,Pan-STARRS,1001,21,0.6210891501794382,42.82059436326996,0.1855371540548432,1.0,150.5391458,1.8991694,9.94,False,False,True,0.020027850132053417,0.01127670953555242,0.010899781758585816,0.000376927776966603,0.0132931374470173,-0.02472747250519622,0.6250000000000002,0.008751140596500997,0.006604831313871266,500,1.0,False,0.945531914893617,0.07857904170624738
psc000215,Pan-STARRS,1002,21,0.4678066227508932,42.15639315908455,0.1622502341326241,1.0,150.8099292,3.144225,8.71,False,False,True,0.002122031255458282,-0.003710455170979954,-0.0016322295746587214,-0.0020782255963212315,0.007932281743886237,0.00818609746321599,0.4750000000000001,0.005832486426438236,0.003947651134857487,500,1.0,False,0.0,0.16490271588209593
psc000220,Pan-STARRS,1003,21,0.2210194615316887,40.14005577563628,0.1423193589017218,1.0,150.5367542,2.7185639,11.34,False,False,True,0.0005184153200582998,-0.0013884962513060965,-0.0008147368046944459,-0.0005737594466116503,0.00027632499501965965,0.003052528560646803,0.22500000000000003,0.0019069115713643964,0.0012989129618380685,500,1.0,False,0.8949824970828472,-0.006058289798173644
psc000420,Pan-STARRS,1005,21,0.312724824964889,41.03692215860979,0.1457111510666289,1.0,149.82,1.6134861,9.39,False,False,True,0.0009653010091386237,-0.0022647783138788286,-0.001638758113972316,-0.0006260201999065118,0.004550092598203487,0.004978773464121381,0.32500000000000007,0.0032300793230174525,0.0023381372661645896,500,1.0,False,0.5850492390331244,0.037167030479417565
psc010010,Pan-STARRS,1006,21,0.1006879465783943,38.562395436154304,0.1452105233407807,1.0,150.8586542,1.0294194,10.1,False,False,True,0.004728012702939538,0.0041100061210991665,0.004341872278411707,-0.00023186615731254006,0.0027926793170898042,-0.008952234007962127,0.125,0.0006180065818403717,0.0004146648649318561,500,1.0,False,0.0,0.175562435068685
psc020132,Pan-STARRS,1013,21,0.1479361635996869,39.534826309914166,0.1757363108739985,1.0,150.088325,1.418125,10.63,False,False,True,0.004791739275423347,0.003830663768053737,0.004036627075178904,-0.00020596330712516632,0.001165093155549509,-0.008364315335485924,0.125,0.0009610755073696099,0.0006374072798002772,500,1.0,False,0.0,0.2501690046894117
psc030066,Pan-STARRS,1018,21,0.2267201596955634,40.149278943601416,0.1487307782737109,1.0,150.1833917,3.403975,9.13,False,False,True,0.0025914188698521494,0.0006112301685949413,0.0010024004391579798,-0.00039117027056303794,0.008246214122376768,-0.0013695748269100232,0.22500000000000003,0.001980188701257208,0.001355855070198967,500,1.0,False,0.0,-0.0586547058320311
psc120044,Pan-STARRS,1089,21,0.4817101009062614,42.385944587403856,0.1996298092111712,1.0,148.7919458,1.7302472,10.0,False,False,True,0.0061988235303653706,0.00011218048388197,-0.0020808179899599105,0.002192998473841881,0.008065109335510844,-0.00014508317143902862,0.4750000000000001,0.0060866430464834006,0.0041019601541620165,500,1.0,False,0.0,0.31940871450433717
psc120085,Pan-STARRS,1090,21,0.3233409546788404,40.865815667648526,0.1587830577266712,1.0,150.4709458,2.0426472,10.9,False,False,True,0.0017370241433901758,-0.001635638492251203,-0.0003650431123883742,-0.0012705953798628278,0.003724418023868711,0.003621495982616351,0.32500000000000007,0.0033726626356413787,0.0024371820140104365,500,1.0,False,0.9814066289409863,-0.21711290691171461
psc120086,Pan-STARRS,1091,21,0.3937252743955159,41.42331792950842,0.1832189955463884,1.0,150.7890208,2.1433861,11.03,False,False,True,0.0030573768724195746,-0.0014261042506506817,0.0002903759367054045,-0.0017164801873560862,0.004128914724200444,0.003198074231581874,0.3750000000000001,0.004483481123070256,0.0030893545005157876,500,1.0,False,0.5459533607681756,-0.1778548855871564
psc120094,Pan-STARRS,1092,21,0.4528921059926545,42.08501296566932,0.1661380229524408,1.0,150.5261625,2.0877944,8.66,False,False,True,0.00356367868375172,-0.002003099303656392,-0.0007663493528352432,-0.0012367499508211485,0.004332284926635881,0.004501636688610453,0.4750000000000001,0.005566777987408112,0.0038026193766459698,500,1.0,False,0.9862737182075091,0.17638163338190394
psc120336,Pan-STARRS,1094,21,0.1625452861757323,39.4313161840209,0.1443804158002093,1.0,149.0823417,1.4094667,9.76,False,False,True,0.00479215995599929,0.0036125676961089033,0.0036628695080638766,-5.030181195497368e-05,0.004179837200681792,-0.007873428990202332,0.17500000000000004,0.0011795922598903867,0.0007792824119492974,500,1.0,False,0.0,0.05756067920895071
psc120369,Pan-STARRS,1095,21,0.3317541974359217,41.274694437128225,0.1511162453963658,1.0,150.99525,2.2624194,10.56,False,False,True,0.0004204465898613033,-0.003074115445964262,-0.0018472037184347895,-0.001226911727529471,0.0013088832118393994,0.006766187947771993,0.32500000000000007,0.0034945620358255653,0.0025029158024612525,500,1.0,False,0.0,0.1276284589424119
psc120400,Pan-STARRS,1096,21,0.3527637780571004,41.418316763637435,0.1567026395383313,1.0,149.6284417,2.8717806,10.66,False,False,True,0.0006477561272880924,-0.003156674363597861,-0.0021744574932988287,-0.0009822168702990314,0.005328762557269655,0.006940754099138507,0.3750000000000001,0.0038044304908859536,0.002659240307062679,500,1.0,False,0.3120471014492754,0.09402955293829068
psc120706,Pan-STARRS,1099,21,0.3309410910405495,40.92832523093795,0.162298123573485,1.0,149.6798875,2.4331889,11.43,False,False,True,0.008552081255718252,0.005069511654538419,0.006429322339559993,-0.0013598106850215732,0.0038174558099543852,-0.011015570989008246,0.32500000000000007,0.003482569601179833,0.002496865779058278,500,1.0,False,0.8988993069710558,-0.21260829553069163
psc350192,Pan-STARRS,1169,21,0.3027018134457813,40.909797819135605,0.1463828790199741,1.0,148.7158,1.9616639,8.52,False,False,True,0.0009510789516788784,-0.002144383121609226,-0.0010486128364813043,-0.0010957702851279204,0.0026153010440438987,0.004725998742314904,0.32500000000000007,0.003095462073288104,0.0022446261019913186,500,1.0,False,0.0,-0.008995909760612968
psc350233,Pan-STARRS,1170,21,0.1705491789665425,39.565750538178456,0.1433956723910584,1.0,149.4663208,3.4823583,9.18,False,False,True,0.00011879469726523031,-0.0011805162282101872,-0.0006870406243626483,-0.0004934756038475389,0.0006354139363880367,0.0025825088715147482,0.17500000000000004,0.0012993109254754176,0.0008570114707269105,500,1.0,False,0.0,0.07768849345486097
psc370098,Pan-STARRS,1181,21,0.2232190330734886,40.07665044016532,0.1439220615313274,1.0,150.0063542,2.4311056,10.49,False,False,True,0.00012963401631960243,-0.0018031367914239738,-0.0011207484742191294,-0.0006823883172048439,0.0004300114600826472,0.003953879179070241,0.22500000000000003,0.0019327708077435761,0.00131796838362252,500,1.0,False,0.9534601375961149,-0.09348956658223291
psc370344,Pan-STARRS,1183,21,0.3327502666087176,41.134551087489086,0.1503712320043413,1.0,150.17375,1.8316417,9.38,False,False,True,0.0008584902044322866,-0.0026507627679366002,-0.0015903030891910113,-0.0010604596787455879,0.003751687827729448,0.0058307154242343544,0.32500000000000007,0.003509252972368887,0.0025103271840967866,500,1.0,False,0.9851007887817704,-0.02000830111242528
psc370367,Pan-STARRS,1185,21,0.4729031521696663,42.1841844209224,0.1955055056896018,1.0,149.2216167,1.9779111,9.3,False,False,True,0.0027745219701281435,-0.00314876128856986,-0.0008985126785017125,-0.002250248610068147,0.006927022396527952,0.006983273551223352,0.4750000000000001,0.005923283258698004,0.003997210811135504,500,1.0,False,0.25827559661277905,0.16494543585607202
psc370369,Pan-STARRS,1186,21,0.1925953944990295,39.08181646488301,0.1560810391319416,1.0,151.5663292,2.4068722,11.44,True,False,True,0.011624586945385878,0.010051842576263844,0.010641626443622309,-0.0005897838673584639,0.0005661029760371014,-0.022276947169884247,0.17500000000000004,0.0015727443691220346,0.0010526683747246921,500,1.0,False,0.0,-0.6969989193049282
psc370563,Pan-STARRS,1190,21,0.1868832135440752,39.809868145256736,0.1446413621377947,1.0,150.95185,2.6460139,10.86,False,False,True,0.0022563682865255775,0.0007507791041059223,-0.0008336586249721922,0.0015844377290781147,0.001179985575362108,-0.0016301045334194417,0.17500000000000004,0.0015055891824196552,0.001003182365591888,500,1.0,False,0.021721958925750396,0.10328695985336701
psc370589,Pan-STARRS,1192,21,0.3065028078470093,40.36507930460117,0.187050557250645,1.0,149.1082083,3.45475,9.99,False,False,True,0.0007051195242817741,-0.002441393015381082,-0.0013854618862775845,-0.0010559311291034965,0.0038351504536011712,0.0053673520682460596,0.32500000000000007,0.003146512539662856,0.002280088039832787,500,1.0,False,0.0,-0.5847052397529912
psc370595,Pan-STARRS,1193,21,0.1771736749742396,39.6890740414503,0.1421846885913168,1.0,150.4976458,1.3251472,10.32,False,False,True,0.0003485877189012782,-0.0010428513900887651,-0.0005478033185370823,-0.0004950480715516825,0.00038900305877533753,0.0022818933609544453,0.17500000000000004,0.0013914391089900433,0.0009190662778609028,500,1.0,False,0.0,0.11013103200096076
psc380279,Pan-STARRS,1194,21,0.3505627222227441,41.14319057064789,0.1697840246873663,1.0,149.8270333,2.9348833,10.97,False,False,True,0.0024198252195425972,-0.001352142092606408,-0.000791451861329557,-0.0005606902312768505,0.002419476911576144,0.003027136875820866,0.3750000000000001,0.003771967312149005,0.0026428630661691132,500,1.0,False,0.12183729077462048,-0.16538690741222423
psc380318,Pan-STARRS,1195,21,0.3393533406417022,41.1432275454158,0.1733392650715106,1.0,150.4131875,3.2498417,11.44,False,False,True,0.0003207058008833492,-0.0032859353291143367,-0.0019447306263934501,-0.0013412047027208857,0.0017115450835879177,0.007229130153388583,0.32500000000000007,0.003606641129997686,0.0025594582113012197,500,1.0,False,0.0,-0.060487461054534106
psc480464,Pan-STARRS,1241,21,0.2240147751300472,40.14158589217339,0.1435522428107118,1.0,149.8004375,3.2215694,10.92,False,False,True,0.0009936887256873376,-0.0009484372139745964,-0.0007680818495915244,-0.00018035536438307156,0.0026391496053920142,0.00208989217547242,0.22500000000000003,0.001942125939661934,0.0013248620900699782,500,1.0,False,0.0,-0.037191949432231766
psc490521,Pan-STARRS,1245,21,0.3427510811549834,41.09858476041709,0.1789163294199824,1.0,148.8651708,1.5752944,10.35,False,False,True,0.0064374367986479285,0.0027806826929307185,-0.0011930198517185367,0.003973702544649256,0.010502830079341762,-0.006118705098649039,0.32500000000000007,0.00365675410571721,0.0025847395394762067,500,1.0,False,0.0,-0.13007987280472724
psc580235,Pan-STARRS,1292,21,0.3327474015706093,41.07076827088811,0.154638386427438,1.0,150.2348708,2.5796056,8.89,False,False,True,0.00984461706117694,0.006335406345002897,0.007285561647362574,-0.0009501553023596771,0.010036507333285715,-0.013891536448444628,0.32500000000000007,0.0035092107161740433,0.002510305866409822,500,1.0,False,0.9117988394584139,-0.08376959389868581
psc590005,Pan-STARRS,1297,21,0.1762769106313619,39.66548591677354,0.1448165243755126,1.0,151.0178208,1.2154667,10.0,False,False,True,0.0007133823689628774,-0.0006675139408145888,-0.00014356669893020237,-0.0005239472418843862,0.0002923081752764904,0.0014506253203504635,0.17500000000000004,0.0013808963097774662,0.0009112973908435664,500,1.0,False,0.0,0.09865821210961535
psc590031,Pan-STARRS,1298,21,0.3810954593593509,41.465700709229694,0.1874494107726629,1.0,149.0729,2.0023444,10.28,False,False,True,0.003312910257794535,-0.000933767460302735,0.0004135701741392007,-0.0013473376344419349,0.0046937961647012996,0.002115096791305719,0.3750000000000001,0.00424667771809727,0.002910844912661649,500,1.0,False,0.0,-0.0530689534336632
psc590191,Pan-STARRS,1299,21,0.2223212356458184,40.45316714684997,0.1910738703126473,1.0,150.1378042,1.9040028,10.0,False,False,True,0.00024726542551276645,-0.0016749504375692939,-0.0009965274698043927,-0.0006784229677649007,0.0002077430719907565,0.0036752970024267473,0.22500000000000003,0.0019222158630820604,0.0013101905467410465,500,1.0,False,0.979947689625109,0.2928071497595847
04D2al,SNLS,1782,21,0.8381396284800389,43.282368419726694,0.2461167638277205,1.0,150.468646,2.164106,9.69,False,False,True,0.015735502442604188,0.00255284031015191,0.006773851236174125,-0.004221010926022214,0.02490865621604144,-0.005735450330288511,0.8250000000000003,0.013182662132452278,0.009209384679384192,500,1.0,False,0.9394644935972061,-0.312647339796357
04D2an,SNLS,1783,21,0.621885935958294,42.62637733161526,0.1754789682188633,1.0,150.217956,2.04123,7.58,False,False,True,0.004287816417661831,-0.0044783935369579605,-0.0015201201694730062,-0.0029582733674849556,0.013921378873200491,0.009896129486554533,0.6250000000000002,0.008766209954619792,0.0066184459856844045,500,1.0,False,0.996232733361239,-0.11897364059809358
04D2cf,SNLS,1784,21,0.3705968367024312,41.41227397787383,0.1339045411156558,1.0,150.483707,1.879478,10.83,False,False,True,0.0030637331922393225,-0.0010037155107217258,0.0004255338956080609,-0.0014292494063297858,0.005340297745746867,0.002255939286052773,0.3750000000000001,0.004067448702961048,0.0027919294886567816,500,1.0,False,0.9565397350993378,-0.036043376269337686
04D2fp,SNLS,1785,21,0.4166426515318469,41.788369682251854,0.134450950365854,1.0,149.867166,2.321014,10.26,False,False,True,0.0016425610240044888,-0.003270610710004527,-0.0015114642226270012,-0.0017591464873775264,0.005843598266937612,0.007219515405056666,0.42500000000000016,0.004913171734009016,0.0034132683136310206,500,1.0,False,0.9620544269835186,0.07759388073661747
04D2fs,SNLS,1786,21,0.3585798757633602,41.30663273428261,0.129577361945893,1.0,150.092026,1.765398,8.41,False,False,True,0.0008151456952938755,-0.0030750659086573365,-0.0022308757813555933,-0.0008441901273017428,0.004855874633326089,0.006764600549370121,0.3750000000000001,0.003890211603951212,0.002702515735022818,500,1.0,False,0.9795268425841674,-0.0587327448569654
04D2gb,SNLS,1787,21,0.4516922811642729,41.66125836692445,0.1439247088423987,1.0,150.594449,1.894161,10.28,False,False,True,0.006340737362821695,0.0007953347633947432,0.0015393148573769866,-0.0007439800939822425,0.0020333518329750323,-0.001593097760208639,0.4750000000000001,0.005545402599426952,0.0037909520388953255,500,1.0,False,0.9443207126948775,-0.24059681516111597
04D2gc,SNLS,1788,21,0.5227734252330178,42.44797799670697,0.1462019034310673,1.0,150.413604,1.883052,9.36,False,False,True,0.0014077516013617218,-0.005449986381936339,-0.002877034698446655,-0.0025729516834896832,0.001387484210930855,0.01209464219875134,0.5250000000000001,0.00685773798329806,0.004618206950309016,500,1.0,False,0.9662107803700724,0.10116333527719532
04D2gp,SNLS,1789,21,0.7340091439850092,43.37858727201835,0.2444397685295065,1.0,149.834888,2.508879,8.88,False,False,True,0.003857675217510752,-0.0071241363528559455,-0.0036750457617640364,-0.003449090591091909,0.0053248633391717376,0.0160076290059798,0.7250000000000002,0.010981811570366698,0.007848812301483602,500,1.0,False,0.9308176100628931,0.19509280093160755
04D2iu,SNLS,1790,21,0.7019778607451859,42.88567017079835,0.258647962236961,1.0,150.304914,2.41505,10.0,False,False,True,0.008390825618418987,-0.001933490374800919,-0.002413642748321775,0.00048015237352085766,0.016476688725846584,0.004371165021556524,0.7250000000000002,0.010324315993219906,0.007581590602249135,500,1.0,False,0.9557721139430285,-0.18100132171057168
04D2ja,SNLS,1791,21,0.7420212186147372,43.58828545238493,0.2279231332026473,1.0,149.702091,1.771737,11.04,False,False,True,0.004494247305985074,-0.006657276379053461,-0.003039121008898897,-0.0036181553701545625,0.010457961917071339,0.014886842810979562,0.7250000000000002,0.011151523685038535,0.00791068148635948,500,1.0,False,0.998630762209037,0.37633717962139773
04D2kr,SNLS,1792,21,0.7461315870865173,43.032470752134806,0.1768636453752683,1.0,150.155592,1.711927,11.15,False,False,True,0.020724929886376357,0.009486340196880261,0.0016212336563975315,0.007865106540482732,0.01808968351502715,-0.02080490118811966,0.7250000000000002,0.011238589689496096,0.007942421723269526,500,1.0,False,0.9002298850574713,-0.19396021277295403
04D2mc,SNLS,1793,21,0.349569813455576,41.09368720640145,0.1316475596860244,1.0,150.148125,1.784181,10.98,False,False,True,0.001942432426895761,-0.001814890561254309,-0.0014274140505243296,-0.00038747651072997815,0.0013719235733086112,0.004037314804301029,0.32500000000000007,0.00375732298815007,0.0026354751999408126,500,1.0,False,0.9802544975866608,-0.18436328079724154
04D2mh,SNLS,1794,21,0.591847570053369,42.562605642825474,0.1431225969293091,1.0,149.941201,2.141025,9.14,False,False,True,0.00574424839446618,-0.002453855420289118,0.00045791761832179086,-0.002911773038610909,0.005646209896484552,0.005611586629455278,0.5750000000000002,0.008198103814755298,0.006105180683452522,500,1.0,False,0.9902004454342984,-0.10426276855236037
04D2mj,SNLS,1795,21,0.5147579209809385,42.57977706999216,0.1451394088517978,1.0,150.152215,2.577067,9.58,False,False,True,0.005700731154146034,-0.0010064901613924355,0.00023099904574624876,-0.001237489207138684,0.010035593755030056,0.002300874089641589,0.5250000000000001,0.00670722131553847,0.0045174362879848665,500,1.0,False,0.9258252427184466,0.27277163341634336
05D2ab,SNLS,1856,21,0.3245419921438641,41.11099287656602,0.1245743889153959,1.0,150.461859,2.106329,10.12,False,False,True,0.0018615845400583822,-0.0015272090119303617,-0.0002970584655968532,-0.0012301505463335072,0.0033135015823604454,0.003389346080081611,0.32500000000000007,0.003388793551988744,0.0024483872701708204,500,1.0,False,0.9833134684147795,0.018814411083874567
05D2ac,SNLS,1857,21,0.4807148878056102,41.98530493289531,0.1318716951103303,1.0,149.746812,2.489504,11.19,False,False,True,0.0025794609544402057,-0.0034884937906076567,-0.0012388294156538728,-0.002249664374953783,0.003413005576707213,0.007769762492002536,0.4750000000000001,0.006067954745047862,0.004089448366986523,500,1.0,False,0.8962868117797695,-0.0759270221948154
05D2ah,SNLS,1858,21,0.1853802384382787,39.78179300516553,0.1231946114031041,1.0,150.3697,1.862732,9.22,False,False,True,0.00010414981597673077,-0.0013837696576863678,-0.0008227855133350555,-0.000560984144351312,0.0001251993477049077,0.0030293801926155445,0.17500000000000004,0.0014879194736630986,0.0009901617276957242,500,1.0,False,0.9819524200164069,0.09455934826521763
05D2ay,SNLS,1859,21,0.922235444724284,43.55042059191423,0.2797966325878315,1.0,150.284664,2.130321,10.33,False,False,True,0.018068873834394254,0.0030575313194995714,0.008675328022043302,-0.005617796702543732,0.00829903458881974,-0.006084431548257552,0.9250000000000003,0.015011342514894683,0.010029360146599707,500,1.0,False,0.990047770700637,-0.10792520271442749
05D2bt,SNLS,1860,21,0.6819549311831292,42.881601810729165,0.1581397709783387,1.0,150.417683,2.566161,9.72,False,False,True,0.030024858092077642,0.02010641099762556,0.01977503793315725,0.0003313730644683068,0.022144288296598036,-0.04473930330172063,0.6750000000000002,0.009918447094452082,0.007409686719196863,500,1.0,False,0.972537532039546,-0.12190226993287953
05D2bv,SNLS,1861,21,0.4757183488291103,42.05065858257398,0.131997618683759,1.0,150.57083,2.2406,8.87,False,False,True,0.0102691702147066,0.004295041431622217,0.006328438887612437,-0.0020333974559902197,0.012560486348173328,-0.009407392342089578,0.4750000000000001,0.005974128783084384,0.004026632039260202,500,1.0,False,0.9319804584742578,0.016211784198719936
05D2bw,SNLS,1862,21,0.9222243599237224,43.67852646773165,0.2334312632334156,1.0,149.627324,2.536402,9.2,False,False,True,0.02063754962246466,0.005626451018407259,0.011146969131671111,-0.005520518113263852,0.013477088191969838,-0.011899205200639286,0.9250000000000003,0.015011098604057402,0.010029229639410674,500,1.0,False,0.9238929889298892,0.020212371379840346
05D2by,SNLS,1863,21,0.893197041137191,43.73529151226681,0.2121275846628073,1.0,150.116802,2.521539,9.47,False,False,True,0.03572401019552991,0.021351631033461577,0.017520841320084073,0.0038307897133775057,0.032439608472334305,-0.04813569274599455,0.8750000000000002,0.014372379162068336,0.009687475743259897,500,1.0,False,0.9082605242255759,0.05022290434481711
05D2cb,SNLS,1864,21,0.4286564062199565,42.13442391632431,0.1403842826283596,1.0,149.852419,2.328181,9.56,False,False,True,0.003107319199525452,-0.0020276895217514533,-0.00016850259397047053,-0.0018591869277809828,0.009226850423664053,0.00445912285907497,0.42500000000000016,0.005135008721276905,0.003566946561596215,500,1.0,False,0.9619916381603952,0.35136501042379403
05D2ci,SNLS,1865,21,0.6318943633368803,42.37619356610406,0.1807574712400812,1.0,150.008506,2.215852,11.02,False,False,True,0.0037182107037504867,-0.005238213423033211,-0.002973677627411856,-0.0022645357956213555,0.008468380540812857,0.01169316733057315,0.6250000000000002,0.008956424126783697,0.006765187692638422,500,1.0,False,0.9921617161716172,-0.41071360781361343
05D2ck,SNLS,1866,21,0.6999732966947172,43.08413901973477,0.2130129189842381,1.0,150.188339,2.572851,10.0,False,False,True,0.012056011642721265,0.001772328574925772,0.004234938446707863,-0.0024626098717820902,0.018795502666050484,-0.0038818480275827974,0.6750000000000002,0.010283683067795493,0.0075643807158019705,500,1.0,False,0.9207269914926527,0.012459763952060974
05D2ct,SNLS,1867,21,0.7360205160199913,43.21914109504817,0.2149058591583269,1.0,150.425759,2.123794,9.81,False,False,True,0.029556436768228035,0.018532020227585343,0.020818309831585863,-0.0022862896040005175,0.039788152592684436,-0.04248640594415164,0.7250000000000002,0.01102441654064269,0.007864344102426238,500,1.0,False,0.9747768723321691,0.028475478167517852
05D2dt,SNLS,1868,21,0.5758346987710707,42.66202269020845,0.1482696761366274,1.0,150.349691,1.857741,10.28,False,False,True,0.0030005907487324424,-0.004894666682130784,-0.0019232769156339977,-0.0029713897664967854,0.005677843398282577,0.010916542905213426,0.5750000000000002,0.007895257430863226,0.005831568888312844,500,1.0,False,0.9883575883575884,0.06629117556734289
05D2dw,SNLS,1869,21,0.4186441408963357,41.739642668919345,0.1320573737359622,1.0,149.633623,2.032241,8.84,False,False,True,0.004081538995471191,-0.0008691597723994478,0.001068591879235211,-0.0019377516516346585,0.003672745736781469,0.002009062618857898,0.42500000000000016,0.0049506987678706385,0.0034415573297825854,500,1.0,False,0.9845317725752508,0.016690796254170057
05D2dy,SNLS,1870,21,0.5117573929890427,42.406907430765486,0.1377750798250512,1.0,150.242076,2.1831,7.77,False,False,True,0.0039331453587323085,-0.0027177314698398685,-0.0003455877704061027,-0.002372143699433765,0.012270042835564262,0.005982251017893745,0.5250000000000001,0.006650876828572177,0.0044797137463260485,500,1.0,False,0.9861619861619861,0.1149543069212656
05D2eb,SNLS,1871,21,0.5357823092612091,42.313002897311115,0.1446181512101254,1.0,150.060683,2.407438,8.71,False,False,True,0.0750611553365896,0.06795028986491829,-0.0033979397042644332,0.07134822956918273,0.029657003088562877,-0.1548925632210283,0.5250000000000001,0.007110865471671302,0.004898744138349516,500,1.0,False,0.9545637314032972,-0.097214046894497
05D2ec,SNLS,1872,21,0.6419054753419982,42.846451362100545,0.153638604379171,1.0,149.859101,2.013626,10.04,False,False,True,0.0019379943538005116,-0.007209114215217791,-0.003770727782826206,-0.0034383864323915855,0.009128411030324378,0.015988126144845675,0.6250000000000002,0.009147108569018302,0.006901002486742595,500,1.0,False,0.9877991553261379,0.01859931977156623
05D2fq,SNLS,1873,21,0.7350091593347272,43.19729775226153,0.17491883108734,1.0,149.785425,2.602,10.92,False,False,True,0.012693362462330085,0.001690368523157782,0.005813695549947308,-0.004123327026789526,0.012696525894593674,-0.0034524247613885242,0.7250000000000002,0.011002993939172303,0.007856534413097598,500,1.0,False,0.9474629546475078,0.01023556312216869
05D2hc,SNLS,1874,21,0.3515705414575896,41.57254352889236,0.1294937053912542,1.0,150.019137,1.886025,11.0,False,False,True,0.011642189978877641,0.007855358429554529,0.009088003563467523,-0.0012326451339129921,0.0018390815343886863,-0.017185072466062455,0.3750000000000001,0.003786831549323112,0.0026503618756625403,500,1.0,False,0.9749216300940439,0.25676156279640866
05D2he,SNLS,1875,21,0.6098719484868826,42.79817868828113,0.1564008517798084,1.0,150.360462,2.317729,9.46,False,False,True,0.006964886831407705,-0.0015741063675348138,-0.0008399594186506779,-0.0007341469488841364,0.013166958950429979,0.003562616696936416,0.6250000000000002,0.008538993198942519,0.006413163084143046,500,1.0,False,0.9303354220420199,0.10355980650896032
05D2ie,SNLS,1876,21,0.3495667932089419,41.44043240840978,0.1349476938278106,1.0,150.262061,2.658085,9.31,False,False,True,0.004471704644605023,0.0007144262018066797,0.0019076421744450805,-0.0011932159726384007,0.007879693242432885,-0.0015695258983526913,0.32500000000000007,0.0037572784427983433,0.002635452727404718,500,1.0,False,0.9185788304959289,0.16240359749291963
05D2le,SNLS,1877,21,0.701981657360887,43.049794847686925,0.1649485944029119,1.0,150.47865,2.092912,8.08,False,False,True,0.0182693068823316,0.007944913930930879,-0.0034898302375357816,0.011434744168466661,0.02360889510631899,-0.0176577281844098,0.7250000000000002,0.01032439295140072,0.0075816231975284355,500,1.0,False,0.9867310012062727,-0.016890792852596516
05D2mp,SNLS,1878,21,0.3552712971364582,41.61155723834156,0.1328144895891501,1.0,149.785962,2.204004,8.68,False,False,True,0.0011814736924046906,-0.0026599399766400783,-0.0013794704674815036,-0.0012804695091585745,0.0006079214322123822,0.005881204890845197,0.3750000000000001,0.003841413669044769,0.0026778978274067116,500,1.0,False,0.9911231184870706,0.2694833295743307
05D2my,SNLS,1879,21,0.9832953945276344,44.0167738839628,0.2332146013028966,1.0,149.631042,2.491221,10.65,False,False,True,0.0092492532416492,-0.007179050832850399,-0.0014797312961988846,-0.0056993195366515145,0.02571525002681715,0.015893742049849384,0.9750000000000003,0.0164283040744996,0.010650160891807278,500,1.0,False,0.8954765041721563,-0.0371113676501052
05D2nn,SNLS,1880,21,0.8721662860714812,43.98999344949951,0.2639833251311104,1.0,149.707296,2.710264,10.0,False,False,True,0.004552425032159933,-0.009358865378887991,-0.00512276704457173,-0.004236098334316259,0.011263434093445487,0.02103315998768887,0.8750000000000002,0.013911290411047925,0.009452948588564512,500,1.0,False,0.8821345707656613,0.3677049073784918
05D2nt,SNLS,1881,21,0.7590437209508101,43.248335301088034,0.1655134042340394,1.0,150.24262,2.37273,9.1,False,False,True,0.011672051237692275,0.00015995616484588276,0.0027272877192206346,-0.00256733155437475,0.006549835019985263,9.480710248021412e-05,0.7750000000000002,0.011512095072846392,0.008042129131663836,500,1.0,False,0.9602569249297471,0.07615222307184667
05D2ob,SNLS,1882,21,0.9262351300229984,43.70560234681074,0.2154817829328319,1.0,149.753025,1.848985,8.61,False,False,True,0.004713654686597316,-0.010387142849709097,-0.006354753338381973,-0.004032389511327124,0.00842876978286977,0.023455553359147084,0.9250000000000003,0.015100797536306412,0.010075617548820644,500,1.0,False,0.998172681589767,0.03584331795833752
06D2bk,SNLS,1938,21,0.5007390340923337,42.34928893797793,0.1459178991424042,1.0,149.678628,2.171984,8.65,False,False,True,0.002465934218483654,-0.003978037765033807,-0.0014782241110237772,-0.00249981365401003,0.002594180306312271,0.008862298278291155,0.5250000000000001,0.006443971983517462,0.004341191291739549,500,1.0,False,0.9803266518188567,0.11333071842249196
06D2cc,SNLS,1939,21,0.5337777284016159,42.24271735730843,0.1664991638596686,1.0,149.86203,2.451355,10.91,False,False,True,0.012185947219740721,0.005114368406064031,-0.002542231751539158,0.007656600157603188,0.021898241757494278,-0.011561223908412074,0.5250000000000001,0.0070715788136766905,0.004851792563986004,500,1.0,False,0.9500998003992016,-0.15782485992697973
06D2cd,SNLS,1940,21,0.9322438482463464,43.70684871791934,0.3030325052103966,1.0,150.241504,2.534039,7.96,False,False,True,0.03519809229805156,0.019958045694488464,0.023360175210541845,-0.0034021295160533826,0.013533589761990516,-0.0439143098284793,0.9250000000000003,0.015240046603563099,0.010142308946395262,500,1.0,False,0.9178134556574924,0.020034203449745616
06D2ce,SNLS,1941,21,0.8221170817063757,43.421704888733665,0.2308921834338384,1.0,150.434247,2.713314,11.38,False,False,True,0.023669590162272547,0.010828904239439465,0.012228470775038306,-0.001399566535598838,0.01965105371824592,-0.02381504110844308,0.8250000000000003,0.012840685922833082,0.009060556075817162,500,1.0,False,0.8900562851782364,-0.12253162850806429
06D2ck,SNLS,1942,21,0.5538091969367016,42.488694065139235,0.1466817132822984,1.0,150.366733,1.86363,11.23,False,False,True,0.0053332647528516065,-0.002130899597947004,0.0006964142325434188,-0.002827313830490422,0.002490040515590938,0.004895349043560754,0.5750000000000002,0.00746416435079861,0.005320972432702433,500,1.0,False,0.9823914823914824,-0.006068551068658765
06D2fb,SNLS,1943,21,0.1253068253746083,38.81367719111091,0.1242699209899541,1.0,149.883946,1.827922,9.75,False,False,True,5.693244796659932e-05,-0.0005656634912497118,-0.000347467227977363,-0.00021819626327234876,9.68638919806111e-05,0.0012336777870275081,0.125,0.0006225959392163112,0.00041764457095750084,500,1.0,False,0.976056338028169,-0.08116283698656389
06D2ga,SNLS,1944,21,0.8421373828261558,43.64367594885255,0.2516700502884966,1.0,149.783787,1.938493,9.1,False,False,True,0.031218728112645994,0.01795046025005018,0.020199244190377864,-0.002248783940327682,0.01824976577949012,-0.03965447839746867,0.8250000000000003,0.013268267862595814,0.009238000733543087,500,1.0,False,0.9913988229968311,0.03613762148123048
06D2gb,SNLS,1945,21,0.4436787924195877,41.81371467802386,0.1472265781695226,1.0,150.197581,1.985406,10.94,False,False,True,0.008428489453929947,0.003025850553793458,-5.3139397868938974e-05,0.0030789899516623976,0.006595070565968723,-0.006571754793154394,0.42500000000000016,0.005402638900136488,0.003713027263933515,500,1.0,False,0.9975419909873003,-0.05711719705469129
01258906,DES3_Shallow,361,10,0.3491456840268432,41.33202453039492,0.1234087758361388,1.0,10.262011,-44.394093,9.2,False,False,True,0.00025050922225191045,-0.0031018375620553026,-0.0016074034904511613,-0.0014944340716041417,0.0018799631257802503,0.006831620438737572,0.32500000000000007,0.003352346784307213,0.0021324608300320414,500,1.0,False,0.9478798586572438,0.05701971725682249
01275946,DES3_Shallow,365,10,0.232114878770919,40.28465026078291,0.1101382473705765,1.0,10.403968,-43.637779,8.46,False,False,True,0.0004576081724148284,-0.0006448941907716355,-0.000457234148786661,-0.00018766004198497466,0.0022280787420537497,0.0014150189817302215,0.22500000000000003,0.001102502363186464,0.0006883147593011263,500,1.0,False,0.7329136690647482,0.01952850020593171
01281668,DES3_Shallow,367,10,0.3070593271336683,40.9750089536235,0.1147901076414974,1.0,9.41053,-43.920338,10.25,False,False,True,0.00032979466499162514,-0.0021434066166013295,-0.0010911279283401124,-0.0010522786882612171,0.0006389604909198388,0.004716479307188801,0.32500000000000007,0.0024732012815929546,0.001576211455781879,500,1.0,False,0.9460721868365181,0.020716804700783704
01283936,DES3_Shallow,371,10,0.3690204542526285,41.61509202713121,0.1435543745131995,1.0,8.877557,-44.371326,9.65,False,False,True,0.004490150748206356,0.0007149810909055539,-0.0017748682177645236,0.002489849308670077,0.009190856503336833,-0.0015434098108405639,0.3750000000000001,0.0037751696573008024,0.0023981485211707803,500,1.0,False,0.9694419840566874,0.17751281530785962
01285317,DES3_Shallow,372,10,0.5648594784021899,42.454242289248555,0.1609920875281156,1.0,9.472534,-43.314522,8.74,False,False,True,0.011652355588243988,0.0026901468386241103,0.003521876631418775,-0.0008317297927946635,0.019984800148040122,-0.005915613971973141,0.5750000000000002,0.008962208749619878,0.0053164894271030445,500,1.0,False,0.9930244145490782,-0.09164209643771014
01289288,DES3_Shallow,374,10,0.2896780850218534,40.799785925758584,0.1391653396876418,1.0,10.178906,-43.948338,10.64,False,False,True,0.0008558971097529363,-0.0012632383913926412,-0.0009762666422924158,-0.0002869717491002252,0.0024868541022723812,0.002781970237718581,0.275,0.0021191355011455776,0.0013500237789525961,500,1.0,False,0.8752855185015989,-0.007804691545939043
01291090,DES3_Shallow,381,10,0.2919665326541374,40.84486320879488,0.1184518588094635,1.0,9.463052,-43.721462,9.71,False,False,True,0.0004729409648847093,-0.0016928115151698046,-0.0009627573558704621,-0.0007300541592993427,0.0024654088265932796,0.003717417569638109,0.275,0.002165752480054514,0.0013798040817734137,500,1.0,False,0.9979270315091211,0.017797358316275883
01293758,DES3_Shallow,389,10,0.1471582121687449,39.31843880520086,0.1257820026189911,1.0,8.483875,-43.349716,10.97,False,False,True,0.009940351028124142,0.00958032549819571,0.009625157060459475,-4.4831562263766096e-05,0.0007502758477919887,-0.02105385476549236,0.125,0.0003600255299284328,0.00018779138880703814,500,1.0,False,0.6239476145930777,0.04622274462078538
01302648,DES3_Shallow,405,10,0.2319201590470971,40.119228012050485,0.114206746414733,1.0,10.00261,-44.054123,10.13,False,False,True,0.00036334145730850713,-0.0007359024996867263,-0.0004885274315883186,-0.0002473750680984076,0.0004913070002937239,0.0016160568096401846,0.22500000000000003,0.0010992439569952335,0.0006861775551048729,500,1.0,False,0.9496139780577001,-0.14385110861082967
01303883,DES3_Shallow,409,10,0.2591099640110201,40.508420002093054,0.1130660663666728,1.0,8.863275,-44.917099,10.89,False,False,True,0.00029445427120480924,-0.001259779180916432,-0.0006676593908623726,-0.0005921197900540595,0.0005007720558971868,0.0027675787899290897,0.275,0.0015542334521212412,0.0009846073398418196,500,1.0,False,0.9423449612403101,-0.024392715376823467
01320166,DES3_Shallow,443,10,0.4489555782994392,41.9637303827656,0.1476546197956809,1.0,9.346412,-43.871918,2.0,False,False,True,0.007615098415801682,0.0016947065145498479,0.00441732230397652,-0.002722615789426671,0.01060667287297318,-0.0036692013100479565,0.42500000000000016,0.005920391901251834,0.003485805729683912,500,1.0,False,0.9446790540540541,0.06272446647163157
01327978,DES3_Shallow,445,10,0.2072278866381969,39.94823586748671,0.1489752068603671,1.0,8.279955,-44.140156,11.31,False,False,True,0.00013563319487786932,-0.0006779066481748424,-0.00041299135539160756,-0.00026491529278323473,0.0004295288513351846,0.0014860498990773496,0.22500000000000003,0.0008135398430527117,0.0004924077311621615,500,1.0,False,0.07227138643067847,-0.04197247870544392
01328105,DES3_Shallow,447,10,0.4402459846754158,41.71759071151519,0.1446042543027962,1.0,8.187062,-43.576935,11.2,False,False,True,0.006360775546639587,0.0006864907091375279,-0.00164553849812193,0.002332029207259458,0.012592123761126712,-0.0014839347336490262,0.42500000000000016,0.005674284837502059,0.003344029290383191,500,1.0,False,0.0,-0.13343107112288227
01330031,DES3_Shallow,449,10,0.104096208315225,38.45405979038583,0.1097487970725904,1.0,9.140839,-43.487255,8.94,False,False,True,4.041434862763332e-05,-0.00020388322011208326,-0.00020388322011208326,0.0,0.0003408555073010037,0.0004461054775061435,0.125,0.0002442975687397166,0.00011539183133746929,500,1.0,False,0.9665882352941176,-0.009703649644470999
01335472,DES3_Shallow,465,10,0.4989255208748355,42.13041752868805,0.1414891740322568,1.0,9.555312,-44.049526,10.12,False,False,True,0.005419984213572348,-0.0018473032953130438,0.001364148940700415,-0.003211452236013458,0.005874769235498456,0.004284286066615007,0.4750000000000001,0.007267287508885392,0.004268241836643122,500,1.0,False,0.9077822762033289,-0.026276835469982718
01336008,DES3_Shallow,469,10,0.4379718761885269,41.707499701709665,0.1290228086248211,1.0,10.321224,-43.886227,9.83,False,False,True,0.0074765177673125245,0.0018664924333552631,-0.0023447084089493458,0.004211200842304609,0.013158175658832793,-0.004101527475497805,0.42500000000000016,0.005610025333957261,0.0033070109152703326,500,1.0,False,0.6598440545808967,-0.1303190839379808
01336009,DES3_Shallow,470,10,0.3415515704758451,41.35668541071996,0.1268497940919676,1.0,8.916194,-44.893734,9.63,False,False,True,0.0011924897918047176,-0.0019982971418478837,-0.0008839938014012438,-0.001114303340446641,0.00276834012142169,0.0044192317136642805,0.32500000000000007,0.0031907869336526016,0.0020309420465347405,500,1.0,False,0.9462789551503203,0.13680250946536995
01337117,DES3_Shallow,474,10,0.5538818672690595,42.09306499264714,0.1372883929720022,1.0,10.181539,-43.644898,8.81,False,False,True,0.010118807234517503,0.0014400172455258254,0.005391161712128136,-0.003951144466602308,0.009612764505408496,-0.0028634550660175326,0.5750000000000002,0.008678789988991678,0.00513538968935805,500,1.0,False,0.9753303964757709,-0.402036953528509
01338128,DES3_Shallow,482,10,0.3117427015850202,41.09204866650533,0.1231969797690578,1.0,8.083662,-43.740833,9.27,False,False,True,0.000924198504359381,-0.0016444057766036848,-0.0013178206273753285,-0.00032658514922835635,0.003484148847030908,0.003625527200318701,0.32500000000000007,0.0025686042809630657,0.0016371577092232736,500,1.0,False,0.0,0.10011969843982733
01341370,DES3_Shallow,495,10,0.4089993657821307,41.74676051433511,0.1447752893735536,1.0,8.963905,-44.676697,8.65,False,False,True,0.002562038022595506,-0.0022522724274551334,-0.002195407978003375,-5.686444945175815e-05,0.008984559863808333,0.004980254705540201,0.42500000000000016,0.00481431045005064,0.002898158432400721,500,1.0,False,0.9442559379544353,0.08298940854653417
01255502,DES3_Shallow,358,8,0.1482332595029061,39.03422725585887,0.1171692069268255,1.0,33.904625,-4.209216,10.45,False,False,True,0.0005809355304314766,-0.00026392491002207865,3.5805048529644902e-06,-0.00026750541487504303,0.0001287140949520038,0.0005818210719032298,0.125,0.0008448604404535553,0.0005677774796935873,500,1.0,False,0.4715203426124197,-0.2551651260069784
01306785,DES3_Shallow,419,8,0.578670028607597,42.18777409357071,0.2944511832024624,1.0,33.793709,-4.522241,10.99,False,False,True,0.010868710292962352,-0.001739034683624725,-0.003961673817771834,0.0022226391341471086,0.014212371399447097,0.004167003538754786,0.5750000000000002,0.012607744976587077,0.008001854824151531,500,1.0,False,0.33590402742073694,-0.4206887442489352
01308568,DES3_Shallow,425,8,0.6431211033103379,42.30814752848787,0.2695571720976488,1.0,33.873203,-5.052549,8.87,False,False,True,0.0016733049352112563,-0.01265988659970679,-0.0038680827547514164,-0.008791803844955372,0.005414151804502801,0.028407319633219547,0.6250000000000002,0.014333191534918046,0.008949049893912858,500,1.0,False,0.5769230769230769,-0.5246348561263914
01317164,DES3_Shallow,437,8,0.1546350303742714,39.39884004845778,0.1306762719517755,1.0,34.285484,-4.298173,10.96,False,False,True,0.0016047235942963142,0.0005993480662120369,0.0005554143154666328,4.3933750745404334e-05,0.001934226858350619,-0.0012985575859319697,0.17500000000000004,0.0010053755280842772,0.0006759300417514057,500,1.0,False,0.9470945359930616,0.14334409709008233
01345582,DES3_Shallow,504,8,0.4587699405496037,41.98768158506248,0.1885275291802795,1.0,33.706467,-4.67474,9.91,False,False,True,0.014695233710493813,0.005540166329729399,0.00034074797419211085,0.005199418355537288,0.024980838103174585,-0.01247508144726205,0.4750000000000001,0.009155067380764414,0.006075101023657262,500,1.0,False,0.058678500986193295,0.04609499913538739
