CID,sample,row_index,region,zHD,MU,MUERR,PROBIA,HOST_RA,HOST_DEC,HOST_LOGMASS,clipped,cluster_targeted,cluster_tier_ok,kappa_raw,kappa_ext,kappa_gal_ext,kappa_cl_ext,gamma,dmu_pred,zbin,rand_mean,rand_sig,n_rand_ok,area_frac,area_flag,frac_nir,hr
01259412,DES3_Deep,304,5,0.3047569362099627,40.943376344356516,0.1069015410914468,1.0,36.345383,-5.3241,10.51,False,False,True,0.0016753199367775373,-0.0012269758365776972,-0.0005189556466100294,-0.0007080201899676675,0.004303950615086349,0.002711112625106565,0.32500000000000007,0.0029022957733552345,0.0019121369955755973,492,1.0,False,0.8994881340158213,-0.004443366264920272
01261579,DES3_Deep,305,5,0.3222363655489997,40.90156626221724,0.1052809724828197,1.0,36.119595,-4.967311,11.16,False,False,True,0.0008689689718108797,-0.0023844945105639427,-0.001504878083221198,-0.0008796164273427444,0.001888744435180507,0.005250721238950694,0.32500000000000007,0.0032534634823748222,0.002134512964682071,492,1.0,False,0.9205094422485727,-0.1850525175158969
01279500,DES3_Deep,308,5,0.2350194361957722,40.364168930215854,0.1056925997688436,1.0,36.925739,-4.314926,9.7,False,False,True,0.001172739698036049,-0.0005377857505410562,-6.189533983592108e-05,-0.00047589041070513513,0.001704341991127735,0.0011869601982645544,0.22500000000000003,0.0017105254485771052,0.0011595527821544344,492,1.0,False,0.9629629629629629,0.042976838834116224
01283878,DES3_Deep,309,5,0.3134602474822006,41.059487063033224,0.1431219626615856,1.0,37.133164,-4.041299,11.41,False,False,True,0.0042064260482438005,0.001129277777071008,-0.000710404142483415,0.0018396819195544236,0.004409630726160979,-0.0024221330857488238,0.32500000000000007,0.0030771482711727926,0.002022861850549943,492,1.0,False,0.4583145561063542,0.04166110026099777
01286398,DES3_Deep,311,5,0.1502881217404008,39.415204991128576,0.1131399973107106,1.0,36.813191,-5.119083,10.36,False,False,True,0.0024463774908664803,0.001727321826033899,-0.0003644877110723072,0.0020918095371062063,0.004023157969550354,-0.003764975420935088,0.17500000000000004,0.0007190556648325813,0.0005795973943746528,492,1.0,False,0.9532030895047705,0.16952722325334316
01294743,DES3_Deep,314,5,0.3125423401984679,41.05984802332471,0.1188800208868829,1.0,36.102535,-4.674933,10.26,False,False,True,0.008000417175754468,0.004941709975606855,0.006280596270097553,-0.0013388862944906973,0.009827147038515727,-0.010821787066505363,0.32500000000000007,0.0030587072001476124,0.002011184093924669,492,1.0,False,0.971535230984601,0.04931989980365846
01295305,DES3_Deep,315,5,0.6117023390051224,42.775041860896685,0.1366232675040247,1.0,36.243351,-4.250854,8.71,False,False,True,0.01170414003736178,0.0024304728376967483,0.004922017264147217,-0.0024915444264504674,0.004340541220506689,-0.005016335104260666,0.6250000000000002,0.009273667199665032,0.006283637580298605,492,1.0,False,0.976078431372549,0.05372950914904581
01297026,DES3_Deep,316,5,0.2584827371979723,40.57203460743472,0.109431654491242,1.0,35.820992,-5.182148,10.61,False,False,True,0.00027720575210314196,-0.001781885831154753,-0.00097631388322607,-0.000805571947928683,0.002275828675718127,0.0039033076310406927,0.275,0.002059091583257895,0.001379048296736459,492,1.0,False,0.9969984992496248,0.021710379093977234
01301933,DES3_Deep,319,5,0.3299417482552194,41.23044488477161,0.1038555931777684,1.0,36.663719,-4.970757,10.01,False,False,True,0.004105808260568322,0.000687099731822469,0.0017244597679307203,-0.0010373600361082507,0.007614363359768182,-0.0014910228742721146,0.32500000000000007,0.003418708528745853,0.002251528873054512,492,1.0,False,0.9570747217806042,0.08484212997113848
01302523,DES3_Deep,321,5,0.4238574411490947,41.73696962115468,0.1164448867677114,1.0,36.317585,-4.659808,10.5,False,False,True,0.012246607709610825,0.006819785044514777,0.003298291591319143,0.0035214934531956348,0.014882095188264331,-0.015037232115677182,0.42500000000000016,0.005426822665096047,0.0037815306398207684,492,1.0,False,0.9317548746518106,-0.04868653337218156
01305504,DES3_Deep,323,5,0.4955966022291729,42.18810809289851,0.1145290939423337,1.0,36.058437,-5.164576,10.95,False,False,True,0.002723927664351646,-0.0041365868015172435,-0.0020008289021578654,-0.002135757899359378,0.003909733751158408,0.009227297492926813,0.4750000000000001,0.006860514465868889,0.0045014609928517085,492,1.0,False,0.9210878288007134,0.026829376582199527
01305626,DES3_Deep,324,5,0.3257196260279738,41.09896707718006,0.1044973516314795,1.0,35.654617,-4.133254,9.28,False,False,True,0.01131563636012737,0.00799067250766412,0.008809012330915796,-0.0008183398232516754,0.010446389749542475,-0.017533820513135897,0.32500000000000007,0.003324963852463249,0.0021815924351351,492,1.0,False,0.6689795918367347,-0.014475726916449178
01306073,DES3_Deep,325,5,0.3285408595989745,41.16029690918098,0.1116245182448843,1.0,36.850643,-3.749355,10.4,False,False,True,0.002077104431199935,-0.001310499869264653,-1.646530746237133e-05,-0.0012940345618022817,0.004505189472456048,0.0029018809146227204,0.32500000000000007,0.003387604300464588,0.0022283241534215154,492,1.0,False,0.0,0.025322269710786754
01308582,DES3_Deep,327,5,0.3669196727846266,41.25056522244497,0.1207204534817737,1.0,37.137245,-4.372774,10.7,False,False,True,0.0010976318700463541,-0.003142105368442289,-0.0018535088452411972,-0.0012885965232010926,0.003382011484812229,0.006928661993561215,0.3750000000000001,0.004239737238488643,0.0028640417715564345,492,0.75,True,0.7381457891012031,-0.17210516764553146
01314897,DES3_Deep,331,5,0.3369308753163627,41.05051553701263,0.1200311018128934,1.0,36.606628,-4.15516,10.0,False,False,True,0.0008699360323640182,-0.0027039535685016466,-0.0016736653501458164,-0.0010302882183558298,0.003090876528531138,0.005950585293151194,0.32500000000000007,0.0035738896008656647,0.0023672987689775413,492,1.0,False,0.9650924024640657,-0.14749496350829838
01317666,DES3_Deep,334,5,0.1413938876815097,39.28486296779618,0.104681992404216,1.0,36.771053,-5.003092,10.24,False,False,True,0.00048723965967378585,-0.00015022667501445681,-0.00036647100650503755,0.0002162443314905807,0.00031694135763634534,0.0003270242995106066,0.125,0.0006374663346882427,0.0005331112896058239,492,1.0,False,0.9584033613445379,0.10817147374313979
01322229,DES3_Deep,335,5,0.5261622150762062,42.18765063502795,0.1559942282157255,1.0,35.926357,-4.018886,9.75,False,False,True,0.006325027543302746,-0.001145115417234048,0.0021778917237051673,-0.0033230071409392154,0.01665206406233654,0.0024461112292120824,0.5250000000000001,0.007470142960536794,0.004781154673587571,492,1.0,False,0.3620479479886225,-0.16337846857188695
01329312,DES3_Deep,340,5,0.3444246261398873,41.281770913990165,0.1248416442912348,1.0,36.263298,-5.541797,11.12,False,False,True,0.0025983945031772563,-0.0011418804383496843,-0.0017392937091214946,0.0005974132707718103,0.004151588291533784,0.0025548595303539565,0.32500000000000007,0.0037402749415269406,0.002491427396962542,492,1.0,False,0.1799709724238026,0.0286761488339403
01330642,DES3_Deep,341,5,0.6339041669104888,42.67820879433142,0.1342073731059938,1.0,37.040554,-4.047055,9.27,False,False,True,0.00823332674594257,-0.0015266596104497876,0.0005650850693519607,-0.0020917446798017457,0.00822343297012394,0.003632390122672368,0.6250000000000002,0.009759986356392358,0.0066520737682636295,492,1.0,False,0.643621766280107,-0.135870880906244
01331993,DES3_Deep,342,5,0.7196093520644367,43.21298352534261,0.1721066991691743,1.0,35.971802,-4.459333,8.93,False,False,True,0.005225353465385295,-0.0064582216695039715,-0.002340612017962114,-0.004117609651541858,0.0058502886243794955,0.014580083020817237,0.7250000000000002,0.011683575134889266,0.007777110643694548,492,1.0,False,0.9624413145539906,0.12209322478253382
01334597,DES3_Deep,344,5,0.2889528865455524,40.730449600125446,0.1041459229113724,1.0,35.831272,-4.06785,8.88,False,False,True,0.003591440992210369,0.0010066539776501463,0.0017322620487717252,-0.0007256080711215788,0.0026832517314648494,-0.002188172699900622,0.275,0.0025847870145602227,0.0017110754625150617,492,1.0,False,0.4453924914675768,-0.09439773246108717
01337655,DES3_Deep,349,5,0.8485083867036423,43.57275017282369,0.1694934074131079,1.0,35.940819,-5.053386,2.0,False,False,True,0.00392215575725007,-0.010520452000023998,-0.005874363237175438,-0.004646088762848562,0.018796947445090414,0.023277798002654282,0.8250000000000003,0.014442607757274068,0.009449590645420294,492,1.0,False,0.9768196569309225,0.007426076728388667
01338675,DES3_Deep,350,5,0.3305429621723064,41.25957417812079,0.1081535440698369,1.0,36.743656,-4.967741,9.51,False,False,True,0.003625192610525343,0.00019313520152438582,0.0005968906198671616,-0.0004037554183427758,0.0020818414136882834,-0.0003545032008014908,0.32500000000000007,0.0034320574090009573,0.002261487552013949,492,1.0,False,0.9392173189009159,0.1094230101350485
01282736,DES3_Shallow,369,5,0.3688992563021342,41.342242218404394,0.1352187560288467,1.0,35.809322,-6.268094,10.6,False,False,True,0.003907418941760377,-0.0003762714098867626,0.0004416132908183494,-0.000817884700705112,0.0018908323875176285,0.0009172199329681996,0.3750000000000001,0.00428369035164714,0.00289683215807937,492,1.0,False,0.0,-0.09397747855540757
01287626,DES3_Shallow,373,5,0.3039523482980426,40.76618401498462,0.1249140797048629,1.0,35.931824,-5.961218,8.2,False,False,True,0.0005628220049568563,-0.002323309322279829,-0.0011905968913581717,-0.0011327124309216574,0.003216294502072285,0.005098923197032869,0.32500000000000007,0.0028861313272366853,0.0019019009053020432,492,1.0,False,0.0,-0.17507074460222805
01291080,DES3_Shallow,380,5,0.4438349269249673,41.73147809870639,0.1693456259013054,1.0,35.684559,-6.06357,8.58,False,False,True,0.02012350319422252,0.014296391813955794,-0.0017727754684798182,0.016069167282435612,0.013549186108768376,-0.03153237200758803,0.42500000000000016,0.005827111380266728,0.003995134229101657,492,1.0,False,0.0,-0.1714933175534532
01292560,DES3_Shallow,387,5,0.2247960870494061,40.203646561870976,0.1108157914609648,1.0,35.055779,-5.361129,8.65,False,False,True,0.0010288760821592093,-0.0005302906761180046,9.279811369502567e-05,-0.0006230887898130303,0.00303023546898961,0.0011651340945948723,0.22500000000000003,0.0015591667582772139,0.0010643663087576117,492,1.0,False,0.8338068181818182,-0.00937297971910851
01293319,DES3_Shallow,388,5,0.2968623971184116,40.896722588003875,0.1172339389268141,1.0,36.002407,-6.497732,9.23,False,False,True,0.0004306718742358985,-0.0023130199108098238,-0.0011405940652997521,-0.0011724258455100716,0.002213255006960403,0.00507680865013524,0.275,0.0027436917850457224,0.0018117014637809802,492,1.0,False,0.0,0.0050037738288138045
01295027,DES3_Shallow,391,5,0.4254494310781249,41.7317482548107,0.1535049354149241,1.0,35.432739,-6.940557,10.09,False,False,True,0.0053075181407679075,-0.0001518588219092962,0.002444633487565279,-0.0025964923094745746,0.00743328192266322,0.0004208359150898802,0.42500000000000016,0.005459376962677204,0.0038045162302171435,492,1.0,False,0.0,-0.0634437320272432
01296657,DES3_Shallow,396,5,0.146186493994832,39.32656019274006,0.1180915221785577,1.0,36.255188,-6.278562,9.48,False,False,True,0.0038546245772443375,0.0031731943063519866,0.003397971936569667,-0.00022477763021768046,0.003959822797426973,-0.0069196895725713095,0.125,0.0006814302708923509,0.0005581600568995225,492,1.0,False,0.0,0.0713409580970023
01298893,DES3_Shallow,398,5,0.1961365092138698,39.91124878273867,0.1515099794143799,1.0,35.724033,-6.256828,10.78,False,False,True,0.0026635319787202327,0.0014574133702193507,-9.985262367455925e-05,0.0015572659938939098,0.0026921551670713558,-0.0031673860876277387,0.17500000000000004,0.001206118608500882,0.0008596982834889822,492,1.0,False,0.0,0.031046566328054387
01300516,DES3_Shallow,402,5,0.3104136989435242,40.79574643961447,0.1177224786369481,1.0,34.546364,-5.010114,9.56,False,False,True,0.00037046764574282025,-0.0026454744241294166,-0.001282629102666955,-0.001362845321462461,0.001710725459010225,0.00581095861480134,0.32500000000000007,0.0030159420698722367,0.0019841031948422856,492,1.0,False,0.8908400569530137,-0.1977812232776207
01303004,DES3_Shallow,406,5,0.2949493000891194,40.83928489513271,0.1109740943308026,1.0,35.294621,-6.463124,9.37,False,False,True,0.0011257090064193782,-0.0015795480055065864,-0.0003875030928011151,-0.001192044912705471,0.0017254204709147983,0.003481033232068998,0.275,0.0027052570119259645,0.0017873627512502762,492,1.0,False,0.0,-0.03641206716210819
01303952,DES3_Shallow,410,5,0.5626493589422155,42.61687168051106,0.1954005375961572,1.0,35.871758,-6.921939,11.14,False,False,True,0.003044332358457952,-0.0051865902896655386,-0.002660132402584685,-0.002526457887080855,0.010864945571675938,0.01148578984680963,0.5750000000000002,0.00823092264812349,0.005350741723175624,492,1.0,False,0.0,0.12145949735639944
01304127,DES3_Shallow,411,5,0.7285979961612705,43.28062616031458,0.2431788583373133,1.0,35.180489,-6.951112,9.31,False,False,True,0.010019305310270142,-0.0018620395973875138,0.002438193938380388,-0.004300233535767901,0.011624281184634449,0.004419158465447368,0.7250000000000002,0.011881344907657656,0.007914875346671638,492,1.0,False,0.0,0.15722352295860487
01308957,DES3_Shallow,426,5,0.618683669772359,42.99463720926706,0.274379792155645,1.0,35.13385,-6.62402,10.08,False,False,True,0.0033221739137571545,-0.006100854947963306,-0.002567150675545073,-0.0035337042724182316,0.0017813173959351364,0.013678441363423041,0.6250000000000002,0.00942302886172046,0.006424414591394918,492,1.0,False,0.0,0.24381373297473863
01310338,DES3_Shallow,428,5,0.4388263503554626,41.47049321529178,0.1275086828278752,1.0,35.041988,-6.376677,2.0,False,False,True,0.0018155662695899994,-0.0039113669048191115,-0.0015393626650986084,-0.0023720042397205017,0.004886900557605841,0.008660452319044425,0.42500000000000016,0.005726933174409111,0.003943206076013372,492,1.0,False,0.0,-0.4035358783874848
01313594,DES3_Shallow,431,5,0.2883417511744834,40.81455414133222,0.1118096543719738,1.0,34.832935,-5.789424,10.38,False,False,True,0.004435418201122058,0.001862909105022242,0.0025496512544846317,-0.0006867421494623899,0.0017401021560869575,-0.004014536059229845,0.275,0.002572509096099816,0.0017033005050058254,492,1.0,False,0.015157722244981565,-0.005056046595325527
01317277,DES3_Shallow,438,5,0.2371030929323032,40.30742740304874,0.1195044559578956,1.0,35.903149,-5.481456,10.05,False,False,True,0.00028374519336242965,-0.0014577346454168936,-0.0010034338383548985,-0.0004543008070619952,0.0007031446586181368,0.003191811086244581,0.22500000000000003,0.0017414798387793231,0.0011790450653397498,492,1.0,False,0.7532532532532532,-0.035275441418319245
01317286,DES3_Shallow,439,5,0.2789785273573759,40.62700899430787,0.1095914060258317,1.0,36.0079,-6.81061,2.0,False,False,True,0.0006980669546192725,-0.0016863317751113153,-0.0009035742281383288,-0.0007827575469729864,0.0015672667684209914,0.0037031942926900826,0.275,0.002384398729730588,0.0015841801418690262,492,1.0,False,0.0,-0.11105140636162945
01329615,DES3_Shallow,448,5,0.4038594034772507,41.67435317488501,0.1493442943778131,1.0,35.442699,-5.639848,10.91,False,False,True,0.0006711492522487398,-0.004343217372373331,-0.002352218836173329,-0.0019909985362000014,0.0048410639141577404,0.009567710249214925,0.42500000000000016,0.00501436662462207,0.0034607741226142354,492,0.95,False,0.16556583003082342,0.011411928502627048
01332413,DES3_Shallow,454,5,0.6087155423194852,42.69396413935179,0.1720617187858349,1.0,36.274887,-5.85303,9.21,False,False,True,0.011382477116032554,0.0021727107587802604,-0.004058071738705183,0.006230782497485444,0.016582975666541398,-0.004710464146231802,0.6250000000000002,0.009209766357252293,0.006223409477065101,492,1.0,False,0.0,-0.014624687772920279
01334448,DES3_Shallow,460,5,0.51674045194065,42.13568745080554,0.2476421662231073,1.0,34.489563,-4.862434,10.66,False,False,True,0.005449985274621911,-0.0018314844968186274,0.0015386945226074518,-0.0033701790194260784,0.013229634270041375,0.00405765230250707,0.5250000000000001,0.007281469771440539,0.004689540969585251,492,1.0,False,0.9033906177426846,-0.16877466148387485
01334470,DES3_Shallow,461,5,0.5187526227877535,42.22886890091072,0.1728048057772455,1.0,35.053696,-4.9472,2.0,False,False,True,0.004303296581663258,-0.0030182337277286555,-6.625177845586945e-05,-0.0029519819492727856,0.010370527173354053,0.006720837233341952,0.5250000000000001,0.007321530309391914,0.00470743974635823,492,1.0,False,0.9614035087719298,-0.08560504954881952
01334620,DES3_Shallow,462,5,0.1961370913446718,39.97832645223624,0.1200914531367896,1.0,35.752945,-6.264184,10.35,False,False,True,0.0022478103948971708,0.0010416846153135967,-0.0002091850167270584,0.001250869632040655,0.0013622257177441745,-0.002267377284854569,0.17500000000000004,0.001206125779583574,0.0008597024406877511,492,1.0,False,0.0,0.09811709852379005
01334644,DES3_Shallow,463,5,0.2880474158785653,40.770461220996616,0.1233475360189424,1.0,35.107216,-5.772545,11.22,False,False,True,0.0063330307180167215,0.003766434918601044,0.004879260473405065,-0.0011128255548040209,0.0006271981690741803,-0.008307233061120111,0.275,0.0025665957994156774,0.001699555926427058,492,1.0,False,0.01016260162601626,-0.046622984602326924
01334645,DES3_Shallow,464,5,0.2312191343721183,40.14836841261047,0.1113246429317422,1.0,36.379593,-5.878989,10.45,False,False,True,0.003029522632683317,0.0013754537124168354,-0.0008984769926370254,0.0022739307050538607,0.00502350097117409,-0.002996110567652307,0.22500000000000003,0.0016540689202664816,0.001124001552416057,492,1.0,False,0.0,-0.13313181211864672
01335564,DES3_Shallow,466,5,0.6076912457276791,42.66960460553408,0.2036218612356631,1.0,35.128132,-6.446471,9.3,False,False,True,0.006171850287008384,-0.003016001818292424,0.000756900033505651,-0.0037729018517980743,0.001767879439505873,0.006934026188173296,0.6250000000000002,0.009187852105300808,0.006202754759866006,492,1.0,False,0.0,-0.03460713525782691
01336687,DES3_Shallow,473,5,0.2337033987487309,40.36479326165632,0.1108770913941929,1.0,35.605808,-6.149859,8.58,False,False,True,0.0013375553504090339,-0.0003534193075113196,0.0002590689389275172,-0.0006124882464388371,0.003962329203213766,0.0007746267903828651,0.22500000000000003,0.0016909746579203534,0.001147241457476783,492,1.0,False,0.0,0.05727861471286559
01337272,DES3_Shallow,476,5,0.5027485806389085,42.1971131411609,0.1689365238112923,1.0,34.128422,-5.680552,8.6,False,False,True,0.004364781310751143,-0.002638122705648739,0.0005677686748826564,-0.0032058913805313957,0.0008798171328848909,0.005983820653800459,0.5250000000000001,0.007002904016399881,0.004565079678722887,492,1.0,False,0.3734551316496507,-0.0366996475483835
01337325,DES3_Shallow,477,5,0.6386543772982449,43.021544523793665,0.1963981365814678,1.0,35.135029,-4.652505,2.0,False,False,True,0.009928658866991846,6.1003548663342635e-05,-0.003384230251731321,0.003445233800394666,0.016598700008030435,-7.806095163571253e-05,0.6250000000000002,0.009867655318328504,0.006705577588254286,492,1.0,False,0.9888705688375927,0.1880189824960491
01337838,DES3_Shallow,481,5,0.3119398549227126,40.97280778174176,0.112263320810417,1.0,35.49601,-6.498196,8.42,False,False,True,0.0020841517021261326,-0.0009624513629320976,0.00040505803076047254,-0.0013675093936925693,0.0030445948567901777,0.002144479661341749,0.32500000000000007,0.0030466030650582302,0.0020035191842488567,492,1.0,False,0.0,-0.03291947702878896
01338233,DES3_Shallow,484,5,0.5979929419018641,42.80682093990014,0.2894111873813158,1.0,35.122704,-5.529291,10.98,False,False,True,0.002817736684966403,-0.006162625641259578,-0.002277998750191412,-0.003884626891068166,0.006580539522696952,0.013726681074738567,0.5750000000000002,0.00898036232622598,0.006007190580081043,492,1.0,False,0.5309926311226701,0.15345890294976
01338266,DES3_Shallow,485,5,0.6476490039816962,43.089405070681806,0.2079886777974524,1.0,34.905033,-5.869125,8.96,False,False,True,0.007111837005991424,-0.0029596918334987028,-0.0003101254939672513,-0.00264956633953145,0.006630233707668638,0.006805428007891211,0.6250000000000002,0.010071528839490126,0.006806888235082683,492,1.0,False,0.0,0.21943314315064077
01338278,DES3_Shallow,486,5,0.5639005351686628,42.5434321308432,0.2018253769836483,1.0,34.429966,-4.976041,9.92,False,False,True,0.0020889670512638245,-0.006168043400886422,-0.0038789810875191964,-0.002289062313367226,0.006008937078300148,0.013717356133303292,0.5750000000000002,0.008257010452150246,0.005370273363633807,492,1.0,False,0.9295977011494253,0.042270085961726926
01339002,DES3_Shallow,490,5,0.3025544598941461,40.82032145974071,0.1375085801059018,1.0,35.830547,-6.526311,10.87,False,False,True,0.0017617705149634698,-0.001096276756510305,0.00015836997017462185,-0.001254646726684927,0.0018887710299053948,0.0024380918244384653,0.32500000000000007,0.0028580472714737747,0.0018841167555744005,492,1.0,False,0.0,-0.10948902890119906
01339149,DES3_Shallow,491,5,0.4678114234720747,41.80177504396674,0.1567680479599912,1.0,35.555027,-5.871708,10.0,False,False,True,0.0021331854039780664,-0.00417348785849387,-0.0016361315994839123,-0.002537356259009957,0.0027668798761689107,0.009282997492480578,0.4750000000000001,0.006306673262471936,0.004243718865063814,492,1.0,False,0.0,-0.21152984736382752
01341894,DES3_Shallow,496,5,0.3121259516231762,41.018613038492006,0.1312836926236966,1.0,35.302509,-4.65022,10.0,False,False,True,0.010420052410228304,0.007369710598859177,0.007887446000115522,-0.0005177354012563454,0.01232217027954819,-0.01620596675478217,0.32500000000000007,0.0030503418113691266,0.00200588673488855,492,1.0,False,0.9549339549339549,0.011401964656288939
01343401,DES3_Shallow,499,5,0.382857752781391,41.36264546478191,0.1541700679515429,1.0,34.572121,-5.654875,10.74,False,False,True,0.0009204120551545916,-0.00366079918534558,-0.0020605313950339075,-0.0016002677903116731,0.004292748506719645,0.00806211191962179,0.3750000000000001,0.004581211240500172,0.0031239202550831947,492,1.0,False,0.4063588850174216,-0.16724109806906112
01344692,DES3_Shallow,502,5,0.3794758021695521,41.534001303201,0.2502303338967795,1.0,35.183895,-6.02737,11.06,False,False,True,0.0018328177883630004,-0.0026786413103857066,-0.002249379293189537,-0.00042926201719616997,0.0018353563977559697,0.005914470243094154,0.3750000000000001,0.004511459098748707,0.0030696757978310087,492,1.0,False,0.0,0.026514232426842747
01345553,DES3_Shallow,503,5,0.3189213527881984,41.17245955441103,0.1327430368039668,1.0,35.344692,-4.667977,10.03,False,False,True,0.002297142069179202,-0.0008897216739248738,-0.00033906944975732514,-0.000550652224167549,0.0018254338078524147,0.0019976561216224703,0.32500000000000007,0.003186863743104076,0.0020923388661468765,492,1.0,False,0.9492667459373761,0.11161970143644827
01345594,DES3_Shallow,505,5,0.4224099953800646,41.6673790185717,0.1914850047920371,1.0,33.898705,-5.599823,11.19,False,False,True,0.0071222151611144546,0.001725245812653345,-0.0005054614231479065,0.002230707235801253,0.009257014571480987,-0.0037150915646288543,0.42500000000000016,0.0053969693484611095,0.0037583144787484693,492,1.0,False,0.4188295165394402,-0.10957809197352965
ps0910017,Pan-STARRS,989,5,0.3189217627887779,40.83669910298256,0.1676308106945433,1.0,35.277479,-5.023289,10.0,False,False,True,0.015958568490108477,0.012771696509952642,0.014102548590207981,-0.0013308520802553403,0.013234817292442002,-0.028132203677291922,0.32500000000000007,0.0031868719801558362,0.002092344082236855,492,1.0,False,0.9926504363803399,-0.22414395364196815
psc000014,Pan-STARRS,993,5,0.1351810437669469,39.02256485573785,0.1584671713300104,1.0,35.8779625,-4.6363222,10.53,False,False,True,0.001474783894599943,0.0008943097382065574,0.0010781794751078542,-0.00018386973690129673,0.0005283131181524142,-0.0019516882410004523,0.125,0.0005804741563933856,0.0005006395881403064,492,1.0,False,0.947535052012664,-0.04852287131871831
psc000034,Pan-STARRS,994,5,0.2523833780682032,40.37059971857808,0.1475492175814518,1.0,36.0664375,-3.1865361,8.94,False,False,True,0.0004620706568258403,-0.0015064100598837266,-0.0009321783454545584,-0.0005742317144291683,0.001786344352647786,0.0033032559246254224,0.275,0.001968480716709567,0.0013219897451420477,492,1.0,False,0.0,-0.12119138640619286
psc000038,Pan-STARRS,995,5,0.1495553919235603,39.19583806646215,0.146027508198884,1.0,35.0956625,-4.6725083,9.13,False,False,True,0.0016780652762796568,0.0009657311497534615,0.0011986009928742752,-0.00023286984312081345,0.0009209865697421516,-0.002102311500817149,0.125,0.0007123341265261952,0.0005757677498198367,492,1.0,False,0.9887076537013801,-0.11314910836858301
psc061191,Pan-STARRS,1038,5,0.268682791408807,40.78341584097438,0.1482646657849179,1.0,36.2770292,-5.0008528,10.04,False,False,True,0.0019363035230680228,-0.0002743180375563035,-0.0007886446011126369,0.0005143265635563331,0.0023754408834146803,0.0006284068070220583,0.275,0.0022106215606243263,0.0014744682100539318,492,1.0,False,0.965531914893617,0.13800445902840422
psc061197,Pan-STARRS,1039,5,0.3278144740581568,40.8829903407828,0.1718786947908208,1.0,35.4774542,-4.1886083,11.13,False,False,True,0.0030977821500734475,-0.0002736940579970118,0.0007679008960774739,-0.0010415949540744855,0.0043556694398041804,0.0006440724817601525,0.32500000000000007,0.0033714762080704593,0.002216292095952137,492,1.0,False,0.7393058918482648,-0.24645689647193106
psc070111,Pan-STARRS,1041,5,0.3515200234328599,41.42010677435632,0.1893726894777691,1.0,36.39315,-5.2186472,10.2,False,False,True,0.0017030423424054413,-0.0021947732117626696,-0.0013006240905595954,-0.0008941491212030742,0.006548744081032264,0.004826744336391194,0.3750000000000001,0.003897815554168111,0.0026089575833440166,492,1.0,False,0.926873857404022,0.10521765118974173
psc070515,Pan-STARRS,1046,5,0.4726259766006226,41.874215887679895,0.1771627363599216,1.0,36.4631667,-5.4048889,9.47,False,False,True,0.002742092523835604,-0.0036608782171176895,-0.002036115361848342,-0.0016247628552693476,0.0026287542102462987,0.00817359327075003,0.4750000000000001,0.0064029707409532935,0.00429363541289761,492,1.0,False,0.7605021728633511,-0.16530937992861527
psc070530,Pan-STARRS,1047,5,0.3183434829997769,41.25464396375569,0.1753152675869722,1.0,36.2909,-5.0434083,11.46,False,False,True,0.003627551081028561,0.0004522969394609843,-0.001102283059547864,0.0015545799990088485,0.00718404609393657,-0.0009779220875305757,0.32500000000000007,0.003175254141567577,0.002084987118459634,492,1.0,False,0.99137187230371,0.19832324699022996
psc080048,Pan-STARRS,1052,5,0.3203378206401559,40.943531485392185,0.1588599470906193,1.0,36.1052292,-5.0123167,11.47,False,False,True,0.002649179787517942,-0.0005661412788101213,0.00010390468915992936,-0.0006700459679700507,0.0014710880546774832,0.0012955027078511193,0.32500000000000007,0.0032153210663280634,0.0021103593864497767,492,1.0,False,0.9244288224956063,-0.1283536325675575
psc080296,Pan-STARRS,1054,5,0.4988726850013585,42.078118064662696,0.1838434071705349,1.0,35.4570083,-3.9213833,11.74,False,False,True,0.0030063828838229585,-0.003919355486077694,-0.002323654643156437,-0.001595700842921257,0.0024860380838264305,0.008770823891373073,0.4750000000000001,0.0069257383699006525,0.004530602590998586,492,1.0,False,0.009162848812994586,-0.10009226383756686
psc080546,Pan-STARRS,1055,5,0.611578149614165,42.94024451294849,0.1930896852305517,1.0,35.3486875,-4.0070861,9.85,False,False,True,0.0027474407916351414,-0.006523569445559343,-0.002404639187905314,-0.004118930257654027,0.013327754159233431,0.014408965778484623,0.6250000000000002,0.009271010237194484,0.006281133328336946,492,1.0,False,0.19103666817564507,0.21946002108856055
psc080723,Pan-STARRS,1057,5,0.4292193558363075,41.886901361349715,0.1657280257338168,1.0,34.9863667,-3.9606056,9.75,False,False,True,0.019142258267865614,0.01360747778619413,0.015084205865105664,-0.0014767280789115319,0.01926273671542271,-0.03019275540843517,0.42500000000000016,0.005534780481671483,0.0038436022314507394,492,1.0,False,0.09932659932659933,0.0692599395733162
psc090128,Pan-STARRS,1060,5,0.4299383652686996,41.91281533154879,0.2021873609918991,1.0,36.0191833,-3.2260639,11.4,False,False,True,0.0032403476325411763,-0.0023088139959356294,-0.0015078681320554762,-0.0008009458638801518,0.00830114308485258,0.00511087995472373,0.42500000000000016,0.005549161628476806,0.00385105681088245,492,1.0,False,0.0,0.09091318079038267
psc091437,Pan-STARRS,1063,5,0.4640027300003873,41.60310864007923,0.2109215032589141,1.0,35.7548708,-2.8605083,9.6,False,False,True,0.004517523615527317,-0.0017129707020167593,-0.002460430277732267,0.0007474595757155089,0.013463812614105682,0.003725884642741522,0.4750000000000001,0.006230494317544077,0.004204230915759348,492,1.0,False,0.0,-0.3892743470151955
psc100163,Pan-STARRS,1070,5,0.316927465971953,41.08286638173349,0.1809584113738317,1.0,35.4423417,-5.1516,10.43,False,False,True,0.0010283822929668097,-0.0021184235825876937,-0.0010143751517498762,-0.0011040484308378175,0.004026167841065021,0.00465626658238121,0.32500000000000007,0.0031468058755545034,0.0020669723336102013,492,1.0,False,0.98227969348659,0.03765158690834146
psc110033,Pan-STARRS,1075,5,0.2039020589187834,39.90218761335672,0.1606218697031254,1.0,34.9031333,-3.5292444,10.06,False,False,True,0.0011026249665051153,-0.00019915495881797185,-0.00011902451643961483,-8.013044237835696e-05,0.0015229533654226406,0.00044784889556207354,0.22500000000000003,0.0013017799253230871,0.000915154778080446,492,1.0,False,0.0,-0.07477238226981171
psc120585,Pan-STARRS,1098,5,0.2481828147366021,40.4120181095536,0.149193991663654,1.0,35.773475,-3.6103472,9.62,False,False,True,0.00012149004302698904,-0.00178458793999047,-0.0010215063906398277,-0.0007630815493506421,0.0011086947919639709,0.0039071833950441535,0.22500000000000003,0.001906077983017459,0.0012826941315402908,492,1.0,False,0.0,-0.042205982144784285
psc310039,Pan-STARRS,1137,5,0.1707530635580976,39.61341868599193,0.1429152157384327,1.0,36.2155625,-3.3447722,9.95,False,False,True,0.00015245162816735473,-0.0007543347488651849,-0.0004912790573021533,-0.0002630556915630315,0.0006447803041168206,0.0016475730797794823,0.17500000000000004,0.0009067863770325395,0.0006865583112030608,492,1.0,False,0.0,0.06490920957768134
psc310188,Pan-STARRS,1145,5,0.3171206977693939,41.166465423033735,0.1498934852441097,1.0,35.2776375,-4.5196444,11.26,False,False,True,0.006068844134283834,0.002918156165881739,0.00200967823827854,0.0009084779276031989,0.01062927380002591,-0.0064164737098631715,0.32500000000000007,0.003150687968402095,0.0020694306580431475,492,1.0,False,0.9727095516569201,0.11973239366934028
psc310238,Pan-STARRS,1146,5,0.2819486081061653,40.65596945036404,0.1468340851400791,1.0,35.5267917,-3.2332917,9.91,False,False,True,0.00014797030335852199,-0.0022960983636409115,-0.0012540345255662242,-0.001042063838074687,0.00020845095080027952,0.005035636548815926,0.275,0.0024440686669994337,0.0016219659626773456,492,1.0,False,0.0,-0.1082299722650548
psc310260,Pan-STARRS,1147,5,0.517980901912257,42.18061020498617,0.1889197060138896,1.0,36.1689125,-5.1043083,10.91,False,False,True,0.009391626959735284,0.002085460928911067,-0.0024385066421010564,0.004523967571012123,0.012720495853662469,-0.0045020954505341805,0.5250000000000001,0.0073061660308242175,0.004700575090853733,492,1.0,False,0.8831710709318498,-0.13002826504859588
psc320099,Pan-STARRS,1149,5,0.3790840845497119,41.41594703203844,0.163008909696217,1.0,36.0675,-3.9160222,10.47,False,False,True,0.004646936877904665,0.0001435568867721353,0.002262046187551588,-0.0021184893007794533,0.004522953962241871,-0.00023638428931363822,0.3750000000000001,0.004503379991132529,0.003063392882400497,492,1.0,False,0.18791946308724833,-0.08893362578699822
psc320258,Pan-STARRS,1150,5,0.3400926208709456,41.05182985210976,0.1692393295710034,1.0,34.7479958,-4.8807389,10.96,False,False,True,0.001954785839765579,-0.0016893046689728307,-0.00019677042942066675,-0.001492534239552164,0.005334014695235207,0.0037262009307417266,0.32500000000000007,0.0036440905087384095,0.0024196708249706526,492,1.0,False,0.9360845495722194,-0.16955875829709066
psc320469,Pan-STARRS,1151,5,0.3700606126161159,41.46618334540238,0.2792295336630749,1.0,34.4183125,-4.8370833,10.77,False,False,True,0.0009475298388147266,-0.003361946353659194,-0.0013037460404343236,-0.0020582003132248706,0.0006022136112840015,0.007420868478689899,0.3750000000000001,0.004309476192473921,0.0029160691956125265,492,1.0,False,0.9911048689138576,0.022046090706618608
psc330022,Pan-STARRS,1152,5,0.2630588390275969,40.40804667612375,0.1615899399107871,1.0,35.3240875,-2.949125,10.98,False,False,True,0.01654375590172241,0.014416682659510884,0.015279421230139704,-0.0008627385706288199,0.02387841754332089,-0.03213380043310296,0.275,0.0021270732422115244,0.00142185701430689,492,1.0,False,0.0,-0.18535884961874147
psc330089,Pan-STARRS,1155,5,0.3479164734737339,41.45822635013327,0.1643301079202487,1.0,36.190275,-4.8221417,9.65,False,False,True,0.0009564496032344121,-0.002861355566059827,-0.001298221745590777,-0.0015631338204690497,0.0017645683623789994,0.006307809014687565,0.32500000000000007,0.003817805169294239,0.002549267353066073,492,1.0,False,0.9192997438087105,0.17984249197267366
psc330128,Pan-STARRS,1156,5,0.320147296936816,40.972920530726064,0.156408031147888,1.0,36.8228208,-3.8213139,10.81,False,False,True,0.0022374206897024284,-0.0009740726903140233,-7.779441418933469e-05,-0.0008962782761246887,0.00288926247119949,0.0021774081779996355,0.32500000000000007,0.0032114933800164516,0.0021079355148035006,492,1.0,False,0.0012903225806451613,-0.09748156616278915
psc330146,Pan-STARRS,1157,5,0.1342908151494966,39.11888490055903,0.1502341348328809,1.0,36.7176792,-3.1205528,10.74,False,False,True,3.296115725002669e-05,-0.0005393466796950324,-0.0003658010989431243,-0.000173545580751908,0.0003473025224733124,0.0011761504733256067,0.125,0.000572307836945059,0.00049598676918985,492,1.0,False,0.0,0.06330110810378503
psc340229,Pan-STARRS,1159,5,0.1402697277913887,39.23536626865161,0.1608272002625473,1.0,35.8790083,-2.8604444,10.39,False,False,True,0.0007467675787570016,0.0001196134813904675,-0.00039899309546980713,0.0005186065768602746,0.002510852598714178,-0.00026292593772180885,0.125,0.0006271540973665341,0.0005272358185890878,492,1.0,False,0.0,0.07745568778355366
psc420352,Pan-STARRS,1206,5,0.4014466083817714,41.68385741881572,0.167359667377692,1.0,35.1821625,-3.9624694,9.19,False,False,True,0.00093215096111797,-0.004032452185312559,-0.0016704729177686559,-0.002361979267543904,0.003755285373614346,0.008896723581608007,0.42500000000000016,0.00496460314643053,0.003422074337952434,492,1.0,False,0.08298562818729717,0.03610246659319436
psc440042,Pan-STARRS,1215,5,0.1582571842262692,39.60966160951786,0.1433748384792615,1.0,35.9021333,-3.2939639,8.49,False,False,True,4.254188739073683e-05,-0.0007496162465016081,-0.0004799711644288808,-0.0002696450820727273,0.00029045060216499933,0.0016360261990715607,0.17500000000000004,0.000792158133892345,0.000621248049301718,492,1.0,False,0.0,0.24172658218737889
psc440236,Pan-STARRS,1218,5,0.4346655845438896,41.713725876378355,0.1702258195190274,1.0,37.1018542,-4.4246056,11.41,False,False,True,0.0012108719421021518,-0.0044328403714070895,-0.0026642598454329775,-0.001768580525974112,0.0030525316457988105,0.009805006079766507,0.42500000000000016,0.0056437123135092415,0.0039000678947298173,492,0.7,True,0.9078850405305822,-0.13602464217588794
psc440285,Pan-STARRS,1219,5,0.1761630626073871,39.81098700048976,0.1474350317494187,1.0,36.8042542,-4.1287972,10.63,False,False,True,0.00013811964449591754,-0.0008219524796659141,-0.0005466304846381989,-0.00027532199502771515,0.0005650766677183011,0.0017953612696393873,0.17500000000000004,0.0009600721241618316,0.0007170609460440314,492,1.0,False,0.9362076550813903,0.18809988768457567
psc440509,Pan-STARRS,1220,5,0.3181157205906024,40.945751545821224,0.1725456280800092,1.0,34.8496375,-5.4303667,11.82,False,False,True,0.00047590564511035277,-0.002694772671819062,-0.0013446763055645831,-0.0013500963662544784,0.00149265548580067,0.005923965624778288,0.32500000000000007,0.0031706783169294147,0.0020820894903114946,492,1.0,False,0.9904378459989934,-0.10878590506041998
psc450339,Pan-STARRS,1225,5,0.4084624553929477,41.765455416714914,0.2341565415723036,1.0,36.2873542,-3.3533917,10.55,False,False,True,0.0065518445178718975,0.0014425407499961372,0.002962124279934702,-0.001519583529938564,0.006878870897122856,-0.0030652976792988514,0.42500000000000016,0.00510930376787576,0.0035346043116171585,492,1.0,False,0.0,0.0737749440353732
psc460004,Pan-STARRS,1228,5,0.2082197717896059,40.144626321570925,0.1523971658209332,1.0,36.0344625,-3.4641833,9.87,False,False,True,0.00011008347031608891,-0.001244884975405202,-0.0007643137324887233,-0.00048057124291647893,0.0009314138808697581,0.0027225011347677525,0.22500000000000003,0.001354968445721291,0.000945989069221066,492,1.0,False,0.0,0.11710033143502045
psc540163,Pan-STARRS,1271,5,0.3286221766387556,41.23464020172148,0.1502089498319912,1.0,36.0723292,-3.3093417,10.36,False,False,True,0.0010929681261762957,-0.002296441673788365,-0.0011890536739827683,-0.0011073879998055966,0.001507350236516388,0.005065271862524942,0.32500000000000007,0.003389409799964661,0.002229671112083143,492,1.0,False,0.0,0.09904748812143059
psc550154,Pan-STARRS,1277,5,0.210124987695347,40.212846525746045,0.1477782445794621,1.0,36.3555667,-3.5962083,10.58,False,False,True,0.0008141336838897634,-0.00056430450567445,-0.00010329208371488794,-0.000461012421959562,0.0007552271106763882,0.0012442846761203776,0.22500000000000003,0.0013784381895642133,0.0009595948794453502,492,1.0,False,0.0,0.1633170093937028
psc560027,Pan-STARRS,1282,5,0.4388265898546408,41.75363323590862,0.2309815456171849,1.0,35.850625,-3.0839472,10.0,False,False,True,0.0014418722546005805,-0.004285065710111252,-0.0023819725881193575,-0.001903093121991894,0.0038334091564091455,0.009487338319721109,0.42500000000000016,0.005726937964711833,0.00394320855910409,492,1.0,False,0.0,-0.12039724908507089
psc560121,Pan-STARRS,1286,5,0.3641044995710436,41.5151076427654,0.1751755601240156,1.0,36.3387958,-4.3952611,8.94,False,False,True,0.00432489780532288,0.00014766645543305094,0.0017961330856389682,-0.0016484666302059169,0.012277076733160728,-0.0003815635350310504,0.3750000000000001,0.004177231349889829,0.00281741043876042,492,1.0,False,0.9881342062193126,0.11182306913512889
03D1au,SNLS,1732,5,0.5030838265307911,42.21276449862432,0.1366682538221146,1.0,36.04321,-4.037469,9.55,False,False,True,0.0026767494022510965,-0.004332829062689841,-0.0011158068044449967,-0.003217022258244844,0.006994004902714307,0.009640455115801158,0.5250000000000001,0.007009578464940937,0.004568061777082726,492,1.0,False,0.5028997514498758,-0.022762537170850295
03D1aw,SNLS,1733,5,0.5807242679744387,42.76444396012342,0.1450653740436086,1.0,36.061634,-4.517158,9.21,False,False,True,0.01137223474112883,0.0027613260227161377,0.006570034482672831,-0.0038087084599566948,0.01049027133051797,-0.005871957096327714,0.5750000000000002,0.008610908718412693,0.0056589715395925725,492,1.0,False,0.9327920613441588,0.1871175410947093
03D1ax,SNLS,1734,5,0.4947956137520262,42.15297609067843,0.1341817790488641,1.0,36.097287,-4.720774,11.61,False,False,True,0.006405908755388732,-0.00043865873990678924,-0.0027809025072066743,0.002342243767299886,0.0038791019035422677,0.001097441101903799,0.4750000000000001,0.006844567495295521,0.004494335994509339,492,1.0,False,0.96760758907913,-0.004146940393681464
03D1bp,SNLS,1735,5,0.3459282071903045,41.39874862513623,0.1291804484633472,1.0,36.657235,-4.838779,10.85,False,False,True,0.0012607280426863892,-0.0025129312281540047,-0.0013025771505045698,-0.0012103540776494353,0.004037611438682313,0.005529199096483365,0.32500000000000007,0.003773659270840394,0.0025163331427296197,492,1.0,False,0.9603836530442035,0.1347354366984016
03D1co,SNLS,1736,5,0.6776622506150842,43.260242895680406,0.1890108605302287,1.0,36.567748,-4.93505,8.69,False,False,True,0.009993271568899387,-0.0007574069524999751,0.003029773759832443,-0.0037871807123324164,0.01127226255360574,0.0019416190973109877,0.6750000000000002,0.010750678521399363,0.007154472084094368,492,1.0,False,0.9542670477746019,0.28138208232077333
03D1ew,SNLS,1737,5,0.8664945968980386,43.4785169571611,0.2047379165611657,1.0,36.058795,-4.665852,8.58,False,False,True,0.007510641715244236,-0.007311422325510791,-0.003299075680232493,-0.0040123466452782995,0.01961695938882661,0.016309151397396204,0.8750000000000002,0.014822064040755027,0.009651371310839636,492,1.0,False,0.9597222222222223,-0.13956106745867836
03D1fc,SNLS,1738,5,0.3309318857355345,41.07425553770992,0.1269100008319618,1.0,36.431648,-4.144059,10.41,False,False,True,0.002118043947938254,-0.0013226488135160788,-0.0004794085573831264,-0.0008432402561329522,0.004339453484009147,0.0029305892340918856,0.32500000000000007,0.0034406927614543327,0.00226792979294662,492,1.0,False,0.9690844233055886,-0.07883390531834546
03D1fq,SNLS,1739,5,0.798566302111207,43.39193616786141,0.2047076957608107,1.0,36.731935,-4.302217,10.7,False,False,True,0.008902426255510753,-0.0044833630419252035,-0.002870077842901969,-0.0016132851990232388,0.021266699955046042,0.009911491721972913,0.7750000000000002,0.013385789297435956,0.008907662151880517,492,1.0,False,0.9786306149149586,0.06383301217157365
04D1aj,SNLS,1757,5,0.7196266245919412,42.97587937747983,0.1880779356691775,1.0,36.474835,-4.99461,10.0,False,False,True,0.022720529814594034,0.011036570541543642,0.011639334901180722,-0.0006027643596370801,0.034757301996304384,-0.02526755897321412,0.7250000000000002,0.011683959273050392,0.007777367027122114,492,1.0,False,0.9392931392931393,-0.11507377242703641
04D1dc,SNLS,1758,5,0.2100324737747638,39.98035644108062,0.1230586930395374,1.0,36.576935,-4.311968,10.65,False,False,True,0.0006986753042350272,-0.0006786232360057426,-0.00037034047456384686,-0.0003082827614418957,0.003053901505251237,0.0014843213204499767,0.22500000000000003,0.0013772985402407698,0.0009589342053229234,492,1.0,False,0.9631274988893825,-0.06810891062858644
04D1de,SNLS,1759,5,0.7665902415032531,43.56704814846084,0.1760700807788606,1.0,36.649621,-4.422623,9.69,False,False,True,0.012167600107100083,-0.0005361294564842495,0.001374483771389481,-0.0019106132278737331,0.00901558187447905,0.0016223816565460458,0.7750000000000002,0.012703729563584332,0.008524663538963573,492,1.0,False,0.9769585253456221,0.3462648572838799
04D1ff,SNLS,1760,5,0.8585131461609983,43.194939020112145,0.1877047585812375,1.0,36.410924,-4.902631,8.78,False,False,True,0.007881695420159013,-0.00677198341878139,-0.0017833451292532838,-0.004988638289528109,0.012820098873988838,0.015358511728802884,0.8750000000000002,0.014653678838940403,0.009561830355667576,492,1.0,False,0.9822510822510823,-0.3987698475055616
04D1hd,SNLS,1761,5,0.3679043471433738,41.58545863843132,0.1262765252402868,1.0,36.536808,-4.109634,8.22,False,False,True,0.0010820715625300668,-0.0031795286098189146,-0.0019661631154061377,-0.0012133654944127773,0.0039712323190447645,0.0070063942251429,0.3750000000000001,0.004261600172348981,0.002880352198743258,492,1.0,False,0.8857837181044957,0.15604016389392145
04D1hx,SNLS,1762,5,0.5587464797443935,42.51408303802808,0.1415742898149648,1.0,36.177063,-4.790326,9.68,False,False,True,0.002669078931906374,-0.005480466252754604,-0.002647664522589714,-0.002832801730164891,0.0014544846859586623,0.012246052476738885,0.5750000000000002,0.008149545184660979,0.005289815347152619,492,0.975,False,0.9203204047217538,0.03668474448068975
04D1hy,SNLS,1763,5,0.8485096018060083,43.52349657797704,0.1833347487754059,1.0,36.036226,-4.831071,8.14,False,False,True,0.004825124581586923,-0.009617508810783304,-0.005447172194653722,-0.0041703366161295816,0.00873245849219971,0.021645809205160474,0.8250000000000003,0.014442633392370226,0.009449604277206052,492,1.0,False,0.9165568730786122,-0.04183128772322411
04D1iv,SNLS,1764,5,0.9963905136763612,44.08999592366712,0.2117732017461916,1.0,36.200212,-4.152559,9.09,False,False,True,0.06092692126147721,0.0433926229189161,0.04941451345654944,-0.006021890537633335,0.015066026516576285,-0.09751939954769573,0.9750000000000003,0.017534298342561105,0.011242909302426381,492,1.0,False,0.9379591836734694,0.04923541380852696
04D1jd,SNLS,1765,5,0.7765946746067607,43.19733511364445,0.198596870823423,1.0,36.961818,-4.94379,10.43,False,False,True,0.05538335156448574,0.042463748152068326,-0.003952394990260373,0.04641614314232869,0.01807415151894792,-0.09534110445823928,0.7750000000000002,0.012919603412417418,0.008676425821938267,492,1.0,False,0.9175627240143369,-0.057484154377943075
04D1jg,SNLS,1766,5,0.5829326543569071,42.61162259352539,0.1438210447431814,1.0,36.552319,-4.1348,11.38,False,False,True,0.0020440029018398117,-0.0066141530064774265,-0.0037223650541877637,-0.0028917879522896628,0.006183349991928634,0.014706555836946734,0.5750000000000002,0.008658155908317238,0.005703503168967407,492,1.0,False,0.9378280177634235,0.0244538526421128
04D1kj,SNLS,1767,5,0.5837428958570987,42.61644062198137,0.1379873607253196,1.0,36.969417,-4.180252,9.97,False,False,True,0.008419562404596959,-0.000255928166862561,-0.002330975799260573,0.0020750476323980124,0.010886108802287473,0.0007132098034642043,0.5750000000000002,0.00867549057145952,0.005719841511966203,492,1.0,False,0.961250550418318,0.025669656136083012
04D1ks,SNLS,1768,5,0.7965526109160754,42.91039162347422,0.1896468083023187,1.0,36.039649,-4.978721,8.02,False,False,True,0.011144992758791166,-0.0021980707819038974,-0.004601559357359265,0.0024034885754553644,0.010370043512107564,0.00528968033069117,0.7750000000000002,0.013343063540695064,0.008886469431336487,492,1.0,False,0.9364870784056066,-0.4110769307274015
04D1oh,SNLS,1769,5,0.5887211746835785,42.6483645982282,0.1450944067131717,1.0,36.25984,-4.236187,9.21,False,False,True,0.009918064342522105,0.0011360662835234025,0.0019241247307606136,-0.0007880584472372111,0.015848944601249488,-0.002487020599014879,0.5750000000000002,0.008781998058998703,0.005820227417886156,492,1.0,False,0.974613248710829,0.035564299968109885
04D1ow,SNLS,1770,5,0.91347307228868,43.74638423737044,0.1895471417647871,1.0,36.677899,-4.30619,9.45,False,False,True,0.007261606609297259,-0.00855446463209265,-0.004836595652728315,-0.0037178689793643384,0.01709455092680768,0.019201458092576663,0.9250000000000003,0.01581607124138991,0.010319285816161379,492,1.0,False,0.9771453212591634,0.11653520560182214
04D1pc,SNLS,1771,5,0.7685871905535504,43.23228096602478,0.1876706554598762,1.0,36.60365,-4.3994,10.47,False,False,True,0.005356850806727613,-0.0073901049532251965,-0.002932031829304893,-0.0044580731239203045,0.008377769817852062,0.016654255983929694,0.7750000000000002,0.01274695575995281,0.008556715236369684,492,1.0,False,0.9890350877192983,0.004669703897692709
04D1pd,SNLS,1772,5,0.9484549670694488,43.57052764245335,0.2272107484644107,1.0,36.915633,-4.631172,10.27,False,False,True,0.016395194159154698,-0.00014854259857662727,0.0042242978931830745,-0.004372840491759703,0.019644528683132958,0.0006663855014856085,0.9250000000000003,0.016543736757731325,0.01080156378887959,492,1.0,False,0.890975721484196,-0.1584459742488193
04D1pg,SNLS,1773,5,0.5137934613946333,42.50506013030727,0.1431775625401641,1.0,36.767329,-4.175287,9.84,False,False,True,0.012506076957270787,0.005283279155350625,-0.0015071774835895583,0.006790456638940184,0.009446078246754103,-0.011449608979393067,0.5250000000000001,0.007222797801920162,0.004663326731360322,492,1.0,False,0.9730082716586852,0.21532754883755514
04D1pp,SNLS,1774,5,0.7336087270986067,43.081768919892106,0.1684463491385093,1.0,36.301993,-4.701584,11.43,False,False,True,0.012224392168357995,0.0002345843835855517,0.0005444365592681827,-0.00030985217568263185,0.010916047057295637,-0.00016036332014163907,0.7250000000000002,0.011989807784772443,0.007995299247202808,492,1.0,False,0.9307974335472043,-0.059590570730220116
04D1pu,SNLS,1775,5,0.637700843514792,42.51756240506883,0.2052624233930393,1.0,36.868641,-4.744934,9.36,False,False,True,0.0032048979768278174,-0.006641144405597879,-0.0039014515060080343,-0.002739692899589843,0.015972278724339862,0.0146006701218099,0.6250000000000002,0.009846042382425696,0.0066948374955551546,492,1.0,False,0.9163716814159292,-0.31207075120366085
04D1qd,SNLS,1776,5,0.765588659105167,43.179949569124545,0.1718237045767353,1.0,36.637813,-4.107177,10.54,False,False,True,0.01204610968591475,-0.000635939506098547,-0.005321830930133585,0.0046858914240350364,0.027651310946147166,0.0010907396835949691,0.7750000000000002,0.012682049192013297,0.008508587807864697,492,1.0,False,0.8678485092667204,-0.03740263423973744
04D1rh,SNLS,1777,5,0.4348609256512308,41.8304182679458,0.1325829190329917,1.0,36.946448,-4.253765,9.92,False,False,True,0.0006785156689513921,-0.004969103727017731,-0.0026051375510350652,-0.0023639661759826645,0.004897298972631158,0.010956895856931883,0.42500000000000016,0.0056476193959691225,0.003902093161347125,492,1.0,False,0.9799732977303071,-0.0204769307114794
04D1rx,SNLS,1778,5,0.983407441173638,44.10349402985653,0.2205053970040061,1.0,36.295958,-4.618349,9.83,False,False,True,0.013635490058336742,-0.0036297842994885768,0.001634427269294591,-0.005264211568783171,0.01326960004479382,0.008637149688483503,0.9750000000000003,0.01726527435782532,0.011188493922600908,492,1.0,False,0.9421641791044776,0.09736234541668637
04D1sa,SNLS,1779,5,0.583743244093273,42.70340025988005,0.1518933798603352,1.0,36.983995,-4.176071,10.66,False,False,True,0.010593891295940898,0.001918393274163448,-0.0031539129577635274,0.005072306231926975,0.006161736259043973,-0.003952014776754893,0.5750000000000002,0.00867549802177745,0.00571984853407265,492,1.0,False,0.9513415188722146,0.11262774684201032
04D1si,SNLS,1780,5,0.7006316638078103,42.98687188206328,0.1713203692473321,1.0,36.203316,-4.56895,10.68,False,False,True,0.0019083885521164324,-0.009353125927929966,-0.004461214514998722,-0.004891911412931243,0.005361208783719025,0.020868759074985036,0.7250000000000002,0.011261514480046399,0.007495416794241941,492,1.0,False,0.9542697153523099,-0.03407327733146348
04D1sk,SNLS,1781,5,0.6620584932661566,42.93823585822013,0.1669255558835262,1.0,36.094908,-4.353621,10.46,False,False,True,0.01572804881231675,0.005329912385658105,0.009413876721010885,-0.004083964335352775,0.022351619100284107,-0.011869031270204736,0.6750000000000002,0.010398136426658645,0.00696918898765993,492,1.0,False,0.9444444444444444,0.020193483050695613
05D1az,SNLS,1838,5,0.8405222392157119,43.594506145232195,0.1892768175417525,1.0,36.302108,-4.602335,8.68,False,False,True,0.002824109879091359,-0.011450013588699369,-0.0068146365526374555,-0.004635377036061915,0.003939402406308394,0.025690474978260897,0.8250000000000003,0.014274123467790728,0.009359996999130447,492,1.0,False,0.9462714219546086,0.054071729998578434
05D1cb,SNLS,1839,5,0.6306991646728362,42.76739417189163,0.1443144858559814,1.0,36.737733,-4.117567,10.15,False,False,True,0.010791198241361589,0.0011038569334539325,-0.003945431274544586,0.00504928820799852,0.017214647188928872,-0.002391852387602221,0.6250000000000002,0.009687341307907656,0.006615974343439201,492,1.0,False,0.895503746877602,-0.03348664261050996
05D1cc,SNLS,1840,5,0.5627509281965839,42.58741914217862,0.1361081461936232,1.0,36.629866,-4.164801,9.35,False,False,True,0.004407964316334186,-0.003825076114038599,-0.0018606288334623291,-0.00196444728057627,0.006806766985828129,0.008595336648543138,0.5750000000000002,0.008233040430372785,0.005352327282520501,492,1.0,False,0.9658857377722976,0.09153974043177909
05D1ck,SNLS,1841,5,0.6156983119092554,42.825830885614295,0.1534153013232823,1.0,36.10354,-4.7128,9.76,False,False,True,0.03425707881265715,0.024897920010547102,-0.0037654097327302193,0.02866332974327733,0.01505784699137067,-0.05519809273424162,0.6250000000000002,0.00935915880211005,0.0063642155017037474,492,1.0,False,0.9664804469273743,0.08758801797165691
05D1cl,SNLS,1842,5,0.8285284415608116,43.88391622819477,0.1927699292305272,1.0,36.273563,-4.220818,8.47,False,False,True,0.013958621809444956,-6.246770434644583e-05,-0.0009980510343459634,0.0009355833299995167,0.020725036989199166,0.00027071099131156795,0.8250000000000003,0.014021089513791402,0.009225443002176452,492,1.0,False,0.9735804416403786,0.38129766173350793
05D1dn,SNLS,1843,5,0.5647412231256468,42.4886672009845,0.1450331392443544,1.0,36.11104,-4.991558,10.27,False,False,True,0.0350418179440636,0.02676727862411211,0.00612388876156632,0.020643389862545793,0.028588740139660427,-0.06000035807809927,0.5750000000000002,0.00827453931995149,0.0053833970264450465,492,1.0,False,0.9206349206349206,-0.016351510415821786
05D1dx,SNLS,1844,5,0.5787454138340153,42.538373045749566,0.1372461794788689,1.0,36.945791,-4.03249,9.45,False,False,True,0.003729478531293391,-0.0048390937109898564,-0.001213617367766976,-0.0036254763432228814,0.014967608532905788,0.01062939721642343,0.5750000000000002,0.008568572242283247,0.00561906837777825,492,1.0,False,0.5971001757469244,-0.03010387137722676
05D1ee,SNLS,1845,5,0.557743153665001,42.52536793734644,0.1432593518823026,1.0,36.194786,-4.000485,11.01,False,False,True,0.0011425572133021765,-0.0069860679973528655,-0.0032565754001069635,-0.0037294925972459025,0.00047633007040380905,0.01552188584517242,0.5750000000000002,0.008128625210655042,0.005274152801916562,492,1.0,False,0.498948254101809,0.05261974227951965
05D1em,SNLS,1846,5,0.8644970993475649,43.69949786486995,0.1862539862195831,1.0,36.02301,-4.939906,11.1,False,False,True,0.04041417129513385,0.02563424859424825,0.008095090055364618,0.01753915853888363,0.009205853727686324,-0.05667822157024634,0.8750000000000002,0.014779922700885597,0.00962896212176913,492,1.0,False,0.9096020761245674,0.08749803598782867
05D1eo,SNLS,1847,5,0.7356079673923455,43.28537014830635,0.1879022768079955,1.0,36.346421,-4.642671,11.17,False,False,True,0.013466870280045187,0.001433786702376547,-0.005685361595103189,0.007119148297479736,0.019126311643348593,-0.003074097080544947,0.7250000000000002,0.01203308357766864,0.008027387719829327,492,1.0,False,0.9425022999080037,0.13687896618336948
05D1er,SNLS,1848,5,0.8585072828224272,43.52121616941675,0.2179615792412156,1.0,36.422736,-4.004535,10.43,False,False,True,0.011530529001883323,-0.0031230261378097698,0.0026471499122069954,-0.005770176050016768,0.012644339830004585,0.007360831903545598,0.8750000000000002,0.014653555139693093,0.009561764577032407,492,1.0,False,0.5863617803184974,-0.07247471500152537
05D1hk,SNLS,1849,5,0.2619841060705088,40.44192453024786,0.1247654653427717,1.0,36.163234,-4.634253,8.95,False,False,True,0.0005110347538813965,-0.0016000724691996094,-0.0007179413455147352,-0.0008821311236848742,0.0002595134336835547,0.0035144318731971224,0.275,0.002111107223081006,0.0014118030554273533,492,1.0,False,0.9587822014051522,-0.1414257180630871
05D1hm,SNLS,1850,5,0.5857437830629377,42.86374649113593,0.1517384148782624,1.0,36.942572,-4.717286,9.89,False,False,True,0.0016722937378916675,-0.0070460046947928325,-0.004321454269714474,-0.00272455042507836,0.008368899703314194,0.015613682523046115,0.5750000000000002,0.0087182984326845,0.005760188965735446,492,1.0,False,0.8914903196758217,0.264100101614206
05D1if,SNLS,1851,5,0.7615804036972535,43.182016048498575,0.1744803300019755,1.0,36.123871,-4.570338,10.0,False,False,True,0.006482811396149253,-0.006112474623147303,-0.0008294387583055339,-0.00528303586484177,0.007968545405143341,0.013867607196526235,0.7750000000000002,0.012595286019296556,0.008444253973487841,492,1.0,False,0.9475638051044084,-0.02156165676455858
05D1ix,SNLS,1852,5,0.4887998242191027,42.16347222569832,0.1330715571700687,1.0,36.083196,-4.670004,7.5,False,False,True,0.005601476462622189,-0.001123720177818783,0.0018750861766021528,-0.002998806354420935,0.008620774998494576,0.0025867477693816195,0.4750000000000001,0.006725196640440972,0.00444100190581501,492,1.0,False,0.9703016241299304,0.037658476604605196
05D1iz,SNLS,1853,5,0.8585164582948752,43.91902761907098,0.2387751996674884,1.0,36.553202,-4.77337,8.96,False,False,True,0.005044212130957322,-0.00960953658429375,-0.0039414561734302175,-0.005668080410863535,0.008262666969549592,0.021657022588136475,0.8750000000000002,0.014653748715251073,0.009561867513277235,492,1.0,False,0.9478885893980233,0.32530859299954146
05D1ke,SNLS,1854,5,0.6886564041709764,42.958875414164766,0.1579295771039508,1.0,36.692882,-4.862496,8.9,False,False,True,0.003600354331166321,-0.007394832350894952,-0.0031757816943519803,-0.004219050656542971,0.004740501633341753,0.01658370462001358,0.6750000000000002,0.010995186682061273,0.007317662953011238,492,1.0,False,0.9603796945934792,-0.06203739211114519
05D1kl,SNLS,1855,5,0.5587427959734994,42.972655815680966,0.1610608946139859,1.0,36.139745,-4.31896,8.46,False,False,True,0.006783008259619316,-0.001366460116122875,0.0006226263135730402,-0.001989086429695917,0.014472766384589268,0.0030587633074563303,0.5750000000000002,0.00814946837574219,0.005289757841193735,492,1.0,False,0.9496587030716723,0.4952745808121169
SCP05D0,SuzukiRubin,1968,5,1.0123472611392637,44.09429660705335,0.2685963172270599,1.0,35.425275,-3.364755555555556,10.0,False,True,True,0.013426839963267687,-0.00443810028127711,0.002679055220397991,-0.0071171555016751,0.018070809388941244,0.010314747758656193,1.0250000000000004,0.017864940244544797,0.011309788115110426,492,1.0,False,0.0,-0.03652667365661025
SCP05D6,SuzukiRubin,1969,5,1.3131010648273116,44.8447602644184,0.2361862255360604,1.0,35.44368333333333,-3.3822722222222223,10.0,False,True,True,0.027048142614357607,0.003337508318001444,-0.0051409873784312755,0.008478495696432721,0.01658199508915991,-0.006356313624532588,1.3250000000000006,0.023710634296356163,0.015021987382544942,492,1.0,False,0.0,0.0714885057063068
SCP06R12,SuzukiRubin,1979,5,1.2102060200857658,44.698959668535366,0.5276603198834235,1.0,35.75034583333334,-4.600847222222223,10.0,False,True,True,0.03704601902707898,0.01515356666423566,0.0012024372200557156,0.01395112944417995,0.02487353683665322,-0.0334627857465877,1.2250000000000005,0.021892452362843318,0.013764331646688378,492,1.0,False,0.9491304347826087,-0.1320465814863103
01248677,DES3_Deep,303,4,0.3501922445086136,41.26874458326081,0.1048611899586135,1.0,53.646217,-28.127001,9.85,False,False,True,0.0002417647641136649,-0.003689595927395293,-0.002274764621125273,-0.001414831306270019,0.0009015516916581719,0.008128499047708062,0.3750000000000001,0.003931360691508958,0.002521147867899792,497,0.925,False,0.9917971662938105,-0.03664750673661216
01262214,DES3_Deep,306,4,0.6893664114401092,43.07216089788592,0.1696620138709475,1.0,53.502693,-28.660202,8.86,False,False,True,0.003290265938911601,-0.007344321792974093,-0.004247361909232266,-0.0030969598837418282,0.008794757546408148,0.016435327892672796,0.6750000000000002,0.010634587731885694,0.006465932509458121,497,1.0,False,0.7439429928741093,0.048554512929724944
01262715,DES3_Deep,307,4,0.6893601579787407,42.85709351257355,0.1387458447489902,1.0,53.369957,-28.442709,11.05,False,False,True,0.009142023999271824,-0.0014924129505584204,-0.004753732315074696,0.003261319364516276,0.02178921716747895,0.0032602740171633407,0.6750000000000002,0.010634436949830245,0.006465846557647393,497,1.0,False,0.9968960165545784,-0.16648916002312014
01285160,DES3_Deep,310,4,0.7493108646697713,43.27682515789307,0.1462153549788169,1.0,52.398907,-28.647585,7.98,False,False,True,0.002721472933704415,-0.009362485305281953,-0.005114702888170473,-0.004247782417111481,0.006191990511275734,0.021077309770803243,0.7250000000000002,0.012083958238986368,0.007197683554516919,497,1.0,False,0.9479073909171861,0.07994994580546189
01289600,DES3_Deep,312,4,0.419624763151611,41.989628533504856,0.1207894901232169,1.0,52.047657,-27.862852,9.71,False,False,True,0.004692070181693734,-0.0005966888232045008,0.0009048563746749719,-0.0015015451978794725,0.0029785932872201716,0.0014605678926961456,0.42500000000000016,0.005288759004898235,0.003281430004677301,497,1.0,False,0.9856938483547926,0.2294888949299172
01292195,DES3_Deep,313,4,0.8292951102052186,43.43897995261902,0.1989063177778157,1.0,53.042854,-28.293522,8.95,False,False,True,0.0034375850877576093,-0.01059502905334984,-0.00611576892588683,-0.004479260127463014,0.002303854692060917,0.023995027033110045,0.8250000000000003,0.014032614141107451,0.008307871135092078,497,1.0,False,0.9865263157894737,-0.06607176716434274
01297465,DES3_Deep,317,4,0.2778763574849618,40.92369038356827,0.1058621880139559,1.0,51.795311,-27.822104,10.0,False,False,True,7.564965353638643e-05,-0.0025517270618079122,-0.00149354069651397,-0.001058186365293943,0.0005410310528923046,0.005599677684305339,0.275,0.002627376715344299,0.0018189117971887999,497,1.0,False,0.7862823061630219,0.19539549903324896
01300912,DES3_Deep,318,4,0.3376548014842233,41.26045214227237,0.1076250415783959,1.0,52.037891,-27.532908,9.74,False,False,True,0.00042450994464316946,-0.003261037399617554,-0.0018257962575946429,-0.0014352411420229109,0.0012864198433023613,0.007184850553920075,0.32500000000000007,0.003685547344260723,0.0023624070555330586,497,1.0,False,0.9765411893071467,0.057071005553235396
01302187,DES3_Deep,320,4,0.2195023859032221,40.03952814716361,0.1189157705670775,1.0,52.161892,-27.142117,10.95,False,False,True,0.00032490515631062314,-0.0012714006572769202,-0.0006789400567657048,-0.0005924606005112155,8.565456614388182e-05,0.0027882597452734987,0.22500000000000003,0.0015963058135875434,0.0010721105364448014,497,1.0,False,0.966900702106319,-0.11567344458954494
01304442,DES3_Deep,322,4,0.2171112217176234,40.169256344974166,0.1231433738721304,1.0,52.163063,-28.108288,9.57,False,False,True,0.0001804277639923519,-0.0013813378087999468,-0.0008008474582603413,-0.0005804903505396056,0.0008099971790580983,0.003025554038704439,0.22500000000000003,0.0015617655727922987,0.0010529332497586225,497,1.0,False,0.9775853285787061,0.04059640346716435
01307830,DES3_Deep,326,4,0.3492829284853669,41.44503842173314,0.1154354729586114,1.0,53.294464,-27.957768,10.4,False,False,True,0.0007283083751175514,-0.0031852239589706885,-0.0022693495271969627,-0.0009158744317737258,0.004987333572926489,0.007000804899302238,0.32500000000000007,0.00391353233408824,0.002509634709758419,497,0.85,True,0.9571713147410359,0.15682225785332327
01309492,DES3_Deep,329,4,0.3334897113954451,41.05854705201931,0.1040408225423478,1.0,53.30085,-28.024872,9.56,False,False,True,0.004280671998363092,0.0006767868187336438,0.0014405495393076625,-0.0007637627205740184,0.006604828217701934,-0.0014412817478239946,0.32500000000000007,0.003603885179629448,0.0023096714392684793,497,0.825,True,0.9404888416578109,-0.11378716202429952
01309749,DES3_Deep,330,4,0.7892835350418792,43.28026502810957,0.1544595346846778,1.0,52.538422,-27.317421,9.12,False,False,True,0.01827751365330701,0.005220474111198203,0.009979642541160771,-0.0047591684299625675,0.011850636778398546,-0.01096209674597098,0.7750000000000002,0.013057039542108809,0.007678182094078171,497,1.0,False,0.9967274427302478,-0.01711774962273184
01316385,DES3_Deep,332,4,0.1477623141953492,39.00767776995346,0.1107332316347468,1.0,53.525982,-27.632116,9.8,False,False,True,8.342387910902636e-05,-0.000537946304629244,-0.00039120817864577237,-0.00014673812598347164,7.966355698444309e-05,0.0011741444056970348,0.125,0.0006213701837382704,0.0004688788689616797,497,1.0,False,0.9778270509977827,-0.2728346982921877
01316465,DES3_Deep,333,4,0.3290793407198824,41.10215686690937,0.1038570290236848,1.0,52.797485,-27.959307,9.32,False,False,True,0.0008622475520363852,-0.0026551664088400465,-0.0012446717631621903,-0.0014104946456778567,0.0040246852007609305,0.005842594219485514,0.32500000000000007,0.0035174139608764314,0.0022538302424219402,497,1.0,False,0.9128014842300557,-0.03690802229602265
01322979,DES3_Deep,336,4,0.5293829178592093,42.35815336856549,0.1165466779928711,1.0,52.069336,-28.063671,7.86,False,False,True,0.013034677614978724,0.005645730330705038,0.008486212002948667,-0.002840481672243629,0.016913634188300147,-0.012408399393463155,0.5250000000000001,0.007388947284273686,0.004498594932923911,497,1.0,False,0.9532163742690059,-0.008614186113321865
01325358,DES3_Deep,337,4,0.7792992563535928,43.033442061992574,0.2043562977995177,1.0,52.2841,-28.951557,8.22,False,False,True,0.006872569500689709,-0.0059402090830702,-0.0010698407090873443,-0.004870368373982855,0.007832404485856512,0.013651187355104701,0.7750000000000002,0.012812778583759909,0.007521044795220823,497,1.0,False,0.965792980897379,-0.2305056187429432
01329166,DES3_Deep,338,4,0.731618133049192,43.19663082013008,0.1637864487993304,1.0,52.303516,-28.911634,10.0,False,False,True,0.0026479877880423806,-0.009006453783326335,-0.004687935979812561,-0.0043185178035137755,0.005107671588364265,0.020270819238712406,0.7250000000000002,0.011654441571368716,0.007021578466236422,497,1.0,False,0.9665071770334929,0.062390799643774364
01329196,DES3_Deep,339,4,0.7693264109682705,43.193540598738096,0.1494461286802608,1.0,53.075779,-28.906466,9.42,False,False,True,0.006569317116887312,-0.006000547477942866,-0.003050184801546848,-0.002950362676396016,0.005553722271610178,0.013795180222866701,0.7750000000000002,0.012569864594830178,0.00739690884224918,497,1.0,False,0.9775993237531699,-0.0365938588377378
01333438,DES3_Deep,343,4,0.3994509001858017,41.73853243900928,0.1637051428937926,1.0,52.352478,-28.996702,10.68,False,False,True,0.0007964565144954602,-0.004098538660684528,-0.0021689642533349015,-0.001929574407349626,0.002452976920164546,0.009061627328249588,0.3750000000000001,0.004894995175179988,0.0030797207098983916,497,1.0,False,0.9648014440433214,0.10134154316132708
01334707,DES3_Deep,345,4,0.6488328487670945,42.94701323788881,0.133026332190905,1.0,51.776356,-28.627846,9.27,False,False,True,0.0030794599240157416,-0.006666835884894699,-0.003799215699673684,-0.002867620185221016,0.006343712418819232,0.014985988666511527,0.6250000000000002,0.00974629580891044,0.006013767449432581,497,1.0,False,0.7826262626262627,0.0722803499251464
01334879,DES3_Deep,346,4,0.6393497078996211,42.69893971908804,0.1336336586856739,1.0,52.408852,-28.216372,9.67,False,False,True,0.02087277424334886,0.01132286360394885,0.01508049216484195,-0.0037576285608930987,0.025484870410736382,-0.02527521744253932,0.6250000000000002,0.009549910639400009,0.00592146134108821,497,1.0,False,0.9413347685683531,-0.13742071472083717
01335717,DES3_Deep,347,4,0.3047936508275715,41.13230529979835,0.104870094686005,1.0,52.859905,-28.353096,10.0,False,False,True,0.0023457472755408822,-0.0007443382248420857,0.0001427001044107248,-0.0008870383292528104,0.005025521875182597,0.0016639565431588801,0.32500000000000007,0.003090085500382968,0.002037836967679132,497,1.0,False,0.9948207171314741,0.18418640298797107
01335718,DES3_Deep,348,4,0.6993249699981432,43.19867765593537,0.1359616642821748,1.0,52.309444,-28.385372,8.64,False,False,True,0.015280657228359862,0.004405950970074613,0.008160169716273313,-0.003754218746198699,0.0051306074491975365,-0.009172974342182658,0.6750000000000002,0.010874706258285249,0.0066028096867317195,497,1.0,False,0.924044734389562,0.1375688926153187
01343208,DES3_Deep,351,4,0.4992197631020045,42.11684968479518,0.1338366569082954,1.0,52.846481,-28.544226,10.38,False,False,True,0.010138825830224367,0.0033168804015671913,4.524732228348115e-05,0.0032716330792837097,0.007046351410799472,-0.0070773358515505876,0.4750000000000001,0.006821945428657176,0.004159340414235128,497,1.0,False,0.9782699540325951,-0.06314831182834257
01343759,DES3_Deep,352,4,0.5079943476444553,42.18976340764458,0.1224792532775169,1.0,51.978981,-28.564434,9.74,False,False,True,0.006040068082005957,-0.0009463402657701077,-0.002445581439515087,0.001499241173744979,0.00887064070945933,0.0022598026959385325,0.5250000000000001,0.006986408347776064,0.00425221648990026,497,1.0,False,0.9310344827586207,-0.07075090030298457
01346387,DES3_Deep,353,4,0.3444771283396386,41.37150974473536,0.1145797417235384,1.0,52.695011,-28.64933,10.81,False,False,True,0.008149165990189663,0.004329857798753905,0.004283893270740637,4.596452801326864e-05,0.004012082469876926,-0.009470499424614776,0.32500000000000007,0.0038193081914357574,0.002448786846464366,497,1.0,False,0.9986541049798116,0.11803298519046966
01253039,DES3_Shallow,355,4,0.4534672904015684,41.933549945787206,0.1249695627389272,1.0,54.418591,-27.527397,10.79,False,False,True,0.008164486641331863,0.0022160880785876847,0.004611152786619463,-0.0023950647080317783,0.0076686672993113245,-0.0046937530311686425,0.4750000000000001,0.005948398562744178,0.003658453476061927,497,1.0,False,0.8052120141342756,-0.00011203887010668989
01253920,DES3_Shallow,357,4,0.1955625959053246,39.727683032507535,0.1106006368681264,1.0,54.629311,-27.04277,9.23,False,False,True,0.0010227602051720555,-0.00022773660203480209,0.0002136110004819072,-0.0004413476025167093,0.0009822179251628965,0.000510423996338015,0.17500000000000004,0.0012504968072068576,0.0008801119197200991,497,1.0,False,0.0,-0.1454730326502551
01257366,DES3_Shallow,359,4,0.2113408050139094,40.14581267875838,0.1263045020466147,1.0,53.899559,-26.969273,10.96,False,False,True,0.0007161554067477092,-0.0007622568005017381,-0.0007658197161859865,3.5629156842485092e-06,0.0023386690440359943,0.0016746908612544444,0.22500000000000003,0.0014784122072494473,0.0010066541460097798,497,1.0,False,0.0,0.08233819750429376
01283373,DES3_Shallow,370,4,0.2075626168390045,40.152512736588726,0.1166453989278161,1.0,54.946724,-26.730389,10.23,False,False,True,0.00029891420083926466,-0.0011249222770993632,-0.0006421271793196421,-0.0004827950977797211,0.0016958134889297665,0.0024631091858317907,0.22500000000000003,0.0014238364779386278,0.0009763528399677854,497,1.0,False,0.0,0.1326196788558906
01289656,DES3_Shallow,376,4,0.5394309791313667,42.38170600422277,0.1708024752544061,1.0,54.301674,-27.355434,8.73,False,False,True,0.00427310717345985,-0.0033079565146252347,-0.0001986660307467308,-0.0031092904838785048,0.0032787825519357107,0.007517082351435771,0.5250000000000001,0.0075810636880850844,0.004650772696078097,497,1.0,False,0.691117984975696,-0.03358971717259084
01290779,DES3_Shallow,378,4,0.3895014109010326,41.6298176544404,0.1356819159592483,1.0,54.723251,-27.905073,2.0,False,False,True,0.003921144149475781,-0.0007796517783339252,0.0008431025226017545,-0.0016227543009356797,0.003689909115442273,0.0018222139733569485,0.3750000000000001,0.0047007959278097065,0.0029802402846351482,497,0.975,False,0.19313091090094575,0.056458684229868376
01290816,DES3_Shallow,379,4,0.2184506252983489,40.32252403212466,0.1157505104684414,1.0,54.172512,-27.84,8.86,False,False,True,0.0005216493258442115,-0.00105946386116835,-0.0009334940859082617,-0.00012596977526008825,0.0034767360472266946,0.002315246434217377,0.22500000000000003,0.0015811131870125616,0.001063675350451987,497,1.0,False,0.972457627118644,0.17896364703589457
01291794,DES3_Shallow,382,4,0.3951172942378953,41.43575457825725,0.1474885973212565,1.0,55.169327,-28.711853,10.94,False,False,True,0.023281920365159445,0.018471510738985585,0.004710354099661498,0.01376115663932409,0.0169779990515082,-0.040875430102965155,0.3750000000000001,0.004810409626173859,0.0030363909519297095,497,1.0,False,0.0,-0.1738174554537562
01292145,DES3_Shallow,384,4,0.4924532810580331,42.38863468797196,0.1959179086515605,1.0,53.630531,-29.648947,9.22,False,False,True,0.007138138622039704,0.0004430180457425754,0.0004657966937075403,-2.2778647964966613e-05,0.021545080766472362,-0.0012762480193691146,0.4750000000000001,0.006695120576297129,0.004087719439445693,497,1.0,False,0.0,0.24370045441455812
01295256,DES3_Shallow,392,4,0.4424566257593436,41.8567196690376,0.1356954043948885,1.0,53.719418,-27.832769,8.8,False,False,True,0.0014506795568321532,-0.004283161597376827,-0.0020851873650009176,-0.00219797423237591,0.0011681879831101306,0.0095268214774635,0.42500000000000016,0.005733841154208981,0.003533414678433192,497,0.85,True,0.9754366812227074,-0.038317687079894046
01299643,DES3_Shallow,399,4,0.3800038820377722,41.49021832263942,0.1195245696811738,1.0,55.102634,-26.72208,9.25,False,False,True,0.010373909970790286,0.005858491694469299,0.0075479933113308485,-0.0016895016168615496,0.007639008978965227,-0.012785273281684275,0.3750000000000001,0.004515418276320986,0.0028852788063898874,497,1.0,False,0.0,-0.020778536820051548
01299775,DES3_Shallow,400,4,0.159771595339577,39.181337920707456,0.1169229351762325,1.0,53.438889,-29.676743,10.78,False,False,True,0.00037882063037426904,-0.0003889751492020707,-0.00033521875250838105,-5.375639669368974e-05,0.0007841820387566155,0.0008522619480505511,0.17500000000000004,0.0007677957795763397,0.0005774829206790219,497,1.0,False,0.0,-0.20917714812347674
01299785,DES3_Shallow,401,4,0.3812885853915888,41.46337329001081,0.1337668561283289,1.0,53.911511,-28.319296,10.19,False,False,True,0.019657361346259013,0.015116867569350555,0.016522798443645688,-0.0014059308742951334,0.004845786068020627,-0.033126878176110944,0.3750000000000001,0.004540493776908457,0.002898123971836764,497,1.0,False,0.970325011775789,-0.05614324151882328
01302058,DES3_Shallow,403,4,0.198352591098686,39.521778520546704,0.1091188959048369,1.0,53.396389,-29.190622,9.66,True,False,True,0.00032813529994967937,-0.0009626628409659506,-0.0005912317105670395,-0.00037143113039891115,0.0012541741961790008,0.002106168919204517,0.17500000000000004,0.00129079814091563,0.0009024878560938518,497,1.0,False,0.29901079136690645,-0.38545264060246276
01303279,DES3_Shallow,407,4,0.1723823922539173,39.255996450342856,0.116576399266752,1.0,54.906788,-27.813025,10.62,False,False,True,0.0001539582008713631,-0.0007675972775577841,-0.00046207860751362555,-0.0003055186700441586,0.0005080499639570634,0.0016770397349836874,0.17500000000000004,0.0009215554784291472,0.0006915266859830089,497,1.0,False,0.0,-0.31514198308974195
01303496,DES3_Shallow,408,4,0.1797717401195735,39.66001044736799,0.1193103911164765,1.0,53.848209,-29.591787,10.64,False,False,True,0.0006420632057567066,-0.000380335520821588,-0.0005921269370657218,0.00021179141624413374,0.002501894891831759,0.0008306087968883262,0.17500000000000004,0.0010223987265782946,0.0007534682662866419,497,1.0,False,0.0,-0.011314100039211378
01304678,DES3_Shallow,412,4,0.2188637677342773,40.23591799925743,0.1426890472715426,1.0,54.870091,-27.643946,11.23,False,False,True,0.0005856908874763534,-0.0010013901202762664,-0.00040479304009407343,-0.0005965970801821926,0.0024750050999141817,0.0021954756130929385,0.22500000000000003,0.0015870810077526197,0.001066988778690726,497,1.0,False,0.0,0.08777863914596822
01306141,DES3_Shallow,414,4,0.3324344019641088,41.04354652099573,0.1162409394582424,1.0,54.897774,-28.910761,9.68,False,False,True,0.030466387668131333,0.026883193242046667,0.02790500514487073,-0.0010218119028240612,0.005875912053984817,-0.05934969347045341,0.32500000000000007,0.0035831944260846654,0.00229630980914161,497,1.0,False,0.0,-0.12086429899060158
01306360,DES3_Shallow,415,4,0.4494404970812411,41.87732386970976,0.190474746888421,1.0,53.676712,-26.486982,10.65,False,False,True,0.002683222616905083,-0.003186708535597302,-0.0012057807485465546,-0.001980927787050748,0.004835263444893608,0.007120209840582618,0.42500000000000016,0.005869931152502385,0.003612724593071317,497,1.0,False,0.0,-0.05768022286033194
01306537,DES3_Shallow,417,4,0.4794741368781541,42.10171142729047,0.1551771741620135,1.0,55.040997,-27.559187,9.67,False,False,True,0.014448770800226308,0.007996919626504406,-0.0029833957856356995,0.010980315412140104,0.018400342567260346,-0.01770674272250839,0.4750000000000001,0.006451851173721902,0.0039503394904478574,497,1.0,False,0.0,0.025318216034634244
01306626,DES3_Shallow,418,4,0.4094921716673501,41.64206615397406,0.13386064127832,1.0,54.877281,-27.238987,9.03,False,False,True,0.0029951118883607807,-0.00209587398629586,-8.098520394205075e-05,-0.002014888782353809,0.006308086272770118,0.004684606824086517,0.42500000000000016,0.005090985874656641,0.0031801188236686385,497,1.0,False,0.0,-0.056002097627915436
01308314,DES3_Shallow,423,4,0.4064730178756959,41.75650539652206,0.1222523441764457,1.0,53.415611,-28.940748,7.52,False,False,True,0.0012492665141340933,-0.0037827899645251142,-0.002023490486254298,-0.0017592994782708166,0.0017612380286937599,0.008391059214510803,0.42500000000000016,0.005032056478659208,0.00314993167591336,497,1.0,False,0.39345794392523364,0.07720883653246567
01309288,DES3_Shallow,427,4,0.2683535730194786,40.53590983119713,0.1342214544080509,1.0,54.644871,-29.194429,10.96,False,False,True,0.0005969927145164284,-0.0018610094358552359,-0.0008630557096064363,-0.0009979537262488,0.002242922263217154,0.004088999901472911,0.275,0.0024580021503716643,0.0017052171812131812,497,1.0,False,0.0,-0.10648509356900336
01319821,DES3_Shallow,442,4,0.3088129483107464,41.04011802031716,0.1154295634271948,1.0,53.357853,-29.471891,10.42,False,False,True,0.003772633479195188,0.0006134561785529104,-0.0014177936311579528,0.0020312498097108623,0.003321877218559039,-0.0012786596035256701,0.32500000000000007,0.0031591773006422776,0.0020705269330317227,497,1.0,False,0.0,0.05944604825660581
01324542,DES3_Shallow,444,4,0.5415361344767149,42.6058485927863,0.1771767302962148,1.0,53.895199,-29.047989,9.18,False,False,True,0.0034573255622686117,-0.004163988166442052,-0.0025092956582160836,-0.0016546925082259693,0.0046561505411035565,0.00938173473264212,0.5250000000000001,0.007621313728710664,0.004682655247634074,497,1.0,False,0.0,0.18049382590740307
01330426,DES3_Shallow,450,4,0.259537986367321,40.488310273290836,0.1086855533628016,1.0,53.970436,-28.692368,2.0,False,False,True,0.0005879101467261127,-0.00171102117513837,-0.0011704074076708388,-0.0005406137674675316,0.0013516304582335593,0.0037617159881839952,0.275,0.0022989313218644827,0.0015854458164714432,497,1.0,False,0.6348,-0.07201078312320862
01335868,DES3_Shallow,468,4,0.6194153602058086,42.850880430740304,0.1949888352082829,1.0,55.0891,-26.512669,2.0,False,False,True,0.0014877107536918652,-0.007654277907454784,-0.004487296814913031,-0.003166981092541754,0.008677197013918878,0.01705317052053871,0.6250000000000002,0.00914198866114665,0.005715627574276961,497,1.0,False,0.0,0.09698234389432744
01337687,DES3_Shallow,479,4,0.3195263794466887,41.07372936191573,0.1120442182961534,1.0,55.047089,-26.975626,8.4,False,False,True,0.002167227461831125,-0.0011761139240113586,0.00014499574374868523,-0.0013211096677600445,0.0036889189690888337,0.0026228390530345837,0.32500000000000007,0.0033433413858424835,0.002157661984395145,497,1.0,False,0.0,0.008166114665700703
01337703,DES3_Shallow,480,4,0.5334428191518148,42.06325051913487,0.1649651607455733,1.0,54.883587,-26.724333,10.58,False,False,True,0.07102938316597851,0.06356281159030784,-0.0014363805284786741,0.06499919211878652,0.011178064904426622,-0.14357414566483956,0.5250000000000001,0.007466571575670663,0.004560082087570097,497,1.0,False,0.0,-0.32322837950925465
01339392,DES3_Shallow,492,4,0.1804691802116129,39.3911592450236,0.1287090573128891,1.0,54.124462,-28.569849,10.29,False,False,True,0.00026849594582435763,-0.0007639772661717032,-0.0005036439695461931,-0.00026033329662551003,0.0001694955719678395,0.001671843761206091,0.17500000000000004,0.0010324732119960608,0.0007590617795518659,497,1.0,False,0.9484657749803305,-0.28942206922368663
01339450,DES3_Shallow,493,4,0.5505268182766645,42.25158208347593,0.2448011981345002,1.0,53.621021,-29.169039,11.04,False,False,True,0.005316907627571536,-0.002476305713678101,-0.002505622610089087,2.9316896410987257e-05,0.014946764033722519,0.005545957497607286,0.5750000000000002,0.007793213341249636,0.004818819042105954,497,1.0,False,0.0,-0.18748604216651715
01340454,DES3_Shallow,494,4,0.4209903175925114,41.62606641329411,0.1367131237408723,1.0,54.753906,-27.843153,9.91,False,False,True,0.011567952854965195,0.006252540256392363,0.007947104226672906,-0.0016945639702805437,0.018482081739462274,-0.013895351846351042,0.42500000000000016,0.005315412598572832,0.003295083563429189,497,1.0,False,0.09913793103448276,-0.1423315132464018
01343337,DES3_Shallow,498,4,0.3389225911319462,41.22382665995438,0.1433222694133697,1.0,54.559166,-28.709869,9.83,False,False,True,0.0011034995659138687,-0.0026069044908604974,-0.0014911537996895336,-0.0011157506911709642,0.006785795009736982,0.0057166760204342155,0.32500000000000007,0.003710404056774366,0.0023784589696433096,497,1.0,False,0.37557125051931867,0.011065744665574513
01346137,DES3_Shallow,506,4,0.3634669357908606,41.396047496196296,0.1446714991744124,1.0,53.259174,-26.85409,10.09,False,False,True,0.00036902376263461367,-0.003822605014753423,-0.0023489602749769698,-0.0014736447397764535,0.002731726890570589,0.00842491033797611,0.3750000000000001,0.004191628777388037,0.0026892232301536484,497,1.0,False,0.0904997748761819,-0.0028273819013887092
01346956,DES3_Shallow,507,4,0.3335205606363138,41.10852338950357,0.1324749112027086,1.0,54.343502,-28.826429,2.0,False,False,True,0.0005303120728715573,-0.0030741779474054813,-0.0020231694491360404,-0.0010510084982694409,0.001166652470470061,0.006774710897818069,0.32500000000000007,0.0036044900202770384,0.002310062031955271,497,1.0,False,0.12095323741007194,-0.06404209485648006
01346966,DES3_Shallow,508,4,0.3355455552140733,41.114794718946385,0.1240697439915537,1.0,55.340694,-29.14934,9.56,False,False,True,0.0063463877336889345,0.0027021949850046583,-0.001987241132046414,0.004689436117051072,0.007192136179755333,-0.005869485331061165,0.32500000000000007,0.003644192748684276,0.0023357011741381253,497,1.0,False,0.0,-0.07290854730698494
GSD10Pri,MCT,978,4,1.55,45.458824160060374,0.3527394178013773,1.0,53.158375,-27.777527777777777,10.0,False,False,True,0.030696854000398736,0.002940663216065502,-0.007885542830422154,0.010826206046487652,0.03502855602030663,-0.005586813377494199,1.5250000000000004,0.027756190784333234,0.016102659197498127,497,1.0,False,0.9986282578875172,0.05337863676076973
GSD11Was,MCT,979,4,1.33,44.97173106474715,0.3398202512390096,1.0,53.086875,-27.82819444444445,10.0,False,False,True,0.010903608804827922,-0.013601505601700897,-0.00996672553363968,-0.003634780068061217,0.006527670513807281,0.031973295256450485,1.3250000000000006,0.02450511440652882,0.014099851741455687,497,1.0,False,0.9784644194756554,0.1646733373860212
psc000006,Pan-STARRS,990,4,0.2301334403896844,40.32972921099089,0.1566766792195965,1.0,53.36645,-28.3715222,10.79,False,False,True,0.0001606967306899906,-0.0016076510151630888,-0.001080282522023185,-0.0005273684931399035,0.0012182650895083181,0.0035202784281946967,0.22500000000000003,0.0017683477458530794,0.0011859463004079529,497,1.0,False,0.9954841946813848,0.05967947425871671
psc090275,Pan-STARRS,1062,4,0.1391794193022071,39.03098315940172,0.1448681616699766,1.0,54.0720875,-28.0515111,11.03,False,False,True,0.0006373468858078418,0.00012062538866876131,-0.0003394726976415326,0.0004600980863102938,6.61050169289523e-05,-0.00026870478031929814,0.125,0.0005167214971390805,0.0003912608042611673,497,1.0,False,0.9645075421472937,-0.10857657154803631
psc091748,Pan-STARRS,1064,4,0.1440300514103478,39.06468835786129,0.144434288373402,1.0,52.1228917,-26.8284944,8.15,False,False,True,0.002314279119446362,0.001738415306618623,0.0018905074157066454,-0.00015209210908802235,0.0005805354365548699,-0.003801197072315779,0.125,0.0005758638128277391,0.00043512673545285376,497,1.0,False,0.024934383202099737,-0.15550068786158416
psc100116,Pan-STARRS,1069,4,0.447261071198952,41.700070541726824,0.1884796216568238,1.0,54.0300708,-27.6675861,10.19,False,False,True,0.05119487578861324,0.04536741364089784,-0.00057351288459007,0.04594092652548791,0.004267500401129166,-0.10125600665302736,0.42500000000000016,0.005827462147715403,0.0035879746982468647,497,1.0,False,0.9732758620689655,-0.2225239269240098
psc100206,Pan-STARRS,1071,4,0.2161201877661951,39.87473247664,0.1469986261072775,1.0,52.518175,-28.2566917,11.18,False,False,True,0.00020161936835084038,-0.0013458307711789676,-0.000774096300441776,-0.0005717344707371916,0.000628848555162212,0.0029483079294179717,0.22500000000000003,0.001547450139529808,0.0010449850953337858,497,1.0,False,0.91921726041144,-0.2428475161372799
psc100213,Pan-STARRS,1072,4,0.2747001874794061,40.876867528167395,0.1647028203966632,1.0,53.06715,-27.1943083,9.41,False,False,True,0.0008498898371800637,-0.0017226323400702708,-0.0007480580776588854,-0.0009745742624113856,0.0024340934355477173,0.003790235976653131,0.275,0.0025725221772503345,0.0017914443043019355,497,1.0,False,0.9758871701546861,0.1769161969453306
psc100405,Pan-STARRS,1074,4,0.1025792967723935,38.227531380990094,0.1480940021780726,1.0,53.62855,-27.3205778,11.06,False,False,True,2.7616594466754446e-05,-0.0003162194572381983,-0.0002549345889543586,-6.128486828383965e-05,0.0002814289246125702,0.0006888122074836872,0.125,0.00034383605170495274,0.0002630314482552132,497,1.0,False,0.8061855670103093,-0.20092248449584243
psc110460,Pan-STARRS,1080,4,0.1991509364362178,39.92121227150528,0.1562086252920596,1.0,53.8447583,-27.8402778,9.39,False,False,True,0.00013846690494539245,-0.001163863292347707,-0.0007784121782159863,-0.0003854511141317205,0.0011808080912679428,0.002545461678578167,0.17500000000000004,0.0013023301972930994,0.000908890635754333,497,0.925,False,0.9819186338523355,0.004312660202064029
psc110478,Pan-STARRS,1081,4,0.2642185782577821,40.56506133559871,0.1607395687299425,1.0,53.5803042,-27.5689028,9.47,False,False,True,0.0007400862307891084,-0.001643302956365306,-0.0007432293663817017,-0.0009000735899836047,0.0009070334759386986,0.003617968012080177,0.275,0.0023833891871544144,0.0016490378269228899,497,1.0,False,0.979520697167756,-0.03915222040979403
psc110536,Pan-STARRS,1082,4,0.2343409051533131,40.18021783854085,0.17977305657941,1.0,54.3325167,-26.9017472,10.58,False,False,True,0.0005619861695576678,-0.0012822822078170115,-0.0006237617705298055,-0.000658520437287206,0.000695022000663398,0.0028172475580523918,0.22500000000000003,0.0018442683773746793,0.001243110255199237,497,1.0,False,0.0,-0.13393123801516366
psc110567,Pan-STARRS,1084,4,0.2140107839241873,40.10999853845785,0.1644135491349021,1.0,52.7131458,-26.4599833,11.4,False,False,True,0.02026673615685182,0.018749756244785344,0.019223153613003502,-0.00047339736821815884,0.005760829685791139,-0.04129391782977413,0.22500000000000003,0.0015169799120664767,0.0010280675442685993,497,1.0,False,0.0,0.016159940333638476
psc120444,Pan-STARRS,1097,4,0.2990661746687537,41.08091705228009,0.1620260166106746,1.0,51.6820042,-27.9362361,8.93,False,False,True,0.0002576483287532217,-0.0027339817474140663,-0.0015654116800817022,-0.0011685700673323644,0.0014106771853688329,0.006008050794716216,0.275,0.002991630076167288,0.0019912539521214864,497,1.0,False,0.46494798733604703,0.17086001038759505
psc310146,Pan-STARRS,1143,4,0.4790204868660583,41.94879405787805,0.184320725617812,1.0,52.486575,-28.7419306,8.44,False,False,True,0.006209016697003725,-0.00023433166899131108,0.0015091252786224437,-0.0017434569476137553,0.006737781827585938,0.0006970601461117332,0.4750000000000001,0.006443348365995036,0.0039455377550898976,497,1.0,False,0.9845882870981947,-0.12517217158154625
psc340125,Pan-STARRS,1158,4,0.3184776953977515,41.097179923849325,0.2048596686844095,1.0,53.036225,-26.6502111,11.29,False,False,True,0.005050939165111207,0.0017256246780358825,-0.0013396338925869696,0.003065258570622852,0.005386214847317603,-0.0037184445441490986,0.32500000000000007,0.0033253144870753243,0.0021491327711759007,497,1.0,False,0.0,0.039808944152350464
psc340309,Pan-STARRS,1160,4,0.1497549825474826,40.06605278354955,0.1622935642663052,1.0,53.1839292,-27.6614528,10.79,True,False,True,0.0009756938041422874,0.000330027607406683,0.0003862745147910336,-5.624690738435071e-05,0.0013632904818687704,-0.0007192725835861249,0.125,0.0006456661967356044,0.0004868992528773834,497,1.0,False,0.9737193763919821,0.7539158501759914
psc440005,Pan-STARRS,1213,4,0.3051010216655478,41.02028282118922,0.1574694728602563,1.0,52.9892542,-28.8835583,11.39,False,False,True,0.0035118851859753915,0.000416515975035568,0.0013426886477301602,-0.0009261726726945928,0.0029416094759874838,-0.0008465089453877916,0.32500000000000007,0.0030953692109398235,0.0020403368926251966,497,1.0,False,0.9816082121471343,0.06966047761379689
psc440008,Pan-STARRS,1214,4,0.146155483451543,39.31811432606319,0.1426863023741643,1.0,52.6734792,-28.8632111,10.06,False,False,True,0.0032131467697097,0.002611368195681211,-0.0003543573380388192,0.0029657255337200306,0.00023660908334777818,-0.0056918094483132675,0.125,0.0006017785740284889,0.0004543477469814753,497,1.0,False,0.9829931972789115,0.06339539659235388
psc440643,Pan-STARRS,1221,4,0.1891416132556196,39.75733071328312,0.1443767201308193,1.0,53.6036458,-26.7739111,8.87,False,False,True,0.00019498037822164954,-0.0009627656725969057,-0.0005602328442431163,-0.0004025328283537893,0.0008301683698361422,0.002105887595217401,0.17500000000000004,0.0011577460508185552,0.0008286152362961865,497,1.0,False,0.0,-0.0356533992943506
psc450175,Pan-STARRS,1223,4,0.5190189298887546,42.23163395931458,0.240368900208578,1.0,53.2864458,-28.0844417,10.0,False,False,True,0.001980206640275548,-0.0052128365594632416,-0.0040723455701292014,-0.0011404909893340403,0.002492429186787919,0.011651440267135035,0.5250000000000001,0.007193043199738789,0.004368908047175064,497,0.775,True,0.9550200803212852,-0.08416230150579383
psc460037,Pan-STARRS,1229,4,0.3025297307182721,40.97377508680813,0.1794038312071464,1.0,54.7269667,-27.5410972,9.65,False,False,True,0.0011651716543040458,-0.0018859970162972178,-0.0006764434854001145,-0.0012095535308971038,0.0031302225723381562,0.004161955977449492,0.32500000000000007,0.0030511686706012637,0.002019423931509545,497,1.0,False,0.10998680158380994,0.044167491888524965
psc460064,Pan-STARRS,1230,4,0.2419248922212022,40.15391333701153,0.155052334584977,1.0,53.7742125,-26.7649389,9.38,False,False,True,0.00033455457978649327,-0.0016465613102811282,-0.0009029416152536681,-0.0007436196950274605,0.0013791641486329777,0.0036113973544636847,0.22500000000000003,0.0019811158900676215,0.0013461487161827105,497,1.0,False,0.0,-0.2379035495466138
psc470008,Pan-STARRS,1232,4,0.239129293909984,39.97644536676489,0.1475100945945809,1.0,53.0827583,-29.0137861,10.27,False,False,True,0.0012250475222344995,-0.0007056238362227478,-0.00022602420264048752,-0.00047959963358226016,0.0011074249982187376,0.0015664888677715044,0.22500000000000003,0.0019306713584572473,0.0013081668281682182,497,1.0,False,0.9628406275805119,-0.3870077401387403
psc470015,Pan-STARRS,1233,4,0.337113044100769,41.21112320201292,0.1773889440341904,1.0,54.14855,-28.6251167,11.56,False,False,True,0.0020053808682702805,-0.0016695445975448728,-0.0012504567213480612,-0.00041908787619681157,0.0015358486110310606,0.0037168610000092653,0.32500000000000007,0.0036749254658151533,0.0023555476818164322,497,1.0,False,0.8061104582843713,0.0117602285680599
psc470110,Pan-STARRS,1235,4,0.3454622500799968,41.22601669329027,0.192058422857471,1.0,52.0705667,-28.6233278,10.57,False,False,True,0.005998677206131479,0.002160054384752969,0.00021382197914393943,0.0019462324056090286,0.01141131560135326,-0.004757796569117394,0.32500000000000007,0.00383862282137851,0.0024612598064642933,497,1.0,False,0.9312883435582822,-0.03461760650111269
psc550096,Pan-STARRS,1275,4,0.2231079787494418,39.99478551761165,0.1588014776484161,1.0,52.7766292,-26.397925,10.18,False,False,True,0.0006954364070139587,-0.0009529520054465927,-0.0006100386703156263,-0.0003429133351309665,0.002219075156897355,0.0020924569188795848,0.22500000000000003,0.0016483884124605514,0.0011010276171296138,497,1.0,False,0.0,-0.19993486525337373
psc580275,Pan-STARRS,1293,4,0.3820963378794373,41.364148146262714,0.1981414488543013,1.0,54.1391333,-28.6139278,11.33,False,False,True,0.008865608595568392,0.00430934869029777,0.00043959897911788033,0.0038697497111798897,0.005977915842056676,-0.009363818779634556,0.3750000000000001,0.004556259905270622,0.0029062003221597523,497,1.0,False,0.8395110410094637,-0.16071145538979265
psc580276,Pan-STARRS,1294,4,0.3380998787709233,41.15527065374757,0.1690705048752085,1.0,53.5213875,-28.8077,10.57,False,False,True,0.0028083108164701936,-0.0008859628635684916,0.0002620914323883186,-0.0011480542959568106,0.005911006848169465,0.001975257597697089,0.32500000000000007,0.003694273680038685,0.0023680423298006502,497,1.0,False,0.25992961287078936,-0.051407111841432665
2002fw,Riess07,1303,4,1.2991107967805655,44.71600079409968,0.2737364319885295,1.0,53.156333333333336,-27.779611111111112,10.0,False,False,True,0.03444745520578841,0.010479806996689572,-0.006327218706255444,0.016807025702945018,0.036719957602264715,-0.023223800194935612,1.2750000000000004,0.023967648209098837,0.013729211436584612,497,1.0,False,0.9986276303751144,0.00017667699546288027
2002hp,Riess07,1304,4,1.3041066404005537,44.40410462443374,0.3047808275956084,1.0,53.103291666666664,-27.771611111111103,10.0,False,False,True,0.013055848146590573,-0.010999579133859483,-0.007752947702284462,-0.003246631431575021,0.03182865256036758,0.025159070592600283,1.3250000000000006,0.024055427280450056,0.013789801486717435,497,1.0,False,0.998223011994669,-0.3510055309909806
2002hr,Riess07,1305,4,0.5254075836775041,43.18788760544142,0.2895936114170507,1.0,53.09404166666666,-27.697833333333328,10.0,False,False,True,0.0020421739044039966,-0.005270765990359239,-0.002905450626171106,-0.0023653153641881334,0.005571281151911125,0.011759414677096128,0.5250000000000001,0.007312939894763236,0.004438388546121855,497,1.0,False,0.9965171963430561,0.8405592352754264
2002kd,Riess07,1306,4,0.7343269044704723,43.08622044204131,0.2628969860888064,1.0,53.09308333333333,-27.740805555555557,10.0,False,False,True,0.01457584603840026,0.002855645120246846,0.006964659279280512,-0.004109014159033666,0.021977749752763447,-0.006303846437515255,0.7250000000000002,0.011720200918153414,0.007048540296693479,497,1.0,False,0.997845756139595,-0.05770308359575227
2003aj,Riess07,1308,4,1.3061113065045324,44.98348125800917,0.3243302282534798,1.0,53.18470833333333,-27.918444444444447,10.0,False,False,True,0.011205287555833237,-0.012885362550301852,-0.004669184178121427,-0.008216178372180426,0.022536638618609838,0.02981742129811091,1.3250000000000006,0.02409065010613509,0.013814114261291418,497,0.9,False,0.969173859432799,0.22431236496963544
2003ak,Riess07,1309,4,1.5500177046042452,45.319364048249064,0.3210327752492438,1.0,53.19541666666667,-27.913722222222223,10.0,False,False,True,0.01611196044424605,-0.01164445765898229,-0.002361552117072457,-0.00928290554190983,0.009202752181737333,0.028205238955393785,1.5750000000000006,0.02775641810322834,0.016102843253619693,497,0.875,True,0.9652389819987586,0.0
HST04Greenberg,Riess07,1318,4,1.1391702414290372,44.14772538785789,0.3031619221407596,1.0,53.08954166666667,-27.78286111111111,10.0,False,False,True,0.05954668303636849,0.03862773595891886,0.022839805076163584,0.015787930882755277,0.07036916126281095,-0.09229056127945398,1.1250000000000004,0.020918947077449627,0.012101117406079664,497,1.0,False,0.9968581687612208,-0.270375449391354
HST04McGuire,Riess07,1320,4,1.369079854003076,44.79455432894409,0.2923192494928455,1.0,53.04175,-27.83055,10.0,False,False,True,0.035308783248902555,0.010158210186927787,-0.013186604333514684,0.023344814520442465,0.036192915945944815,-0.022219558554631882,1.3750000000000004,0.025150573061974768,0.014542655180712434,497,1.0,False,0.9752520623281393,0.11033756537796303
HST04Ombo,Riess07,1321,4,0.9742343500931072,44.003896143008,0.2671143905323763,1.0,53.10558333333334,-27.75083611111111,10.0,False,False,True,0.007904504935160735,-0.009444500494173518,-0.004051053908496936,-0.00539344658567658,0.006018947236021199,0.02184551949017015,0.9750000000000003,0.017349005429334253,0.010289387426370982,497,1.0,False,0.9978146853146853,0.022504080411297298
HST04Rakke,Riess07,1323,4,0.7393243906226654,43.1950127991304,0.2600079037550692,1.0,53.07562500000001,-27.73626388888889,10.0,False,False,True,0.005185227664983815,-0.006656294462612386,-0.0024683144863947527,-0.004187979976217632,0.00810273330244278,0.01511633629014187,0.7250000000000002,0.011841522127596201,0.007098282911846747,497,1.0,False,0.995697074010327,0.033313866904430944
HST05Zwicky,Riess07,1332,4,0.5204124610194887,42.328324743356944,0.260837573067271,1.0,53.19020833333334,-27.740083333333335,10.0,False,False,True,0.0059750495902529885,-0.0012441127033910211,0.0006209382647856861,-0.0018650509681767064,0.01106949329735206,0.0028740277639562432,0.5250000000000001,0.00721916229364401,0.004383658113359237,497,1.0,False,0.9981735159817352,0.005619491003462937
SCP05P9,SuzukiRubin,1970,4,0.8203473065921025,44.02397056239826,0.2681318726447332,1.0,54.43547083333333,-28.731827777777777,10.0,False,True,True,0.008388627303454828,-0.005428373658570138,-0.003923205802170394,-0.0015051678563997454,0.027836090769215165,0.011845417454572838,0.8250000000000003,0.013817000962024966,0.0081670784186019,497,1.0,False,0.4779474130619169,0.547453401934173
psc020090,Pan-STARRS,1011,32,0.4103581104014375,41.622993466111225,0.2378173302062773,1.0,212.8794125,53.5795778,11.32,False,False,True,0.002073107552059589,-0.0015145497647084012,-0.001159651351468863,-0.0003548984132395385,0.00104401626296271,0.0033749136245776043,0.42500000000000016,0.00358765731676799,0.003133066787119545,500,1.0,False,0.0,-0.08043501806412003
psc040137,Pan-STARRS,1019,32,0.4479672620584063,41.85133298276526,0.1794803800361203,1.0,214.4604333,52.80105,8.71,False,False,True,0.002310135228563085,-0.0018458869471789942,-0.000704594751684608,-0.001141292195494386,0.002453250626631466,0.004110650020479594,0.42500000000000016,0.004156022175742079,0.003631973699221252,500,1.0,False,0.0,-0.07528870133228828
psc040166,Pan-STARRS,1021,32,0.4404445626223208,42.646289811690295,0.2602838745978421,1.0,214.1196167,54.0535611,8.8,False,False,True,0.003586341261385201,-0.00045320294325222827,0.0008020512910496594,-0.0012552542343018877,0.006412167581445573,0.0010328380303133607,0.42500000000000016,0.004039544204637429,0.003558218489209474,500,1.0,False,0.0,0.7628762267004796
psc050005,Pan-STARRS,1026,32,0.5289105650523511,42.05048717903786,0.1938020038836661,1.0,211.812175,53.9976111,9.63,False,False,True,0.01260636292274841,0.007104761946935682,0.0025690858114849058,0.0045356761354507745,0.005753924546674613,-0.015456156124933049,0.5250000000000001,0.005501600975812728,0.004827529652308669,500,1.0,False,0.0,-0.3139778031661412
psc050251,Pan-STARRS,1029,32,0.3880235378809558,41.62379053546906,0.20130623449216,1.0,214.3273667,53.9783194,11.4,False,False,True,0.0014003825995916083,-0.0018627475448038013,-0.000831097774691513,-0.001031649770112288,0.0036615495884260323,0.004107389725533908,0.3750000000000001,0.0032631301443954096,0.0027155255946157775,500,1.0,False,0.0,0.06004202824037635
psc050607,Pan-STARRS,1036,32,0.4396657297539632,41.79837990388428,0.1773209565601138,1.0,213.5139167,53.3621889,9.46,False,False,True,0.0028589423912184792,-0.0011685427283648865,-0.0008103991741845225,-0.0003581435541803637,0.002912248060856629,0.0026297651160509536,0.42500000000000016,0.004027485119583366,0.003550582535884761,500,1.0,False,0.0,-0.08052102270779705
psc150573,Pan-STARRS,1110,32,0.3236987329007119,41.07229510240536,0.1722898188238272,1.0,214.7338417,53.7317444,9.62,False,False,True,0.0004839908911572561,-0.0018746548258668262,-0.0010846224763984532,-0.0007900323494683736,0.002076966943878057,0.004112518689400619,0.32500000000000007,0.0023586457170240824,0.0019389218658161153,500,1.0,False,0.0,-0.02561767703146724
psc160099,Pan-STARRS,1118,32,0.1008087555191605,38.38015596831988,0.1448460843275661,1.0,214.6671125,54.1830528,8.44,False,False,True,0.0036849983539770704,0.0033241898974080077,0.0034325247452414906,-0.00010833484783348309,0.0034019442940099193,-0.007242741426316773,0.125,0.0003608084565690628,0.0002374103906728858,500,1.0,False,0.0,-0.008075955194870213
psc160214,Pan-STARRS,1123,32,0.630615384567361,42.382892031767014,0.2397058528284308,1.0,213.8220333,54.2989278,11.09,False,False,True,0.08758903091380653,0.08028939333307641,-0.003605360977430753,0.08389475431050716,0.006620874720983169,-0.18296074304661356,0.6250000000000002,0.007299637580730112,0.0060970507908537155,500,1.0,False,0.0,-0.4176429028790642
psc380378,Pan-STARRS,1196,32,0.2716978248227284,40.65442801054353,0.144932150821797,1.0,213.5244875,53.4648083,10.36,False,False,True,0.0021204206047773016,0.0004901332702500574,0.000407550970299399,8.258229995065816e-05,0.00011020559557576372,-0.0010424735812522364,0.275,0.0016302873345272442,0.001330268239764489,500,1.0,False,0.0,-0.018450525208291584
psc390471,Pan-STARRS,1200,32,0.3709324211422147,41.18903279745141,0.1538168068338594,1.0,214.5198292,53.013975,10.59,False,False,True,0.0016734487395999192,-0.001343764113487075,-0.0005157379976518908,-0.0008280261158351839,0.004453874071675162,0.002963656524602916,0.3750000000000001,0.0030172128530869943,0.002429947618486388,500,1.0,False,0.0,-0.2610328799951472
psc390627,Pan-STARRS,1201,32,0.1610569245512956,39.47120929774649,0.1491675376496665,1.0,212.6273292,53.8999583,11.25,False,False,True,0.0038453533357512056,0.003264939065713608,0.003446593384121433,-0.00018165431840782526,0.0022508781607798664,-0.007109430246685543,0.17500000000000004,0.0005804142700375977,0.0003921200637754218,500,1.0,False,0.0,0.061686282875885984
psc500057,Pan-STARRS,1247,32,0.380921559730123,41.55135015431276,0.156509619699724,1.0,214.4735375,53.8416889,8.82,False,False,True,0.0010999458011953455,-0.002059990745676402,-0.001050041352253853,-0.001009949393422549,0.004752681715773493,0.00452163752469186,0.3750000000000001,0.0031599365468717474,0.0025827552707819515,500,1.0,False,0.0,0.034264875810380895
psc500065,Pan-STARRS,1248,32,0.2854849326169302,40.69134998336104,0.1567930678287794,1.0,214.087625,54.1348972,10.02,False,False,True,0.0006648836769416293,-0.0011505709657271515,-0.0005590795607597275,-0.000591491404967424,0.0006479241031273896,0.0025293081553430545,0.275,0.0018154546426687808,0.001481925702695723,500,1.0,False,0.0,-0.10364152905203115
psc500301,Pan-STARRS,1250,32,0.3259087245358594,41.265304072114745,0.1594551346460189,1.0,215.5477167,52.6318472,10.14,False,False,True,0.003638480255470552,0.00124867452784054,0.002048868987255321,-0.0008001944594147814,0.006198983811656161,-0.0027205492663671975,0.32500000000000007,0.0023898057276300123,0.001963890181859651,500,1.0,False,0.0,0.15041266554006916
psc520022,Pan-STARRS,1261,32,0.1198125486234253,38.766177405002594,0.1448533598346527,1.0,216.00665,53.4641194,10.4,False,False,True,2.5915057162510167e-05,-0.0003348933994065526,-0.0002265585515730696,-0.00010833484783348309,0.0001096181110599756,0.0007302816488243217,0.125,0.0003608084565690628,0.0002374103906728858,500,1.0,False,0.0,-0.022664639783245358
psc520071,Pan-STARRS,1264,32,0.4115238242348478,41.814231502794605,0.1665581275664258,1.0,215.5039875,53.6193278,10.64,False,False,True,0.0006033964888479577,-0.0030011989543966113,-0.001858845302422956,-0.0011423536519736554,0.00326478329379879,0.006599805072636635,0.42500000000000016,0.003604595443244569,0.003154859617211722,500,1.0,False,0.0,0.10360375718592472
psc520188,Pan-STARRS,1266,32,0.2808932064368523,40.71919687434615,0.1462809506426352,1.0,215.5240292,52.5446417,9.49,False,False,True,0.0020258123937220308,0.00027562696422701676,0.0008660258287291444,-0.0005903988645021274,0.0018545712610057346,-0.0005768133395265837,0.275,0.001750185429495014,0.0014270135706698052,500,1.0,False,0.0,-0.035743506775330204
03D3aw,SNLS,1740,32,0.4495611717644385,41.93991574324909,0.175352689241809,1.0,215.223049,52.605624,10.73,False,False,True,0.00027807110521375737,-0.003902630425360985,-0.0025949982096212542,-0.0013076322157397307,0.0006806094823262644,0.008591861955627274,0.42500000000000016,0.004180701530574742,0.0036476009545844392,500,1.0,False,0.0,0.004226173859395813
03D3ay,SNLS,1741,32,0.3714426734534983,41.55264837075,0.1543552950096846,1.0,214.49358,52.482613,10.22,False,False,True,0.0009979245986382298,-0.0020263986420892815,-0.001644820884912081,-0.00038157775717720095,0.003162587730308273,0.004458839605919046,0.3750000000000001,0.0030243232407275115,0.002435229434555576,500,1.0,False,0.0,0.09911890184779708
03D3ba,SNLS,1742,32,0.2917178702150058,40.82687974545352,0.1367452470090205,1.0,214.139297,52.34219,10.23,False,False,True,0.0009110579525390624,-0.0009929949463917407,-0.001151343689848273,0.00015834874345653223,0.003547128439613668,0.0021722042529930315,0.275,0.001904052898930803,0.0015564649672058345,500,1.0,False,0.0,-0.02153482743414246
03D3bl,SNLS,1743,32,0.3558191614594292,41.4915873486101,0.1363930185824709,1.0,214.982501,53.097401,10.86,False,False,True,0.020399429645271923,0.01759282070809091,0.00419302373013519,0.01339979697795572,0.005621885230793658,-0.038665361319273665,0.3750000000000001,0.002806608937181011,0.0022735045096849,500,1.0,False,0.0,0.1461749165292136
04D3co,SNLS,1796,32,0.6206314197230385,42.85044143162209,0.1590306577746593,1.0,214.458245,52.963611,9.56,False,False,True,0.01378520638221822,0.006664518075315673,0.008112472678788242,-0.0014479546034725699,0.013651991157601987,-0.014606184498458366,0.6250000000000002,0.007120688306902547,0.005975265669694952,500,1.0,False,0.0,0.09144101739652175
04D3cy,SNLS,1797,32,0.6436456350779776,42.914655189356466,0.1708194167495912,1.0,214.55181,52.658332,10.02,False,False,True,0.00897696556778961,0.0014404242135292872,0.003389749150750322,-0.0019493249372210357,0.015332324332351327,-0.0031788260837916395,0.6250000000000002,0.007536541354260323,0.006231721971075708,500,1.0,False,0.0,0.06084498431170235
04D3dd,SNLS,1798,32,1.0027936080497049,44.22135833315823,0.2940382044834255,1.0,214.451686,52.470678,9.54,False,False,True,0.007985876912969165,-0.006148144113846173,-0.002565014851299811,-0.0035831292625463614,0.0026202574013876453,0.01417152206501954,1.0250000000000004,0.014134021026815338,0.009938242239570492,500,1.0,False,0.0,0.11557538629626372
04D3df,SNLS,1799,32,0.470585236280814,42.02021416889933,0.1366097492770709,1.0,214.541671,52.277686,10.0,False,False,True,0.0019068278644567983,-0.002599400480002581,-0.0014375389106289474,-0.0011618615693736324,0.0014600206999641192,0.005771172209947794,0.4750000000000001,0.0045062283444593796,0.0038537283303862993,500,1.0,False,0.0,-0.0082277567405028
04D3do,SNLS,1800,32,0.6106427168341064,42.74458124491526,0.144475572988215,1.0,214.442008,52.267553,10.53,False,False,True,0.0021771438141090656,-0.004767815085370691,-0.0026487026939053457,-0.002119112391465346,0.004358652545293924,0.010598818206207061,0.6250000000000002,0.0069449588994797565,0.005829505321837648,500,1.0,False,0.0,0.027776032704958625
04D3ez,SNLS,1801,32,0.2634866056315683,40.49175753985633,0.1235436215695568,1.0,214.782644,53.071948,10.31,False,False,True,0.008860504700363992,0.007320055961072165,0.007788124036234924,-0.00046806807516276043,0.00439768515442244,-0.015983818498490916,0.275,0.0015404487392918277,0.001264947782123481,500,1.0,False,0.0,-0.1056396228865326
04D3fk,SNLS,1802,32,0.3583351731725854,41.31150671336214,0.1261828925588356,1.0,214.609102,52.528468,10.21,False,False,True,0.0007756082065181549,-0.002066061460801674,-0.0015031764072165243,-0.0005628850535851497,0.001960990775467619,0.004546111261380258,0.3750000000000001,0.002841669667319829,0.0022995487054738107,500,1.0,False,0.0,-0.05161079425613308
04D3fq,SNLS,1803,32,0.7426961303742841,43.084908945651904,0.1917035269300766,1.0,214.241188,52.379472,9.35,False,False,True,0.005736989553091121,-0.003577499580978168,-0.0009313751350004101,-0.002646124445977757,0.004579808913866815,0.00816687074151485,0.7250000000000002,0.009314489134069289,0.007373587224392559,500,1.0,False,0.0,-0.0887175315237677
04D3gt,SNLS,1804,32,0.4515554189747341,41.724166545698985,0.1339462402326506,1.0,215.635796,52.646921,10.0,False,False,True,0.00391980370764854,-0.000291775817043859,0.0007730384678692826,-0.0010648142849131407,0.007849167891598516,0.0006698657610143717,0.4750000000000001,0.004211579524692399,0.0036671532606496263,500,1.0,False,0.0,-0.19870280030061582
04D3gx,SNLS,1805,32,0.9107508687193392,43.87783986647376,0.214747868423994,1.0,215.056948,52.282777,10.0,False,False,True,0.026229538452719983,0.013810057182160856,0.0177665128704378,-0.003956455688276941,0.013555335306241933,-0.03021674378566445,0.9250000000000003,0.012419481270559127,0.008981360304806119,500,1.0,False,0.0,0.2558599613464821
04D3hn,SNLS,1806,32,0.5526041704137052,42.261119878794794,0.1416733705142707,1.0,215.528731,52.228587,10.83,False,False,True,0.016806745856391834,0.010885501164954441,0.012825833085531483,-0.0019403319205770434,0.020838451849162016,-0.024163946515919424,0.5750000000000002,0.005921244691437393,0.005075242988108308,500,1.0,False,0.0,-0.18768618577001733
04D3kr,SNLS,1807,32,0.337533662922524,41.21371665182544,0.1254870198103795,1.0,214.149726,52.478874,9.31,False,False,True,0.0014012789595663363,-0.0011505207784746792,-0.0007701018050490776,-0.0003804189734256015,0.002475309522698451,0.0025421619689345483,0.32500000000000007,0.0025517997380410154,0.0020842243479500446,500,1.0,False,0.0,0.01123346956408487
04D3ks,SNLS,1808,32,0.7506803543161911,42.95260767671029,0.1909517790045891,1.0,215.63978,52.185184,8.51,False,False,True,0.0030859666215264695,-0.006369853908057934,-0.003183740106286006,-0.003186113801771927,0.007669691827043055,0.014225132098139696,0.7750000000000002,0.009455820529584404,0.007447602806153893,500,1.0,False,0.0,-0.2131545649032606
04D3lp,SNLS,1809,32,0.9837756009974084,43.97889626768634,0.3522037876274727,1.0,214.96212,52.503195,8.95,False,False,True,0.004613835403071524,-0.00917155006231392,-0.0048575906317819065,-0.004313959430532013,0.004916039339509851,0.02072823043882,0.9750000000000003,0.013785385465385444,0.009635514491812826,500,1.0,False,0.0,-0.02822358068714466
04D3lu,SNLS,1810,32,0.8226957156833647,43.64491017035788,0.1819101261456623,1.0,215.283209,52.974792,11.16,False,False,True,0.003807222078813748,-0.006959783276010687,-0.003431133262472227,-0.0035286500135384598,0.0081950034451784,0.015601423845093294,0.8250000000000003,0.010767005354824435,0.00820969248530273,500,1.0,False,0.0,0.16087475664108108
04D3mk,SNLS,1811,32,0.8136950220034453,43.60592319866917,0.1791864918514701,1.0,214.857351,53.163694,9.77,False,False,True,0.0058812040432746635,-0.004719604762837121,-0.0019258652794457778,-0.0027937394833913434,0.014715981019089672,0.01052790386217959,0.8250000000000003,0.010600808806111785,0.008108422566015112,500,1.0,False,0.0,0.15081688619502653
04D3ml,SNLS,1812,32,0.9507620227470714,44.03316051347554,0.219164359335134,1.0,214.162783,53.093253,9.94,False,False,True,0.005355935648075664,-0.007812992993162737,-0.003988638418986664,-0.0038243545741760737,0.008941172934638753,0.01764887785988134,0.9750000000000003,0.013168928641238403,0.009310401747822852,500,1.0,False,0.0,0.11613270768416101
04D3nc,SNLS,1813,32,0.8177315064395054,43.62000751408232,0.1915423612972442,1.0,214.075911,52.273804,9.18,False,False,True,0.006011714869195654,-0.004663627056924668,-0.0025245006515068717,-0.0021391264054177956,0.009078082889103079,0.010567780286993067,0.8250000000000003,0.010675341926120322,0.008153838449232814,500,1.0,False,0.0,0.15188929972218812
04D3nh,SNLS,1814,32,0.3405187363541788,41.28119496493888,0.1242988571853574,1.0,215.611283,52.333448,9.38,False,False,True,0.0006385715154187948,-0.0019548253477407332,-0.0010986290800130017,-0.0008561962677277321,0.0008048650690901626,0.004298470651182369,0.32500000000000007,0.002593396863159528,0.002115123980289501,500,1.0,False,0.0,0.0566710483974001
04D3nr,SNLS,1815,32,0.9607497459898272,43.4451138465047,0.237267480804259,1.0,215.660448,52.648687,10.0,False,False,True,0.01730198022328785,0.0039453195915802736,0.007517428678317889,-0.0035721090867376175,0.023610617796586027,-0.008676125699186566,0.9750000000000003,0.013356660631707578,0.009386808906672324,500,1.0,False,0.0,-0.49949070597913225
04D3ny,SNLS,1816,32,0.8107194258133841,43.28351321533351,0.2065817496638346,1.0,214.734665,52.187465,10.08,False,False,True,0.005767173116961401,-0.004778691722081046,-0.0029509163079333416,-0.001827775414147703,0.02031636861325644,0.010460029120133406,0.8250000000000003,0.010545864839042447,0.008074943103574088,500,1.0,False,0.0,-0.1619608470829137
04D3oe,SNLS,1817,32,0.7566864432047686,43.5442934508207,0.1757895074599136,1.0,214.914099,52.553847,10.0,False,False,True,0.011974576315043114,0.0024124400144599645,0.005490089205700441,-0.003077649191240475,0.02090694420230025,-0.005397609656433086,0.7750000000000002,0.00956213630058315,0.007503280623614028,500,1.0,False,0.0,0.3576292583626878
05D3ax,SNLS,1883,32,0.6436407781250477,42.92887930358557,0.1735771209622343,1.0,214.823263,52.687519,8.48,False,False,True,0.011013335669741052,0.0034768826200360405,0.00590922958254085,-0.002432346962504811,0.014503722139523837,-0.007617144340829388,0.6250000000000002,0.007536453049705011,0.006231671773147217,500,1.0,False,0.0,0.07508876437933995
05D3cf,SNLS,1884,32,0.4195679580578177,41.89896976487852,0.134330697143073,1.0,214.222462,52.345054,9.64,False,False,True,0.0027327498058227887,-0.0009887290029467351,-0.00025783634463296366,-0.0007308926583137717,0.005800376750582612,0.00220036088867784,0.42500000000000016,0.003721478808769524,0.0033052433877550193,500,1.0,False,0.0,0.13917420130364144
05D3ci,SNLS,1885,32,0.5155866183441842,42.49652010675923,0.1767496176096243,1.0,215.450443,52.445281,10.05,False,False,True,0.001592668408619454,-0.003678183928921454,-0.002045244411079729,-0.0016329395178417251,0.007760606580351848,0.008092601292121958,0.5250000000000001,0.005270852337540908,0.0046191561408897314,500,1.0,False,0.0,0.19781560784204358
05D3cq,SNLS,1886,32,0.890728257820951,43.76292338041444,0.2201832689662925,1.0,214.692345,53.132138,8.93,False,False,True,0.02855967945833129,0.01651287655975815,0.0087600399860964,0.007752836573661749,0.024615810778723064,-0.03677344866848202,0.8750000000000002,0.012046802898573142,0.008795933731515403,500,1.0,False,0.0,0.07217552785886815
05D3cx,SNLS,1887,32,0.8056946652251173,43.392168567276805,0.1875306608024003,1.0,215.277259,52.750509,9.89,False,False,True,0.03489425307893687,0.0244411697406959,0.02774032994930388,-0.003299160208607975,0.02931504816419589,-0.05485047530683446,0.8250000000000003,0.010453083338240972,0.008018407783374419,500,1.0,False,0.0,-0.03696175493557965
05D3dd,SNLS,1888,32,0.4805674237468496,42.04915434898957,0.1314028022060254,1.0,215.626867,52.606794,11.25,False,False,True,0.013377450782427502,0.008707356535037868,0.010035198824789503,-0.001327842289751636,0.012292050014717283,-0.01915313219626591,0.4750000000000001,0.004670094247389635,0.003996071515852414,500,1.0,False,0.0,-0.03307900910736794
05D3dh,SNLS,1889,32,0.8006959779445642,42.88646017721583,0.199170004161525,1.0,215.210013,52.662718,10.0,False,False,True,0.0005437279793064128,-0.00981705529810978,-0.006447552878535641,-0.0033695024195741358,0.0051356105328131925,0.021834324850595225,0.8250000000000003,0.010360783277416193,0.00796216582298252,500,1.0,False,0.0,-0.5263127818561957
05D3gp,SNLS,1890,32,0.5806025752888473,42.66204897913027,0.1805617720163977,1.0,215.676316,52.724688,9.05,False,False,True,0.0009442207448397482,-0.005472247485596837,-0.003916813910974985,-0.0015554335746218511,0.002951174769728648,0.012107970874950332,0.5750000000000002,0.006416468230436585,0.005391143951997386,500,1.0,False,0.0,0.08526594922124003
05D3gv,SNLS,1891,32,0.715650822297792,43.03839160365696,0.1881931238645544,1.0,215.246894,53.178877,10.77,False,False,True,0.005672917098682099,-0.0031610426691560103,-0.0002791094117305165,-0.002881933257425493,0.01453863053462879,0.007010988036594152,0.7250000000000002,0.00883395976783811,0.0070872972702914535,500,1.0,False,0.0,-0.03805644243895545
05D3ha,SNLS,1892,32,0.805693830592243,43.117456379391584,0.1984702179493312,1.0,215.210132,52.834036,11.21,False,False,True,0.0028496128643095034,-0.00760345506255229,-0.004171165143503999,-0.00343228991904829,0.006485588804991065,0.017013669202345386,0.8250000000000003,0.010453067926861794,0.008018398392631125,500,1.0,False,0.0,-0.311671219852042
05D3hh,SNLS,1893,32,0.7666828876044194,43.41135204515583,0.2035572882436312,1.0,214.792304,52.959332,10.45,False,False,True,0.0325522749364582,0.022813188258797523,0.02578774889956062,-0.0029745606407630947,0.014408301569914784,-0.05047012297855297,0.7750000000000002,0.009739086677660679,0.007595949949170074,500,1.0,False,0.0,0.1902515982195706
05D3hs,SNLS,1894,32,0.6646365749414094,42.99451575118926,0.1558724739030107,1.0,215.306502,52.903809,9.05,False,False,True,0.002017686440266945,-0.0059004924626760435,-0.0032999144234546864,-0.0026005780392213576,0.002885309167858278,0.013140333440173981,0.6750000000000002,0.00791817890294299,0.006448669039213345,500,1.0,False,0.0,0.06633093307616482
05D3ht,SNLS,1895,32,0.9017354028980696,43.82727114286453,0.2030396320776719,1.0,214.477921,53.167585,9.72,False,False,True,0.018752227314937055,0.006500549790953082,0.009581104347231053,-0.0030805545562779687,0.017778325690250837,-0.014141999289641626,0.9250000000000003,0.012251677523983973,0.008897869348389832,500,1.0,False,0.0,0.2315179645572854
05D3jb,SNLS,1896,32,0.7456642425412219,43.229147630250274,0.1641939812785273,1.0,215.541655,52.87813,10.52,False,False,True,0.010427117040724975,0.0010600883689810287,0.0021940489528668623,-0.0011339605838858336,0.0132143847233939,-0.002162026584472062,0.7250000000000002,0.009367028671743946,0.007401102302923325,500,1.0,False,0.0,0.04506456571460615
05D3jh,SNLS,1897,32,0.7186791905888033,43.01960656521947,0.160905946457452,1.0,214.355768,52.618765,10.86,False,False,True,0.026966924175320057,0.018078777989239563,0.001996614371130632,0.016082163618108932,0.026753849363676578,-0.04044976009264664,0.7250000000000002,0.008888146186080493,0.00712689392434371,500,1.0,False,0.0,-0.06789702310689237
05D3jk,SNLS,1898,32,0.7366894987490933,43.165867022729614,0.1574146757828447,1.0,214.197729,52.592488,9.5,False,False,True,0.007393456740167963,-0.001814707015741825,0.0006278443528178771,-0.0024425513685596995,0.0183673687512431,0.003930425386318194,0.7250000000000002,0.009208163755909788,0.007317904375639907,500,1.0,False,0.0,0.01352557954530409
05D3jq,SNLS,1899,32,0.5795994402002143,42.51046727027078,0.1359819380213341,1.0,215.439338,53.029918,8.87,False,False,True,0.0010569064548897516,-0.005341913804969409,-0.003287725094085009,-0.0020541887108844006,0.0008236181650460514,0.011832210694355937,0.5750000000000002,0.006398820259859161,0.005376505683035654,500,1.0,False,0.0,-0.06183239029551219
05D3jr,SNLS,1900,32,0.3705304793499251,41.41430619194359,0.1261688974461359,1.0,214.869783,52.864848,8.03,False,False,True,0.005109441402175748,0.002097829625044517,0.003052322965131147,-0.0009544933400866299,0.008437829144472688,-0.004588518859318928,0.3750000000000001,0.003011611777131231,0.002425786965863271,500,1.0,False,0.0,-0.03302783242960145
05D3km,SNLS,1901,32,0.9607390207861224,44.048524687211064,0.2033822671671157,1.0,215.65948,53.066999,12.13,False,False,True,0.05406120688164616,0.040704747843814455,0.044583345547664646,-0.00387859770385019,0.03799714280702032,-0.09253794730913012,0.9750000000000003,0.013356459037831704,0.009386726857708487,500,1.0,False,0.0,0.1039495961433255
05D3kp,SNLS,1902,32,0.8507283659842473,43.69139016054341,0.1744917095583535,1.0,215.012268,52.270827,10.67,False,False,True,0.008251787551723918,-0.0030437755132298166,0.0005196634009254058,-0.003563438914155222,0.010050931067794063,0.007074242834174321,0.8750000000000002,0.011295563064953735,0.008448988123033142,500,1.0,False,0.0,0.12166377296578267
05D3kt,SNLS,1903,32,0.6486391632158304,42.864827741781866,0.1560482900327002,1.0,214.973834,52.742986,9.18,False,False,True,0.0011881026162171588,-0.006439226375481354,-0.004506398867279194,-0.001932827508202159,0.002819406766417307,0.014285909067381908,0.6250000000000002,0.007627328991698512,0.0062833314414576045,500,1.0,False,0.0,-0.00912678610814535
05D3kx,SNLS,1904,32,0.2194608299536076,40.14531027244056,0.1226415207840543,1.0,215.458413,53.137119,10.65,False,False,True,0.00022193012158976857,-0.0008471389553494444,-0.0005039453783663734,-0.0003431935769830714,0.00028046518031122047,0.0018540664170370838,0.22500000000000003,0.001069069076939213,0.0009026363793544582,500,1.0,False,0.0,-0.00943234836669944
05D3la,SNLS,1905,32,0.9367536103909369,43.70125530639159,0.2079788155263146,1.0,215.355908,52.357973,9.66,False,False,True,0.0027581032912113485,-0.010147519382189229,-0.005979645578369681,-0.004167873803819546,0.005304311521480829,0.02277105776139122,0.9250000000000003,0.012905622673400577,0.009203235884081038,500,1.0,False,0.0,0.00503318789133686
05D3lb,SNLS,1906,32,0.647638601648387,42.89035914416442,0.1543994524990516,1.0,214.382325,53.167928,8.97,False,False,True,0.001112994806700524,-0.006496142914555144,-0.004122991820072669,-0.002373151094482475,0.0077136759008617495,0.014354617063328098,0.6250000000000002,0.007609137721255668,0.0062729903657382565,500,1.0,False,0.0,0.020429087538135524
05D3lc,SNLS,1907,32,0.4615630248838451,42.03674503233013,0.129599228299676,1.0,215.595501,52.478865,10.81,False,False,True,0.0025899385878972725,-0.0017765940413039388,-0.0004063980926396239,-0.0013701959486643147,0.003276094815199215,0.003966975185738001,0.4750000000000001,0.004366532629201211,0.003765271373942967,500,1.0,False,0.0,0.05784839778691986
05D3lr,SNLS,1908,32,0.6006024710158362,42.64270279200039,0.1603805330502593,1.0,215.55059,53.184275,10.91,False,False,True,0.005296252111914358,-0.0014720705948942968,0.0007110364078051264,-0.0021831070026994246,0.007177271783290571,0.003379006071825265,0.6250000000000002,0.006768322706808655,0.005682992832747046,500,1.0,False,0.0,-0.031023324378705835
05D3mh,SNLS,1909,32,0.6706529209601395,43.058157712067306,0.1740529867724468,1.0,214.749304,52.66756,10.12,False,False,True,0.0020846192564836627,-0.005942943197722545,-0.003563877523768694,-0.0023790656739538516,0.00240221765227034,0.013243320805385416,0.6750000000000002,0.008027562454206208,0.006510849610362465,500,1.0,False,0.0,0.10644950453438744
05D3mn,SNLS,1910,32,0.7606971669277247,43.0391311088337,0.1663071856892875,1.0,214.688507,52.323145,10.48,False,False,True,0.004426128100145235,-0.005207003350989211,-0.004136091076921249,-0.00107091227406796,0.007932558750985584,0.011700587230835419,0.7750000000000002,0.009633131451134445,0.007540460949691864,500,1.0,False,0.0,-0.16140190972494853
05D3mq,SNLS,1911,32,0.2464917876506611,40.42274437352564,0.1269750099908608,1.0,214.751783,52.38512,10.74,False,False,True,0.004174929027790441,0.002820419859485828,-0.0008553541560600694,0.003675774015545897,0.00024761583855147453,-0.006148345329576174,0.22500000000000003,0.0013545091683046131,0.0011297535725676594,500,1.0,False,0.0,-0.014760944494815643
05D3mx,SNLS,1912,32,0.470572298743056,42.04329464081768,0.1437535112887589,1.0,215.537919,52.219179,10.82,False,False,True,0.010873392104280361,0.006367364078624351,0.007795573357923004,-0.0014282092792986532,0.008888864414417238,-0.013909915871114552,0.4750000000000001,0.00450602802565601,0.0038536014861832993,500,1.0,False,0.0,0.01492312286433173
05D3ne,SNLS,1913,32,0.1694539868738496,39.49072098454795,0.1305901256467934,1.0,215.262445,52.495438,11.15,False,False,True,0.0002501114840666581,-0.0003814453535925088,-0.0001777026665712716,-0.0002037426870212372,0.0009780733675515555,0.000834641439836534,0.17500000000000004,0.0006315568376591669,0.00042814939193112195,500,1.0,False,0.0,-0.03960140035119883
06D3bz,SNLS,1946,32,0.7276743928179923,42.99729824012574,0.2028253857185454,1.0,214.29184,53.024826,10.34,False,False,True,0.004592770215675946,-0.004455814160793897,-0.0027943961639402054,-0.0016614179968536902,0.007701435686661913,0.010016716198886787,0.7250000000000002,0.009048584376469843,0.007234332282098264,500,1.0,False,0.0,-0.12278152649660044
06D3cc,SNLS,1947,32,0.6836583333371449,43.12847222124652,0.2534985333664388,1.0,214.381668,52.912473,10.13,False,False,True,0.023634842533415933,0.015373322515585118,-0.004308390412503957,0.019681712928089075,0.018237008230176405,-0.0340141968518331,0.6750000000000002,0.008261520017830815,0.006668987673864407,500,1.0,False,0.0,0.12659641689284332
06D3df,SNLS,1948,32,0.4425469841951368,41.901322123767095,0.1307751047127181,1.0,215.571703,52.957682,10.49,False,False,True,0.0006019629478714009,-0.0034701341722837707,-0.0023928674450185493,-0.001077266727265221,0.0025135314786824247,0.007640404126397908,0.42500000000000016,0.004072097120155172,0.0035788313750430506,500,1.0,False,0.0,0.005763921662210051
06D3do,SNLS,1949,32,0.7266780125321859,43.17850455575518,0.1825353286994725,1.0,214.247465,52.882543,8.76,False,False,True,0.01239319759486442,0.0033622504762271955,0.004411773176003489,-0.0010495226997762922,0.018038767395989582,-0.007405570529932834,0.7250000000000002,0.009030947118637224,0.007225095608998151,500,1.0,False,0.0,0.062014046182343185
06D3dt,SNLS,1950,32,0.2825098512057129,40.981138998377034,0.1235773438278508,1.0,214.340267,52.452816,9.61,False,False,True,0.0007322390272472073,-0.0010409262420524594,-0.000592969210647402,-0.0004479570314050574,0.0011477828687225895,0.002288699974210798,0.275,0.0017731652692996667,0.0014463469123163185,500,1.0,False,0.0,0.2120288451444621
06D3ed,SNLS,1951,32,0.4045479276645995,41.72958786506605,0.1270525278606031,1.0,214.699174,52.756559,9.54,False,False,True,0.0010285304681446489,-0.0024747033758738685,-0.0013743812084482268,-0.0011003221674256416,0.0005979856267767039,0.005461164774190763,0.42500000000000016,0.003503233844018517,0.0030244463679743204,500,1.0,False,0.0,0.0623284812761846
06D3el,SNLS,1952,32,0.5196098054306435,42.37541199702878,0.1342671760541237,1.0,214.254528,52.232401,9.59,False,False,True,0.002749316857401428,-0.002590553691956565,-0.0011689339104606327,-0.001421619781495933,0.007925042909838111,0.005722253369600953,0.5250000000000001,0.005339870549357993,0.004690739341075959,500,1.0,False,0.0,0.05668410451495543
06D3em,SNLS,1953,32,0.6906511885070659,42.96671353810184,0.181544112417446,1.0,214.847581,53.023013,9.5,False,False,True,0.007933013625383225,-0.000453629144548268,-0.0019230159125247482,0.0014693867679764793,0.011727126306939456,0.0011069122241115018,0.6750000000000002,0.008386642769931493,0.0067604209608337525,500,1.0,False,0.0,-0.06176019660088779
06D3en,SNLS,1954,32,1.0608002241417207,43.87534518049594,0.2570352660063956,1.0,215.305567,52.456079,7.78,False,False,True,0.01371726844466769,-0.0014548504536651512,0.003223912069506396,-0.0046787625231715455,0.005635746695558143,0.003927092544854974,1.0750000000000002,0.01517211889833284,0.010585876764475546,500,1.0,False,0.0,-0.21835361720247787
06D3et,SNLS,1955,32,0.576611387739977,42.52078983048265,0.1439278599362555,1.0,215.519873,52.338366,10.8,False,False,True,0.001023039568631647,-0.0053232124354665455,-0.0032278860702427835,-0.002095326365223762,0.004418084909315744,0.011767113976847886,0.5750000000000002,0.006346252004098192,0.005332902467396649,500,1.0,False,0.0,-0.038111486181945105
06D3fp,SNLS,1956,32,0.2684879487449896,40.59391642552593,0.1231992069356263,1.0,215.077523,52.897165,9.57,False,False,True,8.568745165756701e-05,-0.001509480767061117,-0.0009827018430327245,-0.0005267789240283925,0.0008917618772442743,0.0033031099592778046,0.275,0.0015951682187186841,0.0013047335938748085,500,1.0,False,0.0,-0.049710127755855794
06D3gh,SNLS,1957,32,0.720679532585945,43.06877653242361,0.192925181612649,1.0,214.630912,52.442908,9.35,False,False,True,0.018974032580048053,0.010050094390595099,-0.004912778515135749,0.014962872905730848,0.02359024330365922,-0.02242314646075437,0.7250000000000002,0.008923938189452954,0.0071530488838584165,500,1.0,False,0.0,-0.026005084597633066
06D3gn,SNLS,1958,32,0.2504975184258253,40.49589185882932,0.1238854277497357,1.0,214.435959,52.361182,10.61,False,False,True,0.0016607759456615948,0.00026244024960828333,0.0006312336437444817,-0.0003687933941361988,0.002502211290866827,-0.0005564736615554177,0.275,0.0013983356960533115,0.0011616192628298415,500,1.0,False,0.0,0.022463846192745347
COS12Car,MCT,972,21,1.54,45.33141077937442,0.3644052901631536,1.0,150.06133333333332,2.192388888888889,10.0,False,False,True,0.04688151127558599,0.02036548992861642,0.022285748742154395,-0.0019202588135379672,0.03197200733366011,-0.045313388912099795,1.5250000000000004,0.026516021346969572,0.015417890439986707,500,1.0,False,0.9912790697674418,-0.05696771982017085
psc000010,Pan-STARRS,991,21,0.2471413762236129,40.45422423947944,0.1482909298847007,1.0,149.7489958,3.1575306,10.79,False,False,True,0.00403814723798735,0.001666112714267023,-0.0008071233452168625,0.002473236059483886,0.0039741995326899185,-0.0036344682739461644,0.22500000000000003,0.002372034523720327,0.0016934014621259074,500,1.0,False,0.0,0.01028406751362525
psc000011,Pan-STARRS,992,21,0.3828039783932564,41.575692963692696,0.1687407340916453,1.0,149.9759167,2.4119,11.06,False,False,True,0.0023021243233739023,-0.002098140814815022,-0.0015408653509766327,-0.0005572754638383897,0.006517766005423069,0.004611464269546763,0.3750000000000001,0.004400265138188924,0.003544055014620453,500,1.0,False,0.9530386740331491,0.04616112149607859
psc000190,Pan-STARRS,998,21,0.1035732411342278,38.55311498464435,0.1430662128061234,1.0,148.9884708,2.2634639,9.8,False,False,True,3.0646259792178104e-05,-0.0006048931412191657,-0.0003320131490294471,-0.0002728799921897186,0.00015046930088316032,0.0013190386086421183,0.125,0.0006355394010113438,0.0004228735913947266,500,1.0,False,0.0,0.10236912772847123
psc000196,Pan-STARRS,999,21,0.3518679902160477,41.2724020659241,0.1462269771096234,1.0,150.1150708,2.6940333,9.66,False,False,True,0.007897255187721886,0.0039894323488143535,-0.0014841039141257318,0.005473536262940086,0.004787269021236,-0.008704556422992591,0.3750000000000001,0.003907822838907532,0.0031455700435198573,500,1.0,False,0.906811377245509,-0.04497041381615758
psc000199,Pan-STARRS,1000,21,0.3728025452272032,41.45291448996608,0.1472370826643696,1.0,151.2314,2.5909194,10.47,False,False,True,0.0038816543208382045,-0.0003375015477689353,0.0014070729851034772,-0.0017445745328724125,0.007194520454037626,0.0007690343034592716,0.3750000000000001,0.00421915586860714,0.0034368363878091693,500,1.0,False,0.0,-0.009824791677209238
psc000202,Pan-STARRS,1001,21,0.6210891501794382,42.82059436326996,0.1855371540548432,1.0,150.5391458,1.8991694,9.94,False,False,True,0.021546978872434383,0.012266314196429921,0.01235438043691593,-8.806624048600734e-05,0.015499925842944361,-0.027011270276558107,0.6250000000000002,0.009280664676004462,0.0071956413283733025,500,1.0,False,0.945531914893617,0.05967587240764036
psc000215,Pan-STARRS,1002,21,0.4678066227508932,42.15639315908455,0.1622502341326241,1.0,150.8099292,3.144225,8.71,False,False,True,0.00212854257426256,-0.003909085069081888,-0.001491158928278688,-0.0024179261408032006,0.00814514560567658,0.008605881065226539,0.4750000000000001,0.006037627643344448,0.004550201613322761,500,1.0,False,0.0,0.1431145386058007
psc000220,Pan-STARRS,1003,21,0.2210194615316887,40.14005577563628,0.1423193589017218,1.0,150.5367542,2.7185639,11.34,False,False,True,0.000398658002616206,-0.0015774378060798662,-0.000678934996802535,-0.0008985028092773316,0.0007570207119973894,0.003459399769220692,0.22500000000000003,0.001976095808696072,0.0013097134334205764,500,1.0,False,0.8949824970828472,-0.031846438589324746
psc000420,Pan-STARRS,1005,21,0.312724824964889,41.03692215860979,0.1457111510666289,1.0,149.82,1.6134861,9.39,False,False,True,0.0008730453195257093,-0.0024625652009655037,-0.0014424270711191527,-0.0010201381298463512,0.004281441527622209,0.005404278489045684,0.32500000000000007,0.003335610520491213,0.0026158773293808706,500,1.0,False,0.5850492390331244,0.02494160760466234
psc010010,Pan-STARRS,1006,21,0.1006879465783943,38.562395436154304,0.1452105233407807,1.0,150.8586542,1.0294194,10.1,False,False,True,0.006015204519467933,0.005379665118456589,0.005652545110646307,-0.0002728799921897186,0.00320929053784895,-0.011727000438778779,0.125,0.0006355394010113438,0.0004228735913947266,500,1.0,False,0.0,0.17693234725903864
psc020132,Pan-STARRS,1013,21,0.1479361635996869,39.534826309914166,0.1757363108739985,1.0,150.088325,1.418125,10.63,False,False,True,0.004790924124781834,0.003815107754837937,0.0041305742455658,-0.0003154664907278632,0.0011601531230981607,-0.008330960108376376,0.125,0.0009758163699438978,0.0006639290636271727,500,1.0,False,0.0,0.2515389168797654
psc030066,Pan-STARRS,1018,21,0.2267201596955634,40.149278943601416,0.1487307782737109,1.0,150.1833917,3.403975,9.13,False,False,True,0.0025914188698521494,0.0005367950181600395,0.0012659060353013309,-0.0007291110171412913,0.008246214122376768,-0.0012111473748792206,0.22500000000000003,0.00205462385169211,0.0013683492988539102,500,1.0,False,0.0,-0.0844428546231822
psc120044,Pan-STARRS,1089,21,0.4817101009062614,42.385944587403856,0.1996298092111712,1.0,148.7919458,1.7302472,10.0,False,False,True,0.006254890762551449,-6.899151099414459e-05,-0.0019166625898524039,0.0018476710788582593,0.007649767994362147,0.00024795900441253876,0.4750000000000001,0.006323882273545594,0.0047917843823952234,500,1.0,False,0.0,0.29762053722804194
psc120085,Pan-STARRS,1090,21,0.3233409546788404,40.865815667648526,0.1587830577266712,1.0,150.4709458,2.0426472,10.9,False,False,True,0.0015081353207710595,-0.0019767811281136225,-0.0003086596029779993,-0.0016681215251356236,0.0038129226718620953,0.004355474363161391,0.32500000000000007,0.0034849164488846823,0.0027506837236085857,500,1.0,False,0.9814066289409863,-0.22933832978646984
psc120086,Pan-STARRS,1091,21,0.3937252743955159,41.42331792950842,0.1832189955463884,1.0,150.7890208,2.1433861,11.03,False,False,True,0.006370371093858014,0.0017623861964017953,0.0038461188044802202,-0.002083732608078425,0.003710963869507166,-0.003816481681579085,0.3750000000000001,0.004607984897456219,0.003651316084689288,500,1.0,False,0.5459533607681756,-0.1773227192392764
psc120094,Pan-STARRS,1092,21,0.4528921059926545,42.08501296566932,0.1661380229524408,1.0,150.5261625,2.0877944,8.66,False,False,True,0.003047042223199692,-0.0026997252558758423,-0.001120364588161074,-0.0015793606677147686,0.0029203882985375583,0.006018632908809753,0.4750000000000001,0.005746767479075534,0.004344034120083776,500,1.0,False,0.9862737182075091,0.1545934561056087
psc120336,Pan-STARRS,1094,21,0.1625452861757323,39.4313161840209,0.1443804158002093,1.0,149.0823417,1.4094667,9.76,False,False,True,0.004707584808065108,0.0035150300142198065,0.00371845910089175,-0.00020342908667194374,0.004370487819931448,-0.007663006576727473,0.17500000000000004,0.0011925547938453013,0.0008174686443057125,500,1.0,False,0.0,-4.092690958065685e-05
psc120369,Pan-STARRS,1095,21,0.3317541974359217,41.274694437128225,0.1511162453963658,1.0,150.99525,2.2624194,10.56,False,False,True,0.0006443997147419533,-0.002964296247972136,-0.0013419343665446199,-0.0016223618814275162,0.0012279844420568472,0.006520347633799032,0.32500000000000007,0.0036086959627140893,0.002865723116286954,500,1.0,False,0.0,0.11540303606765666
psc120400,Pan-STARRS,1096,21,0.3527637780571004,41.418316763637435,0.1567026395383313,1.0,149.6284417,2.8717806,10.66,False,False,True,0.0006513782487123548,-0.0032697665042446707,-0.0019002138226411963,-0.0013695526816034742,0.005215336593559785,0.007178703271328206,0.3750000000000001,0.003921144752957025,0.0031580333057952296,500,1.0,False,0.3120471014492754,0.09456171928617067
psc120706,Pan-STARRS,1099,21,0.3309410910405495,40.92832523093795,0.162298123573485,1.0,149.6798875,2.4331889,11.43,False,False,True,0.003205209174125504,-0.00039139449059588964,0.001364180387141355,-0.0017555748777372446,0.0029106143691981553,0.0009149321108835769,0.32500000000000007,0.0035966036647213937,0.0028544102162911273,500,1.0,False,0.8988993069710558,-0.22483371840544686
psc350192,Pan-STARRS,1169,21,0.3027018134457813,40.909797819135605,0.1463828790199741,1.0,148.7158,1.9616639,8.52,False,False,True,0.0011096298608039917,-0.002085016383582704,-0.0005983459684535536,-0.0014866704151291503,0.0029164032372349835,0.004589575492743624,0.32500000000000007,0.0031946462443866955,0.002488602505259411,500,1.0,False,0.0,-0.0212213326353682
psc350233,Pan-STARRS,1170,21,0.1705491789665425,39.565750538178456,0.1433956723910584,1.0,149.4663208,3.4823583,9.18,False,False,True,0.000152708532328072,-0.001158590635077383,-0.0004880874471987677,-0.0006705031878786151,0.00024604384924345224,0.0025340638906173846,0.17500000000000004,0.0013112991674054549,0.0009015882987545047,500,1.0,False,0.0,0.0200868873363296
psc370098,Pan-STARRS,1181,21,0.2232190330734886,40.07665044016532,0.1439220615313274,1.0,150.0063542,2.4311056,10.49,False,False,True,9.317279220719785e-05,-0.0019115419196977848,-0.0008979851767024817,-0.0010135567429953038,0.0004150904529083035,0.004186197182314903,0.22500000000000003,0.0020047147119049828,0.0013269846074729938,500,1.0,False,0.9534601375961149,-0.11927771537338401
psc370344,Pan-STARRS,1183,21,0.3327502666087176,41.134551087489086,0.1503712320043413,1.0,150.17375,1.8316417,9.38,False,False,True,0.0006733891819451064,-0.002950120051611935,-0.0014945949218646004,-0.0014555251297473342,0.0032498610456385747,0.006477812046260585,0.32500000000000007,0.0036235092335570413,0.0028795816113189685,500,1.0,False,0.9851007887817704,-0.03223372398718051
psc370367,Pan-STARRS,1185,21,0.4729031521696663,42.1841844209224,0.1955055056896018,1.0,149.2216167,1.9779111,9.3,False,False,True,0.00392290821002693,-0.002214111013210768,0.00037484368878348525,-0.002588954701994254,0.008916247941237809,0.004903233369785841,0.4750000000000001,0.006137019223237698,0.004620652350112928,500,1.0,False,0.25827559661277905,0.1431572585797768
psc370369,Pan-STARRS,1186,21,0.1925953944990295,39.08181646488301,0.1560810391319416,1.0,151.5663292,2.4068722,11.44,True,False,True,0.012849424486412592,0.011243157804777151,0.012074656853413605,-0.0008314990486364524,0.0006936820549830883,-0.02496392682761849,0.17500000000000004,0.0016062666816354407,0.0010865258718116863,500,1.0,False,0.0,-0.7546005254234596
psc370563,Pan-STARRS,1190,21,0.1868832135440752,39.809868145256736,0.1446413621377947,1.0,150.95185,2.6460139,10.86,False,False,True,0.0022558828782041056,0.000723938104610741,-0.0006354700215023806,0.001359408126113122,0.0011705369913078412,-0.0015735472922513852,0.17500000000000004,0.0015319447735933646,0.0010416734677788594,500,1.0,False,0.021721958925750396,0.04568535373483565
psc370589,Pan-STARRS,1192,21,0.3065028078470093,40.36507930460117,0.187050557250645,1.0,149.1082083,3.45475,9.99,False,False,True,0.0007051212564002713,-0.00254298241674673,-0.0010949308817271642,-0.001448051535019566,0.0038339305390705596,0.005581989630599353,0.32500000000000007,0.0032481036731470013,0.002536868527201089,500,1.0,False,0.0,-0.5969306626277463
psc370595,Pan-STARRS,1193,21,0.1771736749742396,39.6890740414503,0.1421846885913168,1.0,150.4976458,1.3251472,10.32,False,False,True,0.0004167889771572966,-0.0009888237634684447,-0.000297108157217399,-0.0006917156062510459,0.00038634551562568664,0.00216138892291798,0.17500000000000004,0.0014056127406257414,0.0009654335604053248,500,1.0,False,0.0,0.0525294258824294
psc380279,Pan-STARRS,1194,21,0.3505627222227441,41.14319057064789,0.1697840246873663,1.0,149.8270333,2.9348833,10.97,False,False,True,0.00241387916963977,-0.00147453207734672,-0.000525655940637912,-0.0009488761367088085,0.00245119561149182,0.003284413103933916,0.3750000000000001,0.00388841124698649,0.003127409607985173,500,1.0,False,0.12183729077462048,-0.16485474106434422
psc380318,Pan-STARRS,1195,21,0.3393533406417022,41.1432275454158,0.1733392650715106,1.0,150.4131875,3.2498417,11.44,False,False,True,0.0003207058008833492,-0.003401002560523529,-0.001667282653083326,-0.001733719907440203,0.0017115450835879177,0.007471269881708591,0.32500000000000007,0.003721708361406878,0.0029714514042825284,500,1.0,False,0.0,-0.07271288392928933
psc480464,Pan-STARRS,1241,21,0.2240147751300472,40.14158589217339,0.1435522428107118,1.0,149.8004375,3.2215694,10.92,False,False,True,0.0009938240083543562,-0.0010212442039770212,-0.0005073960097787653,-0.0005138481941982563,0.002632773318852477,0.002244892836845838,0.22500000000000003,0.0020150682123313774,0.0013332328241363197,500,1.0,False,0.0,-0.06298009822338287
psc490521,Pan-STARRS,1245,21,0.3427510811549834,41.09858476041709,0.1789163294199824,1.0,148.8651708,1.5752944,10.35,False,False,True,0.006305210315336929,0.0025329716776681843,-0.0010495279412199134,0.003582499618888098,0.01050544265966837,-0.0055845788959414805,0.32500000000000007,0.0037722386376687444,0.003018724797847366,500,1.0,False,0.0,-0.14230529567948247
psc580235,Pan-STARRS,1292,21,0.3327474015706093,41.07076827088811,0.154638386427438,1.0,150.2348708,2.5796056,8.89,False,False,True,0.005822479317242108,0.0021990126917555025,0.0035442345516549937,-0.0013452218598994916,0.0071017336600353006,-0.004783772264577232,0.32500000000000007,0.0036234666254866053,0.0028795417495127056,500,1.0,False,0.9117988394584139,-0.09599501677344104
psc590005,Pan-STARRS,1297,21,0.1762769106313619,39.66548591677354,0.1448165243755126,1.0,151.0178208,1.2154667,10.0,False,False,True,0.000733710189109369,-0.0006602346373602281,5.7760643834740095e-05,-0.0007179952811949679,0.0005603901793600788,0.0014333556761850137,0.17500000000000004,0.001393944826469597,0.0009583921103976707,500,1.0,False,0.0,0.04105660599108399
psc590031,Pan-STARRS,1298,21,0.3810954593593509,41.465700709229694,0.1874494107726629,1.0,149.0729,2.0023444,10.28,False,False,True,0.0043864135909054336,1.8643969947524687e-05,0.0017409873655829444,-0.0017223433956354197,0.002881544472721575,4.3555377129167114e-05,0.3750000000000001,0.004367769620957909,0.0035272751764243485,500,1.0,False,0.0,-0.052536787085783195
psc590191,Pan-STARRS,1299,21,0.2223212356458184,40.45316714684997,0.1910738703126473,1.0,150.1378042,1.9040028,10.0,False,False,True,0.00022774491908232418,-0.0017652884370697667,-0.0007583195565977155,-0.0010069688804720514,0.00030340208169350995,0.0038683490736722637,0.22500000000000003,0.001993033356152091,0.00131993504561859,500,1.0,False,0.979947689625109,0.26701900096843356
04D2al,SNLS,1782,21,0.8381396284800389,43.282368419726694,0.2461167638277205,1.0,150.468646,2.164106,9.69,False,False,True,0.009226186597186298,-0.0044613643332947085,0.00012272131878195147,-0.00458408565207666,0.02146090398252504,0.009876851153797848,0.8250000000000003,0.013687550930481006,0.009889269102634341,500,1.0,False,0.9394644935972061,-0.250595721809785
04D2an,SNLS,1783,21,0.621885935958294,42.62637733161526,0.1754789682188633,1.0,150.217956,2.04123,7.58,False,False,True,0.0030984471443800165,-0.006198603321625705,-0.0027746255431019893,-0.0034239777785237133,0.010496457702438426,0.013738632005522777,0.6250000000000002,0.009297050466005721,0.007204505401641467,500,1.0,False,0.996232733361239,-0.1378768098967006
04D2cf,SNLS,1784,21,0.3705968367024312,41.41227397787383,0.1339045411156558,1.0,150.483707,1.879478,10.83,False,False,True,0.0028402419703493324,-0.0013461111987361036,0.0004635865160036528,-0.0018096977147397566,0.005274535273377794,0.0029922017074647204,0.3750000000000001,0.004186353169085436,0.0034061479562549394,500,1.0,False,0.9565397350993378,-0.03551120992145768
04D2fp,SNLS,1785,21,0.4166426515318469,41.788369682251854,0.134450950365854,1.0,149.867166,2.321014,10.26,False,False,True,0.0010247857816985616,-0.004019080723655805,-0.00190675060651882,-0.0021123301171369854,0.004992121316981225,0.00884541986099574,0.42500000000000016,0.005043866505354366,0.0038763939870101625,500,1.0,False,0.9620544269835186,0.04635195694644743
04D2fs,SNLS,1786,21,0.3585798757633602,41.30663273428261,0.129577361945893,1.0,150.092026,1.765398,8.41,False,False,True,0.0007525094437602762,-0.003255130738354613,-0.0020258510991961604,-0.0012292796391584527,0.005146575092588864,0.007143981952919716,0.3750000000000001,0.004007640182114889,0.0032389537512515112,500,1.0,False,0.9795268425841674,-0.058200578509085395
04D2gb,SNLS,1787,21,0.4516922811642729,41.66125836692445,0.1439247088423987,1.0,150.594449,1.894161,10.28,False,False,True,0.006000144195235816,0.0002767754794144924,0.0013636004042862004,-0.001086824924871708,0.003125610154195512,-0.0004772595313260238,0.4750000000000001,0.005723368715821324,0.004327448609389527,500,1.0,False,0.9443207126948775,-0.2623849924374112
04D2gc,SNLS,1788,21,0.5227734252330178,42.44797799670697,0.1462019034310673,1.0,150.413604,1.883052,9.36,False,False,True,0.0016585686387587,-0.005558600138867543,-0.0025972973351474516,-0.0029613028037200916,0.003133670836113209,0.012316162588166202,0.5250000000000001,0.007217168777626242,0.005661669519080127,500,1.0,False,0.9662107803700724,0.11360694168650366
04D2gp,SNLS,1789,21,0.7340091439850092,43.37858727201835,0.2444397685295065,1.0,149.834888,2.508879,8.88,False,False,True,0.002814521414572707,-0.008802498327311847,-0.004894781477371174,-0.003907716849940673,0.0038414053654053223,0.01968992488355587,0.7250000000000002,0.011617019741884553,0.008281834344699292,500,1.0,False,0.9308176100628931,0.23579791601229727
04D2iu,SNLS,1790,21,0.7019778607451859,42.88567017079835,0.258647962236961,1.0,150.304914,2.41505,10.0,False,False,True,0.007510840614136852,-0.0034461788417792603,-0.003448015728050386,1.8368862711240497e-06,0.01573525438908277,0.00770532093119251,0.7250000000000002,0.010957019455916112,0.008036890468097045,500,1.0,False,0.9557721139430285,-0.14029620662988196
04D2ja,SNLS,1791,21,0.7420212186147372,43.58828545238493,0.2279231332026473,1.0,149.702091,1.771737,11.04,False,False,True,0.0030466129307109104,-0.008732287439327562,-0.004663164101691819,-0.004069123337635745,0.006646623748714455,0.0195096958580344,0.7250000000000002,0.011778900370038472,0.008428876985939731,500,1.0,False,0.998630762209037,0.4170422947020874
04D2kr,SNLS,1792,21,0.7461315870865173,43.032470752134806,0.1768636453752683,1.0,150.155592,1.711927,11.15,False,False,True,0.01767163618203387,0.0058096875303821766,-0.0016083799125862393,0.007418067442968412,0.019475702713188818,-0.012736637479612858,0.7250000000000002,0.011861948651651695,0.008504313057680676,500,1.0,False,0.9002298850574713,-0.1532550976922643
04D2mc,SNLS,1793,21,0.349569813455576,41.09368720640145,0.1316475596860244,1.0,150.148125,1.784181,10.98,False,False,True,0.0016338058729432974,-0.0022398391038963936,-0.001463793205453385,-0.0007760458984430087,0.001619697920564056,0.004950058184071091,0.32500000000000007,0.003873644976839691,0.0031135950842624688,500,1.0,False,0.9802544975866608,-0.19658870367199677
04D2mh,SNLS,1794,21,0.591847570053369,42.562605642825474,0.1431225969293091,1.0,149.941201,2.141025,9.14,False,False,True,0.0039610058177689264,-0.0047183097830314135,-0.0013676137632760718,-0.003350696019755342,0.004019629672787379,0.010569078436310764,0.5750000000000002,0.00867931560080034,0.00687033493411685,500,1.0,False,0.9902004454342984,-0.06393915637106845
04D2mj,SNLS,1795,21,0.5147579209809385,42.57977706999216,0.1451394088517978,1.0,150.152215,2.577067,9.58,False,False,True,0.0043501003509162075,-0.002692700133612098,-0.001075257978049842,-0.001617442155562257,0.009419574393416749,0.005982830912880406,0.5250000000000001,0.007042800484528306,0.005491869140610155,500,1.0,False,0.9258252427184466,0.28521523982565167
05D2ab,SNLS,1856,21,0.3245419921438641,41.11099287656602,0.1245743889153959,1.0,150.461859,2.106329,10.12,False,False,True,0.0017163975944986425,-0.0017854103222356696,-0.000157348048085252,-0.0016280622741504172,0.0026080789616988414,0.0039481458813150645,0.32500000000000007,0.003501807916734312,0.0027659348117503846,500,1.0,False,0.9833134684147795,0.006588988209119335
05D2ac,SNLS,1857,21,0.4807148878056102,41.98530493289531,0.1318716951103303,1.0,149.746812,2.489504,11.19,False,False,True,0.0025972822329915018,-0.0037049502972351686,-0.0011110012527883683,-0.0025939490444468016,0.003250816970318617,0.008231653029715085,0.4750000000000001,0.00630223253022667,0.004770701795968424,500,1.0,False,0.8962868117797695,-0.09771519947111063
05D2ah,SNLS,1858,21,0.1853802384382787,39.78179300516553,0.1231946114031041,1.0,150.3697,1.862732,9.22,False,False,True,0.0002852075225709474,-0.0012271818520454897,-0.00044555837335477877,-0.0007816234786907112,0.001081353082476811,0.002686023549370182,0.17500000000000004,0.001512389374616437,0.0010298720127430209,500,1.0,False,0.9819524200164069,0.03695774214668626
05D2ay,SNLS,1859,21,0.922235444724284,43.55042059191423,0.2797966325878315,1.0,150.284664,2.130321,10.33,False,False,True,0.009232741128604888,-0.006143354122290322,-0.00020477233679460846,-0.0059385817854957145,0.00721636462602399,0.014179760249493075,0.9250000000000003,0.01537609525089521,0.010509927151183983,500,1.0,False,0.990047770700637,-0.10460279575984405
05D2bt,SNLS,1860,21,0.6819549311831292,42.881601810729165,0.1581397709783387,1.0,150.417683,2.566161,9.72,False,False,True,0.024564258213498287,0.014022944934028487,0.014179522078391607,-0.00015657714436312104,0.017221097212881557,-0.03095466129428246,0.6750000000000002,0.0105413132794698,0.007967658280842949,500,1.0,False,0.972537532039546,-0.11375548047492295
05D2bv,SNLS,1861,21,0.4757183488291103,42.05065858257398,0.131997618683759,1.0,150.57083,2.2406,8.87,False,False,True,0.006796117535738926,0.0006025790995243191,0.0029750261466588287,-0.0023724470471345105,0.01015368291825217,-0.0012706312339519615,0.4750000000000001,0.006193538436214607,0.004664855153939687,500,1.0,False,0.9319804584742578,-0.005576393077575292
05D2bw,SNLS,1862,21,0.9222243599237224,43.67852646773165,0.2334312632334156,1.0,149.627324,2.536402,9.2,False,False,True,0.010412585971054059,-0.004963288196408355,0.0008780215264782322,-0.005841309722886587,0.01331400580532475,0.011453801176182745,0.9250000000000003,0.015375874167462413,0.010509835751269068,500,1.0,False,0.9238929889298892,0.023534778334423828
05D2by,SNLS,1863,21,0.893197041137191,43.73529151226681,0.2121275846628073,1.0,150.116802,2.521539,9.47,False,False,True,0.02372303191274103,0.00892609998664208,0.005433193011547847,0.0034929069750942333,0.023159109781532246,-0.019693937717700533,0.8750000000000002,0.01479693192609895,0.010270490491731272,500,1.0,False,0.9082605242255759,0.03724927252255204
05D2cb,SNLS,1864,21,0.4286564062199565,42.13442391632431,0.1403842826283596,1.0,149.852419,2.328181,9.56,False,False,True,0.001809263271654893,-0.00346486404540097,-0.0012583374466476791,-0.002206526598753292,0.006883920955227979,0.007620706575260377,0.42500000000000016,0.005274127317055863,0.004009017334087697,500,1.0,False,0.9619916381603952,0.32012308663362393
05D2ci,SNLS,1865,21,0.6318943633368803,42.37619356610406,0.1807574712400812,1.0,150.008506,2.215852,11.02,False,False,True,0.0028733914863433275,-0.006630526724461731,-0.003894364065289268,-0.0027361626591724656,0.00798095742120456,0.014740384742651283,0.6250000000000002,0.00950391821080506,0.0073362850300925445,500,1.0,False,0.9921617161716172,-0.4296167771122205
05D2ck,SNLS,1866,21,0.6999732966947172,43.08413901973477,0.2130129189842381,1.0,150.188339,2.572851,10.0,False,False,True,0.009593870747672298,-0.0013215309392615362,0.0016203589847436136,-0.0029418899240051507,0.014895697711149665,0.0030600281276846886,0.6750000000000002,0.010915401686933834,0.00802995939673335,500,1.0,False,0.9207269914926527,0.020606553410017533
05D2ct,SNLS,1867,21,0.7360205160199913,43.21914109504817,0.2149058591583269,1.0,150.425759,2.123794,9.81,False,False,True,0.016623916293287657,0.004966257617853234,0.007709250923336992,-0.00274299330548376,0.026560490691551922,-0.011278204016167609,0.7250000000000002,0.011657658675434423,0.00831874831145686,500,1.0,False,0.9747768723321691,0.06918059324820758
05D2dt,SNLS,1868,21,0.5758346987710707,42.66202269020845,0.1482696761366274,1.0,150.349691,1.857741,10.28,False,False,True,0.002544259430836803,-0.005805753673468553,-0.002409717587580877,-0.003396036085887677,0.0024781209019663266,0.012927965912987747,0.5750000000000002,0.008350013104305356,0.006692195127851964,500,1.0,False,0.9883575883575884,0.10661478774863481
05D2dw,SNLS,1869,21,0.4186441408963357,41.739642668919345,0.1320573737359622,1.0,149.633623,2.032241,8.84,False,False,True,0.003165391168910987,-0.0019165430610872001,0.0003731635223055735,-0.002289706583392775,0.0033005393596468604,0.004283312937096037,0.42500000000000016,0.005081934229998187,0.0038960511678907146,500,1.0,False,0.9845317725752508,-0.014551127535999983
05D2dy,SNLS,1870,21,0.5117573929890427,42.406907430765486,0.1377750798250512,1.0,150.242076,2.1831,7.77,False,False,True,0.0026525057982180254,-0.004325021569624733,-0.001576068697728918,-0.0027489528718958166,0.009111157234441827,0.009544943629039663,0.5250000000000001,0.006977527367842759,0.005428305979440165,500,1.0,False,0.9861619861619861,0.12739791333057396
05D2eb,SNLS,1871,21,0.5357823092612091,42.313002897311115,0.1446181512101254,1.0,150.060683,2.407438,8.71,False,False,True,0.07484078381835786,0.06734503169213661,-0.003605350520339729,0.07095038221247635,0.029463493129526234,-0.1535245940407179,0.5250000000000001,0.00749575212622125,0.005918892176368428,500,1.0,False,0.9545637314032972,-0.08477044048518866
05D2ec,SNLS,1872,21,0.6419054753419982,42.846451362100545,0.153638604379171,1.0,149.859101,2.013626,10.04,False,False,True,0.0014424103551738203,-0.008268903591600943,-0.004354322028365929,-0.003914581563235014,0.009094185784308621,0.018301549836189094,0.6250000000000002,0.009711313946774764,0.007477333967897436,500,1.0,False,0.9877991553261379,-0.00030384952704079135
05D2fq,SNLS,1873,21,0.7350091593347272,43.19729775226153,0.17491883108734,1.0,149.785425,2.602,10.92,False,False,True,0.01016629548498899,-0.0014709291501918947,0.0031100682770359165,-0.004580997427227812,0.009967477540706461,0.0035666014565681053,0.7250000000000002,0.011637224635180885,0.008300187256410563,500,1.0,False,0.9474629546475078,0.050940678202858414
05D2hc,SNLS,1874,21,0.3515705414575896,41.57254352889236,0.1294937053912542,1.0,150.019137,1.886025,11.0,False,False,True,0.006834187031128149,0.0029307877695597014,0.0045512295678868785,-0.0016204417983271774,0.0022770286780825232,-0.0063572654241795205,0.3750000000000001,0.0039033992615684476,0.00314143158380847,500,1.0,False,0.9749216300940439,0.25729372914428866
05D2he,SNLS,1875,21,0.6098719484868826,42.79817868828113,0.1564008517798084,1.0,150.360462,2.317729,9.46,False,False,True,0.005368427171603974,-0.003681557293717115,-0.0024924172942002846,-0.0011891399995168288,0.012745899457480421,0.008177495051734365,0.6250000000000002,0.00904998446532109,0.007070852332001679,500,1.0,False,0.9303354220420199,0.0846566372103533
05D2ie,SNLS,1876,21,0.3495667932089419,41.44043240840978,0.1349476938278106,1.0,150.262061,2.658085,9.31,False,False,True,0.002194400728519266,-0.0016791993320308496,-9.741280519654795e-05,-0.0015817865268343014,0.00473443518889638,0.003704684524960162,0.32500000000000007,0.0038736000605501157,0.003113553063011218,500,1.0,False,0.9185788304959289,0.1501781746181644
05D2le,SNLS,1877,21,0.701981657360887,43.049794847686925,0.1649485944029119,1.0,150.47865,2.092912,8.08,False,False,True,0.018142561385445084,0.007185463106068515,-0.0037709674020207067,0.01095643050808922,0.02192412082906862,-0.01591103216702982,0.7250000000000002,0.010957098279376569,0.008036903595447283,500,1.0,False,0.9867310012062727,0.02381432222809321
05D2mp,SNLS,1878,21,0.3552712971364582,41.61155723834156,0.1328144895891501,1.0,149.785962,2.204004,8.68,False,False,True,0.0009862265632497092,-0.002972209334018243,-0.0013053724702434758,-0.0016668368637747675,0.0023532827605073116,0.006547694170146123,0.3750000000000001,0.003958435897267952,0.003192920883538872,500,1.0,False,0.9911231184870706,0.2700154959222107
05D2my,SNLS,1879,21,0.9832953945276344,44.0167738839628,0.2332146013028966,1.0,149.631042,2.491221,10.65,False,False,True,0.007830092180843557,-0.008832688800351563,-0.002853021049837893,-0.00597966775051367,0.0248493758017399,0.01954927798760452,0.9750000000000003,0.01666278098119512,0.011249853815682047,500,1.0,False,0.8954765041721563,0.010943012116408954
05D2nn,SNLS,1880,21,0.8721662860714812,43.98999344949951,0.2639833251311104,1.0,149.707296,2.710264,10.0,False,False,True,0.003766332211982832,-0.010610280016910442,-0.006024471625327401,-0.004585808391583041,0.009514141436466646,0.023803849593362063,0.8750000000000002,0.014376612228893275,0.010102674256598682,500,1.0,False,0.8821345707656613,0.3547312755562267
05D2nt,SNLS,1881,21,0.7590437209508101,43.248335301088034,0.1655134042340394,1.0,150.24262,2.37273,9.1,False,False,True,0.007005288522732678,-0.005117544411374855,-0.0021155157417912292,-0.0030020286695836293,0.0045754605715758265,0.011686581803277314,0.7750000000000002,0.012122832934107533,0.008741284673048688,500,1.0,False,0.9602569249297471,0.05351121823104675
05D2ob,SNLS,1882,21,0.9262351300229984,43.70560234681074,0.2154817829328319,1.0,149.753025,1.848985,8.61,False,False,True,0.003329509306715727,-0.012127712389944003,-0.00777699707577633,-0.004350715314167673,0.008024410824147553,0.027252257208934032,0.9250000000000003,0.01545722169665973,0.010548576300803497,500,1.0,False,0.998172681589767,0.03916572491292099
06D2bk,SNLS,1938,21,0.5007390340923337,42.34928893797793,0.1459178991424042,1.0,149.678628,2.171984,8.65,False,False,True,0.002099889736192269,-0.004637945608149757,-0.0017728671671753127,-0.0028650784409744467,0.004295095687310686,0.010279737041838091,0.5250000000000001,0.006737835344342026,0.005194893152007152,500,1.0,False,0.9803266518188567,0.12577432483180032
06D2cc,SNLS,1939,21,0.5337777284016159,42.24271735730843,0.1664991638596686,1.0,149.86203,2.451355,10.91,False,False,True,0.011484679022775127,0.004031714363399036,-0.003228370206042923,0.007260084569441959,0.020163455484813173,-0.009108832571378716,0.5250000000000001,0.0074529646593760905,0.005879840053853791,500,1.0,False,0.9500998003992016,-0.14538125351767137
06D2cd,SNLS,1940,21,0.9322438482463464,43.70684871791934,0.3030325052103966,1.0,150.241504,2.534039,7.96,False,False,True,0.025383175223183382,0.00979952531801655,0.013515935395820172,-0.0037164100778036228,0.004160769226197286,-0.020996875991979115,0.9250000000000003,0.015583649905166832,0.010625703391898665,500,1.0,False,0.9178134556574924,0.023356610404329098
06D2ce,SNLS,1941,21,0.8221170817063757,43.421704888733665,0.2308921834338384,1.0,150.434247,2.713314,11.38,False,False,True,0.017815642602672696,0.004450465977649986,0.006221220772898915,-0.001770754795248929,0.018506423762393902,-0.00962803381978395,0.8250000000000003,0.01336517662502271,0.009762306485474053,500,1.0,False,0.8900562851782364,-0.06048001052149223
06D2ck,SNLS,1942,21,0.5538091969367016,42.488694065139235,0.1466817132822984,1.0,150.366733,1.86363,11.23,False,False,True,0.004507305577418976,-0.003373227664039034,-0.00013609008693591523,-0.00323713757710312,0.0018337180735184676,0.007603495032473123,0.5750000000000002,0.00788053324145801,0.0062700819139596565,500,1.0,False,0.9823914823914824,0.03425506111263315
06D2fb,SNLS,1943,21,0.1253068253746083,38.81367719111091,0.1242699209899541,1.0,149.883946,1.827922,9.75,False,False,True,3.3880499677530995e-05,-0.0006062109096943013,-0.0003460846047001528,-0.0002601263049941485,8.98579298304973e-05,0.0013218563758382814,0.125,0.0006400914093718323,0.0004260982778270343,500,1.0,False,0.976056338028169,-0.07979292479621021
06D2ga,SNLS,1944,21,0.8421373828261558,43.64367594885255,0.2516700502884966,1.0,149.783787,1.938493,9.1,False,False,True,0.01854876807880038,0.004780260098892295,0.007390548565128059,-0.0026102884662357667,0.014802468616609256,-0.01020567458316464,0.8250000000000003,0.013768507979908085,0.009914341838016946,500,1.0,False,0.9913988229968311,0.09818923946780253
06D2gb,SNLS,1945,21,0.4436787924195877,41.81371467802386,0.1472265781695226,1.0,150.197581,1.985406,10.94,False,False,True,0.009551577850657455,0.00398448671931494,0.001249905218352415,0.0027345815009625235,0.006612764115772338,-0.0086836110082855,0.42500000000000016,0.005567091131342515,0.004216675936471516,500,1.0,False,0.9975419909873003,-0.08835912084486132
b010,ESSENCE,509,14,0.5857853721710147,42.83014165098973,0.2934832130407622,1.0,37.666758333333334,-8.194574722222221,10.0,False,False,True,0.0011667975468806907,-0.0047249957342872986,-0.0038165286345688883,-0.0009084670997184098,0.0036860229625694093,0.010483589418278684,0.5750000000000002,0.005891793281167989,0.004177008643130809,500,1.0,False,0.0,0.23031108773998638
b013,ESSENCE,510,14,0.4259144419688205,41.76101378018824,0.229807877075423,1.0,37.836437499999995,-8.603726111111111,10.0,False,False,True,0.003373359412835371,-0.00011009794666992038,0.000710827792490857,-0.0008209257391607772,0.004874573747525833,0.00032139222440524893,0.42500000000000016,0.0034834573595052916,0.002478745279477622,500,1.0,False,0.0,-0.03695729169236508
c015,ESSENCE,515,14,0.3559603877243544,42.26316891414992,0.2541765546349844,1.0,37.50224583333333,-8.606266944444444,10.0,False,False,True,0.001001478646347364,-0.0016551599293273894,-0.0011058251950761897,-0.0005493347342512003,0.004615215849415371,0.0036526576344264997,0.3750000000000001,0.0026566385756747533,0.0017879921843504444,500,1.0,False,0.0,0.916759607263879
d083,ESSENCE,518,14,0.3319779821394666,40.61051375981808,0.2015815486199705,1.0,37.33832916666667,-9.03763611111111,10.0,False,False,True,0.0019996376461898758,-0.00037177439184830647,-3.9516759700858285e-05,-0.0003322576321474491,0.007533436940957146,0.0008035582220201768,0.32500000000000007,0.0023714120380381822,0.0015820438629452432,500,1.0,False,0.0,-0.5504629830348738
d084,ESSENCE,519,14,0.5208309384979912,42.54869751491263,0.3281211104175942,1.0,37.21225,-9.166132500000002,10.0,False,False,True,0.0016433087033793999,-0.00316676578340234,-0.0026504815669842275,-0.0005162842164181132,0.006171018237323134,0.00701905772497724,0.5250000000000001,0.00481007448678174,0.0033575894971760124,500,1.0,False,0.0,0.2239208898855675
d089,ESSENCE,522,14,0.4228972542095237,41.784202798921456,0.2271293795813114,1.0,37.11903333333334,-8.145814444444442,10.0,False,False,True,0.0003357700578061465,-0.003110038328166788,-0.0023139152673136475,-0.0007961230608531399,0.00032071090263544413,0.006872211227523669,0.42500000000000016,0.0034458083859729345,0.0024477077938619405,500,1.0,False,0.0,0.004314200894131018
d093,ESSENCE,523,14,0.3619546097109614,41.54380796189831,0.2088908411799371,1.0,37.4673,-8.541154166666667,10.0,False,False,True,0.0008672845566039492,-0.0018606442479435186,-0.0013587840224220703,-0.0005018602255214489,0.0031113589146746644,0.004113050664501694,0.3750000000000001,0.002727928804547468,0.0018394674190554134,500,1.0,False,0.0,0.15542182233014928
d097,ESSENCE,524,14,0.432912347562709,41.88895872797352,0.2205292765306143,1.0,37.97747916666667,-8.596835833333333,10.0,False,False,True,0.0017651220048655327,-0.0018173952691339353,-0.0010003818235786678,-0.000817013445555267,0.004378705907367766,0.004046270301279702,0.42500000000000016,0.003582517273999468,0.002549556284803611,500,1.0,False,0.0,0.04950354369374075
d117,ESSENCE,525,14,0.2960130705315247,41.12270307133761,0.22428974196205,1.0,37.778483333333334,-8.760148611111111,10.0,False,False,True,0.002635213813559705,0.0007176329661571349,0.0011645612874096498,-0.000446928321252515,0.001031018602799829,-0.0015291281152030236,0.275,0.0019175808474025699,0.0012688437703733185,500,1.0,False,0.0,0.2380853875690461
e138,ESSENCE,529,14,0.6097904449161933,42.558453430026034,0.3341894939252909,1.0,38.4458,-8.606150277777777,10.0,False,False,True,0.0018811288450085004,-0.004416216979873339,-0.0029979740393577927,-0.0014182429405155466,0.006543547097619623,0.009807977812130997,0.6250000000000002,0.00629734582488184,0.0044108717423518564,500,1.0,False,0.0,-0.15472121837557518
e140,ESSENCE,530,14,0.6047733454614017,42.45888648890575,0.2523187120700767,1.0,37.7670375,-8.18238972222222,10.0,False,False,True,0.004698178256142565,-0.001514406423978122,-0.002805001528549277,0.0012905951045711554,0.012281579442456964,0.003377376554116414,0.6250000000000002,0.006212584680120687,0.004361993972221648,500,1.0,False,0.0,-0.23281778033834166
e147,ESSENCE,531,14,0.6397501084702362,42.982134743103686,0.2065592923526196,1.0,37.76105,-8.664141388888888,10.0,False,False,True,0.005712267615765465,-0.0011445825007223923,0.0003945202743877215,-0.0015391027751101136,0.0055587083623044806,0.0027061906363507644,0.6250000000000002,0.006856850116487857,0.004776387749296982,500,1.0,False,0.0,0.1441431922447146
e148,ESSENCE,532,14,0.4259144641010712,41.98000577240521,0.2153654734786607,1.0,37.83733333333333,-8.603943055555556,10.0,False,False,True,0.002620309226968655,-0.0008631484458330695,-4.2158024347955115e-05,-0.0008209904214851143,0.00510761707855652,0.0019589967650772587,0.42500000000000016,0.0034834576728017246,0.0024787455034313323,500,1.0,False,0.0,0.18203456832101717
e149,ESSENCE,533,14,0.4898672055770905,42.51187923344102,0.2369708049187981,1.0,37.89386666666667,-8.61290611111111,10.0,False,False,True,0.009451650380247532,0.005068410664745042,0.006107003612733641,-0.0010385929479886002,0.009483483469529177,-0.011055437272135007,0.4750000000000001,0.00438323971550249,0.00309940395260159,500,1.0,False,0.0,0.380465488711046
f244,ESSENCE,538,14,0.5427960046880207,42.573699040581545,0.2073679245004891,1.0,36.94705833333333,-7.562838888888889,10.0,False,False,True,0.001153301337337837,-0.00401394093153793,-0.0028226257951918902,-0.0011913151363460402,0.008784523164836253,0.008829249707516768,0.5250000000000001,0.005167242268875767,0.0036342295462579444,500,1.0,False,0.0,0.14234186828922715
g160,ESSENCE,547,14,0.5058550491284619,42.23186548575128,0.2579824108249405,1.0,37.83309583333333,-8.82270861111111,10.0,False,False,True,0.00036738059483510885,-0.00423625139581492,-0.003152955350604622,-0.0010832960452102983,0.0017137911967599314,0.009371209846922674,0.5250000000000001,0.0046036319906500285,0.0032327157242935355,500,1.0,False,0.0,-0.017790979216728887
h300,ESSENCE,551,14,0.6547441215317171,42.96882375241567,0.3146222556053313,1.0,37.919500000000006,-8.817604722222223,10.0,False,False,True,0.0016750152611196313,-0.005489384906937102,-0.004760758500425604,-0.0007286264065114966,0.010382265763970229,0.012125101034221585,0.6750000000000002,0.007164400168056733,0.004997322573742407,500,1.0,False,0.0,0.07976364204721013
h323,ESSENCE,554,14,0.5967725637580008,42.56736344417648,0.2881035182232258,1.0,37.453320833333336,-8.34607638888889,10.0,False,False,True,0.005018069168525363,-0.0010593466909898886,0.00024702863720225607,-0.001306375328192144,0.005510429850736861,0.0024755023059010953,0.5750000000000002,0.006077415859515252,0.0042840484635697645,500,1.0,False,0.0,-0.08069396183208782
h364,ESSENCE,557,14,0.3429694543852561,41.24847234350077,0.2061471456886638,1.0,37.4247625,-8.730411111111113,10.0,False,False,True,0.00136789332726017,-0.0011342420262977248,-0.0006416285042701586,-0.000492613522027567,0.0018176930075302117,0.0025295140505913445,0.32500000000000007,0.0025021353535578947,0.0016764328620295814,500,1.0,False,0.0,0.0059866215261218225
k429,ESSENCE,560,14,0.1710880850435077,39.691441739625006,0.2022758906319098,1.0,37.01295833333333,-7.708237777777779,10.0,False,False,True,0.0003439442267785337,-0.00019873528647873403,-0.00013677662182438204,-6.195866465435196e-05,0.0005616711924496517,0.00043808658161450425,0.17500000000000004,0.0005426795132572678,0.0003393426152408205,500,1.0,False,0.0,0.13826290522105092
k441,ESSENCE,563,14,0.6697199856552165,42.91292452906504,0.2789680176945915,1.0,37.575154166666664,-8.37362361111111,10.0,False,False,True,0.0022932038416205473,-0.005178374115636787,-0.004091067880018782,-0.0010873062356180044,0.005439859885531541,0.011538296559257573,0.6750000000000002,0.007471577957257334,0.005217989975956679,500,1.0,False,0.0,-0.0351492357950904
k467,ESSENCE,565,14,0.6057705876858441,43.21458949872306,0.2943474667027493,1.0,37.799170833333335,-7.7928122222222225,10.0,False,False,True,0.005751346145294073,-0.00047808639548984483,0.0012111582074603921,-0.0016892446029502367,0.016831977403586353,0.0009808991531358932,0.6250000000000002,0.006229432540783918,0.004371709341958614,500,1.0,False,0.0,0.5186041535154639
k490,ESSENCE,566,14,0.7146824472790898,42.75402241281803,0.3303625504990369,1.0,37.60133333333333,-7.889148611111111,10.0,False,False,True,0.011400496856692574,0.0030362197678518252,0.004869023806051141,-0.001832804038199314,0.00415236193924731,-0.006364240686839887,0.7250000000000002,0.008364277088840749,0.005600740591570041,500,1.0,False,0.0,-0.318880934152309
m039,ESSENCE,569,14,0.2470291006506064,40.42038933090828,0.2272438619490624,1.0,37.01931666666667,-7.712325833333333,10.0,False,False,True,0.00035672679653746427,-0.000970542123766322,-0.0006994634953744016,-0.0002710786283919203,0.0007263238743430734,0.00213441806348496,0.22500000000000003,0.0013272689203037862,0.0008782729895265663,500,1.0,False,0.0,-0.02243975481845524
m087,ESSENCE,571,14,0.286031958012283,40.755575880817744,0.2554595276816742,1.0,38.404183333333336,-8.459017222222224,10.0,False,False,True,0.0031681244029173475,0.001378235770089603,0.0015532635554349626,-0.00017502778534535962,0.004902176226509221,-0.002988933419756843,0.275,0.0017898886328277445,0.0011816325789490991,500,1.0,False,0.0,-0.04414722695029114
m193,ESSENCE,573,14,0.3289694799768823,41.005213271280454,0.2282545574986334,1.0,37.21749583333334,-7.702711944444444,10.0,False,False,True,0.0005707876889168313,-0.0017648437577095048,-0.0015312179363479578,-0.00023362582136154746,0.002409195246805159,0.0038900816947858284,0.32500000000000007,0.002335631446626336,0.0015562084242051618,500,1.0,False,0.0,-0.1330176301439726
n256,ESSENCE,575,14,0.629732238569312,43.019032939899034,0.2562572272619775,1.0,37.03755,-7.797115555555555,10.0,False,False,True,0.005786242474950685,-0.0008651258674446547,-0.0017178765852956124,0.0008527507178509586,0.008753979855356244,0.002037113027985841,0.6250000000000002,0.00665136834239534,0.004628775744505307,500,1.0,False,0.0,0.2221466712065615
n322,ESSENCE,580,14,0.7686405709344031,43.83656107114667,0.4251923034053536,1.0,37.25202916666667,-9.048053333333334,10.0,False,False,True,0.015789961945253856,0.006369530904374081,-0.004374811131912345,0.010744342036286426,0.02605894032654045,-0.014389137035201414,0.7750000000000002,0.009420431040879775,0.006312653552203858,500,1.0,False,0.0,0.6087675261566571
n404,ESSENCE,582,14,0.2840252995979999,40.78879166589746,0.2029482620027824,1.0,37.880970833333336,-8.919864444444444,10.0,False,False,True,0.00012218294646740356,-0.0016420337328259984,-0.0012732089103945218,-0.00036882482243147667,0.0018885416313156437,0.00360367261965996,0.275,0.001764216679293402,0.0011640991556204178,500,1.0,False,0.0,0.00646670065308099
n406,ESSENCE,583,14,0.7686546099321914,43.523874610289496,0.3201340134004507,1.0,37.831670833333334,-8.752718611111112,10.0,False,False,True,0.008299426841791278,-0.0011212783510620196,-0.0026328154093755575,0.001511537058313537,0.020059681575935222,0.002401690106070671,0.7750000000000002,0.009420705192853297,0.006312857065142364,500,1.0,False,0.0,0.2960331270836133
p524,ESSENCE,590,14,0.5098453344808607,42.570399182344104,0.2654303387553638,1.0,37.542316666666665,-8.880793333333333,10.0,False,False,True,0.0024802166668952534,-0.002178421370347445,-0.0011209298698006288,-0.0010574915005468173,0.004493972043221015,0.0048832919477909565,0.5250000000000001,0.004658638037242698,0.003265988004459116,500,1.0,False,0.0,0.30052494528179874
q008,ESSENCE,593,14,0.2860380006647554,40.58945450901274,0.2066067381017785,1.0,38.6765875,-8.511079166666667,10.0,False,False,True,0.000374228470033254,-0.0014157374687736204,-0.0010106176488482075,-0.0004051198199254131,0.0007486864117648703,0.003116406844681008,0.275,0.0017899659388068744,0.0011816853773641519,500,1.0,False,0.0,-0.21032081899164454
q014,ESSENCE,594,14,0.2680257659046412,40.78362641178055,0.2115015141247825,1.0,37.5432875,-8.115026111111112,10.0,False,False,True,0.00018880722355257663,-0.001379786940441509,-0.0011350080584386568,-0.0002447788820028518,0.0010377910368806174,0.003030382608641477,0.275,0.0015685941639940857,0.001033634689250703,500,1.0,False,0.0,0.14423841875625512
q018,ESSENCE,595,14,0.2690336668322792,40.61538683236875,0.2131874371099654,1.0,37.912570833333334,-8.301436111111112,10.0,False,False,True,0.0004143196423538165,-0.0011658588343887507,-0.0008149218992440013,-0.0003509369351447493,0.0017514149668480371,0.0025639930509442853,0.275,0.001580178476742567,0.0010410925021641744,500,1.0,False,0.0,-0.033235675065978555
q021,ESSENCE,596,14,0.3589754450029876,41.49740597527517,0.241373503910325,1.0,38.43299583333334,-8.097236111111112,10.0,False,False,True,0.00016057993228885389,-0.0025319171958282944,-0.0018840684677641612,-0.0006478487280641339,0.0004766151299302241,0.005579281067998927,0.3750000000000001,0.0026924971281171483,0.0018138839149892726,500,1.0,False,0.0,0.12980130634806558
q049,ESSENCE,599,14,0.4189272542020283,41.92704123193826,0.2503663885431936,1.0,38.01087916666667,-9.12255027777778,10.0,False,False,True,0.0017777289090282788,-0.0016214372850890393,-0.0009302782901451417,-0.0006911589949438973,0.00468559443488384,0.0036106550781430644,0.42500000000000016,0.003399166194117318,0.0024065787718934,500,1.0,False,0.0,0.17112949341198425
q054,ESSENCE,600,14,0.32599038645554,41.17580162960339,0.2087613032281336,1.0,37.72624166666667,-8.961688333333333,10.0,False,False,True,0.00021570484832796895,-0.0020844957685019,-0.0015308297712667601,-0.0005536659972351403,0.0019098331869197302,0.004585338402991704,0.32500000000000007,0.002300200616829869,0.0015306255314524776,500,1.0,False,0.0,0.060284886783991895
q067,ESSENCE,601,14,0.1820930541231522,39.50159990807549,0.2061209928502986,1.0,37.65549166666666,-7.951260555555555,10.0,False,False,True,0.000257675743146561,-0.0003846115291518608,-0.00029651485297237757,-8.809667617948331e-05,0.0009591662528626998,0.0008432725025648478,0.17500000000000004,0.0006422872722984218,0.00040723963746268127,500,1.0,False,0.0,-0.20040575445083794
q075,ESSENCE,603,14,0.4269120826247028,41.8662621624282,0.2423107253387247,1.0,37.907291666666666,-8.111138333333333,10.0,False,False,True,0.0021942217127012297,-0.0013033579004900681,-0.0004523325481919382,-0.000851025352298129,0.001867078133237077,0.002942771080964415,0.42500000000000016,0.003497579613191298,0.0024888402910277635,500,1.0,False,0.0,0.06233833390737196
q106,ESSENCE,605,14,0.4738721158190695,42.195437458119784,0.2508680513299732,1.0,37.5704625,-8.679818055555558,10.0,False,False,True,0.006794208393948361,0.002631878905174254,-0.00045680556614572905,0.0030886844713199826,0.000767676713115515,-0.005614963064883292,0.4750000000000001,0.004162329488774107,0.002964023489203374,500,1.0,False,0.0,0.14916636849984155
r193,ESSENCE,614,14,0.6117862555751836,43.19974873118903,0.2731198503585502,1.0,38.3728625,-8.503299722222222,10.0,False,False,True,0.057232943254672736,0.05090187930287177,0.010279034144051118,0.040622845158820656,0.02672412595176887,-0.11481810092428851,0.6250000000000002,0.006331063951800964,0.00443031540207847,500,1.0,False,0.0,0.47807975452511414
r199,ESSENCE,616,14,0.4089339892367944,41.77001469351798,0.2486866226048269,1.0,38.06646666666667,-8.8095375,10.0,False,False,True,0.003001305031865219,-0.0002804536607678579,9.178010423957711e-05,-0.0003722337650074349,0.006958685494135175,0.0006658332843962507,0.42500000000000016,0.003281758692633077,0.0023030489951889766,500,1.0,False,0.0,0.07540723277751703
r230,ESSENCE,622,14,0.2590564141878402,40.63804520407324,0.1995804446347051,1.0,38.454800000000006,-8.987713333333334,10.0,False,False,True,0.0016852736939639804,0.0002197688045100536,0.00022545658488652676,-5.687780376473011e-06,0.0013075685765686663,-0.0004509569293938073,0.275,0.0014655048894539268,0.0009672673060836057,500,1.0,False,0.0,0.08228161046646944
s370,ESSENCE,635,14,0.4388923753940394,42.1142410772205,0.2340471691105163,1.0,37.48555833333334,-7.997458333333334,10.0,False,False,True,0.0004900420544789204,-0.003177126410894395,-0.0024359464460921992,-0.0007411799648021962,0.0017195000787211471,0.0070243165699418846,0.42500000000000016,0.0036671684653733156,0.002610067501614497,500,1.0,False,0.0,0.2398284533549906
s374,ESSENCE,638,14,0.7556934159450979,43.02222827868941,0.3683405884105715,1.0,38.89260416666667,-8.572796944444445,10.0,False,False,True,0.007627611509676509,-0.0015399889413447842,0.001180447588045564,-0.002720436529390349,0.004942889712688092,0.0037021132519438095,0.7750000000000002,0.009167600451021293,0.006124968248958208,500,1.0,False,0.0,-0.16099112716184752
x055,ESSENCE,648,14,0.3484663886920651,40.353306663173385,0.2133993551114566,1.0,37.6025375,-8.298444722222222,10.0,True,False,True,0.00019822263952574916,-0.002369288621982547,-0.0018550784115630783,-0.0005142102104194689,0.0009964646217962233,0.005219252485119466,0.32500000000000007,0.002567511261508296,0.0017236376509468093,500,1.0,False,0.0,-0.9290383985895522
x077,ESSENCE,651,14,0.5188423821555461,42.22903738012799,0.2480088815303611,1.0,37.59975,-9.227735,10.0,False,False,True,0.0017424304783647904,-0.003040231777670362,-0.0018816978063455514,-0.001158533971324811,0.0015186837236675873,0.0067806002332581085,0.5250000000000001,0.004782662256035152,0.003341008276058304,500,1.0,False,0.0,-0.08588232913995784
x085,ESSENCE,653,14,0.6337486969137429,43.06209410474183,0.3737680548992086,1.0,37.42525416666667,-9.034792222222222,10.0,False,False,True,0.009831894626177992,0.003098142603983993,0.003984065540672618,-0.0008859229366886235,0.02419785782681972,-0.007219045281012349,0.6250000000000002,0.006733752022193999,0.0046879577337153085,500,1.0,False,0.0,0.2486532185447624
x093,ESSENCE,654,14,0.4992523953645407,42.34911778851394,0.5103823607068751,1.0,37.429725000000005,-9.115258611111113,10.0,False,False,True,0.00252617036684119,-0.0019864441028801185,-0.001076029135183918,-0.0009104149676962003,0.005641299863737624,0.004441821195129285,0.4750000000000001,0.004512614469721309,0.0031776606777321544,500,1.0,False,0.0,0.16895177544400763
x107,ESSENCE,655,14,0.1451153241454577,39.24736773850922,0.2102832425891005,1.0,37.34727083333333,-7.874357222222223,10.0,False,False,True,9.820403162743972e-06,-0.0003454457574504398,-0.00032172332750068537,-2.3722429949754467e-05,4.1711575734003245e-05,0.0007539423586878606,0.125,0.0003552661606131838,0.0002266359421747758,500,1.0,False,0.0,0.009488029928226657
y127,ESSENCE,657,14,0.5508005326315972,42.5802681591794,0.2695582706849975,1.0,37.143254166666665,-8.397080833333334,10.0,False,False,True,0.0014942666451710964,-0.003807777536720865,-0.002471890511266953,-0.0013358870254539129,0.002813796611493598,0.008470210716482518,0.5750000000000002,0.005302044181891961,0.003743024292474229,500,1.0,False,0.0,0.13991496923125096
y136,ESSENCE,659,14,0.51883699169031,42.64675497888291,0.3327265045731641,1.0,37.52980416666667,-8.719265000000002,10.0,False,False,True,0.017212894713926417,0.012430306765404575,0.011809069539060541,0.0006212372263440338,0.023292023514407265,-0.027733051305353487,0.5250000000000001,0.004782587948521841,0.0033409633286288045,500,1.0,False,0.0,0.33186203744598497
y142,ESSENCE,661,14,0.5807942719271146,42.20122374083499,0.2354336215540281,1.0,37.554770833333336,-9.2609775,10.0,False,False,True,0.0035989007111416555,-0.0022085706676796286,-0.0007565925751224388,-0.0014519780925571894,0.009419318540205996,0.004918786779396257,0.5750000000000002,0.005807471378821284,0.004128384163465533,500,1.0,False,0.0,-0.3764152149786834
y175,ESSENCE,668,14,0.4119424111195477,41.39277932450505,0.23966138980533,1.0,38.73935416666667,-8.06608861111111,10.0,False,False,True,0.0006943295230730712,-0.0026227741041627995,-0.0018361915674997707,-0.0007865825366630284,0.0006802178144009081,0.005806851080053503,0.42500000000000016,0.003317103627235871,0.0023342161109251957,500,1.0,False,0.0,-0.32042891465619544
y177,ESSENCE,669,14,0.3050165701996106,40.84203290757182,0.2028575814415224,1.0,38.32931666666667,-8.541726944444445,10.0,False,False,True,0.0005689746619232014,-0.001463791422528368,-0.0012459354013063418,-0.00021785602122202657,0.004496731995173312,0.0032171188642667113,0.32500000000000007,0.0020327660844515695,0.0013475129499389837,500,1.0,False,0.0,-0.10790183586904813
z204,ESSENCE,678,14,0.6188407844990886,42.76790432706479,0.3183290637624158,1.0,36.97859583333333,-8.015410833333334,10.0,False,False,True,0.0011078318156670323,-0.005342414534794534,-0.004141781857306667,-0.0012006326774878667,0.007213707641511238,0.011818039316286326,0.6250000000000002,0.006450246350461567,0.004499042292232149,500,1.0,False,0.0,0.01642035306078302
z205,ESSENCE,679,14,0.4049290252945376,41.49148336005446,0.2160903984982554,1.0,37.598508333333335,-9.205561666666666,10.0,False,False,True,0.0011387641807130177,-0.0020959415405807924,-0.0013367726902764338,-0.000759168850304359,0.0004978348833146376,0.004657855376417152,0.42500000000000016,0.0032347057212938103,0.0022615577484249205,500,1.0,False,0.0,-0.17816317061123277
d058,ESSENCE,517,17,0.5822986628335332,42.10801994102729,0.3312089369576836,1.0,16.99382916666667,0.0505327777777777,10.0,False,False,True,0.010670974461621907,-2.7807588209539588e-05,0.0016862987455522772,-0.0017141063337618168,0.013202012748761885,0.0002702608830611082,0.5750000000000002,0.010698782049831447,0.007048629497661721,500,1.0,False,0.0,-0.4763268496161767
f041,ESSENCE,535,17,0.556325685874058,42.58820335603343,0.2046815142993756,1.0,17.0364125,0.4526611111111112,10.0,False,False,True,0.002874634146777773,-0.007162831031859867,-0.004791393445055342,-0.0023714375868045265,0.004564826387329003,0.016020514368903428,0.5750000000000002,0.01003746517863764,0.006661318006805405,500,1.0,False,0.0,0.12203816012352503
f235,ESSENCE,537,17,0.4154926787464625,41.78498237182471,0.2243876990955425,1.0,18.041808333333336,0.3309075000000001,10.0,False,False,True,0.0010491568756322604,-0.005332315012296679,-0.0029430281444229123,-0.002389286867873768,0.007477322564290233,0.011761504405187105,0.42500000000000016,0.006381471887928939,0.004129536502354678,500,1.0,False,0.0,0.04998517730952521
g120,ESSENCE,545,17,0.5044023834831273,41.94240140834185,0.2451163921315832,1.0,18.37072916666667,0.5878275,10.0,False,False,True,0.0020514604594422487,-0.0066463053141687005,-0.004359992432347491,-0.002286312881821211,0.005417702934468699,0.014792892724833348,0.5250000000000001,0.00869776577361095,0.005711963729284148,500,1.0,False,0.0,-0.2998575487161138
g230,ESSENCE,548,17,0.3905191533901728,42.19043527373155,0.2977322007134812,1.0,17.984641666666665,0.1242891666666666,10.0,False,False,True,0.0018220950256185207,-0.003942415647992716,-0.0023184763837765226,-0.0016239392642161945,0.005976109727985034,0.00870689997065377,0.3750000000000001,0.005764510673611237,0.0037471456586193747,500,1.0,False,0.0,0.6104777094672132
k425,ESSENCE,559,17,0.2686567337013641,40.746184258414,0.2099927782144037,1.0,18.409058333333338,-0.4608458333333333,10.0,False,False,True,0.0001614105135723573,-0.00267315287395481,-0.0020000525215585394,-0.0006731003523962705,0.0015561034600448252,0.005861616367113736,0.275,0.002834563387527167,0.0018945534486113009,500,1.0,False,0.0,0.10101150499988433
k430,ESSENCE,561,17,0.5743282404936323,42.5881022258689,0.321668557748717,1.0,18.384925,0.6209597222222223,10.0,False,False,True,0.00412891398843723,-0.0063734704499725835,-0.003422203713078282,-0.0029512667368943027,0.00443103874793488,0.014334179943456506,0.5750000000000002,0.010502384438409814,0.006942510813081318,500,1.0,False,0.0,0.039482847699291716
k448,ESSENCE,564,17,0.4074898064083947,42.142440127308426,0.3264892824558839,1.0,17.2014,0.0137358333333333,10.0,False,False,True,0.0014453270370261544,-0.004738437007685514,-0.002817567272547147,-0.0019208697351383683,0.0015603766248562167,0.010510797865218165,0.42500000000000016,0.006183764044711669,0.004006997731316134,500,1.0,False,0.0,0.4568072001712999
m001,ESSENCE,567,17,0.2856194697877432,40.793392895515595,0.2272838400766907,1.0,17.091708333333337,-0.0962927777777778,10.0,False,False,True,0.0033525886898212024,0.00014366963154048042,0.0007351687929686226,-0.0005914991614281421,0.00287067820025491,-0.0002611556733213543,0.275,0.003208919058280722,0.0021360256206571894,500,1.0,False,0.0,-0.0027630981140278426
m027,ESSENCE,568,17,0.2876195094507323,41.26620941139167,0.2601510523243437,1.0,17.31255416666667,0.1374436111111111,10.0,False,False,True,0.001204195402019673,-0.002054859817522516,-0.0011824766416916898,-0.0008723831758308263,0.00025041619071067354,0.004534932282682361,0.275,0.0032590552195421885,0.0021706645383823718,500,1.0,False,0.0,0.4528017583084134
m062,ESSENCE,570,17,0.3125933768214286,41.16040189266787,0.2505305763251454,1.0,17.4704625,0.6052830555555555,10.0,False,False,True,0.0004048656141278228,-0.0034802241111243537,-0.002213248773150896,-0.0012669753379734574,0.0022359695121031637,0.007652938989038502,0.32500000000000007,0.0038850897252521764,0.002603189829326011,500,1.0,False,0.0,0.149467480864106
n246,ESSENCE,574,17,0.7041997244415104,42.50123536679838,0.3940531848165791,1.0,18.637808333333332,-0.4397733333333333,10.0,False,False,True,0.004598938262879068,-0.009037009049377617,-0.003910289723681453,-0.0051267193256961646,0.007265569110559615,0.020380379876406642,0.7250000000000002,0.013635947312256685,0.008997547593148176,500,1.0,False,0.0,-0.5329982211461847
p445,ESSENCE,586,17,0.8050809213896892,43.79577266265427,0.3738731076532992,1.0,18.3106125,0.8132386111111111,10.0,False,False,True,0.01021245829370225,-0.00574538872802241,-0.004955631739345573,-0.0007897569886768391,0.009489557963092306,0.013318453200985604,0.8250000000000003,0.01595784702172466,0.010163566225103242,500,1.0,False,0.0,0.3686454036105315
q022,ESSENCE,597,17,0.2246966383433939,40.39461066225286,0.2134071343017908,1.0,18.016145833333336,-0.0247347222222222,10.0,False,False,True,0.005968360244228303,0.0038825269221212716,0.004432847254882085,-0.0005503203327608139,0.007467958181545583,-0.008495978778057987,0.22500000000000003,0.0020858333221070316,0.0014951601919956543,500,1.0,False,0.0,0.182665609806607
q048,ESSENCE,598,17,0.4384830661725869,41.606151674105774,0.2817531475705998,1.0,18.798570833333333,-0.4675419444444444,10.0,False,False,True,0.0022555983322800803,-0.004717739949746193,-0.003367122552188369,-0.0013506173975578253,0.006460224220207449,0.010468647031170066,0.42500000000000016,0.006973338282026273,0.004485483053403277,500,1.0,False,0.0,-0.2658824616980176
q069,ESSENCE,602,17,0.2606551436080841,40.33810783676125,0.2198287620032631,1.0,17.881216666666667,0.4094897222222223,10.0,False,False,True,0.0008145513785360679,-0.0018835867462761223,-0.0011352454780829686,-0.0007483412681931542,0.001013169100286829,0.004143358459786439,0.275,0.00269813812481219,0.0018219551551644476,500,1.0,False,0.0,-0.23275560574309126
q102,ESSENCE,604,17,0.4334851710712231,41.78701046901814,0.2275623024264143,1.0,18.805825,0.3992533333333333,10.0,False,False,True,0.022323618576874996,0.015482609779739163,-0.002688575829980944,0.018171185609720107,0.007797894308162264,-0.03397218639255048,0.42500000000000016,0.006841008797135831,0.004407502525558266,500,1.0,False,0.0,-0.05581271229900644
q112,ESSENCE,608,17,0.635247516353769,42.93743809888635,0.3272123969046318,1.0,17.1832375,-0.5268313888888889,10.0,False,False,True,0.007584679608468035,-0.004410720295341593,-0.003522795731319076,-0.0008879245640225171,0.007969568481329438,0.010109723533091069,0.6250000000000002,0.011995399903809628,0.007813027202586986,500,1.0,False,0.0,0.11784513032581376
q114,ESSENCE,609,17,0.6851906671418928,42.666132343065826,0.3396922741534831,1.0,17.202758333333332,0.2895319444444444,10.0,False,False,True,0.01856507345930393,0.005368108394451794,0.00020466498714050152,0.005163443407311297,0.02891984353188411,-0.012213250623049145,0.6750000000000002,0.013196965064852136,0.008743952153700897,500,1.0,False,0.0,-0.3415940575428651
q125,ESSENCE,610,17,0.3475510501498322,41.404310938465734,0.219810934960039,1.0,16.951633333333334,-0.1098483333333333,10.0,False,False,True,0.005780227158451713,0.0010496634480162076,-0.0008129001823955892,0.0018625636304117964,0.0035424428312302914,-0.0022402647691882223,0.32500000000000007,0.004730563710435506,0.0031299232700866464,500,1.0,False,0.0,0.12856254487806015
r185,ESSENCE,611,17,0.1777472901435295,39.6645725243888,0.2149632136763202,1.0,17.950991666666663,-0.4971052777777778,10.0,False,False,True,0.0014198210431341225,1.383962923295662e-05,-0.0008725166583780109,0.000886356287610967,0.0010693651641015438,-4.1014039002066575e-05,0.17500000000000004,0.0014059814139011659,0.0009849912110735013,500,1.0,False,0.0,0.02030830057393354
r206,ESSENCE,617,17,0.6082997539622976,42.72681218217642,0.2985645568444199,1.0,18.700208333333336,0.1109361111111111,10.0,False,False,True,0.006466331554005219,-0.0048703039300397825,-0.0035203206583732053,-0.0013499832716665785,0.007014947882003178,0.011090658969591057,0.6250000000000002,0.011336635484045001,0.0073892921794006545,500,1.0,False,0.0,0.01999928283781802
r311,ESSENCE,623,17,0.7970841283453916,42.81530200270573,0.4751362720976185,1.0,17.729879166666667,-0.4645247222222222,10.0,False,False,True,0.012138782330751323,-0.0036406234388006165,0.002112316567770202,-0.00575294000657082,0.009651824653541119,0.008687728503024149,0.7750000000000002,0.01577940576955194,0.010060530353635584,500,1.0,False,0.0,-0.5079193447517528
r317,ESSENCE,624,17,0.7341569340785563,43.054546083721334,0.4373220691876117,1.0,18.352741666666667,0.8577102777777779,10.0,False,False,True,0.007783618495923978,-0.006547007752579208,-0.0016465849226352976,-0.0049004228299439085,0.008858309042374706,0.01496004552114592,0.7250000000000002,0.014330626248503186,0.009366781640745541,500,1.0,False,0.0,-0.0887708322935744
s340,ESSENCE,627,17,0.5293587014211465,42.3216718255039,0.2917167946195751,1.0,17.34701666666667,0.7117536111111112,10.0,False,False,True,0.008973654776936,-0.00036738310484994013,0.0029439445369413356,-0.003311327641791274,0.014859422436546511,0.0008929953768714201,0.5250000000000001,0.00934103788178594,0.0062401043404478485,500,1.0,False,0.0,-0.044977728659029485
s346,ESSENCE,628,17,0.2686427786647203,41.26884915404476,0.2425748075586007,1.0,17.322008333333336,-0.6744352777777779,10.0,False,False,True,0.0009801157151229413,-0.001854209742253076,-0.0012267107694929958,-0.0006274989727600809,0.005036934192657695,0.004058436454889007,0.275,0.0028343254573760172,0.0018944268347966067,500,1.0,False,0.0,0.6238042054061763
s347,ESSENCE,629,17,0.3115880212286437,41.265431483933114,0.2365219007475947,1.0,16.96933333333333,0.4653591666666666,10.0,False,False,True,0.0005297335954159365,-0.0033301542945638075,-0.0022302717643789952,-0.001099882530184812,0.0021031376046184245,0.007325970594863783,0.32500000000000007,0.0038598878899797438,0.0025857779597978922,500,1.0,False,0.0,0.2625117608234598
s349,ESSENCE,630,17,0.2136988338253225,40.37895599881525,0.2209735707517394,1.0,17.322070833333335,0.1531636111111111,10.0,False,False,True,0.00011745201948132645,-0.0018091271558832056,-0.0013543033425381012,-0.00045482381334510484,0.000350413211366978,0.003959745707207217,0.22500000000000003,0.001926579175364532,0.001375653980759654,500,1.0,False,0.0,0.2886468271403063
s377,ESSENCE,639,17,0.3974998568329322,41.2777284711475,0.2325251744181096,1.0,17.225945833333334,0.2990305555555556,10.0,False,False,True,0.020589462095562578,0.014652495863058774,-0.0026781585125894443,0.017330654375648215,0.011281107121618878,-0.03225399557468002,0.3750000000000001,0.0059369662325038045,0.0038540331341063083,500,1.0,False,0.0,-0.3470627297341676
s379,ESSENCE,640,17,0.1907268376952167,39.94612080007956,0.2051850749151633,1.0,17.68900416666667,0.5678911111111111,10.0,False,False,True,0.0010762549547644895,-0.0005176773148780308,-0.00013785725881313945,-0.0003798200560648916,0.0020469150567481243,0.001142841594656158,0.17500000000000004,0.0015939322696425203,0.0011260317750252287,500,1.0,False,0.0,0.13311092230098234
x017,ESSENCE,642,17,0.421491797726971,41.262631794431634,0.3001566616634622,1.0,18.3158375,-0.0253966666666666,10.0,False,False,True,0.00425620674425898,-0.0022734710408449325,-0.00033954138034364206,-0.0019339296605012924,0.010481724219527741,0.005045215260439325,0.42500000000000016,0.006529677785103913,0.004221394104991759,500,1.0,False,0.0,-0.5087926048291229
x025,ESSENCE,644,17,0.3535663767394223,41.19753262440128,0.220261477623737,1.0,18.671883333333337,0.7810622222222222,10.0,False,False,True,0.005304373574638989,0.0004312439475046689,0.0007160347428823914,-0.0002847907953777225,0.00853869847860467,-0.0008882787530662423,0.3750000000000001,0.0048731296271343205,0.0032131100829931513,500,1.0,False,0.0,-0.13192825205466902
x028,ESSENCE,645,17,0.5983095165835612,42.63202788795231,0.3129289412073983,1.0,18.695391666666666,0.285216111111111,10.0,False,False,True,0.013435621312557919,0.002344064282685406,-0.003429034519344407,0.005773098802029812,0.00708913100748644,-0.004769781474536772,0.5750000000000002,0.011091557029872513,0.007258401477937597,500,1.0,False,0.0,-0.022708529733419476
x033,ESSENCE,646,17,0.4034985749098787,41.72403920901027,0.2385383588936541,1.0,17.4972875,-0.0185963888888888,10.0,False,False,True,0.0006389505137147054,-0.005446211711797764,-0.003180646670086499,-0.0022655650417112666,0.003083417777629839,0.012036486724255132,0.42500000000000016,0.00608516222551247,0.003945884598168672,500,1.0,False,0.0,0.06336366543786419
x080,ESSENCE,652,17,0.3705386984230403,41.58553076357853,0.3070143667843125,1.0,17.770466666666668,-0.2620455555555556,10.0,False,False,True,0.016358110442230567,0.011082729239343145,0.012437033258241324,-0.001354304018898182,0.01196332818522717,-0.024342507004936335,0.3750000000000001,0.005275381202887422,0.0034478227502866407,500,1.0,False,0.0,0.1381408536850603
y134,ESSENCE,658,17,0.3155840395291955,41.11247303476161,0.2197601341485801,1.0,16.992329166666668,0.4636033333333333,10.0,False,False,True,0.0004916199618349188,-0.003468438450573777,-0.0023220316542306757,-0.0011464067963431008,0.0019861675473848745,0.007631309755990651,0.32500000000000007,0.0039600584124086955,0.002654985461880261,500,1.0,False,0.0,0.07783738241323111
y137,ESSENCE,660,17,0.3725373086861503,41.460321888424424,0.2130927020959215,1.0,17.835483333333336,-0.2053952777777777,10.0,False,False,True,0.003579950250757277,-0.0017427989046494702,-0.0008672448654229756,-0.0008755540392264953,0.004424951173440212,0.003923680466303921,0.3750000000000001,0.005322749155406747,0.003475461817850831,500,1.0,False,0.0,-0.0006235137811910264
y145,ESSENCE,663,17,0.5503412970173374,42.53235551787883,0.2507930770537127,1.0,17.63314583333333,0.5970650000000001,10.0,False,False,True,0.015541627053113466,0.0056587098092689345,0.009470636272990371,-0.003811926463721439,0.015406077817318217,-0.012323111937157953,0.5750000000000002,0.009882917243844531,0.006567844212000869,500,1.0,False,0.0,0.09415874081949666
z180,ESSENCE,670,17,0.4564469363349168,41.66334794692231,0.2093992823821515,1.0,17.72919166666667,-0.3814436111111111,10.0,False,False,True,0.0037199825853252784,-0.003728985864403234,-0.001010982644191017,-0.002718003220212217,0.008502228303717694,0.008310744896525524,0.4750000000000001,0.0074489684497285125,0.004765767462937093,500,1.0,False,0.0,-0.2870498546582779
z183,ESSENCE,672,17,0.2856362015520499,40.72041449025444,0.20018707660251,1.0,18.594733333333338,1.1293422222222222,10.0,False,False,True,0.008254186594711464,0.005044848111531832,0.00452991646361002,0.0005149316479218113,0.009280942234797038,-0.011087831241518076,0.275,0.003209338483179633,0.0021363154000140394,500,1.0,False,0.0,-0.07588628901205839
z185,ESSENCE,673,17,0.4055162078866587,41.98169542604879,0.2252143654746366,1.0,18.799975,-0.0356630555555555,10.0,False,False,True,0.004905824716398518,-0.0012291823457416372,0.0003078242438242333,-0.0015370065895658719,0.0034920345010665873,0.0028560951741398184,0.42500000000000016,0.0061350070621401555,0.003976778289200754,500,1.0,False,0.0,0.30837494729019216
z187,ESSENCE,674,17,0.294622657062044,40.85635922890863,0.1976937623670931,1.0,18.121708333333338,0.2836697222222222,10.0,False,False,True,0.0025689716106480293,-0.0008656355964251706,0.00019425472325735466,-0.0010598903196825254,0.0010935171375630645,0.0019525207649767617,0.275,0.0034346072070732,0.0022919528600164507,500,1.0,False,0.0,-0.016592546561054338
z200,ESSENCE,675,17,0.4534602691398615,42.12244458697653,0.2357748271841947,1.0,18.67994166666667,0.9076825,10.0,False,False,True,0.0024266580099843466,-0.004943232323168049,-0.0029969256480292974,-0.0019463066751387527,0.005621245691869017,0.01099786644455343,0.4750000000000001,0.007369890333152396,0.00471916746841055,500,1.0,False,0.0,0.1888221599568639
z208,ESSENCE,680,17,0.5283780122927622,42.56991633753478,0.2506016060931662,1.0,18.5042125,0.896555,10.0,False,False,True,0.005521289072278248,-0.0037944223337230097,-0.0006416011275387247,-0.003152821206184283,0.009453769953700644,0.008545734048852852,0.5250000000000001,0.009315711406001258,0.006224786362865109,500,1.0,False,0.0,0.2080497071793043
SN2005fr,SDSS,1362,17,0.286619,41.00015806807491,0.1917925531303453,1.0,17.09173,-0.096247,10.0,False,False,True,0.003395850264894084,0.00016187539955375523,0.0007375413843429398,-0.0005756659847891849,0.002866041714052832,-0.00030004728366177843,0.275,0.0032339748653403286,0.0021533365997477008,500,1.0,False,0.0,0.19536654128155376
SN2005ga,SDSS,1371,17,0.173146,39.52026816217184,0.1617777909474634,1.0,16.932343,-1.039495,10.02,False,False,True,0.00025226407828794534,-0.0010958306679322697,-0.0007935902616313084,-0.0003022404063009617,0.00045078080628641184,0.002398454614462021,0.17500000000000004,0.001348094746220215,0.000944230630517332,500,1.0,False,0.0,-0.061407049858285684
SN2005go,SDSS,1379,17,0.264048,40.61218186068258,0.195332753224106,1.0,17.704947,1.007936,10.0,False,False,True,0.001886702074644607,-0.0008692834678964731,-0.0015920648890715016,0.0007227814211750283,0.006367301506996248,0.0019030563336591777,0.275,0.00275598554254108,0.0018527384846142034,500,1.0,False,0.0,0.009555227352282555
SN2005ia,SDSS,1403,17,0.250368,40.68676800052383,0.1692778466304717,1.0,17.895966,-0.005896,10.4,False,False,True,0.0016508057710473028,-0.000871938931587686,-0.0007957382452264943,-7.620068636119228e-05,0.005559187700620419,0.0019196473855338774,0.275,0.0025227447026349888,0.0017286200728016524,500,1.0,False,0.0,0.2146058350575855
SN2005lg,SDSS,1450,17,0.348852,41.355517325863865,0.2600661469645053,1.0,19.083632,-0.807801,9.42,False,False,True,0.0004585784963859819,-0.004302818304357426,-0.002608649835599446,-0.0016941684687579808,0.00219495885231059,0.009478354422533981,0.32500000000000007,0.004761396800743408,0.0031479142918831924,500,1.0,False,0.0,0.070398045765773
SN2006hc,SDSS,1489,17,0.226685,40.31828027624712,0.1752052986790705,1.0,17.394697,0.704158,10.0,False,False,True,7.908847311222847e-05,-0.0020398665503198413,-0.0014973523940335525,-0.0005425141562862892,0.0009384726209986215,0.0044640492564665514,0.22500000000000003,0.0021189550234320697,0.0015137446088428342,500,1.0,False,0.0,0.08493531862041863
SN2006kd,SDSS,1536,17,0.135136,39.31389254737708,0.1627423031501604,1.0,16.958336,0.828198,10.0,False,False,True,0.0005197276457656078,-0.0004571971288703053,-0.00022773294032976167,-0.00022946418854054358,0.0013217830846846451,0.0010028078025365679,0.125,0.000976924774635913,0.0007206090295125819,500,1.0,False,0.0,0.2435869795776057
SN2006oj,SDSS,1590,17,0.374254,41.480798409693335,0.241625049578068,1.0,17.20541,-0.989553,10.0,False,False,True,0.0019004294933298274,-0.0034630060100586586,-0.0017821591966356235,-0.0016808468134230355,0.00672121037026795,0.007643804109248899,0.3750000000000001,0.005363435503388486,0.0034992021878900185,500,1.0,False,0.0,0.008263408945397838
SN2007kv,SDSS,1630,17,0.266866,40.60501986560933,0.188087968361937,1.0,17.565994,0.472038,9.12,False,False,True,0.002181139639786644,-0.0006228921517935702,0.00013836753297784493,-0.0007612596847714159,0.004500139886813871,0.0013845764454852938,0.275,0.0028040317915802144,0.0018783061516089233,500,1.0,False,0.0,-0.023702349580337217
SN2007lh,SDSS,1635,17,0.196713,40.096068471130806,0.1719325594838172,1.0,17.216736,1.197879,10.04,False,False,True,0.001215909886199862,-0.00046470524533058326,-5.236540930182872e-05,-0.00041233983602875486,0.004038930998783951,0.001012500688045178,0.17500000000000004,0.0016806151315304453,0.0011910796285047945,500,1.0,False,0.0,0.20880773437435687
SN2007li,SDSS,1636,17,0.118589,38.60487264720947,0.1718242467220227,1.0,18.266731,-0.540012,10.0,False,False,True,3.061264900038079e-05,-0.0008473334665463849,-0.0006356946987908871,-0.00021163876775549784,0.00029412847963126195,0.001850511276459244,0.125,0.0008779461155467657,0.0006609766025779818,500,1.0,False,0.0,-0.16005381060215879
SN2007mc,SDSS,1649,17,0.153167,39.21040460167091,0.1588429634955362,1.0,16.855324,1.043746,10.06,False,False,True,0.004708408569322491,0.003555409978384643,0.003819194503567993,-0.00026378452518335056,0.0018063296792589316,-0.007746491433331523,0.17500000000000004,0.0011529985909378478,0.0008266895632594025,500,1.0,False,0.0,-0.08012474834573544
SN2007ri,SDSS,1728,17,0.19025,39.79203569217024,0.1904923557867439,1.0,16.718126,1.154068,10.49,False,False,True,0.0004059550964333612,-0.0011810723059548249,-0.000849091152915276,-0.00033198115303954937,3.607973510994929e-05,0.002588279190412178,0.17500000000000004,0.0015870274023881861,0.0011208502802790528,500,1.0,False,0.0,-0.014966747009904163
01250017,DES3_Shallow,354,6,0.1817712693946436,39.71832034611308,0.1094867296076031,1.0,43.193733,-0.127481,8.8,False,False,True,0.0006535913803159117,-0.0001281353569236505,-7.069102590233432e-05,-5.74443310213163e-05,0.0024167517033782207,0.00027904875981825026,0.17500000000000004,0.0007817267372395622,0.000556824068614635,500,1.0,False,0.0,0.0205459236945236
01258940,DES3_Shallow,362,6,0.4258896162124883,41.78341910019801,0.1414627208310001,1.0,42.714821,-0.525112,11.22,False,False,True,0.003274544986798455,-0.0008367857959514368,0.00025955603135537986,-0.0010963418273068162,0.005522254485671448,0.001906174257240139,0.42500000000000016,0.004111330782749892,0.002955252085554846,500,1.0,False,0.0,-0.014403674833450638
01263369,DES3_Shallow,363,6,0.3124819023268963,41.002831898583466,0.1208724565236061,1.0,43.229519,-0.541823,10.85,False,False,True,0.0006634660888093629,-0.0018000706583176187,-0.0012042335371738003,-0.0005958371211438188,0.0012786452638471094,0.0039605943294511985,0.32500000000000007,0.0024635367471269815,0.0018681016070240038,500,1.0,False,0.0,-0.007215016500301447
01263715,DES3_Shallow,364,6,0.2918636647737385,40.818726400718525,0.1162237116915628,1.0,41.609894,-1.579935,8.98,False,False,True,0.003101275418682666,0.0009455121199916047,-0.0005939448284964437,0.0015394569484880483,0.002777456434519984,-0.0020318808229825326,0.275,0.0021557632986910612,0.001688580236345932,500,1.0,False,0.0,-0.030925101078570254
01280217,DES3_Shallow,366,6,0.358998048385142,41.34110504298546,0.1413648577271029,1.0,40.894306,-1.518371,8.92,False,False,True,0.0005028691081183393,-0.0026071248523104116,-0.0021931001075784487,-0.00041402474473196363,0.0027392537346320814,0.005738034378829247,0.3750000000000001,0.003109993960428751,0.002226993866440259,500,1.0,False,0.0,-0.026657899556601868
01281886,DES3_Shallow,368,6,0.3839973442681912,41.57757492619157,0.1384292794568045,1.0,41.725182,-1.009943,9.73,False,False,True,0.0015524490381695268,-0.0019126274897325322,-0.0012215954278829437,-0.0006910320618495882,0.006413634668262492,0.004196434254634875,0.3750000000000001,0.003465076527902059,0.0024530453367834805,500,1.0,False,0.0,0.04018195561781284
01289555,DES3_Shallow,375,6,0.5588458335655395,42.364870089598,0.1747483559416366,1.0,40.733051,-1.392923,9.28,False,False,True,0.0004347622577230661,-0.005684953180288828,-0.003927176724548379,-0.0017577764557404486,0.0037723572915072203,0.012583079167163828,0.5750000000000002,0.006119715438011894,0.004228149825521553,500,1.0,False,0.0,-0.11298824810783076
01289664,DES3_Shallow,377,6,0.2490777224937841,40.23543393158445,0.1108653483186971,1.0,40.896774,-1.129924,2.0,False,False,True,0.00019617699271878502,-0.0013725417984305367,-0.0010709688372714285,-0.00030157296115910804,0.0003194405197453318,0.003004692903840966,0.22500000000000003,0.0015687187911493216,0.0012445649729645402,500,1.0,False,0.0,-0.22759524999057673
01292332,DES3_Shallow,385,6,0.273465670862189,40.64121506449517,0.1223056505399952,1.0,41.143486,-1.285123,10.27,False,False,True,0.0004923775954550057,-0.001391810429103242,-0.0009970945453401498,-0.00039471588376309186,0.0007347453903502163,0.0030539925146246803,0.275,0.0018841880245582475,0.0015241593950342596,500,1.0,False,0.0,-0.04763774326508228
01292336,DES3_Shallow,386,6,0.2335905238801801,40.31132818552104,0.1167494146495104,1.0,40.998829,-0.906124,9.1,False,False,True,0.004752884892134576,0.0033845000774428645,0.0023553367326537584,0.0010291633447891062,0.003533158620444206,-0.007400402860930706,0.22500000000000003,0.0013683848146917115,0.0010670127541210987,500,1.0,False,0.0,0.004989957275570877
01294014,DES3_Shallow,390,6,0.3627370248534669,41.32015441176695,0.1427300321499676,1.0,42.803536,-0.669095,9.45,False,False,True,0.0007573348632386762,-0.002403203780442547,-0.0018429985848585106,-0.0005602051955840366,0.003991086153545717,0.005289910212747667,0.3750000000000001,0.0031605386436812234,0.0022544767196315367,500,1.0,False,0.0,-0.07366323392988335
01295921,DES3_Shallow,393,6,0.5239189564587707,42.283676685518515,0.2281253065053305,1.0,42.614906,-0.871765,9.1,False,False,True,0.0024593128832287067,-0.003140350835077775,-0.0018975737300962396,-0.0012427771049815352,0.007355094070823646,0.006974139956348634,0.5250000000000001,0.0055996637183064815,0.003841995236653167,500,1.0,False,0.0,-0.05633672289407531
01296273,DES3_Shallow,394,6,0.3969702393973233,41.31759389873462,0.1200483312251083,1.0,41.079811,-0.450364,8.56,False,False,True,0.04161647291116846,0.037951319730048755,0.010615608380520919,0.027335711349527832,0.017010752978209046,-0.08472950516959693,0.3750000000000001,0.003665153181119708,0.0026093878103277558,500,1.0,False,0.0,-0.30382159506922163
01296321,DES3_Shallow,395,6,0.18442462920473,40.12957018617873,0.1129309674389142,1.0,40.916874,-0.761946,10.0,False,False,True,0.00010014237129303637,-0.0007107725328502304,-0.0006405121291998817,-7.026040365034874e-05,0.00035290740863417247,0.0015529200432258085,0.17500000000000004,0.0008109149041432668,0.0005820942145334278,500,1.0,False,0.0,0.3971124094130578
01298281,DES3_Shallow,397,6,0.2350742142856956,40.32988397037753,0.1144234143682788,1.0,40.267929,-0.955257,9.3,False,False,True,0.001156398774738694,-0.00023117825193303505,-0.0004932481358807218,0.00026206988394768694,0.00200750590816183,0.0005085238454868562,0.22500000000000003,0.0013875770266717291,0.0010840224490406567,500,1.0,False,0.0,0.008124115930629049
01306029,DES3_Shallow,413,6,0.4289470863818256,41.88010918997432,0.1499754894575578,1.0,40.841637,-1.957794,2.0,False,False,True,0.0037638773460218437,-0.0003951702478923449,0.0007199574409888598,-0.0011151276888812036,0.0035387082338893478,0.0009650489779682685,0.42500000000000016,0.004159047593914189,0.002982968218782433,500,1.0,False,0.0,0.06408292847354112
01306390,DES3_Shallow,416,6,0.4070159926112842,41.73849729999131,0.2172090385948356,1.0,43.316361,-0.030057,10.29,False,False,True,0.0006945348622927847,-0.003125550634404365,-0.0020633197008289228,-0.0010622309335754406,0.0025041928120755528,0.006900458867604092,0.42500000000000016,0.0038200854966971495,0.0027304539170412137,500,1.0,False,0.0,0.055815226836076516
01307277,DES3_Shallow,422,6,0.4106753284599442,41.66016018841913,0.1914970905186203,1.0,41.738815,-0.235549,10.61,False,False,True,0.011685123039997997,0.00780860082178946,0.00793053963699502,-0.00012193881520555934,0.008267339048099847,-0.017057357531987487,0.42500000000000016,0.003876522218208537,0.002774554298059789,500,1.0,False,0.0,-0.045229267119137904
01312274,DES3_Shallow,430,6,0.4379777976691468,41.79363322010932,0.1465981331778704,1.0,42.610977,-0.361718,10.49,False,False,True,0.002633626929412665,-0.0016663596504311162,-0.00047884640711685173,-0.0011875132433142638,0.0020553891910055403,0.0037510080525210484,0.42500000000000016,0.004299986579843781,0.0030648321073297145,500,1.0,False,0.0,-0.07546195119555456
01315192,DES3_Shallow,432,6,0.225437475628776,40.11006182572515,0.1152959760667551,1.0,42.985901,-0.523071,10.65,False,False,True,0.0006530782625577604,-0.0006098431550919692,-0.0005733624787463268,-3.6480676345642445e-05,0.001162356934153465,0.0013388677419857622,0.22500000000000003,0.0012629214176497297,0.0009735425376222371,500,1.0,False,0.0,-0.10987699907076916
01315259,DES3_Shallow,433,6,0.2279943110903382,40.21477146220398,0.1116247665162218,1.0,40.864075,-1.603645,11.56,False,False,True,0.0010540692078736889,-0.00024192604242597175,-0.0010352523926511177,0.0007933263502251461,0.0004783534866185668,0.0005243287291228954,0.22500000000000003,0.0012959952502996606,0.0010028552507051049,500,1.0,False,0.0,-0.0325702203318184
01315296,DES3_Shallow,434,6,0.4125412336777267,42.080283440080095,0.1626197898514158,1.0,40.301579,-0.764383,9.82,False,False,True,0.00583421600718019,0.0019289165524736156,-0.00016691856728164945,0.002095835119755265,0.007345987515202871,-0.004152188206661137,0.42500000000000016,0.0039052994547065746,0.0027970412012717173,500,1.0,False,0.0,0.36338783614275133
01316431,DES3_Shallow,435,6,0.1981406728677428,39.92030688816993,0.1092287834877293,1.0,42.239399,-0.408398,2.0,False,False,True,0.00045162344933874623,-0.0005101741847579385,-0.00039900016162594044,-0.00011117402313199815,0.001097128432439366,0.0011178784014801973,0.17500000000000004,0.0009617976340966848,0.0007127234731342743,500,1.0,False,0.0,0.015648262235931104
01316437,DES3_Shallow,436,6,0.4819468491980465,42.08289731268655,0.1643219437372073,1.0,42.562603,-0.744976,9.41,False,False,True,0.0010509780681031934,-0.0039293133723166335,-0.002520696020170297,-0.0014086173521463373,0.001486439644450022,0.008710612443013487,0.4750000000000001,0.004980291440419827,0.003463144398235537,500,1.0,False,0.0,-0.006686958943291077
01319366,DES3_Shallow,441,6,0.2360998657895057,40.22608860858395,0.1133553036735857,1.0,41.495522,-1.088128,9.61,False,False,True,0.0045234792764345935,0.0031226349798488904,0.003354608128814565,-0.00023197314896567428,0.0016939535458684845,-0.006788628428147378,0.22500000000000003,0.001400844296585703,0.0010957809797346217,500,1.0,False,0.0,-0.10627932366897681
01330903,DES3_Shallow,451,6,0.5638490424355189,42.50420210569364,0.1822903233351932,1.0,41.116287,-0.645018,10.33,False,False,True,0.00673719743635083,0.0005429643273230618,0.0010622260188161209,-0.000519261691493059,0.014455750028424386,-0.0011876147836746408,0.5750000000000002,0.006194233109027768,0.00428379011250891,500,1.0,False,0.0,0.0032764609804321557
01332059,DES3_Shallow,453,6,0.5788340605639597,42.672155432496155,0.1800281057496157,1.0,40.865082,-1.277357,2.0,False,False,True,0.0009580483866988522,-0.005468436193439116,-0.0038091616319963816,-0.0016592745614427342,0.008488376783718436,0.012060338746807387,0.5750000000000002,0.006426484580137969,0.004445882568477475,500,1.0,False,0.0,0.10328147166054619
01333246,DES3_Shallow,455,6,0.437946048998646,42.02587793553771,0.232828250677714,1.0,41.383972,-0.061614,10.9,False,False,True,0.00140953082760963,-0.0028899602624235885,-0.0018036386745014022,-0.0010863215879221859,0.006874964656904519,0.006361918324793846,0.42500000000000016,0.004299491090033219,0.003064544303906406,500,1.0,False,0.0,0.15696754041203542
01334084,DES3_Shallow,456,6,0.1334779901535197,39.040215277683934,0.1209401444852059,1.0,41.734005,-0.690615,10.04,False,False,True,0.0030104261921919786,0.0025108004506600454,-0.00031668951645398254,0.0028274899671140276,0.0032697523313037803,-0.005471728480085164,0.125,0.0004996257415319333,0.00027774332650893057,500,1.0,False,0.0,-0.0011279940467772837
01334087,DES3_Shallow,457,6,0.2662650952033238,40.29826015190162,0.1368658704440586,1.0,41.008358,-0.467395,10.95,False,False,True,0.0015232229386213027,-0.0002678223562209831,7.861901219368881e-05,-0.0003464413684146719,0.0032146818923874556,0.0005995596887150762,0.275,0.0017910452948422858,0.0014416087532378428,500,1.0,False,0.0,-0.32491896131631837
01334423,DES3_Shallow,459,6,0.3577246728238377,41.43899876403933,0.1295430805309064,1.0,42.213657,-0.152201,9.5,False,False,True,0.009074171966740983,0.005981391905611363,-0.0006731470240816607,0.006654538929693023,0.010492023995039953,-0.013097932743941722,0.3750000000000001,0.0030927800611296203,0.002217634087392394,500,1.0,False,0.0,0.08016670421512544
01335694,DES3_Shallow,467,6,0.259111096228092,40.394238849425385,0.1136609532461873,1.0,42.845043,-0.648467,10.97,False,False,True,0.010251916755036257,0.008553411699267483,0.008259569408127849,0.00029384229113963334,0.012486313483059903,-0.01880383168491602,0.275,0.001698505055768775,0.0013595920875162345,500,1.0,False,0.0,-0.1620426341034049
01336453,DES3_Shallow,471,6,0.1848269833681515,39.772058664744215,0.1121758982376882,1.0,40.96975,-1.229276,9.33,False,False,True,6.777279972122727e-05,-0.0007475681835507367,-0.0006757317014489507,-7.183648210178607e-05,4.4726451742610575e-05,0.0016330921269528188,0.17500000000000004,0.000815340983271964,0.0005859261669064323,500,1.0,False,0.0,0.03438215092363686
01336480,DES3_Shallow,472,6,0.2559906245499714,40.67875752514749,0.124424229482361,1.0,41.724587,-1.164557,10.48,False,False,True,0.001242755650095909,-0.0004153846815353366,-9.837588223217809e-05,-0.00031700879930315857,0.005883952661043609,0.0008997615373289381,0.275,0.0016581403316312457,0.0013238175950394768,500,1.0,False,0.0,0.15219296379668903
01337649,DES3_Shallow,478,6,0.2491266162151328,40.420313915732656,0.1116274218343231,1.0,43.404419,0.510183,8.68,False,False,True,0.0002159033396088807,-0.0013534479141223432,-0.0010881986575781923,-0.00026524925654415095,0.0009987879955397877,0.0029624778174388456,0.22500000000000003,0.0015693512537312238,0.0012451255126030869,500,1.0,False,0.0,-0.04319549165346899
01338387,DES3_Shallow,487,6,0.5838151569343106,42.53123089903878,0.1629520312060768,1.0,40.451336,-0.368567,2.0,False,False,True,0.0036111253669975406,-0.002901324486018964,-0.0010362603146533097,-0.0018650641713656544,0.003994225674315514,0.0065458077307059045,0.5750000000000002,0.006512449853016505,0.004495359567817769,500,1.0,False,0.0,-0.05986109977110305
01338430,DES3_Shallow,488,6,0.5088798053090855,42.09226986548141,0.1506142160194677,1.0,40.63932,-1.254658,10.78,False,False,True,0.0009671031666102841,-0.004410631420351899,-0.0028997712487181986,-0.0015108601716337007,0.00569001237318455,0.009751590495558633,0.5250000000000001,0.005377734586962183,0.003706248060873902,500,1.0,False,0.0,-0.17272594849687736
01338471,DES3_Shallow,489,6,0.5308819646711598,42.48114350896493,0.234173944614411,1.0,41.291645,-1.564907,10.12,False,False,True,0.007793175446772961,0.002089953190787871,0.0034781060094216847,-0.0013881528186338139,0.0052611096676875805,-0.004408417009665596,0.5250000000000001,0.00570322225598509,0.003917165868826068,500,1.0,False,0.0,0.10708136095925437
01342255,DES3_Shallow,497,6,0.2140974530704351,40.01376770444525,0.1158446628340133,1.0,40.743481,-0.267406,10.02,False,False,True,0.0010165827424505544,-0.0001207467445186385,5.567798401070025e-05,-0.0001764247285293389,0.0033130265458999717,0.000264961168227306,0.22500000000000003,0.001137329486969193,0.0008646931240588546,500,1.0,False,0.0,-0.08105062713558737
01343871,DES3_Shallow,501,6,0.6378614217424781,43.157647015223,0.2262492691571632,1.0,43.502541,-0.370269,8.74,False,False,True,0.0009874013531851447,-0.006494688053401832,-0.004209436840954929,-0.002285251212446902,0.0017622012756505184,0.014434323370394178,0.6250000000000002,0.007482089406586977,0.0050358962862182164,500,1.0,False,0.0,0.3273579802386118
SN2005ft,SDSS,1364,6,0.179585,39.6355798855846,0.1638009423213051,1.0,40.520721,-0.54085,10.28,False,False,True,0.0007072865292560211,-5.0390248477581376e-05,1.5175273342031385e-06,-5.1907775811784704e-05,0.0011532593379874518,0.0001157962550547599,0.17500000000000004,0.0007576767777336024,0.0005360024120830106,500,1.0,False,0.0,-0.03326047554157105
SN2005jt,SDSS,1435,6,0.36023,41.148226934582325,0.2531437081593011,1.0,42.667336,-0.06596,10.47,False,False,True,0.00047995497429144585,-0.0026466929032407916,-0.0019163838283144236,-0.000730309074926368,0.0024339020206504305,0.00582519289777423,0.3750000000000001,0.0031266478775322376,0.0022360491642354516,500,1.0,False,0.0,-0.22814844028763842
SN2005mh,SDSS,1454,6,0.394074,41.81691312119208,0.225705928455397,1.0,41.236153,0.20362,10.95,False,False,True,0.0014677284028003972,-0.0021527570399490006,-0.0013486586197498543,-0.0008040984201991453,0.0033958399536209915,0.004767463671481659,0.3750000000000001,0.0036204854427493976,0.002574483864304398,500,1.0,False,0.0,0.21403224968258344
SN2006gx,SDSS,1488,6,0.179896,40.03593679683564,0.175296399124183,1.0,42.058674,-0.347028,9.75,False,False,True,0.0006680704294694242,-9.302748997008087e-05,-0.00017628345823617736,8.325596826609637e-05,0.002411789420961141,0.0002038712710106809,0.17500000000000004,0.0007610979194395051,0.0005389643229971918,500,1.0,False,0.0,0.3629605640524536
SN2006hh,SDSS,1494,6,0.23652,40.543356834790934,0.1802028276520264,1.0,40.612354,-0.794122,10.0,False,False,True,0.011171827597909264,0.00976554867372343,0.009909072595220262,-0.0001435239214968312,0.002854506476725157,-0.021651728382772222,0.22500000000000003,0.001406278924185834,0.0011005975875115618,500,1.0,False,0.0,0.20665587634381127
SN2006nk,SDSS,1575,6,0.203176,39.99761559538658,0.1659149896453932,1.0,44.069218,-0.410771,10.98,False,False,True,0.0006927299532265284,-0.0003244585736515952,-0.00018705800963672277,-0.00013740056401487246,0.0013832023167646334,0.0007156105454320637,0.22500000000000003,0.0010171885268781236,0.000760679069242008,500,1.0,False,0.0,0.029256245047720883
SN2006nt,SDSS,1580,6,0.283322,40.749552270899976,0.1854790013219053,1.0,43.495464,0.986965,11.06,False,False,True,0.0027263475804380783,0.0006980877900376412,-8.174720109871436e-05,0.0007798349911363551,0.005646682380853862,-0.0015447132807073355,0.275,0.002028259790400437,0.0016142086338216768,500,1.0,False,0.0,-0.026648010119477466
SN2007jk,SDSS,1610,6,0.182025,39.63645931586016,0.170947298590857,1.0,43.773479,-0.147425,11.02,False,False,True,0.0016672956191345822,0.0008827777296247672,0.0009442437720140015,-6.14660423892345e-05,0.0010457840203404389,-0.0019271603392354603,0.17500000000000004,0.000784517889509815,0.0005592405555897695,500,1.0,False,0.0,-0.06465206454231184
SN2007kl,SDSS,1622,6,0.256246,40.400527227133395,0.1893983235180106,1.0,41.21209,0.364833,10.0,False,False,True,0.019827968523325894,0.018166524793793562,0.0184710191638167,-0.000304494370023137,0.0083390276834045,-0.04012262535327548,0.275,0.0016614437295323315,0.0013267453341950196,500,1.0,False,0.0,-0.12848189508386285
SN2007nh,SDSS,1673,6,0.270097,40.62065500720362,0.1758548362276683,1.0,42.615364,-0.551163,10.0,False,False,True,0.0006656818480918598,-0.0011749308827004507,-0.0008014620610048739,-0.0003734688216955769,0.0017656139032947253,0.002579114277684283,0.275,0.0018406127307923105,0.001485539435346423,500,1.0,False,0.0,-0.03767524338414761
SN2007nj,SDSS,1675,6,0.153245,39.31889421216533,0.1619489721831013,1.0,43.114372,0.251817,9.92,False,False,True,0.0026536509108335445,0.002055188264463185,0.0020889869459984607,-3.3798681535275444e-05,0.002785228805821791,-0.004473021920403232,0.17500000000000004,0.0005984626463703592,0.00037990236650500787,500,1.0,False,0.0,0.027160675509460025
SN2007qq,SDSS,1723,6,0.23734,40.618992973411544,0.2213746747738433,1.0,40.625893,-0.971156,10.88,False,False,True,0.002488654604686221,0.0010717686065683115,0.001161929119156507,-9.016051258819568e-05,0.0002116357410310686,-0.0023141598966151156,0.22500000000000003,0.0014168859981179096,0.0011099984367602912,500,1.0,False,0.0,0.2738555063717828
b020,ESSENCE,513,16,0.4247473012812337,41.6569969020246,0.3255766634494419,1.0,31.170995833333333,-5.161313055555555,10.0,False,False,True,0.0022545076418135405,-0.002723012637102318,-0.0015074183680312365,-0.00121559426907108,0.002378666424726611,0.006094203893191371,0.42500000000000016,0.004977520278915858,0.003256260807608202,500,1.0,False,0.0,-0.13399351616985689
b022,ESSENCE,514,16,0.5266655088863712,42.8569937637298,0.2965830296242278,1.0,31.86368749999999,-3.839095555555556,10.0,False,False,True,0.0034350944586016225,-0.0035529637384221794,-0.002877107866494798,-0.0006758558719273805,0.01016269957375489,0.007915605508973121,0.5250000000000001,0.006988058197023802,0.004443974531520487,500,1.0,False,0.0,0.5034992696019439
d149,ESSENCE,526,16,0.3378507224528648,41.216394959421415,0.2085583758491274,1.0,32.72494583333334,-4.430398888888889,10.0,False,False,True,0.0018963916454005814,-0.0016185697554136854,-0.0004651780067338545,-0.0011533917486798303,0.0056712229499112764,0.003579159466539978,0.32500000000000007,0.003514961400814267,0.0023563974722299163,500,1.0,False,0.0,0.011562166075466436
e132,ESSENCE,527,16,0.2429207874196188,40.50975244788648,0.1997221940189169,1.0,32.31478750000001,-3.5947250000000004,10.0,False,False,True,0.002527037711642004,0.000651664667950567,0.0009083334895621192,-0.00025666882161155217,0.0014093695778981642,-0.0013856917391345753,0.22500000000000003,0.0018753730436914372,0.0012380668926678757,500,1.0,False,0.0,0.10790465133123377
e136,ESSENCE,528,16,0.3598297187074109,41.57202336765596,0.2167755106202199,1.0,32.77706250000001,-3.798860833333334,10.0,False,False,True,0.004099889949190057,0.000190021493359855,0.0009459081533891864,-0.0007558866600293316,0.0006572736350603384,-0.000309094707726958,0.3750000000000001,0.003909868455830202,0.0026299537264101573,500,1.0,False,0.0,0.19844331296687473
f011,ESSENCE,534,16,0.5346816617829064,42.54128996445328,0.2000881079341041,1.0,32.581270833333335,-4.992239722222222,10.0,False,False,True,0.005910901214978733,-0.0012339441814073178,-0.003508145618477225,0.0022742014370699067,0.01708580259122575,0.0026526931534585334,0.5250000000000001,0.007144845396386051,0.00447680257577615,500,1.0,False,0.0,0.1488244610078037
f123,ESSENCE,536,16,0.5246798168642237,42.41241484426453,0.3139131524294149,1.0,32.488675,-3.540724722222223,10.0,False,False,True,0.002855325302766651,-0.004093898808074206,-0.0016942141970032166,-0.002399684611070989,0.009901050052474183,0.00909773167342855,0.5250000000000001,0.006949224110840857,0.004432960306660203,500,1.0,False,0.0,0.06866020513399985
h283,ESSENCE,550,16,0.4936837341332021,42.31383358880995,0.2678573710446225,1.0,31.112520833333335,-4.879497777777778,10.0,False,False,True,0.003479013372001137,-0.002864337003054455,-0.0008756224932733262,-0.0019887145097811296,0.003002443540276119,0.006461555422810349,0.4750000000000001,0.006343350375055592,0.0040269917294048566,500,1.0,False,0.0,0.16248968149425747
h319,ESSENCE,553,16,0.488709472758589,42.44090459964954,0.2397997892455628,1.0,32.200904166666675,-4.436199722222222,10.0,False,False,True,0.004469690695988166,-0.0017764288661301217,0.000323547561520384,-0.002099976427650506,0.0052090584059588186,0.004079655777010215,0.4750000000000001,0.006246119562118287,0.003961841760917812,500,1.0,False,0.0,0.31556540400682576
h359,ESSENCE,555,16,0.3468353577465037,41.66573600750529,0.2135417938335362,1.0,32.1618125,-5.136618055555554,10.0,False,False,True,0.0013108274710839209,-0.002365565135373747,-0.0012167265407669442,-0.001148838594606803,0.005676234953450996,0.005203389831840554,0.32500000000000007,0.003676392606457668,0.0024682225595832608,500,1.0,False,0.0,0.39515669984188634
h363,ESSENCE,556,16,0.2099413470912632,40.21907781976998,0.2057368066156354,1.0,31.60428333333333,-4.634454166666667,10.0,False,False,True,0.0075114344578197136,0.006140392525454592,0.006457864409998298,-0.0003174718845437069,0.0022808183322139326,-0.013397207735683347,0.22500000000000003,0.0013710419323651219,0.0008803806819386688,500,1.0,False,0.0,0.17166110124763806
n258,ESSENCE,576,16,0.5176722097412447,42.58174646032289,0.2605124391864936,1.0,31.67644166666667,-4.376939444444444,10.0,False,False,True,0.013308340231561997,0.00649609230391688,-0.0021023419225913156,0.008598434226508196,0.005425682611274386,-0.014017549848030643,0.5250000000000001,0.006812247927645117,0.0043411787638643765,500,1.0,False,0.0,0.272643706562837
n263,ESSENCE,577,16,0.3667998924988842,41.28974568214211,0.2099482820160687,1.0,31.312275,-4.944190833333334,10.0,False,False,True,0.004683686993233922,0.0006485821174570788,0.0008070403962976711,-0.00015845827884059275,0.014561595399518004,-0.0015091399036302987,0.3750000000000001,0.004035104875776843,0.0027167063065233798,500,1.0,False,0.0,-0.1321026939473225
p444,ESSENCE,585,16,0.631567796784452,42.93073074181709,0.3365759661545959,1.0,31.650687499999997,-3.692670555555555,10.0,False,False,True,0.0037186538349584016,-0.00537156966124336,-0.0023875389530506716,-0.0029840307081926893,0.0071558028064727,0.012057079766232099,0.6250000000000002,0.009090223496201762,0.005357679392037884,500,1.0,False,0.0,0.12626642144103303
p454,ESSENCE,587,16,0.6895282608192435,42.95752829737749,0.2945847097865716,1.0,32.13525416666667,-3.5595113888888887,10.0,False,False,True,0.019830377435338855,0.00936209736007714,0.009399247862366355,-3.715050228921598e-05,0.015072654495247039,-0.020454174409704793,0.6750000000000002,0.010468280075261715,0.006067734472376692,500,1.0,False,0.0,-0.06669172888629911
p455,ESSENCE,588,16,0.2958859459416527,40.863098491318524,0.2075640661109772,1.0,32.75005833333334,-4.1604447222222225,10.0,False,False,True,0.007581031098124388,0.004803650016377039,0.005699754517137131,-0.0008961045007600925,0.0030054441914361373,-0.010512154383214083,0.275,0.002777381081747349,0.0018675232641985114,500,1.0,False,0.0,-0.02045469497130357
p459,ESSENCE,589,16,0.700536347487636,42.344322025411536,0.3666099872433416,1.0,32.58367500000001,-4.553733333333334,10.0,False,False,True,0.00636789255137787,-0.004374411489393202,-0.0008585786291492419,-0.003515832860243962,0.004078486390079674,0.01005876545023911,0.7250000000000002,0.010742304040771072,0.0062782275404125645,500,1.0,False,0.0,-0.676267260017189
q002,ESSENCE,591,16,0.3458115547673621,41.045671015250406,0.2624234752257456,1.0,31.303937500000004,-3.650200833333334,10.0,False,False,True,0.0009421980569467967,-0.0027157993955772273,-0.001472254411632776,-0.0012435449839444514,0.0011316179854019579,0.006010416679477309,0.32500000000000007,0.003657997452524024,0.002455480043739999,500,1.0,False,0.0,-0.2174966640307593
q006,ESSENCE,592,16,0.2888903823388224,41.329960792752075,0.2508076456989559,1.0,32.71781666666667,-3.9609372222222223,10.0,False,False,True,0.001007850311522208,-0.0016477837551171653,-0.0007959260794156394,-0.0008518576757015255,0.002206288848867773,0.0036409816562372223,0.275,0.0026556340666393733,0.0017884873336657264,500,1.0,False,0.0,0.5056486211618134
q107,ESSENCE,606,16,0.6505648400562036,42.79522627154488,0.3230655239345788,1.0,32.262675,-3.474397777777778,10.0,False,False,True,0.007092328182876029,-0.002442466134695632,-0.004520145114978547,0.002077678980282916,0.02030971118871466,0.005341723115051045,0.6750000000000002,0.009534794317571661,0.005546743694756731,500,1.0,False,0.0,-0.07713485293163709
q108,ESSENCE,607,16,0.6215743858226541,42.45066084831541,0.3885538543675778,1.0,31.479333333333336,-4.014782222222222,10.0,False,False,True,0.0028390426952482014,-0.006028756185181384,-0.002880134661013486,-0.003148621524167899,0.005752867385356575,0.013520057597869894,0.6250000000000002,0.008867798880429585,0.005247754378726593,500,1.0,False,0.0,-0.31228950926928206
r186,ESSENCE,612,16,0.3118499002176049,40.55343964417598,0.2049594102910028,1.0,31.626300000000004,-4.091820277777778,10.0,False,False,True,0.0006919424026489858,-0.002363266727381857,-0.0013790597092364506,-0.0009842070181454066,0.0020844920957859554,0.005214160330244024,0.32500000000000007,0.003055209130030843,0.002047884140436166,500,1.0,False,0.0,-0.45157007995956405
r190,ESSENCE,613,16,0.3538348756858906,41.5740798333335,0.2156220663950705,1.0,32.542608333333334,-4.736818055555555,10.0,False,False,True,0.006021574871087479,0.0022194186044534386,0.0032462513694769208,-0.001026832765023482,0.00883095786436396,-0.004812408557957648,0.3750000000000001,0.0038021562666340405,0.002555340364527153,500,1.0,False,0.0,0.24271282581322312
r195,ESSENCE,615,16,0.5406664243958481,42.23022918498238,0.2739477729537694,1.0,32.46383333333333,-3.7257,10.0,False,False,True,0.002845813410123633,-0.004416087409361523,-0.0021955360458987905,-0.002220551363462732,0.005111175568776809,0.009892265258324304,0.5250000000000001,0.007261900819485156,0.004501311595807717,500,1.0,False,0.0,-0.1909743308949193
r207,ESSENCE,618,16,0.5586419648820473,42.20531339704287,0.2734063132176101,1.0,32.04857500000001,-3.861175,10.0,False,False,True,0.009052021925945434,0.0014385391585820034,0.0033394207116725647,-0.0019008815530905615,0.013622668341968675,-0.003036910948356477,0.5750000000000002,0.00761348276736343,0.00457492569052583,500,1.0,False,0.0,-0.2716008714428479
r209,ESSENCE,619,16,0.4437417347573993,41.78154147743051,0.2224551577802525,1.0,32.0543375,-3.772760277777777,10.0,False,False,True,0.0011987571801142683,-0.004156356254971378,-0.0025669433074385533,-0.0015894129475328249,0.0031313830328877873,0.009227486074108997,0.42500000000000016,0.005355113435085646,0.0034548215264592662,500,1.0,False,0.0,-0.12089421245933131
r212,ESSENCE,620,16,0.6520721795077176,42.98783498365627,0.3522026910953739,1.0,32.5934125,-3.552574722222223,10.0,False,False,True,0.006944529047534242,-0.0026255401877420745,0.0007833667156744422,-0.003408906903416516,0.0020089219336527735,0.006167915534205181,0.6750000000000002,0.009570069235276316,0.005561745191478321,500,1.0,False,0.0,0.10943926778800366
r213,ESSENCE,621,16,0.3258575436194026,41.113061986265194,0.2053091482617266,1.0,32.64083333333334,-4.067734722222221,10.0,False,False,True,0.0007042596033960735,-0.0025952146624029907,-0.0015057391273224487,-0.0010894755350805427,0.002041078219341905,0.005727135339138245,0.32500000000000007,0.0032994742657990643,0.0022071272762937823,500,1.0,False,0.0,-0.001437422132636883
r318,ESSENCE,625,16,0.2199329305488304,39.98021896068151,0.2199282332022076,1.0,31.796945833333336,-3.9522061111111113,10.0,False,False,True,0.0006875163888931208,-0.0008185442068125662,-0.00046155206706813994,-0.0003569921397444262,0.0012598292699732133,0.0018066936554563936,0.22500000000000003,0.001506060595705687,0.0009718576701688539,500,1.0,False,0.0,-0.1797331077632816
r322,ESSENCE,626,16,0.5126645936628196,42.34929180328419,0.2305010480476555,1.0,31.059033333333332,-4.671839722222222,10.0,False,False,True,0.005806187652888782,-0.0009081774846263005,-0.0005021368345219418,-0.0004060406501043578,0.01829922822434782,0.0018972138388009714,0.5250000000000001,0.006714365137515083,0.004275591934959554,500,1.0,False,0.0,0.06522253320991024
s350,ESSENCE,631,16,0.6805327501170186,42.86569607901801,0.2993925864295103,1.0,31.893279166666673,-4.001160277777778,10.0,False,False,True,0.014475753628180519,0.00423139852631888,0.007627833190518006,-0.003396434664199127,0.01309613718246767,-0.009034395276886431,0.6750000000000002,0.010244355101861639,0.005895725230144106,500,1.0,False,0.0,-0.12420690884349178
s351,ESSENCE,632,16,0.7265073201831505,42.92847042170692,0.3850253929091217,1.0,32.3085,-4.6199916666666665,10.0,False,False,True,0.0024647945038858508,-0.008925596288409257,-0.004757485322041137,-0.004168110966368121,0.0031773829526228832,0.0200388904820884,0.7250000000000002,0.011390390792295108,0.00677827240139053,500,1.0,False,0.0,-0.18740472826956778
s354,ESSENCE,633,16,0.5576385258377068,42.92725838924996,0.2779464564860053,1.0,31.543675,-5.089722222222222,10.0,False,False,True,0.00461514251480937,-0.002978714080308656,-0.00032766950832445463,-0.0026510445719842013,0.007221014966893528,0.006765962609944137,0.5750000000000002,0.0075938565951180256,0.004570816370034985,500,1.0,False,0.0,0.4549955659041221
s355,ESSENCE,634,16,0.6685384476530045,42.96592615408968,0.2860241485376799,1.0,31.400079166666668,-5.146186666666666,10.0,False,False,True,0.009223944379462314,-0.0007314702092739572,0.0013350950838854929,-0.00206656529315945,0.0030329337854913805,0.002044052610480518,0.6750000000000002,0.00995541458873627,0.005725622457047301,500,1.0,False,0.0,0.0224622713570624
s372,ESSENCE,636,16,0.7055128567415452,43.551457550158815,0.3331623514742041,1.0,32.10107083333333,-3.4590655555555556,10.0,False,False,True,0.007151588705456785,-0.0037145954283068095,-0.0032893858096307706,-0.00042520961867604026,0.0115508829995411,0.008503997147160863,0.7250000000000002,0.010866184133763595,0.00637338673860202,500,1.0,False,0.0,0.5123497659771296
s373,ESSENCE,637,16,0.6495822129900819,43.61725154273391,0.314284251572775,1.0,32.699729166666664,-4.41582,10.0,False,False,True,0.009869544194886538,0.00035774542012840735,0.0034192530246262556,-0.0030615076044978482,0.016126496711476576,-0.0007020855630437833,0.6250000000000002,0.009511798774758131,0.005536964293908325,500,1.0,False,0.0,0.7395092874019392
s380,ESSENCE,641,16,0.6345886281866271,42.234005631339464,0.3499375795262007,1.0,32.2502,-5.1282741666666665,10.0,False,False,True,0.0028221313592087607,-0.006338785953839857,-0.003075151291512877,-0.00326363466232698,0.00645109996581981,0.01420387848525501,0.6250000000000002,0.009160917313048618,0.005387743617007708,500,1.0,False,0.0,-0.5828845577871439
x020,ESSENCE,643,16,0.648569981548516,43.21100251119448,0.4906799494586393,1.0,32.372508333333336,-3.593070555555556,10.0,False,False,True,0.024157671011740784,0.014669560584530006,0.017193133626846376,-0.002523573042316368,0.007574907550938207,-0.032035958012028985,0.6250000000000002,0.009488110427210778,0.005526890261389047,500,1.0,False,0.0,0.3373260559813667
x034,ESSENCE,647,16,0.5296896841528145,41.87041065822,0.2701701938830221,1.0,32.739925,-5.0068858333333335,10.0,False,False,True,0.010541415291565756,0.0034942075278450464,0.0037175631334593158,-0.0002233556056142681,0.010279290361950107,-0.007498743563770803,0.5250000000000001,0.00704720776372071,0.004456359245330847,500,1.0,False,0.0,-0.4978512503480933
x066,ESSENCE,649,16,0.3278590246405002,41.02041024343093,0.2225128720429652,1.0,32.7692125,-4.197237777777778,10.0,False,False,True,0.0008036178465373034,-0.002531817978495771,-0.0014049834154163344,-0.0011268345630794368,0.003794753493861545,0.005580477094838474,0.32500000000000007,0.0033354358250330743,0.0022320382251198026,500,1.0,False,0.0,-0.10937632612141125
x071,ESSENCE,650,16,0.4857209163159626,42.38818360344602,0.2351717588959209,1.0,32.54098333333333,-4.663706111111111,10.0,False,False,True,0.006218482743128422,3.077984843911311e-05,0.0009416595783390928,-0.0009108797298999797,0.013007995972384693,-4.020042853955692e-05,0.4750000000000001,0.0061877028946893085,0.003922699395168282,500,1.0,False,0.0,0.2785877598483283
y125,ESSENCE,656,16,0.3098502058649615,41.02374209683887,0.2020705311559829,1.0,31.305525000000003,-5.028448611111111,10.0,False,False,True,0.0009158284653902954,-0.0021045790628848133,-0.00115516481320847,-0.000949414249676343,0.0038881806899360174,0.004640797696076695,0.32500000000000007,0.0030204075282751087,0.002025291578504718,500,1.0,False,0.0,0.03473285470952679
y143,ESSENCE,662,16,0.4617221329773824,42.16544583870537,0.224391700665772,1.0,31.85055,-3.865340555555555,10.0,False,False,True,0.004862274108346095,-0.0008512190332937855,-0.001419148576188618,0.0005679295428948324,0.008379210715014724,0.001987192740476309,0.4750000000000001,0.00571349314163988,0.0036431841698764188,500,1.0,False,0.0,0.18566764685497372
y151,ESSENCE,664,16,0.582634479614266,42.46771045944458,0.2657670624372935,1.0,32.564704166666665,-4.0684625,10.0,False,False,True,0.034173913394097054,0.02608732312957311,0.028870399132598746,-0.002783076003025637,0.030424753785332735,-0.05865238837350224,0.5750000000000002,0.008086590264523942,0.00474122487288194,500,1.0,False,0.0,-0.11813144257793867
y154,ESSENCE,665,16,0.6525751575260195,43.24012389214657,0.2637114094647307,1.0,32.40352083333333,-4.864522222222222,10.0,False,False,True,0.018514641961982752,0.008932801981778989,0.010780245639754923,-0.0018474436579759346,0.009305760654617249,-0.01933409711448393,0.6750000000000002,0.009581839980203764,0.005566750980376774,500,1.0,False,0.0,0.3597174804993257
y158,ESSENCE,666,16,0.4846988233451736,42.28990810010957,0.2245892440728573,1.0,31.62867083333333,-4.165290833333334,10.0,False,False,True,0.0007900661481875242,-0.005377658115914638,-0.0032617517079189372,-0.0021159064079956996,0.0042948254166584425,0.011923993661105024,0.4750000000000001,0.0061677242641021614,0.003909312618756093,500,1.0,False,0.0,0.18571736236540215
y163,ESSENCE,667,16,0.6285693260996805,42.23207866592769,0.3832285795788812,1.0,31.521666666666672,-4.027071666666667,10.0,False,False,True,0.0071096778081132395,-0.0019103751591218066,-0.0007003262749792133,-0.0012100488841425934,0.009640240716458295,0.004470935771020403,0.6250000000000002,0.009020052967235046,0.00532783770766997,500,1.0,False,0.0,-0.559995658775262
z181,ESSENCE,671,16,0.6185893802843139,42.864342134849224,0.2717705127420428,1.0,31.81889166666667,-4.706444722222222,10.0,False,False,True,0.0014434034948894827,-0.00736451049437991,-0.004642627888645006,-0.002721882605734903,0.01118183811481054,0.016324617319092145,0.6250000000000002,0.008807913989269393,0.005208925487558043,500,1.0,False,0.0,0.11391512060126505
z202,ESSENCE,676,16,0.219920007552925,39.880028270135995,0.1988142969765476,1.0,31.088833333333337,-3.9030444444444448,10.0,False,False,True,0.00013438931541241773,-0.0013714966487505403,-0.0010281159264907641,-0.00034338072225977614,0.0006619017960357142,0.0030091143261070158,0.22500000000000003,0.001505885964162958,0.0009717393549138839,500,1.0,False,0.0,-0.2797813362075755
z203,ESSENCE,677,16,0.2489128322906317,42.308079023281216,0.2572684888269899,1.0,32.17329583333333,-3.5695908333333333,10.0,True,False,True,0.0003010548026076811,-0.0016749079237553125,-0.0013320738775058922,-0.0003428340462494203,0.0006923151051373661,0.0036830052536654277,0.22500000000000003,0.0019759627263629936,0.001311565908052857,500,1.0,False,0.0,1.8466700091639812
ps0909006,Pan-STARRS,988,27,0.2824673153502095,40.4784818400811,0.1581706676442715,1.0,333.950266,1.184831,10.0,False,False,True,0.0004871575415409242,-0.001746949380178529,-0.0011321124961251644,-0.0006148368840533648,0.0017690388306920444,0.003836127248767745,0.275,0.0022341069217194534,0.0013920628929754736,500,1.0,False,0.0,-0.29025645188010873
psc070003,Pan-STARRS,1040,27,0.1350502497723482,39.27810475806595,0.1433677065797454,1.0,333.0414708,0.7192806,9.72,False,False,True,7.597126656393155e-05,-0.0003760420349956963,-0.0003184293879126084,-5.7612647083087827e-05,0.000595038555351249,0.0008199175718207012,0.125,0.0004520133015596279,0.00030386889334536665,500,1.0,False,0.0,0.20928887150233635
psc070459,Pan-STARRS,1044,27,0.5293805390412505,42.29935367581569,0.2210512462578633,1.0,333.1817,0.6117917,11.74,False,False,True,0.007099633692951849,0.0004399970869403457,0.0007919945758639397,-0.00035199748892359405,0.006293264508434017,-0.0008102644418621317,0.5250000000000001,0.006659636606011503,0.004686045519842158,500,1.0,False,0.0,-0.06740228771608701
psc070567,Pan-STARRS,1048,27,0.1676094444865306,39.40236171739693,0.1444610212086827,1.0,333.3269042,0.8128417,11.42,False,False,True,0.0003103885735469891,-0.0004232810777838079,-0.0003289515853245675,-9.432949245924028e-05,0.0008721457314335863,0.000926470091532155,0.17500000000000004,0.000733669651330797,0.0004844027261208306,500,1.0,False,0.0,-0.1019121807770029
psc071032,Pan-STARRS,1050,27,0.282262912147051,40.92749534797032,0.1581289477360303,1.0,334.8052875,0.8738694,11.31,False,False,True,0.003044280124972066,0.0008133028882833715,0.0004846158862213655,0.00032868700206200587,0.0007725790468664068,-0.0017454856963987249,0.275,0.0022309772366886946,0.0013903268281884073,500,1.0,False,0.0,0.16054473364963953
psc080646,Pan-STARRS,1056,27,0.3170222307394366,41.0847805682068,0.1545119234625898,1.0,334.6222125,0.9414861,10.77,False,False,True,0.0011905246117668569,-0.0015726640452761497,-0.0008207058645565831,-0.0007519581807195665,0.0010583874565739543,0.0034804492688278637,0.32500000000000007,0.0027631886570430066,0.001685549349646971,500,1.0,False,0.0,0.038821093503275436
psc080735,Pan-STARRS,1058,27,0.6318528453030889,42.772273095633665,0.2448410419236406,1.0,333.8736167,0.5419083,9.48,False,False,True,0.006908570525714141,-0.0019121591790853066,-0.003723597919422881,0.0018114387403375745,0.006593260015517279,0.004489994151604506,0.6250000000000002,0.008820729704799447,0.006185224591007123,500,1.0,False,0.0,-0.03336615775557786
psc180417,Pan-STARRS,1128,27,0.3067462683217206,40.89273589736907,0.1682354420491119,1.0,333.0731583,0.5846417,11.49,False,False,True,0.0007549814591379853,-0.0018508685395160678,-0.0010873280602247946,-0.0007635404792912731,0.001508171454342841,0.004078000183167487,0.32500000000000007,0.002605849998654053,0.0015982721630327284,500,1.0,False,0.0,-0.07124694293377355
psc180561,Pan-STARRS,1129,27,0.2273292454502817,40.33827448515497,0.1487278329397644,1.0,334.4624458,1.4684417,8.44,False,False,True,0.00037900045763858517,-0.001052205101676366,-0.000747816299274989,-0.0003043888024013774,0.0003620397909563975,0.0023077525537439883,0.22500000000000003,0.0014312055593149512,0.0008915401702109166,500,1.0,False,0.0,0.09803310940862701
psc190209,Pan-STARRS,1131,27,0.3652751714540294,41.2923212456241,0.1576254551148606,1.0,333.0819708,1.0359472,11.71,False,False,True,0.0005028884670044693,-0.003081708381036165,-0.0020451720609153006,-0.0010365363201208652,0.0013782903051847081,0.006795721301954751,0.3750000000000001,0.0035845968480406345,0.0022914498101431766,500,1.0,False,0.0,-0.1190416312761667
psc190230,Pan-STARRS,1132,27,0.1386413098712764,39.123716860906,0.1429725255498896,1.0,333.9369708,0.4225389,10.87,False,False,True,0.0030032062660614194,0.002520128164277097,0.0025809693007997963,-6.084113652269933e-05,0.00021503889716511647,-0.005511209176142021,0.125,0.0004830781017843225,0.0003237805603591748,500,1.0,False,0.0,-0.006736207081603121
psc190260,Pan-STARRS,1133,27,0.1422406880419524,39.164765324899975,0.1437947831964398,1.0,333.9668208,-0.8251583,10.83,False,False,True,0.00040052779911783014,-0.00011368705914643792,-5.0879793740861e-05,-6.280726540557687e-05,9.82000031374212e-05,0.00025054518399150543,0.125,0.0005142148582642681,0.00034373834931755547,500,1.0,False,0.0,-0.025981019651163687
psc190327,Pan-STARRS,1134,27,0.3282157300420041,41.40154820279694,0.1853807514660983,1.0,334.2294208,-0.3373583,11.79,False,False,True,0.0013562377945759096,-0.0015849326625348137,-0.001674364024432533,8.943136189771964e-05,0.0016835464564118224,0.0034966763366406557,0.32500000000000007,0.0029411704571107233,0.0017962746604657982,500,1.0,False,0.0,0.2690462230813347
psc190340,Pan-STARRS,1135,27,0.1370419120705481,39.055761994189986,0.1425312424062102,1.0,334.1344458,0.4732944,10.75,False,False,True,0.00012965680437239174,-0.0003395855576051062,-0.00027966101963409107,-5.9924537971015037e-05,0.00027917210939555295,0.0007413099867624252,0.125,0.0004692423619774979,0.0003149122385952968,500,1.0,False,0.0,-0.04742643941090703
psc420159,Pan-STARRS,1203,27,0.1796917076690383,39.54445479115047,0.1440558698880052,1.0,333.6844875,1.2178306,11.34,False,False,True,0.001041246577509302,0.00018734758364627707,0.0003039011158325975,-0.00011655353218632025,0.00024745405865162027,-0.00042002765341717313,0.17500000000000004,0.0008538989938630248,0.0005577359164780126,500,1.0,False,0.0,-0.12580538668860816
psc420407,Pan-STARRS,1207,27,0.2440178865569899,40.55537312790633,0.1648546795884846,1.0,333.949,-0.3155167,10.5,False,False,True,0.0005557067141833265,-0.001116553235363105,-0.000700553788809841,-0.0004159994465532641,0.0031830826994216463,0.0024399623862130597,0.22500000000000003,0.0016722599495464317,0.0010445608295004353,500,1.0,False,0.0,0.1425190745993365
psc420414,Pan-STARRS,1208,27,0.2912582348240433,40.72629969162026,0.1799518722366352,1.0,334.276175,0.0287,11.0,False,False,True,0.00017360256105988233,-0.0021951050354959978,-0.0015020904921214883,-0.0006930145433745093,4.442700876145613e-05,0.0048192074526739,0.275,0.00236870759655588,0.0014667271130494805,500,1.0,False,0.0,-0.11821156118408725
psc420417,Pan-STARRS,1209,27,0.3597827757060667,41.11938958175332,0.2178570537137826,1.0,333.4952208,-0.1916139,10.93,False,False,True,0.009829878658738226,0.006340640840381285,0.006715295461434004,-0.00037465462105271954,0.01618584122418228,-0.014045850689697909,0.3750000000000001,0.003489237818356941,0.002218062360603737,500,1.0,False,0.0,-0.2538624627191322
psc420435,Pan-STARRS,1210,27,0.315832685460782,40.79445174158018,0.1611396582354945,1.0,333.2929167,0.9701611,11.02,False,False,True,0.0003396958103349491,-0.0024052793256159844,-0.0016028106953162367,-0.0008024686302997474,0.0010700556508705127,0.005289372521070973,0.32500000000000007,0.0027449751359509334,0.0016754461436356064,500,1.0,False,0.0,-0.24214507498076668
psc430003,Pan-STARRS,1211,27,0.3272232745400913,41.03534328839451,0.1845924250283937,1.0,333.3804167,-0.4528583,8.8,False,False,True,0.0007079144734950057,-0.002216024961306054,-0.0015520055849676325,-0.0006640193763384212,0.00046587511290241364,0.0048862829068091335,0.32500000000000007,0.0029239394348010597,0.0017830138210418035,500,1.0,False,0.0,-0.08959685909393524
psc440050,Pan-STARRS,1216,27,0.2842647284136421,40.79119367537904,0.1678643723555336,1.0,333.8669583,1.5494889,11.03,False,False,True,0.0008300315776713099,-0.0014315961297882412,-0.0014582194436051472,2.6623313816906088e-05,0.003191211905447347,0.0031436073882657,0.275,0.002261627707459551,0.0014073289234437856,500,1.0,False,0.0,0.006786846625945329
psc530037,Pan-STARRS,1267,27,0.2672946908197178,40.66060366742597,0.1505975381903178,1.0,333.6707542,-1.0504306,10.89,False,False,True,0.0035792647140792475,0.001570789501575666,0.002111018826181683,-0.0005402293246060173,0.006618359869211789,-0.003430783492315,0.275,0.0020084752125035816,0.0012579893472366088,500,1.0,False,0.0,0.027934010943321947
psc530251,Pan-STARRS,1270,27,0.4101100775326498,41.827542987359806,0.1849854521968265,1.0,334.634275,1.1148917,9.17,False,False,True,0.0014582781713955177,-0.002910848322829264,-0.0014890015945091181,-0.001421846728320146,0.004257388465149718,0.0064484054630384955,0.42500000000000016,0.004369126494224782,0.002976782451991835,500,1.0,False,0.0,0.12564877038578223
psc550137,Pan-STARRS,1276,27,0.4193019486926472,41.46545282910944,0.1902955219483723,1.0,334.7541042,0.0296556,10.0,False,False,True,0.009235449986801886,0.0047051356890708464,0.006175106244461105,-0.001469970555390259,0.009755881837918057,-0.01025351287475519,0.42500000000000016,0.00453031429773104,0.0031221851552026268,500,1.0,False,0.0,-0.2927309074277225
psc550197,Pan-STARRS,1278,27,0.2467107226231657,40.39261647370305,0.1692646256885888,1.0,333.8101292,1.2734333,11.41,False,False,True,0.0006571811366105455,-0.0010539747273350779,-0.0007734211431576039,-0.00028055358417747404,0.002499306198674411,0.0023102640554448417,0.22500000000000003,0.0017111558639456234,0.0010692518482340809,500,1.0,False,0.0,-0.0470593770996129
psc550200,Pan-STARRS,1279,27,0.2525120467035915,40.546658970780385,0.1659147043757867,1.0,333.6091125,-0.8858139,11.02,False,False,True,0.0009849743003613424,-0.0008099771602299616,-0.00036017391189339487,-0.0004498032483365671,0.0032944075187107177,0.0017840254543308688,0.275,0.001794951460591304,0.0011224450609026717,500,1.0,False,0.0,0.05361962191559668
psc550218,Pan-STARRS,1281,27,0.386151944063932,41.52799608140214,0.2149624264462522,1.0,332.9270958,0.9012806,8.92,False,False,True,0.00019786101665307293,-0.0037511378623437484,-0.0025587519315428205,-0.0011923859308009279,0.001197023196820072,0.008268765359275074,0.3750000000000001,0.003948998878996821,0.002597797878600851,500,1.0,False,0.0,-0.023532701372841976
psc560150,Pan-STARRS,1287,27,0.1978682429246356,40.015342649254926,0.1528738482058127,1.0,333.9607,1.2275833,11.46,False,False,True,0.00010632050709112106,-0.0009656820365461099,-0.000783003240843582,-0.00018267879570252798,0.00038771694182860894,0.0021119594530291308,0.17500000000000004,0.001072002543637231,0.0006830817320970085,500,1.0,False,0.0,0.11399488777862724
psc560152,Pan-STARRS,1288,27,0.2473040430801116,40.34196094266456,0.1776500549327843,1.0,334.8002125,1.1602222,11.42,False,False,True,0.011660086549054528,0.009940360634375207,0.01036017524205976,-0.000419814607684554,0.0008127832819283864,-0.02184583222343044,0.22500000000000003,0.001719725914679321,0.0010746920927040351,500,1.0,False,0.0,-0.10358816182633575
psc570025,Pan-STARRS,1290,27,0.2972448958228746,40.707892024219774,0.1769970181133715,1.0,335.0596208,0.3775583,9.97,False,False,True,0.010128926944952068,0.007668555602316144,0.008122285985166776,-0.0004537303828506322,0.005876935293936232,-0.016744374147581002,0.275,0.002460371342635924,0.0015175738277367987,500,1.0,False,0.0,-0.1870186822861983
SN2005fe,SDSS,1352,27,0.215653,40.26487369544013,0.191470513612219,1.0,334.863827,0.494451,10.0,False,False,True,0.0007697471673557243,-0.0005156579084728072,-0.000258885214980439,-0.0002567726934923682,0.002205857595701889,0.0011345333640094737,0.22500000000000003,0.0012854050758285315,0.0008057258361492803,500,1.0,False,0.0,0.15253331339678228
SN2005gf,SDSS,1376,27,0.248351,40.27923923850169,0.1767429399253672,1.0,334.069239,0.70813,10.0,False,False,True,0.000541238910799784,-0.0011936094791193499,-0.0007544866420510901,-0.0004391228370682599,0.0003941330840094962,0.0026227122474709345,0.22500000000000003,0.0017348483899191339,0.0010842917981027356,500,1.0,False,0.0,-0.176641886832071
SN2005gg,SDSS,1377,27,0.229666,40.241733231919135,0.1715582303412329,1.0,334.671497,0.639188,9.76,False,False,True,0.0002965185345654997,-0.0011684396196732273,-0.0008449732927956065,-0.0003234663268776209,0.00020402618750027074,0.0025613585949466815,0.22500000000000003,0.001464958154238727,0.0009129662239866162,500,1.0,False,0.0,-0.02337112227762901
SN2005gs,SDSS,1383,27,0.249612,40.78331099788615,0.1823909399637493,1.0,333.292725,1.050538,10.0,False,False,True,0.0002448174500774081,-0.0015082451002480946,-0.0010595684937284452,-0.0004486766065196493,0.0013796180801955344,0.003304247215562478,0.22500000000000003,0.0017530625503255027,0.0010958540966823681,500,1.0,False,0.0,0.31503896226326755
SN2005hv,SDSS,1398,27,0.178391,40.08151928338137,0.170966544872129,1.0,333.18276,-0.034922,10.0,False,False,True,0.0015749219412359594,0.0007366303750728,0.0006654167861675579,7.121358890524234e-05,0.0029818487952490494,-0.0016026470394527967,0.17500000000000004,0.0008382915661631593,0.0005487662057292447,500,1.0,False,0.0,0.4286197345456946
SN2005ka,SDSS,1441,27,0.316132,41.36354080705405,0.2521477103941954,1.0,333.483141,1.086488,10.38,False,False,True,0.0021093705322487158,-0.000640187507582411,-0.0012752972719942454,0.0006351097644118346,0.0019412709122517732,0.0014483128578988676,0.32500000000000007,0.0027495580398311267,0.0016779883221522043,500,1.0,False,0.0,0.32458507915512996
SN2006fi,SDSS,1463,27,0.229162,40.23822381593213,0.1811489331703714,1.0,334.959471,0.024371,9.29,False,False,True,0.0002999607138671023,-0.0011577175538967554,-0.0008327734009664538,-0.00032494415293030196,0.0006795178599763117,0.002536051032035279,0.22500000000000003,0.0014576782677638578,0.0009083449722148995,500,1.0,False,0.0,-0.02153789999979068
SN2006fl,SDSS,1466,27,0.170283,39.59386869172997,0.1621594114901842,1.0,332.865475,0.755978,10.0,False,False,True,7.529348809059082e-05,-0.0006815040044980971,-0.0005829937241759089,-9.851028032218814e-05,0.0007626418446121759,0.0014877627577068412,0.17500000000000004,0.000756797492588688,0.0004992270247013591,500,1.0,False,0.0,0.05192515484122476
SN2006fm,SDSS,1467,27,0.12455,38.830377407453,0.1595419078800642,1.0,332.542751,0.503265,10.0,False,False,True,0.00018181886621348325,-0.00018325381258144546,-0.00013730734047746147,-4.594647210398394e-05,0.0009369583613474322,0.0003994722621852547,0.125,0.0003650726787949287,0.000248142388814761,500,1.0,False,0.0,-0.04894033239441027
SN2006lm,SDSS,1558,27,0.273401,40.56691792516957,0.1883651787464479,1.0,335.053316,0.409944,10.0,False,False,True,0.0025454679362985604,0.0004487918555154068,0.0009357138992811278,-0.0004869220437657213,0.007473096169565754,-0.0009995330142842668,0.275,0.0020966760807831536,0.0013139790141374586,500,1.0,False,0.0,-0.12135220264039946
SN2007kp,SDSS,1624,27,0.277487,41.319100108594064,0.2407385704131694,1.0,332.373276,0.737893,10.7,False,False,True,0.0009890281531578053,-0.0011688235134621407,-0.0008140916554918191,-0.0003547318579703217,0.004912936429258971,0.002554796746711727,0.275,0.002157851666619946,0.0013497634085526192,500,1.0,False,0.0,0.5942636048347678
SN2007mo,SDSS,1659,27,0.219552,39.94637130187959,0.1831706586695475,1.0,332.891016,0.764785,10.0,False,False,True,0.0009141706731852007,-0.0004180192122130069,-0.000143947608095559,-0.0002740716041174483,0.0016344828353007028,0.0009250317761041287,0.22500000000000003,0.0013321898853982076,0.0008326134320648973,500,1.0,False,0.0,-0.20937815467123327
SN2007na,SDSS,1667,27,0.46861,42.26685609686882,0.3461976155673197,1.0,333.386616,0.880501,10.0,False,False,True,0.0024695730044711484,-0.002979089149397026,-0.001392953434499483,-0.0015861357148975422,0.0009177014657775141,0.006672769022828684,0.4750000000000001,0.005448662153868174,0.003806817810901986,500,1.0,False,0.0,0.24918468493993384
SN2007oa,SDSS,1680,27,0.257208,40.60135681774558,0.2002660654648902,1.0,333.463938,-0.920283,11.62,False,False,True,0.0001893276911477008,-0.0016734531481918972,-0.0012033052528231372,-0.0004701478953687601,0.0009568651526035078,0.003668606960340983,0.275,0.001862780839339598,0.0011655029626703821,500,1.0,False,0.0,0.06315923658157187
SN2007qf,SDSS,1715,27,0.205566,40.12486454034712,0.1703453776952483,1.0,333.762493,-0.341257,10.0,False,False,True,6.129596027014735e-05,-0.001103073369436474,-0.0008924746156821708,-0.00021059875375430327,0.0005872280227627502,0.0024121425287585967,0.22500000000000003,0.0011643693297066213,0.0007361656463568136,500,1.0,False,0.0,0.12830090039749992
psc040782,Pan-STARRS,1024,38,0.3374946549187116,41.00560640875611,0.1642709146020118,1.0,242.0767,54.90815,10.15,False,False,True,0.009399485797941582,0.004979144238245357,0.006047654909156305,-0.0010685106709109472,0.005266251478391006,-0.010834760490246958,0.32500000000000007,0.004420341559696225,0.0029892199613788663,500,1.0,False,0.0,-0.19658755832882713
psc050003,Pan-STARRS,1025,38,0.4268977025582054,41.82015942674681,0.1932003815407793,1.0,242.2193333,55.0048111,8.37,False,False,True,0.0013124342740307275,-0.0052571019534947624,-0.002887838673055919,-0.0023692632804388435,0.004327648368335306,0.011628359808027554,0.42500000000000016,0.00656953622752549,0.004149914947266573,500,1.0,False,0.0,0.016321309556462254
psc050201,Pan-STARRS,1027,38,0.5502158351976354,42.409545928384,0.2123083659817978,1.0,241.7033583,54.9809333,10.56,False,False,True,0.014177366854987956,0.004760214268305663,-0.0028884025430333895,0.00764861681133905,0.013812798403006992,-0.010328698044434245,0.5750000000000002,0.009417152586682293,0.006448563901943621,500,1.0,False,0.0,-0.028061427632392673
psc050203,Pan-STARRS,1028,38,0.5760960750711839,42.60125801569242,0.2170520993951653,1.0,242.7929583,55.1223056,8.84,False,False,True,0.052175207761644964,0.042178688176483944,-0.0046415643454818245,0.04682025252196577,0.004248111374209851,-0.09419143599654153,0.5750000000000002,0.009996519585161017,0.006862002824985185,500,1.0,False,0.0,0.04467398966994023
psc050291,Pan-STARRS,1030,38,0.3254509383388961,41.24023251771916,0.1626864504876883,1.0,244.5661333,55.3847056,11.17,False,False,True,0.007610316625225048,0.003497856039110807,0.0019997020951554112,0.001498153943955396,0.012295786830054391,-0.007723664433829909,0.32500000000000007,0.0041124605861142405,0.002821719268729401,500,1.0,False,0.0,0.12884935484199164
psc050293,Pan-STARRS,1031,38,0.3600547891595367,41.20579124767825,0.1626956508218615,1.0,244.448775,55.3022889,8.55,False,False,True,0.02600132103122213,0.021004260810955112,0.01740771891326307,0.0035965418976920435,0.02043977041206319,-0.04664525717502656,0.3750000000000001,0.0049970602202670175,0.0033029800940223225,500,1.0,False,0.0,-0.16936091640138612
psc050296,Pan-STARRS,1032,38,0.3509679283597848,41.30836240378056,0.1608472529925189,1.0,243.4509042,55.6085389,10.9,False,False,True,0.021046635089741535,0.016281867910521355,0.017122156110735337,-0.0008402882002139808,0.02298643099903964,-0.03620405475961083,0.3750000000000001,0.004764767179220179,0.0031766025370712912,500,1.0,False,0.0,-0.002581866526822968
psc050301,Pan-STARRS,1033,38,0.3470462691692921,41.11983222381141,0.1626658154787608,1.0,244.7241958,55.7829111,10.91,False,False,True,0.0018939896457961856,-0.0027705257347683224,-0.0014058688094318657,-0.0013646569253364569,0.00394172470783118,0.006127067672729833,0.32500000000000007,0.004664515380564508,0.0031220611813037903,500,1.0,False,0.0,-0.15227141767021857
psc050669,Pan-STARRS,1037,38,0.3930041390326599,41.55375464246294,0.1639374257323085,1.0,241.4821792,55.3764417,11.58,False,False,True,0.013977624095386276,0.008185342036523055,0.0065064669614026465,0.0016788750751204093,0.00437257922245592,-0.017827917063701862,0.3750000000000001,0.005792282058863221,0.0037298415550313154,500,1.0,False,0.0,-0.042247555785158104
psc070194,Pan-STARRS,1042,38,0.4761204076895968,42.16538703452452,0.2317398968457088,1.0,240.8958208,55.3801,11.48,False,False,True,0.003556764968907452,-0.004129341328637952,-0.0024833582816716038,-0.0016459830469663468,0.0034371717855352954,0.009249661583550195,0.4750000000000001,0.007686106297545404,0.00495711192064546,500,1.0,False,0.0,0.10698700009257334
psc070472,Pan-STARRS,1045,38,0.666698401717537,42.44297630868555,0.3701285333802017,1.0,242.7095958,55.59465,11.49,False,False,True,0.011586591864006124,-0.0002879205285657039,-0.0030634587387030855,0.0027755382101373816,0.01466574669888057,0.0008959374327020091,0.6750000000000002,0.011874512392571828,0.007664414830821958,500,1.0,False,0.0,-0.49329292302079053
psc070955,Pan-STARRS,1049,38,0.3493025483340495,41.227110073004745,0.1519769822719269,1.0,241.4753708,55.1978306,9.51,False,False,True,0.002400370694124188,-0.0023218233457905813,-0.002561754443144557,0.00023993109735397653,0.0031254260551416284,0.005152897388077774,0.32500000000000007,0.004722194039914769,0.003153440890416242,500,1.0,False,0.0,-0.061247005332857
psc150509,Pan-STARRS,1109,38,0.2929046299009583,40.82792375768966,0.1662402196677262,1.0,241.2345292,54.8781417,10.0,False,False,True,0.0016872309681394623,-0.0015565889640617777,-0.00167253695799451,0.00011594799393273281,0.0022508099817595798,0.003433763757250323,0.275,0.00324381993220124,0.002234222129557778,500,1.0,False,0.0,-0.03054276705794921
psc160046,Pan-STARRS,1114,38,0.1068861983971887,38.84892601609739,0.1528757244057519,1.0,242.1269542,53.685325,11.11,False,False,True,0.0014261665948646115,0.0005763385162913274,0.0005784653224113591,-2.126806120031596e-06,0.0013385602966306798,-0.0012429447474959973,0.125,0.0008498280785732841,0.0005549566249858963,500,1.0,False,0.0,0.3253152959497839
psc160070,Pan-STARRS,1116,38,0.3589784389271453,41.496554624547166,0.1663741376623629,1.0,243.1924167,54.873725,11.12,False,False,True,0.0028437648561622122,-0.002125779957604852,-0.0004991619411263909,-0.0016266180164784601,0.004156166300410467,0.004731690682518837,0.3750000000000001,0.004969544813767064,0.00328801051147991,500,1.0,False,0.0,0.1289289910050772
psc160197,Pan-STARRS,1120,38,0.3537122075463106,41.38319413759189,0.1669977863992486,1.0,241.617425,53.8718056,10.16,False,False,True,0.0032433297423972527,-0.0015915911424609647,-0.0028689815978403636,0.0012773904553793993,0.0038861042340559574,0.0035662291405372014,0.3750000000000001,0.0048349208848582174,0.003214769216062804,500,1.0,False,0.0,0.05269781078545493
psc160198,Pan-STARRS,1121,38,0.3489898858401576,41.289732984891366,0.1566644147109024,1.0,242.9047958,53.9702667,9.88,False,False,True,0.004581352434882785,-0.0001328488203808289,5.7440756048021246e-05,-0.00019028957642884927,0.009342915210353709,0.00029651460397231433,0.32500000000000007,0.0047142012552636135,0.003149092466576696,500,1.0,False,0.0,0.003622397348865476
psc160200,Pan-STARRS,1122,38,0.4235984344713794,41.73291704862192,0.2730350885476344,1.0,242.6075625,54.149575,10.87,False,False,True,0.00601704693534047,-0.0004773286329510717,-0.001395203304300821,0.0009178746713497492,0.0075443719934496,0.0011657891797801894,0.42500000000000016,0.006494375568291542,0.004101999466032084,500,1.0,False,0.0,-0.051184530212827116
psc170428,Pan-STARRS,1125,38,0.3001750691446019,41.012054996077566,0.1486604410542543,1.0,243.6184708,54.0030222,9.68,False,False,True,0.000984625846786846,-0.0024533525653121007,-0.00195342209800481,-0.0004999304673072905,0.001995951314922481,0.005403930032418807,0.32500000000000007,0.0034379784120989465,0.0023658849049954973,500,1.0,False,0.0,0.10183719950227275
psc180166,Pan-STARRS,1126,38,0.1475696854043096,39.15659893319543,0.1423026820260998,1.0,242.8426542,55.0642,10.88,False,False,True,6.5056201693161735e-06,-0.0010951472179108674,-0.0010566239857294584,-3.852323218140908e-05,0.00012155321219177995,0.002396703062074094,0.125,0.0011016528380801837,0.0007238932030967273,500,1.0,False,0.0,-0.12083528413190832
psc180313,Pan-STARRS,1127,38,0.5100624990076124,42.08114589550723,0.1678032612846457,1.0,244.3188333,55.3794389,10.0,False,False,True,0.004662131461534797,-0.0038328913419562885,-0.0012396841634322846,-0.002593207178524004,0.013448464116407344,0.008470986232488695,0.5250000000000001,0.008495022803491086,0.005708581314749833,500,1.0,False,0.0,-0.18982438890012973
psc190049,Pan-STARRS,1130,38,0.2600809442686544,40.418713635837506,0.1464879698790695,1.0,242.321775,55.4876333,11.29,False,False,True,0.008952039178510238,0.006434684617000483,0.0067816578427030705,-0.0003469732257025864,0.010431628086448748,-0.014118121813197224,0.275,0.0025173545615097544,0.001695303737908693,500,1.0,False,0.0,-0.14673644036716824
psc390259,Pan-STARRS,1197,38,0.1221824386439853,38.796098270684745,0.1434112020504513,1.0,242.3956292,53.8672222,8.79,False,False,True,0.004132634218300784,0.0032828061397275,0.0032849329458475318,-2.126806120031596e-06,0.00363808535939273,-0.007148887384527975,0.125,0.0008498280785732841,0.0005549566249858963,500,1.0,False,0.0,-0.0384174579304158
psc390264,Pan-STARRS,1198,38,0.2921785690743141,40.53139367624841,0.1494377867715096,1.0,243.373,53.9909167,9.49,False,False,True,0.017723428402073367,0.014498998064047988,-0.0019252103699327532,0.016424208433980743,0.0061085128090464956,-0.03180827742037512,0.275,0.003224430338025379,0.002221073655253952,500,1.0,False,0.0,-0.32092754030378234
psc390449,Pan-STARRS,1199,38,0.2501789274868173,40.46060187833271,0.1437136260479989,1.0,242.95075,54.4558028,8.32,False,False,True,0.0014963662110934546,-0.0008561751887741819,-0.0006211689712206543,-0.00023500621755352717,0.0035257560872555857,0.0019006977809107213,0.275,0.0023525413998676365,0.001552818795076856,500,1.0,False,0.0,-0.009711299369745222
psc400103,Pan-STARRS,1202,38,0.3396665374554961,42.11246940208686,0.2052729665656284,1.0,243.7157958,55.1823833,9.67,True,False,True,0.002581074537729815,-0.0018947881981332053,-0.0025128157624867207,0.0006180275643535159,0.006539267896898084,0.004175186913642443,0.32500000000000007,0.00447586273586302,0.003019425905437228,500,1.0,False,0.0,0.8942195039093074
psc510251,Pan-STARRS,1253,38,0.2404462406378158,40.458520318129125,0.1536415533317192,1.0,244.4936833,55.7427639,11.65,False,False,True,0.00045641187196178906,-0.0017341347619710032,-0.001488451105730459,-0.00024568365624054467,0.0018377414281518113,0.0038085419423382833,0.22500000000000003,0.0021905466339327924,0.001412770423130665,500,1.0,False,0.0,0.08166757925810401
psc510550,Pan-STARRS,1256,38,0.2411649422085646,40.398039194822985,0.1452595127206428,1.0,243.2749792,55.6116583,10.7,False,False,True,0.00012811743362216296,-0.002074391559167619,-0.0018420293147850756,-0.00023236224438254332,0.00019938232465687304,0.004551933611189242,0.22500000000000003,0.002202508992789782,0.0014231121701179183,500,1.0,False,0.0,0.01390248506533169
psc510578,Pan-STARRS,1257,38,0.3702196013418621,41.44486612798124,0.1599624185907402,1.0,241.2325958,53.912125,9.29,False,False,True,0.0019476114469518392,-0.003309298152054071,-0.001496172326694964,-0.001813125825359106,0.002496141482171594,0.007333164023495786,0.3750000000000001,0.0052569095990059106,0.003444349501871449,500,1.0,False,0.0,-0.00035323862941367143
psc510638,Pan-STARRS,1259,38,0.270060002990018,40.68207641503558,0.1443096395868879,1.0,243.4693958,56.0842444,8.85,False,False,True,0.0029475103743445085,0.00026406033407359343,0.0005731311053847892,-0.0003090707713111958,0.0009841284496206063,-0.0005231010265395594,0.275,0.002683450040270915,0.0018388972747361708,500,1.0,False,0.0,0.024083335678244406
psc520019,Pan-STARRS,1260,38,0.2627962220670277,40.62734450659318,0.159446038362692,1.0,241.8611875,54.4578056,11.27,False,False,True,0.00021410209899894032,-0.002348446641489323,-0.001985593430276674,-0.00036285321121264915,0.0007138265392915407,0.005156708328280407,0.275,0.0025625487404882636,0.0017343751927847764,500,1.0,False,0.0,0.03639252775817694
psc520077,Pan-STARRS,1265,38,0.2500445227297778,40.6919878383494,0.1609963398698633,1.0,244.6629333,55.6842139,11.4,False,False,True,0.000316678763651448,-0.0020336255492231572,-0.0017417529381386298,-0.00029187261108452715,0.000769111135775349,0.004466644449190427,0.275,0.0023503043128746052,0.0015508847795580951,500,1.0,False,0.0,0.22298982575105256
psc080028,Pan-STARRS,1051,41,0.2751375291266273,40.57962862388857,0.1553548376267169,1.0,351.9191125,-0.3361556,10.0,False,False,True,0.00044970827614020933,-0.0011662223892730372,-0.0008992062278600265,-0.00026701616141301053,0.0028528257419837386,0.0025531872536042562,0.275,0.0016159306654132464,0.0012500584999755203,500,1.0,False,0.0,-0.12424341485015321
psc090097,Pan-STARRS,1059,41,0.427353925500423,41.919584172548106,0.184668627014136,1.0,352.0869417,-0.9595444,11.71,False,False,True,0.0035284001770623514,-0.0004627346007693776,-0.0018659790964609953,0.0014032444956916174,0.0051788565935854585,0.0010738248588557826,0.42500000000000016,0.003991134777831729,0.0030410462695803085,500,1.0,False,0.0,0.11302808289704068
psc090201,Pan-STARRS,1061,41,0.506959790873426,42.04365669933324,0.1897135615981509,1.0,353.3282708,-0.9507111,10.28,False,False,True,0.0023623277928077136,-0.003238741270759348,-0.003441226905658082,0.00020248563489873393,0.008016387152757537,0.007152344920882355,0.5250000000000001,0.0056010690635670615,0.004030952061585513,500,1.0,False,0.0,-0.21161217114026884
psc100014,Pan-STARRS,1066,41,0.3072047628589898,40.97665041681879,0.1559211404232837,1.0,353.2949333,-1.2352833,11.07,False,False,True,0.009341214180346818,0.007288341324594813,-0.0009160723868182851,0.0082044137114131,0.013844731602414138,-0.016077850987206856,0.32500000000000007,0.0020528728557520043,0.0015196102374160703,500,1.0,False,0.0,0.00895611477641954
psc310051,Pan-STARRS,1139,41,0.2693486888075429,40.53309747127779,0.1511818983916251,1.0,353.411625,-0.5524778,10.44,False,False,True,0.013925019293004623,0.012360122514585856,0.012669542998896464,-0.000309420484310609,0.006462756578334824,-0.027079420753818317,0.275,0.0015648967784187662,0.0012103756784656618,500,1.0,False,0.0,-0.11840473887418755
psc310058,Pan-STARRS,1140,41,0.4282505533537926,41.72784936747163,0.1721504238983567,1.0,353.2503333,0.3614028,10.3,False,False,True,0.0007328722008314338,-0.003275655344438109,-0.0022478298261148816,-0.0010278255183232277,0.00528661553268382,0.0071938589873551916,0.42500000000000016,0.004008527545269543,0.0030498030851633957,500,1.0,False,0.0,-0.08404055764190367
psc310090,Pan-STARRS,1141,41,0.3456510333981519,41.493256539595,0.2423553433866157,1.0,351.3083625,-0.6051083,11.64,False,False,True,0.008696098439662701,0.006087873616516475,0.002531575949553988,0.003556297666962486,0.001974048556706441,-0.01329132545619868,0.32500000000000007,0.0026082248231462267,0.0019324828346995583,500,1.0,False,0.0,0.23125276855915422
psc310091,Pan-STARRS,1142,41,0.5054574332706192,42.18383600770789,0.1821507110500042,1.0,353.1263917,-0.1046556,9.07,False,False,True,0.0005228468247001527,-0.005045989181684599,-0.003195074552811453,-0.0018509146288731453,0.003376131847794402,0.0111361372453426,0.5250000000000001,0.005568836006384751,0.004006292940661186,500,1.0,False,0.0,-0.06379763636543788
psc310161,Pan-STARRS,1144,41,0.2506708215631246,40.51542165447076,0.1447742854516039,1.0,352.9659042,-0.6604444,9.58,False,False,True,0.002062288341206484,0.0006598676347187042,0.0009320216375219119,-0.0002721540028032076,0.005028496339701178,-0.0014300430480129632,0.275,0.0014024207064877797,0.001083042752798054,500,1.0,False,0.0,0.04030081296748291
psc310574,Pan-STARRS,1148,41,0.2360847784465054,40.318324229253285,0.1464027320064687,1.0,352.9859333,0.5362722,10.23,False,False,True,4.215907583644504e-05,-0.00123337974635523,-0.0009862648497020203,-0.00024711489665320974,0.00019178260339076296,0.0027006440086820346,0.22500000000000003,0.001275538822191675,0.0009836050857642002,500,1.0,False,0.0,-0.013887967822283255
psc420196,Pan-STARRS,1204,41,0.297212775746464,41.298036655668106,0.1666482280080128,1.0,351.7612375,-1.0283889,9.03,False,False,True,0.0005814020677973409,-0.0013353218213421315,-0.0009037148704395148,-0.0004316069509026168,0.0005530784782233343,0.002937388095025322,0.275,0.0019167238891394725,0.0014356192854947402,500,1.0,False,0.0,0.4033938399572916
psc430004,Pan-STARRS,1212,41,0.2302926352458776,40.19841339858136,0.1546369382634,1.0,351.1130208,-0.7542444,10.51,False,False,True,0.010212417752609471,0.008987263948310082,0.00900996657803067,-2.2702629720586183e-05,0.009495593444374433,-0.019727653439534407,0.22500000000000003,0.0012251538042993883,0.0009441182144865342,500,1.0,False,0.0,-0.07331844753193024
psc440162,Pan-STARRS,1217,41,0.4182677611890548,41.72908895855671,0.1832053807945823,1.0,353.2660375,-0.9126667,11.61,False,False,True,0.0021255041605706803,-0.0016997864354547608,-0.0016899159759516803,-9.870459503080915e-06,0.005512103053534019,0.0037575101148777015,0.42500000000000016,0.003825290596025441,0.002922271760604794,500,1.0,False,0.0,-0.022819275368580992
psc450082,Pan-STARRS,1222,41,0.2472726508613061,40.495588838619305,0.1511236833490694,1.0,353.3560083,0.3104917,10.29,False,False,True,0.0006135260971300772,-0.0007593344127807927,-0.0004953901244460663,-0.0002639442883347265,0.0022419502389591393,0.0016658740730766514,0.22500000000000003,0.0013728605099108699,0.0010598763488549163,500,1.0,False,0.0,0.050350157187056085
psc530219,Pan-STARRS,1269,41,0.3271729869522803,41.442286879899726,0.1702949368372781,1.0,351.5286125,-0.3194222,10.9,False,False,True,0.0007419073202339114,-0.001586362389412733,-0.0009788626199234364,-0.0006074997694892966,0.0038960633175332536,0.0034762825546538817,0.32500000000000007,0.0023282697096466444,0.0016968983268479745,500,1.0,False,0.0,0.3177304546395115
psc550041,Pan-STARRS,1273,41,0.2572625675649951,40.55484872421444,0.1472752928477169,1.0,352.5404375,-0.8664278,10.0,False,False,True,0.0005433227167921823,-0.0009164386369726983,-0.0007796473259715455,-0.0001367913110011529,0.0036808098264422442,0.002006104113963396,0.275,0.0014597613537648806,0.0011279807691514337,500,1.0,False,0.0,0.01613089986635698
psc550059,Pan-STARRS,1274,41,0.3183860572061452,41.228938584593415,0.1908885757078712,1.0,351.3029167,-1.0245056,10.0,False,False,True,0.0010735715193388685,-0.0011316555832323089,-0.0008259788546800441,-0.0003056767285522646,0.0016045826116519192,0.0024990555487970213,0.32500000000000007,0.0022052271025711774,0.0016135983045897052,500,1.0,False,0.0,0.17228466411794108
psc550202,Pan-STARRS,1280,41,0.4190627281886079,41.946277504522,0.231607742482651,1.0,351.7998875,-0.7829278,9.65,False,False,True,0.015080496844504226,0.01124101463229901,0.012248747987940733,-0.0010077333556417227,0.010005619379751704,-0.02466485405733978,0.42500000000000016,0.0038394822122052147,0.002933582417074939,500,1.0,False,0.0,0.1895440873470684
psc560054,Pan-STARRS,1284,41,0.4784918533370723,42.042482040898854,0.2069609088304421,1.0,353.2958042,-0.3364083,10.84,False,False,True,0.004332619950561055,-0.0006576699904073755,0.0007762767923116727,-0.0014339467827190488,0.004031655685695485,0.0015489518594784622,0.4750000000000001,0.00499028994096843,0.0035636902639525027,500,1.0,False,0.0,-0.02865333475304499
psc570022,Pan-STARRS,1289,41,0.3002059893235009,41.16154076955098,0.1745460558489575,1.0,351.1238417,-0.4843417,9.5,False,False,True,0.00047313897987070455,-0.0014843698833459772,-0.0013403129863941952,-0.00014405689695178204,0.0015973354255379307,0.0032607241914565967,0.32500000000000007,0.001957508863216682,0.0014607797320413559,500,1.0,False,0.0,0.25106744546087845
psc570062,Pan-STARRS,1291,41,0.1221253852530839,38.86842652731985,0.1471979003182023,1.0,353.1017208,0.2955889,9.22,False,False,True,0.00021494729199398523,-0.00021937834096039823,-0.00014840187495559758,-7.09764660048007e-05,0.00030218421587547325,0.00048023522626905327,0.125,0.00043432563295438346,0.0003049042093968131,500,1.0,False,0.0,0.03500050545424076
SN2006hm,SDSS,1499,41,0.329841,40.922939594455585,0.2119167067682303,1.0,351.561718,-0.382281,10.0,False,False,True,0.00031598111719847115,-0.002052710825273527,-0.0014334130622740296,-0.0006192977629994979,0.0017106347676391323,0.004504212335137922,0.32500000000000007,0.0023686919424719985,0.0017309139649528934,500,1.0,False,0.0,-0.2219002103148261
SN2006ju,SDSS,1527,41,0.147338,39.10692917375572,0.1622167937788305,1.0,351.162552,-0.718357,10.0,False,False,True,0.003921114192133097,0.0033206983819441924,0.0033621088892365884,-4.141050729239613e-05,0.004026531236108044,-0.007266099712678564,0.125,0.0006004158101889043,0.0004253086565424743,500,1.0,False,0.0,-0.1667976662347584
GND13Cam,MCT,975,22,1.222,45.26656849089678,0.3292755564214104,1.0,189.28070833333337,62.17413888888889,10.0,False,False,True,0.0035022982794957504,-0.010610590489150255,-0.008037602661975077,-0.0025729878271751787,0.0037204054739269922,0.02388347944937375,1.2250000000000005,0.014112888768646005,0.009086442294963517,200,1.0,False,0.0,0.40992739808759304
GND13Gar,MCT,976,22,1.07,44.13343716256072,0.3300266278330237,1.0,189.1700416666667,62.18727777777779,10.0,False,False,True,0.011815453131498562,-7.013774832986298e-05,-0.0033552409109551713,0.0032851031626253088,0.0077834433297342825,0.0005595911269951556,1.0750000000000002,0.011885590879828425,0.007590602060492231,200,1.0,False,0.0,0.016921880845810644
2002dc,Riess07,1301,22,0.4755910893152391,42.1217215178059,0.2758982597239597,1.0,189.20766666666668,62.22027777777778,10.0,False,False,True,0.004754711444455451,0.0020620773615935262,0.0021862142017677433,-0.00012413684017421748,0.0048562001587310446,-0.0044624221164865615,0.4750000000000001,0.0026926340828619245,0.0020608845531292406,200,1.0,False,0.0,0.06617218274247005
2002dd,Riess07,1302,22,0.9507815535104756,43.60223598381056,0.287195058050224,1.0,189.23066666666665,62.21280555555556,10.0,False,False,True,0.004597679583347092,-0.005352463483515324,-0.003400681144504295,-0.0019517823390110302,0.011514864251610154,0.01194555859872189,0.9750000000000003,0.009950143066862416,0.006397169312544736,200,1.0,False,0.0,-0.31484602525687455
2003XX,Riess07,1307,22,0.9357753521697538,43.56115874083691,0.2805591039057954,1.0,189.3708333333334,62.191055555555565,10.0,False,False,True,0.00463892095427894,-0.005061342457891253,-0.003140255860524941,-0.0019210865973663092,0.007720220325232995,0.011360534426189313,0.9250000000000003,0.009700263412170193,0.006305388250453162,200,1.0,False,0.0,-0.13230710150107544
2003az,Riess07,1310,22,1.265902792406533,44.64719372322139,0.2909782698990051,1.0,189.33195833333335,62.31041666666667,10.0,False,False,True,0.0023671290081192955,-0.012329691649552454,-0.009301099144869592,-0.003028592504682861,0.010619906175245178,0.027584923473365365,1.2750000000000004,0.01469682065767175,0.009351510471518387,200,1.0,False,0.0,-0.00019963464665827182
2003bd,Riess07,1311,22,0.6706683052343887,43.00437827411772,0.264059055148175,1.0,189.35441666666668,62.22152777777779,10.0,False,False,True,0.004110047327121127,-0.0015010125865198114,-0.0005444669065981754,-0.0009565456799216353,0.0009315252945032335,0.0034297717196333285,0.6750000000000002,0.005611059913640939,0.004119683898812585,200,1.0,False,0.0,0.05261017449880816
2003be,Riess07,1312,22,0.6406610524654051,42.893950292284416,0.2604221470253085,1.0,189.10820833333335,62.11544444444444,10.0,False,False,True,0.0018675903539090964,-0.003267347710082102,-0.0025574551714161887,-0.0007098925386659124,0.0007567996214551025,0.007255084579262029,0.6250000000000002,0.005134938063991198,0.0038261154643254728,200,1.0,False,0.0,0.05225143965167919
2003dy,Riess07,1313,22,1.340938324062687,44.72995995585153,0.3050111867622878,1.0,189.28816666666668,62.19138888888888,10.0,False,False,True,0.018266232626783504,0.002638949667457643,0.005477974574981892,-0.002839024907524246,0.016919707903188596,-0.005383615878926905,1.3250000000000006,0.01562728295932586,0.009778523561499143,200,1.0,False,0.0,-0.09873675478679081
2003eb,Riess07,1314,22,0.9007604609419082,43.079404988559226,0.270251564391704,1.0,189.31325,62.226277777777774,10.0,False,False,True,0.005430833723956857,-0.003661963476239586,-0.001880991047119352,-0.001780972429120234,0.008388903076814362,0.00827149053587981,0.9250000000000003,0.009092797200196442,0.005860717139979464,200,1.0,False,0.0,-0.5134966308647422
2003eq,Riess07,1315,22,0.8407355137928809,43.420911313687974,0.260757689246602,1.0,189.45141666666663,62.22647222222222,10.0,False,False,True,0.003513145408643942,-0.004603135312865769,-0.0030665127782179367,-0.0015366225346478337,0.01047833529335669,0.010206720448314926,0.8250000000000003,0.008116280721509711,0.005202578468284404,200,1.0,False,0.0,-0.12019078236005942
2003es,Riess07,1316,22,0.954782890965173,44.03088522380827,0.2960792557238742,1.0,189.23079166666668,62.21997222222223,10.0,False,False,True,0.0033956170734752242,-0.006621155302083294,-0.004685863795868379,-0.0019352915062149161,0.006024823870838358,0.014808987451843733,0.9750000000000003,0.010016772375558518,0.006421642328269396,200,1.0,False,0.0,0.10272142566101167
HST04Eagle,Riess07,1317,22,1.0208082465825936,44.17281317590934,0.2850171707924513,1.0,189.33645833333333,62.22819444444445,10.0,False,False,True,0.0313765517158549,0.020281279825287116,0.02257017528525363,-0.002288895459966513,0.01340148663402601,-0.044765965135936114,1.0250000000000004,0.011095271890567781,0.007003194723014658,200,1.0,False,0.0,0.020007712155915763
HST04Manipogo,Riess07,1319,22,0.8547418671331191,43.66592621127267,0.2883867973898361,1.0,189.14504166666669,62.26362777777778,10.0,False,False,True,0.0012573488535127444,-0.007072155952712481,-0.005516454828691177,-0.0015557011240213028,0.003444694515742449,0.01570755664772559,0.8750000000000002,0.008329504806225225,0.005307062957042282,200,1.0,False,0.0,0.08380888329783508
HST04Patuxent,Riess07,1322,22,0.970783635569236,44.591055402280226,0.3248796525554099,1.0,189.5375,62.313122222222226,10.0,False,False,True,0.006859725091899548,-0.003423487833515637,-0.0013442991772969152,-0.002079188656218722,0.009928310164258174,0.007779854035275483,0.9750000000000003,0.010283212925415185,0.006519506224712777,200,1.0,False,0.0,0.6190293051525111
HST04Sasquatch,Riess07,1324,22,1.390961254833751,44.74413187134531,0.3018860419158135,1.0,189.22545833333336,62.13965555555556,10.0,False,False,True,0.024320182775383913,0.00811387118627599,0.01100477736047048,-0.00289090617419449,0.02175626273741784,-0.017696542049335143,1.3750000000000004,0.016206311589107923,0.010034579412685846,200,1.0,False,0.0,0.01803782353712305
HST04Thames,Riess07,1325,22,0.9547829780306976,43.87333717463446,0.2898610953736044,1.0,189.229875,62.21779166666667,10.0,False,False,True,0.005053842583190609,-0.00496293124216208,-0.0030177954633326502,-0.0019451357788294302,0.010736456801748215,0.011107904851019323,0.9750000000000003,0.010016773825352689,0.006421642860780332,200,1.0,False,0.0,-0.054826864145260015
HST04Yowie,Riess07,1326,22,0.460585879578135,42.226343461183035,0.2592070476837734,1.0,189.14304166666668,62.20359722222223,10.0,False,False,True,0.0007926022462237842,-0.0017471111896915207,-0.001643413674677862,-0.00010369751501365913,0.0008272503814707767,0.003853049643276015,0.4750000000000001,0.002539713435915305,0.0019180629078835165,200,1.0,False,0.0,0.25286705605648063
HST05Ferguson,Riess07,1327,22,1.0208088528200356,43.8630786312076,0.2888610667940907,1.0,189.10458333333332,62.25662222222222,10.0,False,False,True,0.019509447455897413,0.008414165747519048,0.010088240043700524,-0.0016740742961814734,0.02193357080760822,-0.0186573695213575,1.0250000000000004,0.011095281708378365,0.007003200782978685,200,1.0,False,0.0,-0.28972840112590637
HST05Gabi,Riess07,1328,22,1.120851440993896,44.33203765443925,0.2814015412893901,1.0,189.05762499999997,62.2021,10.0,False,False,True,0.008402422256696395,-0.0042636704200809845,-0.001960385451663287,-0.0023032849684176994,0.02280168857638254,0.009325563275187035,1.1250000000000004,0.01266609267677738,0.008158363168613032,200,1.0,False,0.0,-0.043213818645066175
HST05Lancaster,Riess07,1329,22,1.2308936461459623,44.9058223070932,0.2826743240384918,1.0,189.2363333333333,62.21481388888888,10.0,False,False,True,0.011540350349373512,-0.0026923766814279503,-0.0006415178356534643,-0.002050858845774487,0.019093243027910992,0.006174927362569561,1.2250000000000005,0.014232727030801463,0.009141555060809587,200,1.0,False,0.0,0.030013897936644662
HST05Spock,Riess07,1330,22,0.8397353486100381,43.32680861909546,0.2856401130545198,1.0,189.27720833333333,62.253249999999994,10.0,False,False,True,0.005595499274194702,-0.002505555549431701,-0.0009642443579219303,-0.001541311191509772,0.005703896492043413,0.005718542928654747,0.8250000000000003,0.008101054823626403,0.005195117443614795,200,1.0,False,0.0,-0.21116091596274789
HST05Strolger,Riess07,1331,22,1.010807871257824,44.482988013272134,0.318983473662095,1.0,189.0859583333333,62.18071666666667,10.0,False,False,True,0.003911604872312686,-0.007021714318084442,-0.004983733742707265,-0.002037980575377174,0.00909382335437685,0.015705134959062898,1.0250000000000004,0.010933319190397127,0.006903230731163976,200,1.0,False,0.0,0.3561836858958141
b016,ESSENCE,511,15,0.3234342853472898,41.43942596500433,0.2663195189538834,1.0,352.54035416666665,-9.583835833333334,10.0,False,False,True,0.0016867414814291759,-0.0009721180084481442,-8.756774558617221e-05,-0.0008845502628619715,0.00266886611704613,0.002165526424734365,0.32500000000000007,0.00265885948987732,0.0016696264423261113,500,1.0,False,0.0,0.34355203431411724
b017,ESSENCE,512,15,0.2585110724983306,40.553198653206266,0.2162709580309821,1.0,352.43395416666664,-9.609585555555556,10.0,False,False,True,0.005580460542439697,0.003935573700113328,0.004463078406370681,-0.0005275047062573527,0.004422618175864389,-0.008573330885693542,0.275,0.001644886842326369,0.0009615576835127652,500,1.0,False,0.0,0.0026054991294613057
d033,ESSENCE,516,15,0.5241927355030782,42.3343684536247,0.2027733474569509,1.0,351.3501958333333,-9.433516388888888,10.0,False,False,True,0.0005538768880832512,-0.005438969802240824,-0.0032020467187543296,-0.0022369230834864947,0.0038022732976490145,0.01204702430041546,0.5250000000000001,0.005992846690324075,0.0037582533987817256,500,1.0,False,0.0,-0.006991743784611971
d085,ESSENCE,520,15,0.4033332042925672,41.701891968416646,0.2363632041333017,1.0,351.9924875,-8.95324638888889,10.0,False,False,True,0.0026431053503937416,-0.0012734528011655952,-0.001674153216214385,0.0004007004150487893,0.008711293528527267,0.0028150842992675403,0.42500000000000016,0.003916558151559337,0.0024500160328858878,500,1.0,False,0.0,0.042255444556405376
d086,ESSENCE,521,15,0.2025744879985056,40.00659762010755,0.2017041519942947,1.0,351.75710000000004,-9.401270277777778,10.0,False,False,True,0.0008282456773367745,-0.00020919169943027993,-2.4977348384663377e-05,-0.00018421435104561663,0.0007589112363099994,0.00046745736078261766,0.22500000000000003,0.0010374373767670544,0.0005894807524942305,500,1.0,False,0.0,0.04538523241228802
g001,ESSENCE,539,15,0.2634998440602791,40.58012959628995,0.2066539480224928,1.0,352.43895,-8.910096388888888,10.0,False,False,True,0.002971544774258323,0.0012723827237111855,0.0016375420554725897,-0.0003651593317614046,0.003294772401922861,-0.002750618641697601,0.275,0.0016991620505471374,0.0009978892181806186,500,1.0,False,0.0,-0.0173910030486981
g005,ESSENCE,540,15,0.2165528581413196,40.133178300188135,0.2053144543065331,1.0,352.1133208333333,-8.6152975,10.0,False,False,True,0.006055025461069555,0.004866203367920543,0.005227437221780977,-0.0003612338538604334,0.0037456704042700783,-0.01060817201693531,0.22500000000000003,0.0011888220931490117,0.0006692831959249598,500,1.0,False,0.0,0.010755183324798455
g050,ESSENCE,541,15,0.6031074350335759,42.81486288832656,0.3105678128533909,1.0,352.5838083333333,-9.975193888888889,10.0,False,False,True,0.006517339218830526,-0.0010364955860155513,-0.0016167042518689294,0.000580208665853379,0.014624333986316828,0.0023581258984798764,0.6250000000000002,0.0075538348048460775,0.00473329224068865,500,1.0,False,0.0,0.1303252049596347
g052,ESSENCE,542,15,0.3823632125087766,41.49255620509499,0.2359146188040958,1.0,351.7422416666667,-9.622040555555555,10.0,False,False,True,0.003971440518274423,0.00038988317821526,0.0016324170442754697,-0.00124253386606021,0.012438331738715721,-0.0009361544055565447,0.3750000000000001,0.003581557340059163,0.00227187682912145,500,1.0,False,0.0,-0.034066396251722315
g053,ESSENCE,543,15,0.6309688478018229,43.01606492247372,0.3604978895409839,1.0,351.7412916666667,-9.62194,10.0,False,False,True,0.008591606142334975,0.0004756194822117133,0.0007365688385964153,-0.00026094935638470117,0.024460431497017317,-0.001380349233213722,0.6250000000000002,0.008115986660123262,0.005111619925057424,500,1.0,False,0.0,0.21407103851709286
g097,ESSENCE,544,15,0.3414117361818132,41.24893799752501,0.2230432575463005,1.0,351.90485000000007,-9.589178055555555,10.0,False,False,True,0.0006330777398531763,-0.0023081569259786215,-0.0012333346423767748,-0.0010748222836018458,0.0025286849445713432,0.005082303252880894,0.32500000000000007,0.0029412346658317977,0.0018595434071119452,500,1.0,False,0.0,0.01785527312343281
g142,ESSENCE,546,15,0.4023330687664148,41.79707338460331,0.2826650260597798,1.0,352.15713750000003,-8.751096666666667,10.0,False,False,True,0.01281291772573126,0.008912336986863625,0.009242494642662634,-0.0003301576557990097,0.005957859844821571,-0.01945609320695231,0.42500000000000016,0.0039005807388676353,0.0024415199233917945,500,1.0,False,0.0,0.14372914833478
g240,ESSENCE,549,15,0.6869943362775286,42.87746611183563,0.3128336681321899,1.0,352.6742625,-8.5696925,10.0,False,False,True,0.006918972804549497,-0.002396156133123689,-0.001966916783145101,-0.0004292393499785879,0.0021703353493149062,0.005649333574876368,0.6750000000000002,0.009315128937673186,0.0059697142137137785,500,1.0,False,0.0,-0.13713082851073616
h311,ESSENCE,552,15,0.7579073030839674,43.51483842377555,0.3951968815441848,1.0,351.13609999999994,-8.684326111111112,10.0,False,False,True,0.004227494512009296,-0.006604352748750141,-0.00545836268125351,-0.0011459900674966328,0.013417503530430247,0.014782376475508462,0.7750000000000002,0.010831847260759437,0.006894208014429934,500,1.0,False,0.0,0.32394507566092556
k411,ESSENCE,558,15,0.5631413669892724,42.634211039310834,0.2688711826775484,1.0,351.54908750000004,-8.838154166666667,10.0,False,False,True,0.0037646848760942964,-0.0029969386682578663,-0.0006711013594631349,-0.002325837308794731,0.006180349067057005,0.006756916924862489,0.5750000000000002,0.006761623544352163,0.004228481406769001,500,1.0,False,0.0,0.13653636077659753
k432,ESSENCE,562,15,0.7039734732901939,43.332597528061626,0.3902359917952692,1.0,351.6921666666667,-8.761779166666667,10.0,False,False,True,0.0038230154769547473,-0.0058542963827224025,-0.0022519851015895534,-0.0036023112811328487,0.0050926260850088405,0.013200710448841801,0.7250000000000002,0.00967731185967715,0.0061772765671624895,500,1.0,False,0.0,0.29920463960763966
m158,ESSENCE,572,15,0.4592687424293593,42.44023130300437,0.3002306436710888,1.0,351.01475,-9.3884075,10.0,False,False,True,0.0032160260860483983,-0.001644852431287026,0.0001670845931886029,-0.0018119370244756283,0.0010651295138164854,0.003737989740645436,0.4750000000000001,0.004860878517335424,0.0029625098039674845,500,1.0,False,0.0,0.4740781033678588
n278,ESSENCE,578,15,0.3024565677312314,40.85208888441913,0.2137549455931616,1.0,352.073125,-9.386766666666666,10.0,False,False,True,0.0020666352637327395,-0.00023075257150314372,0.0005165221812304913,-0.0007472747527336352,0.0029201706075094387,0.0005367295356217558,0.32500000000000007,0.002297387835235883,0.0014149598710036953,500,1.0,False,0.0,-0.07691834540224586
n285,ESSENCE,579,15,0.529176683250381,42.19612944532111,0.302266274821497,1.0,350.96398750000003,-8.388473055555556,10.0,False,False,True,0.0027352461752501727,-0.0033543145792692985,-0.0011853811350356,-0.0021689334442336985,0.0063202874558902535,0.007491321765166682,0.5250000000000001,0.006089560754519471,0.003819171021882969,500,1.0,False,0.0,-0.1696330180671187
n326,ESSENCE,581,15,0.2625009709816941,40.655114332009354,0.239742280644633,1.0,352.49412500000005,-8.886796666666667,10.0,False,False,True,0.0004451564636006658,-0.0012431383737150953,-0.0008077408714756558,-0.0004353975022394395,0.00401953054311683,0.0027170390755189705,0.275,0.0016882948373157611,0.0009906147636515317,500,1.0,False,0.0,0.06692350222811695
p425,ESSENCE,584,15,0.4562682096888915,42.59573086273512,0.3449381063688443,1.0,352.48412083333335,-8.573444444444442,10.0,False,False,True,0.0030679504058318957,-0.0017405514449314943,3.487932814011125e-05,-0.001775430773071605,0.0030680857399704594,0.003940766784606223,0.4750000000000001,0.00480850185076339,0.002933752381248963,500,1.0,False,0.0,0.6463340348773131
01258906,DES3_Shallow,361,10,0.3491456840268432,41.33202453039492,0.1234087758361388,1.0,10.262011,-44.394093,9.2,False,False,True,0.00040492426753721913,-0.0024623924572386067,-0.001311768458349333,-0.0011506239988892737,0.00292561684480381,0.005417680438220638,0.32500000000000007,0.0028673167247758257,0.001746598711374702,500,1.0,False,0.9478798586572438,0.044794294382067265
01275946,DES3_Shallow,365,10,0.232114878770919,40.28465026078291,0.1101382473705765,1.0,10.403968,-43.637779,8.46,False,False,True,0.0003704918070824136,-0.0007610127723096452,-0.0006529135783135032,-0.00010809919399614208,0.0019867445702992925,0.001674184686715817,0.22500000000000003,0.0011315045793920588,0.0006837270661444645,500,1.0,False,0.7329136690647482,-0.006259648585219392
01281668,DES3_Shallow,367,10,0.3070593271336683,40.9750089536235,0.1147901076414974,1.0,9.41053,-43.920338,10.25,False,False,True,0.0002504165767687,-0.0019417607363627271,-0.0011408465524892998,-0.0008009141838734272,0.0006884960939883495,0.004272135885054538,0.32500000000000007,0.002192177313131427,0.0012893992921173174,500,1.0,False,0.9460721868365181,0.008491381826028472
01283936,DES3_Shallow,371,10,0.3690204542526285,41.61509202713121,0.1435543745131995,1.0,8.877557,-44.371326,9.65,False,False,True,0.004346587502550964,0.001148177688426707,-0.001707812995685894,0.002855990684112601,0.009291686053650767,-0.002511209949046113,0.3750000000000001,0.0031984098141242573,0.0019873886643951492,500,1.0,False,0.9694419840566874,0.17804498165573962
01285317,DES3_Shallow,372,10,0.5648594784021899,42.454242289248555,0.1609920875281156,1.0,9.472534,-43.314522,8.74,False,False,True,0.007312943514546404,-0.0010099246093305068,-0.00019324457801427617,-0.0008166800313162315,0.0159069876794282,0.0022811455952310537,0.5750000000000002,0.008322868123876911,0.004734937086264588,500,1.0,False,0.9930244145490782,-0.051318484256418224
01289288,DES3_Shallow,374,10,0.2896780850218534,40.799785925758584,0.1391653396876418,1.0,10.178906,-43.948338,10.64,False,False,True,0.0007731078793610225,-0.001154681668041418,-0.0010557956427197414,-9.888602532167668e-05,0.0021825198683114834,0.0025473117020406665,0.275,0.0019277895474024405,0.0011298681274201797,500,1.0,False,0.8752855185015989,-0.031262735479114824
01291090,DES3_Shallow,381,10,0.2919665326541374,40.84486320879488,0.1184518588094635,1.0,9.463052,-43.721462,9.71,False,False,True,0.00040137239424487323,-0.0015612269528597468,-0.001027589922812017,-0.0005336370300477293,0.002490052397262123,0.0034289811482042017,0.275,0.00196259934710462,0.0011508723061651794,500,1.0,False,0.9979270315091211,-0.005660685616899899
01293758,DES3_Shallow,389,10,0.1471582121687449,39.31843880520086,0.1257820026189911,1.0,8.483875,-43.349716,10.97,False,False,True,0.011687576942822643,0.011289412737742862,0.011326923419498284,-3.751068175542198e-05,0.0005226522490777995,-0.024876367229391495,0.125,0.00039816420507978026,0.00017455091867279906,500,1.0,False,0.6239476145930777,0.04759265681113904
01302648,DES3_Shallow,405,10,0.2319201590470971,40.119228012050485,0.114206746414733,1.0,10.00261,-44.054123,10.13,False,False,True,0.0002444321380390055,-0.0008844706681520322,-0.0007164063243424872,-0.00016806434380954517,0.00037590261011726363,0.0019452161285792792,0.22500000000000003,0.0011289028061910377,0.0006823130629334992,500,1.0,False,0.9496139780577001,-0.16963925740198077
01303883,DES3_Shallow,409,10,0.2591099640110201,40.508420002093054,0.1130660663666728,1.0,8.863275,-44.917099,10.89,False,False,True,0.00024031210708622686,-0.0012518908543619352,-0.0007740079608691732,-0.00047788289349276215,0.00042468944825146737,0.0027540547582086527,0.275,0.0014922029614481622,0.0008797582460402411,500,1.0,False,0.9423449612403101,-0.04785075930999925
01320166,DES3_Shallow,443,10,0.4489555782994392,41.9637303827656,0.1476546197956809,1.0,9.346412,-43.871918,2.0,False,False,True,0.0044401731340500145,-0.0007414901335755794,0.0017120139625449644,-0.0024535040961205434,0.006371990815776595,0.0017134516678744514,0.42500000000000016,0.005181663267625594,0.0031144636598113467,500,1.0,False,0.9446790540540541,0.031482542681461535
01327978,DES3_Shallow,445,10,0.2072278866381969,39.94823586748671,0.1489752068603671,1.0,8.279955,-44.140156,11.31,False,False,True,0.0001357580304665281,-0.0007404655311949921,-0.0005268127505253429,-0.00021365278066964912,0.00043161183045671293,0.0016272190273345258,0.22500000000000003,0.0008762235616615202,0.0005117894004693155,500,1.0,False,0.07227138643067847,-0.06776062749659502
01328105,DES3_Shallow,447,10,0.4402459846754158,41.71759071151519,0.1446042543027962,1.0,8.187062,-43.576935,11.2,False,False,True,0.006360775546639587,0.0014221709635251845,-0.001192680640760123,0.002614851604285307,0.012592123761126712,-0.003139057414414625,0.42500000000000016,0.004938604583114402,0.0029814019645338667,500,1.0,False,0.0,-0.16467299491305232
01330031,DES3_Shallow,449,10,0.104096208315225,38.45405979038583,0.1097487970725904,1.0,9.140839,-43.487255,8.94,False,False,True,1.8637279207340548e-05,-0.00023028159258495676,-0.00023028159258495676,0.0,0.00028520987061451903,0.0005028397481949945,0.125,0.0002489188717922973,7.973279580919343e-05,500,1.0,False,0.9665882352941176,-0.008333737454117321
01335472,DES3_Shallow,465,10,0.4989255208748355,42.13041752868805,0.1414891740322568,1.0,9.555312,-44.049526,10.12,False,False,True,0.0033890403289763647,-0.003170662100405088,-0.00012052635650646988,-0.003050135743898618,0.004523296139107057,0.00712141685653479,0.4750000000000001,0.006559702429381453,0.003808510055161237,500,1.0,False,0.9077822762033289,-0.048065012746277946
01336008,DES3_Shallow,469,10,0.4379718761885269,41.707499701709665,0.1290228086248211,1.0,10.321224,-43.886227,9.83,False,False,True,0.007237100706141935,0.0023619596829959726,-0.0021356434739559275,0.0044976031569519,0.013605431909598311,-0.0052429406822069695,0.42500000000000016,0.004875141023145962,0.002946659042696997,500,1.0,False,0.6598440545808967,-0.16156100772815085
01336009,DES3_Shallow,470,10,0.3415515704758451,41.35668541071996,0.1268497940919676,1.0,8.916194,-44.893734,9.63,False,False,True,0.0008899532146186747,-0.0018508534429765677,-0.0010718274250932727,-0.000779026017883295,0.0027886517865554246,0.004082928383575003,0.32500000000000007,0.0027408066575952423,0.00165459330832333,500,1.0,False,0.9462789551503203,0.12457708659061471
01337117,DES3_Shallow,474,10,0.5538818672690595,42.09306499264714,0.1372883929720022,1.0,10.181539,-43.644898,8.81,False,False,True,0.010917203500203275,0.0028844656221172684,0.0068003257516234044,-0.003915860129506136,0.013266994167958191,-0.006192261423262586,0.5750000000000002,0.008032737878086007,0.0045686797036228076,500,1.0,False,0.9753303964757709,-0.36171334134721705
01338128,DES3_Shallow,482,10,0.3117427015850202,41.09204866650533,0.1231969797690578,1.0,8.083662,-43.740833,9.27,False,False,True,0.000924198504359381,-0.0013392180734517244,-0.0012810478915476688,-5.817018190405548e-05,0.003484148847030908,0.0029550332870813627,0.32500000000000007,0.0022634165778111053,0.001332384953103486,500,1.0,False,0.0,0.08789427556507211
01341370,DES3_Shallow,495,10,0.4089993657821307,41.74676051433511,0.1447752893735536,1.0,8.963905,-44.676697,8.65,False,False,True,0.0023964984341902458,-0.0017277851247096254,-0.0019988761706010503,0.00027109104589142455,0.009194341524769688,0.0037941974631129907,0.42500000000000016,0.004124283558899871,0.0025281041541636087,500,1.0,False,0.9442559379544353,0.05174748475636413
psc000091,Pan-STARRS,996,28,0.1532695290583141,39.29004623919778,0.1446056362937168,1.0,129.3289042,44.3337333,8.52,False,False,True,0.0014363689025866928,0.0006338316700771515,0.00029652487467103975,0.00033730679540611174,0.004024465384385459,-0.0013817277252526844,0.17500000000000004,0.0008025372325095413,0.0006244667862933017,500,1.0,False,0.0,-0.0020658655814253797
psc010204,Pan-STARRS,1009,28,0.4774915646233197,41.95475648955789,0.2275978768282469,1.0,130.4002708,43.4006056,10.52,False,False,True,0.0007396153107464188,-0.005550338239650989,-0.0031321585561188544,-0.0024181796835321344,0.003786432622130525,0.012270279313481278,0.4750000000000001,0.006289953550397408,0.004585968824652267,500,1.0,False,0.0,-0.11101427446687483
psc110426,Pan-STARRS,1077,28,0.5414930772722337,42.105602813590856,0.248987281790483,1.0,130.0131292,44.8943333,10.57,False,False,True,0.0031437778500205496,-0.004175872709257919,-0.0040373811005008685,-0.00013849160875705055,0.004633861955927951,0.009337881977258933,0.5250000000000001,0.007319650559278468,0.005252461571825736,500,1.0,False,0.0,-0.3195465830280161
psc110716,Pan-STARRS,1085,28,0.316374719166457,41.222062256439166,0.1715089444761454,1.0,128.9857917,43.4945111,10.45,False,False,True,0.005310017551324919,0.0018127953740764394,0.003073164702144945,-0.0012603693280685056,0.01343025827860104,-0.0040660357223959226,0.32500000000000007,0.0034972221772484797,0.002662246748879389,500,1.0,False,0.0,0.18119516574620553
psc110719,Pan-STARRS,1086,28,0.4284445482794243,42.151491744154576,0.2066003180798704,1.0,129.9230708,43.964425,11.01,False,False,True,0.005971948448739403,0.0005114365064257517,0.002509247444684745,-0.0019978109382589935,0.007493230846956206,-0.0010281706084564763,0.42500000000000016,0.005460511942313651,0.004077833933426505,500,1.0,False,0.0,0.33844915733038267
psc110721,Pan-STARRS,1087,28,0.5788346212854656,42.33875902819609,0.2438977464987308,1.0,130.2161958,44.1143028,11.85,False,False,True,0.0030729430209500974,-0.004860308888408433,-0.0022072125311922747,-0.0026530963572161574,0.0033296793480520905,0.010877259375468958,0.5750000000000002,0.00793325190935853,0.005607337432727012,500,1.0,False,0.0,-0.2301174438963169
psc130514,Pan-STARRS,1102,28,0.1062447325298006,38.46858779764894,0.1491622739794606,1.0,130.231675,44.7917417,9.94,False,False,True,4.416136041421102e-06,-0.0003774516338360785,-0.0003660339580268527,-1.1417675809225765e-05,4.7660721513888635e-05,0.0008229531441366438,0.125,0.0003818677698774996,0.0002509118397371038,500,1.0,False,0.0,-0.04108327586909295
psc330056,Pan-STARRS,1153,28,0.2612283611207093,40.53874561211485,0.158156385389791,1.0,129.1440042,44.4276944,11.24,False,False,True,0.004355821612485919,0.0018566420770501175,0.0023021172524366725,-0.0004454751753865548,0.0037814919538523106,-0.004018735379810875,0.275,0.0024991795354358014,0.0019025178080557313,500,1.0,False,0.0,-0.037510939651849796
psc330083,Pan-STARRS,1154,28,0.2243298589567357,40.12482077358809,0.1451988715973187,1.0,129.4956042,43.2976806,9.14,False,False,True,7.986160567936656e-05,-0.0018330414882597537,-0.0011383645028555391,-0.0006946769854042152,0.0003340730247935537,0.004012558953818583,0.22500000000000003,0.0019129030939391202,0.0013764279560967733,500,1.0,False,0.0,-0.08315761062217149
psc350078,Pan-STARRS,1166,28,0.3013817180855904,41.27677272826155,0.166472037858364,1.0,130.6626417,43.78415,9.08,False,False,True,0.003807964726854016,0.0005931176888064361,0.0010195791834289262,-0.00042646149462249037,0.00595859612153586,-0.001262608642863091,0.32500000000000007,0.0032148470380475797,0.0024585418344958464,500,1.0,False,0.0,0.35660109069348295
psc350080,Pan-STARRS,1167,28,0.2861684622172709,40.77150798624019,0.1590461513232645,1.0,130.6348958,43.9988889,11.23,False,False,True,0.0019804137987962803,-0.0009479098660890189,-7.896142157073297e-05,-0.0008689484445182857,0.0012491905846137921,0.002115327734392116,0.275,0.002928323664885299,0.0022518443916399403,500,1.0,False,0.0,-0.029394533687448803
psc350083,Pan-STARRS,1168,28,0.3683041254126791,41.30314687700866,0.1577263980273188,1.0,130.1380125,44.373875,9.76,False,False,True,0.0018740311225699487,-0.002573485877195583,-0.000948706454352624,-0.00162477942284296,0.0073753945703566495,0.005657487017339263,0.3750000000000001,0.004447516999765532,0.003337324915094695,500,1.0,False,0.0,-0.1290065401890655
psc350548,Pan-STARRS,1174,28,0.1812710392781029,39.648090973556,0.1429754116597365,1.0,128.847775,44.9136417,10.64,False,False,True,0.000553378620789615,-0.0006725698435876188,-0.0003054457277607447,-0.0003671241158268742,0.0007204319824581097,0.001474443629593697,0.17500000000000004,0.0012259484643772339,0.0009707035544015825,500,1.0,False,0.0,-0.04309190224592305
psc360112,Pan-STARRS,1176,28,0.1879167155459198,39.7506436016964,0.1445976604578562,1.0,130.6725208,43.5966306,9.38,False,False,True,0.001984995348913816,0.0006530226573789621,0.0009531146082825494,-0.00030009195090358737,0.0027430174575666815,-0.0014134919023660025,0.17500000000000004,0.001331972691534854,0.0010333228516267207,500,1.0,False,0.0,-0.026759396875892544
psc460003,Pan-STARRS,1227,28,0.1512702998873099,39.192225550791285,0.1442110901168902,1.0,128.8355042,43.8554583,10.78,False,False,True,0.0018740653116920223,0.0011012779437560931,0.0012500645838160796,-0.00014878664005998628,0.0022525683885059235,-0.002393340133168912,0.17500000000000004,0.0007727873679359292,0.0005980488737561834,500,1.0,False,0.0,-0.06884384233992
psc460105,Pan-STARRS,1231,28,0.2113084323486642,40.04867877915324,0.1542342228433947,1.0,129.3699,44.0452722,11.6,False,False,True,0.00326136996247087,0.0015562089608296007,-0.0001371468601693665,0.0016933558209989668,0.007030934194150585,-0.0034066374071859994,0.22500000000000003,0.0017051610016412693,0.0012537327554570934,500,1.0,False,0.0,-0.014425366184836431
psc470232,Pan-STARRS,1236,28,0.2012856246695316,40.110166352672366,0.1424766124072047,1.0,129.5458708,45.2022778,9.7,False,False,True,6.173240946256493e-05,-0.0014835260637820603,-0.0009633705809058215,-0.000520155482876239,0.0007706389626802587,0.003244027089307866,0.22500000000000003,0.0015452584732446252,0.0011592922278422604,500,1.0,False,0.0,0.16433443990532653
psc470244,Pan-STARRS,1238,28,0.3614147480819598,41.49135285897614,0.1602631929428805,1.0,130.4077708,43.7715028,8.93,False,False,True,0.0017180939319423147,-0.002604082067775895,-0.0014577502415010464,-0.0011463318262748489,0.004308115828560198,0.005755556730226976,0.3750000000000001,0.004322175999718209,0.003248568701145523,500,1.0,False,0.0,0.1067207795656077
psc480064,Pan-STARRS,1240,28,0.2442140242945412,40.73381097648276,0.1473056303443171,1.0,128.7965458,44.4482028,8.87,False,False,True,0.0010627435227738315,-0.0011661174423012197,-0.00043838792401071185,-0.0007277295182905083,0.0014618155994189203,0.0025706728844886785,0.22500000000000003,0.002228860965075051,0.00165840977875424,500,1.0,False,0.0,0.31899407266374336
psc580300,Pan-STARRS,1295,28,0.2414247644121465,40.47278551698916,0.1468287157575557,1.0,130.3336667,44.7877028,9.48,False,False,True,0.0001962001062975344,-0.0019883459523855214,-0.001196304557351261,-0.0007920413950342602,0.0016055676839242348,0.004354924858910355,0.22500000000000003,0.0021845460586830557,0.00161839171986323,500,1.0,False,0.0,0.08602048303675673
psc000236,Pan-STARRS,1004,30,0.1966241990070898,39.776151990638326,0.1418880323686711,1.0,131.580175,44.07305,10.9,False,False,True,0.0004177993143969218,-0.0004937510494004381,-0.00040930103231315014,-8.445001708728798e-05,0.001141518525768071,0.00108005942997342,0.17500000000000004,0.00091155036379736,0.0006515323248484162,500,1.0,False,0.0,-0.11002272610374694
psc100101,Pan-STARRS,1068,30,0.4302746406775619,41.90140816277804,0.1869751048982035,1.0,132.140975,43.9852472,11.58,False,False,True,0.005895106174414103,0.0029340173834486553,0.0033708211732988444,-0.0004368037898501885,0.005005036513361553,-0.006418472483026511,0.42500000000000016,0.0029610887909654474,0.0020763960384233204,500,1.0,False,0.0,0.0775155802676246
psc110425,Pan-STARRS,1076,30,0.381434200708272,41.4418555234832,0.1679414456899337,1.0,132.0114792,44.4492861,9.29,False,False,True,0.0006078427560272382,-0.0019259026491387572,-0.0012384027442384313,-0.000687499904900326,0.0016154669919394328,0.004235604787008231,0.3750000000000001,0.0025337454051659954,0.0017312232019550608,500,1.0,False,0.0,-0.07862499141722708
psc110430,Pan-STARRS,1078,30,0.4214530626972435,41.689943758006685,0.1936820607733216,1.0,132.24955,44.8656833,9.14,False,False,True,0.001423573736548222,-0.0014508203723637132,-0.0005848513122139712,-0.0008659690601497416,0.004033729325717211,0.003199844602711911,0.42500000000000016,0.002874394108911935,0.0019968915647136766,500,1.0,False,0.0,-0.08124699184624752
psc110431,Pan-STARRS,1079,30,0.3434105148480435,41.011343798469106,0.1913575634630163,1.0,131.3562708,44.060275,11.48,False,False,True,0.003273617882933626,0.0010775152496670399,0.001508259910976153,-0.0004307446613091138,0.005165447815621155,-0.002337316999321995,0.32500000000000007,0.002196102633266586,0.0015136965618245404,500,1.0,False,0.0,-0.23436190841849702
psc110542,Pan-STARRS,1083,30,0.4275425574405058,41.86168358541011,0.1863903859439235,1.0,131.8202583,45.2976222,10.6,False,False,True,0.00014720772568843746,-0.0027846147418454964,-0.0018993332275622484,-0.000885281514283248,0.0008773325816482104,0.006116916383322587,0.42500000000000016,0.002931822467533934,0.0020474117876834283,500,1.0,False,0.0,0.054004501237395953
psc110734,Pan-STARRS,1088,30,0.4027175258456965,41.51610361024507,0.1828282974075926,1.0,131.0689167,45.3442056,11.4,False,False,True,0.0003083250256664812,-0.0024065883777665575,-0.0015597952533687367,-0.0008467931243978204,0.0011966947442741726,0.005287954705594044,0.42500000000000016,0.0027149134034330385,0.0018725142297928107,500,1.0,False,0.0,-0.13966113263950808
psc350374,Pan-STARRS,1173,30,0.5015019024309428,42.05589816214383,0.2368369554734633,1.0,131.3363667,44.2390472,11.02,False,False,True,0.008478843242746415,0.004670561558155129,0.004905047558996173,-0.00023448600084104393,0.014325453767517439,-0.010314623370820342,0.5250000000000001,0.0038082816845912857,0.002792917934158743,500,1.0,False,0.0,-0.17153042796574355
psc370394,Pan-STARRS,1187,30,0.3313979760949332,41.00148385149383,0.1698909984005867,1.0,132.3793375,45.0021694,9.9,False,False,True,0.0002761113377554885,-0.001812422925666462,-0.001120764396561656,-0.0006916585291048061,0.0007203830679974092,0.003978055038325106,0.32500000000000007,0.0020885342634219504,0.001447220510210767,500,1.0,False,0.0,-0.15512264244045804
psc450311,Pan-STARRS,1224,30,0.2157419196113514,40.090755906692664,0.1469372224194507,1.0,132.3765083,44.2266222,10.25,False,False,True,0.00013107013888409745,-0.0009573748032481167,-0.00046622621653699106,-0.0004911485867111256,0.0004080923005273153,0.002093689606125078,0.22500000000000003,0.001088444942132214,0.000777523916238037,500,1.0,False,0.0,-0.022582538981579317
psc460002,Pan-STARRS,1226,30,0.1873161532318501,39.76930933876854,0.1447772976506228,1.0,131.3624375,44.075675,11.33,False,False,True,0.017255473197791464,0.01643004935852159,0.016684121743316883,-0.00025407238479529425,0.00481699726072764,-0.03618348044196188,0.17500000000000004,0.0008254238392698748,0.0005901894731441986,500,1.0,False,0.0,-0.00041973372242073916
psc470041,Pan-STARRS,1234,30,0.3323907743895771,41.030548237966194,0.1535743711348374,1.0,131.3375208,44.7547944,11.16,False,False,True,0.0027230513149034048,0.0006256268662896088,-0.0011672101284213002,0.0017928369947109084,0.0034491750775316635,-0.0013369416402321567,0.32500000000000007,0.002097424448613796,0.001452714545404595,500,1.0,False,0.0,-0.13353451945721184
psc490008,Pan-STARRS,1243,30,0.120171173340311,38.724576166727246,0.1434812389875034,1.0,131.4486,44.4206056,9.43,False,False,True,0.0036894634629922327,0.003307108204181679,-9.542633076911214e-05,0.003402534534950791,0.004311870205996351,-0.0072128828340131835,0.125,0.00038235525881055363,0.00022238586180673656,500,1.0,False,0.0,-0.07123191024606397
psc500100,Pan-STARRS,1249,30,0.3123713703964512,41.093380180829435,0.1548086060390902,1.0,131.638525,45.3561528,10.9,False,False,True,0.0007414965951572273,-0.001186934349101477,-0.0004941067383179863,-0.0006928276107834911,0.001639587843943634,0.0026124816716130705,0.32500000000000007,0.0019284309442587045,0.0013496566833198925,500,1.0,False,0.0,0.08421354775837618
psc000174,Pan-STARRS,997,29,0.2455750101901264,40.40268162042786,0.1480490048046341,1.0,162.029425,56.8501528,10.53,False,False,True,0.0024446404643015504,0.00042742938075273967,0.0009596802058319943,-0.0005322508250792544,0.002891802332870796,-0.0009095751838571163,0.22500000000000003,0.0020172110835488108,0.0014321408795003976,500,1.0,False,0.0,-0.025715279889068368
psc020198,Pan-STARRS,1016,29,0.3615299880317371,41.700183981730376,0.2114837368915789,1.0,161.7189,57.1293083,10.03,False,False,True,0.0004932060063327927,-0.0030166508542382557,-0.0018099156266005553,-0.0012067352276377004,0.0032630821057807666,0.006631217412879438,0.3750000000000001,0.0035098568605710485,0.002443262062303137,500,1.0,False,0.0,0.3147501165737427
psc040150,Pan-STARRS,1020,29,0.3822412352630528,41.57312743494469,0.1785354382124663,1.0,162.0977958,57.1482028,8.89,False,False,True,0.00039324427409228674,-0.0034123685052801964,-0.002056768156185693,-0.001355600349094503,0.0009022687197580766,0.007510920655957334,0.3750000000000001,0.003805612779372483,0.00265700101358663,500,1.0,False,0.0,0.047310485245320714
psc140152,Pan-STARRS,1105,29,0.2091378707719313,39.91610466903744,0.1443114278123687,1.0,162.3926833,57.6157306,8.77,False,False,True,0.001150060302197906,-0.0004169454272390052,-0.00023126002139523872,-0.00018568540584376636,0.0029108551525166694,0.0009214325797970591,0.22500000000000003,0.0015670057294369113,0.0010894632953298302,500,1.0,False,0.0,-0.12204777250815908
psc150457,Pan-STARRS,1108,29,0.303896232184291,40.97604702605284,0.1532065207157016,1.0,161.35325,57.2178917,11.45,False,False,True,0.0007270787188606751,-0.0020426681891889606,-0.0014804433859152573,-0.0005622248032737029,0.0024075782118206323,0.0044925350659885946,0.32500000000000007,0.0027697469080496355,0.0019447921739221528,500,1.0,False,0.0,0.035250739901054304
psc160020,Pan-STARRS,1112,29,0.5882395807097396,41.83268347872607,0.251794670269712,1.0,161.0686542,57.4739639,9.97,False,False,True,0.003164156983427615,-0.004569914871649077,-0.0033714950675012806,-0.001198419804147797,0.010576853822786617,0.010088796467120492,0.5750000000000002,0.007734071855076692,0.005545269355029,500,1.0,False,0.0,-0.7779934512455693
psc340334,Pan-STARRS,1161,29,0.3071859270503962,41.25130339044324,0.2101320077087377,1.0,163.2630625,57.8063722,10.0,False,False,True,0.002769573323678444,-4.193199784053485e-05,0.0010365056843998533,-0.0010784376822403881,0.006251119311575322,0.0001127712096777398,0.32500000000000007,0.0028115053215189787,0.001968904850534655,500,1.0,False,0.0,0.2837614611234707
psc350027,Pan-STARRS,1163,29,0.3081862504531252,40.96001745153627,0.1488197497827564,1.0,163.11925,57.8071972,11.1,False,False,True,0.0009059689725837327,-0.0019182341582927665,-0.0008947914089065098,-0.0010234427493862567,0.0035598704830983848,0.004215583989185008,0.32500000000000007,0.0028242031308764993,0.001976236981841556,500,1.0,False,0.0,-0.01560467580810378
psc350047,Pan-STARRS,1164,29,0.2346399159773302,40.654801868356735,0.1595636850021565,1.0,163.261975,58.1363444,10.49,False,False,True,0.00014508201516806235,-0.0017287796511560925,-0.0009975068629222712,-0.0007312727882338212,0.000828983028933258,0.003787352038999103,0.22500000000000003,0.0018738616663241548,0.001320337604545598,500,1.0,False,0.0,0.3375467938363189
SN2005ei,SDSS,1345,69,0.12694,38.8858454841697,0.1644122477128494,1.0,329.19849,0.317498,10.0,False,False,True,3.496664822285078e-06,-0.00013507711581541422,-0.00013176362286791715,-3.313492947497073e-06,2.586915884595829e-05,0.00029387661122458005,0.125,0.0001385737806376993,8.786493690825119e-05,500,1.0,False,0.0,-0.037892015511660285
SN2005fo,SDSS,1360,69,0.261621,40.83938187542459,0.2103612606305472,1.0,328.943336,0.593518,9.99,False,False,True,0.0013963837605864002,-0.001054031453502572,-0.0009428036835404745,-0.00011122776996209819,0.003466424142279287,0.0023240124562870115,0.275,0.0024504152140889723,0.0018297727572331559,500,1.0,False,0.0,0.25943750482355465
SN2005hu,SDSS,1397,69,0.218868,40.22645691946094,0.1655978390173095,1.0,328.669954,0.41343,10.63,False,False,True,0.00034732430083667294,-0.00060333160179163,-0.00034480858098454806,-0.00025852302080708205,0.0005266988789215676,0.0013215648968679665,0.22500000000000003,0.000950655902628303,0.0007061599751092126,500,1.0,False,0.0,0.07827069345785446
SN2005iz,SDSS,1420,69,0.202674,39.92021572725757,0.1752846205862328,1.0,328.068611,0.267062,10.17,False,False,True,0.00037114511740398733,-0.000388566536545167,-0.0001708985205098459,-0.00021766801603532106,0.0008354997078315811,0.00085147712160191,0.22500000000000003,0.0007597116539491543,0.0005590847975723632,500,1.0,False,0.0,-0.04218038862793179
SN2005jm,SDSS,1431,69,0.203226,40.0144566383039,0.1781547755527098,1.0,328.079084,0.47193,10.0,False,False,True,0.0006884973847035448,-7.772292833359816e-05,0.00013354632956895894,-0.0002112692579025573,0.002389931453634881,0.000171681457193508,0.22500000000000003,0.0007662203130371429,0.0005640981048466834,500,1.0,False,0.0,0.045504090230076885
SN2005lh,SDSS,1451,69,0.218853,40.37323024179345,0.1973104008569455,1.0,328.951393,1.180792,10.71,False,False,True,3.8207595265446956e-05,-0.0009122714416267693,-0.0006319264987774398,-0.0002803449428493296,0.00044775069754583757,0.0019926234244058475,0.22500000000000003,0.0009504790368922162,0.0007060237439332797,500,1.0,False,0.0,0.22521012171687177
SN2006jk,SDSS,1519,69,0.284362,40.59564701288351,0.1885544800420051,1.0,328.240402,0.253794,10.32,False,False,True,0.0030449180360398484,-0.0002112558512298219,0.0006048429390585256,-0.0008160987902883481,0.0019032578194847825,0.0005162924989154582,0.275,0.0032561738872696703,0.002395162521772696,500,1.0,False,0.0,-0.18960514093322176
SN2007lt,SDSS,1644,69,0.112425,38.74952810081498,0.1604385073467199,1.0,328.447235,0.015055,10.0,False,False,True,0.00012659060840279594,-8.190674001212306e-08,-8.190674001212306e-08,0.0,0.0005729699755234949,2.709546387322367e-07,0.125,0.00012667251514280806,7.89891170808508e-05,500,1.0,False,0.0,0.10874577680453118
SN2007rf,SDSS,1727,69,0.286553,40.69782288389025,0.1962087047190969,1.0,328.879471,0.815071,8.78,False,False,True,0.000825437330604418,-0.0024972613749157852,-0.0011372077200817489,-0.001360053654834036,0.002635992033557259,0.005490417683852134,0.275,0.0033226987055202033,0.0024361738476520213,500,1.0,False,0.0,-0.10639928991785029
psc040201,Pan-STARRS,1023,37,0.2798775351663831,40.591257478977695,0.1467700676189744,1.0,184.4595833,47.4467611,10.0,False,False,True,0.000767234095759677,-0.00069766090510711,-0.0012229218992036567,0.0005252609940965471,0.0002771550258945685,0.0015301652698279091,0.275,0.001464895000866787,0.0009473718268611262,200,0.975,False,0.0,-0.15474196315033326
psc130862,Pan-STARRS,1104,37,0.3336061091736853,41.37241052907379,0.1740990239960565,1.0,184.0017333,47.9204111,9.68,False,False,True,0.00041588667780240835,-0.0019994575981062447,-0.001435340271607728,-0.0005641173264985164,0.0010889627327535156,0.004401551633469873,0.32500000000000007,0.002415344275908653,0.0017344316828447526,200,1.0,False,0.0,0.19920380885843747
psc160039,Pan-STARRS,1113,37,0.2715541587009427,40.564108015232826,0.1490340493470343,1.0,184.9750375,48.140275,10.0,False,False,True,0.0018323997865033843,0.0004846005624724399,-0.00048529013620369425,0.0009698906986761344,0.0024161570303325975,-0.0010375466359974347,0.275,0.0013477992240309444,0.0008531936547799782,200,1.0,False,0.0,-0.10746812895729095
psc160098,Pan-STARRS,1117,37,0.2977749600689547,40.86716846811141,0.1716760952378847,1.0,184.9178958,48.0098194,11.41,False,False,True,0.0018319718973253622,4.253891905497812e-05,7.37341794433174e-05,-3.119526038833882e-05,0.000953710202180779,-5.919212965460434e-05,0.275,0.001789432978270384,0.0012248689488763933,200,1.0,False,0.0,-0.032159263556569485
psc350235,Pan-STARRS,1171,37,0.2648484409224447,40.58795012974715,0.1478572279383931,1.0,184.3502042,48.3462444,10.13,False,False,True,0.0062928772215676805,0.005000832496908485,0.0049973291243734464,3.503372535039074e-06,0.005950527909804573,-0.010914293671067981,0.275,0.0012920447246591955,0.0008170895881049352,200,1.0,False,0.0,-0.022114956125915502
psc370428,Pan-STARRS,1188,37,0.1784063474339758,39.702009465669704,0.1437896836431272,1.0,184.3748292,47.5482111,10.12,False,False,True,0.0014003252318619528,0.0008251164363237071,0.0008253942909764928,-2.7785465278575536e-07,0.0020647527627864763,-0.0017940738841462664,0.17500000000000004,0.0005752087955382458,0.00034337703239549803,200,1.0,False,0.0,0.04890438674089717
psc500511,Pan-STARRS,1251,37,0.3357099832227843,41.07697535890483,0.1474195881673572,1.0,184.6956833,47.6472917,9.63,False,False,True,0.0002751558952958988,-0.0021725145861731378,-0.0016695145762112922,-0.0005030000099618452,0.0031638789584539206,0.004767458083553226,0.32500000000000007,0.0024476704814690364,0.0017558080575023434,200,1.0,False,0.0,-0.11195336544913682
SN2005ik,SDSS,1413,109,0.309149,41.14358627518151,0.2160250519039685,1.0,322.814976,-1.056985,10.35,False,False,True,0.00026067307230477876,-0.002888078367498496,-0.0014280506764850862,-0.00146002769101341,0.002458607391032209,0.006347183406410444,0.32500000000000007,0.003148751439803275,0.002319345405353486,496,1.0,False,0.0,0.1602103512163945
SN2005jl,SDSS,1430,109,0.178899,39.7479585741551,0.1665651409490707,1.0,323.23381,-0.699781,10.0,False,False,True,0.001220282837717853,0.00018540135748248694,0.0006554904141781395,-0.00047008905669565255,0.0011209289936695251,-0.0003905274493743779,0.17500000000000004,0.001034881480235366,0.0006620185305177235,496,0.8,True,0.0,0.08826471975823205
SN2006fa,SDSS,1460,109,0.165949,39.28189982649504,0.1664638361437516,1.0,323.878086,-0.980274,10.35,False,False,True,0.00010109869744838186,-0.0007544184235002613,-0.0004014827736312296,-0.0003529356498690317,0.00045087394574660393,0.0016496598831917814,0.17500000000000004,0.0008555171209486431,0.0005519361499442372,496,1.0,False,0.0,-0.19869545663122443
SN2006kt,SDSS,1547,109,0.236296,40.46620112606341,0.1687101891691167,1.0,323.959682,-1.057435,10.0,False,False,True,0.00036671622074486835,-0.001400628473980326,-0.0007882005346970368,-0.0006124279392832895,0.00031209683510850415,0.003075141820197667,0.22500000000000003,0.0017673446947251944,0.0011435410333742089,496,1.0,False,0.0,0.13180948820034105
SN2007ih,SDSS,1602,109,0.169599,39.80375077806397,0.173007268056562,1.0,323.294876,-0.96015,10.0,False,False,True,0.0013774480552863008,0.00046709159730487797,0.0008653974119498838,-0.00039830581464500575,0.0016608808761292783,-0.0010067365886407653,0.17500000000000004,0.0009103564579814228,0.0005858724187499883,496,0.7,True,0.0,0.27139176718980074
SN2007jl,SDSS,1611,109,0.251909,40.6146666137409,0.185836140744342,1.0,322.320553,-1.003178,11.31,False,False,True,0.007031939333095214,0.004961108090551662,0.004698165775207243,0.0002629423153444185,0.012821720146512252,-0.010917518740479939,0.275,0.002070831242543552,0.0013853303947300119,496,1.0,False,0.0,0.127482656055828
SN2007ow,SDSS,1693,109,0.210052,40.11360743548209,0.1920831313224619,1.0,323.508694,-0.740519,10.92,False,False,True,5.5369748336389795e-05,-0.0013261004657366634,-0.000723201252724745,-0.0006028992130119185,0.000275634285333578,0.0029051034359200683,0.22500000000000003,0.0013814702140730532,0.0008691970190436709,496,0.8,True,0.0,0.06491744222321387
01253101,DES3_Shallow,356,7,0.4596161297540204,41.952218858621094,0.1405210015035351,1.0,7.465117,-43.137768,8.53,False,False,True,0.0434093193526987,0.039362486982331565,0.00045462975064103437,0.03890785723169053,0.006813259619426055,-0.08746394692267083,0.4750000000000001,0.004046832370367132,0.0023780542377082265,200,1.0,False,0.0,-0.015867698876114278
01291957,DES3_Shallow,383,7,0.3599973696588379,41.33715344225554,0.1209970114068279,1.0,7.200018,-43.562267,2.0,False,False,True,0.0012181298049840233,-0.0014071641385522366,-0.00019775757216661293,-0.0012094065663856232,0.004436172816634559,0.0031220674756663987,0.3750000000000001,0.00262529394353626,0.0016725276459458537,200,1.0,False,0.0,-0.03759773521562521
01306980,DES3_Shallow,420,7,0.5488502032771374,42.16884066813626,0.2524593531459171,1.0,7.036068,-43.291557,10.1,False,False,True,0.007229985397571055,0.0017525875909080888,0.004096494346208091,-0.002343906755300003,0.007292440957670664,-0.0036694365953986313,0.5250000000000001,0.005477397806662966,0.003143075583686712,200,1.0,False,0.0,-0.2911784880874412
01334302,DES3_Shallow,458,7,0.4549246246025322,41.77004618905199,0.1557415555067942,1.0,7.367349,-43.388157,10.52,False,False,True,0.0009939789519703625,-0.002974796579854523,-0.0011922879252934493,-0.0017825086545610728,0.002088820754887363,0.006623185621876785,0.4750000000000001,0.003968775531824885,0.00234633259500372,200,1.0,False,0.0,-0.17181402268212753
01337228,DES3_Shallow,475,7,0.578825525673117,42.70022433705655,0.2303646475382017,1.0,7.524775,-43.03413,10.34,False,False,True,0.0009743734848437859,-0.005015909678977427,-0.0027856944430779285,-0.002230215235899499,0.0012924532892715597,0.011183220654803577,0.5750000000000002,0.0059902831638212126,0.0034244639345549343,200,1.0,False,0.0,0.13138860101136102
01338170,DES3_Shallow,483,7,0.388959140844298,41.45087255853774,0.149408350479227,1.0,6.669886,-42.964066,9.89,False,False,True,0.0019616872435277806,-0.0010466023334928958,-0.0002974854902149406,-0.0007491168432779553,0.002602703941754173,0.002366843559609728,0.3750000000000001,0.0030082895770206764,0.0018777226994611176,200,1.0,False,0.0,-0.11896402497465715
01257695,DES3_Shallow,360,9,0.1838062374003661,39.7198617199677,0.1089809978236081,1.0,7.601611,-42.298237,9.85,False,False,True,0.0046404207592265784,0.004039858543773735,0.004096516720277614,-5.665817650387954e-05,0.002763870862587913,-0.008807991451056697,0.17500000000000004,0.000600562215452844,0.00044923047554870296,200,1.0,False,0.0,-0.004554493496517347
01302141,DES3_Shallow,404,9,0.6087924293093023,42.28983855150189,0.2177851009593148,1.0,7.830452,-42.5014,9.43,False,False,True,0.003083841604011724,-0.005636653325575354,-0.003575243379374097,-0.0020614099462012564,0.008366289609315812,0.012539311915698355,0.6250000000000002,0.008720494929587078,0.005152221235205626,200,1.0,False,0.0,-0.41907855139993216
01317454,DES3_Shallow,440,9,0.568828094407337,42.237358829648784,0.1639348531752666,1.0,8.024402,-42.666245,2.0,False,False,True,0.005287119551034198,-0.0027135383152749404,0.0005130854657604458,-0.0032266237810353866,0.006519470000269954,0.006146050733622821,0.5750000000000002,0.008000657866309139,0.0049012747413527385,200,1.0,False,0.0,-0.28633146325157627
01328066,DES3_Shallow,446,9,0.4488983779001749,41.96959013150412,0.1589813229045522,1.0,7.317251,-42.0522,9.9,False,False,True,0.000519726213141961,-0.0051265816220704835,-0.0026644155651324064,-0.002462166056938076,0.003115565756101962,0.011306529252648793,0.42500000000000016,0.005646307835212444,0.0032696092533879327,200,1.0,False,0.0,0.03766759876386281
01331123,DES3_Shallow,452,9,0.2290798176671955,40.2861312218173,0.1127236975677415,1.0,8.036339,-42.554184,10.0,False,False,True,0.003178876718813698,0.0019295386570183752,0.0022812245191771497,-0.00035168586215877484,0.0005680370304571399,-0.0043117246902245575,0.22500000000000003,0.0012493380617953228,0.0009443305183509908,200,1.0,False,0.0,0.02724171028612858
01343533,DES3_Shallow,500,9,0.3679647820825664,41.57125612057022,0.2111760533560062,1.0,7.358388,-42.267349,10.76,False,False,True,0.0035458469647599816,-0.0006317369238958126,0.0012992261110795853,-0.0019309630349753977,0.002615841151548407,0.0014624870796037578,0.3750000000000001,0.004177583888655794,0.0026296986038712197,200,1.0,False,0.0,0.14142402471187582
SN2005fs,SDSS,1363,82,0.338803,41.26657341719691,0.2260701096854294,1.0,31.220692,-0.326468,9.66,False,False,True,0.0036378849044377683,-0.00013916604658687414,0.0003640546182660477,-0.0005032206648529219,0.006374610805302857,0.00034015289530646767,0.32500000000000007,0.0037770509510246424,0.002951616761027202,500,1.0,False,0.0,0.05469591035390896
SN2005gt,SDSS,1384,82,0.276556,40.81927827957702,0.225322977030123,1.0,31.016014,-0.365828,10.0,False,False,True,0.0006808235864185157,-0.0022533355109484758,-0.0018858748648957857,-0.0003674606460526901,0.0027123206706210694,0.004939931191955097,0.275,0.0029341590973669916,0.0021778923549737005,500,1.0,False,0.0,0.10272941860182085
SN2006nw,SDSS,1583,82,0.155959,39.35494370269328,0.1622397053950036,1.0,30.733135,-0.533872,10.0,False,False,True,5.533648794665539e-05,-0.0013277170247742317,-0.0013151308478110387,-1.2586176963192998e-05,0.00029967391844952957,0.002906014507147801,0.17500000000000004,0.001383053512720887,0.0010490629696640339,500,1.0,False,0.0,0.021663923663982648
SN2006od,SDSS,1587,82,0.203678,40.00008688102615,0.1659977398224515,1.0,31.976303,-0.535389,10.0,False,False,True,0.0002854606407479935,-0.0017116950525565622,-0.0016677008290177549,-4.3994223538807296e-05,0.0006679264411029688,0.0037526538664334605,0.22500000000000003,0.0019971556933045557,0.001483703677221521,500,1.0,False,0.0,0.025777970861065855
SN2007ni,SDSS,1674,82,0.210227,39.54341758195938,0.1618238957946889,1.0,31.460009,-0.331865,10.0,False,False,True,0.0014593069951375317,-0.0006331404637779988,-0.0004705136899716628,-0.00016262677380633606,0.003043154180728554,0.0014004464805815221,0.22500000000000003,0.0020924474589155305,0.0015405213963041679,500,1.0,False,0.0,-0.5072848523665582
SN2007pt,SDSS,1711,82,0.174279,39.49869511097863,0.1621960658532401,1.0,31.910473,-0.324,10.0,False,False,True,0.0003105095026517128,-0.0012619118416023424,-0.0012475743446045949,-1.4337496997747544e-05,0.0008120202577197358,0.0027664807234015895,0.17500000000000004,0.0015724213442540552,0.0012278626787282805,500,1.0,False,0.0,-0.09853440241773745
psc170078,Pan-STARRS,1124,50,0.3215914036490614,41.25999378092792,0.184910162953634,1.0,186.1831667,47.6681444,10.05,False,False,True,0.007076233513727998,0.0034465134213814254,0.004826348891118942,-0.001379835469737517,0.0050289196114504066,-0.0074581187757711154,0.32500000000000007,0.0036297200923465726,0.0016009108977842349,200,1.0,False,0.0,0.17837119257048306
psc360139,Pan-STARRS,1177,50,0.3866403697058085,41.47505662468842,0.1579506715610091,1.0,185.738625,47.5675083,10.75,False,False,True,0.0017768204731321191,-0.0029569656673208385,-0.0014446952127082663,-0.0015122704546125716,0.003562570917868445,0.006567169534207487,0.3750000000000001,0.004733786140452958,0.0023062628342481826,200,1.0,False,0.0,-0.07966641034894735
psc360140,Pan-STARRS,1178,50,0.2315327462663945,40.28585455296731,0.1449084218874363,1.0,185.6180458,47.716175,8.16,False,False,True,0.00031506583734549097,-0.0015303447291048439,-0.0007015037023391634,-0.00082884102676568,0.0013691215697966158,0.0033552173374688378,0.22500000000000003,0.0018454105664503348,0.0007477906208640558,200,1.0,False,0.0,0.0010560355838666203
psc510457,Pan-STARRS,1255,50,0.5037009632934415,42.11019039367205,0.2772547468685175,1.0,186.3888292,48.1368639,10.07,False,False,True,0.04015188329401014,0.033563818105559765,0.034871507069124064,-0.0013076889635642989,0.03322434667584281,-0.07558826988479861,0.5250000000000001,0.006588065188450381,0.003563224572360179,200,1.0,False,0.0,-0.12848950751258503
psc510597,Pan-STARRS,1258,50,0.461684441272906,42.14939438543241,0.1973793322445201,1.0,185.8210458,47.8228361,9.71,False,False,True,0.0021623083503963373,-0.0037528253389841055,-0.0020989907488846117,-0.0016538345900994934,0.009992952036111214,0.008278111459717446,0.4750000000000001,0.005915133689380443,0.003084293405805741,200,1.0,False,0.0,0.16982500327122818
SN2005hx,SDSS,1400,100,0.119914,38.76745389306287,0.1588376423852382,1.0,3.250535,0.248223,10.11,False,False,True,0.0008348061619836308,0.0002695466865952112,0.0002695466865952112,0.0,0.0017244199406243237,-0.0005847091827899439,0.125,0.0005652594753884196,0.0004455573834706681,500,1.0,False,0.0,-0.023360766904063704
SN2005hy,SDSS,1401,100,0.154924,39.27591960220493,0.160708538502271,1.0,3.598291,0.333052,10.06,False,False,True,0.00025721056954763113,-0.0007719995092079076,-0.0005973410908475054,-0.00017465841836040253,0.0008974924287881224,0.0016887689323532961,0.17500000000000004,0.0010292100787555388,0.0007782534472553856,500,1.0,False,0.0,-0.04159668570136807
SN2006lj,SDSS,1555,100,0.242061,40.70565937939016,0.1901305830918684,1.0,2.681734,0.201306,10.0,False,False,True,0.00046154570545272656,-0.0018457953918797473,-0.001188951602638059,-0.000656843789241688,0.001188591165577213,0.004057691976338627,0.22500000000000003,0.0023073410973324738,0.0016421438950126187,500,1.0,False,0.0,0.31246932627168345
SN2007kx,SDSS,1631,100,0.152714,39.436137623314735,0.1641671074625187,1.0,3.428632,0.652155,10.14,False,False,True,0.0021121092453311296,0.0011171636644181698,6.911928090687954e-05,0.0010480443835112904,0.000788643837596396,-0.0024214121157654198,0.17500000000000004,0.0009949455809129598,0.0007536825910542017,500,1.0,False,0.0,0.1526131892260059
SN2007mu,SDSS,1661,100,0.401274,41.55819990618525,0.2855286117565695,1.0,3.077347,-0.077318,11.0,False,False,True,0.016603492085673605,0.011746927119770906,0.013457960402886559,-0.0017110332831156523,0.01519764420158592,-0.025874808399427723,0.42500000000000016,0.004856564965902699,0.003149218378000488,500,1.0,False,0.0,-0.08846538546049267
SN2005ig,SDSS,1409,106,0.2798,40.48326020144398,0.1898836785518103,1.0,337.63115700000003,-0.502662,11.21,False,False,True,0.0006607209289991935,-0.0009198650442977671,-0.0006588876874442203,-0.0002609773568535466,0.00043141543416067783,0.00201821620750102,0.275,0.0015805859732969606,0.0013412475961071535,200,1.0,False,0.0,-0.2620554666471451
SN2005iw,SDSS,1417,106,0.287037,41.003759987733545,0.2420742806387993,1.0,337.32398,-0.092354,8.86,False,False,True,0.0017109449791674865,3.8173838512432735e-05,0.00027365085917705357,-0.000235477020664621,0.002965364899106786,-7.636822896947256e-05,0.275,0.0016727711406550538,0.0014256653907632967,200,0.95,False,0.0,0.19536537390466704
SN2005le,SDSS,1448,106,0.252487,40.51333254290543,0.2027784050282144,1.0,337.884569,-0.493577,10.0,False,False,True,0.00013316282540860524,-0.00107205377618107,-0.0009422984390700662,-0.0001297553371110037,0.00031751881219475343,0.0023419292380846557,0.275,0.0012052166015896753,0.0010039572645563412,200,1.0,False,0.0,0.020536131669675068
SN2006kc,SDSS,1535,106,0.210539,39.941702261271594,0.1686835217898425,1.0,337.544197,-0.407819,10.42,False,False,True,0.001250615489019853,0.0005217244114834622,0.0005236440165504422,-1.9196050669799406e-06,0.0008006394990321179,-0.0011290524391409404,0.22500000000000003,0.0007288910775363909,0.0005968464178145264,200,1.0,False,0.0,-0.11258421237756096
SN2006ks,SDSS,1546,106,0.207354,40.37447426473442,0.1832719362434146,1.0,337.519415,0.003639,10.0,False,False,True,0.00014529741111173267,-0.0005631824951432692,-0.0005722465350120389,9.064039868769785e-06,0.00110155080137604,0.0012278237364185475,0.22500000000000003,0.0007084799062550018,0.0005828251775188674,200,1.0,False,0.0,0.3570090101180997
SN2005kp,SDSS,1444,128,0.116277,38.71900512752227,0.1616328802416225,1.0,7.721481,-0.718848,10.95,False,False,True,0.0005837062498621682,-0.00019490893328821292,0.0002359785849990914,-0.00043088751828730427,0.0018960758843198035,0.0004275212154897705,0.125,0.0007786151831503811,0.0005749955387285374,500,1.0,False,0.0,-8.77557243313537e-05
SN2006ft,SDSS,1470,128,0.25655,40.59906221566128,0.2027007002540301,1.0,7.958593,-0.382957,10.0,False,False,True,0.000277012863711869,-0.002533923280483698,-0.0011966721205055198,-0.001337251159978178,0.0013676974016718808,0.005551914355804025,0.275,0.002810936144195567,0.002085829203887503,500,1.0,False,0.0,0.06714601717681302
SN2006jn,SDSS,1521,128,0.22334,40.17428189774665,0.1708217240801029,1.0,7.663236,0.141581,10.0,False,False,True,0.001647604070862738,-0.00013080030950627882,0.0004859053268540615,-0.0006167056363603405,0.002533710799446433,0.0003012741112483732,0.22500000000000003,0.0017784043803690168,0.001417113321363581,500,1.0,False,0.0,-0.02296120109791218
SN2006kl,SDSS,1540,128,0.21975,40.30155026977201,0.175545795393564,1.0,7.888675,-0.135814,10.0,False,False,True,8.240393498883384e-05,-0.0016587551273013906,-0.0008954764050436843,-0.000763278722257706,0.0006927861775264125,0.003627880835460192,0.22500000000000003,0.0017411590622902243,0.001385233166310718,500,1.0,False,0.0,0.14361553696054757
SN2007ml,SDSS,1657,128,0.185631,39.70214899027938,0.1642721050480598,1.0,7.972722,0.138298,10.83,False,False,True,0.00022683980821990317,-0.0011603434859560262,-0.0005384675245321564,-0.0006218759614238698,0.000863910907147803,0.002537932471166248,0.17500000000000004,0.0013871832941759294,0.001082247369584083,500,1.0,False,0.0,-0.045924409079358436
SN2006jp,SDSS,1522,173,0.177798,39.10610195731735,0.1601330162941238,1.0,314.234249,-0.279044,10.0,False,False,True,0.0001268034133328401,-0.0009337263998768831,-0.0009058343877131733,-2.78920121637102e-05,0.0002883235575171636,0.0020441340894689812,0.17500000000000004,0.0010605298132097232,0.0007307589192860846,500,1.0,False,0.0,-0.5388435927653215
SN2006js,SDSS,1525,173,0.182798,39.913595756323325,0.1698810379506274,1.0,313.833565,-0.09279,10.8,False,False,True,0.00113299388377003,-4.504704498009158e-05,-5.3331848095265885e-05,8.284803115174059e-06,0.0024075846940391703,0.00010854687784594584,0.17500000000000004,0.0011780409287501215,0.0008276837885967971,500,1.0,False,0.0,0.20234484979773606
SN2006ni,SDSS,1573,173,0.173827,39.62912488546803,0.1747276580157328,1.0,313.718384,-0.194823,10.0,False,False,True,7.847902167020534e-05,-0.0009053036740700507,-0.0009025745633889487,-2.72911068110214e-06,0.0003256353512346544,0.001980702866589119,0.17500000000000004,0.000983782695740256,0.0006685454411171915,500,1.0,False,0.0,0.038089277853412346
SN2006oy,SDSS,1594,173,0.201785,40.20947932035297,0.1733605606378171,1.0,313.492912,-0.360052,10.0,False,False,True,0.0008599347873515952,-0.0007643428515516367,-0.0005471704161865107,-0.00021717243536512596,0.0044416427273076915,0.001674684318432916,0.22500000000000003,0.001624277638903232,0.001195746287317299,500,1.0,False,0.0,0.2576773491822112
SN2007oh,SDSS,1682,173,0.402588,41.97347716346167,0.3149449351903459,1.0,313.153847,-0.453979,10.11,False,False,True,0.00212762605095813,-0.0032069427648224037,-0.001803802946759971,-0.0014031398180624334,0.006496297975659254,0.007123932801410725,0.42500000000000016,0.005334568815780534,0.0038578846642876854,500,1.0,False,0.0,0.3185276632464373
SN-SDSS13903,SDSS,1337,62,0.261982,41.77480240983206,0.3418205629781964,1.0,359.800917,0.251797,10.0,False,False,True,0.005252034108193637,0.0023594195897508486,-0.0002033911607645881,0.0025628107505154363,0.005669769637436777,-0.005108191017815262,0.275,0.0028926145184427886,0.001872556316655733,500,1.0,False,0.0,1.191471903527396
SN2005gx,SDSS,1388,62,0.160592,39.348660385470055,0.1608974132200249,1.0,359.88445,0.737165,10.0,False,False,True,0.0029784697327137418,0.0013485396697198557,-0.000670578192538447,0.0020191178622583025,0.0066895234423836915,-0.0029522458123747756,0.17500000000000004,0.001629930062993886,0.0012144489629089311,500,0.925,False,0.0,-0.05400357052235824
SN2007ij,SDSS,1603,62,0.194663,40.0963696521321,0.1982371711778235,1.0,359.341503,0.105858,9.87,False,False,True,0.00011707979310992842,-0.0019442407147449358,-0.0009369828590357505,-0.001007257855709185,0.00042659271355504345,0.004265103296259036,0.17500000000000004,0.0020613205078548642,0.0014512114064225406,500,1.0,False,0.0,0.23429705752019084
SN2007oz,SDSS,1696,62,0.295674,40.86782670180895,0.2467815441323395,1.0,359.319051,0.249367,10.0,False,False,True,0.005045878046762785,0.0015303234615888345,0.0030119136767563105,-0.0014815902151674753,0.0012588023476072878,-0.0032748834831118137,0.275,0.0035155545851739503,0.0022600398718839116,500,1.0,False,0.0,-0.01395078071360432
SN2007qn,SDSS,1720,62,0.316413,40.93163806427505,0.2731905722274136,1.0,359.78852,1.158329,11.29,False,False,True,0.005030948181824068,0.0010578766488018613,0.0028637567502595254,-0.0018058801014576636,0.006339891088794181,-0.002238322335680342,0.32500000000000007,0.003973071533022207,0.002560852754257239,500,1.0,False,0.0,-0.1095303560349853
01255502,DES3_Shallow,358,8,0.1482332595029061,39.03422725585887,0.1171692069268255,1.0,33.904625,-4.209216,10.45,False,False,True,0.0002654336910696283,-0.0005906758419927719,-0.0002494164685884516,-0.0003412593734043203,0.00011892663559981884,0.0012924139418639834,0.125,0.0008561095330624002,0.0005334055319492279,500,1.0,False,0.4715203426124197,-0.2537952138166247
01306785,DES3_Shallow,419,8,0.578670028607597,42.18777409357071,0.2944511832024624,1.0,33.793709,-4.522241,10.99,False,False,True,0.010801807988625019,-0.0016377400072893709,-0.004143021042959818,0.002505281035670448,0.014673564858805863,0.0039114554763872746,0.5750000000000002,0.01243954799591439,0.007710120041409576,500,1.0,False,0.33590402742073694,-0.3803651320676433
01308568,DES3_Shallow,425,8,0.6431211033103379,42.30814752848787,0.2695571720976488,1.0,33.873203,-5.052549,8.87,False,False,True,0.0018025757915408657,-0.012110721163743288,-0.003837812917032942,-0.008272908246710347,0.006907804287115704,0.027136150725026082,0.6250000000000002,0.013913296955284152,0.00850805187127806,500,1.0,False,0.5769230769230769,-0.5435380254249983
01317164,DES3_Shallow,437,8,0.1546350303742714,39.39884004845778,0.1306762719517755,1.0,34.285484,-4.298173,10.96,False,False,True,0.0016581728998713977,0.0006146312424261345,0.0006647738652935024,-5.014262286736791e-05,0.0019069028086540676,-0.0013306633983166203,0.17500000000000004,0.0010435416574452632,0.0006470851824214518,500,1.0,False,0.9470945359930616,0.08574249097155098
01345582,DES3_Shallow,504,8,0.4587699405496037,41.98768158506248,0.1885275291802795,1.0,33.706467,-4.67474,9.91,False,False,True,0.014713759446730564,0.005296604085760237,0.0002502927690295675,0.005046311316730672,0.02536967497617841,-0.011943711596571215,0.4750000000000001,0.009417155360970327,0.005992696725585951,500,1.0,False,0.058678500986193295,0.024306821859092165
SN2005ey,SDSS,1346,70,0.147025,39.232285470191385,0.1602845354218479,1.0,34.272865,0.280298,10.0,False,False,True,0.0017180340231887636,0.0014327075153816459,-0.0002388278635344635,0.0016715353789161092,6.5519180588264144e-06,-0.0031209500661499353,0.125,0.0002853265078071177,0.00018390688431181346,500,1.0,False,0.0,-0.036424127211263604
SN2005ge,SDSS,1375,70,0.212097,40.0812332001143,0.1745104662945475,1.0,34.561394,0.796551,10.39,False,False,True,0.006767321818667457,0.006043993284330176,0.0062355938970054805,-0.00019160061267530477,0.003664290462337566,-0.013194159563476375,0.22500000000000003,0.0007233285343372813,0.0004607697077679343,500,1.0,False,0.0,0.009122970107151506
SN2005jd,SDSS,1423,70,0.312883,41.004216585621506,0.1956921427458864,1.0,34.27586,0.534831,10.0,False,False,True,0.00105238723962154,-0.0017906490308056227,-0.0012374152092210658,-0.000553233821584557,0.0044948679385385945,0.003926624761968995,0.32500000000000007,0.0028430362704271626,0.002022367994759782,500,1.0,False,0.0,-0.009022272869377974
SN2006ka,SDSS,1533,70,0.246368,40.50771166486329,0.1737755295622103,1.0,34.611145,0.226688,10.44,False,False,True,0.00014458747737928083,-0.0009834657799640903,-0.0006416795468837126,-0.0003417862330803777,0.0008138724303615922,0.0021498326161810315,0.22500000000000003,0.0011280532573433712,0.0007648920968141423,500,1.0,False,0.0,0.07143437447149552
SN2006lq,SDSS,1561,70,0.314944,41.006639597946354,0.2121545478339245,1.0,34.149532,-0.155162,11.56,False,False,True,0.00046957181474025113,-0.002444407408193638,-0.0010431472574258666,-0.0014012601507677716,0.0012053728472739068,0.005365142964893833,0.32500000000000007,0.0029139792229338894,0.002072715284788095,500,1.0,False,0.0,-0.022941232641163895
SN2006jr,SDSS,1524,175,0.176531,39.610098131344174,0.1609881193575997,1.0,54.946434,0.992816,10.0,False,False,True,6.522688969533728e-05,-0.0002641594101154915,-0.00026104625962626853,-3.1131504892229378e-06,0.0002630234587428146,0.0005757076818036647,0.17500000000000004,0.00032938629981082876,0.00019646366513140565,200,1.0,False,0.0,-0.017769755682028626
SN2007hy,SDSS,1599,175,0.180792,39.6709867176176,0.1763337016509926,1.0,54.92638,1.092299,10.0,False,False,True,0.004819765565807857,0.004459000327700463,0.004464789646712231,-5.78931901176764e-06,0.00047365895837399644,-0.0098485486773517,0.17500000000000004,0.0003607652381073941,0.00021509949348801692,200,1.0,False,0.0,-0.01386793855957455
SN2007ln,SDSS,1639,175,0.245403,40.30953431251068,0.1703530711488085,1.0,55.180023,1.003079,9.21,False,False,True,0.00044855870793451184,-0.0004264412260307091,-0.0003655937773568772,-6.0847448673831685e-05,0.001250619813794211,0.0009359092549477645,0.22500000000000003,0.0008749999339652209,0.0005559046905920754,200,1.0,False,0.0,-0.11715011435769014
SN2007rk,SDSS,1729,175,0.194437,40.10523370882205,0.2307122874158827,1.0,55.572632,1.063139,10.85,False,False,True,0.003720962346444302,0.003259712336439083,0.003233207864252542,2.6504472186541307e-05,0.0007214478452462013,-0.0071199076647046776,0.17500000000000004,0.00046125001000521895,0.0002747770053223187,200,1.0,False,0.0,0.24595303349625988
SN2006hy,SDSS,1508,164,0.147915,39.13110227724742,0.1602783705506052,1.0,332.080959,-1.196387,10.0,False,False,True,9.645801800882466e-05,-0.0003875011178839042,-0.0003875011178839042,0.0,0.0003004563897612488,0.0008456122121510408,0.125,0.0004839591358927288,0.0003796371548053949,200,1.0,False,0.0,-0.1518474730761042
SN2006ll,SDSS,1557,164,0.380475,41.10702282362843,0.2314748410925516,1.0,331.867262,-0.903413,10.0,False,False,True,0.007027000119606866,0.0035670764016228766,-4.397335800520241e-05,0.0036110497596280786,0.007401475951376523,-0.007770690172775158,0.3750000000000001,0.0034599237179839897,0.002558627285322092,200,1.0,False,0.0,-0.4071014160185112
SN2006no,SDSS,1579,164,0.249728,40.5011323174379,0.1816148399978754,1.0,332.089348,-1.148781,10.29,False,False,True,0.00025977180034464283,-0.0013183181019032417,-0.0011460076027416425,-0.00017231049916159932,0.0008433248583729935,0.0028898690457301304,0.22500000000000003,0.0015780899022478844,0.0011838703284622679,200,1.0,False,0.0,0.03172334954659732
SN2007mz,SDSS,1666,164,0.217566,40.1381626054011,0.1770479425643112,1.0,331.963343,-1.069943,10.3,False,False,True,3.97521689116948e-05,-0.001149775156831167,-0.0010594763341809457,-9.029882265022189e-05,0.0002958608584840967,0.002515086544459244,0.22500000000000003,0.0011895273257428618,0.0009834758890784627,200,1.0,False,0.0,0.004433857847390076
SN2005is,SDSS,1414,110,0.172701,39.46789743678999,0.1633755175731045,1.0,5.437367,-0.324993,10.86,False,False,True,0.0005377114719724841,-0.001108112525300863,-0.0009079144293435378,-0.00020019809595732516,0.0013910503262383742,0.002432527240273233,0.17500000000000004,0.001645823997273347,0.001268565493365191,200,1.0,False,0.0,-0.10764264630728723
SN2006go,SDSS,1484,110,0.370458,41.704921800899584,0.2422480265063035,1.0,6.140682,-0.279061,10.0,False,False,True,0.006037077042508022,-0.0023578387587957087,-0.0020345621023562617,-0.00032327665643944875,0.01703774015890666,0.005098168773836988,0.3750000000000001,0.008394915801303731,0.005042997492260186,200,1.0,False,0.0,0.2580806490913136
SN2006hp,SDSS,1500,110,0.246034,40.41053376956967,0.1687417753012934,1.0,6.059644,-0.248262,10.0,False,False,True,0.003782780963293363,-0.0008214563032325492,0.0014301238553354268,-0.0022515801585679777,0.00043385988546179496,0.0018708612825054614,0.22500000000000003,0.004604237266525912,0.0031887370415319477,200,1.0,False,0.0,-0.02242724114475976
SN2007px,SDSS,1714,110,0.106834,38.53391151765619,0.1631355975000701,1.0,5.683364,-0.47901,10.6,False,False,True,0.0001558714700656056,-0.0010174922175474844,-0.0009370489805542809,-8.044323699320357e-05,0.0010294727695450779,0.0022252831410267287,0.125,0.0011733636876130901,0.0009299380675490367,200,1.0,False,0.0,0.011432150327243581
SN2005ji,SDSS,1427,117,0.214569,40.18530223155656,0.1678422730703278,1.0,4.326408,-0.257275,10.0,False,False,True,0.0008164511420248972,-0.0008888512333517433,-0.0007908048197914001,-9.804641356034316e-05,0.0013774270097946684,0.001953530352867372,0.22500000000000003,0.0017053023753766405,0.0011119007011447363,200,1.0,False,0.0,0.08515983656487862
SN2005jn,SDSS,1432,117,0.320448,41.11961387941777,0.1917130177265217,1.0,4.753476,-0.281488,9.38,False,False,True,0.0009799315368258397,-0.0024458906075971883,-0.0016643076353368078,-0.0007815829722603802,0.0032896897482250246,0.005377120514562276,0.32500000000000007,0.003425822144423028,0.002508972056912702,200,1.0,False,0.0,0.04687150694722196
SN2006fz,SDSS,1475,117,0.10337,38.39750858145215,0.1583642499464242,1.0,4.172286,-0.42454,10.0,False,False,True,0.029597465649002952,0.028987739547455305,0.014793730696077617,0.014194008851377688,0.006740954431174056,-0.06396304353275466,0.125,0.0006097261015476472,0.0003158211379090587,200,1.0,False,0.0,-0.0486955759282864
SN2007kq,SDSS,1625,117,0.155172,39.470225691038486,0.1658735438642058,1.0,4.932975,-0.400135,11.3,False,False,True,5.882524716064301e-05,-0.0008364332509818468,-0.0004846440306704252,-0.00035178922031142153,0.0003634740809225156,0.0018266881019107304,0.17500000000000004,0.0008952584981424898,0.0005101033826743871,200,1.0,False,0.0,0.14892329926475492
SN2005it,SDSS,1415,111,0.308214,40.8814815583031,0.2363079338846281,1.0,16.190392,0.513917,10.87,False,False,True,0.0010681352308220537,-0.001988371895315108,-0.000768784636209502,-0.0012195872591056057,0.004169263073496419,0.004364725121151047,0.32500000000000007,0.003056507126137162,0.0017987616404635954,200,1.0,False,0.0,-0.09436437211070849
SN2006gl,SDSS,1482,111,0.263944,40.65446495593025,0.2849890862089824,1.0,16.45878,0.144805,10.0,False,False,True,0.00033253847262492727,-0.0013108526090793856,-0.0009775578418951276,-0.00033329476718425827,0.0004966917814634393,0.0028713649179520854,0.275,0.001643391081704313,0.0010338062624607217,200,1.0,False,0.0,0.05280632056018233
SN2006jy,SDSS,1531,111,0.20313,39.94304751442758,0.1674382940901443,1.0,15.734715,0.183087,10.0,False,False,True,0.0005875621432767094,-0.0002674752482822411,-0.00045505142950699826,0.00018757618122475724,0.0013941733223947548,0.0005880479705565075,0.22500000000000003,0.0008550373915589505,0.0007064897680124421,200,1.0,False,0.0,-0.02476597418309552
SN2007nf,SDSS,1671,111,0.23542,40.32508225182343,0.1837585235131174,1.0,15.860297,0.331394,10.0,False,False,True,0.0006882707503080065,-0.0005317217076463479,-0.00034845790619596716,-0.00018326380145038064,0.0013257846631086988,0.001167527670336992,0.22500000000000003,0.0012199924579543544,0.0009167788556059724,200,1.0,False,0.0,-0.0002587694396734685
SN2005gq,SDSS,1381,91,0.389088,41.53474330109813,0.2884907340358238,1.0,53.454021,0.709351,10.0,False,False,True,0.0021437617359736723,-0.001986610793165093,-0.0014524499699356446,-0.0005341608232294478,0.0030179186305011453,0.004426738438458155,0.3750000000000001,0.004130372529138765,0.002601399058887961,485,1.0,False,0.0,-0.03593071727269687
SN2005gr,SDSS,1382,91,0.244478,40.24408911970649,0.1745732799382029,1.0,54.156151,1.079169,10.0,False,False,True,0.00010708907326523775,-0.001608595615256454,-0.0009816951876912697,-0.0006269004275651848,0.0014095008023256245,0.0035231225248321253,0.22500000000000003,0.0017156846885216918,0.0009350203239875936,485,0.7,True,0.0,-0.1733672198043817
SN2007mj,SDSS,1655,91,0.122617,38.7459523056643,0.1602206190748657,1.0,53.685146,0.355509,10.38,False,False,True,0.0004688683892362652,0.00020700493445678398,0.00020700493445678398,0.0,0.0006959344759289326,-0.000448896290725803,0.125,0.0002618634547794812,0.00016401796979422854,485,1.0,False,0.0,-0.09684773273509391
SN2007po,SDSS,1706,91,0.291349,40.89323699489473,0.1997950286058963,1.0,53.884281,0.703362,10.5,False,False,True,0.0002770456148982036,-0.0020163413057672796,-0.0012867369786957212,-0.0007296043270715589,0.0005343252452868118,0.004431088155614889,0.275,0.002293386920665483,0.0013367527078255999,485,1.0,False,0.0,0.047954493671279706
SN2006ff,SDSS,1462,139,0.233804,40.19561913310166,0.2053748232335097,1.0,6.648502,-0.302072,10.81,False,False,True,0.0003292658492873247,-0.0010080033645966516,-0.0011192880350303607,0.00011128467043370905,0.00025623971767262056,0.0022037074269935187,0.22500000000000003,0.0013372692138839764,0.0009471307475989817,200,1.0,False,0.0,-0.11294356913363231
SN2006gg,SDSS,1479,139,0.202152,39.74955068813284,0.1632836778484379,1.0,7.052111,0.11801,10.0,False,False,True,0.0002553341894757505,-0.0006886766367421524,-0.0008095302156927247,0.00012085357895057234,0.0011200545100001655,0.0015059107437100359,0.22500000000000003,0.0009440108262179029,0.0006389799261411113,200,1.0,False,0.0,-0.20663004045626648
SN2006lp,SDSS,1560,139,0.220681,40.02785620854447,0.1854226677709656,1.0,6.773676,-0.125976,10.76,False,False,True,0.00019440237761797518,-0.0008661719865819796,-0.000802311859554423,-6.386012702755642e-05,0.0003271431964602506,0.0018953473577693228,0.22500000000000003,0.0010605743641999548,0.0007279036058575333,200,1.0,False,0.0,-0.14032931200816107
SN2007jb,SDSS,1606,139,0.24555,40.08122847100446,0.1923030627011359,1.0,6.640777,0.041985,10.0,False,False,True,0.0022259032818907703,0.0005557267848676946,0.0009351673806034379,-0.0003794405957357434,0.003055786637936237,-0.0012147690431620652,0.22500000000000003,0.0016701764970230757,0.0012119621679801008,200,1.0,False,0.0,-0.3469195056267137
SN2005gh,SDSS,1378,89,0.257823,40.63588041612669,0.1914491159244656,1.0,312.651463,-0.354089,9.16,False,False,True,0.0070119413362550636,0.005654849265079039,0.0059137709946000564,-0.0002589217295210184,0.003239103913208508,-0.012349300312363835,0.275,0.0013570920711760252,0.0010133902892069991,200,1.0,False,0.0,0.09182537489214139
SN2005hq,SDSS,1393,89,0.399403,41.68376508013186,0.2887027773423191,1.0,312.582417,-0.825272,10.0,False,False,True,0.0011991740919183257,-0.001888592948755053,-0.0014746127694416711,-0.0004139801793133824,0.0031055112482332287,0.004159992233232729,0.3750000000000001,0.0030877670406733787,0.0022428088698335027,200,1.0,False,0.0,0.04687793486000829
SN2005ht,SDSS,1396,89,0.185813,39.87208655956483,0.1669904516227578,1.0,312.602551,-0.167889,10.81,False,False,True,0.0001077036108124296,-0.0004967191148945435,-0.0005276582330968619,3.0939118202318386e-05,0.0006946852538573133,0.0010836941618966095,0.17500000000000004,0.0006044227257069731,0.00042213371501566077,200,1.0,False,0.0,0.12166550615682661
SN2007ph,SDSS,1702,89,0.12826,38.97540773901122,0.173294475409942,1.0,312.805813,-0.955823,10.7,False,False,True,0.0017349948878943723,0.0014875981657385112,0.0014886221459708318,-1.0239802323204012e-06,0.0001524960480943455,-0.003254108570780652,0.125,0.00024739672215586103,0.00012161211591545764,200,1.0,False,0.0,0.027473732662505787
2001gn,Amanullah10,0,0,1.124,44.448737294709474,0.1930800135447032,1.0,210.50124999999997,5.081638888888889,9.88,False,False,True,0.00800516386045916,-0.016700466300313535,-0.007053941996013334,-0.009646524304300198,0.017851434551588205,0.037875272540970756,1.1250000000000004,0.024705630160772693,0.01771896069042065,200,1.0,False,0.0,0.06607160639482673
2001go,Amanullah10,1,0,0.552,42.481887398578294,0.1121809745763833,1.0,210.50666666666663,5.014,9.88,False,False,True,0.00734786609410974,-0.0032375053460969227,-0.0035340125205200607,0.00029650717442314053,0.015296982016700239,0.0072460805894734685,0.5750000000000002,0.010585371440206662,0.007656718363020426,200,1.0,False,0.0,0.03590991631271306
2001gq,Amanullah10,2,0,0.671,42.86201997637951,0.1295818468587443,1.0,210.46333333333337,4.886416666666666,9.88,False,False,True,0.003385635575206111,-0.010054213007488794,-0.004034072438140801,-0.006020140569347998,0.00160685631984533,0.022569842152373128,0.6750000000000002,0.013439848582694905,0.009026411185773155,200,1.0,False,0.0,-0.09103911529381188
SN2000fr,Knop03,2077,0,0.5443745802427791,42.43016732953501,0.2235975402890098,1.0,210.490625,4.728444,10.0,False,False,True,0.011133910840219363,0.0007193732629344023,-0.0003131838266917297,0.0010325570896261328,0.021796196419904348,-0.0017516160494871445,0.5250000000000001,0.010414537577284961,0.007578546512343416,200,1.0,False,0.0,-0.008692139837856872
SN2006kr,SDSS,1545,186,0.222559,40.30147421978853,0.1727113127081458,1.0,4.831984,1.090719,10.0,False,False,True,0.0015456124741584816,-0.00035433155572680403,-9.030726218534134e-05,-0.00026402429354146286,0.0028966474708540923,0.0007986983600786839,0.22500000000000003,0.0018999440298852856,0.001417665071775964,200,1.0,False,0.0,0.11273246562816468
SN2007lq,SDSS,1642,186,0.226472,40.360902747536265,0.1700561384765943,1.0,5.782767,0.983445,10.81,False,False,True,0.0007501235032310539,-0.0012146214971006976,-0.001402842966627991,0.00018822146952729337,0.0010568911158316506,0.0026651636121185324,0.22500000000000003,0.0019647450003317515,0.0014777869416630067,200,1.0,False,0.0,0.12984187713168355
SN2007oi,SDSS,1683,186,0.294479,41.18211928259774,0.258720267094035,1.0,5.324447,1.074527,10.15,False,False,True,0.00038588685539240415,-0.0032340338680142996,-0.0019637579496982406,-0.0012702759183160592,0.0012219102138091595,0.007107885629364076,0.275,0.003619920723406704,0.003016794214430316,200,1.0,False,0.0,0.31037572770435684
SN2005ko,SDSS,1443,127,0.18468,39.674361485580064,0.1745530009173898,1.0,357.520926,-0.921379,10.0,False,False,True,0.00013712262758456523,-0.00048537576341367095,-0.0004841938448913179,-1.1819185223531195e-06,0.00027702104768868597,0.001059999121168491,0.17500000000000004,0.0006224983909982362,0.0004112718877556536,200,1.0,False,0.0,-0.06140980722922171
SN2006fu,SDSS,1471,127,0.197181,39.87459111059617,0.1641266448907704,1.0,357.785059,-0.746341,10.0,False,False,True,0.0004574187759379055,-0.00023406777116209828,-0.00023516704114401988,1.099269981921552e-06,0.0005019441167618718,0.0005140475336161163,0.17500000000000004,0.0006914865471000038,0.0004613665681498086,200,1.0,False,0.0,-0.01838566009940143
SN2007pb,SDSS,1698,127,0.224519,40.45535347563605,0.1847792838919866,1.0,357.104161,-1.185004,10.0,False,False,True,0.00016552818000582358,-0.0006768261545919904,-0.0006726515649811374,-4.174589610852866e-06,0.000682747089292174,0.0014778555042380633,0.22500000000000003,0.000842354334597814,0.0005709168739345787,200,1.0,False,0.0,0.24532880677242902
SN2005kq,SDSS,1445,129,0.38928,41.86599676100795,0.2971051834788891,1.0,347.837143,-0.608636,10.48,False,False,True,0.0034157554535949202,-0.0001654142413161086,0.00025348315995469715,-0.0004188974012708053,0.009979950194625543,0.00032653938205632217,0.3750000000000001,0.003581169694911029,0.002218372476157293,200,1.0,False,0.0,0.29407544364231514
SN2007jo,SDSS,1612,129,0.188543,39.79987351441341,0.1821992934036907,1.0,347.552417,-0.931407,10.0,False,False,True,0.00010383121089861819,-0.00037754983240408097,-0.00034853803038876644,-2.9011802015314584e-05,0.0002668874309355455,0.0008278718639807166,0.17500000000000004,0.00048138104330269917,0.0002085092081842114,200,1.0,False,0.0,0.014492193640716328
SN2007pd,SDSS,1700,129,0.138333,39.270637496511014,0.1659781571059631,1.0,347.975293,-0.578091,10.0,False,False,True,0.023926341235728434,0.023772756324543697,0.023772756324543697,0.0,0.010552528646817242,-0.05248005692163801,0.125,0.00015358491118473713,7.303449797809811e-05,200,1.0,False,0.0,0.145417061865507
SN2005fi,SDSS,1356,78,0.263492,40.78086207005706,0.1790467224318281,1.0,1.994533,0.638195,10.61,False,False,True,0.0015210374147949916,-0.0006337096615874772,-0.0009777290155084295,0.0003440193539209521,0.0009411937371834398,0.0014191963879902885,0.275,0.0021547470763824688,0.001533792806543597,200,1.0,False,0.0,0.18341460892417685
SN2005ih,SDSS,1410,78,0.257998,40.64218956026087,0.1878151654392074,1.0,1.806597,0.348985,12.85,False,False,True,0.0022746904263243927,0.00017208882669243145,0.00010811682881435797,6.397199787807305e-05,0.00860103835268384,-0.0004051455971953539,0.275,0.0021026015996319612,0.0014962752535759866,200,1.0,False,0.0,0.096470126340523
SN2006jh,SDSS,1516,78,0.119664,39.062620125353504,0.1615090462592559,1.0,1.69061,-0.03676,10.0,False,False,True,0.00020386056961227596,-0.00046161166285072815,-3.720717572742606e-05,-0.000424404487123302,0.0005174675413169899,0.0010078928198168013,0.125,0.0006654722324630041,0.0005048359191857434,200,1.0,False,0.0,0.2766692979216131
SN2005fg,SDSS,1354,76,0.256085,40.558176849285886,0.2122677389273237,1.0,339.017639,-0.375189,10.0,False,False,True,0.0035235001318537316,0.001424399011387893,0.0018241564359513093,-0.0003997574245634169,0.007399356867178186,-0.0030848779763830636,0.275,0.0020991011204658386,0.0012996043712279787,200,1.0,False,0.0,0.030708623632409466
SN2006gp,SDSS,1485,76,0.211144,40.19589758628982,0.2078994974608722,1.0,338.541679,0.054988,10.0,False,False,True,0.001104850237898424,-0.00020131704349096594,1.6119630685661667e-05,-0.00021743667417662742,0.0019158924200127097,0.0004762603972087074,0.22500000000000003,0.0013061672813893899,0.0007727225211091563,200,1.0,False,0.0,0.1346753232389321
SN2006jf,SDSS,1514,76,0.280694,41.447193132065905,0.2068903322445456,1.0,338.727385,0.002038,10.5,False,False,True,0.0027050186037685543,8.956756073547371e-05,0.0007307109271401631,-0.0006411433664046902,0.0045845725805625836,-0.0001263827138558724,0.275,0.0026154510430330805,0.001658037932293777,200,1.0,False,0.0,0.6940040008886781
psc020096,Pan-STARRS,1012,33,0.2261314665211706,40.10308330885708,0.1482635428686725,1.0,161.3141125,58.1927111,9.06,False,False,True,0.01435526735962911,0.011046109112372138,-0.0006331078667004696,0.011679216979072607,0.01190498792785775,-0.02428391990168082,0.22500000000000003,0.003309158247256971,0.0020834862359971245,200,1.0,False,0.0,-0.12432173852469759
psc040198,Pan-STARRS,1022,33,0.2494346106528895,40.49970155725148,0.1504710459730074,1.0,161.2890542,58.5546222,9.54,False,False,True,0.0009412591026607261,-0.0029919706754179707,-0.0013506172120301347,-0.001641353463387836,0.0024945843963809916,0.006602902454177605,0.22500000000000003,0.003933229778078697,0.0027308741580800893,200,1.0,False,0.0,0.033169086137577894
psc350050,Pan-STARRS,1165,33,0.4048262380468377,41.323808862090544,0.1876552717438826,1.0,161.079675,58.0761944,10.5,False,False,True,0.022449572688579566,0.015159592515808208,0.01031965265200908,0.004839939863799126,0.018591737168376487,-0.033505207865441575,0.42500000000000016,0.007289980172771359,0.0055394374010601785,200,1.0,False,0.0,-0.34519402832618834
SN2006hi,SDSS,1495,155,0.260698,41.19454599866578,0.2570924109625122,1.0,20.941811,0.816735,10.0,False,False,True,0.0013619599037417666,-0.0008819865021453422,-0.0005801836308943346,-0.0003018028712510072,0.0016888763385077504,0.001952391016058973,0.275,0.0022439464058871088,0.001596094895343541,200,1.0,False,0.0,0.6232789627937363
SN2006om,SDSS,1592,155,0.191763,39.857912188613405,0.1750503144848743,1.0,20.578657,1.010615,10.0,False,False,True,0.005041268646565564,0.003624446034198852,0.0035909940172586035,3.3452016940248836e-05,0.004076819791460514,-0.007901737964674534,0.17500000000000004,0.0014168226123667117,0.0011663583368142988,200,1.0,False,0.0,0.03189625543135913
SN2007jz,SDSS,1619,155,0.210749,40.28823608768408,0.1794210895223815,1.0,20.983381,1.254994,10.0,False,False,True,0.00010298015442945462,-0.0015293613451448074,-0.0014016016611622531,-0.00012775968398255424,0.0007858676310521313,0.0033469476356695694,0.22500000000000003,0.001632341499574262,0.0013089500373177922,200,1.0,False,0.0,0.23154005552523843
SN2005fa,SDSS,1348,72,0.160352,39.28338951584366,0.1659695495598935,1.0,24.900312,-0.758714,10.54,False,False,True,0.00032933933678183224,-0.0003899173306026695,-0.0003727874394314469,-1.712989117122266e-05,0.0010161299244096234,0.0008572401050294243,0.17500000000000004,0.0007192566673845018,0.00034218873564808254,200,1.0,False,0.0,-0.11572643799458524
SN2006hg,SDSS,1493,72,0.243405,40.48062518000218,0.1962352590738459,1.0,25.243341,-0.727846,10.0,False,False,True,0.000122122811659741,-0.0014415343292892618,-0.001362867690442403,-7.86666388468591e-05,0.00023264738996925507,0.00315829200847973,0.22500000000000003,0.0015636571409490029,0.0010013063487277491,200,1.0,False,0.0,0.07391402808046081
SN2007me,SDSS,1650,72,0.197257,39.77417307254195,0.1619215968147711,1.0,25.265629,-0.448449,10.0,False,False,True,0.00023051873178357555,-0.000802719328193214,-0.0007641892951424443,-3.8530033050769856e-05,0.00036425402986773204,0.0017595152739340529,0.17500000000000004,0.0010332380599767895,0.000547708913915675,200,1.0,False,0.0,-0.11973075218552173
SN2005ez,SDSS,1347,71,0.129033,38.915507500406626,0.1691712615371442,1.0,46.795696,1.119552,10.98,False,False,True,0.00017818866923653974,-0.00014709609042730165,-0.00013625115831492746,-1.0844932112374134e-05,0.0003461612144017695,0.00032138699724394704,0.125,0.0003252847596638414,0.00015584672243649337,200,1.0,False,0.0,-0.04648748629800677
SN2005fv,SDSS,1366,71,0.117406,38.7321728762014,0.160648446697553,1.0,46.343418,0.858359,10.0,False,False,True,0.0007311408240619306,0.00044081685102246584,0.00044081685102246584,0.0,0.0012044772571716549,-0.0009575109808805572,0.125,0.00029032397303946475,0.00012864515245326172,200,1.0,False,0.0,-0.009408023753140052
SN2007mg,SDSS,1652,71,0.176245,39.79366117266137,0.1640734953060359,1.0,46.640945,0.793304,10.96,False,False,True,0.0011668082904019922,0.00042643779408618634,0.0005642722037867065,-0.0001378344097005201,0.0013693152586093343,-0.0009372060571519684,0.17500000000000004,0.0007403704963158059,0.0004756151782935484,200,1.0,False,0.0,0.16966403314055237
SN2007jj,SDSS,1609,216,0.233812,40.27552569397771,0.2240644381042914,1.0,26.361374,-0.019418,9.63,False,False,True,0.005245099237400432,0.004125198833866522,0.0039118032945670515,0.00021339553929947092,0.005416071954280975,-0.009014578158921642,0.22500000000000003,0.0011199004035339103,0.0006591911397192556,200,1.0,False,0.0,-0.03312033363670082
SN2007mt,SDSS,1660,216,0.386667,41.578447898427754,0.2331616202779704,1.0,26.485809,-0.217631,9.39,False,False,True,0.0011384292020542115,-0.0023490804295876067,-0.00113845078770936,-0.001210629641878247,0.002867994703003438,0.005187438876851356,0.3750000000000001,0.003487509631641818,0.002256896230298263,200,1.0,False,0.0,0.023550811877940996
SN2007ro,SDSS,1730,216,0.164775,39.36719556284938,0.1679943636931182,1.0,26.120781,0.229765,10.63,False,False,True,0.00023954341414841404,-0.0001605348825593692,-0.0001605348825593692,0.0,0.0011678228177969781,0.00034973638647083007,0.17500000000000004,0.00040007829670778323,0.0002340962287783434,200,1.0,False,0.0,-0.09652409381478241
SN-SDSS6696,SDSS,1342,67,0.237417,41.07662048357254,0.2295967166844728,1.0,339.07933,0.479251,10.0,False,False,True,0.00015371088571652632,-0.0011244443086274834,-0.0008420482975688464,-0.00028239601105863694,0.0008204993810373715,0.0024579055893047715,0.22500000000000003,0.0012781551943440096,0.0007837631609748032,200,1.0,False,0.0,0.7306921956286149
SN2007lo,SDSS,1640,67,0.136959,39.12055973972376,0.1619047226748282,1.0,338.983583,0.609241,11.1,False,False,True,0.0005155840629351732,0.0003162083577512971,0.0003519417971219995,-3.573343937070232e-05,0.0009646379190966245,-0.0006867721581188522,0.125,0.000199375705183876,0.00010549354523347965,200,1.0,False,0.0,0.018792828898894262
SN2007pq,SDSS,1708,67,0.183876,39.86588040244915,0.1798569183890217,1.0,339.308083,0.736387,10.0,False,False,True,0.00027181651795770995,-0.0003419048679535882,-0.0002692931743877592,-7.261169356582885e-05,0.0012602339894688857,0.0007452065334583597,0.17500000000000004,0.0006137213859112982,0.000361134632442664,200,1.0,False,0.0,0.14055573666043467
psc100358,Pan-STARRS,1073,44,0.3649253628609912,41.1135746163926,0.1955483408325401,1.0,352.4444458,0.5905056,9.55,False,False,True,0.00048117531652936774,-0.0018644999568411496,-0.001320081617990135,-0.0005444183388510148,0.0016608284387678476,0.0041068537115920714,0.3750000000000001,0.0023456752733705174,0.0013809401996099716,200,1.0,False,0.0,-0.29537690149368073
psc420258,Pan-STARRS,1205,44,0.2726382066072101,40.7717538445174,0.1699982030825672,1.0,352.4277583,0.7053611,11.46,False,False,True,0.0006722337829241855,-3.293145046817333e-05,-2.6446193516535326e-05,-6.485256951637944e-06,0.0001787920193838774,8.47083503523814e-05,0.275,0.0007051652333923588,0.0004218471375048858,200,1.0,False,0.0,0.09036607494112571
SN2006ol,SDSS,1591,44,0.117706,38.66143594537841,0.1644583428203838,1.0,352.029971,0.856355,9.12,False,False,True,2.0082064023238495e-05,-3.67955341459845e-05,-3.67955341459845e-05,0.0,0.0001812885853853434,8.004508594341796e-05,0.125,5.6877598169222994e-05,4.20326487136034e-05,200,1.0,False,0.0,-0.08608616472751292
SN2005ib,SDSS,1404,102,0.391599,41.53653317453844,0.2439205348854789,1.0,22.85704,-0.603384,10.74,False,False,True,0.0044113519314879215,0.00022729271585961944,0.0017247612912835992,-0.0014974685754239802,0.005449760877361496,-0.00043281494127258083,0.3750000000000001,0.004184059215628302,0.003091419820272964,200,1.0,False,0.0,-0.05040818595117542
SN2005jz,SDSS,1440,102,0.25174,40.46860883117626,0.1677418626722684,1.0,22.862734,-0.631618,9.18,False,False,True,0.005588340535326483,0.003972642805950373,0.004149576153394228,-0.0001769333474438557,0.003497289079656875,-0.008645800802751638,0.275,0.00161569772937611,0.001304540203518632,200,1.0,False,0.0,-0.01693186181941984
SN2007qg,SDSS,1716,102,0.314679,40.74723428727408,0.1933065947945507,1.0,23.008219,-0.429732,10.0,False,False,True,0.000489616101671774,-0.0022050573658889505,-0.0012497016701766665,-0.0009553556957122842,0.0025768511090334487,0.004839024511001268,0.32500000000000007,0.0026946734675607244,0.0021160463257959097,200,1.0,False,0.0,-0.28025087578276725
psc130755,Pan-STARRS,1103,46,0.293609740033445,40.878659315729934,0.1728010231315396,1.0,183.7315917,46.5759056,9.27,False,False,True,0.001050371602961165,0.00029341702532759573,0.0002987198255977922,-5.302800270196523e-06,0.0003960589952048733,-0.0006332147124986393,0.275,0.0007569545776335692,0.0005402013974201194,200,1.0,False,0.0,0.01423828681613328
psc140181,Pan-STARRS,1106,46,0.1029706539423862,38.33216556898659,0.1447842531160246,1.0,183.7379125,46.8450444,10.36,False,False,True,1.1489783805462942e-05,-0.00021162149937633716,-0.00021162149937633716,0.0,6.255922850288061e-05,0.0004604688137140089,0.125,0.0002231112831818001,0.00015576796242244503,200,1.0,False,0.0,-0.10508993273298868
psc150254,Pan-STARRS,1107,46,0.2757875411755512,40.6431446262708,0.1458036950914171,1.0,183.2110667,47.1457611,9.36,False,False,True,0.008239120645863416,0.007582714083339081,0.00755401997936476,2.8694103974321035e-05,0.010621847074103767,-0.016663336639000104,0.275,0.0006564065625243342,0.00048218740889390097,200,1.0,False,0.0,-0.0665440364545704
SN2005kn,SDSS,1442,126,0.19561,39.94111324254116,0.1806336789546622,1.0,318.885201,-0.35534,10.04,False,False,True,0.002023283481187575,0.0013615521301773418,0.0013615521301773418,0.0,0.00018233013620968448,-0.0029662868629349495,0.17500000000000004,0.0006617313510102332,0.0005114687719511847,200,1.0,False,0.0,0.06737445126688948
SN2006kq,SDSS,1544,126,0.196112,39.944456379973175,0.1675345015229364,1.0,318.90238999999997,-0.321433,10.93,False,False,True,7.668564182636833e-05,-0.0005882380577411168,-0.0005882380577411168,0.0,0.0004358197401227104,0.0012839809116572797,0.17500000000000004,0.0006649236995674852,0.0005136137905027173,200,1.0,False,0.0,0.06455468032316583
SN2007mx,SDSS,1664,126,0.404499,41.80742999432421,0.2963691425167635,1.0,318.545296,-0.29625,10.0,False,False,True,0.0025137714348525877,-0.002264044182390155,-4.1379136441913565e-05,-0.002222665045948242,0.002897021925415131,0.0050710150090675764,0.42500000000000016,0.0047778156172427425,0.0031012152282816553,200,1.0,False,0.0,0.1404772387223141
psc120143,Pan-STARRS,1093,45,0.1740977146375708,39.35340300447971,0.1422259926692034,1.0,163.6824375,58.6265639,9.16,False,False,True,0.0001171897397523884,-0.00029778345438568113,-0.00029778345438568113,0.0,0.0009880016816283344,0.0006482523035896826,0.17500000000000004,0.0004149731941380695,0.00032883651678840053,200,1.0,False,0.0,-0.24134409717980906
psc340347,Pan-STARRS,1162,45,0.2751318682804606,40.74895142677829,0.1900608675005778,1.0,163.3302583,59.3004833,9.88,False,False,True,0.0038102077920493973,0.0019690935846830883,0.00018689175805552548,0.0017822018266275626,0.004545711759803682,-0.004284234361969982,0.275,0.0018411142073663093,0.0015699038685732434,200,1.0,False,0.0,0.0451300998859834
psc360145,Pan-STARRS,1179,45,0.1994013386965605,40.00654303990913,0.1453211331331609,1.0,163.6686333,59.0189917,9.91,False,False,True,0.003190680814838876,0.0024672980647824933,0.002571225597018523,-0.0001039275322360293,0.002696598706750449,-0.0053717796429369035,0.17500000000000004,0.0007233827500563827,0.0005976624878487474,200,1.0,False,0.0,0.0866183261581275
SN2006mv,SDSS,1565,197,0.177062,39.67286587585782,0.1643827685813849,1.0,37.731079,0.946299,9.61,False,False,True,0.0006365905483309714,-0.0005397070052327803,-0.0005962804979953926,5.6573492762612265e-05,0.0017950702000458856,0.001187259900133226,0.17500000000000004,0.0011762975535637517,0.0007541960361195881,200,1.0,False,0.0,0.037826870892775394
1999fk,Tonry03,1984,197,1.057,44.2039432531771,0.2020112047027809,1.0,37.2245,1.273389,9.88,False,False,True,0.006767199484173608,-0.012555074838814687,-0.00771884363078737,-0.004836231208027318,0.0031183899732001794,0.02885672317236243,1.0750000000000002,0.019322274322988296,0.011619795994957667,200,1.0,False,0.0,0.11972678959707056
1999fm,Tonry03,1985,197,0.95,43.5515989112848,0.2487170605013635,1.0,37.648417,1.162028,9.88,False,False,True,0.027408781373124833,0.01019361559076538,-0.008347312155649687,0.018540927746415064,0.05977554252851547,-0.02585591294699656,0.9250000000000003,0.017215165782359453,0.010900441690110356,200,1.0,False,0.0,-0.18166946018153712
SN2007qp,SDSS,1722,260,0.263567,40.42000832617511,0.1872629826580491,1.0,10.701769,0.379731,10.0,False,False,True,0.001310536692065747,-0.0007628353165953963,-0.0003961546152811595,-0.00036668070131423675,0.002220328935109616,0.0016875761180031859,0.275,0.0020733720086611434,0.0015148766551552546,200,1.0,False,0.0,-0.1781383542720336
SN2007sb,SDSS,1731,260,0.210985,39.93922507005264,0.1669771262108459,1.0,10.348955,0.411951,10.0,False,False,True,0.0009447471032586288,-0.00047996819244625565,-0.0004028673486637567,-7.710084378249887e-05,0.0027774273207258424,0.0010530407597788135,0.22500000000000003,0.0014247152957048844,0.0010077549008297411,200,1.0,False,0.0,-0.12017618797851355
2001gy,Amanullah10,3,1,0.511,42.39104442922806,0.1112099561481401,1.0,209.26916666666665,4.516777777777778,9.88,False,False,True,0.005742440660248781,-0.001355867185364991,-0.0003531164356861266,-0.001002750749678864,0.008259150500544809,0.0030801304410202797,0.5250000000000001,0.007098307845613772,0.0047302791314244984,200,1.0,False,0.0,0.11534752724541689
2001hb,Amanullah10,4,1,1.03,44.128791973398755,0.1295813692676899,1.0,209.3,4.340888888888888,9.88,False,False,True,0.023976276798311557,0.00845708408239965,0.01291103879830856,-0.004453954715908912,0.014078411019781027,-0.018329400143493983,1.0250000000000004,0.015519192715911907,0.009931279148539049,200,1.0,False,0.0,-0.04769096651244134
SN2006fr,SDSS,1469,143,0.305691,40.5518571103775,0.2496598117614863,1.0,312.625893,0.398666,10.0,False,False,True,0.0001457133179205788,-0.0038056672542423086,-0.0019414864721495554,-0.0018641807820927534,0.0018019395621892993,0.008369700610602371,0.32500000000000007,0.003951380572162887,0.0030287049748186183,200,1.0,False,0.0,-0.40356390227755895
SN2007kb,SDSS,1621,143,0.136854,39.745039078486975,0.1780477356925404,1.0,313.10294,0.277694,11.32,True,False,True,0.000388416690673597,1.4122673663505823e-05,-0.00024631846965539984,0.0002604411433189057,0.00010079269342156377,-2.9706585244929887e-05,0.125,0.0003742940170100912,0.00025089818507230497,200,1.0,False,0.0,0.6450735475309329
SN2006fk,SDSS,1465,141,0.170628,39.50699583350469,0.1694448376004866,1.0,330.255531,0.716239,10.0,False,False,True,0.0008094991225924909,0.00020860635609232367,0.00020860635609232367,0.0,0.0021220294764524327,-0.0004506632622386141,0.17500000000000004,0.0006008927665001673,0.00034906185404838687,200,1.0,False,0.0,-0.03976837930195762
SN2006iy,SDSS,1511,141,0.203078,39.99403143369956,0.1634966922267191,1.0,330.470112,1.045011,10.0,False,False,True,0.00048589092581802527,-0.0004526790323958738,-0.00040530104042521824,-4.7377991970655374e-05,0.001639362970577596,0.0009947375622426813,0.22500000000000003,0.0009385699582138991,0.0005569921818169663,200,1.0,False,0.0,0.026835144499686978
SN2007ok,SDSS,1685,244,0.164548,39.37750935789108,0.1601070445777044,1.0,37.101109,0.184666,11.09,False,False,True,2.672068227537352e-05,-0.001250239139508836,-0.0010044050784980732,-0.000245834061010763,0.00040283097330281477,0.0027347405164461313,0.17500000000000004,0.0012769598217842095,0.0007580661374229973,200,1.0,False,0.0,-0.08293434114773765
1999fj,Tonry03,1983,244,0.816,43.67686502763977,0.4543108782481914,1.0,37.098833,0.652667,9.88,False,False,True,0.012306777422045152,-0.0019243037669530675,0.0027745478523294054,-0.0046988516192824695,0.012566204548188131,0.004689451080786836,0.8250000000000003,0.01423108118899822,0.010172189653911395,200,1.0,False,0.0,0.2143207926801649
SCP06H3,SuzukiRubin,1976,268,0.8510319087206601,43.71455409033253,0.2637548043285749,1.0,218.62032916666664,34.457394444444446,10.0,False,True,True,0.0018496988153946206,-0.009699430438384862,-0.005775986637362814,-0.003923443801022047,0.005388097718940975,0.021643243528524703,0.8750000000000002,0.011549129253779482,0.007327636189768201,200,1.0,False,0.0,0.1438885812052327
SCP06H5,SuzukiRubin,1977,268,1.2322444451875212,43.94650997403997,0.4179640838439718,1.0,218.6255833333333,34.44925,10.0,False,True,True,0.02950673028923676,0.01106291499452177,0.016465403725756445,-0.005402488731234677,0.004946512349716182,-0.023689963380338852,1.2250000000000005,0.01844381529471499,0.011223044912390763,200,1.0,False,0.0,-0.9321974812354517
SN1998ax,Knop03,2072,282,0.4988466056462646,42.166810291363106,0.2610359095972174,1.0,164.31825,-3.566444,10.0,False,False,True,0.0012872935914395624,-0.0041951966556936365,-0.0030375881832315032,-0.001157608472462134,0.0033616136557397002,0.009311314464663552,0.4750000000000001,0.005482490247133199,0.0030812557273781635,200,1.0,False,0.0,-0.011265665083506238
SN1998ay,Knop03,2073,282,0.6400198758695219,42.538541351111675,0.2294635363298087,1.0,164.339625,-3.247194,10.0,False,False,True,0.004869827685565315,-0.00354530206483168,-0.0009590126184595557,-0.002586289446372126,0.0039542780212865345,0.008056470947528288,0.6250000000000002,0.008415129750396995,0.005363433747182984,200,1.0,False,0.0,-0.3005486061161355
SCP06C0,SuzukiRubin,1972,265,1.0944145873813222,44.19807537212269,0.3188641421368176,1.0,187.35689583333337,1.849052777777778,10.0,False,True,True,0.011393766963479062,-0.0045144291631878195,-0.008061324026091003,0.003546894862903183,0.0076790942586594906,0.010711179263732572,1.0750000000000002,0.01590819612666688,0.009562512803597965,200,1.0,False,0.0,0.021940869766329196
SCP06C1,SuzukiRubin,1973,265,0.9822848128645638,43.84705917792676,0.2783274485980251,1.0,187.3875541666667,1.860186111111111,10.0,False,True,True,0.007722643918575732,-0.005979605868420208,-0.002794980762419838,-0.0031846251060003742,0.014602705248576812,0.01355939467287769,0.9750000000000003,0.01370224978699594,0.008003564974535832,200,1.0,False,0.0,-0.15605704847023588
SN2005jv,SDSS,1437,123,0.420927,42.128892506427455,0.2840040764266727,1.0,40.208828,0.993152,10.45,False,False,True,0.00041545205206238757,-0.0031507852960840892,-0.0028556041507596126,-0.0002951811453244772,0.0021839695131379254,0.00692705932334126,0.42500000000000016,0.003566237348146477,0.0021679459282512212,200,1.0,False,0.0,0.36087694541746845
SN2006nh,SDSS,1572,123,0.369516,41.573288412387456,0.232519503617939,1.0,40.210735,0.658751,10.0,False,False,True,0.0029906645790166906,0.0005635185500791813,0.0007590996532362911,-0.00019558110315711,0.0014381007449945677,-0.0011853009601684571,0.3750000000000001,0.0024271460289375093,0.0013966408249228466,200,1.0,False,0.0,0.1328611834142936
SN2007lk,SDSS,1637,227,0.218814,39.92107648653533,0.1740451241539615,1.0,29.45878,-0.398095,10.0,False,False,True,0.0006471292460887625,-0.001687941833606384,-0.0007612754432732858,-0.0009266663903330983,0.0038991549913427485,0.0036883728585700637,0.22500000000000003,0.0023350710796951465,0.0016763539816235698,200,1.0,False,0.0,-0.2265117086921063
SN2007os,SDSS,1690,227,0.378399,41.73335947774154,0.2510070786004995,1.0,29.411049,-0.522134,6.61,False,False,True,0.0037717657721604387,-0.002461894310231128,-0.0018111549903739592,-0.0006507393198571685,0.007063716978575605,0.005475316381473645,0.3750000000000001,0.006233660082391567,0.004085465049574204,200,1.0,False,0.0,0.23304325795873554
SN2007lm,SDSS,1638,228,0.212263,40.090985714479864,0.1669482525078905,1.0,48.418526,0.629998,10.0,False,False,True,0.0075742977090361855,0.006363978644778371,0.0066296778781888815,-0.0002656992334105108,0.009323697904486635,-0.013956738918301032,0.22500000000000003,0.0012103190642578144,0.0007808030511661789,200,1.0,False,0.0,0.016983590669989043
SN2007mh,SDSS,1653,228,0.127151,38.90030705500092,0.1600622073573111,1.0,48.632347,0.269818,10.0,False,False,True,0.00048046376599580567,0.00015740462998230204,-0.00030080258009888903,0.00045820721008119113,7.554055491776488e-05,-0.00034581914172692764,0.125,0.0003230591360135036,0.00021747226232976562,200,1.0,False,0.0,-0.02731408537917586
SN2006nl,SDSS,1576,203,0.193921,39.890007454311856,0.1691652541337029,1.0,30.436289,-1.03241,10.0,False,False,True,0.003994859615121978,8.429082385096563e-05,-0.0007406855121234416,0.0008249763359744079,0.004839930345497877,-0.00016939875507683035,0.17500000000000004,0.003910568791271012,0.00254959751779451,200,1.0,False,0.0,0.03711257944118865
SN2007jw,SDSS,1617,203,0.13639,38.91728458613327,0.1620030089225897,1.0,30.636435,-1.089188,10.14,False,False,True,0.01273749160387239,0.009768751859021377,0.0013621772366463729,0.008406574622375006,0.0033705997605919732,-0.02137039456355462,0.125,0.0029687397448510114,0.001964552661896674,200,1.0,False,0.0,-0.1747049802335368
SN2006fv,SDSS,1472,144,0.130868,38.852774537998854,0.1603543233065121,1.0,20.407839,0.414533,10.0,False,False,True,0.00013340983154546153,-0.0006686899149488762,-0.0005080638943039035,-0.00016062602064497263,0.0002831745488855091,0.001458770956661578,0.125,0.0008020997464943377,0.0005368257974723192,200,1.0,False,0.0,-0.14228438848225405
SN2007ka,SDSS,1620,144,0.216737,40.18542859677174,0.1717464574837459,1.0,20.344587,-0.014803,10.0,False,False,True,0.0005870805821741156,-0.0014732080575818427,-0.0011456721937084043,-0.00032753586387343795,0.0024173559117716442,0.003223875813885212,0.22500000000000003,0.0020602886397559582,0.0013817805858569387,200,1.0,False,0.0,0.060946999631328255
SN2006hw,SDSS,1506,163,0.138717,39.33388441484421,0.1608646612249668,1.0,48.264305,-0.471626,10.67,False,False,True,0.0003335823179583378,-0.00036320281601521376,-0.0003513854275680054,-1.1817388447208185e-05,0.0008826209362598801,0.0007937835631018151,0.125,0.0006967851339735515,0.0004740188670338827,200,1.0,False,0.0,0.20214840535770975
SN2007nu,SDSS,1679,163,0.278216,40.760436432766035,0.18468285099342,1.0,47.959118,-0.692416,10.0,False,False,True,0.0014771771776268497,-0.0007413459103701333,-0.0005509276096373468,-0.00019041830073278625,0.001450580819155585,0.0016424532793189017,0.275,0.002218523087996983,0.0015307617595410284,200,1.0,False,0.0,0.029128410112515563
SN2006nu,SDSS,1581,205,0.196541,40.11861463085406,0.1712052916320974,1.0,340.829157,0.262909,10.97,False,False,True,0.001040270181872741,-0.000968997048419397,-0.0002893316505778855,-0.0006796653978415117,0.002594369551255191,0.002122535387384255,0.17500000000000004,0.002009267230292138,0.0014050819011763413,200,1.0,False,0.0,0.23345783676054646
SN2007lp,SDSS,1641,205,0.174828,39.849290719855,0.1649186700217131,1.0,340.92091800000003,0.42138,11.02,False,False,True,0.0034954247081575495,0.0017809817907540547,-0.0005027052399675367,0.0022836870307215915,0.004562306412585824,-0.003881959308672756,0.17500000000000004,0.0017144429174034948,0.0011915432166411926,200,1.0,False,0.0,0.24455819698082928
SN2006km,SDSS,1541,183,0.299356,40.70170531377528,0.1915422484662478,1.0,35.158035,0.348378,10.0,False,False,True,0.0017697689407025956,-0.00033941888693390606,-0.000274122251995406,-6.529663493850003e-05,0.004673667053682062,0.0007576961483320268,0.275,0.0021091878276365016,0.0012008690477807707,200,1.0,False,0.0,-0.21075413036664245
SN2007pe,SDSS,1701,183,0.303942,40.7907241195125,0.1929246443422756,1.0,35.266689,0.496411,10.0,False,False,True,0.0011174976022201668,-0.0011027528286640929,-0.0009447028893846713,-0.00015804993927942188,0.0025456325475640266,0.0024391665423659768,0.32500000000000007,0.0022202504308842597,0.0012636253263399288,200,1.0,False,0.0,-0.15044609948912802
SN2006kj,SDSS,1538,182,0.210825,39.873098500844186,0.1668061635366078,1.0,51.136692,1.022365,10.0,False,False,True,0.00036535438216936037,-0.0008613462973663325,-0.0005835081777364457,-0.00027783811962988703,0.0011257311718386306,0.0018871089485092657,0.22500000000000003,0.001226700679535693,0.000688224598471635,200,1.0,False,0.0,-0.18446901265786236
SN2007mi,SDSS,1654,182,0.128366,38.91857576627418,0.1613881194162799,1.0,50.881317,0.666634,9.64,False,False,True,0.002822335211857797,0.0025260799227953675,0.002528094109959577,-2.014187164209261e-06,0.0024268704749805677,-0.005564668487900047,0.125,0.00029625528906242925,0.0001289995516633227,200,1.0,False,0.0,-0.03129110807765441
SN2006pb,SDSS,1596,209,0.173568,39.62323186360773,0.169955232837711,1.0,11.68145,-1.032905,11.05,False,False,True,0.005822902941790732,0.0025823822463829043,-0.0006621279539456876,0.0032445102003285913,0.010415002381997216,-0.005691738721801294,0.17500000000000004,0.0032405206954078274,0.0020064641019697043,200,1.0,False,0.0,0.035752192610342154
SN2007ma,SDSS,1647,209,0.106377,38.3924011931931,0.1596620737134193,1.0,11.223947,-0.997054,10.0,False,False,True,0.0036044678606028664,0.003063232106741108,0.003063232106741108,0.0,0.0022302977466905896,-0.00666676611536046,0.125,0.0005412357538617582,0.00024913217895024904,200,1.0,False,0.0,-0.12015068903998978
SN2007hz,SDSS,1600,212,0.138109,38.96333709371184,0.161713181259645,1.0,315.787289,-1.029184,11.04,False,False,True,0.002379958975404972,0.002138096712601124,0.0021438263346390336,-5.729622037909707e-06,5.6220067544008236e-05,-0.004675472498566214,0.125,0.00024186226280384793,0.00018033884311240887,200,1.0,False,0.0,-0.15807473954991164
SN2007ko,SDSS,1623,212,0.205146,40.241647058813435,0.1892345049709219,1.0,316.093201,-0.898024,10.0,False,False,True,9.018218938482783e-05,-0.0007994440525940858,-0.0006554251577536948,-0.00014401889484039117,0.0014719353464506331,0.0017433097789730204,0.22500000000000003,0.0008896262419789137,0.0006438323125562933,200,1.0,False,0.0,0.2500176819645662
SN2006iz,SDSS,1512,167,0.135051,39.20015541975984,0.1663767714328439,1.0,319.071644,0.559492,9.28,False,False,True,1.660929784431575e-05,-0.00015356261961059337,-0.00013004498093661943,-2.3517638673973962e-05,4.712279993686115e-05,0.0003344421107897052,0.125,0.00017017191745490913,0.00013871128129145705,200,1.0,False,0.0,0.13132649613913688
SN2007pc,SDSS,1699,167,0.136869,39.072920186268085,0.1635123341745138,1.0,318.956097,0.651289,10.0,False,False,True,0.0001174363454353103,-6.893561636948708e-05,-3.9273357403062645e-05,-2.966225896642446e-05,0.0002470432422106968,0.0001506852539161815,0.125,0.00018637196180479738,0.00015256140653915938,200,1.0,False,0.0,-0.027302764157441553
SN2006hs,SDSS,1502,159,0.251036,40.5896992097709,0.1996193593324279,1.0,39.020218,-0.994179,10.0,False,False,True,0.0018881258573372071,0.0007758144212059925,0.0009821281129356926,-0.0002063136917297001,0.00019099070198136606,-0.0016794443535342604,0.275,0.0011123114361312146,0.0008958250785249697,200,1.0,False,0.0,0.11101484249506922
SN2007ns,SDSS,1677,159,0.366275,41.55911278319414,0.2442675487906198,1.0,39.26236,-0.866615,10.0,False,False,True,0.0012775117872585626,-0.002986494307318295,-0.0010115500911324197,-0.001974944216185876,0.00312292800569836,0.006582645382776824,0.3750000000000001,0.0042640060945768575,0.002669386200420237,200,1.0,False,0.0,0.1408695174418088
SN2006fx,SDSS,1473,145,0.222864,40.38445197165322,0.1700925343924413,1.0,341.567326,0.415896,10.0,False,False,True,0.000981168933725347,-0.0013035700108459528,-0.0010394766567965218,-0.00026409335404943064,0.004096588516945211,0.002852334795622773,0.22500000000000003,0.0022847389445712998,0.0014072531107159707,200,1.0,False,0.0,0.19238694205670898
SN2007pi,SDSS,1703,145,0.30041,40.60630581076737,0.2178464234681119,1.0,341.705549,0.75629,10.0,False,False,True,0.0023266004046075517,-0.0013915161109977654,-0.0018126928478295642,0.00042117673683179837,0.0022224318195569956,0.003097672552235575,0.32500000000000007,0.003718116515605317,0.0024314903017963914,200,1.0,False,0.0,-0.30585286803325346
SN2006hf,SDSS,1492,154,0.208521,40.02616480556683,0.1676232642539804,1.0,345.218732,-0.981143,10.0,False,False,True,0.0002430559280468154,-0.0005524349047128468,-0.00021689224339437017,-0.00033554266131847663,0.0010448704167755562,0.0012091367710677192,0.22500000000000003,0.0007954908327596622,0.00045293523129804215,200,1.0,False,0.0,-0.004852510496020269
SN2006oc,SDSS,1586,154,0.2682,40.7969911542796,0.2122350694143629,1.0,345.701446,-0.876422,10.0,False,False,True,0.0009880543916833046,-0.0008271854057792243,0.0003054829055194416,-0.0011326683112986658,0.0025866832502409874,0.0018249503310206801,0.275,0.001815239797462529,0.0012677313023282707,200,1.0,False,0.0,0.15600451115706007
SN2006hd,SDSS,1490,152,0.296828,40.702882105935615,0.1938392650913337,1.0,326.01478199999997,0.726284,10.0,False,False,True,0.006558992687870807,0.004880531613108531,0.0049213349527131665,-4.080333960463473e-05,0.0025804050781243547,-0.010642938998668618,0.275,0.0016784610747622752,0.0010530382640356675,200,1.0,False,0.0,-0.1885494831084786
SN2007oq,SDSS,1688,152,0.353459,41.15452643890429,0.2347937753645203,1.0,325.62812,0.984606,10.0,False,False,True,0.0032764439425743684,0.0007223597551684006,0.0008668318827990606,-0.0001444721276306601,0.002725497079562145,-0.0015185511484014326,0.3750000000000001,0.0025540841874059678,0.0015979326202017578,200,1.0,False,0.0,-0.1741717715084104
SN2006na,SDSS,1567,198,0.315818,40.95771713126571,0.2059324537624166,1.0,32.829441,-0.998258,10.0,False,False,True,0.019197312647884955,0.013655627103361014,0.007504905980476289,0.006150721122884725,0.018874079103055715,-0.030266617272859026,0.32500000000000007,0.00554168554452394,0.004004861274539951,200,1.0,False,0.0,-0.07876389525767759
SN2007je,SDSS,1607,198,0.159994,39.38940507607314,0.1628182440812596,1.0,32.947124,-0.912429,10.0,False,False,True,0.0002309227822080322,-0.000688438100465427,-0.000688438100465427,0.0,0.0003671827377123109,0.001503059859772601,0.17500000000000004,0.0009193608826734592,0.0007604109728381139,200,1.0,False,0.0,-0.004409203975843406
SN2007lc,SDSS,1633,225,0.113643,38.46745406889688,0.1599856667734939,1.0,12.287929,0.596957,10.45,False,False,True,9.251662337311134e-05,-0.0003773929562765868,-0.0003773929562765868,0.0,0.00014779201619119145,0.0008233528587680309,0.125,0.0004699095796496981,0.00027023086885455703,200,1.0,False,0.0,-0.19836069528479922
SN2007mb,SDSS,1648,225,0.189307,39.78626461146332,0.1715132227539872,1.0,12.547336,0.675423,10.92,False,False,True,0.0029092691353457462,0.001464056773074646,0.0018074368022904155,-0.0003433800292157695,0.0030589269461279932,-0.0031739360890183713,0.17500000000000004,0.0014452123622711002,0.0008347140582913902,200,1.0,False,0.0,-0.008816075767914294
SN2006gn,SDSS,1483,150,0.102644,38.55718613674158,0.1607539487629635,1.0,347.826783,0.504606,10.0,False,False,True,0.0027119216087249038,0.0017709426372798523,0.0017709426372798523,0.0,0.004874616535526337,-0.003858594466657897,0.125,0.0009409789714450514,0.0004876408701288012,200,1.0,False,0.0,0.12727489775298156
SN2006nm,SDSS,1577,150,0.309382,40.921709496237824,0.244615116057271,1.0,348.16409,0.266932,10.73,False,False,True,0.011414501980504161,0.007376016862991107,0.0069091526715325206,0.00046686419145858856,0.010333117687240148,-0.016151697636443522,0.32500000000000007,0.004038485117513054,0.002989116678287676,200,1.0,False,0.0,-0.06353960436018492
SN2006gh,SDSS,1480,148,0.246425,40.39293340547241,0.1894252335972819,1.0,13.695609,-0.250863,10.15,False,False,True,0.000604944055532712,-0.002483779941937799,-0.0015693785719896596,-0.0009144013699481394,0.0017232117550381402,0.0054563845927342765,0.22500000000000003,0.003088723997470511,0.00209302745634189,200,1.0,False,0.0,-0.0439094208221303
SN2006nc,SDSS,1569,148,0.123356,38.73595394111957,0.15958609785128,1.0,13.843731,-0.388811,10.0,False,False,True,6.405907581706921e-05,-0.0004304969688265673,-0.0004244811802866243,-6.015788539942844e-06,0.0005032601442866832,0.000938180848253587,0.125,0.0004945560446436365,0.0003306367265384429,200,1.0,False,0.0,-0.1208707408915984
SN2006gu,SDSS,1486,151,0.236702,40.20915161571084,0.1834911711586701,1.0,10.162345,-0.073567,10.0,False,False,True,0.0005075470357472894,-0.001898051873147137,-0.0011106839509448826,-0.0007873679222022545,0.00045844850473265457,0.004155242351363849,0.22500000000000003,0.0024055989088944264,0.001634210408215909,200,1.0,False,0.0,-0.1294241738247362
SN2007ji,SDSS,1608,151,0.177685,39.450646634742085,0.1691535259191141,1.0,9.701524,-0.179249,10.0,False,False,True,0.00042813945929637455,-0.0009510919167567916,-0.0004466962950215848,-0.0005043956217352069,0.0008545211485813683,0.0020826196654694287,0.17500000000000004,0.0013792313760531661,0.0009877515445556018,200,1.0,False,0.0,-0.19278042462842768
SN2005lf,SDSS,1449,131,0.299222,41.08304783414805,0.2930874950373669,1.0,349.675398,-1.204882,10.0,False,False,True,0.0024175292454354904,2.091022708404066e-05,-0.0003587791757907535,0.0003796894028747944,0.003693892052451249,-2.899336395766755e-05,0.275,0.0023966190183514497,0.001615424042512157,200,1.0,False,0.0,0.17169886683761162
SN2006hk,SDSS,1497,131,0.287424,40.91242457999419,0.1852179578010116,1.0,350.123089,-1.157847,10.0,False,False,True,0.0007439513514015655,-0.0012950202705187732,-0.0009681612049174933,-0.0003268590656012797,0.002302461525273561,0.0028331971731660596,0.275,0.0020389716219203387,0.0014366391523750002,200,1.0,False,0.0,0.10069842034340139
SN2005ii,SDSS,1411,107,0.29353,40.907652729340086,0.1987773973122694,1.0,3.265553,-0.620118,10.72,False,False,True,0.0011900398166465888,-0.0004801417203771424,-0.0006612353023554415,0.00018109358197829938,0.002704441001318816,0.0010462296011560842,0.275,0.0016701815370237312,0.0010218476819752855,200,1.0,False,0.0,0.04390442381692152
SN2006nv,SDSS,1582,107,0.284337,40.67641804482479,0.1953854920757048,1.0,3.12444,-0.977309,10.0,False,False,True,0.002571459941517632,0.0009855506260327347,-0.0009266229950775052,0.0019121736211102404,0.0038984610492622893,-0.002143365289744414,0.275,0.0015859093154848973,0.0009698402769127441,200,1.0,False,0.0,-0.10861687555671738
SN-SDSS1688,SDSS,1339,64,0.357669,41.30641840394931,0.2864366222258144,1.0,321.35775,0.324543,10.5,False,False,True,0.0004766858623502013,-0.0015877848820632636,-0.001299490782729335,-0.00028829409933392837,0.002395195124317683,0.0034868119851225545,0.3750000000000001,0.002064470744413465,0.0017125396091574518,200,1.0,False,0.0,-0.05202251934934849
SN2005iy,SDSS,1419,64,0.402761,42.11752866002181,0.3377087852099674,1.0,321.216438,0.385616,10.0,False,False,True,0.013678829722100671,0.011228266229987106,0.011545637089777665,-0.0003173708597905585,0.012186757229739532,-0.024668764834284027,0.42500000000000016,0.0024505634921135645,0.002002082084595512,200,1.0,False,0.0,0.4614903431379766
SN2005gd,SDSS,1374,88,0.159901,39.31896191255347,0.1625872515294225,1.0,26.962612,0.6406,10.0,False,False,True,0.004324612123600969,0.0037074893075223323,0.0037074893075223323,0.0,0.006545469507806247,-0.00810262296000768,0.17500000000000004,0.0006171228160786367,0.0004390504507285748,200,1.0,False,0.0,-0.07347330217742273
SN2006gv,SDSS,1487,88,0.197858,40.46467883264859,0.2002126925716397,1.0,27.151546,0.328219,10.0,False,False,True,0.005600753698929196,0.004583047464659546,0.004604646495447133,-2.1599030787587487e-05,0.004405598705261729,-0.00999796816240696,0.17500000000000004,0.0010177062342696499,0.0007344110607536136,200,1.0,False,0.0,0.5634556369642032
SN2005fz,SDSS,1370,86,0.12303,38.80978523924102,0.1642192874260104,1.0,315.921719,0.569566,10.0,False,False,True,0.0004110177297653279,-0.0001067664128700577,-0.0001067664128700577,0.0,0.0007706296084319397,0.00023807350887321721,0.125,0.0005177841426353856,0.00023798288190318261,200,1.0,False,0.0,-0.040862450873882475
SN2007qk,SDSS,1719,86,0.301646,40.795233111218934,0.2559867172519112,1.0,315.808842,0.457351,10.0,False,False,True,0.005404904151665963,0.0020826456582178337,0.002791990327911209,-0.0007093446696933745,0.003649431168435999,-0.004498457201709282,0.32500000000000007,0.0033222584934481294,0.0022687946908587124,200,1.0,False,0.0,-0.1271137052486656
SN2005fw,SDSS,1367,83,0.143104,39.17302996808952,0.1607905006917191,1.0,52.704308,-1.238076,10.0,False,False,True,0.0023323760544202545,0.0015111331778096438,0.0015156677504739537,-4.534572664309867e-06,0.001743944149532429,-0.0032985139188144645,0.125,0.0008212428766106106,0.0005891285902742612,200,1.0,False,0.0,-0.03196468009931548
SN2005hs,SDSS,1395,83,0.300212,40.86262384612199,0.2126547254234437,1.0,52.341984,-1.094704,9.73,False,False,True,0.0007624684065392292,-0.0020374375686644944,-0.0020672957855627488,2.9858216898254807e-05,0.002820675863684597,0.0044770129342774035,0.32500000000000007,0.0027999059752037234,0.001961999850365311,200,1.0,False,0.0,-0.04789914798428664
SN2005fp,SDSS,1361,81,0.211788,40.53931730682084,0.2046619947564839,1.0,6.807123,1.120598,11.17,False,False,True,0.0004377630047819918,-0.0006748872039019891,-0.0006238415194133513,-5.104568448863791e-05,0.0020847076099433518,0.0014739987432581254,0.22500000000000003,0.0011126502086839809,0.0007236077824146004,200,1.0,False,0.0,0.4707323984497992
SN2006kk,SDSS,1539,81,0.384917,41.69561332225693,0.2517463372257487,1.0,6.916098,0.649507,10.0,False,False,True,0.0033410020070664594,-0.001011138858928902,-0.002148901340293827,0.0011377624813649248,0.006192496840290364,0.0022314767544414733,0.3750000000000001,0.004352140865995361,0.0029601758597238795,200,1.0,False,0.0,0.15217771973138555
SN2005fj,SDSS,1357,79,0.1407,39.2878901060895,0.165492323159888,1.0,317.836819,-0.445333,10.0,False,False,True,5.90249591756848e-06,-0.0005903940883168569,-0.0005903940883168569,0.0,3.901824188189409e-05,0.0012878707577086324,0.125,0.0005962965842344254,0.00036428324136720527,200,1.0,False,0.0,0.12277449681028546
SN2006mz,SDSS,1566,79,0.244357,40.29670636986833,0.1855407385736393,1.0,317.645042,-0.12322,10.0,False,False,True,0.0019286524727776355,0.0005325459992668547,-0.00016558700130606618,0.0006981330005729205,0.0029451469330371675,-0.0011514471760878664,0.22500000000000003,0.0013961064735107808,0.0011225859134603158,200,1.0,False,0.0,-0.1195404448265532
SN-SDSS20088,SDSS,1341,66,0.243149,40.29026244635384,0.1645023502421163,1.0,13.205203,0.6315,10.0,False,False,True,0.0006093051179334928,-0.0013230651495693426,-0.0011221799441013132,-0.0002008852054680298,0.0019858536021600355,0.002901831844692937,0.22500000000000003,0.0019323702675028355,0.0012376813014250269,200,1.0,False,0.0,-0.11387859942568042
SN2006ga,SDSS,1476,66,0.234759,40.217946802403624,0.1776122097757157,1.0,13.234693,0.447858,10.33,False,False,True,0.0002688613986050974,-0.0015345181688144307,-0.0013164312762761242,-0.00021808689253830646,0.0018413376625263055,0.0033594557375314815,0.22500000000000003,0.001803379567419528,0.0011404286248272756,200,1.0,False,0.0,-0.10054424526515333
psc490037,Pan-STARRS,1244,53,0.4246596137745251,41.65190421575168,0.1880413738520157,1.0,149.9571958,0.8166167,11.42,False,False,True,0.06596561725496354,0.05908574893638842,-0.00048607148042050267,0.05957182041680892,0.004766843251622644,-0.13306517821089053,0.42500000000000016,0.006879868318575125,0.004074911763522966,200,1.0,False,0.0,-0.13856102279433946
psc590002,Pan-STARRS,1296,53,0.2003948260806509,39.9617870130726,0.1457157513967911,1.0,149.5448583,0.8783056,11.27,False,False,True,0.0015096409776385507,-0.001305441341943037,-0.0008455659506166468,-0.00045987539132639034,0.002904675223656623,0.0028742663790351287,0.22500000000000003,0.0028150823195815878,0.0018543300253771782,200,1.0,False,0.0,0.026638905213134764
SN2005gw,SDSS,1387,94,0.275441,40.67707413294448,0.1975228772869064,1.0,354.498314,0.642106,10.0,False,False,True,0.0014824202309494973,-0.0011779866072541677,-0.0010632100320040901,-0.00011477657525007725,0.001867462696738863,0.002614098300627532,0.275,0.002660406838203665,0.002092047678766035,200,1.0,False,0.0,-0.029515091833812495
SN2007pw,SDSS,1713,94,0.242669,40.42626041920329,0.1894131585958412,1.0,354.394368,0.248099,10.68,False,False,True,0.0007860527141955926,-0.0014829056640861737,-0.0014256155662758668,-5.729009781030687e-05,0.0037367331622646122,0.003253410719792932,0.22500000000000003,0.0022689583782817663,0.0017773417627173274,200,1.0,False,0.0,0.026945086223230705
psc160066,Pan-STARRS,1115,48,0.531757715042072,42.70996771524913,0.2755066218248888,1.0,186.58815,46.595925,9.21,False,False,True,0.003555689819832934,-0.001976296845188596,0.000508430955178408,-0.002484727800367003,0.005116731874446137,0.004420911269638884,0.5250000000000001,0.00553198666502153,0.003945682988359215,200,1.0,False,0.0,0.33165300263915565
psc370498,Pan-STARRS,1189,48,0.2615686266319308,40.618749935041784,0.1460861104967052,1.0,186.266325,46.8061583,11.63,False,False,True,0.0011829776396482324,-4.960141869576819e-05,-0.000719932983346282,0.0006703315646505138,0.0020092695735264127,0.00011791231803827927,0.275,0.0012325790583440006,0.0009023357882728866,200,1.0,False,0.0,0.03929717945635771
psc091869,Pan-STARRS,1065,42,0.2872282380732514,40.81186223725836,0.1554943276511322,1.0,351.9074833,-1.7624528,10.35,False,False,True,0.006597670699201708,0.003854589863142834,-0.0008357550496184633,0.004690344912761297,0.005941929294969214,-0.008406859942239516,0.275,0.0027430808360588738,0.0018418317275411206,200,1.0,False,0.0,0.0018208034217890496
psc310042,Pan-STARRS,1138,42,0.2384868184167616,40.38588106204911,0.2331261552673487,1.0,351.4510792,-1.7232194,11.64,False,False,True,0.00225544614793785,6.230608617716158e-05,-0.000564214606152588,0.0006265206923297495,0.005681474425329536,-0.0001454221980246714,0.22500000000000003,0.0021931400617606883,0.001467579750907654,200,1.0,False,0.0,0.028989830245530188
psc050580,Pan-STARRS,1035,40,0.4510026369982192,41.55736086620109,0.1748133410086233,1.0,212.9907042,52.0718472,10.15,False,False,True,0.0013543574081210622,-0.0035041580883575694,-0.0030447800238583437,-0.0004593780644992267,0.004461128297375032,0.007853585843768877,0.4750000000000001,0.0048585154964786315,0.0026431887318236567,200,1.0,False,0.0,-0.36238003283477827
psc500004,Pan-STARRS,1246,40,0.250925899715356,40.29183142398827,0.1533901228972657,1.0,213.023325,51.6738889,9.15,False,False,True,3.9199043357037994e-05,-0.0007365213228609693,-0.0007289290299906125,-7.592292870356721e-06,0.0005709970798350758,0.001613587458001497,0.275,0.0007757203662180072,0.00034070935101202144,200,1.0,False,0.0,-0.18577905593393226
psc030006,Pan-STARRS,1017,36,0.5032591817957657,42.05362076354541,0.2708750389446099,1.0,162.5245125,58.7774194,9.52,False,False,True,0.0005285268404048699,-0.0024627647243898837,-0.0015406672261992537,-0.00092209749819063,0.0034277566405297067,0.005413134809330194,0.5250000000000001,0.0029912915647947536,0.0019303612176850876,200,1.0,False,0.0,-0.1828025069962483
psc350630,Pan-STARRS,1175,36,0.3057547639787039,40.91696197811425,0.1467695106783368,1.0,162.4043042,58.9533444,11.15,False,False,True,0.0008599460227175156,-0.00016969971800759288,-9.175610279072832e-05,-7.794361521686463e-05,0.0014596790286666615,0.0003786568140671199,0.32500000000000007,0.0010296457407251085,0.0008087848362880464,200,1.0,False,0.0,-0.03897715408711146
psc020027,Pan-STARRS,1010,31,0.1105788373813174,38.60289209151728,0.1457432346917727,1.0,186.3361583,46.0152083,10.75,False,False,True,0.015314343458523234,0.014216350301431426,0.014216350301431426,0.0,0.005254999442892925,-0.031147989300102027,0.125,0.0010979931570918085,0.0010176208780892947,200,1.0,False,0.0,0.00054565788480547
psc510113,Pan-STARRS,1252,31,0.2916031972277881,40.8137449429341,0.1689002254514015,1.0,186.5827875,46.0665861,8.6,False,False,True,0.0011949896723899072,-0.0020132915006254508,-0.0016015944857831876,-0.0004116970148422633,0.0036137805070086764,0.004435254692511715,0.275,0.003208281173015358,0.002084122957081512,200,1.0,False,0.0,-0.03369633608983678
01308326,DES3_Shallow,424,12,0.3262460754704019,41.138771967510344,0.1151733494272493,1.0,42.270138,0.582344,9.66,False,False,True,0.00022597764230026038,-0.0018216266640286973,-0.001268828509585658,-0.0005527981544430398,0.0014380329867715585,0.003996667043121946,0.32500000000000007,0.0020476043063289576,0.0013983204873728046,200,1.0,False,0.0,0.02129819232758
SN2005fu,SDSS,1365,12,0.19029,39.978008582645984,0.1686987474378838,1.0,42.633732,0.807796,10.0,False,False,True,8.23297624846814e-05,-0.0003837178535091928,-0.0003776384945812413,-6.079358927951492e-06,0.00020467375928669046,0.0008362837988509784,0.17500000000000004,0.00046604761599387416,0.0003279383122684298,200,1.0,False,0.0,0.17050166549183723
SN2005gv,SDSS,1386,93,0.361934,41.357179637320286,0.2452812972747332,1.0,38.475533,0.280717,9.34,False,False,True,0.0004728076812179995,-0.0018131437740610845,-0.001402636755784365,-0.00041050701827671934,0.0020983417548093054,0.003981450181446468,0.3750000000000001,0.002285951455279084,0.0016471387669151002,200,1.0,False,0.0,-0.03106328296735767
1999ff,Tonry03,1982,93,0.455,42.21468090901816,0.1403263991419068,1.0,38.476625,0.548778,9.88,False,False,True,0.0006708479614642496,-0.0029805395151763633,-0.0018967118497069538,-0.0010838276654694097,0.0025781726368588834,0.0065648075675415925,0.4750000000000001,0.003651387476640613,0.002646079439413998,200,1.0,False,0.0,0.2723973411448385
SN1998be,Knop03,2075,284,0.6455696660919505,42.73263394741585,0.2771831794493929,1.0,206.587042,2.044556,10.0,False,False,True,0.012631810665637316,0.005082485669337854,0.0058258982300576434,-0.0007434125607197911,0.006830226335701013,-0.010967389774150363,0.6250000000000002,0.007549324996299463,0.005276977491022896,200,1.0,False,0.0,-0.12895556160952049
SN1998bi,Knop03,2076,284,0.7416514357424877,42.83263308809672,0.2255044209022647,1.0,206.936333,2.349222,10.0,False,False,True,0.02518230193441609,0.01607925574000539,0.013947241100151315,0.002132014639854079,0.013861462177756738,-0.03546861810647942,0.7250000000000002,0.0091030461944107,0.006275399184642188,200,1.0,False,0.0,-0.3373033670857858
SN2005ie,SDSS,1407,105,0.279228,40.7826841312824,0.1802291830539701,1.0,34.760574,-0.272839,10.56,False,False,True,0.00021919693850216626,-0.0011610467237568299,-0.0011322049631361942,-2.884176062063572e-05,0.0004224731955221252,0.0025520489145900243,0.275,0.001380243662258996,0.0008881826065715689,200,1.0,False,0.0,0.04241829359255702
SN2007ps,SDSS,1710,105,0.248828,40.473401706468245,0.1772213944443872,1.0,34.806366,-0.384841,10.0,False,False,True,4.162193967933736e-05,-0.0010356927653264129,-0.0010354275213739989,-2.65243952414145e-07,0.00028435878262395763,0.002270477280484983,0.22500000000000003,0.0010773147050057502,0.0006796297073941046,200,1.0,False,0.0,0.01282661925267263
SN2005hn,SDSS,1390,96,0.106938,38.5543878028114,0.1623209736542842,1.0,329.2677,-0.223487,10.0,False,False,True,1.1630217471831342e-06,-0.0002044877658873888,-0.0002044877658873888,0.0,1.0166506270161792e-05,0.0004454683015459129,0.125,0.00020565078763457194,8.88346074110975e-05,200,1.0,False,0.0,0.0296548473783375
SN2007my,SDSS,1665,96,0.291136,40.52277242693146,0.1985807677116084,1.0,328.884178,-0.371996,10.42,False,False,True,0.0010258775129455473,-0.0008245277593524176,-6.206644122800373e-06,-0.0008183211152296174,0.0034170233834565802,0.0018114791319201293,0.275,0.0018504052722979648,0.0010965036840473571,200,1.0,False,0.0,-0.3206998224850084
SN2005hr,SDSS,1394,98,0.116348,38.731506008205685,0.159455588457675,1.0,49.640949,0.123341,8.76,False,False,True,1.5136223971730377e-05,-0.00041618462220476893,-0.00041618462220476893,0.0,6.267280458803145e-05,0.0009072950123456192,0.125,0.0004313208461764993,0.0002070662194472236,200,1.0,False,0.0,0.010992844782818187
SN2006lb,SDSS,1554,98,0.181225,39.61338841415051,0.1608930707625223,1.0,49.867435,-0.31803,10.0,False,False,True,0.0006970160636656023,-0.000265461790892549,-0.0003612821246184614,9.582033372591256e-05,0.0018147653126434813,0.0005798467174368124,0.17500000000000004,0.0009624778545581512,0.0006801039144332808,200,1.0,False,0.0,-0.0771869493758752
SN2005hz,SDSS,1402,101,0.129282,38.883516585305614,0.1583258990848871,1.0,11.634153,0.838215,10.0,False,False,True,0.0003295289453342411,-0.0003102597130749353,-0.00012371585245894967,-0.00018654386061598555,0.0002777614807323051,0.0006794337450982702,0.125,0.0006397886584091764,0.00038086195652695554,200,1.0,False,0.0,-0.08299086312389788
SN2005jc,SDSS,1422,101,0.21163,39.95966775538273,0.1660316493549384,1.0,11.351705,1.075577,10.0,False,False,True,0.0002462451310566021,-0.001987977473892726,-0.0012623432993937814,-0.0007256341744989443,0.0007680850053723284,0.004355166818499865,0.22500000000000003,0.002234222604949328,0.001640093598060353,200,1.0,False,0.0,-0.10711271587248745
SN2005id,SDSS,1406,104,0.185002,39.765397145674186,0.1614050959152462,1.0,349.138805,-0.663224,10.17,False,False,True,3.5071695227066844e-05,-0.0005291238798301206,-0.0005291699370968706,4.605726674994468e-08,4.912645201255517e-05,0.0011565135781374488,0.17500000000000004,0.0005641955750571874,0.00038141151681101847,200,1.0,False,0.0,0.025453878782538714
SN2006ln,SDSS,1559,104,0.230491,39.90031801485257,0.1647193353236134,1.0,348.83295,-0.562608,9.83,False,False,True,0.00014468785081607626,-0.0006426717050458415,-0.0006422042051305438,-4.67499915297782e-07,0.0015759328248796478,0.0014050081081016389,0.22500000000000003,0.0007873595558619178,0.0006567835296081966,200,1.0,False,0.0,-0.37350831588768874
SN2005li,SDSS,1452,132,0.256719,40.52822753259222,0.2078404933931861,1.0,335.81435799999997,0.253036,10.0,False,False,True,0.002460774312073273,-0.0008602145582158062,0.0005846526495879162,-0.0014448672078037224,0.009008107626511502,0.001890899403346467,0.275,0.003320988870289079,0.0022052686942058775,200,1.0,False,0.0,-0.00530339167403058
SN2007nk,SDSS,1676,240,0.209304,40.01728944150052,0.1651314985185933,1.0,50.235523,1.058141,10.0,False,False,True,0.004643119631289602,0.004061190071600875,0.004061190071600875,0.0,0.002735279698588184,-0.008853172013756815,0.22500000000000003,0.0005819295596887278,0.0003970946414413598,200,1.0,False,0.0,-0.022781217467018847
SN2007pp,SDSS,1707,254,0.268214,40.71706641862784,0.1955040615116995,1.0,47.754841,0.356752,10.0,False,False,True,0.003709831824704088,-0.000246532795249737,0.0002641654133464376,-0.0005106982085961749,0.010229883326447213,0.0005109958124982182,0.275,0.003956364619953825,0.0028043630184677888,200,1.0,False,0.0,0.07595136303366969
SN2007pn,SDSS,1705,253,0.303835,41.25609047536953,0.2176811818465879,1.0,34.141296,-0.722368,9.68,False,False,True,0.0014473449900655655,0.0002809679288560392,0.0004450345396649826,-0.00016406661080894345,0.0024128927153185616,-0.0006026385834155376,0.32500000000000007,0.0011663770612095263,0.0007599053219845891,200,1.0,False,0.0,0.3157945508006699
SN2007pj,SDSS,1704,252,0.352358,41.59228485745786,0.2548754718357697,1.0,357.29456,0.797875,10.29,False,False,True,0.0012286494966647064,-0.0016020088903322374,-0.0013605439390262568,-0.00024146495130598087,0.005977226779639187,0.0035222629962472383,0.3750000000000001,0.002830658386996944,0.0017685067803115855,200,1.0,False,0.0,0.2714191521680593
SN2007oy,SDSS,1695,250,0.401275,41.341298989033675,0.2421821083241097,1.0,349.481023,1.22284,10.0,False,False,True,0.01028367887418264,0.005876410166502249,0.006554765050165265,-0.0006783548836630175,0.012577870034038232,-0.012894509706874942,0.42500000000000016,0.0044072687076803915,0.00303978346635337,200,1.0,False,0.0,-0.3053726167741622
SN2007ox,SDSS,1694,249,0.201533,39.84118005081828,0.1691663723782508,1.0,341.74198,-0.071822,10.0,False,False,True,0.0016528461275066202,0.0002051405956112679,-0.00010076871003765649,0.00030590930564892434,0.0019728412589353076,-0.0004313046129517427,0.22500000000000003,0.0014477055318953523,0.0009348230233530417,200,1.0,False,0.0,-0.10761096539790856
SN2007ov,SDSS,1692,248,0.313762,41.11636349169611,0.2067359963392619,1.0,40.286488,0.144448,10.38,False,False,True,0.0015579693985458263,0.0009492249022717821,0.0009549369551981631,-5.712052926381132e-06,0.0025503207160231405,-0.0020637946250323244,0.32500000000000007,0.0006087444962740443,0.0003790324089858675,200,1.0,False,0.0,0.09614276055928404
psc020176,Pan-STARRS,1015,35,0.2609145508479955,40.509001303550775,0.1524803084276692,1.0,211.8624,53.3429167,8.79,False,False,True,0.006485545221462657,0.00481093485099543,0.0048474459967735905,-3.651114577816096e-05,0.010894343568003017,-0.010579407585627695,0.275,0.0016746103704672272,0.0013191661397037944,200,1.0,False,0.0,-0.06430412721438204
SN2007of,SDSS,1681,242,0.396541,41.91321085920428,0.3340653980261831,1.0,316.234474,0.060993,10.0,False,False,True,0.0007842056661942707,-0.0033204159868279646,-0.002910498601694604,-0.0004099173851333609,0.0031451791748186328,0.007350090220069985,0.3750000000000001,0.004104621653022235,0.0023396317684044304,200,1.0,False,0.0,0.29453435098076314
SN2007nt,SDSS,1678,241,0.213228,40.030422264736984,0.1779321632458146,1.0,46.682472,-0.754019,10.0,False,False,True,0.017947911972035883,0.014138438514130113,0.014401782475791308,-0.0002633439616611964,0.00927447267660305,-0.031078095856822877,0.22500000000000003,0.0038094734579057696,0.0034120283627025656,200,1.0,False,0.0,-0.054550791421496284
SN2007nd,SDSS,1669,237,0.26856,40.84767628515208,0.189641459567523,1.0,10.078404,-1.037373,10.48,False,False,True,0.0008329760658444447,-0.0021824341127777112,-0.001522927478932814,-0.0006595066338448965,0.0036830141835775794,0.004848695647547863,0.275,0.0030154101786221557,0.0016932843596626343,200,1.0,False,0.0,0.20338957687911388
SN2007ng,SDSS,1672,239,0.400093,41.61246128201936,0.2853145146814633,1.0,36.408752,0.709571,10.0,False,False,True,0.005883621334486166,0.0017552515705740032,0.0020445542723962727,-0.0002893027018222705,0.007252024094000938,-0.0037742174658308807,0.42500000000000016,0.0041283697639121625,0.0027239305508453956,200,1.0,False,0.0,-0.02673674888049995
SN2007ne,SDSS,1670,238,0.204532,40.000492367257614,0.1688493462436987,1.0,13.509144,1.069021,10.13,False,False,True,0.0016336539403488195,-0.0008686625836088157,-0.0004626451540849256,-0.00040601742952388987,0.003577713668630635,0.0019276358563060387,0.22500000000000003,0.002502316523957635,0.0018440556466531959,200,1.0,False,0.0,0.016093327701115642
SN2007pv,SDSS,1712,256,0.233708,40.656913650325194,0.20929964513559,1.0,329.938124,1.126947,11.46,False,False,True,0.0004993280687060219,-0.0007430935929333746,-0.0006726378365872552,-7.045575634611965e-05,0.0006961974529667326,0.0016299880996838748,0.22500000000000003,0.0012424216616393965,0.0006977043907075494,200,1.0,False,0.0,0.3493510588123615
SN2007nb,SDSS,1668,236,0.276185,40.69198997470289,0.1718906597417819,1.0,351.375258,0.423105,10.0,False,False,True,0.010261342797605653,0.007548059115826679,0.008927661119942528,-0.0013796020041158472,0.004558349580936386,-0.01645756727823879,0.275,0.0027132836817789735,0.0019606757083111925,200,1.0,False,0.0,-0.02124909470307033
SN2007mw,SDSS,1663,235,0.325692,41.06685594691523,0.2388623040894078,1.0,345.761495,0.849165,10.48,False,False,True,0.0013387985296183865,-0.001806450049434422,-0.0002643332074209084,-0.0015421168420135139,0.0039396657816409605,0.003977846426464366,0.32500000000000007,0.0031452485790528085,0.001949407112894999,200,1.0,False,0.0,-0.04637516083766026
SN2007mv,SDSS,1662,234,0.257219,40.56026770644717,0.18405175396476,1.0,8.905735,0.370035,10.0,False,False,True,0.001438154533586295,-0.0004454719014315605,0.00010869334259814211,-0.0005541652440297026,0.0046619043425201,0.0009765141267589757,0.275,0.0018836264350178555,0.0013391329084072446,200,1.0,False,0.0,0.021965243862413626
SN2007lw,SDSS,1646,231,0.285433,40.9966995537222,0.1994109632766897,1.0,354.203771,-0.78223,10.04,False,False,True,0.0005356043506424056,-0.0023399615937615744,-0.0016935520981940652,-0.0006464094955675093,0.0009257100218238823,0.005169187644726401,0.275,0.00287556594440398,0.0017605223467299493,200,1.0,False,0.0,0.20215767790927955
SN2007lu,SDSS,1645,230,0.318042,41.80002762107954,0.2642493450039586,1.0,330.395432,-0.256872,10.16,False,False,True,0.0008240075819149411,-0.0017488924366742043,-0.0016453704465831057,-0.00010352199009109892,0.0020811555514875734,0.003875332196472284,0.32500000000000007,0.0025729000185891453,0.001643773914663311,200,1.0,False,0.0,0.746067618852481
SN2007ls,SDSS,1643,229,0.241847,40.47474225995914,0.17232753867921,1.0,307.116955,0.006237,10.0,False,False,True,7.993628233164904e-05,-0.0013292180054142793,-0.0008377932222840733,-0.0004914247831302057,0.000778741512042259,0.002910690480785283,0.22500000000000003,0.0014091542877459283,0.0011378555988678166,112,1.0,False,0.0,0.0837115358495683
SN2005jg,SDSS,1425,115,0.303538,41.01033355212997,0.1955035992254626,1.0,345.26236,-0.207367,10.0,False,False,True,0.004120787452344782,0.0013656753265936352,0.002752345738046533,-0.0013866704114528974,0.004329625032106597,-0.00294282802022716,0.32500000000000007,0.002755112125751147,0.0015357002102951876,200,1.0,False,0.0,0.07246590170957266
psc050303,Pan-STARRS,1034,39,0.3283939561618896,41.29133550985816,0.1921099838062825,1.0,241.4368042,56.0744167,11.25,False,False,True,0.0004355873358003824,-0.001197180601933839,-0.001150702142623695,-4.6478459310144156e-05,6.609887184724207e-05,0.002627667003415908,0.32500000000000007,0.0016327679377342215,0.0009977524000029361,200,1.0,False,0.0,0.15747781256571136
SN2007pr,SDSS,1709,255,0.331364,41.19443735704843,0.2412985447921933,1.0,346.55429,0.328961,10.0,False,False,True,0.0005837202899044846,-0.0017276390026290816,-0.0014831991431071582,-0.0002444398595219235,0.001818654939188939,0.003790181530608651,0.32500000000000007,0.002311359292533566,0.001781672696332635,200,1.0,False,0.0,0.03808708696056816
SN2007qi,SDSS,1718,258,0.275735,40.750393222027945,0.1954674870939477,1.0,349.119993,-0.098497,10.0,False,False,True,0.00016177298535240207,-0.0006273128896021973,-0.0006268439905660231,-4.6889903617423644e-07,0.0012409608731856988,0.0013713912876609877,0.275,0.0007890858749545994,0.0005403863419259371,200,1.0,False,0.0,0.04117425167683122
SN2007qh,SDSS,1717,257,0.245577,40.40519070922659,0.1789782766067436,1.0,9.878607,1.024336,10.0,False,False,True,0.010354777360297295,0.006602094645957083,0.007003679495994863,-0.00040158485003777993,0.0023914887992492937,-0.014565263647846263,0.22500000000000003,0.0037526827143402114,0.0034485548248541515,200,1.0,False,0.0,-0.023225994441821454
SN2007kt,SDSS,1628,222,0.237751,40.32018451437058,0.1746188167639059,1.0,27.599838,1.172075,10.35,False,False,True,0.0009783660648478968,-0.0019671266488657975,-0.0010305594885378034,-0.0009365671603279938,0.0025390872651857277,0.004353181943105618,0.22500000000000003,0.002945492713713694,0.00188350229713805,200,1.0,False,0.0,-0.029171338568010866
SN1998ba,Knop03,2074,283,0.4313769956432205,42.16108292553877,0.2466576122149118,1.0,205.903833,2.325167,10.0,False,False,True,0.016158198295155815,0.007687027338713456,0.010877955198368573,-0.003190927859655118,0.007060339313165519,-0.016757410469493868,0.42500000000000016,0.00847117095644236,0.005153187042911823,200,1.0,False,0.0,0.33067560224066245
01306991,DES3_Shallow,421,11,0.4217288327608803,41.602488258646986,0.2049774082069199,1.0,8.468144,-42.094757,10.0,False,False,True,0.0013369337824960196,-0.0047866651739947854,-0.002598645619346181,-0.0021880195546486038,0.00171315193648814,0.010617528954661986,0.42500000000000016,0.006123598956490805,0.004226236844291311,200,1.0,False,0.0,-0.17036549849750804
SN1998aw,Knop03,2071,281,0.4417769224156533,41.98345641813732,0.2226421766850439,1.0,164.062583,-4.255972,10.0,False,False,True,0.0047734734484389165,-0.0014931143758780303,-0.0024407401148588896,0.0009476257389808584,0.01287081063199474,0.003245238897646767,0.42500000000000016,0.006266587824316947,0.0043796070505813444,200,1.0,False,0.0,0.09234020782735052
SN1998as,Knop03,2070,280,0.356669857238711,41.28713436000602,0.2239563625345471,1.0,163.48425,-3.652778,10.0,False,False,True,0.0009294035578979192,-0.0017094106674431639,-0.001286536556975311,-0.00042287411046785335,0.0031376387749674143,0.0037654115233100877,0.3750000000000001,0.002638814225341083,0.0017517211463071568,200,1.0,False,0.0,-0.06427734109276002
SN1997ez,Knop03,2069,279,0.779589446060688,43.191982546300096,0.2268367111387299,1.0,125.408875,3.419583,10.0,False,False,True,0.006058862207785717,-0.007192804891962579,-0.0035299747376749896,-0.003662830154287591,0.017991006451932794,0.015913483873478212,0.7750000000000002,0.013251667099748296,0.008921315467750634,200,1.0,False,0.0,-0.07294275122000216
SN1997eq,Knop03,2068,278,0.5379083714629205,42.33108421936659,0.2290638323356522,1.0,74.734667,-3.9915,10.0,False,False,True,0.004980637818494781,-0.005397677284311849,-0.004077892231965032,-0.0013197850523468174,0.010694027654223722,0.012057304754419516,0.5250000000000001,0.01037831510280663,0.007083614992359928,200,1.0,False,0.0,-0.07691294917309409
SN1997ek,Knop03,2067,277,0.8628602004021069,43.24848014702479,0.2342484899078933,1.0,74.048458,-3.690556,10.0,False,False,True,0.012684029161930633,0.0008422099012903011,0.0038963635302945035,-0.003054153629004203,0.017581741811734802,-0.001675941208957258,0.8750000000000002,0.011841819260640332,0.006725779552203794,200,1.0,False,0.0,-0.3585285273874696
1999fn,Tonry03,1986,272,0.477,41.937148280936626,0.0876002964719661,1.0,63.516167,4.298611,9.88,False,False,True,5.996595728180052e-05,-0.0013159400963294288,-0.0006305120262577933,-0.0006854280700716352,0.0015291216318404702,0.002906944560902477,0.4750000000000001,0.0013759060536112293,0.0014755100239869383,84,0.0,True,0.0,-0.12598233245947899
SCP06U4,SuzukiRubin,1980,270,1.0481829715236208,44.44809367650661,0.3604051649610567,1.0,356.372625,-36.54604166666667,10.0,False,True,True,0.03380452272907184,0.01003002753118631,0.00532331712450379,0.004706710406682522,0.04070466357645969,-0.023074198709883864,1.0250000000000004,0.02377449519788553,0.015300189589495387,200,1.0,False,0.0,0.225382292871593
SCP06K0,SuzukiRubin,1978,269,1.4163218044341508,44.33980527332672,0.3917156704417732,1.0,219.53485833333335,34.23835555555556,10.0,False,True,True,0.03725150377200913,0.00958990584668274,0.0188865685127732,-0.009296662666090458,0.005591292312188291,-0.019416461381690675,1.4250000000000003,0.027661597925326388,0.01629105068445067,200,1.0,False,0.0,0.0
SN2005ix,SDSS,1418,113,0.265764,40.492704668851744,0.174973854322231,1.0,310.482822,1.091998,10.0,False,False,True,0.0007266269753279945,-0.0003465604204676226,-0.00026769378141663534,-7.886663905098726e-05,0.0006119931572541242,0.0007656741003272899,0.275,0.0010731873957956172,0.0007962529266811986,200,1.0,False,0.0,-0.1258431836841298
SCP06G4,SuzukiRubin,1975,267,1.3513475046504384,44.554656739885445,0.2527398671448101,1.0,217.3281,34.64371944444444,10.0,False,True,True,0.011743077377097707,-0.008593227386995401,-0.00504041265374788,-0.0035528147332475214,0.015846033903110134,0.019848888099200046,1.3750000000000004,0.020336304764093108,0.0111731972777562,200,1.0,False,0.0,-0.09512427638055732
SCP06F12,SuzukiRubin,1974,266,1.11121050536822,44.710230601985295,0.4567352523170827,1.0,218.1197875,33.536125,10.0,False,True,True,0.017506309660642403,-0.0018422388477970682,0.005347541290443864,-0.007189780138240931,0.0135217568130889,0.005102892586585243,1.1250000000000004,0.01934854850843947,0.010887421149975597,200,1.0,False,0.0,0.35781125898336613
01310395,DES3_Shallow,429,13,0.2889810454691184,40.73632174931981,0.1163751162457175,1.0,36.534325,-6.759992,2.0,False,False,True,0.0007511761903624489,-0.0007460621478910158,-0.000480505859041989,-0.00026555628884902664,0.001756097128980786,0.0016413982345980234,0.275,0.0014972383382534646,0.000857181053728917,200,1.0,False,0.0,-0.08876664495546736
CLF11Ves,MCT,970,20,1.206,45.154693076331725,0.4486266879321938,1.0,322.4275,-7.696583333333333,10.0,False,False,True,0.09665181417247809,0.08025616121379904,0.028937324274159727,0.05131883693963932,0.05112654196835814,-0.1870106452554629,1.2250000000000005,0.01639565295867905,0.010784757676189338,200,1.0,False,0.0,0.33288942785671005
SN2007re,SDSS,1726,263,0.208309,39.72150060768669,0.1872437407178127,1.0,319.395493,-0.523949,10.55,False,False,True,0.00010756398929456455,-0.0010687837968009135,-0.0010216205593112447,-4.716323748966877e-05,0.0006471945044646454,0.002345451168191158,0.22500000000000003,0.001176347786095478,0.0006930467866381347,200,1.0,False,0.0,-0.3070600530301403
SN2007rd,SDSS,1725,262,0.219792,40.10035735094515,0.181314606331599,1.0,311.754547,-0.099328,9.91,False,False,True,0.00017410742345119748,-0.00030708580657948497,-0.00030708580657948497,0.0,0.0006584364974832546,0.0006689660516332073,0.22500000000000003,0.0004811932300306824,0.0003363988518691965,200,1.0,False,0.0,-0.0580406904628515
SN2007qy,SDSS,1724,261,0.227856,40.0071792775086,0.1800525701448236,1.0,28.813671,0.6431,10.0,False,False,True,0.0008052277505770495,-0.0008210941526984432,-0.0006436223855920763,-0.00017747176710636623,0.0009786192699176898,0.0018081341522320393,0.22500000000000003,0.0016263219032754926,0.0011105982598569285,200,1.0,False,0.0,-0.23868736516005212
SN2005ja,SDSS,1421,114,0.326398,40.94512599724614,0.2004732175528035,1.0,358.969331,0.876966,10.0,False,False,True,0.001527000102409099,-0.0017718451157873701,-0.0009018642596656443,-0.0008699808561217263,0.0038978699258907954,0.0039031490677195833,0.32500000000000007,0.003298845218196469,0.0017916990558453948,200,1.0,False,0.0,-0.17350992885343908
SN2007qo,SDSS,1721,259,0.217279,40.142158575793616,0.1885006685917626,1.0,25.756645,-0.945469,10.0,False,False,True,0.0010856226319757606,-0.0004715461294032494,6.035215384579684e-06,-0.00047758134478782934,0.0037129878122802284,0.0010401837243498298,0.22500000000000003,0.00155716876137901,0.000994422601951903,200,1.0,False,0.0,0.011627487962877868
SN2007ku,SDSS,1629,223,0.369762,41.38933580210941,0.2473289691822407,1.0,23.367535,0.524681,11.07,False,False,True,0.0034821734428644737,-0.000571493929540878,-0.0001264947924707687,-0.0004449991370701103,0.0061649727575996465,0.0013364862518210298,0.3750000000000001,0.004053667372405352,0.002096588715746002,200,1.0,False,0.0,-0.05276786318385091
SN2005jo,SDSS,1433,120,0.218347,40.27192944176363,0.1759735852358644,1.0,52.090313,-0.326094,10.0,False,False,True,0.0007999326306159313,-0.001050565926712778,-0.0009751597210287075,-7.540620568407034e-05,0.002648462344065903,0.0023102882217639065,0.22500000000000003,0.0018504985573287091,0.0011736773249529295,200,1.0,False,0.0,0.12951882570409795
SN2007kr,SDSS,1626,221,0.287457,40.81993731134481,0.1924692241599729,1.0,6.364582,-0.839571,10.0,False,False,True,0.0024872598723475435,-0.0009630951058562324,-0.00019042035138740394,-0.0007726747544688282,0.0028406585046942046,0.002145982324762925,0.275,0.003450354978203776,0.0020439082257281763,200,1.0,False,0.0,0.007927258520022759
SN2005fd,SDSS,1351,75,0.261657,40.51958286464977,0.1946162765762004,1.0,323.799046,0.163079,10.2,False,False,True,0.005221623307736644,-0.0003958817107792478,-0.001776275833241693,0.0013803941224624465,0.009252457865284733,0.0009084659274971579,0.275,0.005617505018515892,0.004146748591607984,200,1.0,False,0.0,-0.06069937563796388
SN-SDSS1166,SDSS,1334,59,0.380494,41.314963436627075,0.2714940230841292,1.0,9.355659,0.973274,10.22,False,False,True,0.0017689088140594262,-0.0024517909618205188,-0.0015989354712383766,-0.0008528554905821418,0.0022631714141077494,0.005445994261504747,0.3750000000000001,0.004220699775879945,0.0023253163361566173,200,1.0,False,0.0,-0.19928685355271197
SN-SDSS13689,SDSS,1336,61,0.250289,40.59001263222062,0.1766634984784447,1.0,4.016125,0.807558,10.0,False,False,True,0.0004449888070472587,-0.0013943657583197892,-0.001508076870392779,0.00011371111207298962,0.002997633598988517,0.003048720014348067,0.275,0.001839354565367048,0.0012917878974539748,200,1.0,False,0.0,0.11862287033845843
SN2006jm,SDSS,1520,172,0.327932,41.00320193291064,0.1999587521185426,1.0,343.551104,1.050661,10.88,False,False,True,0.0015184406565121279,-0.0034445299856757892,-0.0023324695482470122,-0.0011120604374287768,0.005783439065235751,0.0075563592312286685,0.32500000000000007,0.004962970642187917,0.004029246510049718,200,1.0,False,0.0,-0.12714038214922618
SN2006jj,SDSS,1518,171,0.260699,40.65777698928272,0.1854136096174939,1.0,314.89504999999997,1.223257,10.0,False,False,True,0.0062908103541688375,0.003536538965391726,-0.0009656989404303528,0.004502237905822079,0.01107678491246538,-0.007773914500877087,0.275,0.0027542713887771116,0.0017991756495789207,200,1.0,False,0.0,0.08650053680046012
SN2006jg,SDSS,1515,169,0.329309,41.40436146763662,0.2620591366106345,1.0,342.11101,-0.435268,10.0,False,False,True,0.0014093204240712446,-0.0017003288542884764,-0.00188473320599898,0.00018440435171050284,0.0024435217393997755,0.0037424489521653928,0.32500000000000007,0.003109649278359721,0.0019995912140554047,200,1.0,False,0.0,0.2635539946521513
SN-SDSS15467,SDSS,1338,63,0.208468,39.903207929322384,0.1674662763381529,1.0,320.01993600000003,-0.177441,10.44,False,False,True,0.00035646482083351896,-0.0008905531484698561,-0.0008902067148827697,-3.4643358708639175e-07,0.0008487549251029157,0.001953878249757862,0.22500000000000003,0.001247017969303375,0.0007195741666156057,200,1.0,False,0.0,-0.12719544043443248
SN2005ju,SDSS,1436,122,0.257598,40.65109709299807,0.192967701226937,1.0,39.116806,0.511273,10.0,False,False,True,0.007603992573512198,0.006650367918305231,0.006878119216582627,-0.00022775129827739619,0.0039797459565566115,-0.014537830351090887,0.275,0.0009536246552069669,0.0004984900452102914,200,1.0,False,0.0,0.1091835228255489
SN-SDSS18839,SDSS,1340,65,0.549726,42.075853646558826,0.4046493081873715,1.0,36.012104,-0.048481,10.0,False,False,True,0.0029280113052326407,-0.0034445005103100022,-0.0017949954685628476,-0.0016495050417471555,0.0032577145330794956,0.007777606898931509,0.5250000000000001,0.006372511815542643,0.004082368931467143,200,1.0,False,0.0,-0.38828701507045527
SN2006hj,SDSS,1496,156,0.225337,40.240439275241854,0.173140527541137,1.0,317.588081,0.93262,10.0,False,False,True,0.0018451865457613837,0.0007519297090556457,0.0007527555789079924,-8.258698523464451e-07,0.006263325026918308,-0.001661748428171034,0.22500000000000003,0.001093256836705738,0.0006935823831478472,200,1.0,False,0.0,0.02158317199546815
SN2005fc,SDSS,1350,74,0.296391,41.25995355863333,0.3692399538365562,1.0,320.413555,0.894656,10.0,False,False,True,0.008719119569756907,0.006190075166657063,0.006751339688118734,-0.0005612645214616702,0.0043142317429957335,-0.013513864880185883,0.275,0.002529044403099844,0.0018558648001187816,200,1.0,False,0.0,0.37217372069588617
SN2006he,SDSS,1491,153,0.213384,40.08627289839197,0.1692299922097322,1.0,331.100487,0.691214,10.0,False,False,True,0.00845183103184437,0.007157347180845826,0.007214649033488388,-5.730185264256332e-05,0.00873528420758487,-0.015685303692186528,0.22500000000000003,0.0012944838509985454,0.0008798904170001831,200,1.0,False,0.0,-0.00046936792141678667
SN2005jj,SDSS,1428,118,0.366604,41.81942717265931,0.2640890227413093,1.0,314.186085,0.408351,10.21,False,False,True,0.0011418594844409807,-0.0027828616906908294,-0.0028867032188659015,0.00010384152817507109,0.0016932847336494912,0.006148918735712226,0.3750000000000001,0.00392472117513181,0.002503581753069102,200,1.0,False,0.0,0.3989236814573988
SN2005jw,SDSS,1438,124,0.379863,41.46095526641742,0.197794664605994,1.0,310.080215,-0.007178,10.16,False,False,True,0.0002445258622404566,-0.0025075099653267662,-0.002250077314098174,-0.0002574326512285918,0.002375473230871897,0.005514323391895481,0.3750000000000001,0.002752035827567223,0.0019914692481912298,200,1.0,False,0.0,-0.049105688966866685
SN2005jy,SDSS,1439,125,0.270906,40.685860007596006,0.1991835828208481,1.0,348.464995,1.256988,10.0,False,False,True,0.00012024111395043934,-0.000884959173830618,-0.000884959173830618,0.0,0.0005462038181181426,0.0019349707875701357,0.275,0.0010052002877810574,0.0007925451598357,200,1.0,False,0.0,0.020167625059410294
SN2005ic,SDSS,1405,103,0.309294,41.034200600172454,0.1864563423620209,1.0,327.786194,-0.842936,10.0,False,False,True,0.0026950515721973906,2.7466263792855477e-05,0.0007746825829956371,-0.0007472163192027816,0.008346651042803174,-7.714070945376555e-05,0.32500000000000007,0.002667585308404535,0.0018433491991898905,200,1.0,False,0.0,0.049658811904360264
SN2006gk,SDSS,1481,149,0.292073,40.82605769472029,0.2572353052419523,1.0,321.347252,-1.033669,10.0,False,False,True,0.0012949626085671335,-0.0005623990071217506,2.1567853939810904e-05,-0.0005839668610615614,0.004098914445014106,0.0012259100114808963,0.275,0.001857361615688884,0.0013833514396269567,200,1.0,False,0.0,-0.025368818800328246
SN2005fx,SDSS,1368,84,0.288898,40.80634840806441,0.2055586492714522,1.0,344.201455,0.401109,10.0,False,False,True,0.002791030752193002,-0.00019136234646008375,0.00039512242820702575,-0.0005864847746671095,0.002548292238051863,0.00045402395873693057,0.275,0.0029823930986530856,0.0018032108024270163,200,1.0,False,0.0,-0.01802899167214365
SN2006ge,SDSS,1478,147,0.278064,40.647841109201075,0.223990160262974,1.0,327.39912400000003,0.001078,10.0,False,False,True,0.0005598365563161525,-0.0006675832637102679,-0.0006675832637102679,0.0,0.00029039987153923243,0.0014624220262848095,0.275,0.0012274198200264205,0.0008005630042306579,200,1.0,False,0.0,-0.0821188667627739
SN2006gb,SDSS,1477,146,0.26451,40.77840914138067,0.2120114885206369,1.0,359.818734,-1.250384,10.0,False,False,True,0.0006345496757147437,-0.0007599397575201726,-0.0007599397575201726,0.0,0.0013136843306854108,0.0016796065673702549,0.275,0.0013944894332349163,0.0008142681180413891,200,1.0,False,0.0,0.17148662518030292
SN2005hw,SDSS,1399,99,0.40946,41.70282495856846,0.2913723740375093,1.0,2.368614,1.154935,10.93,False,False,True,0.0018816777041397138,-0.0012118426112580018,-0.0007002270669678608,-0.0005116155442901413,0.000183833351773645,0.002725942647465001,0.42500000000000016,0.0030935203153977155,0.002080593757654876,200,1.0,False,0.0,0.004956055468847679
SN2005gu,SDSS,1385,92,0.330513,41.195357022262776,0.2195015345317409,1.0,12.237703,-0.90574,10.1,False,False,True,0.0028667034095074657,-0.0003424960435516153,0.0007124689660869283,-0.001054965009638544,0.0027628768835398945,0.0008722558513955675,0.32500000000000007,0.003209199453059081,0.0015545123353798908,200,1.0,False,0.0,0.0454323480587414
SN2005gy,SDSS,1389,95,0.331035,41.02964787124446,0.2294838601196949,1.0,21.528351,0.676858,10.0,False,False,True,0.0020337014724718778,-0.003258077421295936,-0.0024027143713493716,-0.000855363049946565,0.0034556140060061215,0.007217715462997607,0.32500000000000007,0.005291778893767814,0.00395892483876005,200,1.0,False,0.0,-0.1242200523169833
SN2006jv,SDSS,1528,177,0.380037,41.2411358403818,0.2977686731851871,1.0,22.634209,0.219801,10.0,False,False,True,0.005767260730142799,0.002123821146223912,0.003521290398101777,-0.0013974692518778646,0.005540046484223026,-0.004598987181668174,0.3750000000000001,0.0036434395839188873,0.0023273607058438947,200,1.0,False,0.0,-0.27008098072407277
SN2006jw,SDSS,1529,178,0.248522,40.32970393226446,0.1735490982742948,1.0,35.842915,0.819003,10.63,False,False,True,0.0006932147933935143,-0.0014373971133006549,-0.0008652071639507273,-0.0005721899493499274,0.0005269169099794817,0.0031732323727795336,0.22500000000000003,0.002130611906694169,0.001198029641910622,200,1.0,False,0.0,-0.1278608934981787
SN2006jx,SDSS,1530,179,0.394414,41.87002340957567,0.232682758377794,1.0,58.058578,0.292069,10.85,False,False,True,0.010763704379506302,0.007603219588743018,0.007147039466850241,0.0004561801218927774,0.0035878811881618487,-0.016556982062318523,0.3750000000000001,0.0031604847907632837,0.0018056019299660833,200,1.0,False,0.0,0.26496014258678174
SN2006ki,SDSS,1537,181,0.215128,40.51934529054317,0.1838358802521888,1.0,316.642422,-0.647952,10.0,False,False,True,0.0002662030110595412,-0.0014177420835781293,-0.0011267908960048481,-0.0002909511875732809,0.0016606599674927583,0.0031058140359668885,0.22500000000000003,0.0016839450946376704,0.0013732185504642528,200,1.0,False,0.0,0.4129054812832268
SN2005mi,SDSS,1455,134,0.21353,40.10240686077567,0.1822775315290961,1.0,335.261036,-0.748159,10.0,False,False,True,0.0003520478613803363,-0.00047471020830784183,-0.000393886589823467,-8.082361848437504e-05,0.0008821447865766168,0.0010394663033349212,0.22500000000000003,0.0008267580696881781,0.0005474686300713098,200,1.0,False,0.0,0.014009882533310078
SN2006qa,SDSS,1598,211,0.399071,41.56355408791989,0.2872873608903754,1.0,45.290539,-0.026244,10.04,False,False,True,0.001324466975600118,-0.0012947974515329092,-0.0008692530161543083,-0.0004255444353786013,0.0024814060136916075,0.002863751955283901,0.3750000000000001,0.0026192644271330274,0.0016614792792024637,200,1.0,False,0.0,-0.07122680621968243
SN2006pg,SDSS,1597,210,0.301291,40.8756378241056,0.2437413699749839,1.0,51.836304,1.089658,10.0,False,False,True,0.004465094121433104,0.0025042815957139475,0.0029136930683009137,-0.00040941147258696575,0.009157196837404184,-0.005476054396756009,0.32500000000000007,0.0019608125257191567,0.0009436172064561434,200,1.0,False,0.0,-0.0437867489460876
psc160126,Pan-STARRS,1119,49,0.3608300943889413,41.067481167183224,0.1979678591205468,1.0,163.2835333,57.2012611,10.91,False,False,True,0.0041084823873052765,0.0023890731685664796,0.0024529374751821958,-6.386430661571619e-05,0.00817944197615887,-0.005248114442436098,0.3750000000000001,0.001719409218738797,0.0010397224438000183,200,1.0,False,0.0,-0.3130795074501745
SN2006pa,SDSS,1595,208,0.249733,40.49515670955549,0.1707397439616754,1.0,38.099796,-0.713578,10.0,False,False,True,0.0008172102060448969,-0.00024666496618633424,-0.00012063896675433062,-0.0001260259994320035,0.0011475880130413067,0.0005419731622488039,0.22500000000000003,0.0010638751722312312,0.0007368202214273827,200,1.0,False,0.0,0.02569874695891798
SN2006oe,SDSS,1588,206,0.334388,41.24002837266591,0.2339998832297527,1.0,350.362471,1.132483,10.0,False,False,True,0.002428733849027678,-0.004573511811649275,-0.001048068458122752,-0.003525443353526523,0.005300334379444193,0.010140973592253279,0.32500000000000007,0.007002245660676953,0.005156420714386496,200,1.0,False,0.0,0.06096797639883765
psc370329,Pan-STARRS,1182,51,0.4791318377553717,42.24606774978473,0.2126192086756918,1.0,151.3088875,1.7006722,9.64,False,False,True,0.001228272245622729,-0.0028906520088813202,-0.0022552674972588513,-0.0006353845116224683,0.0006038066050066867,0.006404024598743891,0.4750000000000001,0.004118924254504049,0.0029317908980311647,200,1.0,False,0.0,0.17150560498009082
psc470239,Pan-STARRS,1237,52,0.2937387881143414,40.87592613046329,0.1744137926831644,1.0,130.2198375,45.6321444,12.0,False,False,True,0.006377611307412502,0.004564696736787072,-0.0009626567195030538,0.005527353456290127,0.0015292665313803304,-0.009985820244917143,0.275,0.001812914570625429,0.0012655014187007592,200,1.0,False,0.0,0.010416751101142393
SN2006nj,SDSS,1574,202,0.388571,41.95040125248181,0.2659977296594508,1.0,21.117622,0.074385,9.81,False,False,True,0.0017677622502493353,-0.0008447245112595295,-0.0014599533583488282,0.0006152288470892989,0.0006589498808817212,0.0018746373488773413,0.3750000000000001,0.002612486761508865,0.0018888984395474457,200,1.0,False,0.0,0.3830886925633638
SN2005iv,SDSS,1416,112,0.298878,41.09941830928051,0.2117675084435949,1.0,307.936123,0.244757,10.0,False,False,True,0.007694382059208264,0.006247180073722079,0.006236085553560923,1.1094520161156395e-05,0.010133401717864254,-0.013764596280813432,0.275,0.0014472019854861844,0.0012555889540918801,200,1.0,False,0.0,0.19092222725733435
SN2006nb,SDSS,1568,199,0.20548,39.88389579786792,0.167140689415709,1.0,36.722496,-0.32781,10.0,False,False,True,7.661171411556837e-05,-0.0007657817390424803,-0.0007657817390424803,0.0,0.00029680793470623175,0.001676631547372232,0.22500000000000003,0.0008423934531580487,0.00048668437614234923,200,1.0,False,0.0,-0.11165825594846808
SN2005jp,SDSS,1434,121,0.211597,40.0126253279477,0.1725043247707285,1.0,32.459949,-0.061799,9.96,False,False,True,0.002814582207378634,0.0016927728734869038,-0.0003659365264976924,0.0020587093999845964,0.006431326075562309,-0.0037058946311780243,0.22500000000000003,0.0011218093338917303,0.0008788545891127382,200,1.0,False,0.0,-0.053778109314214076
psc510266,Pan-STARRS,1254,54,0.4376895378084386,41.76518370844012,0.1719505126035064,1.0,214.0331625,51.7321167,11.81,False,False,True,0.005150318514869742,0.00025938413488144334,0.0020951961368405403,-0.0018358120019590972,0.005929460575746778,-0.0005917132138233017,0.42500000000000016,0.004890934379988299,0.003092573774236821,200,1.0,False,0.0,-0.10223334171111055
SN2006mt,SDSS,1564,196,0.219346,40.1571883552145,0.1697860663823683,1.0,14.879633,-0.256513,10.8,False,False,True,0.0015019530492074904,-0.0005344613843838737,-2.9499191505430325e-05,-0.0005049621928784433,0.003268891684313792,0.0011737720596074514,0.22500000000000003,0.002036414433591364,0.001402357722591614,200,1.0,False,0.0,0.0037144104959824665
SN2006lr,SDSS,1562,194,0.261294,40.4086578910174,0.184464428118947,1.0,39.720669,0.090127,11.27,False,False,True,0.0012159605401541216,-0.0003125445707499888,-7.153900756626166e-05,-0.00024100556318372722,0.005379503147351952,0.0006802414260972554,0.275,0.0015285051109041104,0.001029946382690867,200,1.0,False,0.0,-0.1682155239974152
SN2006lk,SDSS,1556,193,0.306322,41.006917550513855,0.2074047006369193,1.0,53.019138,-0.100142,10.0,False,False,True,0.0006250424943299636,-0.0014867282450458637,-0.0013672798628744294,-0.00011944838217143398,0.0015879503519855497,0.0032603335788709974,0.32500000000000007,0.0021117707393758273,0.0017293359829614941,200,1.0,False,0.0,0.046373691997980346
psc520041,Pan-STARRS,1262,55,0.5461006007515081,42.70765013166045,0.2116592427234747,1.0,184.1383875,45.9620417,10.67,False,False,True,0.001571360669272658,-0.003635315302308698,-0.0035630989476403466,-7.221635466835258e-05,0.0060666537106100595,0.008031982624139207,0.5250000000000001,0.005206675971581356,0.0031657162373862,200,1.0,False,0.0,0.26061107067329015
SN2006kp,SDSS,1543,185,0.291073,41.2048734581571,0.28990038025038,1.0,32.798561,0.69583,9.37,False,False,True,0.010091087735919,0.008528173843842855,0.008946367141059564,-0.00041819329721670743,0.0006489007030330435,-0.018856381506707934,0.275,0.0015629138920761443,0.0008924039435539138,200,1.0,False,0.0,0.36193687022271614
SN2006ko,SDSS,1542,184,0.360616,41.36256781936882,0.2148136864142444,1.0,22.249809,0.769949,11.98,False,False,True,0.0006715144261761479,-0.0012431957347473748,-0.0006266664679425669,-0.0006165292668048082,0.004155912235036098,0.002718530262767637,0.3750000000000001,0.0019147101609235228,0.0011985093439977924,200,1.0,False,0.0,-0.016500416226817256
psc520062,Pan-STARRS,1263,56,0.3080575742607445,41.22893211569149,0.14918975759119,1.0,244.4513708,54.6333833,10.0,False,False,True,0.0006114294798566685,-0.002067840144359253,-0.001675185366062863,-0.0003926547782963895,0.004355842984730994,0.004545617168643927,0.32500000000000007,0.0026792696242159213,0.00164631698136706,200,1.0,False,0.0,0.2543480194993132
psc560087,Pan-STARRS,1285,57,0.3066053083919786,40.96132555301675,0.1755612573940731,1.0,352.6755042,-1.5559889,11.27,False,False,True,0.0002040354264485193,-0.002563661769148259,-0.002381182330502762,-0.00018247943864549754,0.0009278813882290986,0.005662752420262244,0.32500000000000007,0.0027676971955967783,0.0016009168289756676,200,1.0,False,0.0,-0.0015152003791362324
SN2006nf,SDSS,1571,201,0.385038,42.001187389240926,0.2695614816081272,1.0,0.374834,0.275974,10.0,False,False,True,0.004731697888302967,-0.0005264402317086258,0.0010324650462327015,-0.0015589052779413273,0.003136013561124407,0.0012837503369151747,0.3750000000000001,0.0052581381200115926,0.0034760072288490453,200,1.0,False,0.0,0.4569577504643351
