CID,zHD,rvar_gal_cl,rvar_gal_tot,rvar_cl_cl,rvar_cl_tot,var_zp
2001gn,1.124,2.365250329727829e-06,4.554072166507012e-06,3.2581218462137895e-06,2.5010564774362864e-06,1.5618929620294879e-06
2001go,0.552,6.423223875426552e-08,1.6264682143517384e-07,2.4544788170875622e-05,1.9903512638484186e-05,3.048481837325449e-07
2001gq,0.671,4.3288037660071067e-07,5.244416408537939e-07,9.862448718704701e-07,6.073915798497311e-07,4.6249371430479203e-07
SN2000fr,0.5443745802427791,1.2121299504645948e-06,3.206014621849397e-06,1.7808878549188168e-05,3.386386987770226e-05,2.906745830720748e-07
2001gy,0.511,1.2479355972797773e-06,2.518261972588871e-06,6.850931174058746e-07,1.1581781303296735e-06,1.0239545088540602e-07
2001hb,1.03,5.269626206579737e-05,6.887904657590842e-05,1.776686262897115e-07,2.7184921113449325e-07,4.316213236041669e-07
01248677,0.3501922445086136,5.894064374453335e-11,5.022967057265872e-10,3.103911027090332e-08,2.9835231783358224e-08,1.2865182264496635e-08
01262214,0.6893664114401092,8.834310123431637e-07,1.7256599215816527e-06,4.9541134442265596e-09,7.783293782072885e-09,8.475488050389056e-08
01262715,0.6893601579787407,4.992739265294569e-07,3.0321061224754647e-06,1.0411566457637952e-05,1.736201662149038e-05,8.475258989055545e-08
01285160,0.7493108646697713,1.9213604122526e-07,1.0411297500111522e-06,1.2219769023499448e-07,7.874124462200828e-08,1.0918865721968489e-07
01289600,0.419624763151611,8.837501590494732e-06,1.520767607542696e-05,1.5894710515545083e-07,3.8366768983323036e-07,2.1577572831269597e-08
01292195,0.8292951102052186,5.6829594257805995e-08,2.5869427892401375e-06,6.405691753359044e-07,3.567413247827653e-07,1.4359676281720552e-07
01297465,0.2778763574849618,2.384650349824337e-09,3.139310596557898e-09,2.900913618742264e-10,1.846557359046872e-10,6.675515393220097e-09
01300912,0.3376548014842233,1.0430826304664639e-08,1.3851950605866533e-08,1.382641685325431e-09,5.455677097787948e-09,1.1475406840450855e-08
01302187,0.2195023859032221,3.5892465796173163e-09,1.7174555920860783e-08,8.144119566586101e-11,6.634112222373466e-11,2.4141829610172406e-09
01304442,0.2171112217176234,2.8323859226514425e-08,3.674310597354904e-07,2.4856115699874917e-11,1.632898877324376e-11,2.3304325417413756e-09
01307830,0.3492829284853669,8.305240125715446e-11,3.455584368608942e-10,1.9723832315938128e-07,2.804008995983632e-07,1.27617134987606e-08
01309492,0.3334897113954451,2.2665941403765295e-07,1.8773015709162182e-06,2.130094055340134e-07,1.778878971262586e-07,1.1031280678959766e-08
01309749,0.7892835350418792,5.140081250599573e-05,0.00011451622248635428,4.6781435051179183e-08,1.1969226210674228e-07,1.2681490381193564e-07
01316385,0.1477623141953492,5.592593984329413e-11,9.302761783655591e-10,5.173012430169992e-10,4.494221873946051e-10,4.6400968718102617e-10
01316465,0.3290793407198824,1.3945145672589179e-07,5.514402634205616e-07,6.516165712954924e-10,6.82513549827154e-10,1.0570554357744695e-08
01322979,0.5293829178592093,2.4715306398686218e-05,1.630162501045847e-05,2.2125870723451592e-08,3.5336361769916585e-08,4.30363827562202e-08
01325358,0.7792992563535928,2.1972817673499136e-05,5.6642609368370194e-05,6.352294965721395e-09,2.098784258251805e-08,1.2295011785277167e-07
01329166,0.731618133049192,1.143043856103504e-06,3.105861762173969e-06,2.3871197308454065e-08,3.438718868086679e-08,1.012148907210697e-07
01329196,0.7693264109682705,6.171035652235639e-06,5.860813959678962e-06,8.179550779074221e-07,2.372019256451528e-06,1.1857370085377232e-07
01333438,0.3994509001858017,1.537991586342339e-07,5.876873247140301e-07,1.906620937951896e-09,5.698740031128188e-09,1.8878651507244808e-08
01334707,0.6488328487670945,5.613745724356523e-08,3.910255958004949e-07,2.3749287078959413e-07,3.853730910469672e-07,7.516366969080025e-08
01334879,0.6393497078996211,4.32422192978224e-05,0.00011725613306259251,3.018295879638678e-09,4.2796591530110555e-09,7.35963139882808e-08
01335717,0.3047936508275715,1.8777638826074978e-07,9.124543494389259e-07,5.385756983213676e-08,2.922219418485093e-08,8.57299437281994e-09
01335718,0.6993249699981432,1.939358553685533e-05,4.648562398238285e-05,1.252970700265028e-07,1.6872810526855803e-07,8.844192781011222e-08
01343208,0.4992197631020045,8.959896790629281e-07,1.5502415316544583e-06,9.3532682886589e-06,1.297119534688601e-05,3.668277342091565e-08
01343759,0.5079943476444553,3.237841319546002e-07,9.918609768258068e-07,5.764645716121288e-06,7.372570544153608e-06,3.843092877427275e-08
01346387,0.3444771283396386,3.1939026138748803e-07,1.4473035774628345e-05,6.150172457173536e-07,7.602313841328546e-07,1.2221812016877935e-08
01253039,0.4534672904015684,8.939177173310586e-06,1.711365172412185e-05,6.635209779312029e-09,5.374955287112904e-09,2.7657790620168425e-08
01253920,0.1955625959053246,1.8487131566836934e-08,5.006536077610907e-07,5.3354231670637116e-11,4.5695169661672e-11,1.6423885932313818e-09
01257366,0.2113408050139094,1.0672475075192114e-08,1.1693807612129591e-08,4.879216045585354e-10,5.76521348730669e-10,2.1344128620223414e-09
01283373,0.2075626168390045,9.250064417284128e-08,6.879996945301628e-08,1.6923282624559739e-09,3.217194823319109e-09,2.0107329570973476e-09
01289656,0.5394309791313667,4.848888183358375e-07,1.300930786608109e-05,5.602979061199083e-10,7.957803174466149e-10,4.561570638119762e-08
01290779,0.3895014109010326,1.0984930702738193e-06,3.574576414834594e-06,2.9381483400150142e-08,2.291456397115386e-08,1.7613948782591986e-08
01290816,0.2184506252983489,6.720937977094498e-10,1.3598232195819942e-09,1.8623490819297754e-07,2.315650433266195e-07,2.3771629605577282e-09
01291794,0.3951172942378953,9.24583522021491e-07,5.735596690969166e-06,4.834100061444161e-05,7.610192021626276e-05,1.8322407399606558e-08
01292145,0.4924532810580331,1.8743153096401559e-06,2.3249303549273073e-06,1.5586796930609967e-06,2.834158009999999e-06,3.53624793503291e-08
01295256,0.4424566257593436,1.3752052715271055e-07,4.0370119278201875e-07,2.2571585677391252e-08,8.576541562069091e-09,2.5528358777607388e-08
01299643,0.3800038820377722,6.50271970112828e-06,4.165473635934966e-05,6.186285540543403e-09,9.028224351084612e-09,1.644759686458477e-08
01299775,0.159771595339577,2.888342278141176e-08,4.313160131771377e-08,1.0886860334363459e-10,9.26513348514171e-11,7.10319966619334e-10
01299785,0.3812885853915888,9.9712768510052e-06,2.8400842586266024e-05,3.329375747176678e-08,6.673269869778263e-08,1.6603029423128393e-08
01302058,0.198352591098686,1.0768319274719622e-08,1.2273855518944383e-08,1.677486739879438e-09,1.4604915253796724e-09,1.7247061874777943e-09
01303279,0.1723823922539173,5.893988068712714e-10,8.219780426785426e-09,2.4343241725172223e-10,9.20966328367952e-11,1.025201497120468e-09
01303496,0.1797717401195735,6.906844603375759e-10,1.4228079091732766e-09,6.06460806032182e-08,7.946135650749419e-08,1.214420318689901e-09
01304678,0.2188637677342773,1.3242699424275501e-07,1.6624763201974075e-07,1.2331248787275064e-10,7.882198596804175e-11,2.391670687990251e-09
01306141,0.3324344019641088,0.00010305314996273165,0.00031487318093893524,5.3840220401835966e-08,1.1233427972427762e-07,1.0920144082369481e-08
01306360,0.4494404970812411,2.410758064988828e-07,1.0184012190464413e-06,6.351334497246615e-08,8.417538925097857e-08,2.6869127621109174e-08
01306537,0.4794741368781541,4.717070268247078e-08,1.22632604259184e-07,4.058483135832573e-05,4.3895932501391384e-05,3.289767661912695e-08
01306626,0.4094921716673501,3.6674856889444576e-06,3.315122501783571e-06,7.61434450875008e-09,3.728556341664702e-09,2.019947264637552e-08
01308314,0.4064730178756959,1.8408155243170753e-08,8.049403148475235e-08,5.258865155847677e-08,2.937690062771767e-08,1.9797640597106143e-08
01309288,0.2683535730194786,3.3942505641661673e-07,6.687291059886072e-07,3.067315073663814e-10,6.870334991143092e-10,5.871924568197978e-09
01319821,0.3088129483107464,1.2599535527823128e-08,5.078850332719201e-08,2.2987774384428936e-06,2.0805044885695704e-06,8.87666628025943e-09
01324542,0.5415361344767149,9.617579382200605e-08,5.289600046128557e-07,1.3424108372097896e-06,1.126770591177105e-06,4.6165607214961777e-08
01330426,0.259537986367321,4.25255406632128e-09,1.052502784953028e-08,5.914950538173639e-08,5.215399045719527e-08,5.103635856893627e-09
01335868,0.6194153602058086,2.6112355431252773e-08,1.63824007829576e-07,9.545188955684345e-08,8.633542417282364e-08,6.937982583879209e-08
01337687,0.3195263794466887,9.247108954809245e-09,4.1051515481474807e-07,9.705391134163935e-10,9.361867676813502e-10,9.7119221061474e-09
01337703,0.5334428191518148,3.279234615930409e-06,7.729797963883257e-06,0.0022558686328531556,0.003015428860196466,4.406951678378725e-08
01339392,0.1804691802116129,2.0738896520589812e-09,1.0471048713817457e-08,2.7947315158800393e-09,6.112742469540292e-09,1.2319615566739226e-09
01339450,0.5505268182766645,7.296029145802806e-07,1.8613367614286314e-06,1.869152538171131e-06,8.904589576923135e-06,4.855120296872055e-08
01340454,0.4209903175925114,5.595635118511588e-05,6.087762618688127e-05,1.4893826942426218e-07,2.3664556805997293e-07,2.176677438994083e-08
01343337,0.3389225911319462,3.294571925539459e-08,1.2292442172789357e-07,6.699048279250528e-08,1.6899952868805977e-07,1.161233201422235e-08
01346137,0.3634669357908606,5.378822578964792e-10,2.9497915751158687e-09,2.1807261032518454e-08,2.5038246992355837e-08,1.4423240796763772e-08
01346956,0.3335205606363138,9.986959515655297e-10,3.677873356542186e-09,1.0164495738813857e-07,8.618807853578537e-08,1.1034537934342763e-08
01346966,0.3355455552140733,5.31041563555208e-10,2.564834723485246e-09,1.4240738628999087e-05,1.4193907410592923e-05,1.1249401167862095e-08
GSD10Pri,1.55,3.3872483078167544e-06,8.892064717982237e-06,8.190520903155053e-05,0.0003567499070824909,5.440004153303666e-07
GSD11Was,1.33,5.962302193694062e-07,2.3491067398698224e-06,5.495136685833045e-06,2.0245377261041315e-05,4.226980990018217e-07
psc000006,0.2301334403896844,4.171364772235677e-13,1.915514464988016e-11,3.858179829505201e-09,2.192086055734614e-09,2.9303355619836214e-09
psc090275,0.1391794193022071,9.686254384182294e-12,8.634528923592013e-10,4.981089502113995e-07,4.970145962094022e-07,3.199859437319468e-10
psc091748,0.1440300514103478,8.131593350028131e-07,1.1855126732384256e-06,3.2937412337015605e-14,4.8043180300655684e-14,3.9810213369016617e-10
psc100116,0.447261071198952,2.9830500251418627e-07,5.317265070416046e-06,0.002050443914755818,0.0027058386109075215,2.6447036557393204e-08
psc100206,0.2161201877661951,2.5447719229695837e-09,2.197341693497037e-08,8.762775051013984e-11,5.643984537928407e-11,2.2961549784229364e-09
psc100213,0.2747001874794061,4.784870612045802e-09,4.5942203470436405e-07,9.59856184190953e-09,4.841043023814434e-09,6.458376505452784e-09
psc100405,0.1025792967723935,6.505913257300784e-13,5.646533289586868e-11,1.0774121411777203e-14,1.928726642952623e-14,1.40508610156047e-10
psc110460,0.1991509364362178,8.371937484830446e-11,6.52936285551078e-10,8.391271321292649e-09,2.9675150369496755e-09,1.7486313949638813e-09
psc110478,0.2642185782577821,5.186003134373526e-08,2.6034466779709787e-07,1.4168179146942734e-09,2.8357490267654755e-09,5.504849931656793e-09
psc110536,0.2343409051533131,1.4257473043723429e-08,2.7794212202403835e-07,7.914181040951807e-11,9.216684620843017e-11,3.2045830780996727e-09
psc110567,0.2140107839241873,2.7207100788810866e-05,0.00010275046584606637,3.02133947030568e-09,4.8516936778449915e-09,2.224041150152197e-09
psc120444,0.2990661746687537,4.947032179846078e-08,7.636483014535242e-08,1.4442357380086702e-09,1.5750181082633997e-09,8.149395268658406e-09
psc310146,0.4790204868660583,2.224499785868344e-06,7.095841707412962e-05,2.111943903027783e-07,3.4893728052297247e-07,3.2813136560208435e-08
psc340125,0.3184776953977515,4.789133313280986e-08,9.212737645002601e-08,2.347855699818318e-06,8.24443032555747e-06,9.62850519559066e-09
psc340309,0.1497549825474826,8.645886748899125e-08,8.395111585505926e-08,1.7607907339353966e-09,1.8520014273547862e-09,5.012641698814e-10
psc440005,0.3051010216655478,1.8488915798831174e-07,1.2740368005441072e-06,5.6790207417326884e-08,1.8356512420891294e-08,8.596030676598488e-09
psc440008,0.146155483451543,4.404941328281983e-09,9.737490506794194e-09,7.87678847714126e-11,1.0717808400353397e-10,4.350163021352177e-10
psc440643,0.1891416132556196,4.853801125067465e-10,1.9894456404423245e-08,4.6818741366310074e-11,7.266130209123769e-11,1.4605868386699041e-09
psc450175,0.5190189298887546,3.4243482674953567e-09,6.196284097868705e-09,1.2026916537646925e-06,1.1750843882288252e-06,4.068502990675729e-08
psc460037,0.3025297307182721,2.341741666998395e-08,1.9520251263297333e-07,6.777156114760179e-10,7.761566585516855e-10,8.40427418080126e-09
psc460064,0.2419248922212022,2.2876180021043195e-09,4.992457704532477e-08,7.052290843364081e-10,7.74981306963694e-10,3.729896743542139e-09
psc470008,0.239129293909984,5.781773702082983e-08,3.6162606325230454e-07,3.5540645398371814e-08,3.1007114244047005e-08,3.531618850142521e-09
psc470015,0.337113044100769,1.9535240841539402e-07,2.925753517700799e-07,8.341784388257412e-09,2.3257674719333217e-09,1.141714303054139e-08
psc470110,0.3454622500799968,1.1546736889844134e-06,1.2919890609305824e-06,4.268066745474354e-06,2.6632908763734284e-06,1.2331533448334323e-08
psc550096,0.2231079787494418,2.8316971214724357e-09,1.0045135417683148e-06,3.89580036675492e-08,3.1101571172646525e-08,2.5432641363145005e-09
psc580275,0.3820963378794373,1.3029724558740236e-06,1.7238227826893626e-06,8.24131711252812e-06,1.5956943652255926e-05,1.670113135785705e-08
psc580276,0.3380998787709233,1.8949278536866514e-07,1.4218414390261235e-06,4.6708517508442895e-08,4.6007645229702756e-08,1.1523384052346615e-08
2002fw,1.2991107967805655,3.7457934723299247e-06,7.645505135991873e-06,7.484928447700893e-05,0.00033233545707472644,3.9607601637966974e-07
2002hp,1.3041066404005537,1.1043395681284501e-06,5.062770524089826e-06,6.432445132224214e-06,5.1728026320554125e-05,4.006944087555125e-07
2002hr,0.5254075836775041,6.615874665927317e-08,3.094328308271403e-07,1.3265690789277127e-07,2.60169754279463e-07,4.203664262079017e-08
2002kd,0.7343269044704723,8.517987487253141e-06,6.52653385019303e-05,9.917956193011486e-08,1.124228898666383e-07,1.0241608289225567e-07
2003aj,1.3061113065045324,4.178703248074634e-06,8.447454202605735e-06,2.3827123494017018e-07,2.7092507071982963e-07,4.025551424192338e-07
2003ak,1.5500177046042452,1.4070720757415014e-05,2.987064924559481e-05,3.9533203088040995e-07,4.120364491217739e-07,5.4400749176301e-07
HST04Greenberg,1.1391702414290372,0.0001273409592763961,0.00018608299979542756,0.00016559913343281617,0.00045152814048478605,2.921561867779978e-07
HST04McGuire,1.369079854003076,1.6708123930629437e-07,7.262338468350024e-07,0.00014247945436140176,0.0006160190495135287,4.416822113599275e-07
HST04Ombo,0.9742343500931072,7.289619126777664e-07,2.919684966095451e-06,7.792891680142874e-07,1.0692530292301203e-06,2.2297503061714312e-07
HST04Rakke,0.7393243906226654,2.96476403270775e-07,1.8959427010007061e-06,1.0433333101207643e-07,1.3055541784744301e-07,1.0465079042790951e-07
HST05Zwicky,0.5204124610194887,5.557827956239757e-07,2.1287329220653734e-06,3.363908390864305e-07,4.244436049338432e-07,4.0974526053924184e-08
SCP05P9,0.8203473065921025,3.816491577038618e-06,1.3375338704255897e-05,5.33582781380642e-06,1.1831013744200721e-05,1.3922178804213616e-07
01259412,0.3047569362099627,1.6607112048564265e-07,1.3526477323477483e-07,1.242506559453133e-07,1.2182098292689707e-07,8.050337400991625e-09
01261579,0.3222363655489997,2.533665527314977e-09,1.4037625199847155e-08,1.5637727533780975e-07,1.6090341046034883e-07,9.917969700524927e-09
01279500,0.2350194361957722,6.146976427297495e-10,4.074661288373559e-08,4.671584866049566e-08,4.108497113629486e-08,2.9464987516167718e-09
01283878,0.3134602474822006,2.1026986035377513e-07,2.8421470685847446e-07,3.339396805430115e-06,2.44116219832102e-06,8.95593317190437e-09
01286398,0.1502881217404008,4.59764516026662e-10,4.0021768833246594e-09,5.601537047876159e-10,1.66276259990641e-09,6.867248367375289e-10
01294743,0.3125423401984679,1.3532916454278804e-05,8.52412865208844e-06,1.3491559275662295e-09,9.686966075677972e-10,8.858146805657562e-09
01295305,0.6117023390051224,2.9537087037565543e-06,5.92803705794633e-06,4.2119296092337033e-07,7.323588417048573e-07,8.14520962130368e-08
01297026,0.2584827371979723,3.961276943617166e-08,9.047295419730145e-08,2.1467770204779527e-09,4.9149461027136966e-09,4.254321068267735e-09
01301933,0.3299417482552194,3.140283166931118e-06,6.608253098391838e-06,8.875000252729314e-08,1.688607346170379e-07,1.092234791052664e-08
01302523,0.4238574411490947,1.0831455678550409e-06,1.0115783294026895e-05,1.511846576206491e-05,1.1560679967981709e-05,2.856567174720899e-08
01305504,0.4955966022291729,5.462956270837872e-08,8.285501381304892e-07,1.4882996237609167e-07,2.8757601701978197e-07,4.3304215283869084e-08
01305626,0.3257196260279738,4.0076789183240745e-06,6.664841425378229e-06,1.3180077488819415e-07,3.313016788933129e-07,1.0330336034644963e-08
01306073,0.3285408595989745,1.3004248468130712e-06,2.0726691339018066e-06,1.6634830985699333e-08,2.4610525093842994e-08,1.0724091535372766e-08
01308582,0.3669196727846266,5.390348745515513e-08,4.258782081442666e-08,1.5302519857086176e-07,2.8972022813758214e-07,1.681209181143804e-08
01314897,0.3369308753163627,2.2953723730449435e-10,2.065351507994542e-08,6.292789370415457e-08,6.769377906704237e-08,1.193859068478884e-08
01317666,0.1413938876815097,1.0857109152364765e-09,6.288786027391606e-10,4.045635561253225e-09,5.573323268846564e-09,5.581543364355532e-10
01322229,0.5261622150762062,4.195719250515512e-06,1.2231231420886393e-05,1.8956585088826174e-08,2.1325254966908325e-08,4.9065871010957e-08
01329312,0.3444246261398873,2.8818586933280975e-09,9.770553118249856e-09,1.195125589282742e-06,1.6884329100973708e-06,1.307841788408064e-08
01330642,0.6339041669104888,1.4924297177042977e-06,3.3332652421681985e-06,1.2537639565079117e-06,1.9319919347497335e-06,9.065724070136492e-08
01331993,0.7196093520644367,2.52302235142795e-07,2.410487213640024e-06,8.080569150375885e-07,8.874161458052248e-07,1.1360450220949708e-07
01334597,0.2889528865455524,3.385322650288956e-08,1.5969189802121248e-07,1.2013445099460573e-07,6.436432526543761e-08,6.529273439602066e-09
01337655,0.8485083867036423,2.5902521574312743e-07,6.756825129500575e-07,8.109872546572582e-07,5.521012292463163e-07,1.7734816473982832e-07
01338675,0.3305429621723064,2.390179408870973e-07,4.694852803204849e-06,6.791169387719177e-07,5.194992380693866e-07,1.1007989696886568e-08
01282736,0.3688992563021342,6.58128594056681e-07,7.533784410047409e-07,1.0341915180160275e-06,1.0076485074917085e-06,1.71630728720893e-08
01287626,0.3039523482980426,3.410215027979184e-09,1.5827406246733422e-08,1.4174109264636543e-08,1.9209366226712548e-08,7.969055367617695e-09
01291080,0.4438349269249673,6.427344451242336e-08,1.441318577155385e-07,5.610475543172009e-05,0.0001401507944658847,3.272156245193694e-08
01292560,0.2247960870494061,1.2118433150962546e-06,2.7808085085547084e-06,6.271746710260035e-11,1.6331547090217285e-10,2.454439278497606e-09
01293319,0.2968623971184116,6.8018591311915714e-09,1.9965220334532395e-08,1.4575040122119923e-09,2.169111756885444e-09,7.270635407435556e-09
01295027,0.4254494310781249,4.814886976834204e-07,2.4979513684231025e-06,1.207586886384924e-08,1.3277992771758788e-08,2.8923834591449853e-08
01296657,0.146186493994832,1.9875835601285172e-06,2.0481082247422356e-06,1.3542194119892893e-09,1.1392887822683506e-09,6.25779560678531e-10
01298893,0.1961365092138698,7.268657823473222e-08,7.03476311424658e-08,8.541179399175843e-10,7.429204993203433e-10,1.6190083195805253e-09
01300516,0.3104136989435242,5.108894256139164e-08,2.4531610332064424e-07,8.130012803659667e-11,8.922707757095899e-11,8.63344446074425e-09
01303004,0.2949493000891194,2.451915007807144e-07,4.273788432278652e-07,2.4113143837461215e-08,2.55201653523033e-08,7.087665723103474e-09
01303952,0.5626493589422155,8.56400816416914e-08,3.7086850127216953e-07,6.960247696165754e-07,3.066499043798155e-07,6.018400612821993e-08
01304127,0.7285979961612705,8.114444205369066e-06,1.0275263650374762e-05,2.2594814652700588e-07,2.7381564676547747e-07,1.1657145042594186e-07
01308957,0.618683669772359,7.841481506649313e-07,1.4526588773916093e-06,1.4983690267968505e-07,2.677434369368299e-07,8.496487209609269e-08
01310338,0.4388263503554626,9.192065125403681e-08,3.7781814075469636e-07,3.6184546253452187e-08,2.6992830491806124e-08,3.166377684598322e-08
01313594,0.2883417511744834,5.234713387583851e-07,1.198379065467852e-06,8.455424529792852e-08,5.7346523667690384e-08,6.473650189457818e-09
01317277,0.2371030929323032,2.764428494679462e-09,2.833474288213643e-09,7.011103172752539e-08,4.412206401691334e-08,3.0529489967446948e-09
01317286,0.2789785273573759,4.589295146692821e-08,3.090592470683548e-08,5.367450331631403e-10,5.653499419494515e-10,5.65119413573828e-09
01329615,0.4038594034772507,3.633165671094273e-08,4.134166950312273e-07,1.0293185206616181e-07,1.4786494774978012e-07,2.407336680370684e-08
01332413,0.6087155423194852,5.722692513084383e-08,1.2462292824103992e-07,2.102006776331517e-05,2.5342990076753454e-05,7.99718882234545e-08
01334448,0.51674045194065,1.0797098026107038e-06,4.6944516645764615e-06,4.077037953900411e-09,3.2314462831640382e-09,4.7173799955072114e-08
01334470,0.5187526227877535,6.617477975835057e-07,4.207336162407628e-06,1.449735160851259e-07,3.257482820118987e-07,4.7550680076982554e-08
01334620,0.1961370913446718,9.277157271879899e-09,2.988325278578937e-08,6.517771525016746e-10,5.980022391025085e-10,1.6190235299998313e-09
01334644,0.2880474158785653,9.30474893698771e-10,2.3456563984567033e-08,7.990694815730278e-10,1.09256391562663e-09,6.446945790055211e-09
01334645,0.2312191343721183,3.5934577971986137e-07,8.529658523265686e-07,2.295367548412828e-06,1.4752328434486813e-06,2.7572125350644908e-09
01335564,0.6076912457276791,1.1147584794202887e-05,1.4638157228315953e-05,7.471721623863631e-08,3.824155629663648e-08,7.946738904969104e-08
01336687,0.2337033987487309,2.774281983348597e-07,6.331507149263565e-07,2.18826682287205e-09,3.3538333095142103e-09,2.8802380737495786e-09
01337272,0.5027485806389085,4.949747018761705e-07,2.1068734256812586e-06,4.234898425549886e-09,5.378849396180888e-09,4.459458479021558e-08
01337325,0.6386543772982449,4.75769706625474e-07,1.5976830985288851e-06,2.4037571858732054e-05,4.853812092124791e-05,9.197816279727102e-08
01337838,0.3119398549227126,1.382756345150631e-07,3.2545320875972564e-07,3.242756199392861e-09,6.736165320852926e-09,8.794254721656979e-09
01338233,0.5979929419018641,7.149582125707546e-07,1.5930363840204022e-06,6.660724242938293e-08,1.1543140971671145e-07,7.476977277238069e-08
01338266,0.6476490039816962,2.718229322714477e-06,4.997242419228266e-06,6.679857645725833e-07,1.4297038477909265e-06,9.45055298322919e-08
01338278,0.5639005351686628,1.0028921461819249e-08,6.207580021280497e-08,5.415949519320089e-07,1.110084645271092e-06,6.058537374661947e-08
01339002,0.3025544598941461,8.822523057980597e-07,3.0139986082648747e-06,9.429940895850654e-10,1.8518374325831277e-09,7.828816966072121e-09
01339149,0.4678114234720747,1.324910579151997e-07,4.950822762397531e-07,2.089756593572725e-07,2.030799117538921e-07,3.802601011603619e-08
01341894,0.3121259516231762,4.047113679300563e-05,8.08246621895947e-05,1.1455450795667316e-07,2.3374545599935826e-07,8.81396513627565e-09
01343401,0.382857752781391,7.75998400618692e-09,1.7733580695117377e-08,1.9622324061542697e-07,2.9126629294559686e-07,1.976909120201664e-08
01344692,0.3794758021695521,1.405423306408028e-10,1.2045707921507086e-09,5.425409105519506e-08,3.389106448741867e-08,1.911556143168621e-08
01345553,0.3189213527881984,3.3996281777197875e-06,3.3128258403385608e-06,5.84844845128634e-07,3.898013860440355e-07,9.548811784687464e-09
01345594,0.4224099953800646,2.326353715838533e-07,6.216706806341818e-07,5.135198405423825e-06,5.947692970840344e-06,2.8227627720006473e-08
ps0910017,0.3189217627887779,3.531995160317224e-07,5.835914643397449e-06,2.696663502539209e-09,5.689617523380393e-09,9.548857009218657e-09
psc000014,0.1351810437669469,2.8544627420427608e-08,3.404706891606946e-08,1.1175919505676644e-10,1.3756534828818975e-10,4.762430944616568e-10
psc000034,0.2523833780682032,1.8247467690486567e-09,4.6901945861444924e-09,2.0002832615816703e-08,1.0743620145912992e-08,3.891309381830451e-09
psc000038,0.1495553919235603,4.711615193229616e-08,7.978669585072944e-07,8.383409982528913e-12,5.3541642901084486e-12,6.756296174605547e-10
psc061191,0.268682791408807,6.404845867828813e-09,1.3031905039523549e-07,6.391068895777172e-07,5.458533054743994e-07,4.897557877014463e-09
psc061197,0.3278144740581568,2.42264288324518e-07,9.602845917624326e-07,1.450090757537882e-07,5.7303060581493213e-08,1.0622006974459799e-08
psc070111,0.3515200234328599,1.8718460575871132e-08,6.795848296622412e-08,1.7680508983826947e-07,3.050208308565661e-07,1.4205544208932494e-08
psc070515,0.4726259766006226,1.807775710378706e-07,3.743119688905702e-07,6.010637624272722e-07,9.927158248563734e-07,3.9139175992061356e-08
psc070530,0.3183434829997769,7.2714976526187645e-09,1.8207418611701372e-07,1.977287081812089e-06,3.283692052537258e-06,9.48517712618771e-09
psc080048,0.3203378206401559,3.176332987728986e-07,1.3656508979495616e-06,3.2410603864699895e-07,1.883602781488692e-07,9.705692194337625e-09
psc080296,0.4988726850013585,2.955633049201476e-07,5.710117676431676e-07,6.389349681975427e-07,1.0692428097665515e-06,4.3892939189631604e-08
psc080546,0.611578149614165,7.715350382001033e-07,9.181328576500258e-07,2.2823132781092856e-08,7.321211203567424e-09,8.139027951249575e-08
psc080723,0.4292193558363075,5.515561410945656e-05,0.00015818187464780267,4.646912630027917e-07,5.682000379399103e-07,2.968346776590465e-08
psc090128,0.4299383652686996,9.48903307952656e-08,1.4621314918225542e-07,1.0983950468290038e-06,1.7106743518543187e-06,2.982946493415486e-08
psc091437,0.4640027300003873,4.477699348993299e-08,1.7392101528677255e-07,2.2632290513082046e-06,2.4741108889145134e-06,3.7156784547971075e-08
psc100163,0.316927465971953,1.1579548427785482e-07,4.201106174869784e-07,3.349596144741035e-08,6.168726118589713e-08,9.330145588451657e-09
psc110033,0.2039020589187834,1.6645591823305037e-08,1.3456367732226346e-07,6.939936308498504e-08,6.930741182935882e-08,1.828270194480107e-09
psc120585,0.2481828147366021,7.303324326338181e-10,1.657544378385578e-09,4.970533839601251e-10,1.0082405506222315e-09,3.6507189783782065e-09
psc310039,0.1707530635580976,8.645612589882367e-11,5.105308998258103e-09,5.0014948667003325e-09,4.0806161547883256e-09,1.0331177207219796e-09
psc310188,0.3171206977693939,8.587865819809185e-07,3.5557427004307815e-06,2.3937577414713804e-06,3.0159573694664423e-06,9.351226157728285e-09
psc310238,0.2819486081061653,6.473182096217356e-09,9.534329816849397e-09,1.3806320239224337e-09,9.253581826351716e-10,5.906034453158184e-09
psc310260,0.517980901912257,9.189882971402709e-08,4.721305724999654e-07,1.6852377544208025e-05,2.4963188208377622e-05,4.740595929057951e-08
psc320099,0.3790840845497119,6.389525791517945e-07,1.2617579426176305e-05,1.0423214437241437e-09,1.0744142865850412e-09,1.904057556144547e-08
psc320258,0.3400926208709456,3.8226710798576856e-07,1.1369042441873076e-06,3.5695529165483586e-08,1.8967407383041303e-08,1.24131672801728e-08
psc320469,0.3700606126161159,3.036556681310199e-08,2.1443571522298497e-07,2.755786618887266e-10,4.989895762494221e-10,1.737066945810293e-08
psc330022,0.2630588390275969,1.3375248759899759e-05,3.217926036567614e-05,1.688072968075746e-09,1.4636820356289111e-09,4.537301152101358e-09
psc330089,0.3479164734737339,1.565181584445268e-08,1.0655984732639129e-07,2.984224483371879e-08,1.3149929559620817e-08,1.36272875143873e-08
psc330128,0.320147296936816,4.4253116092398807e-07,6.588387737098387e-07,1.0513998877716239e-07,1.1225637609510687e-07,9.684516404441434e-09
psc330146,0.1342908151494966,3.24055492452475e-12,3.476907566572806e-11,4.935549468238902e-10,1.0283805490585724e-09,4.6503829310019225e-10
psc340229,0.1402697277913887,1.7481544997324608e-11,6.832852609000661e-11,1.409179702659196e-07,2.417540728584462e-07,5.428518135212583e-10
psc420352,0.4014466083817714,1.2599201657318734e-07,3.176954540586621e-07,7.232980509310887e-10,1.2057765625722748e-09,2.355732858312135e-08
psc440042,0.1582571842262692,6.08085901989801e-11,5.875446228199631e-10,7.495640340397551e-10,8.440270895595363e-10,8.13230442431681e-10
psc440236,0.4346655845438896,6.393385066406359e-09,1.745965936374905e-08,1.5869595251601918e-08,1.7204415458729178e-08,3.0798260219402265e-08
psc440285,0.1761630626073871,4.146036967470203e-11,3.5204038857496125e-10,1.2516925803180087e-09,3.4929382436903184e-09,1.1391827791626684e-09
psc440509,0.3181157205906024,8.052448683929003e-09,7.96810417787918e-08,3.5720017487542236e-09,4.840468360880677e-09,9.460154523037471e-09
psc450339,0.4084624553929477,8.34222386185211e-07,4.6924329925505795e-06,2.851757106007417e-07,5.916571381019755e-07,2.507335531995971e-08
psc460004,0.2082197717896059,3.197969085512887e-11,3.525652621986963e-10,3.0944302102608257e-09,1.7993204980838296e-09,1.9501216767244412e-09
psc540163,0.3286221766387556,1.3269972433118763e-08,2.7550637505549934e-08,1.2167520536696396e-07,9.3284169187071e-08,1.0735550031922028e-08
psc550154,0.210124987695347,3.280262261621007e-08,1.165731284224446e-07,1.0768874516907566e-09,4.0174573040961445e-09,2.0051392339555066e-09
psc560027,0.4388265898546408,1.1751743965344131e-07,1.0595828210616954e-07,5.1356826358118633e-08,6.174424650390327e-08,3.166382701147203e-08
psc560121,0.3641044995710436,1.6812919196734174e-06,2.1702476460307094e-06,4.0341049433881863e-08,2.1129733134562833e-08,1.6319205014310818e-08
03D1au,0.5030838265307911,2.413478775661891e-07,8.51064146044262e-07,7.974922170633902e-09,5.136869521731195e-09,4.4655535106981486e-08
03D1aw,0.5807242679744387,1.6110146919014247e-06,1.009476504539465e-05,7.908967883208365e-09,1.136909001996169e-08,6.675952992925565e-08
03D1ax,0.4947956137520262,2.5405440152655957e-07,8.202492699806963e-07,4.495710929661328e-09,5.69335734474546e-09,4.3160879490784975e-08
03D1bp,0.3459282071903045,1.223155536879687e-08,1.6606129225856407e-08,7.062417324294765e-08,9.312536662625906e-08,1.3313376764404376e-08
03D1co,0.6776622506150842,6.37503912357658e-06,1.5735541634729388e-05,5.017020979410829e-07,1.9790498541063275e-07,1.030535206630561e-07
03D1ew,0.8664945968980386,3.12490511244111e-06,7.4908676288033265e-06,7.544057357221841e-07,3.522618208153268e-06,1.8429255070112676e-07
03D1fc,0.3309318857355345,1.654543672044752e-07,4.3713893136142747e-07,1.6188247525848353e-07,2.5863502831286465e-07,1.1063569279111141e-08
03D1fq,0.798566302111207,1.4531414078560623e-07,7.117764762571328e-06,7.806496519535915e-06,7.285250649416816e-06,1.5188761079046812e-07
04D1aj,0.7196266245919412,2.8518551861113404e-05,6.0331412505539806e-05,6.322731192295518e-06,6.01759357533043e-06,1.1360895267352187e-07
04D1dc,0.2100324737747638,4.570354266458526e-08,2.2756236683688447e-07,3.824082789023992e-08,2.2315045166871224e-08,2.002449999274023e-09
04D1de,0.7665902415032531,6.679993087122003e-06,1.703302239162862e-05,4.582915347284103e-06,6.371903846650849e-06,1.338418919483495e-07
04D1ff,0.8585131461609983,2.538279172581806e-06,2.965052911084044e-06,5.753081770411792e-07,7.489147585806067e-07,1.8119449318561056e-07
04D1hd,0.3679043471433738,6.779577442361403e-10,3.918902972621511e-09,4.31128910949137e-07,3.738266798364785e-07,1.6986221797396795e-08
04D1hx,0.5587464797443935,3.2792880073149186e-08,1.7277078128947262e-06,2.831786331411037e-07,1.6854216121739204e-07,5.894056309093229e-08
04D1hy,0.8485096018060083,1.5620590975927282e-07,7.852541777458196e-07,1.4924007971415914e-06,1.8895993555891497e-06,1.7734862938031206e-07
04D1iv,0.9963905136763612,6.633351579957047e-05,0.0005183679840306539,4.471434178784374e-07,6.327023020134169e-07,2.538378793822166e-07
04D1jd,0.7765946746067607,3.585543421761638e-07,5.114116887535661e-06,0.0002967040179451465,0.001436645475068827,1.3875595901997646e-07
04D1jg,0.5829326543569071,6.456963090801765e-09,5.7028951614758906e-08,2.3514220980773974e-07,3.798651343135308e-07,6.775860956889789e-08
04D1kj,0.5837428958570987,1.9482760163675952e-07,7.128073584990397e-07,7.607746299781352e-06,1.603756778122605e-05,6.812702556270537e-08
04D1ks,0.7965526109160754,2.780706713110313e-07,1.020644971533394e-06,9.565833060088954e-06,1.3399776825595842e-05,1.5065939104010586e-07
04D1oh,0.5887211746835785,2.0030900094201275e-06,7.259419556604241e-06,4.090267732255976e-07,3.4006270499783504e-07,7.04125665272821e-08
04D1ow,0.91347307228868,5.14411974521914e-07,3.925614987316581e-06,4.998732429040149e-06,3.838211078170327e-06,2.098803714488314e-07
04D1pc,0.7685871905535504,4.780904059585348e-06,1.1836804016579543e-05,3.6161871588265976e-07,5.139641787556091e-07,1.3478264923024623e-07
04D1pd,0.9484549670694488,3.125661358092279e-05,2.6608773556516203e-05,3.2861922852777326e-06,1.90654872847143e-06,2.2932563396232998e-07
04D1pg,0.5137934613946333,1.777591760175243e-07,8.621676380896933e-07,2.4084738418430302e-05,2.302625050032841e-05,4.662453414409926e-08
04D1pp,0.7336087270986067,4.222042197609736e-06,1.1224710828900052e-05,7.414589996781247e-06,1.3590211158616846e-05,1.187809506066228e-07
04D1pu,0.637700843514792,1.6774720198650472e-07,2.0040129337021378e-07,7.932939505707501e-07,6.820984201746983e-07,9.171224101016726e-08
04D1qd,0.765588659105167,2.1571078940652565e-07,4.452678831030681e-07,2.945288400925652e-05,6.59526713027006e-05,1.3337128982651985e-07
04D1rh,0.4348609256512308,5.126732070255991e-09,1.9917249892643004e-08,2.828406883704278e-08,5.182120451515284e-08,3.083862647486278e-08
04D1rx,0.983407441173638,1.6579935893207826e-05,2.1179651684496346e-05,1.5832594712760796e-06,2.5053057861515634e-06,2.478041732062374e-07
04D1sa,0.583743244093273,4.7338049514953716e-08,3.041709641244349e-07,1.8991584130785393e-05,3.782454406461775e-05,6.812718412008655e-08
04D1si,0.7006316638078103,9.812749255654842e-08,3.751648941588763e-07,2.214487267219177e-08,3.260014463766442e-08,1.0876734835968786e-07
04D1sk,0.6620584932661566,3.7523861315024337e-06,7.403465426738367e-06,1.1002601071855337e-07,1.2341395606485567e-07,9.862579293458315e-08
05D1az,0.8405222392157119,3.5457017794254373e-07,4.787220365054169e-07,8.912520228884582e-07,9.051698170952475e-07,1.7430750638034708e-07
05D1cb,0.6306991646728362,2.5870982575202313e-07,1.0969787373138463e-06,2.08474946406804e-05,4.0959956506590626e-05,8.977140233612364e-08
05D1cc,0.5627509281965839,1.81562324519893e-06,2.2462236391517676e-06,9.749428672944042e-07,1.0434805666371382e-06,6.021653900858186e-08
05D1ck,0.6156983119092554,2.7987312323996325e-07,1.8773391921414868e-06,0.00033772771593890437,0.0005432704553587394,8.345366290250313e-08
05D1cl,0.8285284415608116,3.536761806180173e-07,3.447745931227294e-06,9.092370671418375e-06,3.8270777580913345e-05,1.6979036275303829e-07
05D1dn,0.5647412231256468,3.6247907978358944e-06,1.5661761499797235e-05,7.356060793524526e-05,0.0003164126095062739,6.085580917175301e-08
05D1dx,0.5787454138340153,2.6761614783489656e-07,6.744589392902835e-07,4.0742141801166276e-08,2.7355913473588213e-08,6.587059483721776e-08
05D1ee,0.557743153665001,4.9783317911672005e-08,2.8707707894527955e-07,3.6137548423581032e-09,4.633582779576467e-09,5.8623004320229656e-08
05D1em,0.8644970993475649,2.5937271415678665e-05,7.984413805263863e-05,0.00013127907531864833,0.00048764029496482553,1.8351474391479842e-07
05D1eo,0.7356079673923455,3.6112335443045755e-08,2.260339455497257e-07,3.4096494880034616e-05,5.174284984869111e-05,1.1966831227228496e-07
05D1er,0.8585072828224272,5.725929510848775e-06,1.2133789564664588e-05,1.8469046338390647e-07,1.4779032125468036e-07,1.8119222694167212e-07
05D1hk,0.2619841060705088,2.761612838323209e-08,1.2154616210495561e-07,1.2422968590954356e-09,9.876089189987326e-10,4.470022486587796e-09
05D1hm,0.5857437830629377,6.192194448916441e-09,1.543845029656366e-08,5.793238450659997e-07,2.915964386899105e-07,6.904110602123536e-08
05D1if,0.7615804036972535,1.0189527181490436e-06,6.725324303149008e-06,6.453942439583374e-08,4.39861195922153e-08,1.3149627165998891e-07
05D1ix,0.4887998242191027,1.5396709809673093e-06,3.7534345225271844e-06,3.6871521014786233e-09,5.188726089225956e-09,4.20954874784055e-08
05D1iz,0.8585164582948752,8.354926208213719e-07,3.7382436063786365e-06,5.735056514486174e-08,3.3506756979773215e-07,1.811957733675373e-07
05D1ke,0.6886564041709764,1.496955754425416e-06,2.353326762178351e-06,1.3043867206503373e-07,7.442351926008853e-08,1.057691709402055e-07
05D1kl,0.5587427959734994,3.330567526527329e-07,2.3489921372420757e-06,1.4677881529296464e-06,2.496764430479617e-06,5.8939395586256265e-08
SCP05D0,1.0123472611392637,3.0382633632908236e-06,5.781646845784506e-06,1.2879250586416304e-07,1.1775977681319263e-07,2.6135297399888523e-07
SCP05D6,1.3131010648273116,9.178872606383468e-07,2.3168457731935563e-06,5.147333075109543e-05,0.00015469713457930153,4.803681324181896e-07
SCP06R12,1.2102060200857658,3.8633615899980526e-05,5.473719111528375e-05,0.0007393034486652934,2.8746569252643516e-05,4.0056469710242076e-07
01250017,0.1817712693946436,6.275799359691745e-08,2.5142121796182357e-07,6.463071347747026e-12,5.781585704188831e-12,4.539627782811462e-10
01258940,0.4258896162124883,6.673017107467572e-07,2.897492301451827e-06,2.9586812664237227e-09,5.807577748735851e-09,1.5238651062502227e-08
01263369,0.3124819023268963,3.318860028539134e-09,5.785677493568849e-07,7.81910289132289e-11,1.3403436202592666e-10,5.914897629302997e-09
01263715,0.2918636647737385,1.5763666733325755e-07,2.0915140079134917e-07,8.322904794465433e-07,1.4710051391867094e-06,4.623238130637355e-09
01280217,0.358998048385142,3.002922613019436e-10,8.944580332750877e-10,1.0468866572203895e-07,5.91920906800932e-08,9.25939217133816e-09
01281886,0.3839973442681912,5.3415472282745306e-08,3.6435945131197953e-07,2.5253180313719738e-08,2.7134371031877055e-08,1.1324057595500407e-08
01289555,0.5588458335655395,1.2223002259720169e-08,2.1808935360895827e-08,2.0281292559591554e-09,2.1891000365789865e-09,3.010116845999978e-08
01289664,0.2490777224937841,1.1895971414575153e-08,1.6103639255700682e-08,6.268729869007763e-11,7.900088836346304e-11,2.5042917980868007e-09
01292332,0.273465670862189,2.0507779184804354e-08,5.4726003017637927e-08,1.5873565846098416e-10,8.506704264837611e-11,3.6087231798694213e-09
01292336,0.2335905238801801,2.7787734933050312e-06,5.3622644427392606e-06,1.326442820261474e-10,2.477350117680807e-10,1.9073884408416886e-09
01294014,0.3627370248534669,2.056803938863388e-08,3.687382835563526e-08,5.99329067639137e-08,5.304978571154952e-08,9.556038889435187e-09
01295921,0.5239189564587707,1.535772136554971e-07,6.152177323113343e-07,5.951706302433003e-08,5.335077641051413e-08,2.6825662388030362e-08
01296273,0.3969702393973233,2.3597766067282436e-05,3.093902651781022e-05,0.0001733169600706189,0.0003736505278694932,1.2469878731037861e-08
01296321,0.18442462920473,2.7960399880844103e-10,2.317237448889345e-09,2.1181242561763623e-10,5.362000704762646e-11,5.045614322349802e-10
01298281,0.2350742142856956,3.134842585704599e-09,9.964953464564989e-09,4.2083906991761885e-09,2.0480852789543e-09,1.9610583641623323e-09
01306029,0.4289470863818256,3.3839894334169467e-07,2.1149887718931625e-06,1.3027826541071978e-09,2.2307190305636028e-09,1.560071508767613e-08
01306390,0.4070159926112842,7.032870470247851e-09,7.019984881552325e-08,3.9375182133953577e-10,2.2319543008866104e-10,1.3395091840510202e-08
01307277,0.4106753284599442,5.095312318323303e-07,1.1428453280152199e-05,2.6914875520257855e-07,2.9117587130916903e-07,1.3740342602768558e-08
01312274,0.4379777976691468,1.4025846091627925e-07,1.0745572095062133e-06,1.0714262144512762e-09,1.4013972304688977e-09,1.66949476137442e-08
01315192,0.225437475628776,1.7201833539385863e-09,1.0924606717640273e-07,1.5891496761718177e-08,2.630562673664943e-08,1.6257546974961805e-09
01315259,0.2279943110903382,5.0211872585623564e-11,1.3043852001661314e-10,1.8260567645194803e-10,1.390455379625838e-10,1.7116563420343152e-09
01315296,0.4125412336777267,1.9409558096489748e-07,5.80576336947574e-07,3.1998942469130246e-06,4.221785334512674e-06,1.3918077947192667e-08
01316431,0.1981406728677428,2.4238084240963227e-08,6.697230294073688e-07,1.49038873670159e-09,1.5059014059135466e-09,8.087420029741592e-10
01316437,0.4819468491980465,1.151307692939213e-08,6.591058279493133e-08,5.111550441823427e-09,4.309367513757008e-09,2.2280165672533104e-08
01319366,0.2360998657895057,1.4636484756483823e-07,5.055172256183741e-06,2.3646696631259623e-09,4.3107595300909885e-09,1.9985948264488314e-09
01330903,0.5638490424355189,7.384499891158275e-07,4.753886378877211e-06,5.787838698326159e-07,4.04919762176376e-07,3.058202911986454e-08
01332059,0.5788340605639597,1.547933619263853e-08,8.83150705698043e-08,1.1146673493717911e-08,9.930342661647703e-09,3.262776723496313e-08
01333246,0.437946048998646,2.993692213310605e-08,9.045233832692926e-08,8.555542084700411e-09,1.1538832152847626e-08,1.6691035733624958e-08
01334084,0.1334779901535197,5.465857898597602e-09,9.338513976486477e-09,2.240301406179498e-06,2.4576497560263335e-06,1.2559896177820924e-10
01334087,0.2662650952033238,2.6884191680362058e-08,4.3639437370403334e-08,1.496074897716267e-09,4.768482993640247e-10,3.2617064894566095e-09
01334423,0.3577246728238377,5.4863505061425604e-08,3.0032366061383653e-06,2.3432792272568475e-05,1.9276875759127055e-05,9.15943151885674e-09
01335694,0.259111096228092,2.178210140210551e-06,1.639813146850678e-05,2.2540331728336938e-07,1.5261076356860867e-07,2.9343032263443206e-09
01336453,0.1848269833681515,4.6315356770124494e-11,2.5832051825725746e-09,7.231154702219911e-11,3.9809148402107923e-11,5.124675739593974e-10
01336480,0.2559906245499714,4.5941658979481345e-07,4.0074321131676277e-07,2.3893761938297412e-09,1.2334634873085506e-09,2.7969172441172555e-09
01337649,0.2491266162151328,5.844978106220439e-10,3.839434023301223e-09,1.3447060684691532e-09,7.668996078920951e-10,2.506304723220018e-09
01338387,0.5838151569343106,1.96699675466583e-07,1.1217191611466302e-06,2.119346952512876e-09,2.4929168820135593e-09,3.3896788224803683e-08
01338430,0.5088798053090855,3.6217393002502435e-08,1.7569900252619018e-07,4.936245779118785e-09,3.691595331020384e-09,2.514847677440842e-08
01338471,0.5308819646711598,8.099615581630182e-06,2.3529508166900992e-05,2.0888178877548846e-08,3.380414938927761e-08,2.748371450925746e-08
01342255,0.2140974530704351,2.099655115623822e-09,4.33307107071978e-09,5.7994971617586324e-11,2.1333656062220768e-11,1.25249464146393e-09
01343871,0.6378614217424781,2.9301803944713137e-08,6.324041139464612e-07,1.564501253615191e-10,1.435899249903583e-10,4.754427042714472e-08
SN2005ft,0.179585,1.0863760005262237e-08,4.4224279347723603e-07,1.120697199163071e-11,2.0130558745448655e-11,4.1427987398631125e-10
SN2005jt,0.36023,7.305220245104846e-10,6.7794132242921034e-09,3.5935611035224168e-09,8.318924352943117e-09,9.356617336975112e-09
SN2005mh,0.394074,1.7520237818583673e-07,5.860154875850189e-07,3.2890694925037086e-08,2.664159120600415e-08,1.2209283547002033e-08
SN2006gx,0.179896,7.125535202568683e-08,1.6766008892184372e-06,7.803164152487566e-09,6.770114883466811e-09,4.198141166980238e-10
SN2006hh,0.23652,1.7455412647556564e-07,6.500210526327603e-07,1.2944622055744208e-09,1.0361094830955028e-09,2.014073498270382e-09
SN2006nk,0.203176,2.904670604427716e-08,1.6469517241430496e-07,9.970742804211034e-13,5.43380777166322e-13,9.383336291153668e-10
SN2006nt,0.283322,2.911675738477807e-08,2.7140710732049725e-08,4.182147691998603e-07,6.262437922230099e-07,4.134688312336554e-09
SN2007jk,0.182025,3.478126492273371e-09,3.068620326170905e-08,4.872584268075232e-12,2.610731321498053e-12,4.586857559116583e-10
SN2007kl,0.256246,2.4470352418378877e-05,0.00015249282824319023,3.768443966607116e-10,4.5098618209800404e-10,2.8080369881049187e-09
SN2007nh,0.270097,1.3103271429322155e-07,3.614464566959563e-07,1.8538658051030313e-10,1.879650900796725e-10,3.444193882848011e-09
SN2007nj,0.153245,1.4306180757609553e-09,1.2210605220779565e-05,1.099198250225247e-11,1.3927492035744132e-11,2.1346722623003808e-10
SN2007qq,0.23734,4.093397196131092e-08,1.5042428683446364e-07,1.9198960060961074e-10,2.0776014924378452e-10,2.0444561021000852e-09
01253101,0.4596161297540204,2.3709783086635177e-07,7.213778563601184e-07,0.0003708873930067441,0.0011478478104292808,2.8275709787409644e-08
01291957,0.3599973696588379,9.53584114414223e-08,1.8633538156813987e-07,1.3983239378046818e-11,2.40284248608671e-11,1.3986743632264995e-08
01306980,0.5488502032771374,1.1182168181613945e-06,6.117773670551303e-06,2.6937341637666284e-09,1.1259433954875851e-08,4.9394620623837454e-08
01334302,0.4549246246025322,2.0211291687973396e-08,1.7962316937775668e-07,7.863836083322116e-10,2.2176743294302077e-09,2.7526383231883982e-08
01337228,0.578825525673117,3.4681511451728705e-08,1.3350137988917765e-07,6.62755979748663e-08,4.4182142718974884e-08,5.8634766195336134e-08
01338170,0.388959140844298,1.3402379556085686e-07,4.770862419568125e-07,6.227862688387842e-08,3.386810449720998e-07,1.7629212680357404e-08
01255502,0.1482332595029061,1.6425554706139102e-10,7.582782853877716e-10,0.0,0.0,5.938890130486474e-10
01306785,0.578670028607597,2.0592230378481172e-08,8.230343733934192e-08,2.6294159494473722e-05,2.7865613019917846e-05,1.2684736618604274e-07
01308568,0.6431211033103379,2.891394207289212e-07,2.9524538191254e-07,1.4684065573333557e-08,1.439893716440947e-08,1.5173368141836464e-07
01317164,0.1546350303742714,1.841105281146807e-06,1.9760311674607786e-06,0.0,0.0,8.630321935947217e-10
01345582,0.4587699405496037,3.886845848010734e-06,6.227964980555813e-06,2.8817762467144583e-05,2.6584911868784042e-05,7.113429728680404e-08
01257695,0.1838062374003661,1.5019012126051632e-07,1.5256179940879054e-05,1.4365384683256793e-11,8.53237072508488e-12,1.0090401008085557e-09
01302141,0.6087924293093023,1.7942800202604535e-07,6.276856498223969e-07,8.623990880608109e-07,1.0366181600158539e-06,1.327269182825176e-07
01317454,0.568828094407337,2.7000147475305427e-06,6.295828923874676e-06,4.664141424996635e-08,3.6870094376404186e-08,1.201124704511099e-07
01328066,0.4488983779001749,7.4830826855199e-08,9.937400447276007e-08,1.0274188491465176e-08,3.7669708768033134e-09,5.345172334919891e-08
01331123,0.2290798176671955,3.548340323844596e-06,3.253650320705471e-05,4.3451317362505967e-10,2.35231027074652e-10,4.4588006394443976e-09
01343533,0.3679647820825664,1.2934937500642256e-06,1.6759092318690586e-06,2.0400245156728516e-10,3.0436338911125107e-10,3.4576573736010696e-08
01258906,0.3491456840268432,2.342687961660873e-08,2.041126468974616e-08,1.8112581911068204e-09,2.1071446406562613e-09,5.90885851802657e-09
01275946,0.232114878770919,2.5977847564624205e-09,9.898206208499299e-09,3.492090453973035e-08,2.9252150019677456e-08,9.83411453543094e-10
01281668,0.3070593271336683,8.94839691762132e-10,4.5663756828784945e-09,4.472952671574259e-09,8.530510559283081e-09,3.334261719660689e-09
01283936,0.3690204542526285,1.0258988312710125e-10,9.220183155344557e-09,5.7603347839749445e-06,9.347494817708277e-06,7.55928476102612e-09
01285317,0.5648594784021899,3.402957010840514e-07,1.3862178527971068e-06,5.617982770872426e-06,5.319712364215012e-06,4.8414745576090674e-08
01289288,0.2896780850218534,6.723919134188907e-10,1.5678524893063551e-09,7.455807216788948e-08,5.120111306033627e-08,2.6083327540942643e-09
01291090,0.2919665326541374,9.420985630264174e-10,8.171631314191288e-09,3.121286964987229e-08,2.715185710384803e-08,2.6988217954485464e-09
01293758,0.1471582121687449,3.6680495753364913e-06,2.469307501510618e-05,1.5472629359996238e-17,2.8953200818134484e-17,7.337697998141337e-11
01302648,0.2319201590470971,3.5411038753839984e-10,1.6949587155290005e-09,4.178574673696752e-09,4.809805127989697e-09,9.794062754469361e-10
01303883,0.2591099640110201,3.7096367761431134e-09,1.3524048827488515e-08,3.397760198004727e-10,8.009707867293323e-10,1.6177769156396476e-09
01320166,0.4489555782994392,3.402952335182578e-07,2.095070342915222e-06,5.327118263293977e-09,8.146615928384003e-09,1.9941225307880775e-08
01327978,0.2072278866381969,1.7145218179760053e-09,5.95416345013944e-09,5.609147242016724e-13,1.6837807308712047e-12,5.580546053697858e-10
01328105,0.4402459846754158,3.0703850411886773e-07,3.5793194863631815e-07,4.64322836551153e-06,1.1164386460701531e-05,1.82872105040199e-08
01330031,0.104096208315225,1.5274692251062767e-11,9.497724225703665e-11,0.0,0.0,1.9155175913982072e-11
01335472,0.4989255208748355,2.8039168173569247e-07,1.30675593958577e-06,7.695758026375598e-08,6.40502118506828e-08,2.9233486714579213e-08
01336008,0.4379718761885269,6.847080276103182e-09,2.495485793152978e-08,7.542232171369767e-06,1.1246503439161792e-05,1.7867128578964498e-08
01336009,0.3415515704758451,2.06776213740632e-09,4.7881264194635746e-08,9.28684888620354e-08,1.1463697781745378e-07,5.331838994328006e-09
01337117,0.5538818672690595,1.4833798748330535e-05,3.529955436361808e-05,4.1719842959137475e-08,3.6835942191175304e-08,4.4136491606718325e-08
01338128,0.3117427015850202,9.738917384183255e-11,7.387548588518805e-10,3.6273367823684457e-07,5.167113037164716e-07,3.5450863986684674e-09
01341370,0.4089993657821307,7.692538356687599e-10,1.4715496820778497e-08,1.4210085806786562e-06,1.3689921000054573e-06,1.2910925823664853e-08
01306991,0.4217288327608803,1.923656772551306e-08,2.1990919503632274e-07,2.4388496727394204e-08,6.359761320692682e-08,8.930538932022642e-08
01308326,0.3262460754704019,1.2266986404880743e-10,4.3176944045426364e-09,1.1870375404764757e-08,5.980143044529315e-09,7.276527340070577e-09
SN2005fu,0.19029,1.4250179304867356e-09,4.479249411626355e-09,0.0,0.0,3.3756278073925896e-10
01310395,0.2889810454691184,4.0627100208629035e-08,4.737499084397154e-08,2.6975880423003863e-10,4.3627479343181475e-10,4.655293074454361e-09
b010,0.5857853721710147,2.2285801521340492e-08,4.6441998402586944e-08,3.042518678019106e-07,2.60010774740606e-07,3.4546374369098085e-08
b013,0.4259144419688205,3.8064825577863046e-07,1.9377218006548733e-06,5.057252962847512e-10,3.699267180375427e-10,1.1932831212261307e-08
c015,0.3559603877243544,1.61072200578716e-07,3.4054158696285696e-07,5.083776858196405e-09,5.64362396953864e-09,6.285199901659367e-09
d083,0.3319779821394666,3.761674372707038e-07,5.033387668355272e-07,5.105469429707187e-08,3.038863414409328e-08,4.942250771578215e-09
d084,0.5208309384979912,8.301931544516212e-08,4.2965111915617463e-07,1.600389986016367e-07,1.739541780808797e-07,2.202554043137032e-08
d089,0.4228972542095237,5.815368830832275e-10,1.1235046208155287e-07,7.65556119739094e-10,9.428270451207877e-10,1.1639152497903248e-08
d093,0.3619546097109614,4.201363394517618e-08,1.0402636082095127e-07,2.3086705203740526e-08,2.72059215475823e-08,6.646042500836551e-09
d097,0.432912347562709,8.765522145569718e-07,2.089904835728332e-06,2.112279035563407e-09,1.831851093069916e-09,1.2627624151042205e-08
d117,0.2960130705315247,8.030099916614866e-10,2.402349949155124e-06,1.3706354410636653e-10,1.347624143562195e-10,3.1328246365109964e-09
e138,0.6097904449161933,1.1036896066649185e-07,3.4222325386606043e-07,1.999158609722699e-08,1.547221543870039e-08,3.8500350405733096e-08
e140,0.6047733454614017,1.0747133391184398e-07,5.200945711644092e-07,4.429937290823557e-06,8.235639251387176e-06,3.765625855504737e-08
e147,0.6397501084702362,5.58316446374569e-07,4.883937556783017e-06,2.445786849328424e-08,3.3242408048267106e-08,4.511422439354139e-08
e148,0.4259144641010712,2.128843726837518e-07,1.1691770866772285e-06,6.381645007896281e-10,5.032733592014394e-10,1.1932833378593044e-08
e149,0.4898672055770905,1.158147550647795e-05,2.376489393319688e-05,9.480230133463792e-10,1.621529469690211e-09,1.871486278790507e-08
f244,0.5427960046880207,5.1812798395716426e-08,1.065677844923976e-07,6.664224602700802e-09,4.393622865562989e-09,2.5951063810602506e-08
g160,0.5058550491284619,1.373867155588113e-08,5.467131798535275e-08,2.002035150989817e-09,2.6096637354322383e-09,2.0390652182852426e-08
h300,0.6547441215317171,6.543539184227399e-08,5.336798701581673e-08,3.434944115818896e-07,4.7561689398913895e-07,4.9368200669693166e-08
h323,0.5967725637580008,2.442239544454782e-06,5.102232566052747e-06,3.421379206660839e-08,3.9893127738950997e-08,3.6329539364747525e-08
h364,0.3429694543852561,3.6619809357229186e-08,3.4864113832443504e-07,7.808641642878982e-09,2.951914220209942e-09,5.537731620333135e-09
k429,0.1710880850435077,7.13928218296918e-14,2.553024253554269e-07,5.385203842719604e-13,6.338615743603758e-13,2.3039791207520058e-10
k441,0.6697199856552165,4.8024816264028146e-08,8.331930421016245e-08,3.2013406594784726e-07,1.1054244987865302e-06,5.3808308270341127e-08
k467,0.6057705876858441,9.453804097188176e-07,7.663767941382207e-06,3.401029450577886e-10,4.2235033453954757e-10,3.78232925678962e-08
k490,0.7146824472790898,3.251962219428192e-06,1.1220471947194752e-05,1.5241972368230535e-07,6.345819329088671e-07,6.065166178970313e-08
m039,0.2470291006506064,1.233181437765973e-09,5.46041257830567e-08,5.085006791118417e-10,7.174145957237654e-10,1.5064018731935218e-09
m087,0.286031958012283,8.521898017858697e-06,1.3307057190498619e-05,3.0590815220324324e-08,7.749517020603882e-08,2.697455869642494e-09
m193,0.3289694799768823,1.230148094444568e-09,1.8000058248756204e-08,8.120187939957403e-08,5.9587481064224375e-08,4.785163135324732e-09
n256,0.629732238569312,1.1913132781837456e-06,3.1985293172059856e-06,2.584815822657239e-06,2.2640831542778875e-06,4.2378824192255775e-08
n322,0.7686405709344031,8.378334805875724e-08,5.552091771735017e-07,5.507335335597918e-05,5.997131219894273e-05,7.56074169899647e-08
n404,0.2840252995979999,1.044789275099548e-09,1.250507902349885e-09,1.2786952139101277e-09,1.69354811022177e-09,2.6138574816910097e-09
n406,0.7686546099321914,1.548523120568164e-06,2.395721376209436e-06,3.84987828429313e-06,6.78461728771627e-06,7.561199345549423e-08
p524,0.5098453344808607,1.3312933673470993e-06,1.5541221637581715e-06,4.52631102778457e-09,4.996782597917475e-09,2.0820103213467126e-08
q008,0.2860380006647554,1.5540240047778074e-08,6.616962167471818e-08,1.3133991252887104e-10,2.2476722778439865e-10,2.6977095967930134e-09
q014,0.2680257659046412,3.3317155602015862e-09,9.956085089662878e-09,8.454351412333667e-09,1.1730457836692078e-08,2.053636776155948e-09
q018,0.2690336668322792,8.357066596717626e-08,2.1116661245485394e-07,1.901442482053008e-11,1.6990214720727898e-11,2.0820341789605757e-09
q021,0.3589754450029876,7.611167092970456e-10,6.154897691891435e-09,7.590302561961689e-11,3.830284863187535e-11,6.46544268789653e-09
q049,0.4189272542020283,2.672119548090121e-07,6.408917307305797e-07,4.968829049359132e-09,4.427882992594154e-09,1.1258205004093813e-08
q054,0.32599038645554,3.812259162531251e-09,1.232406013358225e-08,8.468648939579525e-11,1.5480110339691623e-10,4.632110948433715e-09
q067,0.1820930541231522,2.804273478901943e-09,2.848647366998663e-08,9.500356685735765e-12,8.758904192140577e-12,3.3178966821769573e-10
q075,0.4269120826247028,4.86631970657575e-07,1.421721469533968e-06,2.8644080316881458e-11,6.421150323573049e-11,1.2030681259251251e-08
q106,0.4738721158190695,1.840425681669841e-07,1.6881509465209593e-06,3.264916854328802e-06,1.0827793744428125e-05,1.708863460862397e-08
r193,0.6117862555751836,3.563990078177248e-05,0.00012184415413396442,0.00031943867032383497,0.0011244955459015537,3.8838732734999647e-08
r199,0.4089339892367944,3.77675931077175e-07,4.456169882047423e-06,5.210233458658275e-08,1.0314269419923091e-07,1.0327343903901011e-08
r230,0.2590564141878402,1.5901613730512103e-07,5.625774739539044e-07,5.502397878696508e-08,3.5521032159290714e-08,1.809515730095132e-09
s370,0.4388923753940394,4.084502340462343e-09,2.9372666582710556e-08,7.603753449631676e-09,2.9225400599024073e-08,1.3236933960318783e-08
s374,0.7556934159450979,4.3013776402994574e-07,3.5929233514239777e-06,9.468304083203594e-10,7.391262045149753e-10,7.144583464534785e-08
x055,0.3484663886920651,7.409648048177083e-10,2.1677940784422258e-09,5.91686592900475e-09,9.838809562873108e-09,5.848239291850232e-09
x077,0.5188423821555461,8.791429154184324e-08,3.72635641652153e-07,7.022445993824505e-10,1.415702336832233e-09,2.180482415096081e-08
x085,0.6337486969137429,7.781559939855894e-06,7.249654471289874e-06,2.758307767271705e-07,3.151932473643252e-07,4.3465253658473914e-08
x093,0.4992523953645407,6.845939064181038e-07,1.1493737967771957e-06,2.5069806564475524e-08,2.7155718337987174e-08,1.968987661615365e-08
x107,0.1451153241454577,9.076987304198674e-14,1.4198363509191376e-11,2.7117444769421934e-15,1.2632409959093172e-15,1.0275439859795709e-10
y127,0.5508005326315972,3.836679210383226e-07,6.513332008302475e-07,1.506683682433317e-09,1.87029217412065e-09,2.758762136168402e-08
y136,0.51883699169031,2.04392846879596e-05,1.9320985102714982e-05,9.882600736887708e-07,1.9692369567637484e-06,2.1804227356377675e-08
y142,0.5807942719271146,4.40297602344205e-06,4.118484487494993e-06,3.0169010951265808e-09,1.872113441781955e-09,3.375116529029219e-08
y175,0.4119424111195477,2.3239994913393136e-09,1.931088844872394e-07,3.4491066336777595e-10,3.0046672341426756e-10,1.0603349613663485e-08
y177,0.3050165701996106,3.202296825530964e-08,6.621372520834014e-08,3.984531741008778e-08,1.9399469026511262e-08,3.553479753551043e-09
z204,0.6188407844990886,5.150058943936121e-08,2.8312806990998063e-07,1.0879426980083259e-07,1.4043393669139078e-07,4.004666747754375e-08
z205,0.4049290252945376,6.639077139979246e-09,1.5263179519930999e-07,4.4658508119802895e-10,2.528309821216525e-10,9.96555903322904e-09
b016,0.3234342853472898,2.0275227256627684e-08,4.517000752366046e-06,1.063368465617246e-08,6.115964392873823e-09,5.4321420086953086e-09
b017,0.2585110724983306,4.328777360905471e-09,5.019258436421771e-05,3.399562564607593e-10,7.052479148605441e-10,1.7869228533003406e-09
d033,0.5241927355030782,7.971716224819044e-09,7.38875300633598e-08,1.0405324154159342e-09,8.641574193373331e-10,2.839303593103984e-08
d085,0.4033332042925672,7.344224923875064e-08,1.3717799936143445e-07,1.6269047593297197e-06,1.5938146303417175e-06,1.1898011081316095e-08
d086,0.2025744879985056,6.738819749463337e-09,2.2853531287378365e-07,8.184091313194987e-09,2.3053001980138995e-08,6.502826272835505e-10
g001,0.2634998440602791,1.6816925404157335e-07,4.774904651517141e-07,2.4189127167450277e-08,1.1362040311619246e-08,1.9305132103300606e-09
g005,0.2165528581413196,2.053498729340886e-06,2.4095462741115078e-05,7.028973434301078e-10,1.6202399494835237e-09,8.398810553863296e-10
g050,0.6031074350335759,1.7402152194710958e-07,9.191250492922808e-07,2.191034783840464e-06,5.890213268975049e-06,4.391029895087527e-08
g052,0.3823632125087766,2.2703743685499405e-06,2.869728724737785e-06,6.385584076307675e-10,8.820817061968095e-10,1.0248805099602037e-08
g053,0.6309688478018229,1.7876778020315706e-06,7.515435698812025e-06,1.8171200501229661e-06,8.845990148758129e-06,5.121133860272289e-08
g097,0.3414117361818132,3.4480280645890487e-08,5.122690030441109e-08,5.818022683016309e-10,1.2930026372581917e-09,6.789708474774915e-09
g142,0.4023330687664148,2.3718448997976008e-06,1.2029242139249824e-05,1.6218652518384556e-07,1.0783795302079615e-07,1.1816561562706332e-08
g240,0.6869943362775286,1.2788298891525467e-06,4.879570371297823e-06,2.1081337585739695e-06,3.7850398862441245e-06,6.742247588801068e-08
h311,0.7579073030839674,2.595825957372692e-07,2.891992390987162e-07,2.330294370254406e-06,2.6672475174766817e-06,8.988270277305156e-08
k411,0.5631413669892724,3.6965800286866913e-07,1.6612897475610124e-06,1.2286268179847193e-08,1.7799277260871452e-08,3.50054545854853e-08
k432,0.7039734732901939,9.995950195500788e-07,3.371233531375288e-06,1.8908779771083665e-09,2.2479258408557955e-09,7.215033337188542e-08
m158,0.4592687424293593,6.138671202352402e-07,1.275538344374139e-06,2.221340941909047e-09,1.4479601764551326e-09,1.811410627316614e-08
n278,0.3024565677312314,3.5407093104780086e-07,2.340839699108237e-06,2.6293915437168037e-09,2.8472170906551635e-09,3.903014239323889e-09
n285,0.529176683250381,2.8995265298625955e-07,5.10060434302219e-06,4.058852946558556e-09,5.898614897524528e-09,2.9212758931991444e-08
n326,0.2625009709816941,3.355149195922411e-08,5.2129619182593865e-08,4.835775494146084e-09,5.3069986416392045e-09,1.9013186912709047e-09
p425,0.4562682096888915,2.7385094251017293e-07,5.843913062765803e-06,1.0607714605115485e-09,9.001361910965176e-10,1.770613196618999e-08
b020,0.4247473012812337,9.879349511175281e-08,3.431894993380566e-07,8.515314461744783e-08,1.6360342376725958e-07,2.0518836638363377e-08
b022,0.5266655088863712,5.494346879016817e-08,1.9631394612217758e-07,9.216291007804317e-07,1.319813478912998e-06,3.821411243601932e-08
d149,0.3378507224528648,1.9251967929522873e-07,4.581636100967247e-07,4.074243305207554e-09,3.720915507537414e-09,1.1046458768144491e-08
e132,0.2429207874196188,3.749137512396904e-08,1.1426058280970044e-06,4.5322225692394784e-08,4.786367807190136e-08,2.6161007110007162e-09
e136,0.3598297187074109,5.579597023460939e-07,1.3942856994656966e-06,2.1749901331334796e-07,2.4716414590797797e-07,1.3157460717509828e-08
f011,0.5346816617829064,1.3999966747048037e-08,2.7556991243560726e-07,9.924949111866975e-06,9.286470260879164e-06,4.0025491925928816e-08
f123,0.5246798168642237,2.2973258686915257e-07,1.2134922377250577e-06,1.1654406517840382e-08,1.857643555047771e-08,3.776569721693375e-08
h283,0.4936837341332021,2.7884003475204444e-07,1.0988663482111322e-06,5.52419467749961e-08,8.355424629486934e-08,3.0654109081626616e-08
h319,0.488709472758589,7.552184700470657e-07,3.6980224579856567e-06,7.314828465684231e-08,3.3921895566281985e-08,2.9581856535697812e-08
h359,0.3468353577465037,1.2173313608779715e-07,2.693683264634112e-07,1.020198117482084e-08,4.896454386708662e-09,1.1887109025440275e-08
h363,0.2099413470912632,5.03625353451162e-06,7.856342501011955e-05,2.4145431163715685e-12,2.3544732696809686e-12,1.3080939278195088e-09
n258,0.5176722097412447,1.98236196774451e-07,4.997162020144159e-07,2.8760344901720877e-05,8.175212357063861e-05,3.609306422474459e-08
n263,0.3667998924988842,1.637945366204174e-06,1.5950038403679212e-06,5.315033416997053e-07,1.5157574107884755e-06,1.3865446331159894e-08
p444,0.631567796784452,5.534730707409226e-07,1.101137225861843e-06,3.9337540132063934e-09,2.3340663130252943e-09,5.962761798489086e-08
p454,0.6895282608192435,1.4558279716567205e-05,1.368966562093865e-05,3.8040837145385217e-06,9.456486165867898e-06,7.210216993658456e-08
p455,0.2958859459416527,3.366957250865593e-08,7.678614718365651e-07,2.3939820381822054e-10,2.913830238729985e-10,6.581634849327426e-09
p459,0.700536347487636,8.13526562702603e-06,9.296707730786873e-06,1.4985578342459678e-07,1.6697413879339987e-07,7.698180987665647e-08
q002,0.3458115547673621,3.167677367444219e-08,1.9111535444716284e-07,1.416582779396214e-09,2.108929025691449e-09,1.1789760433054633e-08
q006,0.2888903823388224,1.56783924603235e-07,1.3751680495186905e-07,1.1581304003707669e-10,2.8687133475076703e-10,5.885312490049436e-09
q107,0.6505648400562036,1.5332529926391456e-07,7.246094188539337e-07,6.785015306864579e-06,7.32010169040277e-06,6.233537944748831e-08
q108,0.6215743858226541,1.3951394324628636e-07,1.0932642715848602e-06,2.5229194347623552e-08,3.443319994697919e-08,5.806989473878593e-08
r186,0.3118499002176049,1.3231545188901974e-08,8.476458113920445e-08,1.1826189260573466e-09,9.106819859424454e-10,8.316406601007316e-09
r190,0.3538348756858906,2.5001586014473806e-06,4.04033887801851e-06,4.3403240718354023e-08,3.9932160971621145e-08,1.2563382654044164e-08
r195,0.5406664243958481,2.0627461506894816e-07,7.131693848809216e-07,6.586093461121876e-08,9.401754449084253e-08,4.140519177863071e-08
r207,0.5586419648820473,5.969502378729132e-06,9.419420924360116e-06,4.618924013840581e-07,4.199280778150779e-07,4.5689751145544584e-08
r209,0.4437417347573993,7.710572340504452e-09,8.439452273862858e-08,4.308336580192828e-08,3.076542446254549e-08,2.277032991831953e-08
r212,0.6520721795077176,1.3191202502223732e-06,8.038170181256026e-06,6.675313655586454e-09,1.1812201430604711e-08,6.255280405039771e-08
r213,0.3258575436194026,3.5004776087651296e-08,1.292308081633371e-07,2.910510207661104e-10,5.702532852287371e-10,9.972349381822829e-09
r318,0.2199329305488304,1.5811432940364355e-08,1.0371099084979042e-07,2.8031867135183695e-11,5.592883818763614e-11,1.5901603123716953e-09
r322,0.5126645936628196,4.940521837134414e-07,1.2495553279670805e-06,1.8955712387386112e-06,3.6080657312441764e-06,3.492101402500238e-08
s350,0.6805327501170186,6.651998777058589e-06,1.2111172047508594e-05,1.4695347291851858e-07,1.205286893569927e-07,6.823327558294755e-08
s351,0.7265073201831505,5.600590949654499e-08,3.137788922463519e-07,1.7128510400763306e-08,2.9850168914701887e-08,8.932562170001016e-08
s354,0.5576385258377068,5.026018203119733e-06,6.6460059525415615e-06,3.4040805831546274e-08,3.4494330069445826e-08,4.5445018509032106e-08
s355,0.6685384476530045,3.6695236095929525e-06,1.0112980745195665e-05,8.530381721239579e-07,1.8701258652408327e-06,6.495261695710739e-08
s372,0.7055128567415452,3.440663738376047e-07,1.1239220634087032e-06,5.907128746091301e-06,5.5630728320240336e-06,7.924022222963288e-08
s373,0.6495822129900819,4.01443569312785e-06,1.521275571129719e-05,4.983401810073646e-08,9.938519059974855e-08,6.219384524435397e-08
s380,0.6345886281866271,1.7832153875440702e-06,1.8943497099882717e-06,2.1109091239084684e-08,1.8245237422056326e-08,6.005417486420061e-08
x020,0.648569981548516,4.073394242893105e-05,0.00013300185383843336,1.4443936652305803e-07,4.158394375407033e-07,6.204821513333326e-08
x034,0.5296896841528145,3.821207329106033e-07,1.085678277728549e-06,1.946675035786624e-06,2.092109618015554e-06,3.889254694882413e-08
x066,0.3278590246405002,4.2400001388868e-08,7.858110599164976e-08,4.1889699806632087e-10,6.987783457248105e-10,1.0147783815709728e-08
x071,0.4857209163159626,4.161699820758774e-06,4.740468533536882e-06,6.499206652320198e-07,1.2011425182157582e-06,2.8946822238302017e-08
y125,0.3098502058649615,1.2445965322546973e-08,1.9953758596310889e-07,2.150216884397402e-09,2.4868521820547193e-09,8.087999045429554e-09
y143,0.4617221329773824,1.8270724915567393e-07,3.8498689668642377e-07,3.219836852136849e-06,3.509770268502224e-06,2.5006719283602096e-08
y151,0.582634479614266,0.00015902884678922362,0.00019293657837836085,1.5589564150452413e-08,1.7019199689807693e-08,5.1088425865543026e-08
y154,0.6525751575260195,9.147250952511818e-06,3.140603502908653e-05,1.6916079210529494e-06,2.2010775703000933e-06,6.26254398169355e-08
y158,0.4846988233451736,1.6543877326016794e-08,1.3093705439435153e-07,1.8494188516539783e-08,1.2821623189940003e-08,2.873122030568123e-08
y163,0.6285693260996805,5.212984118976521e-07,3.805906120515486e-06,2.265159735555028e-06,4.50667441758633e-06,5.9205722007591465e-08
z181,0.6185893802843139,2.4407997981006747e-08,1.0902899695801187e-07,2.431736884507615e-07,1.634137238210331e-07,5.7518899735500286e-08
z202,0.219920007552925,9.158555385751839e-10,4.400378449701235e-09,4.084895507856615e-11,1.304577561659591e-10,1.5897777190963788e-09
z203,0.2489128322906317,4.282696229886352e-10,7.823550810007672e-10,8.179516100892825e-09,1.2201653815471346e-08,2.9471303528066876e-09
d058,0.5822986628335332,2.7770540303781976e-06,1.4676448059781707e-05,2.4938205643210448e-06,1.0008003287395099e-06,9.573252266966156e-08
f041,0.556325685874058,3.347342529014868e-08,1.7322298471943046e-07,6.137617571917862e-07,9.276122320826586e-07,8.685100406877967e-08
f235,0.4154926787464625,9.178549542103266e-08,1.5426567070081222e-07,3.3547052104347967e-08,1.3785378679155977e-08,3.610691938883729e-08
g120,0.5044023834831273,6.662777324628047e-09,3.0540526980664157e-07,8.26891686425372e-07,6.474660417193954e-07,6.583532030749688e-08
g230,0.3905191533901728,8.69781082563195e-07,1.340202726233181e-06,8.638576063086289e-08,1.1237562847869334e-07,2.9209320667425924e-08
k425,0.2686567337013641,1.336309404052126e-10,3.1764329110917664e-10,1.5100015493801204e-08,6.109405684187286e-09,6.714997412699865e-09
k430,0.5743282404936323,1.819622987508747e-07,1.717490828427235e-06,4.618989946452951e-07,8.971982412930602e-07,9.327210469888832e-08
k448,0.4074898064083947,1.709273257500619e-08,1.9180860569409418e-07,4.0505766026458236e-08,3.601182339633115e-08,3.381702193728832e-08
m001,0.2856194697877432,4.7411743213514137e-07,2.017695368881458e-06,1.8746386123203585e-09,3.3188285793814204e-09,8.789239121502663e-09
m027,0.2876195094507323,8.06585407979541e-08,2.7778718748170146e-07,4.880919880260804e-09,4.827653402894887e-09,9.11818643084978e-09
m062,0.3125933768214286,4.751909584460488e-09,2.5107021365883513e-08,1.5415317113289067e-09,2.0203195268746396e-09,1.3734485123658437e-08
n246,0.7041997244415104,3.827378579067692e-06,1.4147923451032517e-05,5.106886402755008e-08,7.728799473169934e-08,1.477346174864877e-07
p445,0.8050809213896892,6.85455006745395e-07,6.232470721752816e-06,7.624164168528168e-06,1.3182416533414067e-05,2.0101293242286886e-07
q022,0.2246966383433939,1.629048875191345e-06,5.363673140519545e-06,3.45951339916521e-09,3.6251794699435912e-09,4.103374350646328e-09
q048,0.4384830661725869,1.395012547790865e-07,4.632455651311158e-07,1.1613374558650949e-06,1.1423648621554414e-06,4.234327186277805e-08
q069,0.2606551436080841,1.0521354498853752e-08,3.3131396898036976e-07,4.933717399421843e-09,6.560402686526315e-09,6.192930197235571e-09
q102,0.4334851710712231,1.84848254427795e-08,3.191477477577971e-07,0.00011587419725488085,8.096928936917263e-05,4.105932739215191e-08
q112,0.635247516353769,2.0449062650497325e-06,2.692072194699185e-06,5.992562737549712e-06,5.229064893007932e-06,1.1490567900491479e-07
q114,0.6851906671418928,8.681375761005803e-07,7.216851716243578e-06,3.2084426405924967e-05,5.86693086845437e-05,1.4157555321218023e-07
q125,0.3475510501498322,6.84226031472018e-07,1.6902115359896745e-06,2.2548853446750946e-08,3.315859142616195e-08,2.0159213896834445e-08
r185,0.1777472901435295,1.6980283303799526e-09,5.9722197775995696e-09,7.655094109165918e-10,4.770439172800379e-10,1.5938941643382036e-09
r206,0.6082997539622976,3.511259442850941e-07,6.273689762762257e-07,2.357004371246839e-06,3.4002396235747702e-06,1.0383922934199819e-07
r311,0.7970841283453916,1.866619205788176e-06,1.2013567533534525e-05,2.2730627251761347e-08,4.063114297304584e-08,1.9854943495456087e-07
r317,0.7341569340785563,1.6509887662248661e-06,8.398835375737162e-06,2.4145238977120816e-07,3.1944250181352684e-07,1.6113754698179765e-07
s340,0.5293587014211465,1.1798026761942447e-05,1.2092732248452002e-05,4.544482866009725e-08,4.499663001091326e-08,7.766088655414715e-08
s346,0.2686427786647203,1.0168631055963495e-07,3.415326946569337e-07,1.6622047974763947e-08,2.6392383594251067e-08,6.7140685220224506e-09
s347,0.3115880212286437,4.942995080967705e-09,1.9162376454613687e-08,1.298986996730857e-08,5.89978684178167e-09,1.3530448394499173e-08
s349,0.2136988338253225,3.067749668074337e-11,4.796752635121359e-10,1.5740837130562165e-09,1.6576678026505738e-09,3.4110555040146217e-09
s377,0.3974998568329322,8.857994520499272e-08,3.318296393275833e-07,8.567996609328655e-05,0.00019787980854648406,3.106381326174372e-08
s379,0.1907268376952167,4.4223885207359047e-07,7.97065833280794e-07,1.1660461265357825e-09,6.518322332681095e-10,2.171154523901281e-09
x017,0.421491797726971,9.088151782940564e-07,1.3881065423071374e-06,3.376493509862274e-07,1.7027959854532922e-07,3.787266413291637e-08
x025,0.3535663767394223,2.635592904534657e-07,2.613750431460696e-06,1.0006088337579293e-06,6.113086959078851e-07,2.1234085482839694e-08
x028,0.5983095165835612,3.0718631232123423e-07,1.3427827674201903e-06,2.5582153777068814e-05,3.199746327913182e-05,1.0068546848127975e-07
x033,0.4034985749098787,3.056944485392667e-08,4.564729408157606e-08,2.1259392830310746e-09,1.9001593697315444e-09,3.270302650831724e-08
x080,0.3705386984230403,3.795902283688212e-05,5.9470551814301384e-05,9.470206410973394e-08,1.520226587253451e-07,2.4417352054304168e-08
y134,0.3155840395291955,9.727428045232899e-09,3.0244043556192386e-08,1.3615636427281936e-08,1.0002231600953817e-08,1.4350466568341192e-08
y137,0.3725373086861503,4.948001209519208e-07,1.7214661302991927e-06,5.770189977814915e-07,5.158187631756195e-07,2.4806830055587322e-08
y145,0.5503412970173374,5.6543657010788924e-05,7.381259621268906e-05,1.146152817644362e-08,1.3642133277042937e-08,8.476721793440612e-08
z180,0.4564469363349168,5.334118941721602e-07,1.1937921464173414e-06,1.944016171160863e-08,1.7520447506148072e-08,4.712134426614153e-08
z183,0.2856362015520499,5.724145137154514e-07,2.6828350766751684e-06,9.245469392083718e-08,1.309171212716266e-07,8.791965935595947e-09
z185,0.4055162078866587,2.712026340351531e-06,4.687803674513959e-06,1.237409266593562e-07,1.935883407478811e-07,3.32638376099403e-08
z187,0.294622657062044,6.155829875690693e-08,7.122110438648503e-07,6.005367226656043e-08,2.9559732678423262e-08,1.0317622257332895e-08
z200,0.4534602691398615,3.5110863921179024e-08,3.109656647826727e-07,2.1297629581151071e-07,2.485620367902176e-07,4.6309244376960214e-08
z208,0.5283780122927622,2.9346196184835813e-07,7.002300222350372e-06,4.803219860440846e-07,3.6707540803178565e-07,7.733635811959058e-08
SN2005fr,0.286619,6.431544147973143e-07,1.5400270239396231e-06,2.6463858701978418e-09,1.8954364894166823e-09,8.952876867281539e-09
SN2005ga,0.173146,1.3823239350996433e-08,4.5630111166705644e-08,5.299671344536542e-10,3.23582380262389e-10,1.449755312955436e-09
SN2005go,0.264048,4.043956738071479e-09,9.412356674198501e-09,6.630892180656367e-07,8.295774416389402e-07,6.411719065963611e-09
SN2005ia,0.250368,7.38200614356828e-08,2.3371436220862846e-07,2.4745871360110335e-09,2.802681366787579e-09,5.552777347477789e-09
SN2005lg,0.348852,8.89171733618568e-09,2.4557492283359786e-08,1.720102374832729e-09,5.22315612743745e-10,2.0389313204881956e-08
SN2006hc,0.226685,4.880988496096877e-12,9.897748934571276e-10,1.4168745130273354e-09,9.633709703927885e-10,4.211738006109502e-09
SN2006kd,0.135136,1.4371730402044297e-08,7.613296715118656e-08,1.3339034705752474e-11,4.1244058048876805e-11,8.49288540708776e-10
SN2006oj,0.374254,1.6789520156845696e-07,4.4070761616018983e-07,2.4750206277646772e-08,3.913200999381875e-08,2.5143829602019706e-08
SN2007kv,0.266866,3.217776221930396e-08,5.869594282708383e-08,1.7969997126605487e-09,1.0434258111923272e-09,6.596325478309014e-09
SN2007lh,0.196713,7.882442112117199e-08,2.8323394665689835e-07,4.2194994680184794e-11,7.187230396897039e-11,2.4673864448054367e-09
SN2007li,0.118589,3.265380949314552e-11,9.825221342311076e-11,7.902727216036708e-10,6.848749677978113e-10,7.161188097770446e-10
SN2007mc,0.153167,3.886291357688746e-07,1.3559062036870536e-06,1.0733735885165953e-11,1.9140421982892508e-11,1.1142374084133025e-09
SN2007ri,0.19025,1.7597814377058162e-08,3.632022361729748e-08,2.2014877304259196e-11,1.0504448455543285e-11,2.148372014393575e-09
CLF11Ves,1.206,4.3190826855178624e-05,0.00012734762363467064,0.0004651114402502074,0.0008186104911246395,6.219907245303254e-07
COS12Car,1.54,6.450117857573532e-05,0.00012139854413927817,9.670927454620424e-06,2.3155276296238002e-05,4.5228455777497266e-07
psc000010,0.2471413762236129,6.576300666915408e-10,7.075205881196938e-09,3.4562173794923244e-06,3.322284508745269e-06,4.979139563056709e-09
psc000011,0.3828039783932564,7.325347923034521e-08,1.8457631880205294e-07,1.2697462391628321e-06,1.2010461149141523e-06,2.228361617848343e-08
psc000190,0.1035732411342278,2.614052604321909e-11,3.3022965588869185e-10,1.3078986095489208e-13,1.0334205863897198e-13,2.793460110035711e-10
psc000196,0.3518679902160477,1.215563352286959e-08,1.0133438658437284e-07,9.746898542461319e-09,5.239817926496624e-09,1.758156840327402e-08
psc000199,0.3728025452272032,2.2886988596638438e-07,2.0910239314046014e-06,1.3691301363423733e-08,1.8409862919334085e-08,2.0878077761305376e-08
psc000202,0.6210891501794382,4.5475964255830694e-05,6.789506209275619e-05,5.048823396362909e-06,1.0729824140722504e-05,9.749977253130147e-08
psc000215,0.4678066227508932,6.28931982994298e-08,5.578071614561827e-07,1.4352645657347706e-08,2.784558477011765e-08,3.673448397344826e-08
psc000220,0.2210194615316887,4.335055837406299e-09,1.4631512385091739e-08,4.05057273167367e-09,9.748379269973717e-09,2.969304044387486e-09
psc000420,0.312724824964889,6.866695632597262e-09,1.1910384581374348e-08,1.9194251834463935e-07,9.60956250195425e-08,1.2181234292900886e-08
psc010010,0.1006879465783943,2.4202547491254493e-10,2.6068459255392116e-09,0.0,0.0,2.793460110035711e-10
psc020132,0.1479361635996869,1.6811458531828165e-07,1.8074746976102006e-07,1.4018201027118784e-08,1.727728956516217e-08,6.999961416148456e-10
psc030066,0.2267201596955634,1.5780031935981474e-06,1.7269379414726395e-06,5.987737246066854e-08,3.184008472759027e-08,3.2557482166715997e-09
psc120044,0.4817101009062614,1.2432524464481874e-07,5.946282462256423e-07,8.011949892035382e-06,7.26351766320128e-06,4.101517573027401e-08
psc120085,0.3233409546788404,1.0088833793838655e-06,2.2416958450000755e-06,1.1669953596057008e-09,2.670291131943245e-09,1.3545746455592926e-08
psc120086,0.3937252743955159,8.012533094863847e-08,3.8341411443591424e-07,1.6617984557212041e-09,1.1788164641522997e-09,2.3785355118469e-08
psc120094,0.4528921059926545,1.367967621544076e-07,1.6727604010765043e-07,1.0287877993386778e-07,1.212800238991339e-07,3.369261501677072e-08
psc120336,0.1625452861757323,3.546452232932576e-08,7.268286575543166e-08,6.605902021943396e-08,7.013173987563283e-08,1.0669186429986735e-09
psc120369,0.3317541974359217,2.9797358926734978e-09,1.5906824203534832e-08,7.178841934824925e-09,9.424650522646423e-09,1.4680948521028937e-08
psc120400,0.3527637780571004,1.4243756201438973e-09,4.627757847001329e-09,4.441028918565128e-09,2.164143558594612e-09,1.771682851183895e-08
psc120706,0.3309410910405495,1.7036206380293122e-06,2.54385474006506e-06,3.142473797603521e-10,3.066563633206897e-10,1.4569185434139725e-08
psc350192,0.3027018134457813,8.518013070938905e-09,8.315777795035073e-08,1.0903454889172025e-08,8.400653637738702e-09,1.0959422728573076e-08
psc350233,0.1705491789665425,7.17020358263835e-09,5.648240600905474e-09,4.345127128473326e-11,8.49792180994752e-11,1.3006086612077064e-09
psc370098,0.2232190330734886,2.190333166404119e-10,8.63289017324369e-10,1.010288758953489e-09,1.7602005557961856e-09,3.056067613121216e-09
psc370344,0.3327502666087176,1.4000056621426212e-09,2.7297204759950507e-08,4.369436103712633e-08,3.028501508821175e-08,1.4818442195187851e-08
psc370367,0.4729031521696663,7.096462120381262e-07,1.0227493686628693e-06,3.982924988041742e-09,1.1487345307517961e-08,3.78040721746873e-08
psc370369,0.1925953944990295,4.942423497813639e-06,1.6744601291080845e-05,4.5937365894592235e-11,2.992809592519564e-11,1.960493594371182e-09
psc370563,0.1868832135440752,2.474445739225167e-10,2.2096326673871673e-09,1.6535547404307184e-08,1.779486772926059e-08,1.782938412784273e-09
psc370589,0.3065028078470093,7.562400580721441e-09,3.092530552559443e-08,7.030642821875698e-09,1.059882450820343e-08,1.1415167723051792e-08
psc370595,0.1771736749742396,2.745026497086828e-08,1.4879507697320548e-07,9.623525488384724e-10,9.995364742961127e-10,1.5004656986787115e-09
psc380279,0.3505627222227441,3.938524653507542e-08,2.2472595826750174e-07,1.7569474769459872e-07,2.611842007042685e-07,1.7385406401391996e-08
psc380318,0.3393533406417022,1.380251327416496e-09,5.837415518546776e-09,5.313606833518732e-09,3.6580781602651183e-09,1.5746111191442883e-08
psc480464,0.2240147751300472,1.4759812821112392e-08,1.327889022292242e-07,1.2213297702118278e-07,1.257062272907411e-07,3.087763956987237e-09
psc490521,0.3427510811549834,8.299955329937963e-09,3.120851141244081e-08,5.964529673994412e-06,1.163623479818074e-05,1.623443552557624e-08
psc580235,0.3327474015706093,1.2921767637543597e-05,1.91539030876419e-05,8.679383210094341e-08,3.66898713619654e-08,1.4818045797013308e-08
psc590005,0.1762769106313619,9.645519551405197e-07,2.586330058097652e-06,8.465024175563294e-12,8.02397965739967e-12,1.475604915206152e-09
psc590031,0.3810954593593509,3.9237583709563056e-07,1.4094816166931697e-06,3.4383113106219676e-08,8.5915591861476e-08,2.2053114600586983e-08
psc590191,0.2223212356458184,5.4125979633638666e-09,1.6679962433295326e-08,1.6519346675720516e-09,7.047599039012211e-10,3.02050248273798e-09
04D2al,0.8381396284800389,9.372741395689484e-06,7.634001063379385e-06,2.8267068388676326e-07,2.6119468896573385e-07,1.6995549042064434e-07
04D2an,0.621885935958294,1.3405130925603843e-06,1.5145911900104804e-06,1.0193041651026502e-07,1.732596839545242e-07,9.777911082996824e-08
04D2cf,0.3705968367024312,2.589423992167381e-07,1.11009885548326e-06,1.4845883495535013e-08,2.566334952330741e-08,2.0517409129386062e-08
04D2fp,0.4166426515318469,5.306109931188297e-08,2.0018380115270652e-07,1.875526618211473e-08,1.7169014444366416e-08,2.7095804560100262e-08
04D2fs,0.3585798757633602,2.359241387068964e-10,5.664034941595724e-10,2.9613947257721896e-07,1.9260775937528893e-07,1.8607641530379558e-08
04D2gb,0.4516922811642729,6.158503205329776e-06,8.201211722234015e-06,6.465223396935613e-07,1.360218158948804e-06,3.34536189544274e-08
04D2gc,0.5227734252330178,1.406544162860488e-08,6.196823022213396e-08,1.0456916202618805e-08,2.4380738750255917e-08,6.004993970562134e-08
04D2gp,0.7340091439850092,1.8358316404844898e-07,7.223449259307255e-07,3.5367851682438783e-07,2.2388745004142104e-07,1.3307711006900232e-07
04D2iu,0.7019778607451859,8.057078546198325e-08,3.084474832787886e-07,4.6643103755237726e-06,7.799760681508989e-06,1.250321724733629e-07
04D2ja,0.7420212186147372,5.525998273392935e-08,1.518521107581422e-07,3.553280838676729e-07,3.503987804707304e-07,1.353398311115361e-07
04D2kr,0.7461315870865173,1.7328034791718272e-06,1.0894554713507439e-05,3.091069402913439e-05,3.766111167702313e-05,1.365080592505408e-07
04D2mc,0.349569813455576,8.721341386847579e-09,4.9763046710722246e-08,1.9820754653722865e-07,2.7553221359511017e-07,1.72369242091645e-08
04D2mh,0.591847570053369,2.4939840576986256e-07,1.1617583898037426e-06,7.888556322672544e-08,6.855192249502998e-08,8.752463780190026e-08
04D2mj,0.5147579209809385,7.614890004664768e-07,9.099991169733162e-07,4.6884873332481287e-07,4.418766934333249e-07,5.605023974684917e-08
05D2ab,0.3245419921438641,1.452574657696302e-06,1.086863044925617e-06,8.294859752813465e-09,5.442686929957296e-09,1.3704678329267385e-08
05D2ac,0.4807148878056102,9.893022193888002e-08,2.9008012475497653e-06,6.176202459970325e-09,8.193335773901382e-09,4.0598746340427925e-08
05D2ah,0.1853802384382787,1.7256837241337836e-10,8.835311841013871e-10,5.199962176003585e-11,7.008265052920092e-11,1.7376207744915229e-09
05D2ay,0.922235444724284,3.3826461724624815e-06,1.1287167464076371e-05,5.342356211028002e-08,4.226051297213059e-08,2.1013353248122678e-07
05D2bt,0.6819549311831292,8.89434295644957e-06,3.273757348500093e-05,3.1412889263870667e-06,5.240431515603841e-06,1.2032538518049225e-07
05D2bv,0.4757183488291103,8.011526771601466e-07,4.520943115370016e-06,8.402610117761656e-08,8.869409990973816e-08,3.854014573007058e-08
05D2bw,0.9222243599237224,1.645916899036518e-05,2.5164399863106895e-05,7.62173954481686e-08,9.04585631046502e-08,2.1012784302085819e-07
05D2by,0.893197041137191,3.7833531883395667e-06,1.0133311633867597e-05,1.4474920813809568e-05,5.5235612107129335e-05,1.9549327344683728e-07
05D2cb,0.4286564062199565,4.862678876320289e-08,2.510626444257779e-07,1.2062478927738563e-08,2.387695259590408e-08,2.9029997615601167e-08
05D2ci,0.6318943633368803,1.883682372908689e-07,2.2746624295173846e-07,7.306607268424767e-07,7.353452886870101e-07,1.0150222215408054e-07
05D2ck,0.6999732966947172,5.060717923760917e-06,1.276886855797014e-05,1.1155338637016205e-06,9.599099849670083e-07,1.24556892264006e-07
05D2ct,0.7360205160199913,1.774658624235671e-05,3.2674399821249126e-05,1.430969510231274e-06,1.8970472293625993e-06,1.3364335621608294e-07
05D2dt,0.5758346987710707,7.520438883488674e-08,2.7069339385485347e-07,1.3226385230287932e-08,1.53573095604967e-08,8.229023836792837e-08
05D2dw,0.4186441408963357,1.5510608609799333e-07,2.918805009547192e-07,2.06526292125319e-09,2.0863585495543194e-09,2.7395160315625837e-08
05D2dy,0.5117573929890427,4.7246358510552884e-07,1.020128453887535e-06,5.3959864906559105e-08,3.149306408946503e-08,5.458844537480812e-08
05D2eb,0.5357823092612091,7.884357663356813e-09,5.71442304444174e-08,0.0007069709961170171,0.001664162235896743,6.542097112180393e-08
05D2ec,0.6419054753419982,3.533058701049503e-08,1.2103611325793068e-07,1.910217326317844e-08,3.273256978994845e-08,1.0537895044127461e-07
05D2fq,0.7350091593347272,1.512126370448195e-05,2.457756716429916e-05,1.7659202307550345e-08,2.866272881450262e-08,1.3335848646033298e-07
05D2hc,0.3515705414575896,8.625264264157939e-07,4.702684827830795e-06,3.78366226910514e-08,2.380297259311046e-08,1.7536769547308945e-08
05D2he,0.6098719484868826,6.785091937136019e-07,1.1771222711831274e-06,2.114254954933215e-06,2.02839509103405e-06,9.360963953680136e-08
05D2ie,0.3495667932089419,1.228461487853795e-06,1.9104595160713836e-06,1.6033746710633966e-08,4.4933935631766346e-08,1.7236473524968956e-08
05D2le,0.701981657360887,1.4545012162494942e-06,1.7969032960975443e-06,3.996740707270312e-05,0.0001241997229416849,1.250330735060002e-07
05D2mp,0.3552712971364582,9.704396340477068e-08,2.079909113084881e-07,1.3116535834115573e-09,9.455526779293575e-10,1.8098209176096338e-08
05D2my,0.9832953945276344,6.648123030467122e-06,1.2481335210732588e-05,9.376388358425842e-08,1.6106211445717762e-07,2.344061831849943e-07
05D2nn,0.8721662860714812,1.3591576430696397e-06,1.1567697413424352e-06,3.882598428296814e-07,6.479124834149242e-07,1.8528206959154366e-07
05D2nt,0.7590437209508101,8.534160083136145e-07,1.8256721940406822e-06,6.331155000488552e-07,1.3346688923826456e-06,1.402105365063142e-07
05D2ob,0.9262351300229984,5.458424054771991e-08,1.922837697533051e-07,7.051635407279911e-07,1.5863977215762986e-06,2.120387949044345e-07
06D2bk,0.5007390340923337,7.18986656433007e-08,5.012105598428216e-07,4.453949978589649e-09,4.03202171026986e-09,4.9386219218111305e-08
06D2cc,0.5337777284016159,1.652587132806631e-08,6.056041180135105e-08,2.886153737201983e-05,4.2841146498728505e-05,6.462280350805488e-08
06D2cd,0.9322438482463464,2.4152585313877368e-05,4.015446506562997e-05,1.626614206029767e-06,1.2760825526321275e-06,2.144007942642044e-07
06D2ce,0.8221170817063757,1.977714017947376e-06,6.906632190600508e-06,1.953619440629657e-06,5.055608167291449e-06,1.6306485772473698e-07
06D2ck,0.5538091969367016,3.616374249484503e-07,3.0997578734349623e-06,2.023595833700927e-08,1.047022623601656e-08,7.281888964018694e-08
06D2fb,0.1253068253746083,1.604002710531864e-11,8.62128345812468e-11,1.0323140090695681e-10,1.347797680093967e-10,2.8372012360476485e-10
06D2ga,0.8421373828261558,2.660251322727124e-06,2.1802324834244222e-05,4.1109149911174595e-06,7.312456516524194e-06,1.7172189587587664e-07
06D2gb,0.4436787924195877,1.1006001741404483e-06,2.5583384540859748e-06,4.362284437151926e-09,3.5876461818772774e-09,3.1879206281100546e-08
GND13Cam,1.222,7.046115137614907e-08,4.794140167059932e-07,9.853486883573226e-08,1.3970277918484965e-07,3.7418582903477854e-07
GND13Gar,1.07,8.128264233834033e-07,2.4606764655646505e-06,5.600439060281516e-06,2.8169854582800152e-05,2.4156181767592464e-07
2002dc,0.4755910893152391,3.0714424618909776e-07,4.653556733175506e-06,5.958359690636362e-11,9.37992515743961e-11,1.7769617299871005e-08
2002dd,0.9507815535104756,5.755848973809736e-07,2.058730446139868e-06,3.6690374529728396e-09,4.201671323540568e-09,1.7606699568675694e-07
2003XX,0.9357753521697538,5.669609393701044e-07,2.140043264786497e-06,1.973138220830388e-09,4.838905295316086e-09,1.6813538192800212e-07
2003az,1.265902792406533,2.404467676058254e-07,4.250982863568034e-07,2.3535874889134405e-09,4.654775420173111e-09,4.2318774142520776e-07
2003bd,0.6706683052343887,5.789022398103395e-07,1.54175864061148e-06,1.5218159043273508e-10,2.63339350365369e-10,6.532137385534464e-08
2003be,0.6406610524654051,3.5373001456117586e-08,1.6447376717871754e-07,1.858093266240184e-09,1.1528381533545138e-08,5.6695422547371406e-08
2003dy,1.340938324062687,1.9340350353409995e-06,3.157153056503583e-05,6.649233622556089e-08,6.083386488983407e-08,4.901934885286837e-07
2003eb,0.9007604609419082,5.512825011454423e-07,2.358201400916107e-06,1.0521239219575142e-09,7.098753516395286e-10,1.5078958434628138e-07
2003eq,0.8407355137928809,6.669376519583295e-07,1.8527642722990503e-06,5.816865345225049e-10,9.023018949805404e-10,1.2765739475084316e-07
2003es,0.954782890965173,1.7861859055176143e-07,6.99124332222659e-07,1.377371011298498e-08,1.2611650794693296e-08,1.7821279481668278e-07
HST04Eagle,1.0208082465825936,5.317368072380467e-05,8.826396013717742e-05,1.5250789933968016e-09,1.626060718149777e-09,2.1479872226346223e-07
HST04Manipogo,0.8547418671331191,7.099624154666064e-07,7.394771196971126e-07,1.508729205221131e-09,1.6401366322424024e-09,1.3214488665825898e-07
HST04Patuxent,0.970783635569236,1.3965672558916424e-06,4.731994304899895e-06,3.6533315017455086e-09,2.401572970952443e-09,1.869234221820543e-07
HST04Sasquatch,1.390961254833751,2.4447491630528346e-05,5.232824746243038e-05,7.097492258285312e-08,1.113472043184948e-07,5.07665238058158e-07
HST04Thames,0.9547829780306976,1.2040081331119322e-06,1.5329875457653483e-06,3.8808240699276754e-09,5.196592019280399e-09,1.7821284164875425e-07
HST04Yowie,0.460585879578135,5.239975794846299e-09,1.133689381068974e-07,1.0988234074973599e-10,6.709341977195589e-11,1.5476477761010226e-08
HST05Ferguson,1.0208088528200356,1.3277275756156174e-05,4.692193496656723e-05,4.4992778656457575e-07,1.0408830690461882e-06,2.147990710347966e-07
HST05Gabi,1.120851440993896,1.2230605108140403e-06,2.394685130479873e-06,6.804758687145325e-08,8.461649979850798e-08,2.805573100743666e-07
HST05Lancaster,1.2308936461459623,8.940705608413951e-07,8.665520624493485e-06,2.5371551418291894e-07,1.650277754717032e-06,3.84063971749114e-07
HST05Spock,0.8397353486100381,7.508653509386596e-07,3.221088448234403e-06,2.020402565245254e-10,7.387784496667106e-10,1.2733991738562058e-07
HST05Strolger,1.010807871257824,3.1759462273473555e-07,1.5710713301898144e-06,2.4126137759473995e-08,6.016095590265464e-08,2.0908398479823672e-07
ps0909006,0.2824673153502095,8.967169111489321e-09,7.385540155061802e-08,4.152557376924269e-10,4.890351192290296e-10,3.1292324646589006e-09
psc070003,0.1350502497723482,7.229693363310371e-10,9.567654723714301e-10,3.9034938005892746e-13,2.3735066708518585e-13,1.720711261357465e-10
psc070459,0.5293805390412505,1.503873663797184e-05,2.4906119735191012e-05,2.9282896589567674e-09,2.425402877616066e-09,3.857151029696398e-08
psc070567,0.1676094444865306,8.643125951290165e-09,4.258095384578968e-08,1.0443446521733216e-12,1.7678065152850585e-12,4.552071791922991e-10
psc071032,0.282262912147051,4.999820241104242e-07,8.441500337543961e-07,3.220443253947493e-10,6.290550529742346e-10,3.120894484289222e-09
psc080646,0.3170222307394366,3.473213850188139e-08,2.946019318026728e-07,1.5079778257891852e-09,1.8265495590010981e-09,4.69867603365045e-09
psc080735,0.6318528453030889,4.3062873774439116e-08,1.738128665439902e-07,7.085785008110843e-06,1.9259000370846457e-05,7.207458704901654e-08
psc180417,0.3067462683217206,1.1874205415402553e-08,8.981359682223364e-08,1.0823424382675157e-10,5.784901955130202e-11,4.198743057368958e-09
psc180561,0.2273292454502817,1.8858353891939407e-09,8.604375317560492e-08,4.6861941394529043e-11,5.5439648301526916e-11,1.4430462632198923e-09
psc190209,0.3652751714540294,1.6210588846850345e-08,6.199626988047639e-08,8.135267803466837e-09,7.009279884056013e-09,9.142842041375135e-09
psc190230,0.1386413098712764,2.9874702174969065e-11,1.2141987692638082e-08,5.421264355416027e-13,9.545839912486866e-13,1.9667196265355609e-10
psc190260,0.1422406880419524,3.438388749688838e-12,1.7411737117807779e-09,2.2625027392064886e-13,1.7395146336949596e-13,2.229785806564146e-10
psc190327,0.3282157300420041,5.825854961036372e-08,5.4990599008832754e-08,3.12938145199596e-11,3.021177820166823e-11,5.3856013286992345e-09
psc190340,0.1370419120705481,7.222713716470766e-10,1.3416231949935107e-08,5.421839037780168e-14,1.0041891307829556e-13,1.8551222870249565e-10
psc420159,0.1796917076690383,1.1094157835906187e-12,2.0111496457743035e-09,2.9767732379354887e-13,2.3860362998839466e-13,6.011633985128636e-10
psc420407,0.2440178865569899,3.403748924976165e-08,4.915388413344689e-08,1.1623677762209866e-11,1.4242313336062288e-11,1.876480639581645e-09
psc420414,0.2912582348240433,4.5840272230270354e-10,9.165569765272664e-09,2.399509767472065e-12,2.4548926149524788e-12,3.498356515402493e-09
psc420417,0.3597827757060667,4.167109666447724e-06,1.3093221501554454e-05,2.8108037669905165e-07,1.8009013895762516e-07,8.52360680145203e-09
psc420435,0.315832685460782,2.26632172990895e-08,5.729520671489752e-08,2.426542732374226e-10,2.061597245012445e-10,4.63936499563259e-09
psc430003,0.3272232745400913,3.4151388309588574e-08,5.342118607917419e-08,2.0378051244277422e-08,8.366036135104573e-09,5.2985723573290925e-09
psc440050,0.2842647284136421,4.172673068644919e-09,1.2105108738513015e-08,1.1134240399373296e-07,2.103394491884745e-07,3.203031190367974e-09
psc530037,0.2672946908197178,8.770420440722149e-07,1.4566278937625308e-06,1.8230961163237508e-10,1.5348091967324875e-10,2.5759441907763557e-09
psc530251,0.4101100775326498,5.242201616242587e-07,4.059493546222844e-07,4.907374804772618e-10,3.3282666578796027e-10,1.502314136872341e-08
psc550137,0.4193019486926472,3.392379101382638e-06,8.469378640134196e-06,1.4835594118169765e-09,1.2621238022780177e-09,1.6408933737847624e-08
psc550197,0.2467107226231657,1.1890718171010129e-08,5.755837079596772e-08,7.476731698142986e-09,1.2821536707851051e-08,1.951743967206841e-09
psc550200,0.2525120467035915,1.1313609088716562e-08,2.0441850596770163e-07,1.4082665379172788e-10,2.2293967327048485e-10,2.11891603265009e-09
psc550218,0.386151944063932,1.2910595352885908e-10,9.804795303874325e-10,2.310188476615868e-09,7.804293751055425e-09,1.1698444123631196e-08
psc560150,0.1978682429246356,7.560370321537906e-10,8.877651244076403e-09,5.7428047888453874e-11,3.953070187331418e-11,8.775511709634161e-10
psc560152,0.2473040430801116,3.0037493238604437e-05,9.693282192002198e-05,1.4857855504481757e-10,8.85608298348649e-11,1.9685259044027527e-09
psc570025,0.2972448958228746,1.1147228074675514e-05,1.4823138994006954e-05,2.2765841135535266e-08,3.008798986904887e-08,3.761508362106382e-09
SN2005fe,0.215653,3.884245998274081e-07,8.587366264252637e-07,6.454360538861764e-11,3.9976596390576216e-11,1.1984278221182298e-09
SN2005gf,0.248351,5.137202102047298e-09,2.8843672411782364e-07,2.666202099341138e-11,3.0028097435743165e-11,1.9983140777659496e-09
SN2005gg,0.229666,1.025580747785739e-07,2.4054398220487064e-07,1.1273515010921792e-11,1.5832519984382332e-11,1.5003140020856228e-09
SN2005gs,0.249612,1.905284692106933e-08,8.43941013158853e-08,5.328779838855122e-11,3.1713328065837336e-11,2.0344892009238435e-09
SN2005hv,0.178391,2.4545743478576185e-07,3.867924244823765e-07,1.7184748354703742e-08,9.382865169295076e-09,5.833834287471883e-10
SN2005ka,0.316132,9.185076712657493e-09,1.602946176053307e-08,5.868713711562316e-07,3.939525445615148e-06,4.6542534269191765e-09
SN2006fi,0.229162,3.371573860468059e-10,8.815995361650854e-09,1.0482794003129353e-12,7.065422772841685e-13,1.4878680277571437e-09
SN2006fl,0.170283,9.463292593049889e-11,7.231145798618015e-10,3.3376803004785234e-13,3.9017139915816757e-13,4.844574788282508e-10
SN2006fm,0.12455,2.585083515727361e-08,7.267834259616897e-08,6.060874735336046e-14,4.309975756599797e-14,1.1195519531936817e-10
SN2006lm,0.273401,3.741949168208764e-07,2.186223774829687e-06,5.8242149837559715e-09,2.6263653282887548e-09,2.777745507651682e-09
SN2007kp,0.277487,4.869402766881293e-08,3.1634378474261957e-07,3.0856706592923965e-08,5.997232952859273e-08,2.929242514394595e-09
SN2007mo,0.219552,5.92946100968484e-08,2.4711538470299387e-07,2.3525411747778756e-12,3.1584480883132977e-12,1.2754430398913064e-09
SN2007na,0.46861,1.2399415446167896e-06,1.5156187456100645e-06,2.1104866583775458e-08,2.0501153451227294e-08,2.531533140351484e-08
SN2007oa,0.257208,2.8007101672378926e-09,8.15389313018977e-09,3.860626100550959e-10,5.309855955160527e-10,2.2592654527289946e-09
SN2007qf,0.205566,1.346477861328064e-10,1.2163438820393382e-09,1.2569872899919813e-10,8.213926820190921e-11,1.0103113567610284e-09
psc000091,0.1532695290583141,2.406618690819966e-07,3.925581698659736e-07,1.3886509979458308e-12,1.8165433728085608e-12,5.845907089350322e-10
psc010204,0.4774915646233197,3.638875678079088e-08,1.7859054507399712e-07,4.702524496242224e-10,8.66893303259029e-10,3.870993474818172e-08
psc110426,0.5414930772722337,1.2192353996314314e-08,4.364298121006833e-08,2.3593299986906615e-06,3.3908622700339154e-06,4.998782687254337e-08
psc110716,0.316374719166457,1.0864227846925781e-06,1.5333879124695724e-06,9.9129783752345e-10,6.489527007854304e-10,1.1884834345650184e-08
psc110719,0.4284445482794243,4.774586508220825e-06,1.2490862256377727e-05,5.615281722871453e-09,6.092094401824286e-09,2.910815419868048e-08
psc110721,0.5788346212854656,1.0523938118976607e-06,1.6256989398985567e-06,1.871427688032118e-09,3.146910280067152e-09,5.989073686110327e-08
psc130514,0.1062447325298006,9.920782609314765e-15,3.0680465602230025e-12,9.111832783029633e-11,4.837454472677688e-11,1.0225795254719341e-10
psc330056,0.2612283611207093,3.571477750197648e-07,1.2520432425511703e-06,8.220258620154625e-08,8.716893776610991e-08,5.668303965098862e-09
psc330083,0.2243298589567357,6.037647718378037e-11,2.8026227048417644e-09,2.022441172556137e-11,1.92160230524174e-11,3.048824343464422e-09
psc350078,0.3013817180855904,3.5558772011812034e-07,8.987618282836949e-07,5.883062968553944e-07,2.9028820943636067e-07,9.904642626588293e-09
psc350080,0.2861684622172709,3.6328878210527163e-07,5.688714204971737e-07,1.208135627535324e-08,1.783961130967481e-08,8.079683705399905e-09
psc350083,0.3683041254126791,1.0458880487881275e-07,3.295954974090171e-07,4.400111203715798e-09,7.293394019917938e-09,1.83171471012808e-08
psc350548,0.1812710392781029,1.3034019016595037e-08,1.729612003544634e-07,1.5342282116975749e-10,1.0809882402884808e-10,1.4108942346659084e-09
psc360112,0.1879167155459198,8.926976413976352e-07,8.9191220124165e-07,1.0364725775574069e-08,7.244529414843136e-09,1.6230122267833293e-09
psc460003,0.1512702998873099,1.4945702655729092e-09,6.3037172234128656e-09,2.2398943100910782e-13,2.5881925892953156e-13,5.374772740709793e-10
psc460105,0.2113084323486642,1.0547739795713557e-07,3.429740564736678e-05,5.992922872558445e-07,1.9312890456046227e-06,2.487747373461637e-09
psc470232,0.2012856246695316,2.305869407790492e-11,5.172145168876186e-10,9.048609707931069e-11,3.499887279007658e-11,2.094703604253307e-09
psc470244,0.3614147480819598,6.212606063210358e-08,1.949905135080947e-07,1.5760971083672943e-07,1.1532571298559542e-07,1.7429829492170545e-08
psc480064,0.2442140242945412,8.53007380425533e-09,6.674047915321025e-08,2.8750294295999352e-09,4.095740334334108e-09,4.3547522615439486e-09
psc580300,0.2414247644121465,2.863734157917336e-09,7.934229898028482e-09,5.016103901603111e-10,4.6459853848331507e-10,4.155908723696879e-09
psc000174,0.2455750101901264,1.2771322226101284e-07,6.780038796902488e-07,3.052515012280604e-08,2.025659929638393e-08,3.8390510218309576e-09
psc020198,0.3615299880317371,3.39808132772797e-09,2.5114083132677596e-08,5.153653205301146e-09,2.968822450068907e-09,1.1351334871669738e-08
psc040150,0.3822412352630528,1.7028410906796227e-08,4.06479305378615e-08,4.754378038960883e-09,5.378520642911232e-09,1.3250925412656656e-08
psc140152,0.2091378707719313,1.3040942458201613e-07,1.789935385603919e-07,5.6322089086081674e-08,1.0164087744509471e-07,2.1873398469089877e-09
psc150457,0.303896232184291,4.889102475963381e-09,1.394738626382316e-08,4.946042475064444e-08,7.366770921707906e-08,7.149656748955153e-09
psc160020,0.5882395807097396,2.3890152684019716e-07,3.527857860206745e-07,1.5811503613028213e-06,1.3607475949677235e-06,6.172972071219768e-08
psc340334,0.3071859270503962,5.8501116339533655e-06,6.272253648229668e-06,6.274527114097006e-10,8.851750158117938e-10,7.336543358887449e-09
psc350027,0.3081862504531252,1.6407538649371427e-07,7.736456316691751e-07,1.2235048510508034e-09,2.698004296109873e-09,7.393849496361148e-09
psc350047,0.2346399159773302,1.0570873417425862e-08,1.3754145603569288e-08,4.683560710294032e-10,2.437961051692297e-10,3.2657943201755566e-09
psc000236,0.1966241990070898,8.330580319933279e-11,4.0283265204108006e-10,1.5941432440536574e-08,1.2877497562453187e-08,7.764494682348309e-10
psc100101,0.4302746406775619,3.823183233241768e-06,2.8509544962112994e-05,6.394646314924073e-08,1.3213423113487666e-07,7.874467483129724e-09
psc110425,0.381434200708272,7.273420021287275e-08,1.7608816794073785e-07,7.280305364736762e-09,9.77469499590195e-09,5.730722758712843e-09
psc110430,0.4214530626972435,5.2633437692165244e-08,1.6067884665622594e-07,1.0442377531387302e-09,1.2233294005852919e-09,7.4298507235485554e-09
psc110431,0.3434105148480435,3.4639713213680598e-06,5.913638260384695e-06,4.9284844041368246e-08,3.1372805414665025e-08,4.317530511693313e-09
psc110542,0.4275425574405058,1.286933169228006e-08,1.800530714555688e-08,2.1323568204408354e-10,5.857379641328439e-10,7.727031495615086e-09
psc110734,0.4027175258456965,6.509877369939578e-10,4.384781194753573e-09,2.8938688560566314e-10,5.318600068510073e-10,6.606949086326009e-09
psc350374,0.5015019024309428,1.2988057785466557e-06,1.661171132508103e-05,3.527823226975444e-07,5.630869614070989e-07,1.306700104343595e-08
psc370394,0.3313979760949332,1.3161956747975032e-09,2.3992323309419764e-08,6.757372919662376e-10,9.451824150539133e-10,3.912415567070505e-09
psc450311,0.2157419196113514,1.7562958727642845e-10,3.4331040387806442e-09,3.097856380770757e-10,1.814120390732676e-10,1.1563473237523867e-09
psc460002,0.1873161532318501,2.4917402557120927e-05,0.00017005099794967682,1.2495843972931136e-08,1.462834103112108e-08,6.187789439239395e-10
psc470041,0.3323907743895771,1.4863364483331484e-08,1.5668773507918853e-08,1.947208894432106e-06,1.7950117625521897e-06,3.945140627407297e-09
psc490008,0.120171173340311,4.172523744458699e-15,1.9201571488996422e-11,4.148960741720217e-06,1.8357430275979252e-06,9.654136685791109e-11
psc500100,0.3123713703964512,2.6832630411862167e-09,9.955011967707904e-08,1.099188432565068e-10,1.4817212021405253e-10,3.3858821983368928e-09
psc020027,0.1105788373813174,1.7744246224740268e-06,1.5610872835939147e-05,0.0,0.0,5.177761257615172e-09
psc510113,0.2916031972277881,1.4787139946929287e-07,3.623253768867578e-07,2.2140832809268447e-09,1.2740113185324649e-09,2.1717842501170676e-08
psc020090,0.4103581104014375,1.3364406189035918e-08,3.0671670704354575e-07,2.108221002453475e-07,2.7419476520055413e-07,1.6735332236467337e-08
psc040137,0.4479672620584063,2.2617388262590276e-07,8.482823539127101e-07,2.5600418605743282e-08,1.7026586222294643e-08,2.337426204464262e-08
psc040166,0.4404445626223208,2.0694464197352895e-07,1.4189566853489121e-06,1.9997944817088366e-10,3.0003237834726713e-10,2.197173159376756e-08
psc050005,0.5289105650523511,4.2995507847742166e-06,5.106832677031265e-06,6.373265110106174e-06,1.1526185464803137e-05,4.398299832205805e-08
psc050251,0.3880235378809558,7.298831580750266e-08,3.280099387083998e-07,1.3959289680758574e-10,2.4225371889317976e-10,1.3265917340143879e-08
psc050607,0.4396657297539632,1.852767846913822e-07,7.343200546504271e-07,2.212398780682992e-07,2.64462716173369e-07,2.182900480983885e-08
psc150573,0.3236987329007119,6.890157736881984e-08,8.645248397973415e-08,1.1381427861892494e-11,9.831988161592706e-12,7.326067577763039e-09
psc160099,0.1008087555191605,1.616560804357402e-07,2.301393927683547e-06,2.2157509360153423e-12,1.2809827513326116e-12,1.1836446543421947e-10
psc160214,0.630615384567361,6.379083087985039e-08,2.1876209803074912e-07,0.0028988341207763315,0.0050267477998437865,6.816239165362306e-08
psc380378,0.2716978248227284,5.0225960902151416e-08,1.9733612204402417e-07,1.109744606398171e-07,2.722037466202719e-07,3.3478282979164825e-09
psc390471,0.3709324211422147,1.1025933784900787e-07,2.5259576610879e-07,2.800635910720392e-09,6.3648999676506535e-09,1.1073185852844145e-08
psc390627,0.1610569245512956,2.6888269364279475e-08,9.34153569714685e-06,8.976311188651672e-11,6.317369588059956e-11,3.2199293777096777e-10
psc500057,0.380921559730123,6.214595046398187e-08,1.9562281482899572e-07,3.6333984842395105e-11,4.331182210718872e-11,1.2247063510629915e-08
psc500065,0.2854849326169302,1.5646243795811199e-07,5.555549553193941e-07,1.333373399351174e-10,1.0891274563460002e-10,4.178016949589934e-09
psc500301,0.3259087245358594,2.1642606169024264e-06,1.8136280113737856e-06,1.1682384094550746e-11,4.8990562210473604e-12,7.513489496627217e-09
psc520022,0.1198125486234253,2.6020088573173283e-11,1.7444014656581125e-10,3.6076422511253617e-12,5.616219930780504e-12,1.1836446543421947e-10
psc520071,0.4115238242348478,1.8436260188167043e-08,9.776104055977136e-08,1.1786955807609753e-10,1.1833847271234954e-10,1.6927466077700658e-08
psc520188,0.2808932064368523,3.337655666802459e-08,3.02869341296685e-06,5.5358385321031004e-12,4.4833013206546914e-12,3.858853235725366e-09
03D3aw,0.4495611717644385,9.39338385418831e-09,1.9258099649542955e-08,2.685820759588349e-10,3.8098800127190825e-10,2.3677000917293342e-08
03D3ay,0.3714426734534983,1.2246469419268632e-09,2.3137096889038497e-08,1.1383758143172555e-07,1.7454510596972198e-07,1.111747119073574e-08
03D3ba,0.2917178702150058,5.595934473625066e-10,1.1330695086383933e-09,1.9628396658633253e-07,3.4405431933888625e-07,4.631546583682907e-09
03D3bl,0.3558191614594292,1.7560364989008874e-06,1.5107116577429931e-05,3.366713157011872e-05,0.00016149462448633448,9.801566304083792e-09
04D3co,0.6206314197230385,1.1021090562174925e-05,5.6033571499459725e-05,3.770228930255285e-07,6.735236429979055e-07,6.53934804048971e-08
04D3cy,0.6436456350779776,5.9157535805743365e-06,4.922346955767947e-06,1.1392883936703915e-07,1.3836816976598372e-07,7.178031209269368e-08
04D3dd,1.0027936080497049,1.8732544573668203e-06,1.3879006944837712e-05,2.7696262954861685e-07,2.864145974146327e-07,1.8939278699606646e-07
04D3df,0.470585236280814,1.8941575181787867e-08,2.3892645636098066e-06,3.163671205488242e-08,1.2869644510851507e-08,2.7852500035678464e-08
04D3do,0.6106427168341064,6.204866925600472e-08,6.143008128536054e-07,1.258770604350019e-08,1.1490224336421802e-08,6.26050678158384e-08
04D3ez,0.2634866056315683,2.179445947818813e-05,3.245152579294959e-05,1.7625426976362551e-09,2.618093562909013e-09,3.0586473989580626e-09
04D3fk,0.3583351731725854,3.0634749165428945e-09,4.589410447226305e-08,5.879367808137579e-08,5.466985772513254e-08,1.0007882386039367e-08
04D3fq,0.7426961303742841,3.0320249016052156e-06,6.231580436876325e-06,1.0425191570038492e-07,1.2488357310924664e-07,1.0467843740541655e-07
04D3gt,0.4515554189747341,8.318678818099818e-07,1.3645403775265458e-06,3.3731269168880545e-08,3.292403415739744e-08,2.4058521033824858e-08
04D3gx,0.9107508687193392,2.3182087810223583e-05,2.8808519839363056e-05,5.370504337954225e-09,4.0306978309012586e-09,1.6110208703602043e-07
04D3hn,0.5526041704137052,2.7243389829445427e-05,5.564523351859826e-05,2.5151346761009052e-11,3.097646414869893e-11,4.8587423283652345e-08
04D3kr,0.337533662922524,1.1446619587799553e-07,2.0947306875778682e-07,6.98141795860298e-08,1.5244956698479214e-07,8.366691012428083e-09
04D3ks,0.7506803543161911,3.1479838978144714e-06,4.344473510702405e-06,1.0588543336227209e-10,4.648636834574618e-11,1.0822034527690954e-07
04D3lp,0.9837756009974084,7.923247085678071e-07,3.3185289855176905e-06,1.1073631885809621e-08,7.032847775513029e-09,1.8093296369542582e-07
04D3lu,0.8226957156833647,1.408312718602489e-07,1.7460706957955998e-06,2.088392176669085e-09,2.505406364347035e-09,1.377033656584047e-07
04D3mk,0.8136950220034453,3.195735479120729e-06,9.331734028412108e-06,1.705836751124581e-07,1.4052217758133417e-07,1.3414384633717836e-07
04D3ml,0.9507620227470714,3.6645025578073295e-07,1.8873287810635508e-06,6.57066679225311e-08,7.200005382686165e-08,1.7149612116728734e-07
04D3nc,0.8177315064395054,2.385441978885258e-07,1.8136534169238973e-06,7.644576950825067e-07,1.0354517235134586e-06,1.3573439724346546e-07
04D3nh,0.3405187363541788,1.6287814765783502e-08,6.702688935709497e-08,8.147621982622857e-12,1.3419597015050474e-11,8.593179809135296e-09
04D3nr,0.9607497459898272,1.6131128057791905e-05,3.6918123095166196e-05,3.860045685022257e-07,2.9992278060623194e-07,1.7379213415139052e-07
04D3ny,0.8107194258133841,1.3419260055136622e-06,2.896511264765045e-06,8.90357543097977e-07,1.7185497144522185e-06,1.3297733393502747e-07
04D3oe,0.7566864432047686,1.1757310530523617e-05,1.4066442688954164e-05,6.655498894188803e-09,1.8645445924529526e-08,1.1092356399270337e-07
05D3ax,0.6436407781250477,2.3246603552257184e-06,1.03294994534483e-05,1.2876357894610957e-09,4.322145989967537e-09,7.177894610462364e-08
05D3cf,0.4195679580578177,4.4217177103671323e-07,6.920221221682787e-07,7.932118232501074e-08,1.1763901951985682e-07,1.8283199982892016e-08
05D3ci,0.5155866183441842,1.9479276787076937e-07,3.00814506163108e-07,1.789823045501136e-09,5.698008638630904e-09,4.02958062230284e-08
05D3cq,0.890728257820951,6.446291969161586e-06,1.482416885323545e-05,3.635511294461828e-05,9.42408537547437e-05,1.5482611363954423e-07
05D3cx,0.8056946652251173,9.903074009930272e-05,0.00021274069283198075,2.749773907321291e-08,1.3336018733908369e-08,1.310190591908261e-07
05D3dd,0.4805674237468496,1.3493605769472615e-05,4.5563393943591714e-05,1.0828610093215667e-08,3.799825832910696e-08,3.023848914257885e-08
05D3dh,0.8006959779445642,4.206048143301198e-09,2.566343922078368e-08,5.7328780631595865e-09,7.126029906802521e-09,1.2908535930416845e-07
05D3gp,0.5806025752888473,6.0303596491339855e-09,2.405132398961128e-08,2.783712090333435e-07,1.1438716156467247e-07,5.458525288937645e-08
05D3gv,0.715650822297792,1.7483767194483566e-06,4.514290622646373e-06,6.0407874531067524e-09,6.116989789716669e-09,9.390301151682033e-08
05D3ha,0.805693830592243,2.0702191981563925e-08,1.9440015201209641e-07,1.6262990918471108e-09,2.4183705557753924e-09,1.3101873512018128e-07
05D3hh,0.7666828876044194,2.4964796268524848e-05,5.4896451862105605e-05,3.2355676171721787e-08,5.846855361574088e-08,1.1549669917890557e-07
05D3hs,0.6646365749414094,1.6261553540399804e-07,4.7118450124623765e-07,1.641504220496086e-09,3.0077067795210044e-09,7.78052986186051e-08
05D3ht,0.9017354028980696,3.320691037966908e-05,0.00011236221589137178,2.855219643920105e-07,2.507040803962421e-07,1.5826080910143888e-07
05D3jb,0.7456642425412219,1.4015394927778989e-05,3.174009437974224e-05,2.0558424475242797e-06,1.8981929414697236e-06,1.0598824991045691e-07
05D3jh,0.7186791905888033,4.566282021644418e-06,7.990835687533859e-06,0.00011899077676505261,0.0002043897749395433,9.491293324890405e-08
05D3jk,0.7366894987490933,1.910288654577982e-06,5.266744391925247e-06,2.6221610949307635e-07,1.0968323566882618e-07,1.0205265863772398e-07
05D3jq,0.5795994402002143,6.19982656292266e-08,1.4746470743287833e-07,9.817108119106716e-10,1.4401248156351672e-09,5.4326926647279745e-08
05D3jr,0.3705304793499251,3.142807346288452e-06,7.647905534078526e-06,1.9050738601024065e-10,2.565282333878472e-10,1.1038363129600748e-08
05D3km,0.9607390207861224,0.0002469335283426708,0.0005486993834204499,1.596693250057707e-07,8.292247438759131e-08,1.737896604151149e-07
05D3kp,0.8507283659842473,1.3143728010805056e-06,1.9944897242824727e-05,1.799507452931731e-08,1.0567773206843748e-08,1.4441250391518756e-07
05D3kt,0.6486391632158304,2.2309147104848238e-08,8.635197054059944e-08,1.3723975119856326e-07,1.3519816665522838e-07,7.31915871973861e-08
05D3kx,0.2194608299536076,6.210801381978775e-09,2.438009689729881e-08,5.2710984102865175e-12,2.709172738607587e-12,1.6661365594708312e-09
05D3la,0.9367536103909369,1.2318843359837246e-07,1.281922888942507e-06,3.7912484685467185e-10,9.684599791772726e-10,1.6830154203749002e-07
05D3lb,0.647638601648387,6.874467703693824e-08,1.84290528860994e-07,1.2210526266986243e-08,2.3377243625097493e-08,7.290770701164374e-08
05D3lc,0.4615630248838451,3.838999387245184e-07,1.4304597691152216e-06,1.9190110279827345e-10,1.2887285759129872e-10,2.6019125414439602e-08
05D3lr,0.6006024710158362,4.816736699267459e-07,4.840586521984553e-06,2.6073163729376383e-09,6.67402653874703e-09,5.986348971439697e-08
05D3mh,0.6706529209601395,4.2299284227872494e-08,6.494200773055431e-07,6.175743161355384e-08,6.820442606195427e-08,7.957692104487047e-08
05D3mn,0.7606971669277247,1.4132967866202092e-07,7.257952451364219e-07,1.7751123436904737e-06,1.1539809212686088e-06,1.1274727833299179e-07
05D3mq,0.2464917876506611,2.2173503186180044e-11,3.7341966963189456e-10,2.0421502868792733e-10,4.763020330537977e-10,2.5016151584783386e-09
05D3mx,0.470572298743056,2.9443575788528904e-06,5.108512010589557e-06,3.7741248684230025e-11,2.880102557949487e-11,2.7849826355995003e-08
05D3ne,0.1694539868738496,1.092699019155755e-08,2.1578885136116835e-08,9.188676761537825e-12,1.0390178868937262e-11,3.837443803761481e-10
06D3bz,0.7276743928179923,1.8107756046566742e-07,8.77881934276984e-07,7.916575541414214e-07,1.0989782427378009e-06,9.817432864390655e-08
06D3cc,0.6836583333371449,1.9868870259061825e-07,3.1499032498574836e-07,0.00011257618253406398,0.0002874933235085547,8.356389400018895e-08
06D3df,0.4425469841951368,3.5807216371479953e-09,2.0551332911957877e-08,2.6007233784962724e-08,1.6109991621164638e-08,2.2359337902679683e-08
06D3do,0.7266780125321859,3.0778818036065556e-06,1.0560631016602572e-05,1.9761012623470643e-06,1.9073210926322218e-06,9.775029299558056e-08
06D3dt,0.2825098512057129,6.987177709003217e-10,2.614983496935175e-07,9.820030740143341e-09,3.927201458312712e-09,3.969777439779186e-09
06D3ed,0.4045479276645995,5.827376235077496e-09,2.682349989278948e-07,2.3699676485197135e-10,1.0043382922175555e-09,1.5794047984801722e-08
06D3el,0.5196098054306435,8.987562236545313e-07,1.5414242252682632e-06,3.7648856641152036e-08,4.090951291365966e-08,4.154355390827278e-08
06D3em,0.6906511885070659,7.006098882314518e-06,5.054143952670783e-06,6.504443660202961e-08,7.137046450417697e-08,8.577231292975927e-08
06D3en,1.0608002241417207,7.640873062680117e-06,2.6991547793270037e-05,7.863279775591477e-09,1.1614801782437984e-08,2.152922864355887e-07
06D3et,0.576611387739977,1.4764340559654819e-07,5.195137255155186e-07,4.621872988799287e-11,7.237159425976791e-11,5.356107747532445e-08
06D3fp,0.2684879487449896,1.3633805922853487e-09,3.964010626049398e-09,7.321429709284625e-11,1.2222710798489528e-10,3.233228805582809e-09
06D3gh,0.720679532585945,3.1357907819613034e-07,6.580788547395518e-07,9.124325645951411e-05,0.00024897009826230535,9.558298394865261e-08
06D3gn,0.2504975184258253,3.8801432570070653e-08,1.1112362036486436e-07,4.935550695298315e-09,2.4199409754602658e-09,2.6278702266740184e-09
psc020096,0.2261314665211706,3.436725480054819e-08,9.203229999841208e-08,2.2560717547392774e-05,3.3975658047717566e-05,1.989973417104095e-08
psc040198,0.2494346106528895,8.220918651244218e-09,2.2767766548111236e-08,1.5866423452563923e-09,2.2469673309055775e-09,3.54135372805855e-08
psc350050,0.4048262380468377,3.830049987210515e-06,2.2742719484358857e-05,1.225891933415407e-05,3.355118116695633e-05,1.5727129988695722e-07
psc020176,0.2609145508479955,4.900797591777213e-06,5.288363874526333e-06,9.100755480711762e-11,4.419746600567717e-11,5.683755863180663e-09
psc030006,0.5032591817957657,4.896647197107621e-08,9.924195417495102e-08,3.3771208713370836e-10,1.8783647350910275e-10,1.6265733123346866e-08
psc350630,0.3057547639787039,2.4552797357981896e-09,4.397082890154058e-07,7.630398258934892e-10,7.996116435407024e-10,2.599792000060694e-09
psc040201,0.2798775351663831,2.079391717466454e-08,9.161559738177559e-08,4.218024229579938e-13,3.383202623919533e-13,3.926136709975565e-09
psc130862,0.3336061091736853,4.7552651991788383e-08,1.1253669099794746e-07,1.055001259974887e-10,8.014470838149917e-11,1.254864630011884e-08
psc160039,0.2715541587009427,7.06258099256271e-08,1.4603418787151369e-06,2.7733615191039015e-07,3.3530047008622166e-07,3.239658838449739e-09
psc160098,0.2977749600689547,9.399466038980448e-08,3.5625470000134724e-07,9.667076052522805e-09,1.1100310778372847e-08,6.392614560879045e-09
psc350235,0.2648484409224447,1.4517089622323116e-06,1.4446477690569184e-05,1.5167736146174228e-10,2.0242544790547975e-10,3.016025761248356e-09
psc370428,0.1784063474339758,3.0296473231824974e-08,2.7015935596165675e-07,2.2861653013007987e-14,2.3136443975863364e-14,5.990958221812311e-10
psc500511,0.3357099832227843,1.9374231012663054e-09,9.26445287614935e-09,6.2501720718321385e-09,4.06236587870799e-09,1.2866012359215148e-08
psc040782,0.3374946549187116,1.1550388735551735e-05,1.808275118819279e-05,3.119162138385463e-08,4.200264597441185e-08,1.7870871955010947e-08
psc050003,0.4268977025582054,2.1545692817263487e-07,2.4132534202399623e-07,5.539200335788597e-09,3.9109119798369675e-09,3.444358813909183e-08
psc050201,0.5502158351976354,5.375866653386206e-07,8.397443885165403e-07,3.878378441328041e-05,6.709747359032306e-05,8.316795279490013e-08
psc050203,0.5760960750711839,1.0844883133114444e-07,3.958052488966649e-07,0.0009062690097389151,0.00023755696483760184,9.417416554020698e-08
psc050291,0.3254509383388961,1.040351846275026e-06,2.7971288191787793e-06,1.308893407786351e-06,2.536588480487184e-06,1.592419926303756e-08
psc050293,0.3600547891595367,2.4558359071071224e-05,1.7077089522184177e-05,7.177354022517257e-06,1.8331390411641778e-05,2.1819355003015122e-08
psc050296,0.3509679283597848,3.708953083639951e-05,9.285227302967932e-05,1.730396433813274e-07,2.420951722928015e-07,2.0181607357054373e-08
psc050301,0.3470462691692921,3.238293837415159e-07,1.5418421992859497e-06,5.711225468225558e-09,5.88156640799136e-09,1.949453203960691e-08
psc050669,0.3930041390326599,1.2641666319032637e-05,1.1347031016644997e-05,4.850292593901562e-06,8.702089721776316e-06,2.782343605127661e-08
psc070194,0.4761204076895968,7.396388029690232e-07,1.0791214213505078e-06,3.802441692868647e-07,4.2646845817664644e-07,4.9145917187609465e-08
psc070472,0.666698401717537,5.467954774588736e-07,2.48537836860115e-06,2.634234958090416e-05,3.0335434592532144e-05,1.1748650939784537e-07
psc070955,0.3493025483340495,9.212430488779842e-08,1.0083544064606604e-07,5.552372739484226e-07,1.1445381169643445e-06,1.988837889869783e-08
psc150509,0.2929046299009583,5.2858637209919775e-08,1.1284992926304475e-07,2.4354678266487465e-07,8.023956396847271e-07,9.98349704841069e-09
psc160046,0.1068861983971887,3.221756311645346e-08,5.063784931068384e-08,5.733542853598587e-16,5.012286737267158e-16,6.159537112312597e-10
psc160070,0.3589784389271453,4.2658574863424667e-07,1.1548703619214466e-06,1.0892837193730089e-09,6.032734270899573e-10,2.162202624720463e-08
psc160197,0.3537122075463106,1.604683482213508e-08,3.989572339705849e-08,4.970001308058337e-10,6.950777614924323e-10,2.0669482225090062e-08
psc160198,0.3489898858401576,1.875997215179825e-06,3.0953583753283823e-06,5.230708482035171e-07,4.80706259362796e-07,1.9833566726098988e-08
psc160200,0.4235984344713794,1.11836916348712e-06,2.69106897248467e-06,3.2887937842548723e-06,4.657541108686385e-06,3.365279923865362e-08
psc170428,0.3001750691446019,1.1554190705640014e-08,3.7190227747962e-08,3.6111590528771297e-08,4.825393966297404e-08,1.1194822767370188e-08
psc180166,0.1475696854043096,5.557685204366708e-13,6.072648590836098e-12,1.4589168844868636e-12,1.3579676988538882e-12,1.0480427389792004e-09
psc180313,0.5100624990076124,7.513610472706468e-07,1.1514579674500356e-06,1.705353838385337e-07,1.226010780556508e-07,6.51758012542211e-08
psc190049,0.2600809442686544,1.4388552426999304e-06,3.5750460296378633e-06,7.5357950756518e-10,8.458628771733643e-10,5.748109527533741e-09
psc390259,0.1221824386439853,1.9287710593166897e-06,3.6655980225046706e-06,1.1935637583356139e-15,6.776076374929368e-16,6.159537112312597e-10
psc390264,0.2921785690743141,4.117683665060183e-08,1.3557997139459313e-07,4.7736397068082e-05,0.00017609220249540112,9.866336364125839e-09
psc390449,0.2501789274868173,2.8938284501748664e-07,6.240692831116001e-07,4.364453642609478e-09,6.298830988223793e-09,4.82249242068753e-09
psc400103,0.3396665374554961,2.6409274758928497e-08,5.040193524425749e-08,9.535652837757792e-07,1.5030685317514838e-06,1.823386559685051e-08
psc510251,0.2404462406378158,9.325465429989134e-08,7.376879919339924e-08,1.1136832889220588e-10,1.616405462142246e-10,3.9918405369452295e-09
psc510550,0.2411649422085646,2.919408549664395e-10,4.296010443737248e-09,6.322591712774181e-10,1.905329184487919e-09,4.050496497475358e-09
psc510578,0.3702196013418621,1.0530360808872515e-07,8.217304833294367e-07,7.713583329931024e-09,1.2199555283356513e-08,2.3727086982083525e-08
psc510638,0.270060002990018,2.800641769350101e-07,1.1992647576107627e-06,9.341480782250385e-09,1.738199425908957e-08,6.763086374063711e-09
psc520019,0.2627962220670277,2.5511175497766087e-10,4.379944672783653e-09,4.892857987115344e-10,6.446699874905474e-10,6.01611461869393e-09
psc520077,0.2500445227297778,1.1108606223159547e-08,2.727843725266562e-08,1.7272378404843136e-10,2.361001522966992e-10,4.810487198929332e-09
psc050303,0.3283939561618896,1.1535834705604458e-08,9.224861120316465e-08,1.2274240688739563e-10,8.568367225804118e-11,4.977549258557734e-09
psc050580,0.4510026369982192,1.516044952029013e-08,1.858476836456076e-07,5.431184400193595e-09,7.2931232259427646e-09,2.33757503116569e-08
psc500004,0.250925899715356,3.170726883973393e-11,7.199063943698827e-10,2.1755597041803871e-13,2.1889721647849029e-13,3.8653576636830107e-10
psc080028,0.2751375291266273,4.560137975963903e-08,3.945301939116777e-08,5.739779108505503e-12,4.5850544331905795e-12,3.021912317852099e-09
psc090097,0.427353925500423,3.296801163132848e-08,9.804586983583181e-08,1.9004190878162661e-06,3.771914575804013e-06,1.511571428011935e-08
psc090201,0.506959790873426,2.5137839240886335e-09,7.362583154253285e-09,2.244219801773594e-06,3.800545260646926e-06,3.006946230802301e-08
psc100014,0.3072047628589898,9.226676177281215e-09,4.455248187571222e-08,1.7555375568679143e-05,2.521497975365661e-05,4.26007062406151e-09
psc310051,0.2693486888075429,1.4579422185946275e-05,0.00011012766844041837,6.323317321789153e-10,1.0322100902346441e-09,2.8074443955154967e-09
psc310058,0.4282505533537926,8.931805472654806e-09,8.017803421084753e-08,2.010475810270861e-08,1.580111112876544e-08,1.5255076718127415e-08
psc310090,0.3456510333981519,2.2081956471308834e-06,4.831872116107152e-06,8.600559013826796e-10,5.391646114605543e-10,6.705341936093499e-09
psc310091,0.5054574332706192,2.5853659354460284e-08,5.0692006083397385e-08,5.72147665079228e-10,2.8175828361377426e-10,2.973762180686372e-08
psc310161,0.2506708215631246,5.933387625531933e-07,1.1003318528531545e-06,9.673069223197509e-10,5.413125378782235e-10,2.1683428173163868e-09
psc310574,0.2360847784465054,4.3538218191192075e-11,3.4173555874386986e-10,1.098848629836733e-12,2.126178318700626e-12,1.726571455765863e-09
psc420196,0.297212775746464,6.731371009540199e-09,1.0121254278132532e-07,4.2228096203105224e-10,2.2071469538681153e-10,3.851522065076913e-09
psc430004,0.2302926352458776,2.7709850560378215e-06,1.3844051298297834e-05,1.3644791587186288e-08,1.9173828329958593e-08,1.5650877011995286e-09
psc440162,0.4182677611890548,6.592842872416678e-08,2.031049706891149e-07,5.234700621931564e-07,2.6129428478695466e-07,1.3975762488665206e-08
psc450082,0.2472726508613061,2.4689338843714195e-08,1.4905849230736551e-07,2.976752457226567e-11,3.9427639293596385e-11,2.060930049028161e-09
psc530219,0.3271729869522803,1.3107371530019337e-07,2.1161251516510392e-07,2.852072942586518e-11,2.6503389548313446e-11,5.20284716710371e-09
psc550041,0.2572625675649951,7.504262179654604e-09,4.681230323005045e-08,1.706323428722628e-09,2.2069819226814772e-09,2.3844809136163908e-09
psc550059,0.3183860572061452,1.479123608201073e-08,6.570153651802387e-08,6.6300389835408e-08,4.290921542656094e-08,4.741659128226876e-09
psc550202,0.4190627281886079,1.9123476583701573e-05,3.8512653681616194e-05,2.9615096373730943e-08,2.3042241457333675e-08,1.4066433468606624e-08
psc560054,0.4784918533370723,6.353603138389911e-07,1.2529828771792863e-06,2.3581082715753995e-08,1.6676413847147488e-08,2.409458014897259e-08
psc570022,0.3002059893235009,1.8359977613705121e-09,1.9683316286161088e-08,2.145380722516287e-10,3.9817334053741704e-10,3.971747295797771e-09
psc570062,0.1221253852530839,6.21358296951573e-11,4.8897912438252654e-08,1.2417000465015257e-13,1.6308741130626555e-13,1.6825295197154182e-10
SN2006hm,0.329841,1.0436074495845999e-08,2.008516029308314e-08,8.929049729939438e-11,4.778872177603975e-11,5.408032745996186e-09
SN2006ju,0.147338,3.116094464185569e-07,4.297068280331235e-07,2.5496911265104567e-09,4.0125412688472005e-09,3.1592720507819615e-10
psc091869,0.2872282380732514,3.9749523444829493e-10,2.7060216568116097e-09,1.4438781539437613e-05,7.769960575208501e-06,1.8173382924635875e-08
psc310042,0.2384868184167616,1.7883209390326926e-09,3.678507808632933e-09,2.1806578772049427e-06,1.9769289616949626e-06,1.0298895150803373e-08
psc100358,0.3649253628609912,2.0358057114194568e-09,3.0969560953103426e-08,2.822258151219753e-08,2.367088282699016e-08,8.62499139364716e-09
psc420258,0.2726382066072101,1.1011537924837204e-08,9.489441625082038e-08,1.769078625477897e-13,7.087196494079143e-13,8.592937084969966e-10
SN2006ol,0.117706,9.500340468747592e-13,2.434264524603668e-10,0.0,0.0,7.572885456029833e-12
psc120143,0.1740977146375708,3.700225065294406e-09,2.897440947367404e-09,0.0,0.0,7.158152139108965e-10
psc340347,0.2751318682804606,4.2773478854386777e-07,8.882011270555026e-07,1.7640633194047528e-06,3.235144449451754e-06,1.2212195976099523e-08
psc360145,0.1994013386965605,2.1870671794033654e-06,3.563643541240465e-06,3.4191676934945157e-15,4.117065037688518e-15,2.4397388069310164e-09
psc130755,0.293609740033445,3.5147382875751504e-07,5.085641213829661e-07,4.323570925411081e-14,1.667560204694223e-14,1.2137756305940144e-09
psc140181,0.1029706539423862,2.5362715210336178e-12,4.922720042431577e-11,0.0,0.0,1.062281917498421e-10
psc150254,0.2757875411755512,2.3635165531282457e-05,6.553631621554193e-05,6.573860042922449e-12,3.952876375904002e-11,9.528856653381808e-10
psc160066,0.531757715042072,1.1837096973432056e-06,2.2232098432733544e-06,7.456398292163688e-09,5.219047265329717e-09,7.784207122313592e-08
psc370498,0.2615686266319308,9.593560654906761e-10,1.6934916379000645e-09,3.1216095224511076e-07,3.660967617079862e-07,4.071049373989477e-09
psc160126,0.3608300943889413,2.2957551939601814e-06,4.5179824050609874e-06,0.0,0.0,5.368505846395601e-09
psc170078,0.3215914036490614,1.7622243618669823e-06,4.394328296428699e-06,3.08619930587109e-08,3.330280456828085e-08,1.326942726780214e-08
psc360139,0.3866403697058085,1.335378712809408e-08,6.564387293446499e-07,5.5097814705058355e-08,1.0462398235296442e-07,2.7672030857106913e-08
psc360140,0.2315327462663945,1.0300806947709108e-08,1.3193774221242964e-08,1.2552170148403488e-08,2.08440051443687e-09,3.1035449688755594e-09
psc510457,0.5037009632934415,0.00011859902118774238,0.0001455385513859911,1.696058960128171e-07,3.165959308809059e-07,6.584854220740203e-08
psc510597,0.461684441272906,7.326806195109347e-08,6.828856957024706e-07,1.7268621484461832e-07,3.941049212449456e-07,4.916202946412147e-08
psc370329,0.4791318377553717,1.8496347234488135e-08,3.930908754164272e-08,3.6043957668357486e-08,2.7486174563436885e-08,3.267928138283058e-08
psc470239,0.2937387881143414,2.965680131953568e-08,4.2508519569095784e-08,1.4418418520433465e-09,3.0270174223572495e-09,6.159286818310564e-09
psc490037,0.4246596137745251,3.2168572332741313e-07,1.6071442967795947e-06,0.0013818621346823388,0.0020193844376601286,7.833541709711545e-08
psc590002,0.2003948260806509,5.699921695963106e-08,8.401523243078428e-08,1.0226761002256992e-07,1.6757533639051786e-07,1.8141245901396424e-08
psc510266,0.4376895378084386,1.6000616821904003e-08,6.073277173198981e-08,8.810907287766284e-09,1.1373154385435869e-08,5.990580121455773e-08
psc520041,0.5461006007515081,8.216359817756278e-08,1.3807893976674544e-07,1.1530497721899991e-07,8.727839275828211e-08,4.896820614501241e-08
psc520062,0.3080575742607445,2.6070574197912564e-07,2.894786674110435e-07,1.0583143803108012e-10,1.8258118699861416e-10,1.3551798015686754e-08
psc560087,0.3066053083919786,2.2587758093636933e-10,8.07850680348112e-09,6.300804180589325e-11,5.502439438026088e-11,1.255374093953797e-08
SN-SDSS1166,0.380494,1.6345441537338127e-08,5.436433819295378e-08,9.143149121307604e-08,5.152611997850698e-08,2.816465314457481e-08
SN-SDSS13689,0.250289,1.7858324570014294e-10,1.9097144648246567e-09,1.385981975841242e-10,9.993118683468488e-11,7.083978915635295e-09
SN-SDSS13903,0.261982,1.385228204759003e-07,1.2893552329957979e-06,2.227707349845566e-09,5.987720844314754e-09,6.68073911505338e-09
SN2005gx,0.160592,1.949191837990243e-10,1.7596232374685942e-09,1.7972792847997543e-06,2.840529149591904e-06,2.2736141321969433e-09
SN2007ij,0.194663,3.5295291008599555e-10,1.8941259906178047e-09,1.0579989838047906e-10,5.082789819041961e-11,3.5634957005713376e-09
SN2007oz,0.295674,8.292796250647125e-08,1.905366425070785e-07,1.2777636340570142e-08,3.202168520329617e-08,9.73907352934695e-09
SN2007qn,0.316413,7.109104762423572e-06,1.5426401377527428e-05,8.19577343265639e-09,6.81465558311245e-09,1.238984217551935e-08
SN-SDSS15467,0.208468,6.356489106929056e-09,3.102103843565207e-08,0.0,0.0,1.2926107557924538e-09
SN-SDSS1688,0.357669,1.947395252264165e-08,5.634392944043338e-08,1.3317816905261098e-09,2.7637485883293857e-09,1.3954214249796006e-08
SN2005iy,0.402761,6.975338974063895e-06,1.586685112764709e-05,2.64752097490458e-09,4.174401246345457e-09,1.8440903112041794e-08
SN-SDSS18839,0.549726,3.120505754210374e-07,1.2137155820330122e-06,1.082796644535009e-07,2.9415379024433873e-07,7.961326524280268e-08
SN-SDSS20088,0.243149,1.5073282047438285e-07,2.4913216969231676e-07,8.503644470398942e-09,7.51811752849981e-09,6.469273791459853e-09
SN2006ga,0.234759,1.7135805894824918e-09,5.625817828088665e-09,5.84762064910027e-09,7.4158451972124165e-09,5.290117604269197e-09
SN-SDSS6696,0.237417,1.6777074149920902e-09,5.08511049400332e-09,6.384834173104226e-10,2.5118499122952447e-10,1.9098815457576372e-09
SN2007lo,0.136959,2.8595739587543013e-09,3.283677113731795e-08,0.0,0.0,3.827240023302108e-11
SN2007pq,0.183876,4.385806168517042e-09,1.1821504155477702e-08,5.938816034304139e-09,3.883351720103068e-09,4.0723881173054596e-10
SN2005ei,0.12694,1.5198781743924938e-15,6.586860113598346e-13,0.0,0.0,1.432259000897136e-11
SN2005fo,0.261621,5.918181771997908e-09,1.7176209644055218e-08,5.482923406336171e-07,8.106487545835753e-07,5.459472226260213e-09
SN2005hu,0.218868,4.648099954937137e-09,2.657060087161442e-08,1.5106641479757808e-09,2.177246413545046e-09,7.640255864556152e-10
SN2005iz,0.202674,1.000580740855804e-09,4.805372271187527e-07,5.2782407200941446e-11,4.70373498931752e-11,4.885182279035194e-10
SN2005jm,0.203226,4.236228975094805e-07,9.85272531313393e-07,1.9253697184406616e-10,1.7555707328165528e-10,4.968993732690173e-10
SN2005lh,0.218853,7.616669834209922e-12,6.270935597384464e-11,1.6469591865577296e-10,2.5782767091592793e-10,7.637420049076613e-10
SN2006jk,0.284362,1.6478930191374358e-07,7.557444820479586e-07,3.866629918304717e-07,3.472928388933364e-07,9.673968157234791e-09
SN2007lt,0.112425,1.6588006446172455e-10,4.6444407678546874e-10,0.0,0.0,1.1745396042976884e-11
SN2007rf,0.286553,1.1964151566914902e-08,1.4119737526071926e-08,1.8120629328849843e-07,1.8364834303642832e-07,1.0061653621504201e-08
SN2005ey,0.147025,1.0118489431571727e-13,1.2680685996327949e-12,0.0,0.0,2.2989662409306045e-11
SN2005ge,0.212097,1.9244159173932155e-10,1.1451815160161145e-09,2.4258722516838943e-12,4.856689203676701e-12,2.686140326151358e-10
SN2005jd,0.312883,8.349651683031278e-09,2.7596376480740195e-08,1.9254855664531111e-07,2.2394248734927573e-07,6.0213269490881175e-09
SN2006ka,0.246368,1.0473962673218138e-09,5.445784715274009e-09,6.192149965339982e-10,3.852211634841755e-10,8.207745910845541e-10
SN2006lq,0.314944,1.3128460932610446e-09,1.2106146175674434e-08,1.2808821331697243e-09,1.9326258434688645e-09,6.329460752994141e-09
SN2005ez,0.129033,3.603170205975726e-13,4.0677939619858075e-08,0.0,0.0,9.79222892604588e-11
SN2005fv,0.117406,3.6977200996236926e-08,2.2886283230949218e-07,0.0,0.0,6.682113178705043e-11
SN2007mg,0.176245,1.3682002403259663e-08,2.7308599751809676e-07,3.7021653342727164e-10,7.896171437028593e-10,9.181346958923869e-10
SN2005fa,0.160352,2.1315519876285587e-10,1.4783630419898265e-08,0.0,0.0,7.743251737958262e-10
SN2006hg,0.243405,9.040473188009564e-11,4.1062872316532464e-10,1.7468473200219154e-10,3.6368205635435536e-10,5.733315366444581e-09
SN2007me,0.197257,1.3757945330315017e-11,5.710171669512243e-08,1.8270166489573118e-11,1.884401041671531e-11,2.050707479856898e-09
SN2005fc,0.296391,1.593625566031741e-07,5.665390373255575e-05,7.813391311640729e-10,3.4263130892233005e-10,1.538136492054592e-08
SN2005fd,0.261657,1.4202844622685206e-07,1.4305210576496688e-07,7.097129301677577e-06,4.173200847387925e-06,7.898908515990358e-08
SN2005fg,0.256085,1.280549998770384e-06,6.674298312355674e-06,1.3776493986859098e-09,6.134484827407534e-10,8.923436577285946e-09
SN2006gp,0.211144,2.3352850485441145e-07,4.6101075049989485e-07,4.5198566308547e-11,5.579056136563607e-11,3.69061518785659e-09
SN2006jf,0.280694,8.942293767673626e-08,6.969841252897946e-07,1.9693165289683346e-09,1.3646086913294543e-09,1.3473433402155831e-08
SN2005fi,0.263492,3.0268805761110674e-10,4.108369440417161e-09,5.69866357103113e-07,6.102478111004656e-07,1.1563219020714021e-08
SN2005ih,0.257998,1.5305195976032173e-07,5.193270115040297e-07,4.85767459542732e-07,5.403988589900044e-07,1.1056275157948455e-08
SN2006jh,0.119664,2.4955090957604813e-09,1.1943363740014323e-08,2.4211675067837115e-11,1.452384574091425e-11,1.2891547405570913e-09
SN2005fj,0.1407,1.5200374442378743e-13,1.2777782772892672e-11,0.0,0.0,7.762840410932079e-10
SN2006mz,0.244357,5.701920258855185e-08,1.5695041391869292e-07,3.372864769680069e-08,3.4324392641846835e-08,6.736613157761368e-09
SN2005fp,0.211788,3.257699655536511e-09,1.3685908533211864e-08,5.232172676781686e-08,9.182806139130737e-08,2.549103724930016e-09
SN2006kk,0.384917,3.472856781853542e-08,8.081599375332793e-08,2.2448226402573744e-06,2.9218465534938464e-06,4.1124819286093436e-08
SN2005fs,0.338803,1.862379335077979e-06,2.927026538783204e-06,3.1683113369081677e-10,2.5935908505278584e-10,1.1483448818183976e-08
SN2005gt,0.276556,4.41491576370456e-08,1.8698927187641987e-07,2.0785499382664092e-10,1.1579162666498592e-10,7.0402966922117496e-09
SN2006nw,0.155959,3.2340963083647618e-12,5.592497081915398e-10,3.2136084922298636e-12,1.6967798638427018e-11,1.073434788719405e-09
SN2006od,0.203678,1.926588827952739e-09,1.0480143536721295e-08,6.472555075979891e-09,9.881080441880815e-09,2.667898293663799e-09
SN2007ni,0.210227,8.875715298948019e-07,9.814083384997876e-07,1.208180893878984e-10,1.1107266766352463e-10,2.9990428726081127e-09
SN2007pt,0.174279,3.6723833119518685e-09,6.833196551609051e-09,2.156361733582412e-11,1.0569971564493515e-11,1.4307951292719387e-09
SN2005fw,0.143104,1.2128132897421302e-07,1.050956196203669e-07,0.0,0.0,1.0250718357214988e-09
SN2005hs,0.300212,1.6136216828128428e-08,2.651279238163776e-08,3.370502609210375e-10,9.367653795624746e-10,1.5550930063895135e-08
SN2005fx,0.288898,1.1571684617536741e-07,5.599847650656021e-07,3.384109677076144e-10,6.889544229296952e-10,1.5932181217460487e-08
SN2005fz,0.12303,2.3404812643037765e-09,5.085440254700381e-09,0.0,0.0,2.2405673487136613e-10
SN2007qk,0.301646,2.0601819103839678e-08,4.5635702890052775e-08,1.3374259905414552e-09,1.3030040148437521e-09,1.9308131174135328e-08
SN2005gd,0.159901,7.248233577226917e-06,4.636390252520683e-06,0.0,0.0,4.460260210430099e-10
SN2006gv,0.197858,3.85135070494509e-07,6.0003195121907175e-06,0.0,0.0,1.906617793972052e-09
SN2005gh,0.257823,1.6625205775281647e-08,3.10022966678421e-08,2.1689441550676292e-09,3.23103998404087e-09,3.6159106260980438e-09
SN2005hq,0.399403,2.2256059588450587e-08,8.85316285090654e-08,9.805672589016492e-08,7.474444234457693e-08,1.7092671010967324e-08
SN2005ht,0.185813,1.6545650749771303e-11,5.832520589527734e-10,7.54877348299885e-09,6.578813841886308e-09,6.76820325428497e-10
SN2007ph,0.12826,7.169453199205288e-11,8.414108368477594e-06,0.0,0.0,9.110854090405705e-11
SN2005gq,0.389088,3.5819144805016364e-07,8.527325050914978e-07,3.402970089553256e-07,4.359321963700822e-07,1.4481360529242704e-08
SN2005gr,0.244478,4.06416885383218e-09,9.776499414204888e-09,1.7340243745312982e-12,1.2987325961998294e-12,1.9068968994545893e-09
SN2007mj,0.122617,2.5509252482423737e-07,1.5477906492063194e-07,0.0,0.0,5.085140804014798e-11
SN2007po,0.291349,2.1954227438437057e-09,1.642606904154504e-08,5.566314786019361e-10,7.396113153226339e-10,3.871005802505487e-09
SN2005gu,0.330513,2.665491135642962e-07,1.1520717584470165e-06,1.689138602411472e-08,9.718187709214334e-09,1.0456632501614566e-08
SN2005gv,0.361934,4.39464186031631e-09,1.4113586922421699e-08,1.0890616351497853e-08,1.576461305164586e-08,1.0940101936667319e-08
1999ff,0.455,1.9756320178371584e-08,8.653975999111891e-08,2.2892290298293578e-10,3.6303764758873304e-10,3.23212512537742e-08
SN2005gw,0.275441,2.9899988652113096e-08,2.9929313970893552e-06,4.289059098197255e-10,8.065461761009841e-10,2.194568421889365e-08
SN2007pw,0.242669,5.789399589828328e-07,5.325899528916738e-07,3.677322555073592e-12,1.5986665572282814e-12,1.3868660514481313e-08
SN2005gy,0.331035,6.210261364287928e-08,1.7458527123034706e-07,3.853699849806113e-09,3.0656375657784063e-09,9.149115718950755e-08
SN2005hn,0.106938,3.9608352951802775e-16,3.450061754881871e-13,0.0,0.0,2.3055569983493525e-11
SN2007my,0.291136,5.181094467214365e-07,6.639243103488435e-07,3.045947042189816e-10,4.02426621182981e-10,4.853282892816456e-09
SN2005hr,0.116348,9.440277454017239e-13,2.0165231219651765e-10,0.0,0.0,1.8279891550730693e-10
SN2006lb,0.181225,2.6926092914621995e-11,1.0401944690521017e-10,5.2352010294661713e-08,4.7994760506269684e-08,1.5506536588857596e-09
SN2005hw,0.40946,5.808474049310795e-08,1.3245693818505532e-06,9.770615914795789e-11,8.017015885699041e-11,2.2738171373884733e-08
SN2005hx,0.119914,5.675889458537486e-07,5.868432387944242e-07,0.0,0.0,4.686183969871758e-10
SN2005hy,0.154924,2.9524291894399672e-08,5.087756794586789e-08,8.880068505587044e-14,2.1886090921844676e-13,1.4098499235055876e-09
SN2006lj,0.242061,2.9149789007102837e-09,8.357544351125503e-08,7.132851775742415e-10,1.2508560546572752e-09,5.088281221859915e-09
SN2007kx,0.152714,4.189286028492708e-07,4.444806213423695e-07,7.799784619240587e-13,2.7289989456230323e-12,1.3230435745452568e-09
SN2007mu,0.401274,7.222431762437397e-06,1.6345630724209406e-05,6.464379869940127e-10,1.1021754456863917e-09,2.1243746503833825e-08
SN2005hz,0.129282,1.3346235601130806e-09,6.3577898716480724e-09,6.779142163528387e-09,6.916501440251833e-09,6.503616064522744e-10
SN2005jc,0.21163,7.055435629062364e-11,9.535762262287644e-10,3.589478407411441e-09,8.188574774522377e-09,1.1257841644671326e-08
SN2005ib,0.391599,4.883109863580633e-07,9.393323567569002e-06,5.092685773817925e-08,5.730489227948122e-08,3.9217658896307723e-08
SN2005jz,0.25174,4.321997721026889e-07,7.900358584690985e-06,2.4709902701086245e-08,3.742173547929496e-08,7.50299655480764e-09
SN2007qg,0.314679,3.93938441518942e-08,6.342002873743892e-08,6.515393582074466e-10,9.297072362530631e-10,1.815854665675851e-08
SN2005ic,0.309294,6.552168860429121e-08,4.687953396947394e-07,2.7138837863795594e-09,1.6447441518125348e-09,1.3791464017774548e-08
SN2005id,0.185002,5.07716482604492e-11,3.6391517026456913e-10,0.0,0.0,4.660556858239638e-10
SN2006ln,0.230491,3.1279983325009456e-09,4.430823149436556e-09,1.0804586149148336e-14,1.905417689194665e-14,1.051156904136224e-09
SN2005ie,0.279228,3.102267069984117e-10,1.8475820567135236e-08,1.0648288361601643e-13,4.886332460003772e-14,3.943760641742556e-09
SN2007ps,0.248828,4.71190214192924e-11,9.782233878135455e-10,0.0,0.0,2.3726293200596713e-09
SN2005ig,0.2798,3.980566978494215e-09,1.0694157578795685e-07,1.8754924937490456e-10,1.569698939322534e-10,6.590778481653963e-09
SN2005iw,0.287037,2.6549222530339044e-08,2.3877388530382607e-06,2.1710382705209053e-09,4.731215526015639e-09,7.47226107318297e-09
SN2005le,0.252487,1.9688720491156236e-10,4.201778373345664e-09,2.5632855019520453e-10,1.2160885834163304e-10,3.6125717558977223e-09
SN2006kc,0.210539,6.695155987717793e-08,9.867292476795963e-08,1.1500860804912391e-11,9.684228399590708e-12,1.209095531529029e-09
SN2006ks,0.207354,1.8583481581366018e-10,2.08500517652941e-09,7.601308638175457e-11,7.113098767301373e-11,1.1507703707445324e-09
SN2005ii,0.29353,1.255424338414306e-07,2.1494948734634645e-07,9.41980452277752e-08,1.6221212048248845e-07,3.3861131582980527e-09
SN2006nv,0.284337,3.0203801514748695e-08,9.439893676184649e-08,1.2999824254859559e-06,1.1436235382109967e-06,3.025597504639157e-09
SN2005ik,0.309149,1.944149667806874e-07,5.82402860101348e-07,2.106440810265685e-10,1.6595068360844955e-10,9.489286699666122e-09
SN2005jl,0.178899,2.8933639181583567e-07,2.138723212638136e-06,3.625031227154213e-11,3.0036785104977975e-11,1.124952602201571e-09
SN2006fa,0.165949,2.025448332249995e-10,4.0633338018701605e-09,6.14909790693293e-10,2.1632403805914445e-10,7.823822667852127e-10
SN2006kt,0.236296,5.227455938944808e-09,1.2543472339384901e-08,1.4991937422410173e-09,1.0410469522948278e-09,2.9103338342885106e-09
SN2007ih,0.169599,3.209357778520659e-08,3.2302343855597815e-07,1.1140831001987718e-10,2.0027499350086032e-10,8.84237290045974e-10
SN2007jl,0.251909,2.121112929885091e-06,7.64523479386696e-06,4.6400628768130197e-07,1.219158549277676e-06,3.92709579849219e-09
SN2007ow,0.210052,6.209315898490447e-10,5.451642189110495e-09,1.6756539302942754e-10,1.5396384328663176e-10,1.854833161406728e-09
SN2005is,0.172701,2.378895293169642e-07,1.3665547334457647e-07,2.361799380599804e-10,9.250832412163068e-11,7.876685163811238e-09
SN2006go,0.370458,5.274970492350287e-07,5.139767935852952e-07,8.90579282975563e-06,5.0417290243652895e-06,1.2783237838097305e-07
SN2006hp,0.246034,9.089613877878443e-08,7.83155258625951e-06,2.1732098401273187e-08,1.7821505909472087e-08,4.555866435851067e-08
SN2007px,0.106834,1.6780496799562943e-11,4.761596734320639e-10,2.5957610359423604e-09,3.8455472283852286e-09,4.138140004060983e-09
SN2005it,0.308214,2.436022213857152e-07,2.479693646747993e-07,4.228249988739022e-10,6.457545894707614e-10,1.2909972938453154e-08
SN2006gl,0.263944,6.059987056955176e-09,1.770593890564355e-08,3.574699064554172e-11,3.9493761972614626e-11,4.004661781112092e-09
SN2006jy,0.20313,1.3624854576335345e-08,3.1703734946266574e-08,2.0120362664065667e-09,8.173827459977143e-10,1.7116265920982114e-09
SN2007nf,0.23542,1.5806046281994375e-08,4.9641850323958915e-08,9.87395657293711e-10,4.976524143537376e-10,3.0005853147769075e-09
SN2005iv,0.298878,2.190496161027695e-06,2.313978968370575e-05,0.0,0.0,7.88252963470343e-09
SN2005ix,0.265764,7.357518989570638e-08,1.07973566225518e-07,1.3434582071223531e-11,1.3817139737876526e-11,3.918520924842987e-09
SN2005ja,0.326398,1.1368679495250157e-07,2.8536372126471517e-07,5.405378612507576e-08,1.0394508322751673e-07,1.4435173368096083e-08
SN2005jg,0.303538,2.9871767754346704e-07,1.4210502653473756e-06,7.105782064400504e-09,2.774023773770557e-09,9.496863979756235e-09
SN2005ji,0.214569,2.8535271068010397e-08,5.590365815662781e-08,1.535147420747378e-07,7.3868855196508e-08,6.1770542356414064e-09
SN2005jn,0.320448,4.3751205797699374e-08,7.384185569766918e-08,9.32405331884188e-09,1.1279204293748166e-08,3.512109425457952e-08
SN2006fz,0.10337,3.103112232146042e-10,1.6925477876147671e-06,4.090060749005921e-05,7.846852282623453e-05,6.171789819922814e-10
SN2007kq,0.155172,4.114998521487259e-11,5.144337450964627e-10,1.9457859465665185e-11,4.7739953060121374e-11,1.3738578255089965e-09
SN2005jj,0.366604,2.977381654218593e-09,1.4431728517246654e-08,1.530443122280428e-07,2.879961459059546e-07,2.6015614287352254e-08
SN2005jo,0.218347,6.314756979144378e-08,1.0529856325268e-07,1.462222205729821e-10,1.7609649075892422e-10,7.179839933424843e-09
SN2005jp,0.211597,1.2274863310956234e-08,3.327790075769738e-08,1.4259928127164352e-06,2.4079292129637303e-06,4.854648475880157e-09
SN2005ju,0.257598,1.4836472597407076e-09,3.71443489275899e-09,2.342797415399802e-10,2.943511554695602e-10,6.348561050342323e-10
SN2005jv,0.420927,2.7681693731677223e-09,6.694720906251094e-09,1.2824111874388719e-08,1.6553750139288232e-08,1.7491190479369537e-08
SN2006nh,0.369516,1.9199445866256364e-07,3.558494637439252e-06,1.4891099067065578e-10,1.3095923275405516e-10,5.9406486737419585e-09
SN2005jw,0.379863,1.0681150877643854e-08,1.2271583673673634e-08,1.9264720842335935e-11,5.968403392423457e-11,1.4677026117668899e-08
SN2005jy,0.270906,3.687922911265329e-10,3.0348324911573614e-09,0.0,0.0,1.1374505296884076e-09
SN2005kn,0.19561,1.4314289491453335e-10,1.6919423434678004e-09,0.0,0.0,7.553978564847571e-10
SN2006kq,0.196112,4.5656197625074e-11,1.418744172513068e-09,0.0,0.0,7.647596988117619e-10
SN2007mx,0.404499,2.563862662983475e-07,2.2761074774623637e-07,1.430177433622693e-08,6.562627783455476e-09,4.818559885505526e-08
SN2005ko,0.18468,1.9277228011229747e-09,8.577946303349661e-09,0.0,0.0,4.405169273759795e-10
SN2006fu,0.197181,2.003417280678443e-09,2.45459684975394e-07,2.2910989977413353e-12,4.494397774772917e-12,5.765273235425306e-10
SN2007pb,0.224519,1.719487415994276e-09,6.500620980999143e-09,2.499204845122012e-12,3.130752985597963e-12,9.37630781784666e-10
SN2005kp,0.116277,1.3451989943901807e-08,1.2685212235161565e-07,1.7611405720320836e-09,9.257114233037627e-10,6.403775019933264e-10
SN2006ft,0.25655,5.596989866759832e-09,2.3565674806977966e-08,4.793008857594517e-09,5.429792434818806e-09,8.319058663227079e-09
SN2006jn,0.22334,1.4396686275087688e-06,2.658752990787529e-06,1.8583251165821386e-08,2.8619256360589524e-08,4.000561133206244e-09
SN2006kl,0.21975,2.2295774826433592e-10,1.1444458377154154e-09,1.2931492832582216e-08,9.855841718193725e-09,3.827018791290159e-09
SN2007ml,0.185631,2.842527091546769e-09,1.9406744066192433e-08,1.7795846741265781e-09,5.347488554091145e-10,2.369759623702152e-09
SN2005kq,0.38928,3.0017064168810853e-06,4.787394297648998e-06,1.3220321317860305e-07,2.4074781927600485e-07,1.9241309751369244e-08
SN2007jo,0.188543,3.110436322822319e-09,1.0831906949460301e-08,0.0,0.0,2.1791941205449614e-10
SN2007pd,0.138333,1.962600950216524e-06,3.8581392041120266e-05,0.0,0.0,2.3248906794019555e-11
SN2005lf,0.299222,6.956727478983292e-07,6.12723700120816e-07,1.174083383116982e-07,1.1675566148079999e-07,1.208949282355216e-08
SN2006hk,0.287424,1.5074181175951458e-07,1.7875701758514314e-07,1.2842688108066287e-09,4.980639417194742e-10,9.690249874215769e-09
SN2005li,0.256719,8.523632728693222e-07,1.0322073051632188e-06,6.50157099245671e-08,7.278310975881868e-08,2.3238017966590025e-08
SN2005mi,0.21353,1.199826643985019e-08,2.7688933694834152e-08,6.751339222319701e-10,2.9605141276350476e-10,2.3772614318268e-09
SN2006ff,0.233804,3.600041654410638e-12,3.7616814648579643e-11,8.96848915545356e-10,1.243918631489801e-09,4.560548422015947e-09
SN2006gg,0.202152,1.1962395771645959e-09,1.498746848774495e-09,5.8547382792679e-08,2.233445593326319e-08,2.021584252299603e-09
SN2006lp,0.220681,1.9603274769232284e-09,9.72521151235173e-09,4.19330558102746e-09,4.3659114598796954e-09,2.6159298013097917e-09
SN2007jb,0.24555,2.621175100701887e-07,7.475921779275998e-07,8.458073712483884e-10,1.5761512414469954e-09,7.650977074904127e-09
SN2006fk,0.170628,1.283409499338361e-07,1.87703761889302e-07,0.0,0.0,5.310205539060183e-10
SN2006iy,0.203078,3.931724948524602e-09,6.097969679730454e-09,0.0,0.0,1.27581308705317e-09
SN2006fr,0.305691,1.1060994797308816e-09,2.7358774284154125e-09,1.2444943209557705e-09,1.0627168937896916e-09,3.463807929871472e-08
SN2007kb,0.136854,1.8639123148014673e-12,3.779947469786094e-11,7.473815374455676e-10,3.8219238341361635e-10,3.215147486096744e-10
SN2006fv,0.130868,3.727688247975724e-09,1.0202836105367614e-08,1.1713172950768517e-10,2.8384588646545808e-11,7.662137791813735e-10
SN2007ka,0.216737,1.4348751877348139e-09,3.252566822889785e-09,3.320401406131625e-08,2.2921087255978613e-08,5.4706266241058594e-09
SN2006fx,0.222864,1.8694208396648004e-07,1.5934162412827463e-07,3.8019202147357786e-11,3.104784459530702e-11,4.694650837894671e-09
SN2007pi,0.30041,2.1634370764068986e-07,2.870632778379426e-07,3.8731833062856137e-07,4.172927766792633e-07,2.0101231530283627e-08
SN2006gb,0.26451,8.436536164771535e-09,4.040962423474137e-08,2.4638882691012263e-10,4.2817406432482876e-10,3.3431934012795067e-09
SN2006ge,0.278064,1.085619325695758e-08,8.250114433222534e-09,0.0,0.0,2.9508859590651628e-09
SN2006gh,0.246425,5.1357308605613e-09,6.21333770081897e-09,1.1584995176873367e-07,7.065069388025562e-08,2.3566914431041757e-08
SN2006nc,0.123356,5.7634344915601986e-11,1.0434178960167853e-10,3.367357164130097e-10,6.333448990741415e-10,3.0495743450311927e-10
SN2006gk,0.292073,4.1786296620697274e-07,7.568190055936391e-07,6.935812263738044e-09,3.452545823444117e-09,6.15413022542224e-09
SN2006gn,0.102644,2.282206466557036e-06,2.8368219817954136e-06,0.0,0.0,5.025751626039357e-10
SN2006nm,0.309382,5.214938271746944e-07,5.130607359800611e-07,2.3668274877070207e-06,1.164807157811836e-06,2.9307954248844825e-08
SN2006gu,0.236702,1.6608957014477021e-09,8.927410657255547e-09,4.685320954283206e-10,4.939544793861153e-10,1.2826401608438772e-08
SN2007ji,0.177685,1.3046439184484693e-08,5.378908446293017e-08,5.639660738141321e-10,4.318663848389149e-10,4.679226415391377e-09
SN2006hd,0.296828,4.3313865892673245e-06,6.796392857268651e-06,1.7328312199029063e-10,1.315647222688295e-10,6.454641925557413e-09
SN2007oq,0.353459,3.212422960111328e-06,4.389252825960954e-06,5.486116087394282e-10,4.1289554359174155e-10,1.483836393989589e-08
SN2006he,0.213384,9.234162762339805e-06,2.7196529849990297e-05,1.9395196754562797e-10,1.1209633211044642e-10,5.0552780150836365e-09
SN2006hf,0.208521,7.941459929157083e-10,1.2822571339386613e-09,2.1334074878120904e-08,2.675598162019474e-08,8.726810572899447e-10
SN2006oc,0.2682,2.2960159459804543e-08,1.0604193756756255e-07,1.7673702631975745e-10,2.1484710503515997e-10,7.107568386363363e-09
SN2006hi,0.260698,1.2106904805903581e-07,2.926450006736156e-07,7.844810476818756e-12,2.2658894732412343e-11,1.3218404716851024e-08
SN2006om,0.191763,2.892694594586389e-07,4.628526092763952e-06,1.4287863453137738e-12,1.2811919543600723e-12,5.555393977143303e-09
SN2007jz,0.210749,4.1609151054751286e-09,3.2639380069556563e-09,3.473285047873663e-10,2.8293944561591384e-10,7.539257565681974e-09
SN2006hj,0.225337,7.85623310801332e-07,1.4518021498220805e-06,2.7883654175161252e-14,5.23136277974377e-14,2.382351224868126e-09
SN2006hs,0.251036,4.3432699961991744e-07,4.326465205873912e-06,2.5114021597840108e-11,1.0146926408146314e-11,2.106307156705783e-09
SN2007ns,0.366275,1.3846332193873532e-08,4.3966727995197646e-07,2.7428072370820646e-09,5.0485358693987845e-09,2.674314526926692e-08
SN2006hw,0.138717,1.0997689147333092e-08,2.833366861930187e-08,1.0407585273386236e-10,4.772740919673823e-11,5.277141112929582e-10
SN2007nu,0.278216,3.16322327671036e-07,9.976027572068043e-07,2.6906198728219796e-09,3.3338674841597033e-09,5.754686639539565e-09
SN2006hy,0.147915,4.465714607066903e-09,1.3881592160575514e-08,0.0,0.0,7.032356987508357e-10
SN2006ll,0.380475,1.889727822844453e-07,1.10742473550227e-06,2.6423254925255126e-06,1.2574340490187879e-05,2.59756011189612e-08
SN2006no,0.249728,1.903579117696433e-09,2.9255477709219743e-08,1.0078959368558779e-11,1.2338872662505413e-11,5.754515102293815e-09
SN2007mz,0.217566,5.284287218799357e-12,1.659184622662246e-07,9.417169243364826e-12,2.978546103544166e-11,3.792685407116313e-09
SN2006iz,0.135051,5.330025395074027e-13,3.112189002059549e-12,0.0,0.0,8.914234100196222e-11
SN2007pc,0.136869,4.961744232043729e-10,9.524949600905063e-09,0.0,0.0,1.0705280969365676e-10
SN2006jg,0.329309,1.4657631053113102e-09,1.3102107598457563e-08,1.4067702964895422e-07,1.372023614108877e-07,2.0150416916474093e-08
SN2006jj,0.260699,4.340891849468193e-09,2.8663833445385045e-08,8.770105388480978e-06,1.434132732458498e-05,1.881643473217272e-08
SN2006jm,0.327932,1.797174295113915e-07,5.087363114276806e-07,7.668243795533156e-09,8.932310454611615e-09,7.421313687928973e-08
SN2006jp,0.177798,5.48257812656744e-10,1.3140026050225665e-09,1.6507471071059888e-13,8.656460591358843e-14,1.1059439003367992e-09
SN2006js,0.182798,1.3874631104636992e-06,2.1011660523048666e-06,1.8697764331066355e-08,4.1471238738652525e-08,1.40022333539957e-09
SN2006ni,0.173827,3.1638540049991354e-10,1.0421533825527477e-09,5.308896131321118e-12,5.4100575932674105e-12,9.334141815995533e-10
SN2006oy,0.201785,3.6380733623591424e-08,6.58918213121182e-08,1.3811049962409543e-10,1.7286195007839895e-10,2.833567143676303e-09
SN2007oh,0.402588,3.394266734608933e-07,8.621005939699244e-07,1.186417783269894e-09,8.959740519217356e-10,3.1015537571846216e-08
SN2006jr,0.176531,6.357373016405056e-08,1.0894561323662081e-07,2.554150516919452e-13,1.2711573114171376e-13,1.9300650557387462e-10
SN2007hy,0.180792,6.491481450148863e-06,0.00013310882008790958,1.789629386594894e-13,1.03448637795486e-13,2.3140791604120173e-10
SN2007ln,0.245403,2.6613019334621717e-07,1.269871171038379e-06,5.827423254343783e-12,4.172875668616227e-12,1.5463585828891958e-09
SN2007rk,0.194437,1.542013631248281e-07,9.427016131068847e-06,3.1058896663925813e-13,1.5644852633177325e-12,3.778076535000618e-10
SN2006jv,0.380037,7.777856787285871e-07,2.8858604636634047e-06,1.6712479330334354e-08,1.5837166044831897e-08,2.5489898891444492e-08
SN2006jw,0.248522,3.836044089608219e-08,5.5477705848953446e-08,3.6180179002912044e-08,4.29303292152082e-08,6.685532316270638e-09
SN2006jx,0.394414,3.2250662668029904e-05,3.968760339891075e-05,2.9300558810717003e-07,3.2683132989298525e-07,1.630099164748472e-08
SN2006ki,0.215128,1.4380658419679043e-09,9.280948092537968e-09,2.167266760174443e-09,1.55623521006445e-09,8.753248808556673e-09
SN2006kj,0.210825,5.332317191347848e-08,7.34598801511973e-08,1.6987245445043255e-11,1.3969663889245309e-11,2.714083484536809e-09
SN2007mi,0.128366,4.846167687773288e-07,1.0012004286027848e-06,0.0,0.0,8.346688071433925e-11
SN2006km,0.299356,4.475178319664078e-07,4.296009169530492e-07,4.2025855579271624e-08,1.8036784449588507e-08,7.772383089068646e-09
SN2007pe,0.303942,5.962087067191633e-08,7.350008995080092e-08,2.978617234027019e-08,4.017333069862797e-08,8.57200485335322e-09
SN2006ko,0.360616,4.9473493372447895e-08,1.0309810687529524e-07,6.857451609098815e-10,6.808071751390635e-10,4.577392629701564e-09
SN2006kp,0.291073,3.119998414650534e-08,4.339856398719716e-08,1.5164984101576438e-10,1.2948947135949106e-10,2.4457479330394427e-09
SN2006kr,0.222559,5.029483013827123e-08,2.4492382735573167e-07,5.9415829213671e-09,9.591020121596435e-09,1.0013471852451064e-08
SN2007lq,0.226472,6.44933007972274e-09,9.307856367400872e-09,1.6424957524956938e-10,4.47395142842589e-11,1.0881693623087375e-08
SN2007oi,0.294479,3.021181856156339e-09,8.279150884172348e-09,5.1609888375333885e-09,4.794533241787716e-09,4.5515187159600043e-08
SN2006lk,0.306322,5.21274616607098e-09,2.1944924466415276e-08,6.739862708565749e-09,2.5164716198849494e-09,8.01194617788034e-09
SN2006lr,0.261294,5.790503264985297e-07,4.667993805217587e-07,3.107249615485394e-10,8.571864253681817e-10,3.992442945628293e-09
SN2006mt,0.219346,7.86515966935137e-09,3.0957306595465825e-08,1.2842220247617514e-07,9.745212386947063e-08,7.82631321196008e-09
SN2006mv,0.177062,1.3945242518962223e-10,9.900091855769783e-10,6.84266155321972e-08,2.0561107706716425e-07,2.293713689774698e-09
1999fk,1.057,9.325354470081867e-07,1.264766719581414e-06,5.59684342889893e-07,4.662288440924001e-07,6.605017642365454e-07
1999fm,0.95,1.6537789455011645e-07,7.349166604227289e-07,9.014520853896372e-05,0.0002697300200757153,5.864297470824926e-07
SN2006na,0.315818,1.519930681371509e-06,1.0017334773801839e-05,1.4016804588374125e-05,5.1157151786173066e-05,9.395716386273549e-08
SN2007je,0.159994,8.432125857082762e-10,9.434051662614932e-09,0.0,0.0,4.6272156141199035e-09
SN2006nb,0.20548,2.8912191737744302e-11,1.1386659180002533e-10,0.0,0.0,2.0019334716307294e-09
SN2006nf,0.385038,2.071658617582857e-06,4.07657703667804e-06,1.550465254867805e-08,2.7309056288066407e-08,4.4665949587568734e-08
SN2006nj,0.388571,1.6790556709341735e-08,3.999138972811026e-08,2.2266589818965567e-07,1.4104359547626842e-06,1.3353177743078543e-08
SN2006nl,0.193921,1.127535870097874e-09,3.7239402665574617e-09,2.8225010712144643e-06,4.34788059366393e-06,3.4623375583247276e-08
SN2007jw,0.13639,6.853377785950585e-08,8.060977397176135e-07,2.7115241728351268e-05,1.96251661614888e-05,1.8777935588129184e-08
SN2006nu,0.196541,9.768334516884223e-09,4.5230898687699284e-08,1.2093441609335565e-07,1.597708110205881e-07,9.970946458067018e-09
SN2007lp,0.174828,1.6150808847571427e-08,1.1703272958365169e-06,1.5578362333674551e-06,2.4766544561443923e-06,7.457964528902035e-09
SN2006oe,0.334388,3.908872342368153e-08,1.4820579036868488e-07,2.2320850059253513e-07,2.3573659403770845e-07,1.3212287558555758e-07
SN2006pa,0.249733,3.914749056371289e-09,2.4269519573347073e-08,2.699124653455099e-08,1.1965004411745094e-08,2.200555828198812e-09
SN2006pb,0.173568,5.7216300712130275e-08,1.0356160511495933e-07,8.922252875166868e-06,1.1425370069826368e-05,2.1349963297678646e-08
SN2007ma,0.106377,8.271747189508886e-08,5.621078051390292e-07,0.0,0.0,2.837256727140485e-10
SN2006pg,0.301291,2.3305303617617574e-08,2.6222298881691835e-06,3.72601017297436e-09,2.5464838363759954e-09,4.374439608208586e-09
SN2006qa,0.399071,1.0131507084891011e-07,2.068408300534816e-07,1.102580173524118e-09,2.870700070676858e-09,1.33905769622836e-08
SN2007hz,0.138109,6.398082038522133e-12,6.418446239607787e-11,7.847638297962586e-13,2.94907109749809e-12,1.8201478658462038e-10
SN2007ko,0.205146,1.3819456933191861e-10,6.797627343404456e-10,1.9024760698047953e-10,2.2110534724078476e-10,1.987047155135717e-09
SN2007jj,0.233812,8.758729524300165e-07,1.7774499179035587e-06,9.096277637904088e-08,1.2628110280688146e-07,2.073650330599153e-09
SN2007mt,0.386667,2.2245449649170537e-07,4.481914694918528e-07,3.295561489104345e-08,2.390091426664229e-08,2.386888625370873e-08
SN2007ro,0.164775,2.747761200388962e-09,1.1011106256142863e-08,0.0,0.0,2.754662475055299e-10
SN2007kr,0.287457,1.7657625481585044e-07,4.115162002148287e-07,7.074764291962919e-07,7.067605589421954e-07,2.2089266466032004e-08
SN2007kt,0.237751,9.204907448196402e-08,1.0380371227582632e-07,1.5844398005134327e-08,1.6135731128439113e-08,1.536477300656867e-08
SN2007ku,0.369762,1.9174156739809298e-07,1.3578319886099337e-06,1.0625561031661547e-08,1.2281788843263185e-08,1.7092199764079096e-08
SN2007lc,0.113643,7.453674339514688e-13,2.5651835994666184e-10,0.0,0.0,3.7080308846367307e-10
SN2007mb,0.189307,1.59618582287125e-07,5.570610099236604e-07,1.3174749478960489e-09,5.416436055578758e-10,3.3844160855856096e-09
SN2007lk,0.218814,4.50712816282543e-09,2.669224163969088e-08,1.4787077498962119e-08,2.296780093070743e-08,1.3515059087070685e-08
SN2007os,0.378399,6.681524492525173e-08,3.290431838905998e-07,3.6099102584517973e-06,2.4271761619429493e-06,9.285213863535171e-08
SN2007lm,0.212263,5.5044965463709755e-08,1.258317979032522e-07,1.716311282454328e-11,1.156596581350897e-11,2.01668889879126e-09
SN2007mh,0.127151,1.363630853314708e-12,1.1743752929773154e-11,0.0,0.0,6.628407710759903e-11
SN2007ls,0.241847,1.6709430251804644e-10,5.030490541897421e-10,6.370273056662061e-10,1.1748768930080938e-09,1.1559958606024999e-08
SN2007lu,0.318042,1.0241317266430237e-08,2.081663638490264e-08,1.5656247558176353e-07,1.200709217526823e-07,1.4192483591985668e-08
SN2007lw,0.285433,2.318832701115065e-08,3.056427896656776e-08,2.231562994750418e-08,3.675716078378355e-08,1.6641924167571956e-08
SN2007mv,0.257219,1.0799894574959397e-06,1.2170041112797014e-06,1.5592185495861788e-09,4.384879223824783e-09,8.590134272974306e-09
SN2007mw,0.325692,1.7243539025011408e-08,5.472705339765238e-08,2.9120982311513912e-09,7.775974223569128e-09,2.0083675006839465e-08
SN2007nb,0.276185,5.043384805640016e-06,1.31736562694114e-05,4.667471668951382e-09,5.63472027155995e-09,1.2278153639284824e-08
SN2007nd,0.26856,2.2389790776619745e-11,3.981127898342212e-10,7.041551034790717e-08,1.8089315133633248e-07,1.6297914501276153e-08
SN2007ne,0.204532,1.2425428479956992e-06,2.0907047497189865e-06,1.5683286030666289e-09,1.9049098252406824e-09,1.7227467770096358e-08
SN2007ng,0.400093,1.2471655221370502e-05,1.554437613522811e-05,9.035290073533842e-10,1.1011287021483697e-09,2.266839801721913e-08
SN2007nk,0.209304,6.87187902948229e-11,2.8803254235555403e-09,0.0,0.0,6.007534559839957e-10
SN2007nt,0.213228,1.138095880063663e-05,2.905128404889685e-05,2.9849613737506074e-09,2.2745027547337404e-09,5.839155854227959e-08
SN2007of,0.396541,4.382780138550604e-08,1.2186700043747363e-07,1.0615767486748482e-10,1.5823292610101623e-10,1.8367342855980366e-08
SN2007ok,0.164548,1.511403863534598e-10,5.17846080491846e-10,5.4422081779759885e-12,1.0926896030559622e-11,1.905189757806744e-09
1999fj,0.816,2.5878795518415034e-06,6.058024195134207e-06,1.6456271942606356e-07,2.0145076871604608e-07,3.984763742415483e-07
SN2007ov,0.313762,3.858447974374026e-08,4.444147343062549e-08,8.039835459074993e-12,7.948759649029293e-12,6.123368998573648e-10
SN2007ox,0.201533,3.529447259806736e-08,2.8709164189749624e-07,1.2159744705948755e-07,2.714911912105076e-07,4.0745499546103306e-09
SN2007oy,0.401275,1.0811463066042887e-06,2.0206243622246494e-05,1.7073837450496053e-07,2.847777029154995e-07,4.13517492007631e-08
SN2007pj,0.352358,1.7594307326683678e-08,7.68347656945694e-08,1.4400362873893092e-07,7.17653404973609e-07,1.3598495060066669e-08
SN2007pn,0.303835,1.1365242881500628e-07,1.9411121786624212e-07,1.9084861390026272e-11,1.3081501196879787e-11,2.985985683741096e-09
SN2007pp,0.268214,1.7544242870053278e-06,2.3180376278266693e-06,3.062401015036357e-09,3.2244003058503323e-09,1.251979221724498e-08
SN2007pr,0.331364,2.122263909479214e-07,6.71448650663277e-08,7.142034106369463e-11,9.590041705135685e-11,1.1620683376682439e-08
SN2007pv,0.233708,1.6435954883840255e-09,1.64680581360429e-07,6.621295981999515e-12,4.824689707647534e-12,4.0534487803663015e-09
SN2007qh,0.245577,1.8599242434335104e-07,2.7107140916386814e-07,5.4836018854257504e-08,5.153037006985148e-08,5.5345465567254963e-08
SN2007qi,0.275735,5.0671879232994845e-09,1.267782200179179e-08,0.0,0.0,1.4729872215361692e-09
SN2007qo,0.217279,2.1591039718384052e-08,7.441280396641641e-08,9.337797676421528e-09,1.0319836694667815e-08,4.8746483071110684e-09
SN2007qp,0.263567,3.0852024338199085e-08,3.103251615481011e-07,1.3055026670609767e-08,1.067486180021258e-08,8.798757675699909e-09
SN2007sb,0.210985,7.305800391562646e-08,1.1143902859510651e-07,4.510074928933167e-08,1.913874365499867e-08,4.184129118953325e-09
SN2007qy,0.227856,1.2907509745215219e-07,2.0181595288848343e-07,9.871806900320609e-09,9.719802479817903e-09,4.2668761976311786e-09
SN2007rd,0.219792,1.51082355966601e-09,1.003579595808317e-08,0.0,0.0,3.7470218136108574e-10
SN2007re,0.208309,2.808485412232328e-10,3.2726830137872686e-09,1.7875231846425424e-12,1.4632166203984796e-12,2.0733857827686664e-09
SCP06C0,1.0944145873813222,1.5773440320251913e-07,4.516754005592556e-07,2.2376601012080185e-05,6.848877210910011e-05,3.80659658691754e-07
SCP06C1,0.9822848128645638,1.8875534096801033e-06,1.0541827621113121e-05,2.5483300901249095e-08,3.909734892995041e-08,3.030718210812891e-07
SCP06F12,1.11121050536822,3.939988856812448e-06,2.896903586495957e-05,5.46194950524729e-08,3.4870168752860064e-08,5.648101210178676e-07
SCP06G4,1.3513475046504384,2.568525953037256e-06,1.3851672789408693e-05,1.2120943303648713e-07,1.5478203397747692e-07,5.07313263778518e-07
SCP06H3,0.8510319087206601,5.989248985845528e-08,2.9577756098187277e-07,4.3117930713645805e-08,1.880956388041539e-08,2.3092399937835957e-07
SCP06H5,1.2322444451875212,3.615212380067317e-05,9.046236421603506e-05,4.0084683106230974e-08,2.6657993690927744e-08,6.213272987712814e-07
SCP06K0,1.4163218044341508,3.216307881783344e-05,0.00012624108894370293,5.572137337820879e-06,4.3050775423562745e-06,1.3508363962811342e-06
SCP06U4,1.0481829715236208,1.11809997455661e-05,4.7178470520728805e-05,2.5038906392288447e-05,0.00013723569477659857,1.1704790073725018e-06
1999fn,0.477,1.0969593692991536e-21,2.9380700912912516e-20,9.097933044206127e-10,1.6334296109309607e-09,2.591821227245026e-08
SN1997ek,0.8628602004021069,7.720868391435367e-06,1.5117318453242791e-05,1.7569379144706777e-06,2.7904874544400648e-06,2.2412842618996277e-07
SN1997eq,0.5379083714629205,1.2384000260040951e-08,6.302835015198651e-08,4.523119005200808e-06,6.467418426170998e-06,2.1906850196820125e-07
SN1997ez,0.779589446060688,9.67338463727885e-07,4.68730763641288e-06,1.662351394156889e-06,1.2766546228783485e-06,3.4618609015836203e-07
SN1998as,0.356669857238711,2.8804741829749312e-08,4.945491278408225e-08,2.3262492104661034e-09,6.9737210083144346e-09,1.181713162029739e-08
SN1998aw,0.4417769224156533,2.2306928301507813e-07,2.8702528045121617e-07,1.6205085076469534e-06,4.150392308342787e-06,6.968764144239754e-08
SN1998ax,0.4988466056462646,1.8951171408084632e-08,3.183505901990532e-08,1.569029702202409e-07,3.4522711896126826e-07,5.6240736690759685e-08
SN1998ay,0.6400198758695219,8.589814832543736e-07,3.2580823540435073e-06,7.122531032972738e-08,1.310694789116537e-07,1.3045761552076692e-07
SN1998ba,0.4313769956432205,5.07284337684758e-06,1.8083044012330292e-05,1.3877934345324016e-07,2.1578287407853138e-07,1.5462981467995571e-07
SN1998be,0.6455696660919505,7.052420200687631e-06,2.2669941106255337e-05,3.2739451953042617e-07,4.4789355444350205e-07,1.0435536263310805e-07
SN1998bi,0.7416514357424877,3.294190590585574e-05,3.8149272026477065e-05,9.866726501225387e-08,1.4194444533397923e-07,1.5493650718498648e-07
