CID,sample,region,zHD,MU,MUERR,PROBIA,HOST_RA,HOST_DEC,HOST_LOGMASS,clipped,cluster_targeted,cluster_tier_ok,kappa_raw,kappa_ext,kappa_gal_ext,kappa_cl_ext,gamma,dmu_pred,zbin,rand_mean,rand_sig,n_rand_ok,area_frac,area_flag,hr
01259412,DES3_Deep,5,0.3047569362099627,40.943376344356516,0.1069015410914468,1.0,36.345383,-5.3241,10.51,False,False,True,0.0012863276436921142,-0.0016466497431884357,-0.0009386295532207674,-0.0007080201899676675,0.003007367281314054,0.0036326125145552976,0.32500000000000007,0.00293297738688055,0.0019901673299720386,492,1.0,False,-0.004443366264920272
01261579,DES3_Deep,5,0.3222363655489997,40.90156626221724,0.1052809724828197,1.0,36.119595,-4.967311,11.16,False,False,True,0.0008944937319949541,-0.002374995293417644,-0.0014953788660748996,-0.0008796164273427444,0.0017468393826830047,0.005232540623294747,0.32500000000000007,0.0032694890254125982,0.002208990967083915,492,1.0,False,-0.1850525175158969
01279500,DES3_Deep,5,0.2350194361957722,40.364168930215854,0.1056925997688436,1.0,36.925739,-4.314926,9.7,False,False,True,0.0009978907047501688,-0.0007654164889447151,-0.00028952607823958,-0.00047589041070513513,0.0017514403320181822,0.001685482842489447,0.22500000000000003,0.001763307193694884,0.001204025492170104,492,1.0,False,0.042976838834116224
01283878,DES3_Deep,5,0.3134602474822006,41.059487063033224,0.1431219626615856,1.0,37.133164,-4.041299,11.41,False,False,True,0.0038743844689865248,0.000773852096181213,-0.0010658298233732102,0.0018396819195544236,0.005430336028069566,-0.0016564520493025734,0.32500000000000007,0.003100532372805312,0.0020991234171856277,492,1.0,False,0.04166110026099777
01286398,DES3_Deep,5,0.1502881217404008,39.415204991128576,0.1131399973107106,1.0,36.813191,-5.119083,10.36,False,False,True,0.0024395707992708733,0.0016875971508684656,-0.00040421238623774083,0.0020918095371062063,0.004028501699052765,-0.003677835548870982,0.17500000000000004,0.0007519736484024077,0.0005812646726534929,492,1.0,False,0.16952722325334316
01294743,DES3_Deep,5,0.3125423401984679,41.05984802332471,0.1188800208868829,1.0,36.102535,-4.674933,10.26,False,False,True,0.006277471061301606,0.00319461011689811,0.004533496411388807,-0.0013388862944906973,0.008512064250628839,-0.00697442682432169,0.32500000000000007,0.0030828609444034957,0.002087632206204884,492,1.0,False,0.04931989980365846
01295305,DES3_Deep,5,0.6117023390051224,42.775041860896685,0.1366232675040247,1.0,36.243351,-4.250854,8.71,False,False,True,0.016356672661065535,0.007055315492818952,0.009546859919269417,-0.0024915444264504674,0.010411306818714352,-0.015303641336474275,0.6250000000000002,0.009301357168246583,0.006330436899362807,492,1.0,False,0.05372950914904581
01297026,DES3_Deep,5,0.2584827371979723,40.57203460743472,0.109431654491242,1.0,35.820992,-5.182148,10.61,False,False,True,0.0003077063405648317,-0.001805839751840135,-0.0010002678039114517,-0.000805571947928683,0.0023226051979465833,0.0039575068099855296,0.275,0.0021135460924049665,0.0014467639633291242,492,1.0,False,0.021710379093977234
01301933,DES3_Deep,5,0.3299417482552194,41.23044488477161,0.1038555931777684,1.0,36.663719,-4.970757,10.01,False,False,True,0.005686985667883926,0.002259171404247093,0.003296531440355344,-0.0010373600361082507,0.010093537483159295,-0.00496911572777544,0.32500000000000007,0.0034278142636368332,0.0023181447694178153,492,1.0,False,0.08484212997113848
01302523,DES3_Deep,5,0.4238574411490947,41.73696962115468,0.1164448867677114,1.0,36.317585,-4.659808,10.5,False,False,True,0.01168523169651535,0.0062841459423824955,0.0027626524891868603,0.0035214934531956348,0.01436512719486298,-0.01384397021351677,0.42500000000000016,0.005401085754132854,0.003748907907594834,492,1.0,False,-0.04868653337218156
01305504,DES3_Deep,5,0.4955966022291729,42.18810809289851,0.1145290939423337,1.0,36.058437,-5.164576,10.95,False,False,True,0.0027408076639025966,-0.004110616289303661,-0.001974858389944284,-0.002135757899359378,0.004061572636953145,0.009167372677514272,0.4750000000000001,0.0068514239532062576,0.004615806962998365,492,1.0,False,0.026829376582199527
01305626,DES3_Deep,5,0.3257196260279738,41.09896707718006,0.1044973516314795,1.0,35.654617,-4.133254,9.28,False,False,True,0.009579452274190324,0.006241450352153011,0.007059790175404687,-0.0008183398232516754,0.009957403762398913,-0.013682200587412558,0.32500000000000007,0.003338001922037313,0.0022544456811033255,492,1.0,False,-0.014475726916449178
01306073,DES3_Deep,5,0.3285408595989745,41.16029690918098,0.1116245182448843,1.0,36.850643,-3.749355,10.4,False,False,True,0.0022702072938173483,-0.001127807479476535,0.0001662270823257464,-0.0012940345618022817,0.004990344035710948,0.002500871126070281,0.32500000000000007,0.0033980147732938833,0.0022970095853965975,492,1.0,False,0.025322269710786754
01308582,DES3_Deep,5,0.3669196727846266,41.25056522244497,0.1207204534817737,1.0,37.137245,-4.372774,10.7,False,False,True,0.0011503364744722068,-0.0030640665733654543,-0.0017754700501643613,-0.0012885965232010926,0.003035093905714454,0.006761420150008008,0.3750000000000001,0.004214403047837661,0.00287603010610592,492,0.75,True,-0.17210516764553146
01314897,DES3_Deep,5,0.3369308753163627,41.05051553701263,0.1200311018128934,1.0,36.606628,-4.15516,10.0,False,False,True,0.0008512883543412638,-0.0027251975567071977,-0.0016949093383513674,-0.0010302882183558298,0.0030460729703428997,0.005998458313985879,0.32500000000000007,0.0035764859110484614,0.0024235896139644863,492,1.0,False,-0.14749496350829838
01317666,DES3_Deep,5,0.1413938876815097,39.28486296779618,0.104681992404216,1.0,36.771053,-5.003092,10.24,False,False,True,0.0004926236881348708,-0.00017585304083973037,-0.0003920973723303111,0.0002162443314905807,0.00019850033732882183,0.0003841291875613317,0.125,0.0006684767289746012,0.0005240342865942404,492,1.0,False,0.10817147374313979
01322229,DES3_Deep,5,0.5261622150762062,42.18765063502795,0.1559942282157255,1.0,35.926357,-4.018886,9.75,False,False,True,0.006119522525942469,-0.0013505309426493821,0.0019724761982898315,-0.0033230071409392154,0.014117895534630422,0.0029813219015329233,0.5250000000000001,0.007470053468591851,0.004913288973527912,492,1.0,False,-0.16337846857188695
01329312,DES3_Deep,5,0.3444246261398873,41.281770913990165,0.1248416442912348,1.0,36.263298,-5.541797,11.12,False,False,True,0.002587137816525573,-0.0011487540218266894,-0.0017461672925984998,0.0005974132707718103,0.0037840510115990976,0.002573021494058917,0.32500000000000007,0.0037358918383522625,0.002536647708880388,492,1.0,False,0.0286761488339403
01330642,DES3_Deep,5,0.6339041669104888,42.67820879433142,0.1342073731059938,1.0,37.040554,-4.047055,9.27,False,False,True,0.0076681701505170695,-0.0021250459928655405,-3.330131306379571e-05,-0.0020917446798017457,0.011378822892368079,0.004876546620221543,0.6250000000000002,0.00979321614338261,0.0066785748797982105,492,1.0,False,-0.135870880906244
01331993,DES3_Deep,5,0.7196093520644367,43.21298352534261,0.1721066991691743,1.0,35.971802,-4.459333,8.93,False,False,True,0.0049872243218938165,-0.006744306930708163,-0.0026266972791663067,-0.004117609651541858,0.006784927726017561,0.015202181197985382,0.7250000000000002,0.01173153125260198,0.007476189877676588,492,1.0,False,0.12209322478253382
01334597,DES3_Deep,5,0.2889528865455524,40.730449600125446,0.1041459229113724,1.0,35.831272,-4.06785,8.88,False,False,True,0.0029453027494920976,0.00031658281546415815,0.0010421908865857372,-0.0007256080711215788,0.0027612499366754407,-0.0006675687585023637,0.275,0.0026287199340279395,0.0017923176426862218,492,1.0,False,-0.09439773246108717
01337655,DES3_Deep,5,0.8485083867036423,43.57275017282369,0.1694934074131079,1.0,35.940819,-5.053386,2.0,False,False,True,0.004441199593550259,-0.010067702275014426,-0.005421613512165866,-0.004646088762848562,0.019600418733596844,0.022271941858736877,0.8250000000000003,0.014508901868564685,0.009341054386523872,492,1.0,False,0.007426076728388667
01338675,DES3_Deep,5,0.3305429621723064,41.25957417812079,0.1081535440698369,1.0,36.743656,-4.967741,9.51,False,False,True,0.0035669922398972433,0.00012638904529404388,0.0005301444636368199,-0.0004037554183427758,0.002431754358319817,-0.00020948453568369382,0.32500000000000007,0.0034406031946031994,0.0023272152738559137,492,1.0,False,0.1094230101350485
01282736,DES3_Shallow,5,0.3688992563021342,41.342242218404394,0.1352187560288467,1.0,35.809322,-6.268094,10.6,False,False,True,0.002366843248708948,-0.001889669198508929,-0.0010717844978038167,-0.000817884700705112,0.0018755131288665252,0.004214380255228666,0.3750000000000001,0.004256512447217877,0.002905896049941915,492,1.0,False,-0.09397747855540757
01287626,DES3_Shallow,5,0.3039523482980426,40.76618401498462,0.1249140797048629,1.0,35.931824,-5.961218,8.2,False,False,True,0.0005015967268070644,-0.0024158908410793004,-0.001283178410157643,-0.0011327124309216574,0.0027248010994412523,0.005304876498197798,0.32500000000000007,0.002917487567886365,0.001980094755527665,492,1.0,False,-0.17507074460222805
01291080,DES3_Shallow,5,0.4438349269249673,41.73147809870639,0.1693456259013054,1.0,35.684559,-6.06357,8.58,False,False,True,0.020129520112942754,0.014324040309750695,-0.0017451269726849192,0.016069167282435612,0.012724483942591463,-0.03156664048145806,0.42500000000000016,0.0058054798031920585,0.004012357003851127,492,1.0,False,-0.1714933175534532
01292560,DES3_Shallow,5,0.2247960870494061,40.203646561870976,0.1108157914609648,1.0,35.055779,-5.361129,8.65,False,False,True,0.0020629043795370506,0.0004517266709610714,0.0010748154607741016,-0.0006230887898130303,0.004975290921135973,-0.0009860049169934967,0.22500000000000003,0.0016111777085759792,0.0010989013263350595,492,1.0,False,-0.00937297971910851
01293319,DES3_Shallow,5,0.2968623971184116,40.896722588003875,0.1172339389268141,1.0,36.002407,-6.497732,9.23,False,False,True,0.0003103819247629103,-0.002470610850170375,-0.0012981850046603035,-0.0011724258455100716,0.0024385325699906725,0.005420181985237702,0.275,0.0027809927749332854,0.0018913361997430311,492,1.0,False,0.0050037738288138045
01295027,DES3_Shallow,5,0.4254494310781249,41.7317482548107,0.1535049354149241,1.0,35.432739,-6.940557,10.09,False,False,True,0.004860527407127218,-0.000573373205173618,0.002023119104300955,-0.0025964923094745746,0.006584578448992954,0.0013525579266106206,0.42500000000000016,0.005433900612300836,0.0037723370235165886,492,1.0,False,-0.0634437320272432
01296657,DES3_Shallow,5,0.146186493994832,39.32656019274006,0.1180915221785577,1.0,36.255188,-6.278562,9.48,False,False,True,0.004112341732987102,0.003398873174413341,0.0036236508046310215,-0.00022477763021768046,0.0032339822164460692,-0.007407037918954015,0.125,0.0007134685585737607,0.0005548725473961652,492,1.0,False,0.0713409580970023
01298893,DES3_Shallow,5,0.1961365092138698,39.91124878273867,0.1515099794143799,1.0,35.724033,-6.256828,10.78,False,False,True,0.0024251303501440016,0.0011749391346230883,-0.0003823268592708216,0.0015572659938939098,0.002220251333197346,-0.002549639823505576,0.17500000000000004,0.0012501912155209133,0.000892497671276399,492,1.0,False,0.031046566328054387
01300516,DES3_Shallow,5,0.3104136989435242,40.79574643961447,0.1177224786369481,1.0,34.546364,-5.010114,9.56,False,False,True,0.0004926665573476348,-0.002549214069984053,-0.0011863687485215912,-0.001362845321462461,0.0019444227285646957,0.005603054576375503,0.32500000000000007,0.0030418806273316877,0.002060983909371023,492,1.0,False,-0.1977812232776207
01303004,DES3_Shallow,5,0.2949493000891194,40.83928489513271,0.1109740943308026,1.0,35.294621,-6.463124,9.37,False,False,True,0.0014652011106325974,-0.0012789609758662459,-8.691606316077482e-05,-0.001192044912705471,0.0023747630425729653,0.002826378213865144,0.275,0.0027441620864988433,0.0018673862845611483,492,1.0,False,-0.03641206716210819
01303952,DES3_Shallow,5,0.5626493589422155,42.61687168051106,0.1954005375961572,1.0,35.871758,-6.921939,11.14,False,False,True,0.0027354614242622827,-0.005507976504045083,-0.002981518616964229,-0.002526457887080855,0.011408247449869239,0.012174322466643895,0.5750000000000002,0.008243437928307366,0.005441555936961808,492,1.0,False,0.12145949735639944
01304127,DES3_Shallow,5,0.7285979961612705,43.28062616031458,0.2431788583373133,1.0,35.180489,-6.951112,9.31,False,False,True,0.009804559551298168,-0.002126152027534309,0.002174081508233592,-0.004300233535767901,0.011964884850803085,0.004999969462272071,0.7250000000000002,0.011930711578832477,0.007573186489818104,492,1.0,False,0.15722352295860487
01308957,DES3_Shallow,5,0.618683669772359,42.99463720926706,0.274379792155645,1.0,35.13385,-6.62402,10.08,False,False,True,0.0042151571097834495,-0.005237636596124918,-0.001703932323706687,-0.0035337042724182316,0.003567823767304294,0.011791299421569278,0.6250000000000002,0.009452793705908367,0.006465502074184084,492,1.0,False,0.24381373297473863
01310338,DES3_Shallow,5,0.4388263503554626,41.47049321529178,0.1275086828278752,1.0,35.041988,-6.376677,2.0,False,False,True,0.0019917251418878285,-0.003712529062347489,-0.001340524822626989,-0.0023720042397205017,0.004748141862202136,0.008228402831072516,0.42500000000000016,0.005704254204235318,0.0039469707635380585,492,1.0,False,-0.4035358783874848
01313594,DES3_Shallow,5,0.2883417511744834,40.81455414133222,0.1118096543719738,1.0,34.832935,-5.789424,10.38,False,False,True,0.0028147642614820474,0.00019780982397544014,0.0008845519734378307,-0.0006867421494623899,0.001639929879647509,-0.0003842047305371967,0.275,0.0026169544375066072,0.0017846668857838571,492,1.0,False,-0.005056046595325527
01317277,DES3_Shallow,5,0.2371030929323032,40.30742740304874,0.1195044559578956,1.0,35.903149,-5.481456,10.05,False,False,True,0.0004314336358282149,-0.0013629764977566715,-0.0009086756906946763,-0.0004543008070619952,0.000616469618264474,0.002982737387643701,0.22500000000000003,0.0017944101335848864,0.0012255818644213187,492,1.0,False,-0.035275441418319245
01317286,DES3_Shallow,5,0.2789785273573759,40.62700899430787,0.1095914060258317,1.0,36.0079,-6.81061,2.0,False,False,True,0.0005690058261989979,-0.0018676890772277197,-0.0010849315302547328,-0.0007827575469729864,0.0016663096908777176,0.0040995752565554395,0.275,0.0024366949034267176,0.0016674494039650312,492,1.0,False,-0.11105140636162945
01329615,DES3_Shallow,5,0.4038594034772507,41.67435317488501,0.1493442943778131,1.0,35.442699,-5.639848,10.91,False,False,True,0.004173543122040535,-0.0008121710436848981,0.0011788274925151033,-0.0019909985362000014,0.008223200453138502,0.0018348132135596953,0.42500000000000016,0.004985714165725433,0.003441525311170075,492,0.95,False,0.011411928502627048
01332413,DES3_Shallow,5,0.6087155423194852,42.69396413935179,0.1720617187858349,1.0,36.274887,-5.85303,9.21,False,False,True,0.011627944470034018,0.002391375830486757,-0.0038394066669986873,0.006230782497485444,0.016950892882955884,-0.005200225196695704,0.6250000000000002,0.009236568639547261,0.006272652469724493,492,1.0,False,-0.014624687772920279
01334448,DES3_Shallow,5,0.51674045194065,42.13568745080554,0.2476421662231073,1.0,34.489563,-4.862434,10.66,False,False,True,0.006042762939571004,-0.001235800198076651,0.002134378821349426,-0.0033701790194260784,0.014194488252456656,0.002728821236089963,0.5250000000000001,0.007278563137647655,0.004817624889704093,492,1.0,False,-0.16877466148387485
01334470,DES3_Shallow,5,0.5187526227877535,42.22886890091072,0.1728048057772455,1.0,35.053696,-4.9472,2.0,False,False,True,0.00413393717912944,-0.003185274990095562,-0.00023329304082277905,-0.0029519819492727856,0.010300016470607007,0.007086927165758997,0.5250000000000001,0.007319212169225002,0.004836831049134922,492,1.0,False,-0.08560504954881952
01334620,DES3_Shallow,5,0.1961370913446718,39.97832645223624,0.1200914531367896,1.0,35.752945,-6.264184,10.35,False,False,True,0.0019093207793337065,0.0006591222314871769,-0.0005917474005534782,0.001250869632040655,0.0006802762903533115,-0.0014284555701110048,0.17500000000000004,0.0012501985478465295,0.0008925018637291262,492,1.0,False,0.09811709852379005
01334644,DES3_Shallow,5,0.2880474158785653,40.770461220996616,0.1233475360189424,1.0,35.107216,-5.772545,11.22,False,False,True,0.00650933457637606,0.0038980466426657766,0.005010872197469798,-0.0011128255548040209,0.00046201086943238915,-0.008601420867223621,0.275,0.0026112879337102835,0.0017809821247579717,492,1.0,False,-0.046622984602326924
01334645,DES3_Shallow,5,0.2312191343721183,40.14836841261047,0.1113246429317422,1.0,36.379593,-5.878989,10.45,False,False,True,0.003623109892890508,0.0019165301615998974,-0.0003574005434539636,0.0022739307050538607,0.004775835552965377,-0.0041696809330648696,0.22500000000000003,0.0017065797312906105,0.0011647096493340903,492,1.0,False,-0.13313181211864672
01335564,DES3_Shallow,5,0.6076912457276791,42.66960460553408,0.2036218612356631,1.0,35.128132,-6.446471,9.3,False,False,True,0.007273008424908287,-0.0019413415382041246,0.0018315603135939497,-0.0037729018517980743,0.002479843706738335,0.004585441024686325,0.6250000000000002,0.009214349963112411,0.0062528357896596545,492,1.0,False,-0.03460713525782691
01336687,DES3_Shallow,5,0.2337033987487309,40.36479326165632,0.1108770913941929,1.0,35.605808,-6.149859,8.58,False,False,True,0.0013052560604956474,-0.0004384065185702138,0.000174081727868623,-0.0006124882464388371,0.0044926589917086285,0.0009553777277913874,0.22500000000000003,0.0017436625790658612,0.0011904104889847945,492,1.0,False,0.05727861471286559
01337272,DES3_Shallow,5,0.5027485806389085,42.1971131411609,0.1689365238112923,1.0,34.128422,-5.680552,8.6,False,False,True,0.0038348708007370385,-0.0031610344208646657,4.4856959666728265e-05,-0.0032058913805313957,0.001074140617965977,0.007123350937388412,0.5250000000000001,0.006995905221601704,0.0046840725567380646,492,1.0,False,-0.0366996475483835
01337325,DES3_Shallow,5,0.6386543772982449,43.021544523793665,0.1963981365814678,1.0,35.135029,-4.652505,2.0,False,False,True,0.010307654689044422,0.000405922570697043,-0.003039311229697624,0.003445233800394666,0.017066560345659676,-0.0008450374019868222,0.6250000000000002,0.009901732118347379,0.006727054042911957,492,1.0,False,0.1880189824960491
01337838,DES3_Shallow,5,0.3119398549227126,40.97280778174176,0.112263320810417,1.0,35.49601,-6.498196,8.42,False,False,True,0.001068527757414718,-0.002002734220946846,-0.0006352248272542759,-0.0013675093936925693,0.002557282789913718,0.004412640527490891,0.32500000000000007,0.0030712619783615637,0.002080089739183224,492,1.0,False,-0.03291947702878896
01338233,DES3_Shallow,5,0.5979929419018641,42.80682093990014,0.2894111873813158,1.0,35.122704,-5.529291,10.98,False,False,True,0.0032473586409141556,-0.005756619173743991,-0.0018719922826758231,-0.003884626891068166,0.0048425908783977095,0.012872394630417866,0.5750000000000002,0.009003977814658146,0.006065206361205855,492,1.0,False,0.15345890294976
01338266,DES3_Shallow,5,0.6476490039816962,43.089405070681806,0.2079886777974524,1.0,34.905033,-5.869125,8.96,False,False,True,0.007523902912312025,-0.002583306564788697,6.625977474275079e-05,-0.00264956633953145,0.007867938269677396,0.005966507428364701,0.6250000000000002,0.010107209477100722,0.006818850392660641,492,1.0,False,0.21943314315064077
01338278,DES3_Shallow,5,0.5639005351686628,42.5434321308432,0.2018253769836483,1.0,34.429966,-4.976041,9.92,False,False,True,0.0021025626784443438,-0.006167395282602589,-0.0038783329692353625,-0.002289062313367226,0.006075440657237448,0.013717218686787939,0.5750000000000002,0.008269957961046933,0.005459670675355507,492,1.0,False,0.042270085961726926
01339002,DES3_Shallow,5,0.3025544598941461,40.82032145974071,0.1375085801059018,1.0,35.830547,-6.526311,10.87,False,False,True,0.002579855050967979,-0.00031072055611257223,0.0009439261705723543,-0.001254646726684927,0.002975913156624383,0.000725213630679334,0.32500000000000007,0.002890575607080551,0.0019625946976662796,492,1.0,False,-0.10948902890119906
01339149,DES3_Shallow,5,0.4678114234720747,41.80177504396674,0.1567680479599912,1.0,35.555027,-5.871708,10.0,False,False,True,0.0017864201205106422,-0.004503635527771308,-0.001966279268761353,-0.002537356259009957,0.003290515600072816,0.009996523596866844,0.4750000000000001,0.006290055648281951,0.004325366687009396,492,1.0,False,-0.21152984736382752
01341894,DES3_Shallow,5,0.3121259516231762,41.018613038492006,0.1312836926236966,1.0,35.302509,-4.65022,10.0,False,False,True,0.019088946934622365,0.016014102247444414,0.01653183764870076,-0.0005177354012563454,0.015864059649421527,-0.03537192503503524,0.32500000000000007,0.003074844687177952,0.0020824194695228193,492,1.0,False,0.011401964656288939
01343401,DES3_Shallow,5,0.382857752781391,41.36264546478191,0.1541700679515429,1.0,34.572121,-5.654875,10.74,False,False,True,0.0009047625896692445,-0.0036447343255506964,-0.002044466535239023,-0.0016002677903116731,0.0037679539628575802,0.008031582551610114,0.3750000000000001,0.004549496915219941,0.003118716542328311,492,1.0,False,-0.16724109806906112
01344692,DES3_Shallow,5,0.3794758021695521,41.534001303201,0.2502303338967795,1.0,35.183895,-6.02737,11.06,False,False,True,0.0018200590528828044,-0.0026591926602524936,-0.002229930643056324,-0.00042926201719616997,0.0019996138180729053,0.005871027926612426,0.3750000000000001,0.004479251713135298,0.0030667338039663886,492,1.0,False,0.026514232426842747
01345553,DES3_Shallow,5,0.3189213527881984,41.17245955441103,0.1327430368039668,1.0,35.344692,-4.667977,10.03,False,False,True,0.004051923277414022,0.0008462544348148606,0.0013969066589824106,-0.000550652224167549,0.0015161044619329501,-0.0017810042332458472,0.32500000000000007,0.0032056688425991615,0.0021674905762347255,492,1.0,False,0.11161970143644827
01345594,DES3_Shallow,5,0.4224099953800646,41.6673790185717,0.1914850047920371,1.0,33.898705,-5.599823,11.19,False,False,True,0.006438572805851942,0.00106755139393513,-0.0011631558418661238,0.002230707235801253,0.01007669563505912,-0.0022952258013440256,0.42500000000000016,0.0053710214119168116,0.0037266597427513936,492,1.0,False,-0.10957809197352965
ps0910017,Pan-STARRS,5,0.3189217627887779,40.83669910298256,0.1676308106945433,1.0,35.277479,-5.023289,10.0,False,False,True,0.01576768442643446,0.012562007690558916,0.013892859770814257,-0.0013308520802553403,0.0134626965932248,-0.027673874491998485,0.32500000000000007,0.0032056767358755447,0.002167495709000577,492,1.0,False,-0.22414395364196815
psc000014,Pan-STARRS,5,0.1351810437669469,39.02256485573785,0.1584671713300104,1.0,35.8779625,-4.6363222,10.53,False,False,True,0.001977162466736394,0.0013670104146611172,0.001550880151562414,-0.00018386973690129673,0.000581356679580193,-0.00298779918388622,0.125,0.0006101520520752768,0.0004840574371654951,492,1.0,False,-0.04852287131871831
psc000034,Pan-STARRS,5,0.2523833780682032,40.37059971857808,0.1475492175814518,1.0,36.0664375,-3.1865361,8.94,False,False,True,0.0003670115768144679,-0.0016554888087546482,-0.00108125709432548,-0.0005742317144291683,0.001217314122874787,0.0036311948878308044,0.275,0.002022500385569116,0.0013836633318335327,492,1.0,False,-0.12119138640619286
psc000038,Pan-STARRS,5,0.1495553919235603,39.19583806646215,0.146027508198884,1.0,35.0956625,-4.6725083,9.13,False,False,True,0.0025755218461189105,0.001830426888121319,0.002063296731242132,-0.00023286984312081345,0.0009506032818668675,-0.003993045235606924,0.125,0.0007450949579975916,0.0005765498866452489,492,1.0,False,-0.11314910836858301
psc061191,Pan-STARRS,5,0.268682791408807,40.78341584097438,0.1482646657849179,1.0,36.2770292,-5.0008528,10.04,False,False,True,0.0019990121641849453,-0.0002667910958389719,-0.000781117659395305,0.0005143265635563331,0.0019716929754461064,0.0006161250328361283,0.275,0.002265803260023917,0.001552288141902504,492,1.0,False,0.13800445902840422
psc061197,Pan-STARRS,5,0.3278144740581568,40.8829903407828,0.1718786947908208,1.0,35.4774542,-4.1886083,11.13,False,False,True,0.0020265942158018565,-0.0013559689947911925,-0.00031437404071670656,-0.0010415949540744855,0.003929186922198204,0.0030059485410082057,0.32500000000000007,0.003382563210593049,0.002286050618738472,492,1.0,False,-0.24645689647193106
psc070111,Pan-STARRS,5,0.3515200234328599,41.42010677435632,0.1893726894777691,1.0,36.39315,-5.2186472,10.2,False,False,True,0.0015909557266543957,-0.002295868323311384,-0.0014017192021083097,-0.0008941491212030742,0.006209409009605237,0.005049321236382069,0.3750000000000001,0.00388682404996578,0.002643695850659624,492,1.0,False,0.10521765118974173
psc070515,Pan-STARRS,5,0.4726259766006226,41.874215887679895,0.1771627363599216,1.0,36.4631667,-5.4048889,9.47,False,False,True,0.002885254492122091,-0.003502105453575145,-0.0018773425983057987,-0.0016247628552693476,0.0032066804908178655,0.007822941733250627,0.4750000000000001,0.006387359945697236,0.0043882199794557965,492,1.0,False,-0.16530937992861527
psc070530,Pan-STARRS,5,0.3183434829997769,41.25464396375569,0.1753152675869722,1.0,36.2909,-5.0434083,11.46,False,False,True,0.0036843996391558295,0.0004898558685248705,-0.0010647241304839778,0.0015545799990088485,0.00706779864860542,-0.0010561884755653323,0.32500000000000007,0.003194543770630959,0.002160256268613649,492,1.0,False,0.19832324699022996
psc080048,Pan-STARRS,5,0.3203378206401559,40.943531485392185,0.1588599470906193,1.0,36.1052292,-5.0123167,11.47,False,False,True,0.002820756541030477,-0.00041218195142651284,0.00025786401654353803,-0.0006700459679700507,0.0015337388797363044,0.0009619060865261328,0.32500000000000007,0.00323293849245699,0.0021852232287833512,492,1.0,False,-0.1283536325675575
psc080296,Pan-STARRS,5,0.4988726850013585,42.078118064662696,0.1838434071705349,1.0,35.4570083,-3.9213833,11.74,False,False,True,0.0029797721198465046,-0.003937833883580924,-0.002342133040659668,-0.001595700842921257,0.0025064236283417595,0.008810026183898291,0.4750000000000001,0.006917606003427428,0.004647077154653198,492,1.0,False,-0.10009226383756686
psc080546,Pan-STARRS,5,0.611578149614165,42.94024451294849,0.1930896852305517,1.0,35.3486875,-4.0070861,9.85,False,False,True,0.0026499845216602378,-0.006648678774600053,-0.002529748516946026,-0.004118930257654027,0.012768208265551266,0.014701096187263663,0.6250000000000002,0.009298663296260291,0.006328034254027721,492,1.0,False,0.21946002108856055
psc080723,Pan-STARRS,5,0.4292193558363075,41.886901361349715,0.1657280257338168,1.0,34.9863667,-3.9606056,9.75,False,False,True,0.019060069205744674,0.013549976708110114,0.015026704787021644,-0.0014767280789115319,0.018267727689933573,-0.03002327524698952,0.42500000000000016,0.005510092497634561,0.003821552844175409,492,1.0,False,0.0692599395733162
psc090128,Pan-STARRS,5,0.4299383652686996,41.91281533154879,0.2021873609918991,1.0,36.0191833,-3.2260639,11.4,False,False,True,0.00299020812795852,-0.002534415875671692,-0.0017334700117915417,-0.0008009458638801518,0.0071030065550656205,0.0056169616408227145,0.42500000000000016,0.005524624003630212,0.0038309394079787855,492,1.0,False,0.09091318079038267
psc091437,Pan-STARRS,5,0.4640027300003873,41.60310864007923,0.2109215032589141,1.0,35.7548708,-2.8605083,9.6,False,False,True,0.004503788538435618,-0.0017092916912690116,-0.0024567512669845214,0.0007474595757155089,0.01372623160681445,0.0037091966733192056,0.4750000000000001,0.00621308022970463,0.004275644746421555,492,1.0,False,-0.3892743470151955
psc100163,Pan-STARRS,5,0.316927465971953,41.08286638173349,0.1809584113738317,1.0,35.4423417,-5.1516,10.43,False,False,True,0.0008726181383414759,-0.0022946646616376484,-0.0011906162307998309,-0.0011040484308378175,0.0034845520202436593,0.005045446237611861,0.32500000000000007,0.003167282799979124,0.0021425292598978227,492,1.0,False,0.03765158690834146
psc110033,Pan-STARRS,5,0.2039020589187834,39.90218761335672,0.1606218697031254,1.0,34.9031333,-3.5292444,10.06,False,False,True,0.0010939322255975443,-0.00025407126652800477,-0.00017394082414964786,-8.013044237835696e-05,0.0016157478054829256,0.0005683950770981223,0.22500000000000003,0.001348003492125549,0.0009484244491177124,492,1.0,False,-0.07477238226981171
psc120585,Pan-STARRS,5,0.2481828147366021,40.4120181095536,0.149193991663654,1.0,35.773475,-3.6103472,9.62,False,False,True,0.00011316771080258508,-0.0018466304712239016,-0.0010835489218732595,-0.0007630815493506421,0.0009980910346804107,0.00404441773952338,0.22500000000000003,0.0019597981820264868,0.0013402066024916603,492,1.0,False,-0.042205982144784285
psc310039,Pan-STARRS,5,0.1707530635580976,39.61341868599193,0.1429152157384327,1.0,36.2155625,-3.3447722,9.95,False,False,True,0.00014793247781060264,-0.0007961610975841496,-0.0005331054060211182,-0.0002630556915630315,0.0006251145730940721,0.001739502354557001,0.17500000000000004,0.0009440935753947523,0.000712947346299362,492,1.0,False,0.06490920957768134
psc310188,Pan-STARRS,5,0.3171206977693939,41.166465423033735,0.1498934852441097,1.0,35.2776375,-4.5196444,11.26,False,False,True,0.006478439809565219,0.0033074369368358866,0.002398959009232688,0.0009084779276031989,0.011087648554379614,-0.007275775954425378,0.32500000000000007,0.003171002872729332,0.0021449483139699857,492,1.0,False,0.11973239366934028
psc310238,Pan-STARRS,5,0.2819486081061653,40.65596945036404,0.1468340851400791,1.0,35.5267917,-3.2332917,9.91,False,False,True,0.00022775507903902877,-0.002266119422185856,-0.0012240555841111687,-0.001042063838074687,0.0006055708561732785,0.004971639151325398,0.275,0.002493874501224885,0.0017046316173748583,492,1.0,False,-0.1082299722650548
psc310260,Pan-STARRS,5,0.517980901912257,42.18061020498617,0.1889197060138896,1.0,36.1689125,-5.1043083,10.91,False,False,True,0.00944789079305346,0.002144268605306478,-0.002379698965705647,0.004523967571012123,0.01353578479215247,-0.004654292143823385,0.5250000000000001,0.007303622187746982,0.004829464977713988,492,1.0,False,-0.13002826504859588
psc320099,Pan-STARRS,5,0.3790840845497119,41.41594703203844,0.163008909696217,1.0,36.0675,-3.9160222,10.47,False,False,True,0.004070571499762999,-0.0004005439965779232,0.0017179453042015297,-0.0021184893007794533,0.004340774220756355,0.0009529097803950941,0.3750000000000001,0.004471115496340922,0.00306071285425984,492,1.0,False,-0.08893362578699822
psc320258,Pan-STARRS,5,0.3400926208709456,41.05182985210976,0.1692393295710034,1.0,34.7479958,-4.8807389,10.96,False,False,True,0.0019316808058903732,-0.0017120612755187027,-0.00021952703596653808,-0.001492534239552164,0.004516259408708793,0.0037861665473103937,0.32500000000000007,0.003643742081409076,0.0024712908169305385,492,1.0,False,-0.16955875829709066
psc320469,Pan-STARRS,5,0.3700606126161159,41.46618334540238,0.2792295336630749,1.0,34.4183125,-4.8370833,10.77,False,False,True,0.001058172220291329,-0.0032230444217309995,-0.0011648441085061292,-0.0020582003132248706,0.0009673657495823892,0.007118279985503017,0.3750000000000001,0.0042812166420223285,0.0029234174134712626,492,1.0,False,0.022046090706618608
psc330022,Pan-STARRS,5,0.2630588390275969,40.40804667612375,0.1615899399107871,1.0,35.3240875,-2.949125,10.98,False,False,True,0.009938628604599814,0.007756774610206009,0.00861951318083483,-0.0008627385706288199,0.016566919705143346,-0.017172408781390668,0.275,0.0021818539943938052,0.0014941058084466082,492,1.0,False,-0.18535884961874147
psc330089,Pan-STARRS,5,0.3479164734737339,41.45822635013327,0.1643301079202487,1.0,36.190275,-4.8221417,9.65,False,False,True,0.0008568391526536051,-0.002953330730881021,-0.0013901969104119709,-0.0015631338204690497,0.0012079380499145477,0.006510644397101643,0.32500000000000007,0.003810169883534626,0.0025893291519385906,492,1.0,False,0.17984249197267366
psc330128,Pan-STARRS,5,0.320147296936816,40.972920530726064,0.156408031147888,1.0,36.8228208,-3.8213139,10.81,False,False,True,0.002484345857020538,-0.0007449246985520978,0.00015135357757259122,-0.0008962782761246887,0.000728251256538094,0.0016883527594598055,0.32500000000000007,0.003229270555572636,0.00218283807713382,492,1.0,False,-0.09748156616278915
psc330146,Pan-STARRS,5,0.1342908151494966,39.11888490055903,0.1502341348328809,1.0,36.7176792,-3.1205528,10.74,False,False,True,2.280751666663623e-05,-0.0005789872843343594,-0.0004054417035824514,-0.000173545580751908,0.00020862758531602635,0.0012630079145273315,0.125,0.0006017948010009957,0.0004783292173862162,492,1.0,False,0.06330110810378503
psc340229,Pan-STARRS,5,0.1402697277913887,39.23536626865161,0.1608272002625473,1.0,35.8790083,-2.8604444,10.39,False,False,True,0.000748876313460546,9.095292580211774e-05,-0.0004276536510581568,0.0005186065768602746,0.002483886142462019,-0.0001996138761858194,0.125,0.0006579233876584283,0.0005168008245470347,492,1.0,False,0.07745568778355366
psc420352,Pan-STARRS,5,0.4014466083817714,41.68385741881572,0.167359667377692,1.0,35.1821625,-3.9624694,9.19,False,False,True,0.0009462471099466615,-0.00398935181208554,-0.0016273725445416372,-0.002361979267543904,0.004608005611466929,0.008794896600905844,0.42500000000000016,0.004935598922032202,0.003404439111350902,492,1.0,False,0.03610246659319436
psc440042,Pan-STARRS,5,0.1582571842262692,39.60966160951786,0.1433748384792615,1.0,35.9021333,-3.2939639,8.49,False,False,True,3.65377303019584e-05,-0.0007902475504334835,-0.0005206024683607562,-0.0002696450820727273,0.00023738735338377806,0.00172522889307316,0.17500000000000004,0.0008267852807354419,0.0006325419967689566,492,1.0,False,0.24172658218737889
psc440236,Pan-STARRS,5,0.4346655845438896,41.713725876378355,0.1702258195190274,1.0,37.1018542,-4.4246056,11.41,False,False,True,0.001161632059012616,-0.004458531185336097,-0.002689950659361987,-0.001768580525974112,0.0034396658185517326,0.009856734504247861,0.42500000000000016,0.005620163244348713,0.00389265256964274,492,0.7,True,-0.13602464217588794
psc440285,Pan-STARRS,5,0.1761630626073871,39.81098700048976,0.1474350317494187,1.0,36.8042542,-4.1287972,10.63,False,False,True,0.00014099575949649512,-0.0008576165777146123,-0.0005822945826868969,-0.00027532199502771515,0.0005783467129997741,0.001873926159688209,0.17500000000000004,0.0009986123372111074,0.0007486507378932686,492,1.0,False,0.18809988768457567
psc440509,Pan-STARRS,5,0.3181157205906024,40.945751545821224,0.1725456280800092,1.0,34.8496375,-5.4303667,11.82,False,False,True,0.0004618713568822245,-0.002728287562274428,-0.0013781911960199494,-0.0013500963662544784,0.0019438032504238256,0.00599724637725778,0.32500000000000007,0.0031901589191566525,0.0021574049284579597,492,1.0,False,-0.10878590506041998
psc450339,Pan-STARRS,5,0.4084624553929477,41.765455416714914,0.2341565415723036,1.0,36.2873542,-3.3533917,10.55,False,False,True,0.008126885803108877,0.003045563407360114,0.004565146937298677,-0.001519583529938564,0.007113667022965991,-0.00657638573093065,0.42500000000000016,0.005081322395748763,0.0035122771555531358,492,1.0,False,0.0737749440353732
psc460004,Pan-STARRS,5,0.2082197717896059,40.144626321570925,0.1523971658209332,1.0,36.0344625,-3.4641833,9.87,False,False,True,8.81474510936328e-05,-0.0013142405136923724,-0.0008336692707758935,-0.00048057124291647893,0.0009544118682275758,0.002874656725351397,0.22500000000000003,0.0014023879647860052,0.0009795202218170073,492,1.0,False,0.11710033143502045
psc540163,Pan-STARRS,5,0.3286221766387556,41.23464020172148,0.1502089498319912,1.0,36.0723292,-3.3093417,10.36,False,False,True,0.0007651164525384619,-0.002634628084452823,-0.0015272400846472265,-0.0011073879998055966,0.0023169960393917242,0.005798600886024904,0.32500000000000007,0.003399744536991285,0.0022982364142328316,492,1.0,False,0.09904748812143059
psc550154,Pan-STARRS,5,0.210124987695347,40.212846525746045,0.1477782445794621,1.0,36.3555667,-3.5962083,10.58,False,False,True,0.0008165307626339032,-0.0006098546668835406,-0.00014884224492397872,-0.000461012421959562,0.0006647221545301843,0.0013448892788026849,0.22500000000000003,0.0014263854295174438,0.0009932414122992082,492,1.0,False,0.1633170093937028
psc560027,Pan-STARRS,5,0.4388265898546408,41.75363323590862,0.2309815456171849,1.0,35.850625,-3.0839472,10.0,False,False,True,0.0014573554662426426,-0.004246903578379445,-0.002343810456387552,-0.001903093121991894,0.003722826891258734,0.009403141836531645,0.42500000000000016,0.005704259044622087,0.003946973890165076,492,1.0,False,-0.12039724908507089
psc560121,Pan-STARRS,5,0.3641044995710436,41.5151076427654,0.1751755601240156,1.0,36.3387958,-4.3952611,8.94,False,False,True,0.0033896187114339595,-0.0007649004001480044,0.0008835662300579125,-0.0016484666302059169,0.010365404758773813,0.001653629373922042,0.3750000000000001,0.004154519111581964,0.0028335576343249225,492,1.0,False,0.11182306913512889
03D1au,SNLS,5,0.5030838265307911,42.21276449862432,0.1366682538221146,1.0,36.04321,-4.037469,9.55,False,False,True,0.0027396580740915418,-0.0042630196444206165,-0.0010459973861757735,-0.003217022258244844,0.007362660660987748,0.009485787243798376,0.5250000000000001,0.007002677718512158,0.004687272476892607,492,1.0,False,-0.022762537170850295
03D1aw,SNLS,5,0.5807242679744387,42.76444396012342,0.1450653740436086,1.0,36.061634,-4.517158,9.21,False,False,True,0.011509929886829527,0.002880537989494239,0.006689246449450936,-0.0038087084599566948,0.010825131824640023,-0.00613937166724491,0.5750000000000002,0.008629391897335288,0.0057311158359602595,492,1.0,False,0.1871175410947093
03D1ax,SNLS,5,0.4947956137520262,42.15297609067843,0.1341817790488641,1.0,36.097287,-4.720774,11.61,False,False,True,0.006293055806941236,-0.0005421869129728788,-0.0028844306802727664,0.002342243767299886,0.003189211322634027,0.001330566604964908,0.4750000000000001,0.0068352427199141145,0.004608161532484112,492,1.0,False,-0.004146940393681464
03D1bp,SNLS,5,0.3459282071903045,41.39874862513623,0.1291804484633472,1.0,36.657235,-4.838779,10.85,False,False,True,0.0010656181354767782,-0.0027022576502020723,-0.0014919035725526365,-0.0012103540776494353,0.004339367369560145,0.0059442366047555775,0.32500000000000007,0.0037678757856788505,0.002559332211356528,492,1.0,False,0.1347354366984016
03D1co,SNLS,5,0.6776622506150842,43.260242895680406,0.1890108605302287,1.0,36.567748,-4.93505,8.69,False,False,True,0.011153602474646356,0.0003619248051937862,0.004149105517526201,-0.0037871807123324164,0.011840353996874262,-0.0005224354619307418,0.6750000000000002,0.01079167766945257,0.007120557012356855,492,1.0,False,0.28138208232077333
03D1ew,SNLS,5,0.8664945968980386,43.4785169571611,0.2047379165611657,1.0,36.058795,-4.665852,8.58,False,False,True,0.008153186254475198,-0.0067382294281189276,-0.0027258827828406315,-0.0040123466452782995,0.017680270568820284,0.015149621252727289,0.8750000000000002,0.014891415682594125,0.009522181207315648,492,1.0,False,-0.13956106745867836
03D1fc,SNLS,5,0.3309318857355345,41.07425553770992,0.1269100008319618,1.0,36.431648,-4.144059,10.41,False,False,True,0.002280398809911003,-0.0011684775075523875,-0.0003252372514194353,-0.0008432402561329522,0.004427233336188405,0.002595799665309143,0.32500000000000007,0.0034488763174633907,0.002333082957231299,492,1.0,False,-0.07883390531834546
03D1fq,SNLS,5,0.798566302111207,43.39193616786141,0.2047076957608107,1.0,36.731935,-4.302217,10.7,False,False,True,0.0090192202384227,-0.0044255521458783555,-0.0028122669468551176,-0.0016132851990232388,0.02235858380630217,0.009742271401812032,0.7750000000000002,0.013444772384301055,0.008644576595120867,492,1.0,False,0.06383301217157365
04D1aj,SNLS,5,0.7196266245919412,42.97587937747983,0.1880779356691775,1.0,36.474835,-4.99461,10.0,False,False,True,0.027811017983570226,0.016079099728140776,0.016681864087777852,-0.0006027643596370801,0.038469665300605554,-0.03681558018703682,0.7250000000000002,0.01173191825542945,0.007476336316363302,492,1.0,False,-0.11507377242703641
04D1dc,SNLS,5,0.2100324737747638,39.98035644108062,0.1230586930395374,1.0,36.576935,-4.311968,10.65,False,False,True,0.0008668878766319242,-0.0005583322783674601,-0.0002500495169255642,-0.0003082827614418957,0.0034032388716272524,0.001222264090519446,0.22500000000000003,0.0014252201549993843,0.0009925751355151693,492,1.0,False,-0.06810891062858644
04D1de,SNLS,5,0.7665902415032531,43.56704814846084,0.1760700807788606,1.0,36.649621,-4.422623,9.69,False,False,True,0.012348669880738572,-0.00040988031656670823,0.0015007329113070275,-0.0019106132278737331,0.009041828971071747,0.0013563549191422941,0.7750000000000002,0.01275855019730528,0.008114814282445986,492,1.0,False,0.3462648572838799
04D1ff,SNLS,5,0.8585131461609983,43.194939020112145,0.1877047585812375,1.0,36.410924,-4.902631,8.78,False,False,True,0.007905578440401125,-0.006816095249304217,-0.0018274569597761109,-0.004988638289528109,0.012788621868997676,0.01547313122620431,0.8750000000000002,0.014721673689705343,0.009441805476036989,492,1.0,False,-0.3987698475055616
04D1hd,SNLS,5,0.3679043471433738,41.58545863843132,0.1262765252402868,1.0,36.536808,-4.109634,8.22,False,False,True,0.00101262700118809,-0.0032227218897853778,-0.0020093563953726,-0.0012133654944127773,0.004178768088233059,0.007098466418827006,0.3750000000000001,0.004235348890973468,0.0028908858718945307,492,1.0,False,0.15604016389392145
04D1hx,SNLS,5,0.5587464797443935,42.51408303802808,0.1415742898149648,1.0,36.177063,-4.790326,9.68,False,False,True,0.0028464442580046316,-0.00531426792638518,-0.002481466196220288,-0.002832801730164891,0.002011921141224787,0.011884123509478223,0.5750000000000002,0.008160712184389811,0.005385049400027756,492,0.975,False,0.03668474448068975
04D1hy,SNLS,5,0.8485096018060083,43.52349657797704,0.1833347487754059,1.0,36.036226,-4.831071,8.14,False,False,True,0.00508090631245317,-0.009428021397766616,-0.0052576847816370375,-0.0041703366161295816,0.009646409492006878,0.021228037591777684,0.8250000000000003,0.014508927710219787,0.009341066622988704,492,1.0,False,-0.04183128772322411
04D1iv,SNLS,5,0.9963905136763612,44.08999592366712,0.2117732017461916,1.0,36.200212,-4.152559,9.09,False,False,True,0.05878003014936392,0.04115285528004091,0.047174745817674245,-0.006021890537633335,0.015000399883933679,-0.09233171529921524,0.9750000000000003,0.01762717486932301,0.011175340561076975,492,1.0,False,0.04923541380852696
04D1jd,SNLS,5,0.7765946746067607,43.19733511364445,0.198596870823423,1.0,36.961818,-4.94379,10.43,False,False,True,0.05606299413697089,0.04308716286031887,-0.0033289802820098253,0.04641614314232869,0.018080071739901303,-0.09676902625789255,0.7750000000000002,0.012975831276652024,0.008262441033848898,492,1.0,False,-0.057484154377943075
04D1jg,SNLS,5,0.5829326543569071,42.61162259352539,0.1438210447431814,1.0,36.552319,-4.1348,11.38,False,False,True,0.0018954611971969027,-0.006781834230100028,-0.0038900462778103644,-0.0028917879522896628,0.005268908939925696,0.015085924396900458,0.5750000000000002,0.00867729542729693,0.005773840654875993,492,1.0,False,0.0244538526421128
04D1kj,SNLS,5,0.5837428958570987,42.61644062198137,0.1379873607253196,1.0,36.969417,-4.180252,9.97,False,False,True,0.00816495103097781,-0.0005299198660325341,-0.0026049674984305474,0.0020750476323980124,0.01147303111642733,0.0012999935294885079,0.5750000000000002,0.008694870897010345,0.0057895160917689715,492,1.0,False,0.025669656136083012
04D1ks,SNLS,5,0.7965526109160754,42.91039162347422,0.1896468083023187,1.0,36.039649,-4.978721,8.02,False,False,True,0.011426221934505057,-0.0019755721779626065,-0.004379060753417971,0.0024034885754553644,0.011398287308443842,0.004790684732718098,0.7750000000000002,0.013401794112467664,0.008609554018166824,492,1.0,False,-0.4110769307274015
04D1oh,SNLS,5,0.5887211746835785,42.6483645982282,0.1450944067131717,1.0,36.25984,-4.236187,9.21,False,False,True,0.014307240771094187,0.005504382824890429,0.006292441272127639,-0.0007880584472372111,0.02571996106265474,-0.012595821574634257,0.5750000000000002,0.008802857946203758,0.00588582897571985,492,1.0,False,0.035564299968109885
04D1ow,SNLS,5,0.91347307228868,43.74638423737044,0.1895471417647871,1.0,36.677899,-4.30619,9.45,False,False,True,0.007520966473629268,-0.008372754747253144,-0.004654885767888803,-0.0037178689793643384,0.018777584729234315,0.018758544018768836,0.9250000000000003,0.015893721220882413,0.010161749000680294,492,1.0,False,0.11653520560182214
04D1pc,SNLS,5,0.7685871905535504,43.23228096602478,0.1876706554598762,1.0,36.60365,-4.3994,10.47,False,False,True,0.00780798728306714,-0.004994075781879367,-0.0005360026579590621,-0.0044580731239203045,0.011507217842521868,0.011361850094820644,0.7750000000000002,0.012802063064946507,0.008143283331757683,492,1.0,False,0.004669703897692709
04D1pd,SNLS,5,0.9484549670694488,43.57052764245335,0.2272107484644107,1.0,36.915633,-4.631172,10.27,False,False,True,0.016821532110347627,0.0001935799295669019,0.004566420421326605,-0.004372840491759703,0.019804731000150858,-7.962833415821324e-05,0.9250000000000003,0.016627952180780725,0.01062206250732254,492,1.0,False,-0.1584459742488193
04D1pg,SNLS,5,0.5137934613946333,42.50506013030727,0.1431775625401641,1.0,36.767329,-4.175287,9.84,False,False,True,0.01274385511137139,0.005524825840808441,-0.0012656307981317445,0.006790456638940184,0.009516259123551701,-0.011982117991329807,0.5250000000000001,0.007219029270562949,0.004789495881499139,492,1.0,False,0.21532754883755514
04D1pp,SNLS,5,0.7336087270986067,43.081768919892106,0.1684463491385093,1.0,36.301993,-4.701584,11.43,False,False,True,0.013660010846486107,0.0016201170769364233,0.0019299692526190551,-0.00030985217568263185,0.009808923427205697,-0.003173911526180004,0.7250000000000002,0.012039893769549684,0.007644620834185285,492,1.0,False,-0.059590570730220116
04D1pu,SNLS,5,0.637700843514792,42.51756240506883,0.2052624233930393,1.0,36.868641,-4.744934,9.36,False,False,True,0.0032728733281810014,-0.006607075829049549,-0.0038673829294597066,-0.002739692899589843,0.01535530808455444,0.014553123176952685,0.6250000000000002,0.00987994915723055,0.006717322575029685,492,1.0,False,-0.31207075120366085
04D1qd,SNLS,5,0.765588659105167,43.179949569124545,0.1718237045767353,1.0,36.637813,-4.107177,10.54,False,False,True,0.011926098288503825,-0.0008106277554445086,-0.005496519179479544,0.0046858914240350364,0.02752184347990325,0.0014954043974313574,0.7750000000000002,0.012736726043948333,0.008100535451107456,492,1.0,False,-0.03740263423973744
04D1rh,SNLS,5,0.4348609256512308,41.8304182679458,0.1325829190329917,1.0,36.946448,-4.253765,9.92,False,False,True,0.0006538942550449801,-0.0049702169214790905,-0.0026062507454964277,-0.0023639661759826645,0.005020966092282049,0.01095631249921987,0.42500000000000016,0.005624111176524071,0.003895202719452848,492,1.0,False,-0.0204769307114794
04D1rx,SNLS,5,0.983407441173638,44.10349402985653,0.2205053970040061,1.0,36.295958,-4.618349,9.83,False,False,True,0.015551955883658415,-0.0018040377307340597,0.0034601738380491114,-0.005264211568783171,0.014738820739380137,0.004586919263432514,0.9750000000000003,0.017355993614392475,0.011041723290205635,492,1.0,False,0.09736234541668637
04D1sa,SNLS,5,0.583743244093273,42.70340025988005,0.1518933798603352,1.0,36.983995,-4.176071,10.66,False,False,True,0.010499109227135027,0.0018042307763097582,-0.0032680754556172168,0.005072306231926975,0.006525708376439085,-0.0037038363379940827,0.5750000000000002,0.008694878450825269,0.005789522828962974,492,1.0,False,0.11262774684201032
04D1si,SNLS,5,0.7006316638078103,42.98687188206328,0.1713203692473321,1.0,36.203316,-4.56895,10.68,False,False,True,0.0017012360406804313,-0.0096050870880797,-0.00471317567514846,-0.004891911412931243,0.004666688317671142,0.021433247882872625,0.7250000000000002,0.011306323128760131,0.007315294621063979,492,1.0,False,-0.03407327733146348
04D1sk,SNLS,5,0.6620584932661566,42.93823585822013,0.1669255558835262,1.0,36.094908,-4.353621,10.46,False,False,True,0.007410338109975424,-0.0030260483194720815,0.0010579160158806934,-0.004083964335352775,0.014764980520413962,0.006807634296023091,0.6750000000000002,0.010436386429447506,0.006965909138354875,492,1.0,False,0.020193483050695613
05D1az,SNLS,5,0.8405222392157119,43.594506145232195,0.1892768175417525,1.0,36.302108,-4.602335,8.68,False,False,True,0.003180552641529836,-0.011158507348062388,-0.006523130312000473,-0.004635377036061915,0.005018467060655791,0.025061130232146824,0.8250000000000003,0.014339059989592224,0.009260631357479447,492,1.0,False,0.054071729998578434
05D1cb,SNLS,5,0.6306991646728362,42.76739417189163,0.1443144858559814,1.0,36.737733,-4.117567,10.15,False,False,True,0.011033488821218526,0.0013134892123034397,-0.0037357989956950813,0.00504928820799852,0.01734162202478353,-0.002851996850528081,0.6250000000000002,0.009719999608915087,0.006645865628296515,492,1.0,False,-0.03348664261050996
05D1cc,SNLS,5,0.5627509281965839,42.58741914217862,0.1361081461936232,1.0,36.629866,-4.164801,9.35,False,False,True,0.004117708252314886,-0.004127882546143181,-0.0021634352655669105,-0.00196444728057627,0.0063588551154522355,0.0092637949852483,0.5750000000000002,0.008245590798458068,0.0054430264735919305,492,1.0,False,0.09153974043177909
05D1ck,SNLS,5,0.6156983119092554,42.825830885614295,0.1534153013232823,1.0,36.10354,-4.7128,9.76,False,False,True,0.03405157824569466,0.02466354185806026,-0.003999787885217067,0.02866332974327733,0.014191817130228126,-0.05463971577838683,0.6250000000000002,0.009388036387634397,0.006407745480902977,492,1.0,False,0.08758801797165691
05D1cl,SNLS,5,0.8285284415608116,43.88391622819477,0.1927699292305272,1.0,36.273563,-4.220818,8.47,False,False,True,0.01571320280306664,0.0016292156295978823,0.0006936322995983665,0.0009355833299995167,0.028416610840393618,-0.003871813928426074,0.8250000000000003,0.014083987173468758,0.009139850024726604,492,1.0,False,0.38129766173350793
05D1dn,SNLS,5,0.5647412231256468,42.4886672009845,0.1450331392443544,1.0,36.11104,-4.991558,10.27,False,False,True,0.035604701426850134,0.02731692417570505,0.006673534313159255,0.020643389862545793,0.02873494848037944,-0.06125289502751795,0.5750000000000002,0.008287777251145084,0.005471842296019,492,1.0,False,-0.016351510415821786
05D1dx,SNLS,5,0.5787454138340153,42.538373045749566,0.1372461794788689,1.0,36.945791,-4.03249,9.45,False,False,True,0.0036937317833907325,-0.004892735515532782,-0.0012672591723099,-0.0036254763432228814,0.014690057412287207,0.01075808515152016,0.5750000000000002,0.008586467298923515,0.00569283169081183,492,1.0,False,-0.03010387137722676
05D1ee,SNLS,5,0.557743153665001,42.52536793734644,0.1432593518823026,1.0,36.194786,-4.000485,11.01,False,False,True,0.0013400407644480153,-0.006799404839014583,-0.003069912241768678,-0.0037294925972459025,0.0005358174174739319,0.01511719869850355,0.5750000000000002,0.008139445603462598,0.005370523077462168,492,1.0,False,0.05261974227951965
05D1em,SNLS,5,0.8644970993475649,43.69949786486995,0.1862539862195831,1.0,36.02301,-4.939906,11.1,False,False,True,0.042912962585558226,0.028064027803514465,0.010524869264630829,0.01753915853888363,0.008502733882251774,-0.06215879486431587,0.8750000000000002,0.01484893478204376,0.009502065775718537,492,1.0,False,0.08749803598782867
05D1eo,SNLS,5,0.7356079673923455,43.28537014830635,0.1879022768079955,1.0,36.346421,-4.642671,11.17,False,False,True,0.01364966777942927,0.0015662112167920458,-0.005552937080687691,0.007119148297479736,0.01807298344735371,-0.0033111703925035353,0.7250000000000002,0.012083456562637224,0.00767312254808725,492,1.0,False,0.13687896618336948
05D1er,SNLS,5,0.8585072828224272,43.52121616941675,0.2179615792412156,1.0,36.422736,-4.004535,10.43,False,False,True,0.012780221099727382,-0.0019413278940039035,0.0038288481560128634,-0.005770176050016768,0.013367059520886251,0.004760503786421108,0.8750000000000002,0.014721548993731286,0.009441746430364602,492,1.0,False,-0.07247471500152537
05D1hk,SNLS,5,0.2619841060705088,40.44192453024786,0.1247654653427717,1.0,36.163234,-4.634253,8.95,False,False,True,0.0005193902278847263,-0.001646421126674954,-0.0007642900029900796,-0.0008821311236848742,0.0002709882434865736,0.003617412171426658,0.275,0.0021658113545596804,0.0014829872094530856,492,1.0,False,-0.1414257180630871
05D1hm,SNLS,5,0.5857437830629377,42.86374649113593,0.1517384148782624,1.0,36.942572,-4.717286,9.89,False,False,True,0.001696718333334517,-0.0070415550954862445,-0.004317004670407884,-0.00272455042507836,0.008533706485876567,0.015604007676552824,0.5750000000000002,0.008738273428820761,0.005828226502328888,492,1.0,False,0.264100101614206
05D1if,SNLS,5,0.7615804036972535,43.182016048498575,0.1744803300019755,1.0,36.123871,-4.570338,10.0,False,False,True,0.008260525500445367,-0.00438886196718285,0.0008941738976589193,-0.00528303586484177,0.008217860221599768,0.010105833124615257,0.7750000000000002,0.012649387467628217,0.008043392670802287,492,1.0,False,-0.02156165676455858
05D1ix,SNLS,5,0.4887998242191027,42.16347222569832,0.1330715571700687,1.0,36.083196,-4.670004,7.5,False,False,True,0.0051477113441455976,-0.0015664069501732537,0.0014323994042476796,-0.002998806354420935,0.008021651470192669,0.003565714938270223,0.4750000000000001,0.006714118294318851,0.004550931755077886,492,1.0,False,0.037658476604605196
05D1iz,SNLS,5,0.8585164582948752,43.91902761907098,0.2387751996674884,1.0,36.553202,-4.77337,8.96,False,False,True,0.006077505901582396,-0.008644238227473325,-0.0029761578166097903,-0.005668080410863535,0.007254229461685603,0.01958214314035044,0.8750000000000002,0.014721744129055721,0.009441838830271854,492,1.0,False,0.32530859299954146
05D1ke,SNLS,5,0.6886564041709764,42.958875414164766,0.1579295771039508,1.0,36.692882,-4.862496,8.9,False,False,True,0.004947117177409054,-0.006090892044312417,-0.0018718413877694476,-0.004219050656542971,0.008623904900409958,0.013689598036240832,0.6750000000000002,0.01103800922172147,0.007213766845593316,492,1.0,False,-0.06203739211114519
05D1kl,SNLS,5,0.5587427959734994,42.972655815680966,0.1610608946139859,1.0,36.139745,-4.31896,8.46,False,False,True,0.006599096641227613,-0.0015615374616556512,0.0004275489680402658,-0.001989086429695917,0.013952145496202063,0.003502507227128417,0.5750000000000002,0.008160634102883264,0.005384996065777442,492,1.0,False,0.4952745808121169
SCP05D0,SuzukiRubin,5,1.0123472611392637,44.09429660705335,0.2685963172270599,1.0,35.425275,-3.364755555555556,10.0,False,True,True,0.012501145701106723,-0.0054593224468829325,0.001657833054792163,-0.0071171555016751,0.015501037561067885,0.012679267356518444,1.0250000000000004,0.017960468147989656,0.011339561861353084,492,1.0,False,-0.03652667365661025
SCP05D6,SuzukiRubin,5,1.3131010648273116,44.8447602644184,0.2361862255360604,1.0,35.44368333333333,-3.3822722222222223,10.0,False,True,True,0.026334150242077747,0.002485952558556468,-0.005992543137876255,0.008478495696432721,0.013330338935166967,-0.004318072876552594,1.3250000000000006,0.02384819768352128,0.015373390034398766,492,1.0,False,0.0714885057063068
SCP06R12,SuzukiRubin,5,1.2102060200857658,44.698959668535366,0.5276603198834235,1.0,35.75034583333334,-4.600847222222223,10.0,False,True,True,0.046119770058551945,0.024102106737761614,0.010150977293581666,0.01395112944417995,0.031495069771431926,-0.054158534349385216,1.2250000000000005,0.02201766332079033,0.014038441187482067,492,1.0,False,-0.1320465814863103
01248677,DES3_Deep,4,0.3501922445086136,41.26874458326081,0.1048611899586135,1.0,53.646217,-28.127001,9.85,False,False,True,0.0002343907122976862,-0.003738348097190076,-0.002323516790920057,-0.001414831306270019,0.0008866774252342444,0.008236384020217074,0.3750000000000001,0.003972738809487762,0.002528635123036755,497,0.925,False,-0.03664750673661216
01262214,DES3_Deep,4,0.6893664114401092,43.07216089788592,0.1696620138709475,1.0,53.502693,-28.660202,8.86,False,False,True,0.003736540667816793,-0.006997562572959019,-0.003900602689217192,-0.0030969598837418282,0.010442001782047093,0.015642443570661288,0.6750000000000002,0.010734103240775813,0.006490236945631087,497,1.0,False,0.048554512929724944
01262715,DES3_Deep,4,0.6893601579787407,42.85709351257355,0.1387458447489902,1.0,53.369957,-28.442709,11.05,False,False,True,0.009500552215593278,-0.0012333988133997054,-0.004494718177915982,0.003261319364516276,0.022530465161607793,0.002660773448111723,0.6750000000000002,0.010733951028992984,0.006490149241397014,497,1.0,False,-0.16648916002312014
01285160,DES3_Deep,4,0.7493108646697713,43.27682515789307,0.1462153549788169,1.0,52.398907,-28.647585,7.98,False,False,True,0.003013024599285507,-0.009182888076884013,-0.004935105659772534,-0.004247782417111481,0.006249118566575062,0.02069354451008865,0.7250000000000002,0.01219591267616952,0.0073665977654670135,497,1.0,False,0.07994994580546189
01289600,DES3_Deep,4,0.419624763151611,41.989628533504856,0.1207894901232169,1.0,52.047657,-27.862852,9.71,False,False,True,0.004471953109501769,-0.000868959715416364,0.0006325854824631083,-0.0015015451978794725,0.0031978228728588632,0.002055771650215253,0.42500000000000016,0.005340912824918133,0.0032747600976470483,497,1.0,False,0.2294888949299172
01292195,DES3_Deep,4,0.8292951102052186,43.43897995261902,0.1989063177778157,1.0,53.042854,-28.293522,8.95,False,False,True,0.003825148003126864,-0.010332923125173471,-0.0058536629977104584,-0.004479260127463014,0.003530924930562026,0.023421007020919676,0.8250000000000003,0.014158071128300335,0.008447934133274958,497,1.0,False,-0.06607176716434274
01297465,DES3_Deep,4,0.2778763574849618,40.92369038356827,0.1058621880139559,1.0,51.795311,-27.822104,10.0,False,False,True,7.667648500973062e-05,-0.0025782722705125693,-0.0015200859052186266,-0.001058186365293943,0.0005220792716042666,0.005658349015601597,0.275,0.0026549487555223,0.0018214640129386968,497,1.0,False,0.19539549903324896
01300912,DES3_Deep,4,0.3376548014842233,41.26045214227237,0.1076250415783959,1.0,52.037891,-27.532908,9.74,False,False,True,0.00030154239980303196,-0.003423229487002093,-0.0019879883449791824,-0.0014352411420229109,0.0009006549098429497,0.0075396980798815546,0.32500000000000007,0.003724771886805125,0.002388153512591785,497,1.0,False,0.057071005553235396
01302187,DES3_Deep,4,0.2195023859032221,40.03952814716361,0.1189157705670775,1.0,52.161892,-27.142117,10.95,False,False,True,0.00034322802511171295,-0.0012719320423603523,-0.000679471441849137,-0.0005924606005112155,9.426027864542156e-05,0.0027899538721355144,0.22500000000000003,0.0016151600674720653,0.001095376159876401,497,1.0,False,-0.11567344458954494
01304442,DES3_Deep,4,0.2171112217176234,40.169256344974166,0.1231433738721304,1.0,52.163063,-28.108288,9.57,False,False,True,0.0002079776068478289,-0.0013724094421058899,-0.0007919190915662842,-0.0005804903505396056,0.0008130374902191713,0.003006681175026167,0.22500000000000003,0.0015803870489537188,0.001076208610468076,497,1.0,False,0.04059640346716435
01307830,DES3_Deep,4,0.3492829284853669,41.44503842173314,0.1154354729586114,1.0,53.294464,-27.957768,10.4,False,False,True,0.0007250765080536191,-0.0032296777494332423,-0.0023138033176595164,-0.0009158744317737258,0.004979594063097003,0.007099427710427488,0.32500000000000007,0.003954754257486861,0.0025184462688102116,497,0.85,True,0.15682225785332327
01309492,DES3_Deep,4,0.3334897113954451,41.05854705201931,0.1040408225423478,1.0,53.30085,-28.024872,9.56,False,False,True,0.004200956478184116,0.0005585621997957193,0.001322324920369738,-0.0007637627205740184,0.006517666971066598,-0.001180611351346254,0.32500000000000007,0.0036423942783883967,0.002341483823869639,497,0.825,True,-0.11378716202429952
01309749,DES3_Deep,4,0.7892835350418792,43.28026502810957,0.1544595346846778,1.0,52.538422,-27.317421,9.12,False,False,True,0.023106116603946333,0.009930282804709171,0.01468945123467174,-0.0047591684299625675,0.00823735183048169,-0.0213234176494026,0.7750000000000002,0.013175833799237162,0.00793895504424438,497,1.0,False,-0.01711774962273184
01316385,DES3_Deep,4,0.1477623141953492,39.00767776995346,0.1107332316347468,1.0,53.525982,-27.632116,9.8,False,False,True,9.164336539489211e-05,-0.0005422655269191042,-0.0003955274009356325,-0.00014673812598347164,0.0001010833832796376,0.0011836847956352588,0.125,0.0006339088923139962,0.00048022163063425496,497,1.0,False,-0.2728346982921877
01316465,DES3_Deep,4,0.3290793407198824,41.10215686690937,0.1038570290236848,1.0,52.797485,-27.959307,9.32,False,False,True,0.0008919684987211265,-0.0026631969849137075,-0.0012527023392358504,-0.0014104946456778567,0.0034060924314071647,0.005866889537927655,0.32500000000000007,0.003555165483634834,0.0022920657747541218,497,1.0,False,-0.03690802229602265
01322979,DES3_Deep,4,0.5293829178592093,42.35815336856549,0.1165466779928711,1.0,52.069336,-28.063671,7.86,False,False,True,0.013404821565162468,0.0059466393574411185,0.00878712102968475,-0.002840481672243629,0.017505288620007223,-0.013090814181224385,0.5250000000000001,0.0074581822077213495,0.004624833211029564,497,1.0,False,-0.008614186113321865
01325358,DES3_Deep,4,0.7792992563535928,43.033442061992574,0.2043562977995177,1.0,52.2841,-28.951557,8.22,False,False,True,0.015086035879029394,0.0021560738697277756,0.007026442243710631,-0.004870368373982855,0.016311035229379333,-0.004347023194034124,0.7750000000000002,0.012929962009301618,0.00781704602601449,497,1.0,False,-0.2305056187429432
01329166,DES3_Deep,4,0.731618133049192,43.19663082013008,0.1637864487993304,1.0,52.303516,-28.911634,10.0,False,False,True,0.004122231113192183,-0.007641041282678525,-0.003322523479164753,-0.0043185178035137755,0.009634384483959509,0.01722895257529336,0.7250000000000002,0.011763272395870708,0.007092517232151938,497,1.0,False,0.062390799643774364
01329196,DES3_Deep,4,0.7693264109682705,43.193540598738096,0.1494461286802608,1.0,53.075779,-28.906466,9.42,False,False,True,0.007227455197788,-0.005457897534706355,-0.002507534858310339,-0.002950362676396016,0.006201095974490313,0.012606713709714654,0.7750000000000002,0.012685352732494356,0.0076766613396922825,497,1.0,False,-0.0365938588377378
01333438,DES3_Deep,4,0.3994509001858017,41.73853243900928,0.1637051428937926,1.0,52.352478,-28.996702,10.68,False,False,True,0.0010849106775074127,-0.0038592932857913938,-0.0019297188784417679,-0.001929574407349626,0.002527903012077441,0.008544187186844403,0.3750000000000001,0.0049442039632988065,0.003063117660015884,497,1.0,False,0.10134154316132708
01334707,DES3_Deep,4,0.6488328487670945,42.94701323788881,0.133026332190905,1.0,51.776356,-28.627846,9.27,False,False,True,0.0032319075708211117,-0.006604522766574543,-0.0037369025813535272,-0.002867620185221016,0.006717305149670241,0.014850557516850429,0.6250000000000002,0.009836430337395655,0.006111983625332155,497,1.0,False,0.0722803499251464
01334879,DES3_Deep,4,0.6393497078996211,42.69893971908804,0.1336336586856739,1.0,52.408852,-28.216372,9.67,False,False,True,0.021045953731287974,0.011408117934071597,0.015165746494964697,-0.0037576285608930987,0.02534103332304263,-0.025451816059368047,0.6250000000000002,0.009637835797216377,0.006047922622866118,497,1.0,False,-0.13742071472083717
01335717,DES3_Deep,4,0.3047936508275715,41.13230529979835,0.104870094686005,1.0,52.859905,-28.353096,10.0,False,False,True,0.002805379349305802,-0.0003176925176456369,0.0005693458116071736,-0.0008870383292528104,0.0054033268783066,0.0007322665545845064,0.32500000000000007,0.003123071866951439,0.0020641652558096826,497,1.0,False,0.18418640298797107
01335718,DES3_Deep,4,0.6993249699981432,43.19867765593537,0.1359616642821748,1.0,52.309444,-28.385372,8.64,False,False,True,0.01652709025720239,0.005550591667162128,0.009304810413360828,-0.003754218746198699,0.006508668915270663,-0.011712311449172098,0.6750000000000002,0.010976498590040261,0.006629904835035432,497,1.0,False,0.1375688926153187
01343208,DES3_Deep,4,0.4992197631020045,42.11684968479518,0.1338366569082954,1.0,52.846481,-28.544226,10.38,False,False,True,0.010138336365688918,0.003251816521375711,-1.9816557907998203e-05,0.0032716330792837097,0.007612548905616315,-0.006943717205749636,0.4750000000000001,0.006886519844313207,0.004269817137793569,497,1.0,False,-0.06314831182834257
01343759,DES3_Deep,4,0.5079943476444553,42.18976340764458,0.1224792532775169,1.0,51.978981,-28.564434,9.74,False,False,True,0.006174772161415484,-0.0008775576998968984,-0.0023767988736418766,0.001499241173744979,0.009054720826367409,0.0021094543499000674,0.5250000000000001,0.007052329861312382,0.0043703743090053255,497,1.0,False,-0.07075090030298457
01346387,DES3_Deep,4,0.3444771283396386,41.37150974473536,0.1145797417235384,1.0,52.695011,-28.64933,10.81,False,False,True,0.008354830326669577,0.00449512571135024,0.0044491611833369716,4.596452801326864e-05,0.003994296204770157,-0.009834823242440114,0.32500000000000007,0.0038597046153193374,0.0024645974463162476,497,1.0,False,0.11803298519046966
01253039,DES3_Shallow,4,0.4534672904015684,41.933549945787206,0.1249695627389272,1.0,54.418591,-27.527397,10.79,False,False,True,0.008341009888144882,0.0023351649499878686,0.004730229658019646,-0.0023950647080317783,0.007765278162314376,-0.004953422258144978,0.4750000000000001,0.006005844938157014,0.003707549317031912,497,1.0,False,-0.00011203887010668989
01253920,DES3_Shallow,4,0.1955625959053246,39.727683032507535,0.1106006368681264,1.0,54.629311,-27.04277,9.23,False,False,True,0.0010227602051720555,-0.00024426033849153325,0.00019708726402517583,-0.0004413476025167093,0.0009822179251628965,0.0005467404246974222,0.17500000000000004,0.0012670205436635888,0.0009034750305548554,497,1.0,False,-0.1454730326502551
01257366,DES3_Shallow,4,0.2113408050139094,40.14581267875838,0.1263045020466147,1.0,53.899559,-26.969273,10.96,False,False,True,0.0007161554067477092,-0.0007803165316898397,-0.0007838794473740881,3.5629156842485092e-06,0.0023386690440359943,0.0017144237294666178,0.22500000000000003,0.001496471938437549,0.001029953004959595,497,1.0,False,0.08233819750429376
01283373,DES3_Shallow,4,0.2075626168390045,40.152512736588726,0.1166453989278161,1.0,54.946724,-26.730389,10.23,False,False,True,0.00029891420083926466,-0.0011426142050031476,-0.0006598191072234265,-0.0004827950977797211,0.0016958134889297665,0.0025020239667336,0.22500000000000003,0.0014415284058424123,0.0009996670844223958,497,1.0,False,0.1326196788558906
01289656,DES3_Shallow,4,0.5394309791313667,42.38170600422277,0.1708024752544061,1.0,54.301674,-27.355434,8.73,False,False,True,0.004600830426823879,-0.003051079059890576,5.821142398792882e-05,-0.0031092904838785048,0.004118434672265018,0.006949913917234315,0.5250000000000001,0.007651909486714455,0.004761407992543365,497,1.0,False,-0.03358971717259084
01290779,DES3_Shallow,4,0.3895014109010326,41.6298176544404,0.1356819159592483,1.0,54.723251,-27.905073,2.0,False,False,True,0.003922962747933325,-0.0008255895162068271,0.0007971647847288526,-0.0016227543009356797,0.003727037241865466,0.0019243868780468246,0.3750000000000001,0.004748552264140152,0.002958738336681405,497,0.975,False,0.056458684229868376
01290816,DES3_Shallow,4,0.2184506252983489,40.32252403212466,0.1157505104684414,1.0,54.172512,-27.84,8.86,False,False,True,0.0005342796855316852,-0.0010655853673987646,-0.0009396155921386762,-0.00012596977526008825,0.0035348901593476346,0.002328685173640797,0.22500000000000003,0.0015998650529304497,0.0010869452568539099,497,1.0,False,0.17896364703589457
01291794,DES3_Shallow,4,0.3951172942378953,41.43575457825725,0.1474885973212565,1.0,55.169327,-28.711853,10.94,False,False,True,0.023281920365159445,0.018422934581701272,0.004661777942377186,0.01376115663932409,0.0169779990515082,-0.04076716761202555,0.3750000000000001,0.004858985783458171,0.0030176541348545284,497,1.0,False,-0.1738174554537562
01292145,DES3_Shallow,4,0.4924532810580331,42.38863468797196,0.1959179086515605,1.0,53.630531,-29.648947,9.22,False,False,True,0.007138138622039704,0.00037948243865626365,0.0004022610866212294,-2.2778647964966613e-05,0.021545080766472362,-0.001134004953490331,0.4750000000000001,0.00675865618338344,0.004192272920160804,497,1.0,False,0.24370045441455812
01295256,DES3_Shallow,4,0.4424566257593436,41.8567196690376,0.1356954043948885,1.0,53.719418,-27.832769,8.8,False,False,True,0.0016795095729124849,-0.0041100343912012045,-0.0019120601588252946,-0.00219797423237591,0.001628449333696738,0.009151699527992732,0.42500000000000016,0.005789543964113689,0.003561964951044735,497,0.85,True,-0.038317687079894046
01299643,DES3_Shallow,4,0.3800038820377722,41.49021832263942,0.1195245696811738,1.0,55.102634,-26.72208,9.25,False,False,True,0.010373909970790286,0.005812121831593695,0.007501623448455245,-0.0016895016168615496,0.007639008978965227,-0.012682040033901982,0.3750000000000001,0.004561788139196591,0.0028591004952080367,497,1.0,False,-0.020778536820051548
01299775,DES3_Shallow,4,0.159771595339577,39.181337920707456,0.1169229351762325,1.0,53.438889,-29.676743,10.78,False,False,True,0.00037882063037426904,-0.0004023882982520686,-0.00034863190155837875,-5.375639669368974e-05,0.0007841820387566155,0.0008816553036213715,0.17500000000000004,0.0007812089286263376,0.0005941624554024846,497,1.0,False,-0.20917714812347674
01299785,DES3_Shallow,4,0.3812885853915888,41.46337329001081,0.1337668561283289,1.0,53.911511,-28.319296,10.19,False,False,True,0.02518970207985026,0.02060265089579831,0.022008581770093443,-0.0014059308742951334,0.00770588083921026,-0.045355046631607734,0.3750000000000001,0.004587051184051949,0.0028725782188297093,497,1.0,False,-0.05614324151882328
01302058,DES3_Shallow,4,0.198352591098686,39.521778520546704,0.1091188959048369,1.0,53.396389,-29.190622,9.66,True,False,True,0.00026280327224222603,-0.0010447902086998472,-0.0006733590783009359,-0.00037143113039891115,0.0012471452598525267,0.0022852907523933323,0.17500000000000004,0.0013075934809420732,0.0009258396055346174,497,1.0,False,-0.38545264060246276
01303279,DES3_Shallow,4,0.1723823922539173,39.255996450342856,0.116576399266752,1.0,54.906788,-27.813025,10.62,False,False,True,0.0001539582008713631,-0.0007819286656848997,-0.0004764099956407411,-0.0003055186700441586,0.0005080499639570634,0.0017084790812107967,0.17500000000000004,0.0009358868665562628,0.0007138102997778502,497,1.0,False,-0.31514198308974195
01303496,DES3_Shallow,4,0.1797717401195735,39.66001044736799,0.1193103911164765,1.0,53.848209,-29.591787,10.64,False,False,True,0.0006420632057567066,-0.00039532203140408857,-0.0006071134476482224,0.00021179141624413374,0.002501894891831759,0.0008635060470225967,0.17500000000000004,0.0010373852371607952,0.0007768956805060274,497,1.0,False,-0.011314100039211378
01304678,DES3_Shallow,4,0.2188637677342773,40.23591799925743,0.1426890472715426,1.0,54.870091,-27.643946,11.23,False,False,True,0.0005856908874763534,-0.0010201822052456652,-0.0004235851250634727,-0.0005965970801821926,0.0024750050999141817,0.0022368374209060424,0.22500000000000003,0.0016058730927220187,0.0010902570026976401,497,1.0,False,0.08777863914596822
01306141,DES3_Shallow,4,0.3324344019641088,41.04354652099573,0.1162409394582424,1.0,54.897774,-28.910761,9.68,False,False,True,0.030466387668131333,0.026844865415375063,0.027866677318199126,-0.0010218119028240612,0.005875912053984817,-0.05926470305680898,0.32500000000000007,0.003621522252756268,0.0023296591186132733,497,1.0,False,-0.12086429899060158
01306360,DES3_Shallow,4,0.4494404970812411,41.87732386970976,0.190474746888421,1.0,53.676712,-26.486982,10.65,False,False,True,0.002683222616905083,-0.0032435172585005196,-0.0012625894714497726,-0.001980927787050748,0.004835263444893608,0.007247182980405251,0.42500000000000016,0.0059267398754056025,0.003654306559074043,497,1.0,False,-0.05768022286033194
01306537,DES3_Shallow,4,0.4794741368781541,42.10171142729047,0.1551771741620135,1.0,55.040997,-27.559187,9.67,False,False,True,0.014448770800226308,0.007935376612631832,-0.003044938799508273,0.010980315412140104,0.018400342567260346,-0.017569037316999346,0.4750000000000001,0.006513394187594476,0.004043531288330377,497,1.0,False,0.025318216034634244
01306626,DES3_Shallow,4,0.4094921716673501,41.64206615397406,0.13386064127832,1.0,54.877281,-27.238987,9.03,False,False,True,0.0029951118883607807,-0.0021465486248019184,-0.00013165984244810922,-0.002014888782353809,0.006308086272770118,0.004797652798265502,0.42500000000000016,0.005141660513162699,0.0031684598632851792,497,1.0,False,-0.056002097627915436
01308314,DES3_Shallow,4,0.4064730178756959,41.75650539652206,0.1222523441764457,1.0,53.415611,-28.940748,7.52,False,False,True,0.001250265171729619,-0.0038320252016749833,-0.002072725723404166,-0.0017592994782708166,0.0017652209574254545,0.008500927068290424,0.42500000000000016,0.005082290373404602,0.003136786154133293,497,1.0,False,0.07720883653246567
01309288,DES3_Shallow,4,0.2683535730194786,40.53590983119713,0.1342214544080509,1.0,54.644871,-29.194429,10.96,False,False,True,0.0005969927145164284,-0.0018869921136465922,-0.0008890383873977924,-0.0009979537262488,0.002242922263217154,0.004146337164896546,0.275,0.0024839848281630206,0.001708316864751581,497,1.0,False,-0.10648509356900336
01319821,DES3_Shallow,4,0.3088129483107464,41.04011802031716,0.1154295634271948,1.0,53.357853,-29.471891,10.42,False,False,True,0.003772633479195188,0.0005796613433112583,-0.001451588466399604,0.0020312498097108623,0.003321877218559039,-0.001203852756007484,0.32500000000000007,0.0031929721358839296,0.0021004054706863615,497,1.0,False,0.05944604825660581
01324542,DES3_Shallow,4,0.5415361344767149,42.6058485927863,0.1771767302962148,1.0,53.895199,-29.047989,9.18,False,False,True,0.0034573255622686117,-0.004235171457290828,-0.002580478949064858,-0.0016546925082259693,0.0046561505411035565,0.009541453337885537,0.5250000000000001,0.0076924970195594395,0.004790021585111736,497,1.0,False,0.18049382590740307
01330426,DES3_Shallow,4,0.259537986367321,40.488310273290836,0.1086855533628016,1.0,53.970436,-28.692368,2.0,False,False,True,0.0006077776434559867,-0.0017157956767711018,-0.0011751819093035703,-0.0005406137674675316,0.0014133794942914706,0.0037727481983254045,0.275,0.0023235733202270886,0.0015926415230290002,497,1.0,False,-0.07201078312320862
01335868,DES3_Shallow,4,0.6194153602058086,42.850880430740304,0.1949888352082829,1.0,55.0891,-26.512669,2.0,False,False,True,0.0014877107536918652,-0.007737962563158214,-0.004570981470616459,-0.003166981092541754,0.008677197013918878,0.017241683562300027,0.6250000000000002,0.00922567331685008,0.005872118309594902,497,1.0,False,0.09698234389432744
01337687,DES3_Shallow,4,0.3195263794466887,41.07372936191573,0.1120442182961534,1.0,55.047089,-26.975626,8.4,False,False,True,0.002167227461831125,-0.0012120637312330496,0.00010904593652699517,-0.0013211096677600445,0.0036889189690888337,0.0027024695730775428,0.32500000000000007,0.0033792911930641744,0.002197003706586622,497,1.0,False,0.008166114665700703
01337703,DES3_Shallow,4,0.5334428191518148,42.06325051913487,0.1649651607455733,1.0,54.883587,-26.724333,10.58,False,False,True,0.07102938316597851,0.06349292579560699,-0.001506266323179537,0.06499919211878652,0.011178064904426622,-0.14341741104223477,0.5250000000000001,0.007536457370371526,0.004680016008684434,497,1.0,False,-0.32322837950925465
01339392,DES3_Shallow,4,0.1804691802116129,39.3911592450236,0.1287090573128891,1.0,54.124462,-28.569849,10.29,False,False,True,0.0002868951434472851,-0.0007606324743086975,-0.0005002991776831876,-0.00026033329662551003,0.00017780045600062087,0.001664927399000993,0.17500000000000004,0.0010475276177559826,0.0007824863536618169,497,1.0,False,-0.28942206922368663
01339450,DES3_Shallow,4,0.5505268182766645,42.25158208347593,0.2448011981345002,1.0,53.621021,-29.169039,11.04,False,False,True,0.005316907627571536,-0.00254893036410935,-0.002578247260520337,2.9316896410987257e-05,0.014946764033722519,0.005708990942726727,0.5750000000000002,0.007865837991680886,0.004912224330733942,497,1.0,False,-0.18748604216651715
01340454,DES3_Shallow,4,0.4209903175925114,41.62606641329411,0.1367131237408723,1.0,54.753906,-27.843153,9.91,False,False,True,0.011567983724830009,0.0062002179591217595,0.007894781929402302,-0.0016945639702805437,0.018482816828207797,-0.013778576370124057,0.42500000000000016,0.0053677657657082494,0.0032890860237763187,497,1.0,False,-0.1423315132464018
01343337,DES3_Shallow,4,0.3389225911319462,41.22382665995438,0.1433222694133697,1.0,54.559166,-28.709869,9.83,False,False,True,0.0011165939238540969,-0.0026332524455981838,-0.0015175017544272196,-0.0011157506911709642,0.00679057896156845,0.005775722509148498,0.32500000000000007,0.0037498463694522807,0.002402359051238789,497,1.0,False,0.011065744665574513
01346137,DES3_Shallow,4,0.3634669357908606,41.396047496196296,0.1446714991744124,1.0,53.259174,-26.85409,10.09,False,False,True,0.0003896664390556677,-0.0038456206699870516,-0.0023719759302105975,-0.0014736447397764535,0.0029851024996045378,0.008475844660836798,0.3750000000000001,0.004235287109042719,0.002677377574417151,497,1.0,False,-0.0028273819013887092
01346956,DES3_Shallow,4,0.3335205606363138,41.10852338950357,0.1324749112027086,1.0,54.343502,-28.826429,2.0,False,False,True,0.0005304777340503842,-0.003112526684006079,-0.0020615181857366388,-0.0010510084982694409,0.0011532026695119098,0.0068598002375273946,0.32500000000000007,0.0036430044180564636,0.002341829488534261,497,1.0,False,-0.06404209485648006
01346966,DES3_Shallow,4,0.3355455552140733,41.114794718946385,0.1240697439915537,1.0,55.340694,-29.14934,9.56,False,False,True,0.0063463877336889345,0.0026633327508626685,-0.0020261033661884034,0.004689436117051072,0.007192136179755333,-0.005783283239626971,0.32500000000000007,0.003683054982826266,0.0023645194819302486,497,1.0,False,-0.07290854730698494
GSD10Pri,MCT,4,1.55,45.458824160060374,0.3527394178013773,1.0,53.158375,-27.777527777777777,10.0,False,False,True,0.031262539583914686,0.0032326639237713894,-0.0075935421227162625,0.010826206046487652,0.03492944812489814,-0.006288221187752269,1.5250000000000004,0.028029875660143297,0.01644287707243457,497,1.0,False,0.05337863676076973
GSD11Was,MCT,4,1.33,44.97173106474715,0.3398202512390096,1.0,53.086875,-27.82819444444445,10.0,False,False,True,0.010913791303734252,-0.013828478237223954,-0.010193698169162733,-0.003634780068061217,0.0070603178577301395,0.03243687789928462,1.3250000000000006,0.024742269540958206,0.014494169696947352,497,1.0,False,0.1646733373860212
psc000006,Pan-STARRS,4,0.2301334403896844,40.32972921099089,0.1566766792195965,1.0,53.36645,-28.3715222,10.79,False,False,True,0.0001623316401348668,-0.0016261862440152934,-0.0010988177508753898,-0.0005273684931399035,0.001231004719107839,0.00356110776068711,0.22500000000000003,0.00178851788415016,0.001206804364553793,497,1.0,False,0.05967947425871671
psc090275,Pan-STARRS,4,0.1391794193022071,39.03098315940172,0.1448681616699766,1.0,54.0720875,-28.0515111,11.03,False,False,True,0.0006765161853550903,0.00014788093217414904,-0.0003122171541361447,0.0004600980863102938,7.581524019393267e-05,-0.0003296269464009324,0.125,0.0005286352531809412,0.0003987894357111076,497,1.0,False,-0.10857657154803631
psc091748,Pan-STARRS,4,0.1440300514103478,39.06468835786129,0.144434288373402,1.0,52.1228917,-26.8284944,8.15,False,False,True,0.002314279236781157,0.0017261484753274034,0.0018782405844154258,-0.00015209210908802235,0.0005805682252892644,-0.003774358039549855,0.125,0.0005881307614537536,0.00044481092662394665,497,1.0,False,-0.15550068786158416
psc100116,Pan-STARRS,4,0.447261071198952,41.700070541726824,0.1884796216568238,1.0,54.0300708,-27.6675861,10.19,False,False,True,0.05150991839828758,0.04562599264505463,-0.0003149338804332726,0.04594092652548791,0.005284955083626571,-0.10186283671967414,0.42500000000000016,0.005883925753232945,0.0036254899212416333,497,1.0,False,-0.2225239269240098
psc100206,Pan-STARRS,4,0.2161201877661951,39.87473247664,0.1469986261072775,1.0,52.518175,-28.2566917,11.18,False,False,True,0.00021379814613658123,-0.0013521769932741306,-0.000780442522536939,-0.0005717344707371916,0.0006845453477310657,0.0029625526686105495,0.22500000000000003,0.0015659751394107118,0.0010682644917230167,497,1.0,False,-0.2428475161372799
psc100213,Pan-STARRS,4,0.2747001874794061,40.876867528167395,0.1647028203966632,1.0,53.06715,-27.1943083,9.41,False,False,True,0.0008267036947976274,-0.0017727663569784807,-0.000798192094567095,-0.0009745742624113856,0.0024487120983551444,0.003900029501322227,0.275,0.002599470051776108,0.001791595133731435,497,1.0,False,0.1769161969453306
psc100405,Pan-STARRS,4,0.1025792967723935,38.227531380990094,0.1480940021780726,1.0,53.62855,-27.3205778,11.06,False,False,True,3.218594866204462e-05,-0.0003225314027711382,-0.0002612465344872985,-6.128486828383965e-05,0.0003175912027646937,0.0007026181334571191,0.125,0.00035471735143318285,0.0002642589246318022,497,1.0,False,-0.20092248449584243
psc110460,Pan-STARRS,4,0.1991509364362178,39.92121227150528,0.1562086252920596,1.0,53.8447583,-27.8402778,9.39,False,False,True,0.0001433363935674728,-0.0011758668619660838,-0.0007904157478343634,-0.0003854511141317205,0.0011807901406161183,0.0025719800069564486,0.17500000000000004,0.0013192032555335567,0.0009322391341802072,497,0.925,False,0.004312660202064029
psc110478,Pan-STARRS,4,0.2642185782577821,40.56506133559871,0.1607395687299425,1.0,53.5803042,-27.5689028,9.47,False,False,True,0.0009321582483937877,-0.001476584764198335,-0.0005765111742147305,-0.0009000735899836047,0.0012029203032673562,0.0032557898145277406,0.275,0.0024087430125921227,0.0016540587704291512,497,1.0,False,-0.03915222040979403
psc110536,Pan-STARRS,4,0.2343409051533131,40.18021783854085,0.17977305657941,1.0,54.3325167,-26.9017472,10.58,False,False,True,0.0005619861695576678,-0.0013030922197468252,-0.0006445717824596192,-0.000658520437287206,0.000695022000663398,0.002863093815237051,0.22500000000000003,0.001865078389304493,0.001262013387336111,497,1.0,False,-0.13393123801516366
psc110567,Pan-STARRS,4,0.2140107839241873,40.10999853845785,0.1644135491349021,1.0,52.7131458,-26.4599833,11.4,False,False,True,0.02026673615685182,0.018731436593506765,0.019204833961724926,-0.00047339736821815884,0.005760829685791139,-0.041253606833696346,0.22500000000000003,0.0015352995633450544,0.0010513555305536805,497,1.0,False,0.016159940333638476
psc120444,Pan-STARRS,4,0.2990661746687537,41.08091705228009,0.1620260166106746,1.0,51.6820042,-27.9362361,8.93,False,False,True,0.00025689377776317505,-0.0027665706016903376,-0.0015980005343579737,-0.0011685700673323644,0.0014060953379946455,0.00608010082039527,0.275,0.003023464379453513,0.002012523154779466,497,1.0,False,0.17086001038759505
psc310146,Pan-STARRS,4,0.4790204868660583,41.94879405787805,0.184320725617812,1.0,52.486575,-28.7419306,8.44,False,False,True,0.0064637322604939665,-4.1089473800485186e-05,0.0017023674738132688,-0.0017434569476137553,0.006781320042596464,0.00027738548853720527,0.4750000000000001,0.006504821734294452,0.0040383324368387956,497,1.0,False,-0.12517217158154625
psc340125,Pan-STARRS,4,0.3184776953977515,41.097179923849325,0.2048596686844095,1.0,53.036225,-26.6502111,11.29,False,False,True,0.005050939165111207,0.0016898858102147164,-0.0013753727604081357,0.003065258570622852,0.005386214847317603,-0.0036392861892201762,0.32500000000000007,0.0033610533548964904,0.002187548189688378,497,1.0,False,0.039808944152350464
psc340309,Pan-STARRS,4,0.1497549825474826,40.06605278354955,0.1622935642663052,1.0,53.1839292,-27.6614528,10.79,True,False,True,0.0007757987298180085,0.00011744873090465649,0.00017369563828900723,-5.624690738435071e-05,0.0010982072378705647,-0.0002545006470634505,0.125,0.000658349998913352,0.0004991275312293757,497,1.0,False,0.7539158501759914
psc440005,Pan-STARRS,4,0.3051010216655478,41.02028282118922,0.1574694728602563,1.0,52.9892542,-28.8835583,11.39,False,False,True,0.0036531794879845012,0.0005247620838274964,0.001450934756522089,-0.0009261726726945928,0.002986489812638741,-0.0010815820887896174,0.32500000000000007,0.003128417404157005,0.002066936681727201,497,1.0,False,0.06966047761379689
psc440008,Pan-STARRS,4,0.146155483451543,39.31811432606319,0.1426863023741643,1.0,52.6734792,-28.8632111,10.06,False,False,True,0.0032552397643223516,0.0026410394810473066,-0.00032468605267272363,0.0029657255337200306,0.00031852825644363694,-0.005756243902624358,0.125,0.0006142002832750448,0.0004649764533406729,497,1.0,False,0.06339539659235388
psc440643,Pan-STARRS,4,0.1891416132556196,39.75733071328312,0.1443767201308193,1.0,53.6036458,-26.7739111,8.87,False,False,True,0.00019498037822164954,-0.0009786643320596452,-0.000576131503705856,-0.0004025328283537893,0.0008301683698361422,0.002140813694619484,0.17500000000000004,0.0011736447102812947,0.0008520044946002518,497,1.0,False,-0.0356533992943506
psc450175,Pan-STARRS,4,0.5190189298887546,42.23163395931458,0.240368900208578,1.0,53.2864458,-28.0844417,10.0,False,False,True,0.0019709393672372186,-0.005289717869632652,-0.004149226880298611,-0.0011404909893340403,0.002502670259660296,0.011823085461660977,0.5250000000000001,0.00726065723686987,0.004496716564745728,497,0.775,True,-0.08416230150579383
psc460037,Pan-STARRS,4,0.3025297307182721,40.97377508680813,0.1794038312071464,1.0,54.7269667,-27.5410972,9.65,False,False,True,0.0011678396687573277,-0.001915859988213601,-0.0007063064573164968,-0.0012095535308971038,0.0033289906007224947,0.004227062204142229,0.32500000000000007,0.0030836996569709287,0.002043752496722282,497,1.0,False,0.044167491888524965
psc460064,Pan-STARRS,4,0.2419248922212022,40.15391333701153,0.155052334584977,1.0,53.7742125,-26.7649389,9.38,False,False,True,0.00033455457978649327,-0.0016685246992748884,-0.0009249050042474277,-0.0007436196950274605,0.0013791641486329777,0.0036598058229707943,0.22500000000000003,0.0020030792790613817,0.001361528068583444,497,1.0,False,-0.2379035495466138
psc470008,Pan-STARRS,4,0.239129293909984,39.97644536676489,0.1475100945945809,1.0,53.0827583,-29.0137861,10.27,False,False,True,0.0013087565944126462,-0.0006434529968582013,-0.00016385336327594106,-0.00047959963358226016,0.0014269285524676255,0.0014310585612100244,0.22500000000000003,0.0019522095912708475,0.0013248451111435,497,1.0,False,-0.3870077401387403
psc470015,Pan-STARRS,4,0.337113044100769,41.21112320201292,0.1773889440341904,1.0,54.14855,-28.6251167,11.56,False,False,True,0.001949648772166634,-0.001764408177712803,-0.0013453203015159915,-0.00041908787619681157,0.0012744750308416107,0.003925750031876152,0.32500000000000007,0.003714056949879437,0.0023820831400644645,497,1.0,False,0.0117602285680599
psc470110,Pan-STARRS,4,0.3454622500799968,41.22601669329027,0.192058422857471,1.0,52.0705667,-28.6233278,10.57,False,False,True,0.0058075907568827245,0.001928402295778472,-1.783010983055734e-05,0.0019462324056090286,0.011562966140260192,-0.004254322874883124,0.32500000000000007,0.0038791884611042524,0.002475635700950836,497,1.0,False,-0.03461760650111269
psc550096,Pan-STARRS,4,0.2231079787494418,39.99478551761165,0.1588014776484161,1.0,52.7766292,-26.397925,10.18,False,False,True,0.0006954364070139587,-0.0009721572606125112,-0.0006292439254815448,-0.0003429133351309665,0.002219075156897355,0.0021347377214630055,0.22500000000000003,0.00166759366762647,0.001124278557897604,497,1.0,False,-0.19993486525337373
psc580275,Pan-STARRS,4,0.3820963378794373,41.364148146262714,0.1981414488543013,1.0,54.1391333,-28.6139278,11.33,False,False,True,0.008836738519984315,0.004233803289804578,0.00036405357862468856,0.0038697497111798897,0.006002434097962173,-0.009196726981447773,0.3750000000000001,0.004602935230179736,0.002881052287768347,497,1.0,False,-0.16071145538979265
psc580276,Pan-STARRS,4,0.3380998787709233,41.15527065374757,0.1690705048752085,1.0,53.5213875,-28.8077,10.57,False,False,True,0.0028085842605235435,-0.0009249904136541145,0.00022306388230269652,-0.0011480542959568106,0.005907388130402324,0.0020619884471050507,0.32500000000000007,0.003733574674177658,0.002393140588017489,497,1.0,False,-0.051407111841432665
2002fw,Riess07,4,1.2991107967805655,44.71600079409968,0.2737364319885295,1.0,53.156333333333336,-27.779611111111112,10.0,False,False,True,0.035055960518500164,0.01085682992901603,-0.0059501957739289835,0.016807025702945018,0.03878096939354774,-0.02430376536874642,1.2750000000000004,0.024199130589484134,0.01403031646616344,497,1.0,False,0.00017667699546288027
2002hp,Riess07,4,1.3041066404005537,44.40410462443374,0.3047808275956084,1.0,53.103291666666664,-27.771611111111103,10.0,False,False,True,0.012901596251446832,-0.011386236827074373,-0.00813960539549935,-0.003246631431575021,0.032350889378510626,0.025947577896703926,1.3250000000000006,0.024287833078521205,0.014111878725084426,497,1.0,False,-0.3510055309909806
2002hr,Riess07,4,0.5254075836775041,43.18788760544142,0.2895936114170507,1.0,53.09404166666666,-27.697833333333328,10.0,False,False,True,0.002015137646282891,-0.0053663998582215286,-0.0030010844940333943,-0.0023653153641881334,0.005951335346570068,0.011967226729434441,0.5250000000000001,0.00738153750450442,0.004570799862445676,497,1.0,False,0.8405592352754264
2002kd,Riess07,4,0.7343269044704723,43.08622044204131,0.2628969860888064,1.0,53.09308333333333,-27.740805555555557,10.0,False,False,True,0.01542886004908435,0.0035993500788186836,0.007708364237852348,-0.004109014159033666,0.023689955021962764,-0.008050135912313804,0.7250000000000002,0.011829509970265667,0.007134479181934165,497,1.0,False,-0.05770308359575227
2003aj,Riess07,4,1.3061113065045324,44.98348125800917,0.3243302282534798,1.0,53.18470833333333,-27.918444444444447,10.0,False,False,True,0.01243502755405195,-0.011888398886999602,-0.003672220514819172,-0.008216178372180426,0.02171185090240024,0.027640579931556733,1.3250000000000006,0.02432342644105155,0.01414460695043733,497,0.9,False,0.22431236496963544
2003ak,Riess07,4,1.5500177046042452,45.319364048249064,0.3210327752492438,1.0,53.19541666666667,-27.913722222222223,10.0,False,False,True,0.01698821605486204,-0.011041889617998853,-0.0017589840760890221,-0.00928290554190983,0.007934347816078421,0.026856389653077475,1.5750000000000006,0.02803010567286089,0.01644298401769633,497,0.875,True,0.0
HST04Greenberg,Riess07,4,1.1391702414290372,44.14772538785789,0.3031619221407596,1.0,53.08954166666667,-27.78286111111111,10.0,False,False,True,0.06211630923242572,0.04099779812090252,0.025209867238147242,0.015787930882755277,0.07214689105965405,-0.09817252592826656,1.1250000000000004,0.0211185111115232,0.012049963685782095,497,1.0,False,-0.270375449391354
HST04McGuire,Riess07,4,1.369079854003076,44.79455432894409,0.2923192494928455,1.0,53.04175,-27.83055,10.0,False,False,True,0.035495059436103385,0.010100394827258542,-0.013244419693183926,0.023344814520442465,0.034842970662087865,-0.02202109557773021,1.3750000000000004,0.025394664608844843,0.01481607434666434,497,1.0,False,0.11033756537796303
HST04Ombo,Riess07,4,0.9742343500931072,44.003896143008,0.2671143905323763,1.0,53.10558333333334,-27.75083611111111,10.0,False,False,True,0.00854858436655899,-0.008960117531200112,-0.003566670945523533,-0.00539344658567658,0.006150376170563418,0.020780303930233508,0.9750000000000003,0.0175087018977591,0.010527040905055948,497,1.0,False,0.022504080411297298
HST04Rakke,Riess07,4,0.7393243906226654,43.1950127991304,0.2600079037550692,1.0,53.07562500000001,-27.73626388888889,10.0,False,False,True,0.005375714940636801,-0.006575998534211468,-0.0023880185579938373,-0.004187979976217632,0.007180576090649396,0.014964450487020919,0.7250000000000002,0.01195171347484827,0.007211895925668331,497,1.0,False,0.033313866904430944
HST05Zwicky,Riess07,4,0.5204124610194887,42.328324743356944,0.260837573067271,1.0,53.19020833333334,-27.740083333333335,10.0,False,False,True,0.00531856100947181,-0.001968429259960233,-0.00010337829178352562,-0.0018650509681767064,0.01103800035682022,0.004460691403147038,0.5250000000000001,0.007286990269432043,0.00451268650016822,497,1.0,False,0.005619491003462937
SCP05P9,SuzukiRubin,4,0.8203473065921025,44.02397056239826,0.2681318726447332,1.0,54.43547083333333,-28.731827777777777,10.0,False,True,True,0.008401696758211294,-0.005539110190479597,-0.004033942334079852,-0.0015051678563997454,0.02782154992646665,0.012093359972863985,0.8250000000000003,0.013940806948690892,0.00831824672974673,497,1.0,False,0.547453401934173
psc020090,Pan-STARRS,32,0.4103581104014375,41.622993466111225,0.2378173302062773,1.0,212.8794125,53.5795778,11.32,False,False,True,0.00204926156871382,-0.0014466197415547149,-0.0010917213283151766,-0.0003548984132395385,0.0008914306411462601,0.003226423591445201,0.42500000000000016,0.003495881310268535,0.0028926918464008385,500,1.0,False,-0.08043501806412003
psc040137,Pan-STARRS,32,0.4479672620584063,41.85133298276526,0.1794803800361203,1.0,214.4604333,52.80105,8.71,False,False,True,0.0023672022095593682,-0.0016890362461942283,-0.0005477440506998434,-0.001141292195494386,0.0023168871398913378,0.003768902611813004,0.42500000000000016,0.0040562384557535965,0.0034186446177281414,500,1.0,False,-0.07528870133228828
psc040166,Pan-STARRS,32,0.4404445626223208,42.646289811690295,0.2602838745978421,1.0,214.1196167,54.0535611,8.8,False,False,True,0.003572106482815837,-0.00036899087986906175,0.000886263354432826,-0.0012552542343018877,0.006538049153764667,0.0008464068899939701,0.42500000000000016,0.003941097362684899,0.003314493294137704,500,1.0,False,0.7628762267004796
psc050005,Pan-STARRS,32,0.5289105650523511,42.05048717903786,0.1938020038836661,1.0,211.812175,53.9976111,9.63,False,False,True,0.012527192994944498,0.007136543850064065,0.0026008677146132897,0.0045356761354507745,0.005597520480956087,-0.015523770768935838,0.5250000000000001,0.005390649144880433,0.004689509479788852,500,1.0,False,-0.3139778031661412
psc050251,Pan-STARRS,32,0.3880235378809558,41.62379053546906,0.20130623449216,1.0,214.3273667,53.9783194,11.4,False,False,True,0.0013559594036113042,-0.0018213836283032432,-0.0007897338581909557,-0.001031649770112288,0.00331647426266504,0.004019058991816785,0.3750000000000001,0.0031773430319145474,0.002575453099955881,500,1.0,False,0.06004202824037635
psc050607,Pan-STARRS,32,0.4396657297539632,41.79837990388428,0.1773209565601138,1.0,213.5139167,53.3621889,9.46,False,False,True,0.002765264509387985,-0.001163912176611312,-0.0008057686224309489,-0.0003581435541803637,0.0032193484033148,0.002616283125299255,0.42500000000000016,0.003929176685999297,0.0033037103996748363,500,1.0,False,-0.08052102270779705
psc150573,Pan-STARRS,32,0.3236987329007119,41.07229510240536,0.1722898188238272,1.0,214.7338417,53.7317444,9.62,False,False,True,0.00048398061182160413,-0.001811405339873207,-0.0010213729904048337,-0.0007900323494683736,0.002074425647419265,0.003974457830412304,0.32500000000000007,0.002295385951694811,0.0019139053761567215,500,1.0,False,-0.02561767703146724
psc160099,Pan-STARRS,32,0.1008087555191605,38.38015596831988,0.1448460843275661,1.0,214.6671125,54.1830528,8.44,False,False,True,0.0036849983539770704,0.003315418077087525,0.003423752924921008,-0.00010833484783348309,0.0034019442940099193,-0.00722311391163922,0.125,0.0003695802768895457,0.00024327398693060198,500,1.0,False,-0.008075955194870213
psc160214,Pan-STARRS,32,0.630615384567361,42.382892031767014,0.2397058528284308,1.0,213.8220333,54.2989278,11.09,False,False,True,0.08758284960913516,0.08040294517456538,-0.0034918091359417867,0.08389475431050716,0.0067581802863225715,-0.1832120006657268,0.6250000000000002,0.007179904434569785,0.005837910227710918,500,1.0,False,-0.4176429028790642
psc380378,Pan-STARRS,32,0.2716978248227284,40.65442801054353,0.144932150821797,1.0,213.5244875,53.4648083,10.36,False,False,True,0.002120910731174185,0.0005282588856515434,0.00044567658570088525,8.258229995065816e-05,0.00012287397825534017,-0.0011251101480347294,0.275,0.0015926518455226418,0.00129379834168945,500,1.0,False,-0.018450525208291584
psc390471,Pan-STARRS,32,0.3709324211422147,41.18903279745141,0.1538168068338594,1.0,214.5198292,53.013975,10.59,False,False,True,0.001836477305453244,-0.0010999369203396156,-0.0002719108045044318,-0.0008280261158351839,0.005394254936747381,0.0024225629289201557,0.3750000000000001,0.0029364142257928597,0.0023529965844476144,500,1.0,False,-0.2610328799951472
psc390627,Pan-STARRS,32,0.1610569245512956,39.47120929774649,0.1491675376496665,1.0,212.6273292,53.8999583,11.25,False,False,True,0.003816875086658484,0.0032319045375490732,0.0034135588559568984,-0.00018165431840782526,0.0023465857169698377,-0.0070369139032034084,0.17500000000000004,0.000584970549109411,0.00040124365276668307,500,1.0,False,0.061686282875885984
psc500057,Pan-STARRS,32,0.380921559730123,41.55135015431276,0.156509619699724,1.0,214.4735375,53.8416889,8.82,False,False,True,0.0007941649442252905,-0.002281888846939324,-0.001271939453516775,-0.001009949393422549,0.004081711296664458,0.005009474461243292,0.3750000000000001,0.0030760537911646143,0.0024745770861533526,500,1.0,False,0.034264875810380895
psc500065,Pan-STARRS,32,0.2854849326169302,40.69134998336104,0.1567930678287794,1.0,214.087625,54.1348972,10.02,False,False,True,0.0006108168963042069,-0.001160237793259022,-0.0005687463882915981,-0.000591491404967424,0.0007263657867465994,0.0025501915528599066,0.275,0.001771054689563229,0.0014453402626354122,500,1.0,False,-0.10364152905203115
psc500301,Pan-STARRS,32,0.3259087245358594,41.265304072114745,0.1594551346460189,1.0,215.5477167,52.6318472,10.14,False,False,True,0.003638480255470552,0.0013129107950699578,0.0021131052544847394,-0.0008001944594147814,0.006198983811656161,-0.0028607953223160456,0.32500000000000007,0.0023255694604005944,0.001938232377274191,500,1.0,False,0.15041266554006916
psc520022,Pan-STARRS,32,0.1198125486234253,38.766177405002594,0.1448533598346527,1.0,216.00665,53.4641194,10.4,False,False,True,2.5915057162510167e-05,-0.0003436652197270355,-0.0002353303718935524,-0.00010833484783348309,0.0001096181110599756,0.0007499091635018748,0.125,0.0003695802768895457,0.00024327398693060198,500,1.0,False,-0.022664639783245358
psc520071,Pan-STARRS,32,0.4115238242348478,41.814231502794605,0.1665581275664258,1.0,215.5039875,53.6193278,10.64,False,False,True,0.0006033964888479577,-0.00290911036807957,-0.001766756716105915,-0.0011423536519736554,0.00326478329379879,0.0063983930872142936,0.42500000000000016,0.003512506856927528,0.0029092495662714785,500,1.0,False,0.10360375718592472
psc520188,Pan-STARRS,32,0.2808932064368523,40.71919687434615,0.1462809506426352,1.0,215.5240292,52.5446417,9.49,False,False,True,0.0020258123937220308,0.0003177607440418748,0.0009081596085440025,-0.0005903988645021274,0.0018545712610057346,-0.0006682882931093146,0.275,0.001708051649680156,0.001389038018868777,500,1.0,False,-0.035743506775330204
03D3aw,SNLS,32,0.4495611717644385,41.93991574324909,0.175352689241809,1.0,215.223049,52.605624,10.73,False,False,True,0.00027807110521375737,-0.0038025634476276755,-0.002494931231887945,-0.0013076322157397307,0.0006806094823262644,0.008372814849448415,0.42500000000000016,0.004080634552841433,0.0034407122022405002,500,1.0,False,0.004226173859395813
03D3ay,SNLS,32,0.3714426734534983,41.55264837075,0.1543552950096846,1.0,214.49358,52.482613,10.22,False,False,True,0.0009405165548075412,-0.002002820357856234,-0.0016212426006790332,-0.00038157775717720095,0.0033256382509536386,0.004405469812378958,0.3750000000000001,0.0029433369126637752,0.0023576970957627625,500,1.0,False,0.09911890184779708
03D3ba,SNLS,32,0.2917178702150058,40.82687974545352,0.1367452470090205,1.0,214.139297,52.34219,10.23,False,False,True,0.0008817811100084992,-0.0009747956687820968,-0.001133144412238629,0.00015834874345653223,0.0034042193331105222,0.0021340336147347826,0.275,0.001856576778790596,0.0015217665037191345,500,1.0,False,-0.02153482743414246
03D3bl,SNLS,32,0.3558191614594292,41.4915873486101,0.1363930185824709,1.0,214.982501,53.097401,10.86,False,False,True,0.020581005118790213,0.017849635264319375,0.0044498382863636535,0.01339979697795572,0.006339687241603008,-0.03924311495074701,0.3750000000000001,0.0027313698544708396,0.0022137712510650206,500,1.0,False,0.1461749165292136
04D3co,SNLS,32,0.6206314197230385,42.85044143162209,0.1590306577746593,1.0,214.458245,52.963611,9.56,False,False,True,0.013813799232043449,0.006812110933361123,0.008260065536833694,-0.0014479546034725699,0.013756969250203704,-0.014934324219414851,0.6250000000000002,0.007001688298682325,0.005718106347598709,500,1.0,False,0.09144101739652175
04D3cy,SNLS,32,0.6436456350779776,42.914655189356466,0.1708194167495912,1.0,214.55181,52.658332,10.02,False,False,True,0.007452198914765587,3.627856706522447e-05,0.0019856035042862593,-0.0019493249372210357,0.012710558991976147,-1.9720391820673977e-05,0.6250000000000002,0.007415920347700363,0.005990839344060899,500,1.0,False,0.06084498431170235
04D3dd,SNLS,32,1.0027936080497049,44.22135833315823,0.2940382044834255,1.0,214.451686,52.470678,9.54,False,False,True,0.00797603463585592,-0.006022331074979268,-0.002439201812432905,-0.0035831292625463614,0.0023539141752580714,0.013898110504772132,1.0250000000000004,0.013998365710835188,0.009731207196336689,500,1.0,False,0.11557538629626372
04D3df,SNLS,32,0.470585236280814,42.02021416889933,0.1366097492770709,1.0,214.541671,52.277686,10.0,False,False,True,0.0019379295344030358,-0.0024644955923845443,-0.0013026340230109122,-0.0011618615693736324,0.0014277544705496457,0.005476229037854148,0.4750000000000001,0.00440242512678758,0.003731789117546672,500,1.0,False,-0.0082277567405028
04D3do,SNLS,32,0.6106427168341064,42.74458124491526,0.144475572988215,1.0,214.442008,52.267553,10.53,False,False,True,0.0020948869829933016,-0.004731873355480679,-0.0026127609640153333,-0.002119112391465346,0.004442450093095977,0.01051688497443759,0.6250000000000002,0.00682676033847398,0.005594866746216576,500,1.0,False,0.027776032704958625
04D3ez,SNLS,32,0.2634866056315683,40.49175753985633,0.1235436215695568,1.0,214.782644,53.071948,10.31,False,False,True,0.013547286729783248,0.012040520286392218,0.012508588361554976,-0.00046806807516276043,0.007074709713371019,-0.02638769164509216,0.275,0.0015067664433910308,0.001236658279185948,500,1.0,False,-0.1056396228865326
04D3fk,SNLS,32,0.3583351731725854,41.31150671336214,0.1261828925588356,1.0,214.609102,52.528468,10.21,False,False,True,0.0007547497528560827,-0.0020107552948683055,-0.0014478702412831562,-0.0005628850535851497,0.002055742389920156,0.0044246577280807045,0.3750000000000001,0.0027655050477243884,0.0022369490814544285,500,1.0,False,-0.05161079425613308
04D3fq,SNLS,32,0.7426961303742841,43.084908945651904,0.1917035269300766,1.0,214.241188,52.379472,9.35,False,False,True,0.005674620674761821,-0.003513348148975297,-0.0008672237029975407,-0.002646124445977757,0.004575742984342235,0.008024970255177583,0.7250000000000002,0.009187968823737118,0.007234584901893778,500,1.0,False,-0.0887175315237677
04D3gt,SNLS,32,0.4515554189747341,41.724166545698985,0.1339462402326506,1.0,215.635796,52.646921,10.0,False,False,True,0.00391980370764854,-0.00019135443657036875,0.0008734598483427719,-0.0010648142849131407,0.007849167891598516,0.000450030582839156,0.4750000000000001,0.004111158144218909,0.00346832243554618,500,1.0,False,-0.19870280030061582
04D3gx,SNLS,32,0.9107508687193392,43.87783986647376,0.214747868423994,1.0,215.056948,52.282777,10.0,False,False,True,0.018287142227052834,0.006000722754327987,0.009957178442604929,-0.003956455688276941,0.006666541178875174,-0.012720459912986183,0.9250000000000003,0.012286419472724847,0.008975023315736354,500,1.0,False,0.2558599613464821
04D3hn,SNLS,32,0.5526041704137052,42.261119878794794,0.1416733705142707,1.0,215.528731,52.228587,10.83,False,False,True,0.01670502101491486,0.010896983379260419,0.012837315299837462,-0.0019403319205770434,0.021412234262647364,-0.02421281085696683,0.5750000000000002,0.0058080376356544425,0.004928865147458063,500,1.0,False,-0.18768618577001733
04D3kr,SNLS,32,0.337533662922524,41.21371665182544,0.1254870198103795,1.0,214.149726,52.478874,9.31,False,False,True,0.001437983512936362,-0.001045303622749458,-0.0006648846493238565,-0.0003804189734256015,0.002642125365437687,0.0023117074401541498,0.32500000000000007,0.00248328713568582,0.002045322836672504,500,1.0,False,0.01123346956408487
04D3ks,SNLS,32,0.7506803543161911,42.95260767671029,0.1909517790045891,1.0,215.63978,52.185184,8.51,False,False,True,0.003010899076064009,-0.006318009061669299,-0.003131895259897372,-0.003186113801771927,0.007777822923995031,0.014108513858828317,0.7750000000000002,0.009328908137733308,0.007355961707245088,500,1.0,False,-0.2131545649032606
04D3lp,SNLS,32,0.9837756009974084,43.97889626768634,0.3522037876274727,1.0,214.96212,52.503195,8.95,False,False,True,0.0045889548326612925,-0.009061263675021924,-0.004747304244489913,-0.004313959430532013,0.004350301031156147,0.020493005450314607,0.9750000000000003,0.013650218507683217,0.009511386957101128,500,1.0,False,-0.02822358068714466
04D3lu,SNLS,32,0.8226957156833647,43.64491017035788,0.1819101261456623,1.0,215.283209,52.974792,11.16,False,False,True,0.003807222078813748,-0.00682974358818513,-0.0033010935746466707,-0.0035286500135384598,0.0081950034451784,0.015316649097953591,0.8250000000000003,0.010636965666998878,0.00829769141564103,500,1.0,False,0.16087475664108108
04D3mk,SNLS,32,0.8136950220034453,43.60592319866917,0.1791864918514701,1.0,214.857351,53.163694,9.77,False,False,True,0.006210706432931877,-0.004260427468950746,-0.0014666879855594027,-0.0027937394833913434,0.015612165248005256,0.009493521022325849,0.8250000000000003,0.010471133901882623,0.008189745000217625,500,1.0,False,0.15081688619502653
04D3ml,SNLS,32,0.9507620227470714,44.03316051347554,0.219164359335134,1.0,214.162783,53.093253,9.94,False,False,True,0.004291130670160299,-0.008743547600638802,-0.0049191930264627275,-0.0038243545741760737,0.0045286589331172125,0.019744144323784196,0.9750000000000003,0.013034678270799101,0.009260024869493812,500,1.0,False,0.11613270768416101
04D3nc,SNLS,32,0.8177315064395054,43.62000751408232,0.1915423612972442,1.0,214.075911,52.273804,9.18,False,False,True,0.0054680138858762516,-0.005077489543811714,-0.002938363138393919,-0.0021391264054177956,0.009736202632215446,0.011457247941891437,0.8250000000000003,0.010545503429687965,0.00823815504962939,500,1.0,False,0.15188929972218812
04D3nh,SNLS,32,0.3405187363541788,41.28119496493888,0.1242988571853574,1.0,215.611283,52.333448,9.38,False,False,True,0.0006317979420685503,-0.0018919882334002551,-0.0010357919656725234,-0.0008561962677277321,0.0007889605202731191,0.004161169974981496,0.32500000000000007,0.0025237861754688054,0.002072821725225781,500,1.0,False,0.0566710483974001
04D3nr,SNLS,32,0.9607497459898272,43.4451138465047,0.237267480804259,1.0,215.660448,52.648687,10.0,False,False,True,0.01730198022328785,0.004079854801114393,0.007651963887852008,-0.0035721090867376175,0.023610617796586027,-0.008970052278735395,0.9750000000000003,0.013222125422173459,0.009321805998608632,500,1.0,False,-0.49949070597913225
04D3ny,SNLS,32,0.8107194258133841,43.28351321533351,0.2065817496638346,1.0,214.734665,52.187465,10.08,False,False,True,0.006510720440933954,-0.003905590089993168,-0.0020778146758454645,-0.001827775414147703,0.01850604947359661,0.00862568842054116,0.8250000000000003,0.010416310530927122,0.008154058312736943,500,1.0,False,-0.1619608470829137
04D3oe,SNLS,32,0.7566864432047686,43.5442934508207,0.1757895074599136,1.0,214.914099,52.553847,10.0,False,False,True,0.01197050470843658,0.002535575740887459,0.005613224932127936,-0.003077649191240475,0.02113203989215953,-0.005678012308793463,0.7750000000000002,0.009434928967549121,0.007447266746689839,500,1.0,False,0.3576292583626878
05D3ax,SNLS,32,0.6436407781250477,42.92887930358557,0.1735771209622343,1.0,214.823263,52.687519,8.48,False,False,True,0.006428885305311929,-0.0009869470687781153,0.001445399893726695,-0.002432346962504811,0.009568210413740872,0.002299911977184179,0.6250000000000002,0.007415832374090044,0.00599078234058893,500,1.0,False,0.07508876437933995
05D3cf,SNLS,32,0.4195679580578177,41.89896976487852,0.134330697143073,1.0,214.222462,52.345054,9.64,False,False,True,0.002431015800809823,-0.0011962174309551074,-0.0004653247726413359,-0.0007308926583137717,0.005349570867138924,0.002656417469255372,0.42500000000000016,0.0036272332317649303,0.0030235078950527554,500,1.0,False,0.13917420130364144
05D3ci,SNLS,32,0.5155866183441842,42.49652010675923,0.1767496176096243,1.0,215.450443,52.445281,10.05,False,False,True,0.0015920867841439249,-0.003569314009903267,-0.0019363744920615413,-0.0016329395178417251,0.007796205703262512,0.007853031707850353,0.5250000000000001,0.005161400794047192,0.004488641566388989,500,1.0,False,0.19781560784204358
05D3cq,SNLS,32,0.890728257820951,43.76292338041444,0.2201832689662925,1.0,214.692345,53.132138,8.93,False,False,True,0.0320117388740481,0.020097360007244693,0.012344523433582943,0.007752836573661749,0.025316584120933676,-0.044838343263877256,0.8750000000000002,0.01191437886680341,0.008798469004308236,500,1.0,False,0.07217552785886815
05D3cx,SNLS,32,0.8056946652251173,43.392168567276805,0.1875306608024003,1.0,215.277259,52.750509,9.89,False,False,True,0.03489425307893687,0.024570520403369708,0.027869680611977685,-0.003299160208607975,0.02931504816419589,-0.05513387515969517,0.8250000000000003,0.010323732675567163,0.008093795747077775,500,1.0,False,-0.03696175493557965
05D3dd,SNLS,32,0.4805674237468496,42.04915434898957,0.1314028022060254,1.0,215.626867,52.606794,11.25,False,False,True,0.013377450782427502,0.008812611493353113,0.010140453783104748,-0.001327842289751636,0.012292050014717283,-0.019383761244572993,0.4750000000000001,0.00456483928907439,0.003888347280180844,500,1.0,False,-0.03307900910736794
05D3dh,SNLS,32,0.8006959779445642,42.88646017721583,0.199170004161525,1.0,215.210013,52.662718,10.0,False,False,True,0.0005437279793064128,-0.009687907224168386,-0.0063184048045942486,-0.0033695024195741358,0.0051356105328131925,0.02155132924725789,0.8250000000000003,0.010231635203474799,0.00803384588177327,500,1.0,False,-0.5263127818561957
05D3gp,SNLS,32,0.5806025752888473,42.66204897913027,0.1805617720163977,1.0,215.676316,52.724688,9.05,False,False,True,0.0009442207448397482,-0.005356459206289367,-0.0038010256316675177,-0.0015554335746218511,0.002951174769728648,0.01185310577238612,0.5750000000000002,0.006300679951129115,0.005224234531937508,500,1.0,False,0.08526594922124003
05D3gv,SNLS,32,0.715650822297792,43.03839160365696,0.1881931238645544,1.0,215.246894,53.178877,10.77,False,False,True,0.005672917098682099,-0.0030359324680373943,-0.00015399921061190133,-0.002881933257425493,0.01453863053462879,0.006736235448858404,0.7250000000000002,0.008708849566719494,0.006852116881549196,500,1.0,False,-0.03805644243895545
05D3ha,SNLS,32,0.805693830592243,43.117456379391584,0.1984702179493312,1.0,215.210132,52.834036,11.21,False,False,True,0.0028496128643095034,-0.007474104433704807,-0.0040418145146565165,-0.00343228991904829,0.006485588804991065,0.016730269416982392,0.8250000000000003,0.01032371729801431,0.008093785737224071,500,1.0,False,-0.311671219852042
05D3hh,SNLS,32,0.7666828876044194,43.41135204515583,0.2035572882436312,1.0,214.792304,52.959332,10.45,False,False,True,0.03319486546240714,0.023583477013468357,0.026558037654231453,-0.0029745606407630947,0.014643633877630029,-0.05220298425588244,0.7750000000000002,0.00961138844893878,0.007599233486967892,500,1.0,False,0.1902515982195706
05D3hs,SNLS,32,0.6646365749414094,42.99451575118926,0.1558724739030107,1.0,215.306502,52.903809,9.05,False,False,True,0.002017686440266945,-0.005778441167094342,-0.003177863127872987,-0.0026005780392213576,0.002885309167858278,0.012871931770781504,0.6750000000000002,0.007796127607361288,0.006237198835158535,500,1.0,False,0.06633093307616482
05D3ht,SNLS,32,0.9017354028980696,43.82727114286453,0.2030396320776719,1.0,214.477921,53.167585,9.72,False,False,True,0.018186880299078726,0.006067977409672149,0.009148531965950118,-0.0030805545562779687,0.02015563915746296,-0.013281216596900128,0.9250000000000003,0.012118902889406577,0.008895527221627762,500,1.0,False,0.2315179645572854
05D3jb,SNLS,32,0.7456642425412219,43.229147630250274,0.1641939812785273,1.0,215.541655,52.87813,10.52,False,False,True,0.010427117040724975,0.0011867544344842992,0.0023207150183701328,-0.0011339605838858336,0.0132143847233939,-0.002439984208532458,0.7250000000000002,0.009240362606240676,0.007279706378366447,500,1.0,False,0.04506456571460615
05D3jh,SNLS,32,0.7186791905888033,43.01960656521947,0.160905946457452,1.0,214.355768,52.618765,10.86,False,False,True,0.026169262715628472,0.017406402004336043,0.001324238386227112,0.016082163618108932,0.026974080401641124,-0.0389576824457773,0.7250000000000002,0.008762860711292429,0.0068888654090824885,500,1.0,False,-0.06789702310689237
05D3jk,SNLS,32,0.7366894987490933,43.165867022729614,0.1574146757828447,1.0,214.197729,52.592488,9.5,False,False,True,0.007625923208607454,-0.0014560152048052784,0.000986536163754422,-0.0024425513685596995,0.018349868628240205,0.003145198732001673,0.7250000000000002,0.009081938413412732,0.007143271611724007,500,1.0,False,0.01352557954530409
05D3jq,SNLS,32,0.5795994402002143,42.51046727027078,0.1359819380213341,1.0,215.439338,53.029918,8.87,False,False,True,0.0010569064548897516,-0.005226206012571145,-0.003172017301686747,-0.0020541887108844006,0.0008236181650460514,0.011577523474962714,0.5750000000000002,0.006283112467460897,0.005211857953133413,500,1.0,False,-0.06183239029551219
05D3jr,SNLS,32,0.3705304793499251,41.41430619194359,0.1261688974461359,1.0,214.869783,52.864848,8.03,False,False,True,0.005101580211932905,0.002170619204296677,0.0031251125443833073,-0.0009544933400866299,0.00843588057963901,-0.004747649533768357,0.3750000000000001,0.0029309610076362277,0.002349293843860443,500,1.0,False,-0.03302783242960145
05D3km,SNLS,32,0.9607390207861224,44.048524687211064,0.2033822671671157,1.0,215.65948,53.066999,12.13,False,False,True,0.05406120688164616,0.040839282747477335,0.04471788045132752,-0.00387859770385019,0.03799714280702032,-0.09283187325866196,0.9750000000000003,0.013221924134168827,0.009321739655641495,500,1.0,False,0.1039495961433255
05D3kp,SNLS,32,0.8507283659842473,43.69139016054341,0.1744917095583535,1.0,215.012268,52.270827,10.67,False,False,True,0.008468755049736185,-0.0026957538763705095,0.0008676850377847128,-0.003563438914155222,0.009119094571289468,0.006326474238839946,0.8750000000000002,0.011164508926106695,0.008497426196066356,500,1.0,False,0.12166377296578267
05D3kt,SNLS,32,0.6486391632158304,42.864827741781866,0.1560482900327002,1.0,214.973834,52.742986,9.18,False,False,True,0.0011866236573200785,-0.006319744076809143,-0.004386916568606984,-0.001932827508202159,0.0029081924829851523,0.01402226786579526,0.6250000000000002,0.007506367734129221,0.006049445726568158,500,1.0,False,-0.00912678610814535
05D3kx,SNLS,32,0.2194608299536076,40.14531027244056,0.1226415207840543,1.0,215.458413,53.137119,10.65,False,False,True,0.00022193012158976857,-0.0008339884860165123,-0.0004907949090334409,-0.0003431935769830714,0.00028046518031122047,0.0018262662516196956,0.22500000000000003,0.001055918607606281,0.0009127257417951722,500,1.0,False,-0.00943234836669944
05D3la,SNLS,32,0.9367536103909369,43.70125530639159,0.2079788155263146,1.0,215.355908,52.357973,9.66,False,False,True,0.002708270749307874,-0.010063501058465298,-0.005895627254645751,-0.004167873803819546,0.005809403507978396,0.022580844059254097,0.9250000000000003,0.01277177180777317,0.00917337293577151,500,1.0,False,0.00503318789133686
05D3lb,SNLS,32,0.647638601648387,42.89035914416442,0.1543994524990516,1.0,214.382325,53.167928,8.97,False,False,True,0.0011450893257889474,-0.006343155314560066,-0.003970004220077592,-0.002373151094482475,0.007943970280302115,0.014015034719322401,0.6250000000000002,0.007488244640349013,0.0060377026678880355,500,1.0,False,0.020429087538135524
05D3lc,SNLS,32,0.4615630248838451,42.03674503233013,0.129599228299676,1.0,215.595501,52.478865,10.81,False,False,True,0.0025887038069756663,-0.0016756289646713196,-0.0003054330160070051,-0.0013701959486643147,0.003323582382241171,0.0037455644494452317,0.4750000000000001,0.004264332771646986,0.0036068771405774044,500,1.0,False,0.05784839778691986
05D3lr,SNLS,32,0.6006024710158362,42.64270279200039,0.1603805330502593,1.0,215.55059,53.184275,10.91,False,False,True,0.005296252111914358,-0.0013546776166686756,0.0008284293860307485,-0.0021831070026994246,0.007177271783290571,0.003120594443063611,0.6250000000000002,0.006650929728583034,0.005470991213409078,500,1.0,False,-0.031023324378705835
05D3mh,SNLS,32,0.6706529209601395,43.058157712067306,0.1740529867724468,1.0,214.749304,52.66756,10.12,False,False,True,0.0020277427144839866,-0.005877358499959004,-0.003498292826005154,-0.0023790656739538516,0.0023290514965727017,0.013098239411633152,0.6750000000000002,0.00790510121444299,0.0063078094868532575,500,1.0,False,0.10644950453438744
05D3mn,SNLS,32,0.7606971669277247,43.0391311088337,0.1663071856892875,1.0,214.688507,52.323145,10.48,False,False,True,0.004236909496348038,-0.005268817667025066,-0.004197905392957104,-0.00107091227406796,0.009402493595037623,0.011806932662030853,0.7750000000000002,0.009505727163373104,0.007508238086694969,500,1.0,False,-0.16140190972494853
05D3mq,SNLS,32,0.2464917876506611,40.42274437352564,0.1269750099908608,1.0,214.751783,52.38512,10.74,False,False,True,0.004166932777371602,0.0028379239534599174,-0.0008378500620859798,0.003675774015545897,0.00024019604789267784,-0.0061858157342775414,0.22500000000000003,0.0013290088239116845,0.0011183950908508823,500,1.0,False,-0.014760944494815643
05D3mx,SNLS,32,0.470572298743056,42.04329464081768,0.1437535112887589,1.0,215.537919,52.219179,10.82,False,False,True,0.0107475199930403,0.006345292885893372,0.007773502165192025,-0.0014282092792986532,0.008259841462094263,-0.013849335713685544,0.4750000000000001,0.0044022271071469275,0.003731609998110499,500,1.0,False,0.01492312286433173
05D3ne,SNLS,32,0.1694539868738496,39.49072098454795,0.1305901256467934,1.0,215.262445,52.495438,11.15,False,False,True,0.00025005046655169716,-0.00038508092023340206,-0.00018133823321216482,-0.0002037426870212372,0.0009725734195943382,0.0008434002010341245,0.17500000000000004,0.0006351313867850992,0.00043803217939799666,500,1.0,False,-0.03960140035119883
06D3bz,SNLS,32,0.7276743928179923,42.99729824012574,0.2028253857185454,1.0,214.29184,53.024826,10.34,False,False,True,0.00454649990932833,-0.004376301829715412,-0.0027148838328617214,-0.0016614179968536902,0.007636926185182396,0.00984262101005404,0.7250000000000002,0.008922801739043742,0.007006223256645012,500,1.0,False,-0.12278152649660044
06D3cc,SNLS,32,0.6836583333371449,43.12847222124652,0.2534985333664388,1.0,214.381668,52.912473,10.13,False,False,True,0.023717889187327028,0.015579627732902345,-0.00410208519518673,0.019681712928089075,0.01828825466430982,-0.03447214634063478,0.6750000000000002,0.008138261454424683,0.0064638956520116485,500,1.0,False,0.12659641689284332
06D3df,SNLS,32,0.4425469841951368,41.901322123767095,0.1307751047127181,1.0,215.571703,52.957682,10.49,False,False,True,0.0006019629478714009,-0.003371313703650168,-0.002294046976384947,-0.001077266727265221,0.0025135314786824247,0.007424128835454402,0.42500000000000016,0.003973276651521569,0.0033436011950201327,500,1.0,False,0.005763921662210051
06D3do,SNLS,32,0.7266780125321859,43.17850455575518,0.1825353286994725,1.0,214.247465,52.882543,8.76,False,False,True,0.013146335722281119,0.004241122311794122,0.005290645011570414,-0.0010495226997762922,0.01781164134018148,-0.00932955926795273,0.7250000000000002,0.008905213410486997,0.006991076204547507,500,1.0,False,0.062014046182343185
06D3dt,SNLS,32,0.2825098512057129,40.981138998377034,0.1235773438278508,1.0,214.340267,52.452816,9.61,False,False,True,0.0007297320028915294,-0.0010005016173275493,-0.0005525445859224918,-0.0004479570314050574,0.0011904789758266096,0.002200827293718681,0.275,0.0017302336202190786,0.001408860787973642,500,1.0,False,0.2120288451444621
06D3ed,SNLS,32,0.4045479276645995,41.72958786506605,0.1270525278606031,1.0,214.699174,52.756559,9.54,False,False,True,0.001023787617162343,-0.0023892281892234912,-0.0012889060217978502,-0.0011003221674256416,0.00048374890569705494,0.005274264366786331,0.42500000000000016,0.003413015806385834,0.002810164406649739,500,1.0,False,0.0623284812761846
06D3el,SNLS,32,0.5196098054306435,42.37541199702878,0.1342671760541237,1.0,214.254528,52.232401,9.59,False,False,True,0.0026304787774550052,-0.002599458102892355,-0.0011778383213964217,-0.001421619781495933,0.007900040927761533,0.005740214518333545,0.5250000000000001,0.00522993688034736,0.0045576064939984815,500,1.0,False,0.05668410451495543
06D3em,SNLS,32,0.6906511885070659,42.96671353810184,0.181544112417446,1.0,214.847581,53.023013,9.5,False,False,True,0.009967782971398245,0.0017048034921939258,0.00023541672421744427,0.0014693867679764793,0.014916945497900673,-0.003715430273950361,0.6750000000000002,0.008262979479204319,0.00654875228305977,500,1.0,False,-0.06176019660088779
06D3en,SNLS,32,1.0608002241417207,43.87534518049594,0.2570352660063956,1.0,215.305567,52.456079,7.78,False,False,True,0.013710268596879956,-0.0013247927487072889,0.0033539697744642567,-0.0046787625231715455,0.005888350361625621,0.0036400951185379046,1.0750000000000002,0.015035061345587245,0.01037526593479879,500,1.0,False,-0.21835361720247787
06D3et,SNLS,32,0.576611387739977,42.52078983048265,0.1439278599362555,1.0,215.519873,52.338366,10.8,False,False,True,0.0010098675226670516,-0.005220916436510353,-0.0031255900712865927,-0.002095326365223762,0.004559952280672523,0.011540188261492373,0.5750000000000002,0.006230783959177404,0.005174991665467916,500,1.0,False,-0.038111486181945105
06D3fp,SNLS,32,0.2684879487449896,40.59391642552593,0.1231992069356263,1.0,215.077523,52.897165,9.57,False,False,True,8.551103199156956e-05,-0.001473567054103724,-0.0009467881300753315,-0.0005267789240283925,0.0009014016723796325,0.003225307405755112,0.275,0.0015590780860952934,0.0012714615223401449,500,1.0,False,-0.049710127755855794
06D3gh,SNLS,32,0.720679532585945,43.06877653242361,0.192925181612649,1.0,214.630912,52.442908,9.35,False,False,True,0.018964260649401515,0.010165723709057413,-0.004797149196673433,0.014962872905730848,0.02341345561178076,-0.022667562995303855,0.7250000000000002,0.008798536940344102,0.006913139082524439,500,1.0,False,-0.026005084597633066
06D3gn,SNLS,32,0.2504975184258253,40.49589185882932,0.1238854277497357,1.0,214.435959,52.361182,10.61,False,False,True,0.0013141058304324696,-5.6801010137486323e-05,0.00031199238399871225,-0.0003687933941361988,0.0024501628098075262,0.00013920855766633372,0.275,0.001370906840569956,0.0011462700874301352,500,1.0,False,0.022463846192745347
COS12Car,MCT,21,1.54,45.33141077937442,0.3644052901631536,1.0,150.06133333333332,2.192388888888889,10.0,False,False,True,0.0551254008493376,0.02919836543759348,0.031118624251131446,-0.0019202588135379672,0.03697315408916082,-0.0660135570132093,1.5250000000000004,0.02592703541174412,0.015038027759233814,500,1.0,False,-0.05696771982017085
psc000010,Pan-STARRS,21,0.2471413762236129,40.45422423947944,0.1482909298847007,1.0,149.7489958,3.1575306,10.79,False,False,True,0.004038525884986857,0.0017138767487601585,-0.0007593593107237274,0.002473236059483886,0.0039858083273408606,-0.00373866520147385,0.22500000000000003,0.002324649136226698,0.0015778370579779466,500,1.0,False,0.01028406751362525
psc000011,Pan-STARRS,21,0.3828039783932564,41.575692963692696,0.1687407340916453,1.0,149.9759167,2.4119,11.06,False,False,True,0.002257014559208276,-0.0019618827176519334,-0.0014046072538135444,-0.0005572754638383897,0.0065552346806319805,0.004310059719269786,0.3750000000000001,0.004218897276860209,0.0033379347041609907,500,1.0,False,0.04616112149607859
psc000190,Pan-STARRS,21,0.1035732411342278,38.55311498464435,0.1430662128061234,1.0,148.9884708,2.2634639,9.8,False,False,True,3.068432769248073e-05,-0.0005858035317368621,-0.0003129235395471436,-0.0002728799921897186,0.000143578537584723,0.0012774875169678068,0.125,0.0006164878594293428,0.00037372851844863194,500,1.0,False,0.10236912772847123
psc000196,Pan-STARRS,21,0.3518679902160477,41.2724020659241,0.1462269771096234,1.0,150.1150708,2.6940333,9.66,False,False,True,0.007934430219087171,0.00416804811928591,-0.0013054881436541763,0.005473536262940086,0.005099053338291779,-0.009099371781017843,0.3750000000000001,0.0037663820998012614,0.0029649256654488932,500,1.0,False,-0.04497041381615758
psc000199,Pan-STARRS,21,0.3728025452272032,41.45291448996608,0.1472370826643696,1.0,151.2314,2.5909194,10.47,False,False,True,0.0039043587058159497,-0.00014843273924001468,0.0015961417936323987,-0.0017445745328724125,0.00711797268043245,0.0003551394961415176,0.3750000000000001,0.004052791445055964,0.0032309501513723506,500,1.0,False,-0.009824791677209238
psc000202,Pan-STARRS,21,0.6210891501794382,42.82059436326996,0.1855371540548432,1.0,150.5391458,1.8991694,9.94,False,False,True,0.017967745706653538,0.009096106574720039,0.009184172815206042,-8.806624048600734e-05,0.00993523217233386,-0.019849539301337534,0.6250000000000002,0.0088716391319335,0.006982111877193825,500,1.0,False,0.05967587240764036
psc000215,Pan-STARRS,21,0.4678066227508932,42.15639315908455,0.1622502341326241,1.0,150.8099292,3.144225,8.71,False,False,True,0.002122031255458282,-0.003608921153281745,-0.0011909950124785436,-0.0024179261408032006,0.007932281743886237,0.007941596091349461,0.4750000000000001,0.005730952408740027,0.004285702041290845,500,1.0,False,0.1431145386058007
psc000220,Pan-STARRS,21,0.2210194615316887,40.14005577563628,0.1423193589017218,1.0,150.5367542,2.7185639,11.34,False,False,True,0.0003982711490695617,-0.0015470309487160454,-0.000648528139438714,-0.0008985028092773316,0.0007209828057105042,0.003393378380440973,0.22500000000000003,0.0019453020977856072,0.0012184629753069084,500,1.0,False,-0.031846438589324746
psc000420,Pan-STARRS,21,0.312724824964889,41.03692215860979,0.1457111510666289,1.0,149.82,1.6134861,9.39,False,False,True,0.0008604746453312058,-0.0023761135059917867,-0.0013559753761454357,-0.0010201381298463512,0.003869078391968117,0.005218140072906138,0.32500000000000007,0.0032365881513229926,0.0024679175728639837,500,1.0,False,0.02494160760466234
psc010010,Pan-STARRS,21,0.1006879465783943,38.562395436154304,0.1452105233407807,1.0,150.8586542,1.0294194,10.1,False,False,True,0.004728012702939538,0.004111524843510196,0.004384404835699914,-0.0002728799921897186,0.0027926793170898042,-0.00895550387171018,0.125,0.0006164878594293428,0.00037372851844863194,500,1.0,False,0.17693234725903864
psc020132,Pan-STARRS,21,0.1479361635996869,39.534826309914166,0.1757363108739985,1.0,150.088325,1.418125,10.63,False,False,True,0.004791739275423347,0.0038349026722219078,0.004150369162949771,-0.0003154664907278632,0.001165093155549509,-0.008374102851420703,0.125,0.0009568366032014395,0.0005916063478424923,500,1.0,False,0.2515389168797654
psc030066,Pan-STARRS,21,0.2267201596955634,40.149278943601416,0.1487307782737109,1.0,150.1833917,3.403975,9.13,False,False,True,0.0025914188698521494,0.0005698269701375847,0.001298937987278876,-0.0007291110171412913,0.008246214122376768,-0.001282940760869022,0.22500000000000003,0.0020215918997145647,0.0012758816984093087,500,1.0,False,-0.0844428546231822
psc120044,Pan-STARRS,21,0.4817101009062614,42.385944587403856,0.1996298092111712,1.0,148.7919458,1.7302472,10.0,False,False,True,0.0061988235303653706,0.0001995748534174271,-0.0016480962254408315,0.0018476710788582593,0.008065109335510844,-0.0003603680498464965,0.4750000000000001,0.0059992486769479434,0.004528530431071175,500,1.0,False,0.29762053722804194
psc120085,Pan-STARRS,21,0.3233409546788404,40.865815667648526,0.1587830577266712,1.0,150.4709458,2.0426472,10.9,False,False,True,0.001988803911378266,-0.001388069293680137,0.0002800522314554863,-0.0016681215251356236,0.004788304321627286,0.003064198650945391,0.32500000000000007,0.0033768732050584033,0.0026024744432552272,500,1.0,False,-0.22933832978646984
psc120086,Pan-STARRS,21,0.3937252743955159,41.42331792950842,0.1832189955463884,1.0,150.7890208,2.1433861,11.03,False,False,True,0.0029843314079859807,-0.0014249502580083971,0.0006587823500700278,-0.002083732608078425,0.0036988936233114983,0.0031802510546823197,0.3750000000000001,0.004409281665994378,0.0034485761640472724,500,1.0,False,-0.1773227192392764
psc120094,Pan-STARRS,21,0.4528921059926545,42.08501296566932,0.1661380229524408,1.0,150.5261625,2.0877944,8.66,False,False,True,0.0020624538953615823,-0.0033979613350074607,-0.0018186006672926914,-0.0015793606677147686,0.0030141898327495026,0.007531267984657864,0.4750000000000001,0.005460415230369043,0.004104425356659095,500,1.0,False,0.1545934561056087
psc120336,Pan-STARRS,21,0.1625452861757323,39.4313161840209,0.1443804158002093,1.0,149.0823417,1.4094667,9.76,False,False,True,0.00479215995599929,0.0036185392121215296,0.0038219682987934733,-0.00020342908667194374,0.004179837200681792,-0.007887367905707052,0.17500000000000004,0.0011736207438777604,0.0007303829964473647,500,1.0,False,-4.092690958065685e-05
psc120369,Pan-STARRS,21,0.3317541974359217,41.274694437128225,0.1511162453963658,1.0,150.99525,2.2624194,10.56,False,False,True,0.0004204465898613033,-0.003070755157757891,-0.0014483932763303749,-0.0016223618814275162,0.0013088832118393994,0.00674922056827333,0.32500000000000007,0.003491201747619194,0.0027093309617901495,500,1.0,False,0.11540303606765666
psc120400,Pan-STARRS,21,0.3527637780571004,41.418316763637435,0.1567026395383313,1.0,149.6284417,2.8717806,10.66,False,False,True,0.0006481240657073746,-0.0031305134657907303,-0.0017609607841872561,-0.0013695526816034742,0.0053254989566537845,0.0068722410051280025,0.3750000000000001,0.003778637531498105,0.0029763088307364067,500,1.0,False,0.09456171928617067
psc120706,Pan-STARRS,21,0.3309410910405495,40.92832523093795,0.162298123573485,1.0,149.6798875,2.4331889,11.43,False,False,True,0.0030791206629664906,-0.0004009568324201203,0.0013546180453171237,-0.0017555748777372446,0.0026254457572063294,0.000935912184716536,0.32500000000000007,0.003480077495386611,0.0026989984655553497,500,1.0,False,-0.22483371840544686
psc350192,Pan-STARRS,21,0.3027018134457813,40.909797819135605,0.1463828790199741,1.0,148.7158,1.9616639,8.52,False,False,True,0.0009510789516788784,-0.002153061806155615,-0.0006663913910264644,-0.0014866704151291503,0.0026153010440438987,0.004737664342279664,0.32500000000000007,0.003104140757834493,0.0023408783317991214,500,1.0,False,-0.0212213326353682
psc350233,Pan-STARRS,21,0.1705491789665425,39.565750538178456,0.1433956723910584,1.0,149.4663208,3.4823583,9.18,False,False,True,0.00011879469726523031,-0.0011735954669996424,-0.000503092279121027,-0.0006705031878786151,0.0006354139363880367,0.002566295530772189,0.17500000000000004,0.0012923901642648728,0.0008064144905716349,500,1.0,False,0.0200868873363296
psc370098,Pan-STARRS,21,0.2232190330734886,40.07665044016532,0.1439220615313274,1.0,150.0063542,2.4311056,10.49,False,False,True,8.679263591872616e-05,-0.0018865596513196123,-0.0008730029083243087,-0.0010135567429953038,0.00042528882893524446,0.004131899089569787,0.22500000000000003,0.0019733522872383384,0.0012361366455860571,500,1.0,False,-0.11927771537338401
psc370344,Pan-STARRS,21,0.3327502666087176,41.134551087489086,0.1503712320043413,1.0,150.17375,1.8316417,9.38,False,False,True,0.0006481401618157201,-0.0028566889841148708,-0.001401163854367537,-0.0014555251297473342,0.003316193185635154,0.006272018009152621,0.32500000000000007,0.0035048291459305906,0.002721988445529165,500,1.0,False,-0.03223372398718051
psc370367,Pan-STARRS,21,0.4729031521696663,42.1841844209224,0.1955055056896018,1.0,149.2216167,1.9779111,9.3,False,False,True,0.002778560345688451,-0.0030448389529367566,-0.00045588425094250174,-0.002588954701994254,0.006939750700783061,0.006732887344823049,0.4750000000000001,0.005823399298625208,0.004347647189842373,500,1.0,False,0.1431572585797768
psc370369,Pan-STARRS,21,0.1925953944990295,39.08181646488301,0.1560810391319416,1.0,151.5663292,2.4068722,11.44,True,False,True,0.011624586945385878,0.0100417647443127,0.010873263792949152,-0.0008314990486364524,0.0005661029760371014,-0.022257039079536186,0.17500000000000004,0.0015828222010731787,0.0009900741372168465,500,1.0,False,-0.7546005254234596
psc370563,Pan-STARRS,21,0.1868832135440752,39.809868145256736,0.1446413621377947,1.0,150.95185,2.6460139,10.86,False,False,True,0.0022563826541019696,0.0007464054389407461,-0.000613002687172376,0.001359408126113122,0.0011777896845704503,-0.0016223613149718707,0.17500000000000004,0.0015099772151612235,0.000944176469942026,500,1.0,False,0.04568535373483565
psc370589,Pan-STARRS,21,0.3065028078470093,40.36507930460117,0.187050557250645,1.0,149.1082083,3.45475,9.99,False,False,True,0.0007051195242817741,-0.0024492488323285253,-0.001001197297308959,-0.001448051535019566,0.0038351504536011712,0.005376920234202216,0.32500000000000007,0.0031543683566102993,0.0023890550143364254,500,1.0,False,-0.5969306626277463
psc370595,Pan-STARRS,21,0.1771736749742396,39.6890740414503,0.1421846885913168,1.0,150.4976458,1.3251472,10.32,False,False,True,0.0003485877189012782,-0.0010375679286469986,-0.00034585232239595255,-0.0006917156062510459,0.00038900305877533753,0.0022690338164821342,0.17500000000000004,0.0013861556475482767,0.0008661598289804271,500,1.0,False,0.0525294258824294
psc380279,Pan-STARRS,21,0.3505627222227441,41.14319057064789,0.1697840246873663,1.0,149.8270333,2.9348833,10.97,False,False,True,0.002419647799091586,-0.0013288766987140854,-0.0003800005620052771,-0.0009488761367088085,0.002408452303574591,0.0029651408330545227,0.3750000000000001,0.0037485244978056713,0.0029483390579606566,500,1.0,False,-0.16485474106434422
psc380318,Pan-STARRS,21,0.3393533406417022,41.1432275454158,0.1733392650715106,1.0,150.4131875,3.2498417,11.44,False,False,True,0.0003207058008833492,-0.0032744611673438074,-0.0015407412599036047,-0.001733719907440203,0.0017115450835879177,0.007193791505314469,0.32500000000000007,0.0035951669682271568,0.0028058965760914445,500,1.0,False,-0.07271288392928933
psc480464,Pan-STARRS,21,0.2240147751300472,40.14158589217339,0.1435522428107118,1.0,149.8004375,3.2215694,10.92,False,False,True,0.0009936887256873376,-0.0009898113176106695,-0.0004759631234124133,-0.0005138481941982563,0.0026391496053920142,0.0021765592798943956,0.22500000000000003,0.001983500043298007,0.0012425304738692513,500,1.0,False,-0.06298009822338287
psc490521,Pan-STARRS,21,0.3427510811549834,41.09858476041709,0.1789163294199824,1.0,148.8651708,1.5752944,10.35,False,False,True,0.0064374367986479285,0.002795784742238307,-0.0007867148766497916,0.003582499618888098,0.010502830079341762,-0.0061622579363796535,0.32500000000000007,0.0036416520564096218,0.002849073141003632,500,1.0,False,-0.14230529567948247
psc580235,Pan-STARRS,21,0.3327474015706093,41.07076827088811,0.154638386427438,1.0,150.2348708,2.5796056,8.89,False,False,True,0.007609613596397193,0.00410482364755908,0.00545004550745857,-0.0013452218598994916,0.008647183024329439,-0.008982013108886688,0.32500000000000007,0.003504789948838114,0.002721952038245155,500,1.0,False,-0.09599501677344104
psc590005,Pan-STARRS,21,0.1762769106313619,39.66548591677354,0.1448165243755126,1.0,151.0178208,1.2154667,10.0,False,False,True,0.0007133823689628774,-0.0006613372287756303,5.665805241933787e-05,-0.0007179952811949679,0.0002923081752764904,0.0014358603562872874,0.17500000000000004,0.0013747195977385077,0.0008589542814394959,500,1.0,False,0.04105660599108399
psc590031,Pan-STARRS,21,0.3810954593593509,41.465700709229694,0.1874494107726629,1.0,149.0729,2.0023444,10.28,False,False,True,0.003312910257794535,-0.0008762034336260989,0.0008461399620093213,-0.0017223433956354197,0.0046937961647012996,0.001975422181545396,0.3750000000000001,0.004189113691420634,0.003320626040416716,500,1.0,False,-0.052536787085783195
psc590191,Pan-STARRS,21,0.2223212356458184,40.45316714684997,0.1910738703126473,1.0,150.1378042,1.9040028,10.0,False,False,True,0.00020164791264475383,-0.0017602551502979673,-0.0007532862698259161,-0.0010069688804720514,0.00019246486289671447,0.003857449100019019,0.22500000000000003,0.001961903062942721,0.0012289227971557732,500,1.0,False,0.26701900096843356
04D2al,SNLS,21,0.8381396284800389,43.282368419726694,0.2461167638277205,1.0,150.468646,2.164106,9.69,False,False,True,0.0083928296208159,-0.004834642189124392,-0.0002505565370477308,-0.00458408565207666,0.02185639119683843,0.010630803789819981,0.8250000000000003,0.013227471809940291,0.009218337442853976,500,1.0,False,-0.250595721809785
04D2an,SNLS,21,0.621885935958294,42.62637733161526,0.1754789682188633,1.0,150.217956,2.04123,7.58,False,False,True,0.002852487145680837,-0.006035319112622422,-0.0026113413340987115,-0.0034239777785237133,0.008953428462226815,0.01337901282210224,0.6250000000000002,0.008887806258303259,0.00699210665071581,500,1.0,False,-0.1378768098967006
04D2cf,SNLS,21,0.3705968367024312,41.41227397787383,0.1339045411156558,1.0,150.483707,1.879478,10.83,False,False,True,0.0026768726482643626,-0.0013457421088196803,0.00046395560592007654,-0.0018096977147397566,0.00517230049768574,0.002989714419097592,0.3750000000000001,0.004022614757084043,0.0032029212548380427,500,1.0,False,-0.03551120992145768
04D2fp,SNLS,21,0.4166426515318469,41.788369682251854,0.134450950365854,1.0,149.867166,2.321014,10.26,False,False,True,0.0009310596894766001,-0.0038777268380062913,-0.001765396720869306,-0.0021123301171369854,0.004361098372454105,0.00853557638174639,0.42500000000000016,0.004808786527482891,0.003680747516476834,500,1.0,False,0.04635195694644743
04D2fs,SNLS,21,0.3585798757633602,41.30663273428261,0.129577361945893,1.0,150.092026,1.765398,8.41,False,False,True,0.0007627824457986406,-0.003095426145848562,-0.0018661465066901093,-0.0012292796391584527,0.004908491825408409,0.006795783661287214,0.3750000000000001,0.0038582085916472027,0.003050216511198871,500,1.0,False,-0.058200578509085395
04D2gb,SNLS,21,0.4516922811642729,41.66125836692445,0.1439247088423987,1.0,150.594449,1.894161,10.28,False,False,True,0.005352865045626383,-8.578634023656898e-05,0.0010010385846351394,-0.001086824924871708,0.002659338708360915,0.0003077680950368984,0.4750000000000001,0.005438651385862952,0.004089842231335392,500,1.0,False,-0.2623849924374112
04D2gc,SNLS,21,0.5227734252330178,42.44797799670697,0.1462019034310673,1.0,150.413604,1.883052,9.36,False,False,True,0.0009550970351953293,-0.005887523753219792,-0.002926220949499701,-0.0029613028037200916,0.0023292958987912943,0.013011813007246027,0.5250000000000001,0.006842620788415121,0.005479504526215027,500,1.0,False,0.11360694168650366
04D2gp,SNLS,21,0.7340091439850092,43.37858727201835,0.2444397685295065,1.0,149.834888,2.508879,8.88,False,False,True,0.002548175514003782,-0.008634998539904145,-0.004727281689963473,-0.003907716849940673,0.003946339062154212,0.01927771820012396,0.7250000000000002,0.011183174053907927,0.00815711683344685,500,1.0,False,0.23579791601229727
04D2iu,SNLS,21,0.7019778607451859,42.88567017079835,0.258647962236961,1.0,150.304914,2.41505,10.0,False,False,True,0.007621792473508182,-0.002909360053908236,-0.0029111969401793584,1.8368862711240497e-06,0.01351820915384042,0.006558772662374392,0.7250000000000002,0.010531152527416418,0.007906711467903874,500,1.0,False,-0.14029620662988196
04D2ja,SNLS,21,0.7420212186147372,43.58828545238493,0.2279231332026473,1.0,149.702091,1.771737,11.04,False,False,True,0.0029078236075385008,-0.008435181095882658,-0.004366057758246913,-0.004069123337635745,0.00770307974362024,0.018801228479549886,0.7250000000000002,0.011343004703421158,0.008226172594576985,500,1.0,False,0.4170422947020874
04D2kr,SNLS,21,0.7461315870865173,43.032470752134806,0.1768636453752683,1.0,150.155592,1.711927,11.15,False,False,True,0.017688340630137737,0.006263339328713648,-0.0011547281142547626,0.007418067442968412,0.017904874145848723,-0.013705556849924284,0.7250000000000002,0.01142500130142409,0.008261599701345424,500,1.0,False,-0.1532550976922643
04D2mc,SNLS,21,0.349569813455576,41.09368720640145,0.1316475596860244,1.0,150.148125,1.784181,10.98,False,False,True,0.0016220443622358613,-0.002112895975326101,-0.0013368500768830927,-0.0007760458984430087,0.0017421656180920874,0.00467106655267146,0.32500000000000007,0.0037349403375619623,0.002935721734869048,500,1.0,False,-0.19658870367199677
04D2mh,SNLS,21,0.591847570053369,42.562605642825474,0.1431225969293091,1.0,149.941201,2.141025,9.14,False,False,True,0.0037584178903798905,-0.004519896995947106,-0.0011692009761917646,-0.003350696019755342,0.003934998087073421,0.010105282239642549,0.5750000000000002,0.008278314886326996,0.00661530943349971,500,1.0,False,-0.06393915637106845
04D2mj,SNLS,21,0.5147579209809385,42.57977706999216,0.1451394088517978,1.0,150.152215,2.577067,9.58,False,False,True,0.0035626013853381246,-0.003115394330548577,-0.0014979521749863204,-0.001617442155562257,0.006963866537795092,0.006925340172449812,0.5250000000000001,0.006677995715886701,0.005293875694935139,500,1.0,False,0.28521523982565167
05D2ab,SNLS,21,0.3245419921438641,41.11099287656602,0.1245743889153959,1.0,150.461859,2.106329,10.12,False,False,True,0.0023086842710032824,-0.0010840598408600431,0.0005440024332903737,-0.0016280622741504172,0.0035644474837985894,0.0024141622921589143,0.32500000000000007,0.0033927441118633255,0.0026176973019495634,500,1.0,False,0.006588988209119335
05D2ac,SNLS,21,0.4807148878056102,41.98530493289531,0.1318716951103303,1.0,149.746812,2.489504,11.19,False,False,True,0.002493515179991801,-0.003485293481740203,-0.0008913444372934004,-0.0025939490444468016,0.003052275897133874,0.007740264043340323,0.4750000000000001,0.005978808661732004,0.004505482567962576,500,1.0,False,-0.09771519947111063
05D2ah,SNLS,21,0.1853802384382787,39.78179300516553,0.1231946114031041,1.0,150.3697,1.862732,9.22,False,False,True,5.6246921709439854e-05,-0.0014345634986196263,-0.0006529400199289153,-0.0007816234786907112,1.5089716407317591e-05,0.003138053476607876,0.17500000000000004,0.0014908104203290662,0.0009320999877941073,500,1.0,False,0.03695774214668626
05D2ay,SNLS,21,0.922235444724284,43.55042059191423,0.2797966325878315,1.0,150.284664,2.130321,10.33,False,False,True,0.008947434277377693,-0.005949782372380712,-1.1200586884996602e-05,-0.0059385817854957145,0.006107623235007895,0.013719210339110065,0.9250000000000003,0.014897216649758405,0.010250208107185606,500,1.0,False,-0.10460279575984405
05D2bt,SNLS,21,0.6819549311831292,42.881601810729165,0.1581397709783387,1.0,150.417683,2.566161,9.72,False,False,True,0.028316406874134444,0.018196025991062115,0.018352603135425236,-0.00015657714436312104,0.01794360757011979,-0.04031183049582613,0.6750000000000002,0.010120380883072329,0.007756461344598205,500,1.0,False,-0.11375548047492295
05D2bv,SNLS,21,0.4757183488291103,42.05065858257398,0.131997618683759,1.0,150.57083,2.2406,8.87,False,False,True,0.006703806823314121,0.0008276187286143152,0.0032000657757488265,-0.0023724470471345105,0.011291936095401542,-0.001802085935924444,0.4750000000000001,0.005876188094699806,0.004389769112952994,500,1.0,False,-0.005576393077575292
05D2bw,SNLS,21,0.9222243599237224,43.67852646773165,0.2334312632334156,1.0,149.627324,2.536402,9.2,False,False,True,0.011976829862904116,-0.0029201680659362034,0.002921141656950385,-0.005841309722886587,0.017600292653024287,0.006769190057334687,0.9250000000000003,0.01489699792884032,0.010250069341737625,500,1.0,False,0.023534778334423828
05D2by,SNLS,21,0.893197041137191,43.73529151226681,0.2121275846628073,1.0,150.116802,2.521539,9.47,False,False,True,0.02298683432032231,0.008662592011149958,0.005169685036055725,0.0034929069750942333,0.022364224433387456,-0.019099654133417743,0.8750000000000002,0.014324242309172354,0.009886689876971957,500,1.0,False,0.03724927252255204
05D2cb,SNLS,21,0.4286564062199565,42.13442391632431,0.1403842826283596,1.0,149.852419,2.328181,9.56,False,False,True,0.0016558331913922753,-0.0033649661976703337,-0.0011584395989170419,-0.002206526598753292,0.006872221887348879,0.007394490189645292,0.42500000000000016,0.005020799389062609,0.0038098554838472084,500,1.0,False,0.32012308663362393
05D2ci,SNLS,21,0.6318943633368803,42.37619356610406,0.1807574712400812,1.0,150.008506,2.215852,11.02,False,False,True,0.0027016130053312344,-0.006390948923440137,-0.003654786264267672,-0.0027361626591724656,0.007640117168616278,0.014187495829946266,0.6250000000000002,0.009092561928771371,0.007123981406281252,500,1.0,False,-0.4296167771122205
05D2ck,SNLS,21,0.6999732966947172,43.08413901973477,0.2130129189842381,1.0,150.188339,2.572851,10.0,False,False,True,0.009205891922112056,-0.0012841368492300023,0.0016577530747751493,-0.0029418899240051507,0.015394825577290206,0.0029221465744796588,0.6750000000000002,0.010490028771342058,0.007891669413502016,500,1.0,False,0.020606553410017533
05D2ct,SNLS,21,0.7360205160199913,43.21914109504817,0.2149058591583269,1.0,150.425759,2.123794,9.81,False,False,True,0.01919848754371577,0.007975189188222941,0.010718182493706702,-0.00274299330548376,0.030057148901487824,-0.018193273631655613,0.7250000000000002,0.01122329835549283,0.008174452771167174,500,1.0,False,0.06918059324820758
05D2dt,SNLS,21,0.5758346987710707,42.66202269020845,0.1482696761366274,1.0,150.349691,1.857741,10.28,False,False,True,0.001937531786528201,-0.006015875049939563,-0.002619838964051886,-0.003396036085887677,0.00449928033401124,0.013338137347785526,0.5750000000000002,0.007953406836467765,0.006414446132283303,500,1.0,False,0.10661478774863481
05D2dw,SNLS,21,0.4186441408963357,41.739642668919345,0.1320573737359622,1.0,149.633623,2.032241,8.84,False,False,True,0.0024034690845352313,-0.002440208204075086,-0.0001505016206823106,-0.002289706583392775,0.0034265509195949427,0.005415556750430094,0.42500000000000016,0.004843677288610317,0.0037010242038945265,500,1.0,False,-0.014551127535999983
05D2dy,SNLS,21,0.5117573929890427,42.406907430765486,0.1377750798250512,1.0,150.242076,2.1831,7.77,False,False,True,0.002404506130691994,-0.004211863750717573,-0.0014629108788217571,-0.0027489528718958166,0.008037336456777672,0.009295286694676577,0.5250000000000001,0.006616369881409567,0.00522438730258431,500,1.0,False,0.12739791333057396
05D2eb,SNLS,21,0.5357823092612091,42.313002897311115,0.1446181512101254,1.0,150.060683,2.407438,8.71,False,False,True,0.07481102502431576,0.06769665113144624,-0.0032537310810301077,0.07095038221247635,0.028556006133983135,-0.1542415140567125,0.5250000000000001,0.007114373892869523,0.005719308136558363,500,1.0,False,-0.08477044048518866
05D2ec,SNLS,21,0.6419054753419982,42.846451362100545,0.153638604379171,1.0,149.859101,2.013626,10.04,False,False,True,0.0014686170504778998,-0.007829514669940689,-0.003914933106705676,-0.003914581563235014,0.007763184728846198,0.017332428453075484,0.6250000000000002,0.009298131720418589,0.007258751629628756,500,1.0,False,-0.00030384952704079135
05D2fq,SNLS,21,0.7350091593347272,43.19729775226153,0.17491883108734,1.0,149.785425,2.602,10.92,False,False,True,0.010232063321580338,-0.0009710597605450226,0.0036099376666827903,-0.004580997427227812,0.011318937238680701,0.002399336334606015,0.7250000000000002,0.011203123082125361,0.008165735927040957,500,1.0,False,0.050940678202858414
05D2hc,SNLS,21,0.3515705414575896,41.57254352889236,0.1294937053912542,1.0,150.019137,1.886025,11.0,False,False,True,0.007278253978820216,0.003515941328028567,0.005136383126355743,-0.0016204417983271774,0.0023850794405415082,-0.007638197834079529,0.3750000000000001,0.003762312650791649,0.0029611458548431634,500,1.0,False,0.25729372914428866
05D2he,SNLS,21,0.6098719484868826,42.79817868828113,0.1564008517798084,1.0,150.360462,2.317729,9.46,False,False,True,0.005587226904488489,-0.0030568103774985334,-0.0018676703779817055,-0.0011891399995168288,0.014432054501946125,0.006733278344070233,0.6250000000000002,0.008644037281987023,0.006841404809569561,500,1.0,False,0.0846566372103533
05D2ie,SNLS,21,0.3495667932089419,41.44043240840978,0.1349476938278106,1.0,150.262061,2.658085,9.31,False,False,True,0.0023473355459663367,-0.0013875634710678905,0.0001942230557664109,-0.0015817865268343014,0.0050888604135139555,0.003061274214121004,0.32500000000000007,0.003734899017034227,0.002935683355282869,500,1.0,False,0.1501781746181644
05D2le,SNLS,21,0.701981657360887,43.049794847686925,0.1649485944029119,1.0,150.47865,2.092912,8.08,False,False,True,0.0184160152008606,0.007884784785637124,-0.003071645722452096,0.01095643050808922,0.021451902392587582,-0.0174665336642112,0.7250000000000002,0.010531230415223476,0.00790673995734022,500,1.0,False,0.02381432222809321
05D2mp,SNLS,21,0.3552712971364582,41.61155723834156,0.1328144895891501,1.0,149.785962,2.204004,8.68,False,False,True,0.000982799419966087,-0.002830143923016898,-0.0011633070592421304,-0.0016668368637747675,0.0021439316317233537,0.006236512727892728,0.3750000000000001,0.003812943342982985,0.0030081729651149003,500,1.0,False,0.2700154959222107
05D2my,SNLS,21,0.9832953945276344,44.0167738839628,0.2332146013028966,1.0,149.631042,2.491221,10.65,False,False,True,0.00880848635963238,-0.007363254979480441,-0.0013835872289667695,-0.00597966775051367,0.026644585599132305,0.016171455709504567,0.9750000000000003,0.01617174133911282,0.010826037668163641,500,1.0,False,0.010943012116408954
05D2nn,SNLS,21,0.8721662860714812,43.98999344949951,0.2639833251311104,1.0,149.707296,2.710264,10.0,False,False,True,0.0043113784350763,-0.009597093831330401,-0.005011285439747361,-0.004585808391583041,0.009710064186793868,0.021537306108267013,0.8750000000000002,0.0139084722664067,0.009625021288068542,500,1.0,False,0.3547312755562267
05D2nt,SNLS,21,0.7590437209508101,43.248335301088034,0.1655134042340394,1.0,150.24262,2.37273,9.1,False,False,True,0.0075653611133405345,-0.004117220757100512,-0.0011151920875168827,-0.0030020286695836293,0.00552838549652976,0.009445432417955708,0.7750000000000002,0.011682581870441047,0.008372888883363839,500,1.0,False,0.05351121823104675
05D2ob,SNLS,21,0.9262351300229984,43.70560234681074,0.2154817829328319,1.0,149.753025,1.848985,8.61,False,False,True,0.003410643767772405,-0.011566868803298123,-0.007216153489130451,-0.004350715314167673,0.007078144920742623,0.025987095682281393,0.9250000000000003,0.01497751257107053,0.010296572121449887,500,1.0,False,0.03916572491292099
06D2bk,SNLS,21,0.5007390340923337,42.34928893797793,0.1459178991424042,1.0,149.678628,2.171984,8.65,False,False,True,0.0017613643677363837,-0.004628706821105674,-0.001763628380131227,-0.0028650784409744467,0.0029466287986039796,0.010249067640532213,0.5250000000000001,0.006390071188842057,0.004969216196650721,500,1.0,False,0.12577432483180032
06D2cc,SNLS,21,0.5337777284016159,42.24271735730843,0.1664991638596686,1.0,149.86203,2.451355,10.91,False,False,True,0.011381557495366344,0.004309204409189039,-0.002950880160252921,0.007260084569441959,0.019984911850613272,-0.009727370840885765,0.5250000000000001,0.007072353086177305,0.005684311898024935,500,1.0,False,-0.14538125351767137
06D2cd,SNLS,21,0.9322438482463464,43.70684871791934,0.3030325052103966,1.0,150.241504,2.534039,7.96,False,False,True,0.025359766559659137,0.010256999725976674,0.013973409803780298,-0.0037164100778036228,0.009143193327169194,-0.022128785616530623,0.9250000000000003,0.015102766833682463,0.010353762462607649,500,1.0,False,0.023356610404329098
06D2ce,SNLS,21,0.8221170817063757,43.421704888733665,0.2308921834338384,1.0,150.434247,2.713314,11.38,False,False,True,0.01713055126126498,0.004221612625360135,0.005992367420609065,-0.001770754795248929,0.01821057745410289,-0.009144570958184526,0.8250000000000003,0.012908938635904844,0.009029530932577268,500,1.0,False,-0.06048001052149223
06D2ck,SNLS,21,0.5538091969367016,42.488694065139235,0.1466817132822984,1.0,150.366733,1.86363,11.23,False,False,True,0.004233074621453367,-0.003259185929691404,-2.2048352588285164e-05,-0.00323713757710312,0.0029823945585218063,0.007323323644862927,0.5750000000000002,0.007492260551144771,0.006034023932674906,500,1.0,False,0.03425506111263315
06D2fb,SNLS,21,0.1253068253746083,38.81367719111091,0.1242699209899541,1.0,149.883946,1.827922,9.75,False,False,True,3.378069797948932e-05,-0.0005872601299683883,-0.00032713382497423987,-0.0002601263049941485,9.182462015405327e-05,0.001280609210215286,0.125,0.0006210408279478776,0.00037664314915101876,500,1.0,False,-0.07979292479621021
06D2ga,SNLS,21,0.8421373828261558,43.64367594885255,0.2516700502884966,1.0,149.783787,1.938493,9.1,False,False,True,0.01864093968724551,0.005333457887278134,0.007943746353513902,-0.0026102884662357667,0.01467328656992735,-0.011465561234357075,0.8250000000000003,0.013307481799967375,0.009266118277787084,500,1.0,False,0.09818923946780253
06D2gb,SNLS,21,0.4436787924195877,41.81371467802386,0.1472265781695226,1.0,150.197581,1.985406,10.94,False,False,True,0.009111861367507551,0.003818568136322807,0.0010839866353602834,0.0027345815009625235,0.004986512627752802,-0.008307421605760288,0.42500000000000016,0.005293293231184744,0.00399244325451853,500,1.0,False,-0.08835912084486132
b010,ESSENCE,14,0.5857853721710147,42.83014165098973,0.2934832130407622,1.0,37.666758333333334,-8.194574722222221,10.0,False,False,True,0.0010543248645725693,-0.004732984118790193,-0.003824517019071784,-0.0009084670997184098,0.0025157320339312885,0.010501490209697595,0.5750000000000002,0.0057873089833627624,0.0041561024030393676,500,1.0,False,0.23031108773998638
b013,ESSENCE,14,0.4259144419688205,41.76101378018824,0.229807877075423,1.0,37.836437499999995,-8.603726111111111,10.0,False,False,True,0.003373359412835371,-4.73062255340927e-05,0.0007736195136266847,-0.0008209257391607772,0.004874573747525833,0.00018095556075022404,0.42500000000000016,0.003420665638369464,0.002442624737066899,500,1.0,False,-0.03695729169236508
c015,ESSENCE,14,0.3559603877243544,42.26316891414992,0.2541765546349844,1.0,37.50224583333333,-8.606266944444444,10.0,False,False,True,0.001001478646347364,-0.0016132875313174665,-0.0010639527970662665,-0.0005493347342512003,0.004615215849415371,0.003559647431139909,0.3750000000000001,0.0026147661776648305,0.0017727379814371034,500,1.0,False,0.916759607263879
d083,ESSENCE,14,0.3319779821394666,40.61051375981808,0.2015815486199705,1.0,37.33832916666667,-9.03763611111111,10.0,False,False,True,0.0019996345859007525,-0.0003384501950717935,-6.192562924344424e-06,-0.0003322576321474491,0.007533436940957146,0.0007297887098214623,0.32500000000000007,0.002338084780972546,0.0015719813566926937,500,1.0,False,-0.5504629830348738
d084,ESSENCE,14,0.5208309384979912,42.54869751491263,0.3281211104175942,1.0,37.21225,-9.166132500000002,10.0,False,False,True,0.0016432998430271405,-0.0030826112694772676,-0.002566327053059154,-0.0005162842164181132,0.006194559186030996,0.0068294756344744745,0.5250000000000001,0.004725911112504408,0.0033185494143805143,500,1.0,False,0.2239208898855675
d089,ESSENCE,14,0.4228972542095237,41.784202798921456,0.2271293795813114,1.0,37.11903333333334,-8.145814444444442,10.0,False,False,True,0.0003357700578061465,-0.003048015997642873,-0.0022518929367897336,-0.0007961230608531399,0.00032071090263544413,0.006733531118055331,0.42500000000000016,0.0033837860554490197,0.00241237978953396,500,1.0,False,0.004314200894131018
d093,ESSENCE,14,0.3619546097109614,41.54380796189831,0.2088908411799371,1.0,37.4673,-8.541154166666667,10.0,False,False,True,0.0008672845566039492,-0.001816636056193239,-0.0013147758306717907,-0.0005018602255214489,0.0031113589146746644,0.004015235736210094,0.3750000000000001,0.0026839206127971882,0.0018229155905906342,500,1.0,False,0.15542182233014928
d097,ESSENCE,14,0.432912347562709,41.88895872797352,0.2205292765306143,1.0,37.97747916666667,-8.596835833333333,10.0,False,False,True,0.0017651220048655327,-0.0017532061004170033,-0.0009361926548617362,-0.000817013445555267,0.004378705907367766,0.0039026074011995157,0.42500000000000016,0.003518328105282536,0.0025127300045013454,500,1.0,False,0.04950354369374075
d117,ESSENCE,14,0.2960130705315247,41.12270307133761,0.22428974196205,1.0,37.778483333333334,-8.760148611111111,10.0,False,False,True,0.002635222194340674,0.0007353763428155032,0.0011823046640680184,-0.000446928321252515,0.0010332067622305047,-0.0015682779794643845,0.275,0.001899845851525171,0.0012515639489277604,500,1.0,False,0.2380853875690461
e138,ESSENCE,14,0.6097904449161933,42.558453430026034,0.3341894939252909,1.0,38.4458,-8.606150277777777,10.0,False,False,True,0.0018801591105028288,-0.004305162268912491,-0.0028869193283969446,-0.0014182429405155466,0.00651122515489171,0.009558296898637852,0.6250000000000002,0.006185321379415319,0.004387502159870365,500,1.0,False,-0.15472121837557518
e140,ESSENCE,14,0.6047733454614017,42.45888648890575,0.2523187120700767,1.0,37.7670375,-8.18238972222222,10.0,False,False,True,0.004438583133998324,-0.0016635530038460597,-0.002954148108417217,0.0012905951045711554,0.012090021125255352,0.0037017532509154294,0.6250000000000002,0.006102136137844384,0.004339139232327524,500,1.0,False,-0.23281778033834166
e147,ESSENCE,14,0.6397501084702362,42.982134743103686,0.2065592923526196,1.0,37.76105,-8.664141388888888,10.0,False,False,True,0.005714788157973386,-0.0010207391647389392,0.0005183636103711737,-0.0015391027751101136,0.00559254470513359,0.0024267773610293954,0.6250000000000002,0.0067355273227123254,0.004749432828956681,500,1.0,False,0.1441431922447146
e148,ESSENCE,14,0.4259144641010712,41.98000577240521,0.2153654734786607,1.0,37.83733333333333,-8.603943055555556,10.0,False,False,True,0.002620309226968655,-0.0008003567202775393,2.0633701207575014e-05,-0.0008209904214851143,0.00510761707855652,0.0018185600912186267,0.42500000000000016,0.0034206659472461945,0.002442624958788574,500,1.0,False,0.18203456832101717
e149,ESSENCE,14,0.4898672055770905,42.51187923344102,0.2369708049187981,1.0,37.89386666666667,-8.61290611111111,10.0,False,False,True,0.009451650380247532,0.00514475759161823,0.00618335053960683,-0.0010385929479886002,0.009483483469529177,-0.01122701281373877,0.4750000000000001,0.004306892788629302,0.003058991891776295,500,1.0,False,0.380465488711046
f244,ESSENCE,14,0.5427960046880207,42.573699040581545,0.2073679245004891,1.0,36.94705833333333,-7.562838888888889,10.0,False,False,True,0.0011474991072280732,-0.0039288750814873985,-0.002737559945141358,-0.0011913151363460402,0.008631383822195833,0.008640569898801055,0.5250000000000001,0.005076374188715472,0.0036021565631301337,500,1.0,False,0.14234186828922715
g160,ESSENCE,14,0.5058550491284619,42.23186548575128,0.2579824108249405,1.0,37.83309583333333,-8.82270861111111,10.0,False,False,True,0.00036738137876439193,-0.004155867733063623,-0.0030725716878533256,-0.0010832960452102983,0.0017144197178686179,0.009190479748312956,0.5250000000000001,0.004523249111828016,0.0031930120719199065,500,1.0,False,-0.017790979216728887
h300,ESSENCE,14,0.6547441215317171,42.96882375241567,0.3146222556053313,1.0,37.919500000000006,-8.817604722222223,10.0,False,False,True,0.001679081465647189,-0.005359400222243431,-0.004630773815731934,-0.0007286264065114966,0.010403664761931853,0.011832275971842741,0.6750000000000002,0.00703848168789062,0.004968309605373552,500,1.0,False,0.07976364204721013
h323,ESSENCE,14,0.5967725637580008,42.56736344417648,0.2881035182232258,1.0,37.453320833333336,-8.34607638888889,10.0,False,False,True,0.004998638289424077,-0.0009708421247794086,0.0003355332034127353,-0.001306375328192144,0.00528841544706465,0.002278770158614926,0.5750000000000002,0.005969480414203486,0.00426201474450456,500,1.0,False,-0.08069396183208782
h364,ESSENCE,14,0.3429694543852561,41.24847234350077,0.2061471456886638,1.0,37.4247625,-8.730411111111113,10.0,False,False,True,0.0013678674477749944,-0.0010970242909860504,-0.0006044107689584831,-0.000492613522027567,0.0018176930075302117,0.0024469823545516523,0.32500000000000007,0.002464891738761045,0.0016639909285109194,500,1.0,False,0.0059866215261218225
k429,ESSENCE,14,0.1710880850435077,39.691441739625006,0.2022758906319098,1.0,37.01295833333333,-7.708237777777779,10.0,False,False,True,0.0003439442267785337,-0.00019862873522215313,-0.0001366700705678012,-6.195866465435196e-05,0.0005616711924496517,0.0004378401970287363,0.17500000000000004,0.0005425729620006869,0.00033940971706420385,500,1.0,False,0.13826290522105092
k441,ESSENCE,14,0.6697199856552165,42.91292452906504,0.2789680176945915,1.0,37.575154166666664,-8.37362361111111,10.0,False,False,True,0.0022925576046959758,-0.005048511748680045,-0.00396120551306204,-0.0010873062356180044,0.005444848250940786,0.011245604831730881,0.6750000000000002,0.007341069353376021,0.005186921450645939,500,1.0,False,-0.0351492357950904
k467,ESSENCE,14,0.6057705876858441,43.21458949872306,0.2943474667027493,1.0,37.799170833333335,-7.7928122222222225,10.0,False,False,True,0.004164050508939146,-0.0019546202493751887,-0.0002653756464249535,-0.0016892446029502367,0.012464652136022594,0.00432638513480306,0.6250000000000002,0.006118670758314335,0.004348752267484183,500,1.0,False,0.5186041535154639
k490,ESSENCE,14,0.7146824472790898,42.75402241281803,0.3303625504990369,1.0,37.60133333333333,-7.889148611111111,10.0,False,False,True,0.011401058858182779,0.0031801684028886484,0.005012972441087962,-0.001832804038199314,0.004146772019334244,-0.006688797662572864,0.7250000000000002,0.00822089045529413,0.005506889402816472,500,1.0,False,-0.318880934152309
m039,ESSENCE,14,0.2470291006506064,40.42038933090828,0.2272438619490624,1.0,37.01931666666667,-7.712325833333333,10.0,False,False,True,0.00035672688979334136,-0.0009668118446274909,-0.0006957332162355704,-0.0002710786283919203,0.0007263238743430734,0.002126222976197288,0.22500000000000003,0.0013235387344208323,0.0008678714977442188,500,1.0,False,-0.02243975481845524
m087,ESSENCE,14,0.286031958012283,40.755575880817744,0.2554595276816742,1.0,38.404183333333336,-8.459017222222224,10.0,False,False,True,0.003168122108143165,0.0013914556816323957,0.0015664834669777553,-0.00017502778534535962,0.004902711399604502,-0.0030180604889474888,0.275,0.0017766664265107695,0.0011613474651547629,500,1.0,False,-0.04414722695029114
m193,ESSENCE,14,0.3289694799768823,41.005213271280454,0.2282545574986334,1.0,37.21749583333334,-7.702711944444444,10.0,False,False,True,0.0005707876889168313,-0.0017325884562873284,-0.0014989626349257812,-0.00023362582136154746,0.002409195246805159,0.003818706307435645,0.32500000000000007,0.0023033761452041597,0.00154679719668177,500,1.0,False,-0.1330176301439726
n256,ESSENCE,14,0.629732238569312,43.019032939899034,0.2562572272619775,1.0,37.03755,-7.797115555555555,10.0,False,False,True,0.005786423644037501,-0.0007466923959962794,-0.00159944311384724,0.0008527507178509586,0.00873406906015426,0.0017709020824750663,0.6250000000000002,0.00653311604003378,0.004603195856807391,500,1.0,False,0.2221466712065615
n322,ESSENCE,14,0.7686405709344031,43.83656107114667,0.4251923034053536,1.0,37.25202916666667,-9.048053333333334,10.0,False,False,True,0.015786822192585964,0.006525331740867526,-0.0042190102954189,0.010744342036286426,0.026084999295089315,-0.0147423500925314,0.7750000000000002,0.009261490451718438,0.006148472045555953,500,1.0,False,0.6087675261566571
n404,ESSENCE,14,0.2840252995979999,40.78879166589746,0.2029482620027824,1.0,37.880970833333336,-8.919864444444444,10.0,False,False,True,0.00012218294646740356,-0.0016297188028397789,-0.001260893980408302,-0.00036882482243147667,0.0018885416313156437,0.0035765586538990205,0.275,0.0017519017493071824,0.001143209841125265,500,1.0,False,0.00646670065308099
n406,ESSENCE,14,0.7686546099321914,43.523874610289496,0.3201340134004507,1.0,37.831670833333334,-8.752718611111112,10.0,False,False,True,0.00829939029769124,-0.0009623702441377731,-0.00247390730245131,0.001511537058313537,0.01999373990140738,0.0020456863045577207,0.7750000000000002,0.009261760541829013,0.006148658124155861,500,1.0,False,0.2960331270836133
p524,ESSENCE,14,0.5098453344808607,42.570399182344104,0.2654303387553638,1.0,37.542316666666665,-8.880793333333333,10.0,False,False,True,0.0024642881159130246,-0.0021129597396845738,-0.0010554682391377569,-0.0010574915005468173,0.004483880291598416,0.004735029546148167,0.5250000000000001,0.004577247855597598,0.003226461158410813,500,1.0,False,0.30052494528179874
q008,ESSENCE,14,0.2860380006647554,40.58945450901274,0.2066067381017785,1.0,38.6765875,-8.511079166666667,10.0,False,False,True,0.00036416931179053785,-0.0014125716886172475,-0.0010074518686918343,-0.0004051198199254131,0.0008154805505719288,0.0031088450977343404,0.275,0.0017767410004077852,0.001161402082999985,500,1.0,False,-0.21032081899164454
q014,ESSENCE,14,0.2680257659046412,40.78362641178055,0.2115015141247825,1.0,37.5432875,-8.115026111111112,10.0,False,False,True,0.00018880722355257663,-0.0013726756952507461,-0.0011278968132478944,-0.0002447788820028518,0.0010377910368806174,0.003014778197307856,0.275,0.0015614829188033228,0.0010133204764920796,500,1.0,False,0.14423841875625512
q018,ESSENCE,14,0.2690336668322792,40.61538683236875,0.2131874371099654,1.0,37.912570833333334,-8.301436111111112,10.0,False,False,True,0.0004143715776167893,-0.001158533353266242,-0.0008075964181214926,-0.0003509369351447493,0.0017533312157667006,0.002547913058024623,0.275,0.0015729049308830312,0.0010203024500021727,500,1.0,False,-0.033235675065978555
q021,ESSENCE,14,0.3589754450029876,41.49740597527517,0.241373503910325,1.0,38.43299583333334,-8.097236111111112,10.0,False,False,True,0.00015175113571436037,-0.002497799303104203,-0.0018499505750400691,-0.0006478487280641339,0.000477521122537713,0.0055030333867467866,0.3750000000000001,0.002649550438818563,0.0017979770142992149,500,1.0,False,0.12980130634806558
q049,ESSENCE,14,0.4189272542020283,41.92704123193826,0.2503663885431936,1.0,38.01087916666667,-9.12255027777778,10.0,False,False,True,0.001777776351319492,-0.0015604753592832032,-0.0008693163643393061,-0.0006911589949438973,0.00469319046785224,0.003474315459402189,0.42500000000000016,0.003338251710602695,0.002372572970858251,500,1.0,False,0.17112949341198425
q054,ESSENCE,14,0.32599038645554,41.17580162960339,0.2087613032281336,1.0,37.72624166666667,-8.961688333333333,10.0,False,False,True,0.00021570484832796895,-0.002053301944166998,-0.0014996359469318576,-0.0005536659972351403,0.0019098331869197302,0.004516350936069932,0.32500000000000007,0.002269006792494967,0.0015218592162933686,500,1.0,False,0.060284886783991895
q067,ESSENCE,14,0.1820930541231522,39.50159990807549,0.2061209928502986,1.0,37.65549166666666,-7.951260555555555,10.0,False,False,True,0.0002576751509457322,-0.0003844890659033159,-0.00029639238972383256,-8.809667617948331e-05,0.000959349319956717,0.000842989278660938,0.17500000000000004,0.0006421642168490481,0.00040730189553808373,500,1.0,False,-0.20040575445083794
q075,ESSENCE,14,0.4269120826247028,41.8662621624282,0.2423107253387247,1.0,37.907291666666666,-8.111138333333333,10.0,False,False,True,0.002194200164808915,-0.0012403885032783732,-0.00038936315098024414,-0.000851025352298129,0.001866284821592787,0.002801922872070938,0.42500000000000016,0.0034345886680872883,0.0024526191366834333,500,1.0,False,0.06233833390737196
q106,ESSENCE,14,0.4738721158190695,42.195437458119784,0.2508680513299732,1.0,37.5704625,-8.679818055555558,10.0,False,False,True,0.006793837409916954,0.0027038765556019907,-0.00038480791571799235,0.0030886844713199826,0.0007382766009624036,-0.005776650641829122,0.4750000000000001,0.0040899608543149635,0.0029230664214677134,500,1.0,False,0.14916636849984155
r193,ESSENCE,14,0.6117862555751836,43.19974873118903,0.2731198503585502,1.0,38.3728625,-8.503299722222222,10.0,False,False,True,0.05722836587566225,0.051009953266285483,0.01038710810746483,0.040622845158820656,0.026625775814508524,-0.11505495410471457,0.6250000000000002,0.006218412609376766,0.004406741014343898,500,1.0,False,0.47807975452511414
r199,ESSENCE,14,0.4089339892367944,41.77001469351798,0.2486866226048269,1.0,38.06646666666667,-8.8095375,10.0,False,False,True,0.003001305031865219,-0.0002223278444280193,0.00014990592057941574,-0.0003722337650074349,0.006958685494135175,0.0005360180318321863,0.42500000000000016,0.003223632876293238,0.0022723714379367563,500,1.0,False,0.07540723277751703
r230,ESSENCE,14,0.2590564141878402,40.63804520407324,0.1995804446347051,1.0,38.454800000000006,-8.987713333333334,10.0,False,False,True,0.0016852736939639804,0.00022543572938898623,0.0002311235097654594,-5.687780376473011e-06,0.0013075685765686663,-0.000463396144721101,0.275,0.0014598379645749942,0.0009511876077029091,500,1.0,False,0.08228161046646944
s370,ESSENCE,14,0.4388923753940394,42.1142410772205,0.2340471691105163,1.0,37.48555833333334,-7.997458333333334,10.0,False,False,True,0.0004900420544789204,-0.00311174305981594,-0.002370563095013744,-0.0007411799648021962,0.0017195000787211471,0.006877896704459112,0.42500000000000016,0.0036017851142948606,0.002572638136263937,500,1.0,False,0.2398284533549906
s374,ESSENCE,14,0.7556934159450979,43.02222827868941,0.3683405884105715,1.0,38.89260416666667,-8.572796944444445,10.0,False,False,True,0.007627528467965841,-0.0013848773570968587,0.0013355591722934903,-0.002720436529390349,0.004960280788002664,0.003351824588696234,0.7750000000000002,0.0090124058250627,0.0059768651752130295,500,1.0,False,-0.16099112716184752
x055,ESSENCE,14,0.3484663886920651,40.353306663173385,0.2133993551114566,1.0,37.6025375,-8.298444722222222,10.0,True,False,True,0.00019822263952574916,-0.002330086401396677,-0.0018158761909772086,-0.0005142102104194689,0.0009964646217962233,0.005132249167233252,0.32500000000000007,0.0025283090409224263,0.001710005744412962,500,1.0,False,-0.9290383985895522
x077,ESSENCE,14,0.5188423821555461,42.22903738012799,0.2480088815303611,1.0,37.59975,-9.227735,10.0,False,False,True,0.0017777284877009477,-0.002921272382822265,-0.0017627384114974535,-0.001158533971324811,0.0016693471890164688,0.0065151718869957504,0.5250000000000001,0.004699000870523213,0.0033018800819352794,500,1.0,False,-0.08588232913995784
x085,ESSENCE,14,0.6337486969137429,43.06209410474183,0.3737680548992086,1.0,37.42525416666667,-9.034792222222222,10.0,False,False,True,0.009826470582060098,0.0032122019124392436,0.004098124849127866,-0.0008859229366886235,0.024043253413675938,-0.007467672375764598,0.6250000000000002,0.006614268669620855,0.0046618265550358775,500,1.0,False,0.2486532185447624
x093,ESSENCE,14,0.4992523953645407,42.34911778851394,0.5103823607068751,1.0,37.429725000000005,-9.115258611111113,10.0,False,False,True,0.0025255509772544094,-0.0019083473795999252,-0.0009979324119037242,-0.0009104149676962003,0.005647723578734498,0.004266209116473911,0.4750000000000001,0.004433898356854335,0.003137664467096071,500,1.0,False,0.16895177544400763
x107,ESSENCE,14,0.1451153241454577,39.24736773850922,0.2102832425891005,1.0,37.34727083333333,-7.874357222222223,10.0,False,False,True,9.820403162743972e-06,-0.0003453831274548702,-0.00032166069750511577,-2.3722429949754467e-05,4.1711575734003245e-05,0.0007537966243259732,0.125,0.0003552035306176142,0.0002266653906069922,500,1.0,False,0.009488029928226657
y127,ESSENCE,14,0.5508005326315972,42.5802681591794,0.2695582706849975,1.0,37.143254166666665,-8.397080833333334,10.0,False,False,True,0.0014934862293377125,-0.003715147516502263,-0.0023792604910483498,-0.0013358870254539129,0.002917725963463809,0.008261345774314097,0.5750000000000002,0.0052086337458399756,0.003714001976418725,500,1.0,False,0.13991496923125096
y136,ESSENCE,14,0.51883699169031,42.64675497888291,0.3327265045731641,1.0,37.52980416666667,-8.719265000000002,10.0,False,False,True,0.01721217228827672,0.012513244364504274,0.01189200713816024,0.0006212372263440338,0.023348423379707675,-0.027922385850876516,0.5250000000000001,0.004698927923772446,0.0033018348956586133,500,1.0,False,0.33186203744598497
y142,ESSENCE,14,0.5807942719271146,42.20122374083499,0.2354336215540281,1.0,37.554770833333336,-9.2609775,10.0,False,False,True,0.003638753837843684,-0.0020658009798433198,-0.00061382288728613,-0.0014519780925571894,0.009395344636887508,0.004600926716237625,0.5750000000000002,0.005704554817687004,0.004107990097985446,500,1.0,False,-0.3764152149786834
y175,ESSENCE,14,0.4119424111195477,41.39277932450505,0.23966138980533,1.0,38.73935416666667,-8.06608861111111,10.0,False,False,True,0.0006943775670440789,-0.00256376072970102,-0.0017771781930379918,-0.0007865825366630284,0.0006947888903911842,0.005675002351868276,0.42500000000000016,0.003258138296745099,0.0023025366027127504,500,1.0,False,-0.32042891465619544
y177,ESSENCE,14,0.3050165701996106,40.84203290757182,0.2028575814415224,1.0,38.32931666666667,-8.541726944444445,10.0,False,False,True,0.0005689742058021346,-0.0014419861041658345,-0.001224130082943808,-0.00021785602122202657,0.004496591050656748,0.0031689617744240215,0.32500000000000007,0.0020109603099679693,0.001332944063633427,500,1.0,False,-0.10790183586904813
z204,ESSENCE,14,0.6188407844990886,42.76790432706479,0.3183290637624158,1.0,36.97859583333333,-8.015410833333334,10.0,False,False,True,0.0011068211823607942,-0.005228557952792881,-0.004027925275305015,-0.0012006326774878667,0.00724845244958233,0.011561176524095645,0.6250000000000002,0.006335379135153675,0.004474743985835694,500,1.0,False,0.01642035306078302
z205,ESSENCE,14,0.4049290252945376,41.49148336005446,0.2160903984982554,1.0,37.598508333333335,-9.205561666666666,10.0,False,False,True,0.0011387747889830683,-0.0020389227198291835,-0.0012797538695248245,-0.000759168850304359,0.0004986503064035533,0.0045305591591614635,0.42500000000000016,0.003177697508812252,0.002232214039158123,500,1.0,False,-0.17816317061123277
d058,ESSENCE,17,0.5822986628335332,42.10801994102729,0.3312089369576836,1.0,16.99382916666667,0.0505327777777777,10.0,False,False,True,0.00929726710704511,-0.0009159963836687136,0.000798109950093104,-0.0017141063337618168,0.013727024445591568,0.0021686546404114347,0.5750000000000002,0.010213263490713824,0.006918544741116554,500,1.0,False,-0.4763268496161767
f041,ESSENCE,17,0.556325685874058,42.58820335603343,0.2046815142993756,1.0,17.0364125,0.4526611111111112,10.0,False,False,True,0.002781589863787366,-0.006795974597128052,-0.004424537010323524,-0.0023714375868045265,0.004220623370803638,0.015186575903450766,0.5750000000000002,0.009577564460915417,0.0065898028828175375,500,1.0,False,0.12203816012352503
f235,ESSENCE,17,0.4154926787464625,41.78498237182471,0.2243876990955425,1.0,18.041808333333336,0.3309075000000001,10.0,False,False,True,0.0010790260926330632,-0.005005643537471344,-0.0026163566695975755,-0.002389286867873768,0.007521079664214724,0.01103492943023076,0.42500000000000016,0.006084669630104407,0.004248936301525292,500,1.0,False,0.04998517730952521
g120,ESSENCE,17,0.5044023834831273,41.94240140834185,0.2451163921315832,1.0,18.37072916666667,0.5878275,10.0,False,False,True,0.0019218179893343702,-0.006371559907674717,-0.004085247025853507,-0.002286312881821211,0.006028639209312172,0.01415860357244637,0.5250000000000001,0.008293377897009088,0.005737391406706408,500,1.0,False,-0.2998575487161138
g230,ESSENCE,17,0.3905191533901728,42.19043527373155,0.2977322007134812,1.0,17.984641666666665,0.1242891666666666,10.0,False,False,True,0.0017837951663726055,-0.003719025185009485,-0.0020950859207932906,-0.0016239392642161945,0.005854996809296134,0.008211279370989973,0.3750000000000001,0.00550282035138209,0.0038216044187897886,500,1.0,False,0.6104777094672132
k425,ESSENCE,17,0.2686567337013641,40.746184258414,0.2099927782144037,1.0,18.409058333333338,-0.4608458333333333,10.0,False,False,True,0.00016028521503484185,-0.002583793266097937,-0.0019106929137016665,-0.0006731003523962705,0.0015842447345535214,0.0056666099506687126,0.275,0.002744078481132779,0.001832347867177552,500,1.0,False,0.10101150499988433
k430,ESSENCE,17,0.5743282404936323,42.5881022258689,0.321668557748717,1.0,18.384925,0.6209597222222223,10.0,False,False,True,0.003785040911895794,-0.006238355262823239,-0.0032870885259289363,-0.0029512667368943027,0.004311372362603679,0.014000657144878005,0.5750000000000002,0.010023396174719033,0.00682905940444548,500,1.0,False,0.039482847699291716
k448,ESSENCE,17,0.4074898064083947,42.142440127308426,0.3264892824558839,1.0,17.2014,0.0137358333333333,10.0,False,False,True,0.0013682429423281588,-0.0045299706135464735,-0.002609100878408105,-0.0019208697351383683,0.001669449635756558,0.010042713777328644,0.42500000000000016,0.005898213555874632,0.0041119959835394255,500,1.0,False,0.4568072001712999
m001,ESSENCE,17,0.2856194697877432,40.793392895515595,0.2272838400766907,1.0,17.091708333333337,-0.0962927777777778,10.0,False,False,True,0.003229579029857966,0.00012829095903650785,0.0007197901204646501,-0.0005914991614281421,0.002512108153768092,-0.0002259989486304995,0.275,0.0031012880708214583,0.0020963347921435812,500,1.0,False,-0.0027630981140278426
m027,ESSENCE,17,0.2876195094507323,41.26620941139167,0.2601510523243437,1.0,17.31255416666667,0.1374436111111111,10.0,False,False,True,0.0011201138961303358,-0.0020289063372479973,-0.0011565231614171704,-0.0008723831758308263,0.0002947478289738781,0.004477711120217155,0.275,0.003149020233378333,0.002135203319458199,500,1.0,False,0.4528017583084134
m062,ESSENCE,17,0.3125933768214286,41.16040189266787,0.2505305763251454,1.0,17.4704625,0.6052830555555555,10.0,False,False,True,0.0003921043575817937,-0.003352932404403961,-0.002085957066430504,-0.0012669753379734574,0.0020654295638212385,0.007374022326638276,0.32500000000000007,0.003745036761985755,0.002620542417483309,500,1.0,False,0.149467480864106
n246,ESSENCE,17,0.7041997244415104,42.50123536679838,0.3940531848165791,1.0,18.637808333333332,-0.4397733333333333,10.0,False,False,True,0.007171271832839692,-0.005889757823516779,-0.0007630384978206126,-0.0051267193256961646,0.004249242282534651,0.01348149362465503,0.7250000000000002,0.013061029656356471,0.008594609283920035,500,1.0,False,-0.5329982211461847
p445,ESSENCE,17,0.8050809213896892,43.79577266265427,0.3738731076532992,1.0,18.3106125,0.8132386111111111,10.0,False,False,True,0.010101703397626692,-0.005222001955960485,-0.004432244967283643,-0.0007897569886768391,0.00966746737329523,0.012103516355589483,0.8250000000000003,0.015323705353587177,0.01002529132800814,500,1.0,False,0.3686454036105315
q022,ESSENCE,17,0.2246966383433939,40.39461066225286,0.2134071343017908,1.0,18.016145833333336,-0.0247347222222222,10.0,False,False,True,0.00599923515719117,0.003973648926664297,0.004523969259425112,-0.0005503203327608139,0.007196286020019,-0.008690653285460502,0.22500000000000003,0.0020255862305268726,0.0014323711723304236,500,1.0,False,0.182665609806607
q048,ESSENCE,17,0.4384830661725869,41.606151674105774,0.2817531475705998,1.0,18.798570833333333,-0.4675419444444444,10.0,False,False,True,0.002352106985780481,-0.004294238618518618,-0.0029436212209607918,-0.0013506173975578253,0.007326019177150431,0.009514806688941222,0.42500000000000016,0.006646345604299099,0.004601264601323151,500,1.0,False,-0.2658824616980176
q069,ESSENCE,17,0.2606551436080841,40.33810783676125,0.2198287620032631,1.0,17.881216666666667,0.4094897222222223,10.0,False,False,True,0.0008156888576302852,-0.0017974916195965113,-0.0010491503514033565,-0.0007483412681931542,0.001297912844729919,0.0039549540311421385,0.275,0.0026131804772267964,0.0017596775552975808,500,1.0,False,-0.23275560574309126
q102,ESSENCE,17,0.4334851710712231,41.78701046901814,0.2275623024264143,1.0,18.805825,0.3992533333333333,10.0,False,False,True,0.02222171513143008,0.015701462906724035,-0.002469722702996069,0.018171185609720107,0.007596942718558128,-0.03445838318270826,0.42500000000000016,0.006520252224706044,0.004530967192120947,500,1.0,False,-0.05581271229900644
q112,ESSENCE,17,0.635247516353769,42.93743809888635,0.3272123969046318,1.0,17.1832375,-0.5268313888888889,10.0,False,False,True,0.006637321485815573,-0.004831089781165171,-0.003943165217142655,-0.0008879245640225171,0.007964101758159927,0.010982865405688174,0.6250000000000002,0.011468411266980744,0.007579765135045946,500,1.0,False,0.11784513032581376
q114,ESSENCE,17,0.6851906671418928,42.666132343065826,0.3396922741534831,1.0,17.202758333333332,0.2895319444444444,10.0,False,False,True,0.018490534283827475,0.005856051584463437,0.0006926081771521427,0.005163443407311297,0.028650384209115354,-0.013313819653414938,0.6750000000000002,0.012634482699364038,0.008413547207099416,500,1.0,False,-0.3415940575428651
q125,ESSENCE,17,0.3475510501498322,41.404310938465734,0.219810934960039,1.0,16.951633333333334,-0.1098483333333333,10.0,False,False,True,0.005762737230712696,0.0012254331021935676,-0.0006371305282182292,0.0018625636304117964,0.003652557576770808,-0.0026306857054570944,0.32500000000000007,0.004537304128519128,0.0031748396728681736,500,1.0,False,0.12856254487806015
r185,ESSENCE,17,0.1777472901435295,39.6645725243888,0.2149632136763202,1.0,17.950991666666663,-0.4971052777777778,10.0,False,False,True,0.001374023386523231,1.574538265197256e-05,-0.0008706109049589943,0.000886356287610967,0.0010703410120095063,-4.587735053724392e-05,0.17500000000000004,0.0013582780038712584,0.0008927189267452012,500,1.0,False,0.02030830057393354
r206,ESSENCE,17,0.6082997539622976,42.72681218217642,0.2985645568444199,1.0,18.700208333333336,0.1109361111111111,10.0,False,False,True,0.0065805869928125295,-0.0042498034446765455,-0.0028998201730099666,-0.0013499832716665785,0.007424646713156817,0.009685844648443926,0.6250000000000002,0.010830390437489075,0.007205526675476242,500,1.0,False,0.01999928283781802
r311,ESSENCE,17,0.7970841283453916,42.81530200270573,0.4751362720976185,1.0,17.729879166666667,-0.4645247222222222,10.0,False,False,True,0.011125865433402535,-0.004023828387517248,0.0017291116190535742,-0.00575294000657082,0.012359021206954908,0.009400417734554023,0.7750000000000002,0.015149693820919782,0.009963669879983015,500,1.0,False,-0.5079193447517528
r317,ESSENCE,17,0.7341569340785563,43.054546083721334,0.4373220691876117,1.0,18.352741666666667,0.8577102777777779,10.0,False,False,True,0.007620698794402419,-0.00611610013408239,-0.0012156773041384818,-0.0049004228299439085,0.0090997537377904,0.013953216242606752,0.7250000000000002,0.01373679892848481,0.008976011001046051,500,1.0,False,-0.0887708322935744
s340,ESSENCE,17,0.5293587014211465,42.3216718255039,0.2917167946195751,1.0,17.34701666666667,0.7117536111111112,10.0,False,False,True,0.006725974227650445,-0.002183755187138544,0.0011275724546527307,-0.003311327641791274,0.01357113623008386,0.004883586596225625,0.5250000000000001,0.00890972941478899,0.006231407808599401,500,1.0,False,-0.044977728659029485
s346,ESSENCE,17,0.2686427786647203,41.26884915404476,0.2425748075586007,1.0,17.322008333333336,-0.6744352777777779,10.0,False,False,True,0.0008950976206094186,-0.0018487525700936068,-0.0012212535973335254,-0.0006274989727600809,0.0052269756103437625,0.004043935310924134,0.275,0.0027438501907030254,0.0018322211277603385,500,1.0,False,0.6238042054061763
s347,ESSENCE,17,0.3115880212286437,41.265431483933114,0.2365219007475947,1.0,16.96933333333333,0.4653591666666666,10.0,False,False,True,0.0004601382834299741,-0.0032609050560900715,-0.0021610225259052593,-0.001099882530184812,0.002125588620621562,0.007172416385662651,0.32500000000000007,0.0037210433395200456,0.002601004459290688,500,1.0,False,0.2625117608234598
s349,ESSENCE,17,0.2136988338253225,40.37895599881525,0.2209735707517394,1.0,17.322070833333335,0.1531636111111111,10.0,False,False,True,0.0001056512086796017,-0.0017636192110543852,-0.0013087953977092802,-0.00045482381334510484,0.0004639937482518414,0.0038600674353325,0.22500000000000003,0.0018692704197339868,0.0013059585567725004,500,1.0,False,0.2886468271403063
s377,ESSENCE,17,0.3974998568329322,41.2777284711475,0.2325251744181096,1.0,17.225945833333334,0.2990305555555556,10.0,False,False,True,0.02056969346919052,0.014904232192861043,-0.0024264221827871744,0.017330654375648215,0.011509961264978961,-0.03282081094633775,0.3750000000000001,0.005665461276329478,0.003941053999994442,500,1.0,False,-0.3470627297341676
s379,ESSENCE,17,0.1907268376952167,39.94612080007956,0.2051850749151633,1.0,17.68900416666667,0.5678911111111111,10.0,False,False,True,0.001260247402469741,-0.00028251364944378247,9.730640662110909e-05,-0.0003798200560648916,0.002321293937805324,0.0006299708719757625,0.17500000000000004,0.0015427610519135235,0.001041910390557012,500,1.0,False,0.13311092230098234
x017,ESSENCE,17,0.421491797726971,41.262631794431634,0.3001566616634622,1.0,18.3158375,-0.0253966666666666,10.0,False,False,True,0.0042497750446213916,-0.001974665923409044,-4.073626290775111e-05,-0.0019339296605012924,0.010354089113291937,0.004381651009162274,0.42500000000000016,0.006224440968030436,0.004351589602255591,500,1.0,False,-0.5087926048291229
x025,ESSENCE,17,0.3535663767394223,41.19753262440128,0.220261477623737,1.0,18.671883333333337,0.7810622222222222,10.0,False,False,True,0.005356971350883768,0.000687315991258426,0.0009721067866361494,-0.0002847907953777225,0.009405753496909808,-0.0014680857921941636,0.3750000000000001,0.004669655359625342,0.003258380386237923,500,1.0,False,-0.13192825205466902
x028,ESSENCE,17,0.5983095165835612,42.63202788795231,0.3129289412073983,1.0,18.695391666666666,0.285216111111111,10.0,False,False,True,0.013397485657541026,0.002804210064985482,-0.0029688887370443303,0.005773098802029812,0.00710177720263782,-0.005815593255696333,0.5750000000000002,0.010593275592555544,0.007095261393397733,500,1.0,False,-0.022708529733419476
x033,ESSENCE,17,0.4034985749098787,41.72403920901027,0.2385383588936541,1.0,17.4972875,-0.0185963888888888,10.0,False,False,True,0.0006176694898186446,-0.0051875537839274595,-0.002921988742216193,-0.0022655650417112666,0.003194945052080675,0.011459441300875025,0.42500000000000016,0.005805223273746104,0.004043700440705122,500,1.0,False,0.06336366543786419
x080,ESSENCE,17,0.3705386984230403,41.58553076357853,0.3070143667843125,1.0,17.770466666666668,-0.2620455555555556,10.0,False,False,True,0.016174468584869702,0.011131382516852755,0.01248568653575094,-0.001354304018898182,0.01209789558756078,-0.024454748309716,0.3750000000000001,0.005043086068016947,0.003494091588260443,500,1.0,False,0.1381408536850603
y134,ESSENCE,17,0.3155840395291955,41.11247303476161,0.2197601341485801,1.0,16.992329166666668,0.4636033333333333,10.0,False,False,True,0.00046876239888949956,-0.003347648346903442,-0.0022012415505603417,-0.0011464067963431008,0.0020652959701139687,0.007365251210834834,0.32500000000000007,0.003816410745792942,0.0026786625924462002,500,1.0,False,0.07783738241323111
y137,ESSENCE,17,0.3725373086861503,41.460321888424424,0.2130927020959215,1.0,17.835483333333336,-0.2053952777777777,10.0,False,False,True,0.0032219189966854996,-0.001865141163990336,-0.00098958712476384,-0.0008755540392264953,0.00402992834687751,0.004185628557744061,0.3750000000000001,0.0050870601606758355,0.0035218482403127607,500,1.0,False,-0.0006235137811910264
y145,ESSENCE,17,0.5503412970173374,42.53235551787883,0.2507930770537127,1.0,17.63314583333333,0.5970650000000001,10.0,False,False,True,0.015554291107555775,0.006124929520978982,0.009936855984700418,-0.003811926463721439,0.01438020856815746,-0.013341692400926461,0.5750000000000002,0.009429361586576793,0.006510269500351298,500,1.0,False,0.09415874081949666
z180,ESSENCE,17,0.4564469363349168,41.66334794692231,0.2093992823821515,1.0,17.72919166666667,-0.3814436111111111,10.0,False,False,True,0.0035308512975553642,-0.0035687101212815184,-0.0008507069010693022,-0.002718003220212217,0.008049051202835085,0.007948754856944303,0.4750000000000001,0.007099561418836883,0.004853933676212687,500,1.0,False,-0.2870498546582779
z183,ESSENCE,17,0.2856362015520499,40.72041449025444,0.20018707660251,1.0,18.594733333333338,1.1293422222222222,10.0,False,False,True,0.00818120662177784,0.005079519237228495,0.0045645875893066835,0.0005149316479218113,0.008921674311834294,-0.011154989862270384,0.275,0.0031016873845493443,0.002096659955214099,500,1.0,False,-0.07588628901205839
z185,ESSENCE,17,0.4055162078866587,41.98169542604879,0.2252143654746366,1.0,18.799975,-0.0356630555555555,10.0,False,False,True,0.005027829493339891,-0.0008244018930181618,0.0007126046965477105,-0.0015370065895658719,0.002904345484462502,0.001963669391245714,0.42500000000000016,0.005852231386358053,0.004078224957621972,500,1.0,False,0.30837494729019216
z187,ESSENCE,17,0.294622657062044,40.85635922890863,0.1976937623670931,1.0,18.121708333333338,0.2836697222222222,10.0,False,False,True,0.0025953216215173127,-0.0007208329874330236,0.00033905733224950203,-0.0010598903196825254,0.0009766251962257464,0.0016360053266679785,0.275,0.0033161546089503363,0.002271301637534434,500,1.0,False,-0.016592546561054338
z200,ESSENCE,17,0.4534602691398615,42.12244458697653,0.2357748271841947,1.0,18.67994166666667,0.9076825,10.0,False,False,True,0.002375545880168818,-0.004648664025139606,-0.0027023573500008537,-0.0019463066751387527,0.005379496919971057,0.010337078137339816,0.4750000000000001,0.007024209905308424,0.004811924998218564,500,1.0,False,0.1888221599568639
z208,ESSENCE,17,0.5283780122927622,42.56991633753478,0.2506016060931662,1.0,18.5042125,0.896555,10.0,False,False,True,0.004094372055960373,-0.004791070677073974,-0.0016382494708896919,-0.003152821206184283,0.006441426062620068,0.010741966091231972,0.5250000000000001,0.008885442733034347,0.006218374310042455,500,1.0,False,0.2080497071793043
SN2005fr,SDSS,17,0.286619,41.00015806807491,0.1917925531303453,1.0,17.09173,-0.096247,10.0,False,False,True,0.003271407695762875,0.00014626522872377085,0.0007219312135129555,-0.0005756659847891849,0.002510399753889913,-0.000264424626620699,0.275,0.003125142467039104,0.002115759540600233,500,1.0,False,0.19536654128155376
SN2005ga,SDSS,17,0.173146,39.52026816217184,0.1617777909474634,1.0,16.932343,-1.039495,10.02,False,False,True,0.00029585922219053186,-0.0010056838110582144,-0.0007034434047572529,-0.0003022404063009617,0.0005495179722234202,0.0022017068131155206,0.17500000000000004,0.0013015430332487463,0.0008513974726752146,500,1.0,False,-0.061407049858285684
SN2005go,SDSS,17,0.264048,40.61218186068258,0.195332753224106,1.0,17.704947,1.007936,10.0,False,False,True,0.0016452841469036903,-0.0010234000644639529,-0.0017461814856389807,0.0007227814211750283,0.004821902662586,0.0022537860616041222,0.275,0.002668684211367643,0.001790491422202804,500,1.0,False,0.009555227352282555
SN2005ia,SDSS,17,0.250368,40.68676800052383,0.1692778466304717,1.0,17.895966,-0.005896,10.4,False,False,True,0.0016496971381661466,-0.0007951959676139049,-0.0007189952812527126,-7.620068636119228e-05,0.0058854041879414926,0.0017496922614691117,0.275,0.0024448931057800515,0.0016662498833425576,500,1.0,False,0.2146058350575855
SN2005lg,SDSS,17,0.348852,41.355517325863865,0.2600661469645053,1.0,19.083632,-0.807801,9.42,False,False,True,0.00029901837821725576,-0.004266909684798651,-0.00257274121604067,-0.0016941684687579808,0.0020792871720358513,0.009395343885247489,0.32500000000000007,0.004565928063015907,0.003192907233610324,500,1.0,False,0.070398045765773
SN2006hc,SDSS,17,0.226685,40.31828027624712,0.1752052986790705,1.0,17.394697,0.704158,10.0,False,False,True,7.393967229126603e-05,-0.0019835232614397427,-0.0014410091051534533,-0.0005425141562862892,0.0008804752846387355,0.004341022046213472,0.22500000000000003,0.0020574629337310087,0.0014511612601826745,500,1.0,False,0.08493531862041863
SN2006kd,SDSS,17,0.135136,39.31389254737708,0.1627423031501604,1.0,16.958336,0.828198,10.0,False,False,True,0.0005052439853781316,-0.0004336924060164071,-0.00020422821747586347,-0.00022946418854054358,0.0013849380279652088,0.0009508559211458105,0.125,0.0009389363913945387,0.0006516473512218826,500,1.0,False,0.2435869795776057
SN2006oj,SDSS,17,0.374254,41.480798409693335,0.241625049578068,1.0,17.20541,-0.989553,10.0,False,False,True,0.0016471287068384722,-0.003477702671315487,-0.0017968558578924504,-0.0016808468134230355,0.00718186271471817,0.007659614623862574,0.3750000000000001,0.005124831378153959,0.0035456896086671972,500,1.0,False,0.008263408945397838
SN2007kv,SDSS,17,0.266866,40.60501986560933,0.188087968361937,1.0,17.565994,0.472038,9.12,False,False,True,0.0006229700911938031,-0.002091813779204968,-0.0013305540944335518,-0.0007612596847714159,0.002468014753758403,0.00459324322828904,0.275,0.002714783870398771,0.0018160844526493077,500,1.0,False,-0.023702349580337217
SN2007lh,SDSS,17,0.196713,40.096068471130806,0.1719325594838172,1.0,17.216736,1.197879,10.04,False,False,True,0.0010635309504183614,-0.0005643136118151022,-0.0001519737757863474,-0.00041233983602875486,0.003845602342242705,0.001230240729527197,0.17500000000000004,0.0016278445622334636,0.0011107174358957852,500,1.0,False,0.20880773437435687
SN2007li,SDSS,17,0.118589,38.60487264720947,0.1718242467220227,1.0,18.266731,-0.540012,10.0,False,False,True,2.0665034688743238e-05,-0.00082157625221134,-0.0006099374844558422,-0.00021163876775549784,0.0001876319757866034,0.001794004946566781,0.125,0.0008422412869000832,0.0005983806521676607,500,1.0,False,-0.16005381060215879
SN2007mc,SDSS,17,0.153167,39.21040460167091,0.1588429634955362,1.0,16.855324,1.043746,10.06,False,False,True,0.0037063453644687245,0.002595397387721036,0.0028591819129043868,-0.00026378452518335056,0.0013458890574839578,-0.005647093351012796,0.17500000000000004,0.0011109479767476883,0.0007464038479313019,500,1.0,False,-0.08012474834573544
SN2007ri,SDSS,17,0.19025,39.79203569217024,0.1904923557867439,1.0,16.718126,1.154068,10.49,False,False,True,0.00025211227646275246,-0.001283871307200455,-0.0009518901541609057,-0.00033198115303954937,0.0005749508055830013,0.0028102873981307817,0.17500000000000004,0.0015359835836632075,0.0010364294511431584,500,1.0,False,-0.014966747009904163
01250017,DES3_Shallow,6,0.1817712693946436,39.71832034611308,0.1094867296076031,1.0,43.193733,-0.127481,8.8,False,False,True,0.00065109636669902,-5.464714101025307e-05,2.7971900110632195e-06,-5.74443310213163e-05,0.0022397153028417766,0.00011883307276339215,0.17500000000000004,0.0007057435077092731,0.0004764256386264192,500,1.0,False,0.0205459236945236
01258940,DES3_Shallow,6,0.4258896162124883,41.78341910019801,0.1414627208310001,1.0,42.714821,-0.525112,11.22,False,False,True,0.003446601320267671,-0.0003818776877161003,0.0007144641395907167,-0.0010963418273068162,0.005803363994379315,0.0009025025744207604,0.42500000000000016,0.0038284790079837713,0.0027603125785409404,500,1.0,False,-0.014403674833450638
01263369,DES3_Shallow,6,0.3124819023268963,41.002831898583466,0.1208724565236061,1.0,43.229519,-0.541823,10.85,False,False,True,0.0006227505438135498,-0.001666037741985356,-0.0010702006208415374,-0.0005958371211438188,0.0012476121922362885,0.003665003877703821,0.32500000000000007,0.0022887882857989057,0.0017197234704020834,500,1.0,False,-0.007215016500301447
01263715,DES3_Shallow,6,0.2918636647737385,40.818726400718525,0.1162237116915628,1.0,41.609894,-1.579935,8.98,False,False,True,0.0031021071411921905,0.001098786601395685,-0.0004406703470923631,0.0015394569484880483,0.0027703891740891245,-0.0023684915688198926,0.275,0.0020033205397965055,0.0015204009554452601,500,1.0,False,-0.030925101078570254
01280217,DES3_Shallow,6,0.358998048385142,41.34110504298546,0.1413648577271029,1.0,40.894306,-1.518371,8.92,False,False,True,0.0004988512551647015,-0.002388674421861074,-0.001974649677129111,-0.00041402474473196363,0.0028340212949761463,0.005256095276899469,0.3750000000000001,0.002887525677025776,0.0021516728574923136,500,1.0,False,-0.026657899556601868
01281886,DES3_Shallow,6,0.3839973442681912,41.57757492619157,0.1384292794568045,1.0,41.725182,-1.009943,9.73,False,False,True,0.0015150436605707405,-0.0017036192475882123,-0.0010125871857386238,-0.0006910320618495882,0.006333167624103074,0.003735918153562208,0.3750000000000001,0.0032186629081589527,0.0023795017961225177,500,1.0,False,0.04018195561781284
01289555,DES3_Shallow,6,0.5588458335655395,42.364870089598,0.1747483559416366,1.0,40.733051,-1.392923,9.28,False,False,True,0.0004790558278861748,-0.005277376589307221,-0.003519600133566773,-0.0017577764557404486,0.004058900401232495,0.011676499087122507,0.5750000000000002,0.005756432417193396,0.0038795082458992613,500,1.0,False,-0.11298824810783076
01289664,DES3_Shallow,6,0.2490777224937841,40.23543393158445,0.1108653483186971,1.0,40.896774,-1.129924,2.0,False,False,True,0.00020971023099735037,-0.0012451056429178368,-0.0009435326817587284,-0.00030157296115910804,9.180464164040021e-05,0.0027254161994598207,0.22500000000000003,0.001454815873915187,0.001118993252456651,500,1.0,False,-0.22759524999057673
01292332,DES3_Shallow,6,0.273465670862189,40.64121506449517,0.1223056505399952,1.0,41.143486,-1.285123,10.27,False,False,True,0.0004672435274726803,-0.0012839468931342423,-0.0008892310093711504,-0.00039471588376309186,0.0011012868857988808,0.00281590327902502,0.275,0.0017511904206069227,0.0013432652716179445,500,1.0,False,-0.04763774326508228
01292336,DES3_Shallow,6,0.2335905238801801,40.31132818552104,0.1167494146495104,1.0,40.998829,-0.906124,9.1,False,False,True,0.004742424132730905,0.003475816442599567,0.0024466530978104603,0.0010291633447891062,0.0033642821657498987,-0.007599319466211106,0.22500000000000003,0.001266607690131338,0.000976572690802324,500,1.0,False,0.004989957275570877
01294014,DES3_Shallow,6,0.3627370248534669,41.32015441176695,0.1427300321499676,1.0,42.803536,-0.669095,9.45,False,False,True,0.0006400991758270563,-0.0022942125053684913,-0.0017340073097844547,-0.0005602051955840366,0.003959386416105356,0.005045915152506715,0.3750000000000001,0.0029343116811955477,0.00218586812152923,500,1.0,False,-0.07366323392988335
01295921,DES3_Shallow,6,0.5239189564587707,42.283676685518515,0.2281253065053305,1.0,42.614906,-0.871765,9.1,False,False,True,0.002260546384736922,-0.002992529591969026,-0.0017497524869874912,-0.0012427771049815352,0.006730673496647251,0.006646746967416826,0.5250000000000001,0.005253075976705948,0.003662353231737168,500,1.0,False,-0.05633672289407531
01296273,DES3_Shallow,6,0.3969702393973233,41.31759389873462,0.1200483312251083,1.0,41.079811,-0.450364,8.56,False,False,True,0.0425632281236134,0.03915582021583376,0.011820108866305929,0.027335711349527832,0.01761340454194312,-0.08747019540231922,0.3750000000000001,0.0034074079077796382,0.002496986056332514,500,1.0,False,-0.30382159506922163
01296321,DES3_Shallow,6,0.18442462920473,40.12957018617873,0.1129309674389142,1.0,40.916874,-0.761946,10.0,False,False,True,0.00010270629969593863,-0.0006310549962524835,-0.0005607945926021349,-7.026040365034874e-05,0.0003441749027532666,0.0013780514750998047,0.17500000000000004,0.0007337612959484222,0.0005022755380441107,500,1.0,False,0.3971124094130578
01298281,DES3_Shallow,6,0.2350742142856956,40.32988397037753,0.1144234143682788,1.0,40.267929,-0.955257,9.3,False,False,True,0.0007887948380918728,-0.0004958433999446433,-0.00075791328389233,0.00026206988394768694,0.00043145602355010727,0.0010878620453357015,0.22500000000000003,0.0012846382380365161,0.0009902167349026586,500,1.0,False,0.008124115930629049
01306029,DES3_Shallow,6,0.4289470863818256,41.88010918997432,0.1499754894575578,1.0,40.841637,-1.957794,2.0,False,False,True,0.00335086384276297,-0.0005231912587390186,0.0005919364301421853,-0.0011151276888812036,0.0033145536673869,0.0012367097452089778,0.42500000000000016,0.0038740551015019886,0.002792912018635433,500,1.0,False,0.06408292847354112
01306390,DES3_Shallow,6,0.4070159926112842,41.73849729999131,0.2172090385948356,1.0,43.316361,-0.030057,10.29,False,False,True,0.0005419259433968975,-0.003011639446400821,-0.00194940851282538,-0.0010622309335754406,0.001753866340154535,0.006646375585541113,0.42500000000000016,0.0035535653897977183,0.0025879617308328094,500,1.0,False,0.055815226836076516
01307277,DES3_Shallow,6,0.4106753284599442,41.66016018841913,0.1914970905186203,1.0,41.738815,-0.235549,10.61,False,False,True,0.011678865151828432,0.008072059422346144,0.008193998237551701,-0.00012193881520555934,0.008109669627541909,-0.017636696819605974,0.42500000000000016,0.003606805729482289,0.0026211011619898784,500,1.0,False,-0.045229267119137904
01312274,DES3_Shallow,6,0.4379777976691468,41.79363322010932,0.1465981331778704,1.0,42.610977,-0.361718,10.49,False,False,True,0.002586820313821338,-0.0014218508327674224,-0.00023433758945315755,-0.0011875132433142638,0.0022240520514001287,0.003207170832131483,0.42500000000000016,0.00400867114658876,0.0028891995097037396,500,1.0,False,-0.07546195119555456
01315192,DES3_Shallow,6,0.225437475628776,40.11006182572515,0.1152959760667551,1.0,42.985901,-0.523071,10.65,False,False,True,0.0006507094958393947,-0.0005168182740311565,-0.0004803375976855142,-3.6480676345642445e-05,0.0012425090358588898,0.0011344328664372625,0.22500000000000003,0.0011675277698705512,0.0009015971099932918,500,1.0,False,-0.10987699907076916
01315259,DES3_Shallow,6,0.2279943110903382,40.21477146220398,0.1116247665162218,1.0,40.864075,-1.603645,11.56,False,False,True,0.0010507939425369566,-0.00014780577071475958,-0.0009411321209399057,0.0007933263502251461,0.0004435710621975922,0.00031772142600104214,0.22500000000000003,0.0011985997132517162,0.0009251098156528887,500,1.0,False,-0.0325702203318184
01315296,DES3_Shallow,6,0.4125412336777267,42.080283440080095,0.1626197898514158,1.0,40.301579,-0.764383,9.82,False,False,True,0.005477946558472575,0.0018439934362057923,-0.0002518416835494723,0.002095835119755265,0.0072252409238251014,-0.003971867653655849,0.42500000000000016,0.0036339531222667823,0.0026379990473077734,500,1.0,False,0.36338783614275133
01316431,DES3_Shallow,6,0.1981406728677428,39.92030688816993,0.1092287834877293,1.0,42.239399,-0.408398,2.0,False,False,True,0.00045237537215859445,-0.00042621860172833347,-0.00031504457859633534,-0.00011117402313199815,0.001111490194198515,0.0009335971338420668,0.17500000000000004,0.0008785939738869279,0.0006359017231358349,500,1.0,False,0.015648262235931104
01316437,DES3_Shallow,6,0.4819468491980465,42.08289731268655,0.1643219437372073,1.0,42.562603,-0.744976,9.41,False,False,True,0.0009872287986439428,-0.0036716577161200205,-0.0022630403639736837,-0.0014086173521463373,0.0014384743069471388,0.008136981558963493,0.4750000000000001,0.004658886514763963,0.0033376762629510792,500,1.0,False,-0.006686958943291077
01319366,DES3_Shallow,6,0.2360998657895057,40.22608860858395,0.1133553036735857,1.0,41.495522,-1.088128,9.61,False,False,True,0.003468852261449861,0.0021717497933389845,0.002403722942304659,-0.00023197314896567428,0.0015902261525021005,-0.004717665327408924,0.22500000000000003,0.0012971024681108765,0.0009996486448870718,500,1.0,False,-0.10627932366897681
01330903,DES3_Shallow,6,0.5638490424355189,42.50420210569364,0.1822903233351932,1.0,41.116287,-0.645018,10.33,False,False,True,0.006628727362997626,0.0008001493485834382,0.0013194110400764972,-0.000519261691493059,0.01555266910494874,-0.0017983334813574427,0.5750000000000002,0.005828578014414188,0.003910372688112025,500,1.0,False,0.0032764609804321557
01332059,DES3_Shallow,6,0.5788340605639597,42.672155432496155,0.1800281057496157,1.0,40.865082,-1.277357,2.0,False,False,True,0.00176793688134603,-0.004288266044118173,-0.0026289914826754385,-0.0016592745614427342,0.013272911162500966,0.00935858714884837,0.5750000000000002,0.006056202925464203,0.0040390448892630056,500,1.0,False,0.10328147166054619
01333246,DES3_Shallow,6,0.437946048998646,42.02587793553771,0.232828250677714,1.0,41.383972,-0.061614,10.9,False,False,True,0.0009694045179503834,-0.0030387933679700187,-0.0019524717800478324,-0.0010863215879221859,0.005219454275493824,0.006698095834073057,0.42500000000000016,0.004008197885920402,0.002888860998181223,500,1.0,False,0.15696754041203542
01334084,DES3_Shallow,6,0.1334779901535197,39.040215277683934,0.1209401444852059,1.0,41.734005,-0.690615,10.04,False,False,True,0.003004909459675767,0.0025617002204609573,-0.0002657897466530702,0.0028274899671140276,0.003275124679669994,-0.0055836565390799935,0.125,0.0004432092392148097,0.00025059824598172727,500,1.0,False,-0.0011279940467772837
01334087,DES3_Shallow,6,0.2662650952033238,40.29826015190162,0.1368658704440586,1.0,41.008358,-0.467395,10.95,False,False,True,0.0006011513906624206,-0.0010625340330264158,-0.000716092664611744,-0.0003464413684146719,0.0018776173702017296,0.0023307518568297025,0.275,0.0016636854236888364,0.0012770486461871036,500,1.0,False,-0.32491896131631837
01334423,DES3_Shallow,6,0.3577246728238377,41.43899876403933,0.1295430805309064,1.0,42.213657,-0.152201,9.5,False,False,True,0.009041592568571774,0.006170000705204782,-0.000484538224488241,0.006654538929693023,0.011259208055399157,-0.013528390591741782,0.3750000000000001,0.0028715918633669918,0.0021400270464245414,500,1.0,False,0.08016670421512544
01335694,DES3_Shallow,6,0.259111096228092,40.394238849425385,0.1136609532461873,1.0,42.845043,-0.648467,10.97,False,False,True,0.010582754928255453,0.009006008478328933,0.0087121661871893,0.00029384229113963334,0.013237157838671328,-0.01981409234689586,0.275,0.0015767464499265203,0.0012112603407906705,500,1.0,False,-0.1620426341034049
01336453,DES3_Shallow,6,0.1848269833681515,39.772058664744215,0.1121758982376882,1.0,40.96975,-1.229276,9.33,False,False,True,6.766791122484299e-05,-0.0006703419882130234,-0.0005985055061112374,-7.183648210178607e-05,9.039908196973951e-05,0.0014636130012430902,0.17500000000000004,0.0007380098994378664,0.0005061954039496687,500,1.0,False,0.03438215092363686
01336480,DES3_Shallow,6,0.2559906245499714,40.67875752514749,0.124424229482361,1.0,41.724587,-1.164557,10.48,False,False,True,0.001487873492910028,-5.0951424417812344e-05,0.00026605737488534617,-0.00031700879930315857,0.00626778690275749,0.00010118408097142427,0.275,0.0015388249173278403,0.0011825644261767793,500,1.0,False,0.15219296379668903
01337649,DES3_Shallow,6,0.2491266162151328,40.420313915732656,0.1116274218343231,1.0,43.404419,0.510183,8.68,False,False,True,0.00019441409531874553,-0.0012609959595534408,-0.0009957467030092897,-0.00026524925654415095,0.0008347768011264663,0.002759335819331403,0.22500000000000003,0.0014554100548721863,0.0011194428800122593,500,1.0,False,-0.04319549165346899
01338387,DES3_Shallow,6,0.5838151569343106,42.53123089903878,0.1629520312060768,1.0,40.451336,-0.368567,2.0,False,False,True,0.0034434129486577607,-0.002699612995304577,-0.0008345488239389228,-0.0018650641713656544,0.003948356620421791,0.0060891495206223945,0.5750000000000002,0.006143025943962338,0.00411684273593271,500,1.0,False,-0.05986109977110305
01338430,DES3_Shallow,6,0.5088798053090855,42.09226986548141,0.1506142160194677,1.0,40.63932,-1.254658,10.78,False,False,True,0.0009737876777708156,-0.004066382497608887,-0.0025555223259751854,-0.0015108601716337007,0.005430945609609101,0.008990713850808466,0.5250000000000001,0.005040170175379702,0.0035460172570370174,500,1.0,False,-0.17272594849687736
01338471,DES3_Shallow,6,0.5308819646711598,42.48114350896493,0.234173944614411,1.0,41.291645,-1.564907,10.12,False,False,True,0.009730675004395159,0.0043774778057220805,0.005765630624355894,-0.0013881528186338139,0.006599006566824486,-0.009448299819815893,0.5250000000000001,0.0053531971986730785,0.003707001113383835,500,1.0,False,0.10708136095925437
01342255,DES3_Shallow,6,0.2140974530704351,40.01376770444525,0.1158446628340133,1.0,40.743481,-0.267406,10.02,False,False,True,0.0001723644236026597,-0.0008747229777486433,-0.0006982982492193046,-0.0001764247285293389,0.0004523453934978502,0.0019123083517249746,0.22500000000000003,0.001047087401351303,0.0007913578967395107,500,1.0,False,-0.08105062713558737
01343871,DES3_Shallow,6,0.6378614217424781,43.157647015223,0.2262492691571632,1.0,43.502541,-0.370269,8.74,False,False,True,0.000977357661378277,-0.006144154692611115,-0.0038589034801642117,-0.002285251212446902,0.001784520995983573,0.013650804039816302,0.6250000000000002,0.007121512353989392,0.00487566766849142,500,1.0,False,0.3273579802386118
SN2005ft,SDSS,6,0.179585,39.6355798855846,0.1638009423213051,1.0,40.520721,-0.54085,10.28,False,False,True,0.0006858587806324628,3.2008841169700337e-06,5.5108659928754656e-05,-5.1907775811784704e-05,0.0010093167736280975,-1.8550963958303794e-06,0.17500000000000004,0.0006826578965154927,0.0004551262868624101,500,1.0,False,-0.03326047554157105
SN2005jt,SDSS,6,0.36023,41.148226934582325,0.2531437081593011,1.0,42.667336,-0.06596,10.47,False,False,True,0.0004871014621363447,-0.002415839688583366,-0.0016855306136569978,-0.000730309074926368,0.0025548746820415425,0.005316164522922251,0.3750000000000001,0.0029029411507197106,0.002162939820819753,500,1.0,False,-0.22814844028763842
SN2005mh,SDSS,6,0.394074,41.81691312119208,0.225705928455397,1.0,41.236153,0.20362,10.95,False,False,True,0.001467189789910447,-0.0018980802065928072,-0.0010939817863936615,-0.0008040984201991453,0.00388752348891418,0.004201088441790363,0.3750000000000001,0.003365269996503254,0.002470757327926202,500,1.0,False,0.21403224968258344
SN2006gx,SDSS,6,0.179896,40.03593679683564,0.175296399124183,1.0,42.058674,-0.347028,9.75,False,False,True,0.0006678372008027848,-1.810465746913926e-05,-0.00010136062573523565,8.325596826609637e-05,0.002390127740244493,3.956258983051075e-05,0.17500000000000004,0.000685941858271924,0.000458156150617918,500,1.0,False,0.3629605640524536
SN2006hh,SDSS,6,0.23652,40.543356834790934,0.1802028276520264,1.0,40.612354,-0.794122,10.0,False,False,True,0.007990885941332517,0.0066886777921572075,0.006832201713654038,-0.0001435239214968312,0.001623609831780197,-0.01476049449059735,0.22500000000000003,0.0013022081491753095,0.0010035122067694794,500,1.0,False,0.20665587634381127
SN2006nk,SDSS,6,0.203176,39.99761559538658,0.1659149896453932,1.0,44.069218,-0.410771,10.98,False,False,True,0.0006720821757402712,-0.00025968164294875695,-0.00012228107893388462,-0.00013740056401487246,0.0015641613804004864,0.0005727721044844936,0.22500000000000003,0.0009317638186890282,0.0006849575275575438,500,1.0,False,0.029256245047720883
SN2006nt,SDSS,6,0.283322,40.749552270899976,0.1854790013219053,1.0,43.495464,0.986965,11.06,False,False,True,0.002199132710932682,0.0003140749365049735,-0.0004657600546313814,0.0007798349911363551,0.005911548443683918,-0.0007044070449965757,0.275,0.0018850577744277085,0.0014378261912235289,500,1.0,False,-0.026648010119477466
SN2007jk,SDSS,6,0.182025,39.63645931586016,0.170947298590857,1.0,43.773479,-0.147425,11.02,False,False,True,0.0015333141533120363,0.0008248914121480155,0.00088635745453725,-6.14660423892345e-05,0.0010481056677517989,-0.0018000472899418357,0.17500000000000004,0.0007084227411640208,0.000478897565201443,500,1.0,False,-0.06465206454231184
SN2007kl,SDSS,6,0.256246,40.400527227133395,0.1893983235180106,1.0,41.21209,0.364833,10.0,False,False,True,0.01920769118202362,0.017665762814495906,0.017970257184519046,-0.000304494370023137,0.008818117067631233,-0.03901197496703584,0.275,0.0015419283675277135,0.0011849128634851152,500,1.0,False,-0.12848189508386285
SN2007nh,SDSS,6,0.270097,40.62065500720362,0.1758548362276683,1.0,42.615364,-0.551163,10.0,False,False,True,0.0006808414041714189,-0.0010294112432102515,-0.0006559424215146744,-0.0003734688216955769,0.0017083419527297121,0.002260187180839245,0.275,0.0017102526473816704,0.0013122869127687145,500,1.0,False,-0.03767524338414761
SN2007nj,SDSS,6,0.153245,39.31889421216533,0.1619489721831013,1.0,43.114372,0.251817,9.92,False,False,True,0.00240897155389244,0.0018748184856860854,0.001908617167221361,-3.3798681535275444e-05,0.0022232490480878584,-0.004079251770239502,0.17500000000000004,0.0005341530682063544,0.000326701106693919,500,1.0,False,0.027160675509460025
SN2007qq,SDSS,6,0.23734,40.618992973411544,0.2213746747738433,1.0,40.625893,-0.971156,10.88,False,False,True,0.0017173390205729047,0.0004051658212582375,0.0004953263338464333,-9.016051258819568e-05,0.001669795416611472,-0.0008713984973056808,0.22500000000000003,0.0013121731993146672,0.0010110529417642487,500,1.0,False,0.2738555063717828
b020,ESSENCE,16,0.4247473012812337,41.6569969020246,0.3255766634494419,1.0,31.170995833333333,-5.161313055555555,10.0,False,False,True,0.0022484662866594663,-0.0026715770085495713,-0.0014559827394784901,-0.00121559426907108,0.0019821072465816855,0.005984091715923121,0.42500000000000016,0.004920043295209038,0.0032030326753222354,500,1.0,False,-0.13399351616985689
b022,ESSENCE,16,0.5266655088863712,42.8569937637298,0.2965830296242278,1.0,31.86368749999999,-3.839095555555556,10.0,False,False,True,0.0031871878054237556,-0.0037048070660080958,-0.003028951194080716,-0.0006758558719273805,0.00998700119931322,0.008247402519945109,0.5250000000000001,0.006891994871431851,0.004371161884214514,500,1.0,False,0.5034992696019439
d149,ESSENCE,16,0.3378507224528648,41.216394959421415,0.2085583758491274,1.0,32.72494583333334,-4.430398888888889,10.0,False,False,True,0.0018899084025439982,-0.0015838997281703232,-0.00043050797949049273,-0.0011533917486798303,0.005618822586317986,0.003505251623037775,0.32500000000000007,0.0034738081307143214,0.002350155182976756,500,1.0,False,0.011562166075466436
e132,ESSENCE,16,0.2429207874196188,40.50975244788648,0.1997221940189169,1.0,32.31478750000001,-3.5947250000000004,10.0,False,False,True,0.0025341961274665164,0.0006924313545432267,0.0009491001761547787,-0.00025666882161155217,0.0014698289939717702,-0.0014745023050933073,0.22500000000000003,0.0018417647729232897,0.0011437002909418224,500,1.0,False,0.10790465133123377
e136,ESSENCE,16,0.3598297187074109,41.57202336765596,0.2167755106202199,1.0,32.77706250000001,-3.798860833333334,10.0,False,False,True,0.004073164244298376,0.00020884779626190435,0.0009647344562912362,-0.0007558866600293316,0.00046176321666876026,-0.00034936714579207953,0.3750000000000001,0.0038643164480364712,0.0025649035768923875,500,1.0,False,0.19844331296687473
f011,ESSENCE,16,0.5346816617829064,42.54128996445328,0.2000881079341041,1.0,32.581270833333335,-4.992239722222222,10.0,False,False,True,0.00585925002709,-0.001186689633333713,-0.0034608910704036207,0.0022742014370699067,0.016243320593828058,0.002578690099278023,0.5250000000000001,0.007045939660423713,0.004473560770009103,500,1.0,False,0.1488244610078037
f123,ESSENCE,16,0.5246798168642237,42.41241484426453,0.3139131524294149,1.0,32.488675,-3.540724722222223,10.0,False,False,True,0.0028606452752577235,-0.003993229837087676,-0.0015935452260166872,-0.002399684611070989,0.009876205422158064,0.008876092333229384,0.5250000000000001,0.006853875112345399,0.004345439978698084,500,1.0,False,0.06866020513399985
h283,ESSENCE,16,0.4936837341332021,42.31383358880995,0.2678573710446225,1.0,31.112520833333335,-4.879497777777778,10.0,False,False,True,0.0033470616484678516,-0.002912920804622801,-0.0009242062948416718,-0.0019887145097811296,0.004326039673673356,0.006550028494628453,0.4750000000000001,0.0062599824530906525,0.003914978229928414,500,1.0,False,0.16248968149425747
h319,ESSENCE,16,0.488709472758589,42.44090459964954,0.2397997892455628,1.0,32.200904166666675,-4.436199722222222,10.0,False,False,True,0.0036618398345437475,-0.002502834532643503,-0.00040285810499299723,-0.002099976427650506,0.007498160476958976,0.005628984870583055,0.4750000000000001,0.00616467436718725,0.0038458975893605543,500,1.0,False,0.31556540400682576
h359,ESSENCE,16,0.3468353577465037,41.66573600750529,0.2135417938335362,1.0,32.1618125,-5.136618055555554,10.0,False,False,True,0.0012803828278506102,-0.0023530583802635232,-0.0012042197856567203,-0.001148838594606803,0.005564878449198489,0.005179581681510821,0.32500000000000007,0.0036334412081141334,0.0024379406294494344,500,1.0,False,0.39515669984188634
h363,ESSENCE,16,0.2099413470912632,40.21907781976998,0.2057368066156354,1.0,31.60428333333333,-4.634454166666667,10.0,False,False,True,0.007484650749390271,0.0061468224286658265,0.006464294313209534,-0.0003174718845437069,0.002603975083139808,-0.01341190803421773,0.22500000000000003,0.001337828320724445,0.0008087317008191254,500,1.0,False,0.17166110124763806
n258,ESSENCE,16,0.5176722097412447,42.58174646032289,0.2605124391864936,1.0,31.67644166666667,-4.376939444444444,10.0,False,False,True,0.01311228988055728,0.006392682264701473,-0.002205751961806725,0.008598434226508196,0.006098752426002532,-0.013798723943295267,0.5250000000000001,0.006719607615855808,0.004248121009619797,500,1.0,False,0.272643706562837
n263,ESSENCE,16,0.3667998924988842,41.28974568214211,0.2099482820160687,1.0,31.312275,-4.944190833333334,10.0,False,False,True,0.004571206456420588,0.0005830485550607787,0.000741506833901371,-0.00015845827884059275,0.014453213017364021,-0.0013626083212474865,0.3750000000000001,0.00398815790135981,0.002633006487948761,500,1.0,False,-0.1321026939473225
p444,ESSENCE,16,0.631567796784452,42.93073074181709,0.3365759661545959,1.0,31.650687499999997,-3.692670555555555,10.0,False,False,True,0.0021839547039345856,-0.006763621106685535,-0.0037795903984928466,-0.0029840307081926893,0.00612888786737001,0.01510338483689996,0.6250000000000002,0.00894757581062012,0.005460202284938379,500,1.0,False,0.12626642144103303
p454,ESSENCE,16,0.6895282608192435,42.95752829737749,0.2945847097865716,1.0,32.13525416666667,-3.5595113888888887,10.0,False,False,True,0.012350114258841222,0.002058114416123129,0.0020952649184123456,-3.715050228921598e-05,0.008772070708552994,-0.004155826574015635,0.6750000000000002,0.010291999842718093,0.006004255571533601,500,1.0,False,-0.06669172888629911
p455,ESSENCE,16,0.2958859459416527,40.863098491318524,0.2075640661109772,1.0,32.75005833333334,-4.1604447222222225,10.0,False,False,True,0.006373080118763784,0.003633594861386639,0.004529699362146731,-0.0008961045007600925,0.0015506624553541892,-0.007920499358568544,0.275,0.002739485257377145,0.0018140610311298579,500,1.0,False,-0.02045469497130357
p459,ESSENCE,16,0.700536347487636,42.344322025411536,0.3666099872433416,1.0,32.58367500000001,-4.553733333333334,10.0,False,False,True,0.006089462671099612,-0.004470052445584955,-0.000954219585340991,-0.003515832860243962,0.003688800091613823,0.010258139188980456,0.7250000000000002,0.010559515116684567,0.006204103878750644,500,1.0,False,-0.676267260017189
q002,ESSENCE,16,0.3458115547673621,41.045671015250406,0.2624234752257456,1.0,31.303937500000004,-3.650200833333334,10.0,False,False,True,0.0009400777286981194,-0.0026751732229537196,-0.0014316282390092684,-0.0012435449839444514,0.0011346211159887617,0.005922641012496077,0.32500000000000007,0.003615250951651839,0.0024279374408183235,500,1.0,False,-0.2174966640307593
q006,ESSENCE,16,0.2888903823388224,41.329960792752075,0.2508076456989559,1.0,32.71781666666667,-3.9609372222222223,10.0,False,False,True,0.000811753909605027,-0.0018061490655029164,-0.0009542913898013912,-0.0008518576757015255,0.0021562379545224703,0.003986393986270467,0.275,0.0026179029751079433,0.0017154172218515067,500,1.0,False,0.5056486211618134
q107,ESSENCE,16,0.6505648400562036,42.79522627154488,0.3230655239345788,1.0,32.262675,-3.474397777777778,10.0,False,False,True,0.007121770962698672,-0.0022594221959801597,-0.004337101176263075,0.002077678980282916,0.020632243710029963,0.004919299044046414,0.6750000000000002,0.009381193158678832,0.005582803034654277,500,1.0,False,-0.07713485293163709
q108,ESSENCE,16,0.6215743858226541,42.45066084831541,0.3885538543675778,1.0,31.479333333333336,-4.014782222222222,10.0,False,False,True,0.0028218359035107918,-0.005908860145320553,-0.002760238621152655,-0.003148621524167899,0.00551031833036195,0.01325362358689075,0.6250000000000002,0.008730696048831345,0.0053884086119552164,500,1.0,False,-0.31228950926928206
r186,ESSENCE,16,0.3118499002176049,40.55343964417598,0.2049594102910028,1.0,31.626300000000004,-4.091820277777778,10.0,False,False,True,0.0006850237844838354,-0.002331913598998801,-0.0013477065808533946,-0.0009842070181454066,0.0019337220448384506,0.005147188483572151,0.32500000000000007,0.0030169373834826366,0.002039167305667657,500,1.0,False,-0.45157007995956405
r190,ESSENCE,16,0.3538348756858906,41.5740798333335,0.2156220663950705,1.0,32.542608333333334,-4.736818055555555,10.0,False,False,True,0.008065921881296505,0.0043081178523819985,0.005334950617405481,-0.001026832765023482,0.008371653232308887,-0.00937182298773016,0.3750000000000001,0.003757804028914506,0.0025063302509889572,500,1.0,False,0.24271282581322312
r195,ESSENCE,16,0.5406664243958481,42.23022918498238,0.2739477729537694,1.0,32.46383333333333,-3.7257,10.0,False,False,True,0.0026396410903094915,-0.004521231884075077,-0.002300680520612346,-0.002220551363462732,0.004394462074800446,0.010126166657835977,0.5250000000000001,0.007160872974384568,0.004550010537275297,500,1.0,False,-0.1909743308949193
r207,ESSENCE,16,0.5586419648820473,42.20531339704287,0.2734063132176101,1.0,32.04857500000001,-3.861175,10.0,False,False,True,0.00883759692996031,0.001331515870989593,0.0032323974240801552,-0.0019008815530905615,0.013639851609488697,-0.002805663702473732,0.5750000000000002,0.007506081058970717,0.00477963132184615,500,1.0,False,-0.2716008714428479
r209,ESSENCE,16,0.4437417347573993,41.78154147743051,0.2224551577802525,1.0,32.0543375,-3.772760277777777,10.0,False,False,True,0.0011587130864964515,-0.004131897341609304,-0.0025424843940764783,-0.0015894129475328249,0.0029722056591652227,0.009174685231418423,0.42500000000000016,0.005290610428105755,0.0033741910081025546,500,1.0,False,-0.12089421245933131
r212,ESSENCE,16,0.6520721795077176,42.98783498365627,0.3522026910953739,1.0,32.5934125,-3.552574722222223,10.0,False,False,True,0.007021037035467579,-0.0023945619265902263,0.0010143449768262904,-0.003408906903416516,0.0011893422475815498,0.005657484508694728,0.6750000000000002,0.009415598962057806,0.0055925309141031145,500,1.0,False,0.10943926778800366
r213,ESSENCE,16,0.3258575436194026,41.113061986265194,0.2053091482617266,1.0,32.64083333333334,-4.067734722222221,10.0,False,False,True,0.0005977043844637616,-0.0026630168504087983,-0.0015735413153282554,-0.0010894755350805427,0.0019202696118573385,0.00587567451647972,0.32500000000000007,0.00326072123487256,0.0022329744044461523,500,1.0,False,-0.001437422132636883
r318,ESSENCE,16,0.2199329305488304,39.98021896068151,0.2199282332022076,1.0,31.796945833333336,-3.9522061111111113,10.0,False,False,True,0.0006443294317218745,-0.0008296626349613009,-0.0004726704952168746,-0.0003569921397444262,0.0011946922359780498,0.001830933251969704,0.22500000000000003,0.0014739920666831754,0.0008916726732304985,500,1.0,False,-0.1797331077632816
r322,ESSENCE,16,0.5126645936628196,42.34929180328419,0.2305010480476555,1.0,31.059033333333332,-4.671839722222222,10.0,False,False,True,0.004271921370157056,-0.0023517390753691834,-0.0019456984252648273,-0.0004060406501043578,0.01592931370353966,0.005131937329365224,0.5250000000000001,0.006623660445526239,0.004178577151675172,500,1.0,False,0.06522253320991024
s350,ESSENCE,16,0.6805327501170186,42.86569607901801,0.2993925864295103,1.0,31.893279166666673,-4.001160277777778,10.0,False,False,True,0.014716756366449235,0.00464336277043554,0.008039797434634668,-0.003396434664199127,0.012185537888732731,-0.009924224598527678,0.6750000000000002,0.010073393596013695,0.005840944939945436,500,1.0,False,-0.12420690884349178
s351,ESSENCE,16,0.7265073201831505,42.92847042170692,0.3850253929091217,1.0,32.3085,-4.6199916666666665,10.0,False,False,True,0.002530718998697099,-0.008661576681722804,-0.004493465715354684,-0.004168110966368121,0.004815789738292929,0.019432701787121885,0.7250000000000002,0.011192295680419902,0.006683024079711692,500,1.0,False,-0.18740472826956778
s354,ESSENCE,16,0.5576385258377068,42.92725838924996,0.2779464564860053,1.0,31.543675,-5.089722222222222,10.0,False,False,True,0.006800391488086668,-0.0006864192034221235,0.001964625368562078,-0.0026510445719842013,0.006347658740897272,0.0017687493893509265,0.5750000000000002,0.007486810691508791,0.00476681332280977,500,1.0,False,0.4549955659041221
s355,ESSENCE,16,0.6685384476530045,42.96592615408968,0.2860241485376799,1.0,31.400079166666668,-5.146186666666666,10.0,False,False,True,0.010016593116369054,0.00022514305877786508,0.002291708351937315,-0.00206656529315945,0.0026311491753849728,-6.143028832553132e-05,0.6750000000000002,0.009791450057591189,0.005698798862791586,500,1.0,False,0.0224622713570624
s372,ESSENCE,16,0.7055128567415452,43.551457550158815,0.3331623514742041,1.0,32.10107083333333,-3.4590655555555556,10.0,False,False,True,0.0071460621590676,-0.0035343906170449873,-0.003109180998368947,-0.00042520961867604026,0.01109152749464125,0.008106990912491813,0.7250000000000002,0.010680452776112587,0.006294450819159402,500,1.0,False,0.5123497659771296
s373,ESSENCE,16,0.6495822129900819,43.61725154273391,0.314284251572775,1.0,32.699729166666664,-4.41582,10.0,False,False,True,0.009984674595497036,0.0006259104083401051,0.0036874180128379534,-0.0030615076044978482,0.016225294830282514,-0.0013031294113241831,0.6250000000000002,0.009358764187156931,0.005576461478588191,500,1.0,False,0.7395092874019392
s380,ESSENCE,16,0.6345886281866271,42.234005631339464,0.3499375795262007,1.0,32.2502,-5.1282741666666665,10.0,False,False,True,0.0036779234237596867,-0.0053386044275967656,-0.0020749697652697858,-0.00326363466232698,0.00790988008913172,0.011992663568601547,0.6250000000000002,0.009016527851356452,0.005479697750068088,500,1.0,False,-0.5828845577871439
x020,ESSENCE,16,0.648569981548516,43.21100251119448,0.4906799494586393,1.0,32.372508333333336,-3.593070555555556,10.0,False,False,True,0.024156268649295595,0.014820609168857215,0.017344182211173585,-0.002523573042316368,0.007542510684007373,-0.032374692653722434,0.6250000000000002,0.00933565948043838,0.005569928865494315,500,1.0,False,0.3373260559813667
x034,ESSENCE,16,0.5296896841528145,41.87041065822,0.2701701938830221,1.0,32.739925,-5.0068858333333335,10.0,False,False,True,0.007264035834800111,0.0003139637249128611,0.0005373193305271287,-0.0002233556056142681,0.00922289166045178,-0.0005085954630285744,0.5250000000000001,0.00695007210988725,0.00440979290606855,500,1.0,False,-0.4978512503480933
x066,ESSENCE,16,0.3278590246405002,41.02041024343093,0.2225128720429652,1.0,32.7692125,-4.197237777777778,10.0,False,False,True,0.00046321006208696576,-0.002833072168230933,-0.0017062376051514964,-0.0011268345630794368,0.0028192367613470177,0.006242683766585811,0.32500000000000007,0.0032962822303178986,0.0022525301125301566,500,1.0,False,-0.10937632612141125
x071,ESSENCE,16,0.4857209163159626,42.38818360344602,0.2351717588959209,1.0,32.54098333333333,-4.663706111111111,10.0,False,False,True,0.008838005373358453,0.0027305924913868154,0.003641472221286795,-0.0009108797298999797,0.014082218972988907,-0.005981309064754808,0.4750000000000001,0.006107412881971638,0.003804393659855866,500,1.0,False,0.2785877598483283
y125,ESSENCE,16,0.3098502058649615,41.02374209683887,0.2020705311559829,1.0,31.305525000000003,-5.028448611111111,10.0,False,False,True,0.0008772637868170578,-0.0021049190840860843,-0.0011555048344097413,-0.000949414249676343,0.0040744080780301265,0.00464083664200861,0.32500000000000007,0.002982182870903142,0.0020109697965695556,500,1.0,False,0.03473285470952679
y143,ESSENCE,16,0.4617221329773824,42.16544583870537,0.224391700665772,1.0,31.85055,-3.865340555555555,10.0,False,False,True,0.004305247013540863,-0.0013370458308563657,-0.0019049753737511981,0.0005679295428948324,0.008011096544506968,0.003053224024174418,0.4750000000000001,0.0056422928443972285,0.003536008999112062,500,1.0,False,0.18566764685497372
y151,ESSENCE,16,0.582634479614266,42.46771045944458,0.2657670624372935,1.0,32.564704166666665,-4.0684625,10.0,False,False,True,0.031794659015447466,0.023825188601860395,0.026608264604886033,-0.002783076003025637,0.02747156800509564,-0.05336453631533489,0.5750000000000002,0.00796947041358707,0.005054128305926985,500,1.0,False,-0.11813144257793867
y154,ESSENCE,16,0.6525751575260195,43.24012389214657,0.2637114094647307,1.0,32.40352083333333,-4.864522222222222,10.0,False,False,True,0.015721000400736436,0.006293920705002974,0.00814136436297891,-0.0018474436579759346,0.010161352475856148,-0.013522515269466882,0.6750000000000002,0.009427079695733462,0.005595776970936923,500,1.0,False,0.3597174804993257
y158,ESSENCE,16,0.4846988233451736,42.28990810010957,0.2245892440728573,1.0,31.62867083333333,-4.165290833333334,10.0,False,False,True,0.0007833878656838525,-0.005304441460594796,-0.003188535052599097,-0.0021159064079956996,0.004162569024986115,0.011764390599414481,0.4750000000000001,0.0060878293262786485,0.0037901992233708103,500,1.0,False,0.18571736236540215
y163,ESSENCE,16,0.6285693260996805,42.23207866592769,0.3832285795788812,1.0,31.521666666666672,-4.027071666666667,10.0,False,False,True,0.007059208590724881,-0.0018199255741105109,-0.0006098766899679175,-0.0012100488841425934,0.009799665789807165,0.004262256510349454,0.6250000000000002,0.008879134164835392,0.005440851128619187,500,1.0,False,-0.559995658775262
z181,ESSENCE,16,0.6185893802843139,42.864342134849224,0.2717705127420428,1.0,31.81889166666667,-4.706444722222222,10.0,False,False,True,0.0014636400433461778,-0.0072087029441046235,-0.00448682033836972,-0.002721882605734903,0.011531791086025181,0.01596873681916081,0.6250000000000002,0.008672342987450801,0.005362783779694132,500,1.0,False,0.11391512060126505
z202,ESSENCE,16,0.219920007552925,39.880028270135995,0.1988142969765476,1.0,31.088833333333337,-3.9030444444444448,10.0,False,False,True,0.00012595127327323473,-0.0013478646808308926,-0.0010044839585711164,-0.00034338072225977614,0.0006868456798005514,0.0029576095769349737,0.22500000000000003,0.0014738159541041274,0.0008915653983574603,500,1.0,False,-0.2797813362075755
z203,ESSENCE,16,0.2489128322906317,42.308079023281216,0.2572684888269899,1.0,32.17329583333333,-3.5695908333333333,10.0,True,False,True,0.0003034749811218826,-0.0016381704742408137,-0.0012953364279913932,-0.0003428340462494203,0.0006813435878743099,0.0036033616831381587,0.22500000000000003,0.0019416454553626962,0.0012139049288982045,500,1.0,False,1.8466700091639812
ps0909006,Pan-STARRS,27,0.2824673153502095,40.4784818400811,0.1581706676442715,1.0,333.950266,1.184831,10.0,False,False,True,0.0004802849537115397,-0.001673231065298152,-0.0010583941812447872,-0.0006148368840533648,0.0017825437181953295,0.003674197720155769,0.275,0.0021535160190096917,0.0012508462065056495,500,1.0,False,-0.29025645188010873
psc070003,Pan-STARRS,27,0.1350502497723482,39.27810475806595,0.1433677065797454,1.0,333.0414708,0.7192806,9.72,False,False,True,7.629669547360292e-05,-0.00036617686382150924,-0.0003085642167384214,-5.7612647083087827e-05,0.000604858987086816,0.0007985512564049029,0.125,0.00044247355929511215,0.0002933181942326724,500,1.0,False,0.20928887150233635
psc070459,Pan-STARRS,27,0.5293805390412505,42.29935367581569,0.2210512462578633,1.0,333.1817,0.6117917,11.74,False,False,True,0.008091572131841505,0.0018235040714623752,0.0021755015603859692,-0.00035199748892359405,0.0070827390409424484,-0.003869227373617095,0.5250000000000001,0.0062680680603791296,0.00439155498069671,500,1.0,False,-0.06740228771608701
psc070567,Pan-STARRS,27,0.1676094444865306,39.40236171739693,0.1444610212086827,1.0,333.3269042,0.8128417,11.42,False,False,True,0.0003217056132084016,-0.0003964500753736271,-0.0003021205829143867,-9.432949245924028e-05,0.0010578325306688009,0.0008679644999194866,0.17500000000000004,0.0007181556885820287,0.000477078179752781,500,1.0,False,-0.1019121807770029
psc071032,Pan-STARRS,27,0.282262912147051,40.92749534797032,0.1581289477360303,1.0,334.8052875,0.8738694,11.31,False,False,True,0.0031455104050309318,0.0009949261391305518,0.0006662391370685459,0.00032868700206200587,0.0009753188091088932,-0.0021428746490209137,0.275,0.00215058426590038,0.0012491786269964952,500,1.0,False,0.16054473364963953
psc080646,Pan-STARRS,27,0.3170222307394366,41.0847805682068,0.1545119234625898,1.0,334.6222125,0.9414861,10.77,False,False,True,0.001142137952034446,-0.0015069988746188756,-0.0007550406938993091,-0.0007519581807195665,0.0010121602174275601,0.0033346458171354663,0.32500000000000007,0.0026491368266533216,0.0015327550413635528,500,1.0,False,0.038821093503275436
psc080735,Pan-STARRS,27,0.6318528453030889,42.772273095633665,0.2448410419236406,1.0,333.8736167,0.5419083,9.48,False,False,True,0.005676934697869642,-0.0026493266010894287,-0.004460765341427002,0.0018114387403375745,0.002835690168457493,0.006102407743254788,0.6250000000000002,0.00832626129895907,0.0060031069892605505,500,1.0,False,-0.03336615775557786
psc180417,Pan-STARRS,27,0.3067462683217206,40.89273589736907,0.1682354420491119,1.0,333.0731583,0.5846417,11.49,False,False,True,0.0007813503242733068,-0.001720398475657432,-0.0009568579963661589,-0.0007635404792912731,0.0015016466003128978,0.0037917179002772564,0.32500000000000007,0.0025017487999307387,0.0014489208151878736,500,1.0,False,-0.07124694293377355
psc180561,Pan-STARRS,27,0.2273292454502817,40.33827448515497,0.1487278329397644,1.0,334.4624458,1.4684417,8.44,False,False,True,0.0003790122747662162,-0.001009821233460191,-0.0007054324310588141,-0.0003043888024013774,0.0003608810111451471,0.002215323303731244,0.22500000000000003,0.0013888335082264073,0.0008494251771698479,500,1.0,False,0.09803310940862701
psc190209,Pan-STARRS,27,0.3652751714540294,41.2923212456241,0.1576254551148606,1.0,333.0819708,1.0359472,11.71,False,False,True,0.0004580763361970212,-0.0029492313300369514,-0.0019126950099160858,-0.0010365363201208652,0.0013259939756647401,0.006501219688939627,0.3750000000000001,0.0034073076662339725,0.0021380881695308974,500,1.0,False,-0.1190416312761667
psc190230,Pan-STARRS,27,0.1386413098712764,39.123716860906,0.1429725255498896,1.0,333.9369708,0.4225389,10.87,False,False,True,0.0029673994100735232,0.002494519966874944,0.0025553611033976432,-6.084113652269933e-05,0.0002127006851116443,-0.0054545574218080204,0.125,0.0004728794431985794,0.00031358568418669895,500,1.0,False,-0.006736207081603121
psc190260,Pan-STARRS,27,0.1422406880419524,39.164765324899975,0.1437947831964398,1.0,333.9668208,-0.8251583,10.83,False,False,True,0.00040013802005435794,-0.00010321773703685517,-4.041047163127825e-05,-6.280726540557687e-05,9.818245537062472e-05,0.0002279220945435765,0.125,0.0005033557570912131,0.00033390012028780764,500,1.0,False,-0.025981019651163687
psc190327,Pan-STARRS,27,0.3282157300420041,41.40154820279694,0.1853807514660983,1.0,334.2294208,-0.3373583,11.79,False,False,True,0.001359859159101114,-0.0014551019583522525,-0.0015445333202499718,8.943136189771964e-05,0.0017793611625089671,0.0032101785902985524,0.32500000000000007,0.0028149611174533664,0.0016409755221665895,500,1.0,False,0.2690462230813347
psc190340,Pan-STARRS,27,0.1370419120705481,39.055761994189986,0.1425312424062102,1.0,334.1344458,0.4732944,10.75,False,False,True,0.00012965844615288804,-0.000329678727491662,-0.0002697541895206469,-5.9924537971015037e-05,0.00027886337575212485,0.0007198668922618759,0.125,0.00045933717364455,0.00030455888486679124,500,1.0,False,-0.04742643941090703
psc420159,Pan-STARRS,27,0.1796917076690383,39.54445479115047,0.1440558698880052,1.0,333.6844875,1.2178306,11.34,False,False,True,0.0010408118890321567,0.00020603382070736806,0.0003225873528936884,-0.00011655353218632025,0.0002444250103009037,-0.0004604477839746865,0.17500000000000004,0.0008347780683247886,0.0005482533166853635,500,1.0,False,-0.12580538668860816
psc420407,Pan-STARRS,27,0.2440178865569899,40.55537312790633,0.1648546795884846,1.0,333.949,-0.3155167,10.5,False,False,True,0.0005556090121885307,-0.0010634305846163616,-0.0006474311380630977,-0.0004159994465532641,0.0031730402308770994,0.0023239669221093297,0.22500000000000003,0.0016190395968048922,0.0009686280606047227,500,1.0,False,0.1425190745993365
psc420414,Pan-STARRS,27,0.2912582348240433,40.72629969162026,0.1799518722366352,1.0,334.276175,0.0287,11.0,False,False,True,0.00015085777583955754,-0.0021287463137231863,-0.0014357317703486768,-0.0006930145433745093,4.61282883018681e-05,0.0046730309462499585,0.275,0.0022796040895627437,0.0013225650296682363,500,1.0,False,-0.11821156118408725
psc420417,Pan-STARRS,27,0.3597827757060667,41.11938958175332,0.2178570537137826,1.0,333.4952208,-0.1916139,10.93,False,False,True,0.00902577760908322,0.005706258682827052,0.006080913303879772,-0.00037465462105271954,0.015233500773029563,-0.012628511325045295,0.3750000000000001,0.003319518926256168,0.0020644135730822784,500,1.0,False,-0.2538624627191322
psc420435,Pan-STARRS,27,0.315832685460782,40.79445174158018,0.1611396582354945,1.0,333.2929167,0.9701611,11.02,False,False,True,0.0003469336317993806,-0.002285141558756889,-0.001482672928457141,-0.0008024686302997474,0.0010946432901259829,0.005024948972163603,0.32500000000000007,0.0026320751905562693,0.001523050392408725,500,1.0,False,-0.24214507498076668
psc430003,Pan-STARRS,27,0.3272232745400913,41.03534328839451,0.1845924250283937,1.0,333.3804167,-0.4528583,8.8,False,False,True,0.0005728402533176932,-0.0022262577650446654,-0.001562238388706244,-0.0006640193763384212,0.0015511072067812693,0.0049022168287341135,0.32500000000000007,0.0027990980183623584,0.0016276627963631443,500,1.0,False,-0.08959685909393524
psc440050,Pan-STARRS,27,0.2842647284136421,40.79119367537904,0.1678643723555336,1.0,333.8669583,1.5494889,11.03,False,False,True,0.0008205712496132148,-0.001358725047082973,-0.001385348360899879,2.6623313816906088e-05,0.0032541056829077926,0.002982972746848338,0.275,0.002179296296696188,0.0012655100138616537,500,1.0,False,0.006786846625945329
psc530037,Pan-STARRS,27,0.2672946908197178,40.66060366742597,0.1505975381903178,1.0,333.6707542,-1.0504306,10.89,False,False,True,0.0033813478718882585,0.0014412238902213957,0.001981453214827413,-0.0005402293246060173,0.006885421601474033,-0.003152701070445526,0.275,0.0019401239816668628,0.0011348885828081177,500,1.0,False,0.027934010943321947
psc530251,Pan-STARRS,27,0.4101100775326498,41.827542987359806,0.1849854521968265,1.0,334.634275,1.1148917,9.17,False,False,True,0.0014819133440052564,-0.0026529274475639965,-0.0012310807192438512,-0.001421846728320146,0.003724051822421762,0.005881100137447647,0.42500000000000016,0.004134840791569253,0.00274072448165845,500,1.0,False,0.12564877038578223
psc550137,Pan-STARRS,27,0.4193019486926472,41.46545282910944,0.1902955219483723,1.0,334.7541042,0.0296556,10.0,False,False,True,0.008023257283474307,0.003738641290441276,0.005208611845831535,-0.001469970555390259,0.009196767558684024,-0.008132569579211504,0.42500000000000016,0.004284615993033031,0.002864344055612785,500,1.0,False,-0.2927309074277225
psc550197,Pan-STARRS,27,0.2467107226231657,40.39261647370305,0.1692646256885888,1.0,333.8101292,1.2734333,11.41,False,False,True,0.0006540593514177604,-0.0010021257058241853,-0.0007215721216467113,-0.00028055358417747404,0.002482555453785887,0.002197157538945905,0.22500000000000003,0.0016561850572419457,0.000987862330288703,500,1.0,False,-0.0470593770996129
psc550200,Pan-STARRS,27,0.2525120467035915,40.546658970780385,0.1659147043757867,1.0,333.6091125,-0.8858139,11.02,False,False,True,0.0009377044836881198,-0.0007985050714498337,-0.00034870182311326687,-0.0004498032483365671,0.0035201626769371572,0.0017572200436727428,0.275,0.0017362095551379535,0.00102929976990438,500,1.0,False,0.05361962191559668
psc550218,Pan-STARRS,27,0.386151944063932,41.52799608140214,0.2149624264462522,1.0,332.9270958,0.9012806,8.92,False,False,True,0.0001726869098428081,-0.003571772619357415,-0.002379386688556487,-0.0011923859308009279,0.0012590231701643723,0.007870308244178776,0.3750000000000001,0.003744459529200223,0.0024185165002157663,500,1.0,False,-0.023532701372841976
psc560150,Pan-STARRS,27,0.1978682429246356,40.015342649254926,0.1528738482058127,1.0,333.9607,1.2275833,11.46,False,False,True,0.00010116627635981206,-0.0009429950016529746,-0.0007603162059504468,-0.00018267879570252798,0.0004258353874731496,0.0020625833546344657,0.17500000000000004,0.0010441612780127867,0.0006624013779286115,500,1.0,False,0.11399488777862724
psc560152,Pan-STARRS,27,0.2473040430801116,40.34196094266456,0.1776500549327843,1.0,334.8002125,1.1602222,11.42,False,False,True,0.011674456795141654,0.010010087369814027,0.01042990197749858,-0.000419814607684554,0.0007646012333413341,-0.021997912515064735,0.22500000000000003,0.0016643694253276262,0.0009921002732594113,500,1.0,False,-0.10358816182633575
psc570025,Pan-STARRS,27,0.2972448958228746,40.707892024219774,0.1769970181133715,1.0,335.0596208,0.3775583,9.97,False,False,True,0.01011406848621827,0.007748597777510093,0.008202328160360725,-0.0004537303828506322,0.006030881079576581,-0.01692213399466163,0.275,0.002365470708708176,0.0013714059140361938,500,1.0,False,-0.1870186822861983
SN2005fe,SDSS,27,0.215653,40.26487369544013,0.191470513612219,1.0,334.863827,0.494451,10.0,False,False,True,0.0007701710735199394,-0.00047886035535476244,-0.0002220876618623947,-0.0002567726934923682,0.0022219051615316606,0.0010543027360564831,0.22500000000000003,0.0012490314288747019,0.0007740890847048431,500,1.0,False,0.15253331339678228
SN2005gf,SDSS,27,0.248351,40.27923923850169,0.1767429399253672,1.0,334.069239,0.70813,10.0,False,False,True,0.0005236516952011479,-0.0011551596403992564,-0.0007160368033309969,-0.0004391228370682599,0.00036806954861091294,0.0025386208861693936,0.22500000000000003,0.0016788113356004043,0.0009995784305811973,500,1.0,False,-0.176641886832071
SN2005gg,SDSS,27,0.229666,40.241733231919135,0.1715582303412329,1.0,334.671497,0.639188,9.76,False,False,True,0.0004336247987847101,-0.0009874423180032956,-0.0006639759911256753,-0.0003234663268776209,0.0009675085488404525,0.0021668087912505344,0.22500000000000003,0.0014210671167880057,0.0008661160436355436,500,1.0,False,-0.02337112227762901
SN2005gs,SDSS,27,0.249612,40.78331099788615,0.1823909399637493,1.0,333.292725,1.050538,10.0,False,False,True,0.0002571449896711101,-0.0014390608045818198,-0.0009903841980621708,-0.0004486766065196493,0.0013229178981428967,0.003153534654312417,0.22500000000000003,0.00169620579425293,0.0010085854452955923,500,1.0,False,0.31503896226326755
SN2005hv,SDSS,27,0.178391,40.08151928338137,0.170966544872129,1.0,333.18276,-0.034922,10.0,False,False,True,0.0008518184868469483,3.202382117724876e-05,-3.918976772799361e-05,7.121358890524234e-05,0.0018318786892715872,-6.422650987988692e-05,0.17500000000000004,0.0008197946656696996,0.000540084914040023,500,1.0,False,0.4286197345456946
SN2005ka,SDSS,27,0.316132,41.36354080705405,0.2521477103941954,1.0,333.483141,1.086488,10.38,False,False,True,0.0016667590328557468,-0.0009696092231586699,-0.0016047189875705045,0.0006351097644118346,0.0018201229187700932,0.0021631930672289406,0.32500000000000007,0.0026363682560144167,0.0015254922856113714,500,1.0,False,0.32458507915512996
SN2006fi,SDSS,27,0.229162,40.23822381593213,0.1811489331703714,1.0,334.959471,0.024371,9.29,False,False,True,0.0006219413260315947,-0.0007921735249666626,-0.00046722937203636113,-0.00032494415293030196,0.0006789178906110416,0.0017370657469768622,0.22500000000000003,0.0014141148509982573,0.0008625160948519948,500,1.0,False,-0.02153789999979068
SN2006fl,SDSS,27,0.170283,39.59386869172997,0.1621594114901842,1.0,332.865475,0.755978,10.0,False,False,True,5.7515899027922604e-05,-0.0006832770655429674,-0.0005847667852207792,-9.851028032218814e-05,0.0006010147300966577,0.0014919544588425817,0.17500000000000004,0.00074079296457089,0.0004921673896289805,500,1.0,False,0.05192515484122476
SN2006fm,SDSS,27,0.12455,38.830377407453,0.1595419078800642,1.0,332.542751,0.503265,10.0,False,False,True,0.00022183834049908037,-0.00013553869594193843,-8.959222383795448e-05,-4.594647210398394e-05,0.0010777773321441057,0.00029558911009971214,0.125,0.0003573770364410188,0.00023659585300610264,500,1.0,False,-0.04894033239441027
SN2006lm,SDSS,27,0.273401,40.56691792516957,0.1883651787464479,1.0,335.053316,0.409944,10.0,False,False,True,0.0025147476261949755,0.0004903921278302898,0.0009773141715960108,-0.0004869220437657213,0.007364111398722756,-0.0010892617447684867,0.275,0.0020243554983646857,0.0011785044564302006,500,1.0,False,-0.12135220264039946
SN2007kp,SDSS,27,0.277487,41.319100108594064,0.2407385704131694,1.0,332.373276,0.737893,10.7,False,False,True,0.000980825694657936,-0.0011012577108324537,-0.0007465258528621323,-0.0003547318579703217,0.004847106654729809,0.0024073482652027843,0.275,0.0020820834054903897,0.0012102153763679428,500,1.0,False,0.5942636048347678
SN2007mo,SDSS,27,0.219552,39.94637130187959,0.1831706586695475,1.0,332.891016,0.764785,10.0,False,False,True,0.0009002603081029632,-0.0003936853534950572,-0.0001196137493776093,-0.0002740716041174483,0.001687581692086157,0.0008717607018068341,0.22500000000000003,0.0012939456615980204,0.0007985746802558637,500,1.0,False,-0.20937815467123327
SN2007na,SDSS,27,0.46861,42.26685609686882,0.3461976155673197,1.0,333.386616,0.880501,10.0,False,False,True,0.0025956298454952813,-0.002538172806751489,-0.0009520370918539478,-0.0015861357148975422,0.0016320103152885294,0.00569486032274442,0.4750000000000001,0.00513380265224677,0.003557761332883081,500,1.0,False,0.24918468493993384
SN2007oa,SDSS,27,0.257208,40.60135681774558,0.2002660654648902,1.0,333.463938,-0.920283,11.62,False,False,True,0.0001815427349873054,-0.001619443636525404,-0.0011492957411566441,-0.0004701478953687601,0.0009774565874239186,0.003550341262437487,0.275,0.0018009863715127093,0.0010628418162476495,500,1.0,False,0.06315923658157187
SN2007qf,SDSS,27,0.205566,40.12486454034712,0.1703453776952483,1.0,333.762493,-0.341257,10.0,False,False,True,6.364883251871972e-05,-0.0010691861702261754,-0.0008585874164718722,-0.00021059875375430327,0.0006326245326337642,0.002338336593766365,0.22500000000000003,0.001132835002744895,0.0007107430466635131,500,1.0,False,0.12830090039749992
psc040782,Pan-STARRS,38,0.3374946549187116,41.00560640875611,0.1642709146020118,1.0,242.0767,54.90815,10.15,False,False,True,0.009399485797941582,0.004979144238245357,0.006047654909156305,-0.0010685106709109472,0.005266251478391006,-0.010834760490246958,0.32500000000000007,0.004420341559696225,0.0029892199613788663,500,1.0,False,-0.19658755832882713
psc050003,Pan-STARRS,38,0.4268977025582054,41.82015942674681,0.1932003815407793,1.0,242.2193333,55.0048111,8.37,False,False,True,0.0013124342740307275,-0.0052571019534947624,-0.002887838673055919,-0.0023692632804388435,0.004327648368335306,0.011628359808027554,0.42500000000000016,0.00656953622752549,0.004149914947266573,500,1.0,False,0.016321309556462254
psc050201,Pan-STARRS,38,0.5502158351976354,42.409545928384,0.2123083659817978,1.0,241.7033583,54.9809333,10.56,False,False,True,0.014177366854987956,0.004760214268305663,-0.0028884025430333895,0.00764861681133905,0.013812798403006992,-0.010328698044434245,0.5750000000000002,0.009417152586682293,0.006448563901943621,500,1.0,False,-0.028061427632392673
psc050203,Pan-STARRS,38,0.5760960750711839,42.60125801569242,0.2170520993951653,1.0,242.7929583,55.1223056,8.84,False,False,True,0.052175207761644964,0.042178688176483944,-0.0046415643454818245,0.04682025252196577,0.004248111374209851,-0.09419143599654153,0.5750000000000002,0.009996519585161017,0.006862002824985185,500,1.0,False,0.04467398966994023
psc050291,Pan-STARRS,38,0.3254509383388961,41.24023251771916,0.1626864504876883,1.0,244.5661333,55.3847056,11.17,False,False,True,0.007610316625225048,0.003497856039110807,0.0019997020951554112,0.001498153943955396,0.012295786830054391,-0.007723664433829909,0.32500000000000007,0.0041124605861142405,0.002821719268729401,500,1.0,False,0.12884935484199164
psc050293,Pan-STARRS,38,0.3600547891595367,41.20579124767825,0.1626956508218615,1.0,244.448775,55.3022889,8.55,False,False,True,0.02600132103122213,0.021004260810955112,0.01740771891326307,0.0035965418976920435,0.02043977041206319,-0.04664525717502656,0.3750000000000001,0.0049970602202670175,0.0033029800940223225,500,1.0,False,-0.16936091640138612
psc050296,Pan-STARRS,38,0.3509679283597848,41.30836240378056,0.1608472529925189,1.0,243.4509042,55.6085389,10.9,False,False,True,0.021046635089741535,0.016281867910521355,0.017122156110735337,-0.0008402882002139808,0.02298643099903964,-0.03620405475961083,0.3750000000000001,0.004764767179220179,0.0031766025370712912,500,1.0,False,-0.002581866526822968
psc050301,Pan-STARRS,38,0.3470462691692921,41.11983222381141,0.1626658154787608,1.0,244.7241958,55.7829111,10.91,False,False,True,0.0018939896457961856,-0.0027705257347683224,-0.0014058688094318657,-0.0013646569253364569,0.00394172470783118,0.006127067672729833,0.32500000000000007,0.004664515380564508,0.0031220611813037903,500,1.0,False,-0.15227141767021857
psc050669,Pan-STARRS,38,0.3930041390326599,41.55375464246294,0.1639374257323085,1.0,241.4821792,55.3764417,11.58,False,False,True,0.013977624095386276,0.008185342036523055,0.0065064669614026465,0.0016788750751204093,0.00437257922245592,-0.017827917063701862,0.3750000000000001,0.005792282058863221,0.0037298415550313154,500,1.0,False,-0.042247555785158104
psc070194,Pan-STARRS,38,0.4761204076895968,42.16538703452452,0.2317398968457088,1.0,240.8958208,55.3801,11.48,False,False,True,0.003556764968907452,-0.004129341328637952,-0.0024833582816716038,-0.0016459830469663468,0.0034371717855352954,0.009249661583550195,0.4750000000000001,0.007686106297545404,0.00495711192064546,500,1.0,False,0.10698700009257334
psc070472,Pan-STARRS,38,0.666698401717537,42.44297630868555,0.3701285333802017,1.0,242.7095958,55.59465,11.49,False,False,True,0.011586591864006124,-0.0002879205285657039,-0.0030634587387030855,0.0027755382101373816,0.01466574669888057,0.0008959374327020091,0.6750000000000002,0.011874512392571828,0.007664414830821958,500,1.0,False,-0.49329292302079053
psc070955,Pan-STARRS,38,0.3493025483340495,41.227110073004745,0.1519769822719269,1.0,241.4753708,55.1978306,9.51,False,False,True,0.002400370694124188,-0.0023218233457905813,-0.002561754443144557,0.00023993109735397653,0.0031254260551416284,0.005152897388077774,0.32500000000000007,0.004722194039914769,0.003153440890416242,500,1.0,False,-0.061247005332857
psc150509,Pan-STARRS,38,0.2929046299009583,40.82792375768966,0.1662402196677262,1.0,241.2345292,54.8781417,10.0,False,False,True,0.0016872309681394623,-0.0015565889640617777,-0.00167253695799451,0.00011594799393273281,0.0022508099817595798,0.003433763757250323,0.275,0.00324381993220124,0.002234222129557778,500,1.0,False,-0.03054276705794921
psc160046,Pan-STARRS,38,0.1068861983971887,38.84892601609739,0.1528757244057519,1.0,242.1269542,53.685325,11.11,False,False,True,0.0014261665948646115,0.0005763385162913274,0.0005784653224113591,-2.126806120031596e-06,0.0013385602966306798,-0.0012429447474959973,0.125,0.0008498280785732841,0.0005549566249858963,500,1.0,False,0.3253152959497839
psc160070,Pan-STARRS,38,0.3589784389271453,41.496554624547166,0.1663741376623629,1.0,243.1924167,54.873725,11.12,False,False,True,0.0028437648561622122,-0.002125779957604852,-0.0004991619411263909,-0.0016266180164784601,0.004156166300410467,0.004731690682518837,0.3750000000000001,0.004969544813767064,0.00328801051147991,500,1.0,False,0.1289289910050772
psc160197,Pan-STARRS,38,0.3537122075463106,41.38319413759189,0.1669977863992486,1.0,241.617425,53.8718056,10.16,False,False,True,0.0032433297423972527,-0.0015915911424609647,-0.0028689815978403636,0.0012773904553793993,0.0038861042340559574,0.0035662291405372014,0.3750000000000001,0.0048349208848582174,0.003214769216062804,500,1.0,False,0.05269781078545493
psc160198,Pan-STARRS,38,0.3489898858401576,41.289732984891366,0.1566644147109024,1.0,242.9047958,53.9702667,9.88,False,False,True,0.004581352434882785,-0.0001328488203808289,5.7440756048021246e-05,-0.00019028957642884927,0.009342915210353709,0.00029651460397231433,0.32500000000000007,0.0047142012552636135,0.003149092466576696,500,1.0,False,0.003622397348865476
psc160200,Pan-STARRS,38,0.4235984344713794,41.73291704862192,0.2730350885476344,1.0,242.6075625,54.149575,10.87,False,False,True,0.00601704693534047,-0.0004773286329510717,-0.001395203304300821,0.0009178746713497492,0.0075443719934496,0.0011657891797801894,0.42500000000000016,0.006494375568291542,0.004101999466032084,500,1.0,False,-0.051184530212827116
psc170428,Pan-STARRS,38,0.3001750691446019,41.012054996077566,0.1486604410542543,1.0,243.6184708,54.0030222,9.68,False,False,True,0.000984625846786846,-0.0024533525653121007,-0.00195342209800481,-0.0004999304673072905,0.001995951314922481,0.005403930032418807,0.32500000000000007,0.0034379784120989465,0.0023658849049954973,500,1.0,False,0.10183719950227275
psc180166,Pan-STARRS,38,0.1475696854043096,39.15659893319543,0.1423026820260998,1.0,242.8426542,55.0642,10.88,False,False,True,6.5056201693161735e-06,-0.0010951472179108674,-0.0010566239857294584,-3.852323218140908e-05,0.00012155321219177995,0.002396703062074094,0.125,0.0011016528380801837,0.0007238932030967273,500,1.0,False,-0.12083528413190832
psc180313,Pan-STARRS,38,0.5100624990076124,42.08114589550723,0.1678032612846457,1.0,244.3188333,55.3794389,10.0,False,False,True,0.004662131461534797,-0.0038328913419562885,-0.0012396841634322846,-0.002593207178524004,0.013448464116407344,0.008470986232488695,0.5250000000000001,0.008495022803491086,0.005708581314749833,500,1.0,False,-0.18982438890012973
psc190049,Pan-STARRS,38,0.2600809442686544,40.418713635837506,0.1464879698790695,1.0,242.321775,55.4876333,11.29,False,False,True,0.008952039178510238,0.006434684617000483,0.0067816578427030705,-0.0003469732257025864,0.010431628086448748,-0.014118121813197224,0.275,0.0025173545615097544,0.001695303737908693,500,1.0,False,-0.14673644036716824
psc390259,Pan-STARRS,38,0.1221824386439853,38.796098270684745,0.1434112020504513,1.0,242.3956292,53.8672222,8.79,False,False,True,0.004132634218300784,0.0032828061397275,0.0032849329458475318,-2.126806120031596e-06,0.00363808535939273,-0.007148887384527975,0.125,0.0008498280785732841,0.0005549566249858963,500,1.0,False,-0.0384174579304158
psc390264,Pan-STARRS,38,0.2921785690743141,40.53139367624841,0.1494377867715096,1.0,243.373,53.9909167,9.49,False,False,True,0.017723428402073367,0.014498998064047988,-0.0019252103699327532,0.016424208433980743,0.0061085128090464956,-0.03180827742037512,0.275,0.003224430338025379,0.002221073655253952,500,1.0,False,-0.32092754030378234
psc390449,Pan-STARRS,38,0.2501789274868173,40.46060187833271,0.1437136260479989,1.0,242.95075,54.4558028,8.32,False,False,True,0.0014963662110934546,-0.0008561751887741819,-0.0006211689712206543,-0.00023500621755352717,0.0035257560872555857,0.0019006977809107213,0.275,0.0023525413998676365,0.001552818795076856,500,1.0,False,-0.009711299369745222
psc400103,Pan-STARRS,38,0.3396665374554961,42.11246940208686,0.2052729665656284,1.0,243.7157958,55.1823833,9.67,True,False,True,0.002581074537729815,-0.0018947881981332053,-0.0025128157624867207,0.0006180275643535159,0.006539267896898084,0.004175186913642443,0.32500000000000007,0.00447586273586302,0.003019425905437228,500,1.0,False,0.8942195039093074
psc510251,Pan-STARRS,38,0.2404462406378158,40.458520318129125,0.1536415533317192,1.0,244.4936833,55.7427639,11.65,False,False,True,0.00045641187196178906,-0.0017341347619710032,-0.001488451105730459,-0.00024568365624054467,0.0018377414281518113,0.0038085419423382833,0.22500000000000003,0.0021905466339327924,0.001412770423130665,500,1.0,False,0.08166757925810401
psc510550,Pan-STARRS,38,0.2411649422085646,40.398039194822985,0.1452595127206428,1.0,243.2749792,55.6116583,10.7,False,False,True,0.00012811743362216296,-0.002074391559167619,-0.0018420293147850756,-0.00023236224438254332,0.00019938232465687304,0.004551933611189242,0.22500000000000003,0.002202508992789782,0.0014231121701179183,500,1.0,False,0.01390248506533169
psc510578,Pan-STARRS,38,0.3702196013418621,41.44486612798124,0.1599624185907402,1.0,241.2325958,53.912125,9.29,False,False,True,0.0019476114469518392,-0.003309298152054071,-0.001496172326694964,-0.001813125825359106,0.002496141482171594,0.007333164023495786,0.3750000000000001,0.0052569095990059106,0.003444349501871449,500,1.0,False,-0.00035323862941367143
psc510638,Pan-STARRS,38,0.270060002990018,40.68207641503558,0.1443096395868879,1.0,243.4693958,56.0842444,8.85,False,False,True,0.0029475103743445085,0.00026406033407359343,0.0005731311053847892,-0.0003090707713111958,0.0009841284496206063,-0.0005231010265395594,0.275,0.002683450040270915,0.0018388972747361708,500,1.0,False,0.024083335678244406
psc520019,Pan-STARRS,38,0.2627962220670277,40.62734450659318,0.159446038362692,1.0,241.8611875,54.4578056,11.27,False,False,True,0.00021410209899894032,-0.002348446641489323,-0.001985593430276674,-0.00036285321121264915,0.0007138265392915407,0.005156708328280407,0.275,0.0025625487404882636,0.0017343751927847764,500,1.0,False,0.03639252775817694
psc520077,Pan-STARRS,38,0.2500445227297778,40.6919878383494,0.1609963398698633,1.0,244.6629333,55.6842139,11.4,False,False,True,0.000316678763651448,-0.0020336255492231572,-0.0017417529381386298,-0.00029187261108452715,0.000769111135775349,0.004466644449190427,0.275,0.0023503043128746052,0.0015508847795580951,500,1.0,False,0.22298982575105256
psc080028,Pan-STARRS,41,0.2751375291266273,40.57962862388857,0.1553548376267169,1.0,351.9191125,-0.3361556,10.0,False,False,True,0.0004399751509095565,-0.0011342039046205784,-0.0008671877432075682,-0.00026701616141301053,0.002833042053259927,0.0024834169153617404,0.275,0.001574179055530135,0.0012292095667241956,500,1.0,False,-0.12424341485015321
psc090097,Pan-STARRS,41,0.427353925500423,41.919584172548106,0.184668627014136,1.0,352.0869417,-0.9595444,11.71,False,False,True,0.003422075433170225,-0.0004147580493748266,-0.001818002545066445,0.0014032444956916174,0.005731397549705913,0.0009604007072852019,0.42500000000000016,0.0038368334825450517,0.002749155714043839,500,1.0,False,0.11302808289704068
psc090201,Pan-STARRS,41,0.506959790873426,42.04365669933324,0.1897135615981509,1.0,353.3282708,-0.9507111,10.28,False,False,True,0.0023625443942311974,-0.002967462502623903,-0.003169948137522637,0.00020248563489873393,0.008027444585618907,0.006552887911893438,0.5250000000000001,0.005330006896855101,0.0038774645264672736,500,1.0,False,-0.21161217114026884
psc100014,Pan-STARRS,41,0.3072047628589898,40.97665041681879,0.1559211404232837,1.0,353.2949333,-1.2352833,11.07,False,False,True,0.009341215986573044,0.0073499190016790075,-0.0008544947097340927,0.0082044137114131,0.01384516197276309,-0.016212370765322497,0.32500000000000007,0.001991296984894036,0.0014594640495849938,500,1.0,False,0.00895611477641954
psc310051,Pan-STARRS,41,0.2693486888075429,40.53309747127779,0.1511818983916251,1.0,353.411625,-0.5524778,10.44,False,False,True,0.013901148546548841,0.01237591451133638,0.012685334995646988,-0.000309420484310609,0.006066362969168238,-0.02710812429328835,0.275,0.0015252340352124613,0.0011847878281607068,500,1.0,False,-0.11840473887418755
psc310058,Pan-STARRS,41,0.4282505533537926,41.72784936747163,0.1721504238983567,1.0,353.2503333,0.3614028,10.3,False,False,True,0.0007348754973178733,-0.0031179336860929366,-0.0020901081677697094,-0.0010278255183232277,0.005317345963351286,0.006847597143622585,0.42500000000000016,0.00385280918341081,0.002761799840514118,500,1.0,False,-0.08404055764190367
psc310090,Pan-STARRS,41,0.3456510333981519,41.493256539595,0.2423553433866157,1.0,351.3083625,-0.6051083,11.64,False,False,True,0.00865126945969261,0.006129916555829825,0.0025736188888673397,0.003556297666962486,0.0018824762621365192,-0.01338291719818052,0.32500000000000007,0.002521352903862785,0.0018310300292586814,500,1.0,False,0.23125276855915422
psc310091,Pan-STARRS,41,0.5054574332706192,42.18383600770789,0.1821507110500042,1.0,353.1263917,-0.1046556,9.07,False,False,True,0.0004870999816367413,-0.004812622757036482,-0.0029617081281633367,-0.0018509146288731453,0.0031782696154680347,0.01062061484788093,0.5250000000000001,0.005299722738673223,0.00385600971256977,500,1.0,False,-0.06379763636543788
psc310161,Pan-STARRS,41,0.2506708215631246,40.51542165447076,0.1447742854516039,1.0,352.9659042,-0.6604444,9.58,False,False,True,0.0020622569492766835,0.0006928761779985016,0.0009650301808017089,-0.0002721540028032076,0.005020152228337577,-0.0015019268579356745,0.275,0.0013693807712781818,0.0010412355202634364,500,1.0,False,0.04030081296748291
psc310574,Pan-STARRS,41,0.2360847784465054,40.318324229253285,0.1464027320064687,1.0,352.9859333,0.5362722,10.23,False,False,True,3.5066981033503415e-05,-0.001212603832792734,-0.0009654889361395243,-0.00024711489665320974,0.00021389157715171465,0.002655339623973574,0.22500000000000003,0.0012476708138262373,0.0009291317064243319,500,1.0,False,-0.013887967822283255
psc420196,Pan-STARRS,41,0.297212775746464,41.298036655668106,0.1666482280080128,1.0,351.7612375,-1.0283889,9.03,False,False,True,0.0005368713776498598,-0.0013244537796336976,-0.0008928468287310811,-0.0004316069509026168,0.0004356033142345326,0.0029131993085424923,0.275,0.0018613251572835575,0.0013877179225399126,500,1.0,False,0.4033938399572916
psc430004,Pan-STARRS,41,0.2302926352458776,40.19841339858136,0.1546369382634,1.0,351.1130208,-0.7542444,10.51,False,False,True,0.00868076995081103,0.0074814303736929,0.007504133003413486,-2.2702629720586183e-05,0.0050231492845597536,-0.01634786750032515,0.22500000000000003,0.00119933957711813,0.0008846150861249729,500,1.0,False,-0.07331844753193024
psc440162,Pan-STARRS,41,0.4182677611890548,41.72908895855671,0.1832053807945823,1.0,353.2660375,-0.9126667,11.61,False,False,True,0.0021255052130072513,-0.0015550470294950183,-0.0015451765699919385,-9.870459503080915e-06,0.005512483929169993,0.003440194085602707,0.42500000000000016,0.0036805522425022697,0.0026434600894155546,500,1.0,False,-0.022819275368580992
psc450082,Pan-STARRS,41,0.2472726508613061,40.495588838619305,0.1511236833490694,1.0,353.3560083,0.3104917,10.29,False,False,True,0.0006116946182152511,-0.0007293308816417506,-0.0004653865933070244,-0.0002639442883347265,0.002222005367772581,0.0016005732086005922,0.22500000000000003,0.0013410254998570017,0.0010151182317908614,500,1.0,False,0.050350157187056085
psc530219,Pan-STARRS,41,0.3271729869522803,41.442286879899726,0.1702949368372781,1.0,351.5286125,-0.3194222,10.9,False,False,True,0.0006782434311885038,-0.0015759450621425405,-0.0009684452926532446,-0.0006074997694892966,0.003846842326260636,0.0034540591589567555,0.32500000000000007,0.0022541884933310443,0.001612892923771449,500,1.0,False,0.3177304546395115
psc550041,Pan-STARRS,41,0.2572625675649951,40.55484872421444,0.1472752928477169,1.0,352.5404375,-0.8664278,10.0,False,False,True,0.00044607234290072186,-0.000978311770888328,-0.000841520459887175,-0.0001367913110011529,0.0031449897046806007,0.0021431559989359434,0.275,0.0014243841137890497,0.0010918976402613124,500,1.0,False,0.01613089986635698
psc550059,Pan-STARRS,41,0.3183860572061452,41.228938584593415,0.1908885757078712,1.0,351.3029167,-1.0245056,10.0,False,False,True,0.0006485093351749271,-0.001488229516785644,-0.00118255278823338,-0.0003056767285522646,0.0009764821854924588,0.003274917269809775,0.32500000000000007,0.002136738851960571,0.0015397498381599026,500,1.0,False,0.17228466411794108
psc550202,Pan-STARRS,41,0.4190627281886079,41.946277504522,0.231607742482651,1.0,351.7998875,-0.7829278,9.65,False,False,True,0.01479509802245108,0.011101044091250411,0.012108777446892132,-0.0010077333556417227,0.009627641952793071,-0.024346275863133864,0.42500000000000016,0.0036940539312006696,0.0026520212544969488,500,1.0,False,0.1895440873470684
psc560054,Pan-STARRS,41,0.4784918533370723,42.042482040898854,0.2069609088304421,1.0,353.2958042,-0.3364083,10.84,False,False,True,0.0043081402535648594,-0.0004480169008241001,0.000985929881894948,-0.0014339467827190488,0.004066232976549112,0.0010865167233306237,0.4750000000000001,0.0047561571543889595,0.003470920637883674,500,1.0,False,-0.02865333475304499
psc570022,Pan-STARRS,41,0.3002059893235009,41.16154076955098,0.1745460558489575,1.0,351.1238417,-0.4843417,9.5,False,False,True,0.0004888072477715266,-0.0014114524512257906,-0.0012673955542740088,-0.00014405689695178204,0.001435294121543138,0.003101911343200493,0.32500000000000007,0.0019002596989973171,0.0014092102922910648,500,1.0,False,0.25106744546087845
psc570062,Pan-STARRS,41,0.1221253852530839,38.86842652731985,0.1471979003182023,1.0,353.1017208,0.2955889,9.22,False,False,True,0.00022204221695545416,-0.00021288199436100664,-0.00014190552835620593,-7.09764660048007e-05,0.00025079510077550106,0.00046621044849579253,0.125,0.0004349242113164608,0.00029004564465928543,500,1.0,False,0.03500050545424076
SN2006hm,SDSS,41,0.329841,40.922939594455585,0.2119167067682303,1.0,351.561718,-0.382281,10.0,False,False,True,0.0003090168440674214,-0.001983747054692603,-0.0013644492916931059,-0.0006192977629994979,0.0012529736523072066,0.004354759002738474,0.32500000000000007,0.0022927638987600245,0.0016443893617383411,500,1.0,False,-0.2219002103148261
SN2006ju,SDSS,41,0.147338,39.10692917375572,0.1622167937788305,1.0,351.162552,-0.718357,10.0,False,False,True,0.0011408995754522023,0.0005432697783930491,0.0005846802856854451,-4.141050729239613e-05,0.0015773967777110512,-0.0011925378688789224,0.125,0.0005976297970591532,0.0003974463517748575,500,1.0,False,-0.1667976662347584
GND13Cam,MCT,22,1.222,45.26656849089678,0.3292755564214104,1.0,189.28070833333337,62.17413888888889,10.0,False,False,True,0.003265148652427552,-0.010268131145007459,-0.007695143317832279,-0.0025729878271751787,0.0025665995985720063,0.023120397806048548,1.2250000000000005,0.013533279797435011,0.008650847692969532,200,1.0,False,0.40992739808759304
GND13Gar,MCT,22,1.07,44.13343716256072,0.3300266278330237,1.0,189.1700416666667,62.18727777777779,10.0,False,False,True,0.01055546136649143,-0.0007659689486608414,-0.004051072111286148,0.0032851031626253088,0.0039355531938857725,0.002131209955074341,1.0750000000000002,0.011321430315152271,0.006950709570625537,200,1.0,False,0.016921880845810644
2002dc,Riess07,22,0.4755910893152391,42.1217215178059,0.2758982597239597,1.0,189.20766666666668,62.22027777777778,10.0,False,False,True,0.0049422650810821665,0.0026546809313166973,0.002778817771490915,-0.00012413684017421748,0.005390867444732414,-0.0057686604765451975,0.4750000000000001,0.002287584149765469,0.001885185258794023,200,1.0,False,0.06617218274247005
2002dd,Riess07,22,0.9507815535104756,43.60223598381056,0.287195058050224,1.0,189.23066666666665,62.21280555555556,10.0,False,False,True,0.004393304908248158,-0.00500839445918955,-0.003056612120178521,-0.0019517823390110302,0.011246698128769477,0.011186004395150148,0.9750000000000003,0.009401699367437708,0.005934087894306287,200,1.0,False,-0.31484602525687455
2003XX,Riess07,22,0.9357753521697538,43.56115874083691,0.2805591039057954,1.0,189.3708333333334,62.191055555555565,10.0,False,False,True,0.0044593213431791436,-0.004694725248610237,-0.002773638651243928,-0.0019210865973663092,0.007910385786581563,0.010541675266206302,0.9250000000000003,0.00915404659178938,0.005798885788287392,200,1.0,False,-0.13230710150107544
2003az,Riess07,22,1.265902792406533,44.64719372322139,0.2909782698990051,1.0,189.33195833333335,62.31041666666667,10.0,False,False,True,0.0021702761037560706,-0.011943196198948153,-0.008914603694265291,-0.003028592504682861,0.008206966548415436,0.026765407425708477,1.2750000000000004,0.014113472302704223,0.009199866753656916,200,1.0,False,-0.00019963464665827182
2003bd,Riess07,22,0.6706683052343887,43.00437827411772,0.264059055148175,1.0,189.35441666666668,62.22152777777779,10.0,False,False,True,0.0037135755894757414,-0.0014082810839540385,-0.00045173540403240387,-0.0009565456799216353,0.0011704444784404965,0.0032149473774292156,0.6750000000000002,0.00512185667342978,0.0036144535923247163,200,1.0,False,0.05261017449880816
2003be,Riess07,22,0.6406610524654051,42.893950292284416,0.2604221470253085,1.0,189.10820833333335,62.11544444444444,10.0,False,False,True,0.0014816518531313046,-0.0031737493630908465,-0.0024638568244249354,-0.0007098925386659124,0.002308226643393755,0.007032017748117745,0.6250000000000002,0.004655401216222151,0.0033673557147225306,200,1.0,False,0.05225143965167919
2003dy,Riess07,22,1.340938324062687,44.72995995585153,0.3050111867622878,1.0,189.28816666666668,62.19138888888888,10.0,False,False,True,0.018008684664413167,0.002970581160637153,0.0058096060681613985,-0.002839024907524246,0.016065734179098345,-0.006093095247186098,1.3250000000000006,0.015038103503776015,0.009901449272997296,200,1.0,False,-0.09873675478679081
2003eb,Riess07,22,0.9007604609419082,43.079404988559226,0.270251564391704,1.0,189.31325,62.226277777777774,10.0,False,False,True,0.005237728896950478,-0.003314468033394283,-0.0015334956042740494,-0.001780972429120234,0.008906241935110035,0.007489861986645847,0.9250000000000003,0.008552196930344761,0.00549162242595541,200,1.0,False,-0.5134966308647422
2003eq,Riess07,22,0.8407355137928809,43.420911313687974,0.260757689246602,1.0,189.45141666666663,62.22647222222222,10.0,False,False,True,0.003600233467985915,-0.003986099489321654,-0.0024494769546738217,-0.0015366225346478337,0.010129145454104262,0.008854793784542753,0.8250000000000003,0.0075863329573075695,0.005052868388368002,200,1.0,False,-0.12019078236005942
2003es,Riess07,22,0.954782890965173,44.03088522380827,0.2960792557238742,1.0,189.23079166666668,62.21997222222223,10.0,False,False,True,0.0032034985133682923,-0.0062642363752823905,-0.004328944869067475,-0.0019352915062149161,0.0058545879015568245,0.014015691384379591,0.9750000000000003,0.009467734888650683,0.005970138940036248,200,1.0,False,0.10272142566101167
HST04Eagle,Riess07,22,1.0208082465825936,44.17281317590934,0.2850171707924513,1.0,189.33645833333333,62.22819444444445,10.0,False,False,True,0.031168213558633535,0.02063110022735698,0.022919995687323492,-0.002288895459966513,0.01392195103458151,-0.045550647371818805,1.0250000000000004,0.010537113331276557,0.006554368348871871,200,1.0,False,0.020007712155915763
HST04Manipogo,Riess07,22,0.8547418671331191,43.66592621127267,0.2883867973898361,1.0,189.14504166666669,62.26362777777778,10.0,False,False,True,0.001813867467693762,-0.005983080422539465,-0.004427379298518163,-0.0015557011240213028,0.004625580663775784,0.013311454424068362,0.8750000000000002,0.007796947890233228,0.005140912110866315,200,1.0,False,0.08380888329783508
HST04Patuxent,Riess07,22,0.970783635569236,44.591055402280226,0.3248796525554099,1.0,189.5375,62.313122222222226,10.0,False,False,True,0.0063881827484413905,-0.0033436182235346565,-0.0012644295673159322,-0.002079188656218722,0.011213492649754127,0.007561409046595791,0.9750000000000003,0.009731800971976047,0.0061143016311277784,200,1.0,False,0.6190293051525111
HST04Sasquatch,Riess07,22,1.390961254833751,44.74413187134531,0.3018860419158135,1.0,189.22545833333336,62.13965555555556,10.0,False,False,True,0.02392082171682962,0.008307226452043563,0.011198132626238056,-0.00289090617419449,0.02304036708883049,-0.01819474215239837,1.3750000000000004,0.015613595264786055,0.010076360831750373,200,1.0,False,0.01803782353712305
HST04Thames,Riess07,22,0.9547829780306976,43.87333717463446,0.2898610953736044,1.0,189.229875,62.21779166666667,10.0,False,False,True,0.004861202163008304,-0.004606534162516266,-0.002661398383686833,-0.0019451357788294302,0.01004591442782978,0.010329465609292814,0.9750000000000003,0.00946773632552457,0.0059701397244747625,200,1.0,False,-0.054826864145260015
HST04Yowie,Riess07,22,0.460585879578135,42.226343461183035,0.2592070476837734,1.0,189.14304166666668,62.20359722222223,10.0,False,False,True,0.0008473169660185463,-0.0012982547265567848,-0.0011945572115431259,-0.00010369751501365913,0.0010736386056289643,0.0028670973689790516,0.4750000000000001,0.002145571692575331,0.0017593452055245764,200,1.0,False,0.25286705605648063
HST05Ferguson,Riess07,22,1.0208088528200356,43.8630786312076,0.2888610667940907,1.0,189.10458333333332,62.25662222222222,10.0,False,False,True,0.019689258000097524,0.009152134932015978,0.010826209228197452,-0.0016740742961814734,0.02072620535008238,-0.020233606548096035,1.0250000000000004,0.010537123068081546,0.006554373670074019,200,1.0,False,-0.28972840112590637
HST05Gabi,Riess07,22,1.120851440993896,44.33203765443925,0.2814015412893901,1.0,189.05762499999997,62.2021,10.0,False,False,True,0.006755579707556884,-0.005340706073571172,-0.003037421105153472,-0.0023032849684176994,0.019839354168657692,0.011806104115153225,1.1250000000000004,0.012096285781128056,0.007490758440563571,200,1.0,False,-0.043213818645066175
HST05Lancaster,Riess07,22,1.2308936461459623,44.9058223070932,0.2826743240384918,1.0,189.2363333333333,62.21481388888888,10.0,False,False,True,0.011337217885199981,-0.0023151250430390527,-0.0002642661972645649,-0.002050858845774487,0.017783243328742367,0.005385834403182924,1.2250000000000005,0.013652342928239034,0.008764290864058749,200,1.0,False,0.030013897936644662
HST05Spock,Riess07,22,0.8397353486100381,43.32680861909546,0.2856401130545198,1.0,189.27720833333333,62.253249999999994,10.0,False,False,True,0.005500822177548374,-0.0020704711960944124,-0.0005291600045846398,-0.001541311191509772,0.006455158691892031,0.004745183752587543,0.8250000000000003,0.007571293373642787,0.005046581365352689,200,1.0,False,-0.21116091596274789
HST05Strolger,Riess07,22,1.010807871257824,44.482988013272134,0.318983473662095,1.0,189.0859583333333,62.18071666666667,10.0,False,False,True,0.0034817324536989564,-0.006894764429969771,-0.004856783854592596,-0.002037980575377174,0.007358721453902582,0.015439720819037054,1.0250000000000004,0.010376496883668727,0.00646659082976865,200,1.0,False,0.3561836858958141
b016,ESSENCE,15,0.3234342853472898,41.43942596500433,0.2663195189538834,1.0,352.54035416666665,-9.583835833333334,10.0,False,False,True,0.0016867414814291759,-0.000876937172389783,7.613090472188399e-06,-0.0008845502628619715,0.00266886611704613,0.0019551563449528844,0.32500000000000007,0.002563678653818959,0.0016480506680159733,500,1.0,False,0.34355203431411724
b017,ESSENCE,15,0.2585110724983306,40.553198653206266,0.2162709580309821,1.0,352.43395416666664,-9.609585555555556,10.0,False,False,True,0.00558046055555531,0.003985571274103086,0.004513075980360439,-0.0005275047062573527,0.004422623237535852,-0.008683176766705537,0.275,0.0015948892814522234,0.000945230885366279,500,1.0,False,0.0026054991294613057
d033,ESSENCE,15,0.5241927355030782,42.3343684536247,0.2027733474569509,1.0,351.3501958333333,-9.433516388888888,10.0,False,False,True,0.0005541798425501819,-0.005231577629811792,-0.0029946545463252977,-0.0022369230834864947,0.0037979516406863264,0.011579577602152964,0.5250000000000001,0.005785757472361974,0.003767826689952732,500,1.0,False,-0.006991743784611971
d085,ESSENCE,15,0.4033332042925672,41.701891968416646,0.2363632041333017,1.0,351.9924875,-8.95324638888889,10.0,False,False,True,0.00256541123600351,-0.0012090972849317567,-0.0016097976999805458,0.0004007004150487893,0.008384748847814363,0.0026727155129387323,0.42500000000000016,0.0037745085209352665,0.002439058330720768,500,1.0,False,0.042255444556405376
d086,ESSENCE,15,0.2025744879985056,40.00659762010755,0.2017041519942947,1.0,351.75710000000004,-9.401270277777778,10.0,False,False,True,0.0008282456773367745,-0.00018007978352368688,4.13456752192988e-06,-0.00018421435104561663,0.0007589112363099994,0.00040369984104016133,0.22500000000000003,0.0010083254608604614,0.0005702116393426912,500,1.0,False,0.04538523241228802
g001,ESSENCE,15,0.2634998440602791,40.58012959628995,0.2066539480224928,1.0,352.43895,-8.910096388888888,10.0,False,False,True,0.0029714426033032137,0.001324611202512722,0.0016897705342741264,-0.0003651593317614046,0.003292458317735735,-0.002865382144148062,0.275,0.0016468314007904918,0.000982474735128186,500,1.0,False,-0.0173910030486981
g005,ESSENCE,15,0.2165528581413196,40.133178300188135,0.2053144543065331,1.0,352.1133208333333,-8.6152975,10.0,False,False,True,0.006055116424582076,0.004898656004439488,0.005259889858299922,-0.0003612338538604334,0.003793635298141355,-0.010679609834072916,0.22500000000000003,0.0011564604201425876,0.0006480281843355118,500,1.0,False,0.010755183324798455
g050,ESSENCE,15,0.6031074350335759,42.81486288832656,0.3105678128533909,1.0,352.5838083333333,-9.975193888888889,10.0,False,False,True,0.006515678809416709,-0.0007918041792499492,-0.0013720128451033273,0.000580208665853379,0.014538361756931769,0.001805539415243234,0.6250000000000002,0.007307482988666658,0.004685632238603259,500,1.0,False,0.1303252049596347
g052,ESSENCE,15,0.3823632125087766,41.49255620509499,0.2359146188040958,1.0,351.7422416666667,-9.622040555555555,10.0,False,False,True,0.003972721892612787,0.000522034366838522,0.0017645682328987318,-0.00124253386606021,0.01244006144613101,-0.001230448822854567,0.3750000000000001,0.003450687525774265,0.002263714326014008,500,1.0,False,-0.034066396251722315
g053,ESSENCE,15,0.6309688478018229,43.01606492247372,0.3604978895409839,1.0,351.7412916666667,-9.62194,10.0,False,False,True,0.008598626240187757,0.000740603195235388,0.0010015525516200883,-0.00026094935638470117,0.024483452216397285,-0.001983198651163417,0.6250000000000002,0.007858023044952369,0.005060204472287807,500,1.0,False,0.21407103851709286
g097,ESSENCE,15,0.3414117361818132,41.24893799752501,0.2230432575463005,1.0,351.90485000000007,-9.589178055555555,10.0,False,False,True,0.000633082527926019,-0.002201731715686778,-0.0011269094320849322,-0.0010748222836018458,0.0025286849445713432,0.004846460660875582,0.32500000000000007,0.0028348142436127968,0.0018425130223115645,500,1.0,False,0.01785527312343281
g142,ESSENCE,15,0.4023330687664148,41.79707338460331,0.2826650260597798,1.0,352.15713750000003,-8.751096666666667,10.0,False,False,True,0.009613985589881701,0.005854921275349266,0.006185078931148276,-0.0003301576557990097,0.0033188305022822146,-0.012716117587228437,0.42500000000000016,0.003759064314532435,0.0024306955344825442,500,1.0,False,0.14372914833478
g240,ESSENCE,15,0.6869943362775286,42.87746611183563,0.3128336681321899,1.0,352.6742625,-8.5696925,10.0,False,False,True,0.007294669784737274,-0.0017430725402972375,-0.00131383319031865,-0.0004292393499785879,0.0037074686129474734,0.004182471907163358,0.6750000000000002,0.009037742325034511,0.005806137954269246,500,1.0,False,-0.13713082851073616
h311,ESSENCE,15,0.7579073030839674,43.51483842377555,0.3951968815441848,1.0,351.13609999999994,-8.684326111111112,10.0,False,False,True,0.0042212276050579475,-0.006311492988981218,-0.0051655029214845855,-0.0011459900674966328,0.013673305317909579,0.014103174585611349,0.7750000000000002,0.010532720594039166,0.006703831097702754,500,1.0,False,0.32394507566092556
k411,ESSENCE,15,0.5631413669892724,42.634211039310834,0.2688711826775484,1.0,351.54908750000004,-8.838154166666667,10.0,False,False,True,0.0037625812094619145,-0.0027711938764907163,-0.0004453565676959849,-0.002325837308794731,0.005998763632791492,0.006248711836978546,0.5750000000000002,0.006533775085952631,0.004183626093802257,500,1.0,False,0.13653636077659753
k432,ESSENCE,15,0.7039734732901939,43.332597528061626,0.3902359917952692,1.0,351.6921666666667,-8.761779166666667,10.0,False,False,True,0.003284820039202257,-0.0061097272321266015,-0.0025074159509937523,-0.0036023112811328487,0.004706603869610952,0.013732497381249171,0.7250000000000002,0.009394547271328858,0.0060062606242106496,500,1.0,False,0.29920463960763966
m158,ESSENCE,15,0.4592687424293593,42.44023130300437,0.3002306436710888,1.0,351.01475,-9.3884075,10.0,False,False,True,0.0032047937495906487,-0.0014846159783055775,0.0003273210461700515,-0.0018119370244756283,0.0009669717798589458,0.0033783537236479902,0.4750000000000001,0.004689409727896226,0.0030094938339500134,500,1.0,False,0.4740781033678588
n278,ESSENCE,15,0.3024565677312314,40.85208888441913,0.2137549455931616,1.0,352.073125,-9.386766666666666,10.0,False,False,True,0.0020666352637327395,-0.00015180146994319722,0.0005954732827904378,-0.0007472747527336352,0.0029201706075094387,0.0003625232016751089,0.32500000000000007,0.0022184367336759367,0.0013969635355520374,500,1.0,False,-0.07691834540224586
n285,ESSENCE,15,0.529176683250381,42.19612944532111,0.302266274821497,1.0,350.96398750000003,-8.388473055555556,10.0,False,False,True,0.0027374987643557012,-0.0031422988577269593,-0.0009733654134932612,-0.0021689334442336985,0.006243138978151747,0.0070144297800524185,0.5250000000000001,0.0058797976220826605,0.003821829335016951,500,1.0,False,-0.1696330180671187
n326,ESSENCE,15,0.2625009709816941,40.655114332009354,0.239742280644633,1.0,352.49412500000005,-8.886796666666667,10.0,False,False,True,0.00044472821701029485,-0.0011917031115364837,-0.0007563056092970447,-0.0004353975022394395,0.004031041852203885,0.002603917608314502,0.275,0.0016364313285467786,0.0009750176129873793,500,1.0,False,0.06692350222811695
p425,ESSENCE,15,0.4562682096888915,42.59573086273512,0.3449381063688443,1.0,352.48412083333335,-8.573444444444442,10.0,False,False,True,0.0030352434869553397,-0.0016033540635474004,0.00017207670952420475,-0.001775430773071605,0.0030713904072099227,0.0036306879845247617,0.4750000000000001,0.00463859755050274,0.002975410220977191,500,1.0,False,0.6463340348773131
01258906,DES3_Shallow,10,0.3491456840268432,41.33202453039492,0.1234087758361388,1.0,10.262011,-44.394093,9.2,False,False,True,0.00033281416108575494,-0.0026069747425592478,-0.001456350743669974,-0.0011506239988892737,0.0027079600135280725,0.005737628382816655,0.32500000000000007,0.0029397889036450026,0.0017188453272512104,500,1.0,False,0.044794294382067265
01275946,DES3_Shallow,10,0.232114878770919,40.28465026078291,0.1101382473705765,1.0,10.403968,-43.637779,8.46,False,False,True,0.00042876445535594305,-0.0007542606178524714,-0.0006461614238563294,-0.00010809919399614208,0.0020609278435216997,0.0016614158507264822,0.22500000000000003,0.0011830250732084145,0.0007012173177921368,500,1.0,False,-0.006259648585219392
01281668,DES3_Shallow,10,0.3070593271336683,40.9750089536235,0.1147901076414974,1.0,9.41053,-43.920338,10.25,False,False,True,0.0002554662766982446,-0.0020003930878599455,-0.0011994789039865184,-0.0008009141838734272,0.0006260547104437038,0.004403149406478458,0.32500000000000007,0.0022558593645581903,0.0012911742174588315,500,1.0,False,0.008491381826028472
01283936,DES3_Shallow,10,0.3690204542526285,41.61509202713121,0.1435543745131995,1.0,8.877557,-44.371326,9.65,False,False,True,0.004350432081979308,0.001075042237210879,-0.0017809484469017219,0.002855990684112601,0.009237944158866685,-0.0023466263098973067,0.3750000000000001,0.0032753898447684293,0.0019441302375389079,500,1.0,False,0.17804498165573962
01285317,DES3_Shallow,10,0.5648594784021899,42.454242289248555,0.1609920875281156,1.0,9.472534,-43.314522,8.74,False,False,True,0.0070920276130224235,-0.001403690787247851,-0.0005870107559316192,-0.0008166800313162315,0.015502210160012972,0.0031642967843824796,0.5750000000000002,0.008495718400270275,0.00492009885958057,500,1.0,False,-0.051318484256418224
01289288,DES3_Shallow,10,0.2896780850218534,40.799785925758584,0.1391653396876418,1.0,10.178906,-43.948338,10.64,False,False,True,0.0007748938085790166,-0.001213367537242726,-0.001114481511921049,-9.888602532167668e-05,0.0021756406834604856,0.002678128262174923,0.275,0.0019882613458217426,0.0011420010407382102,500,1.0,False,-0.031262735479114824
01291090,DES3_Shallow,10,0.2919665326541374,40.84486320879488,0.1184518588094635,1.0,9.463052,-43.721462,9.71,False,False,True,0.0004352052976806407,-0.0015882885159038663,-0.0010546514858561368,-0.0005336370300477293,0.0025250734452390675,0.0034905305289558335,0.275,0.002023493813584507,0.0011616414669442603,500,1.0,False,-0.005660685616899899
01293758,DES3_Shallow,10,0.1471582121687449,39.31843880520086,0.1257820026189911,1.0,8.483875,-43.349716,10.97,False,False,True,0.011803526228267535,0.011372979005927483,0.011410489687682905,-3.751068175542198e-05,0.0005583877083392075,-0.025062627053932942,0.125,0.000430547222340053,0.00019154239737125217,500,1.0,False,0.04759265681113904
01302648,DES3_Shallow,10,0.2319201590470971,40.119228012050485,0.114206746414733,1.0,10.00261,-44.054123,10.13,False,False,True,0.00024929997989206536,-0.0009310949859896622,-0.0007630306421801171,-0.00016806434380954517,0.00037275269096889523,0.002048699930925409,0.22500000000000003,0.0011803949658817277,0.0006997879233907397,500,1.0,False,-0.16963925740198077
01303883,DES3_Shallow,10,0.2591099640110201,40.508420002093054,0.1130660663666728,1.0,8.863275,-44.917099,10.89,False,False,True,0.00023013249214321485,-0.0013175190815601695,-0.0008396361880674073,-0.00047788289349276215,0.0004012344486800441,0.0028993035944827306,0.275,0.0015476515737033844,0.0008993822645682845,500,1.0,False,-0.04785075930999925
01320166,DES3_Shallow,10,0.4489555782994392,41.9637303827656,0.1476546197956809,1.0,9.346412,-43.871918,2.0,False,False,True,0.004743718619519638,-0.0005425061300802919,0.001910997966040252,-0.0024535040961205434,0.006444152363826284,0.001280892049606748,0.42500000000000016,0.00528622474959993,0.003157627694003951,500,1.0,False,0.031482542681461535
01327978,DES3_Shallow,10,0.2072278866381969,39.94823586748671,0.1489752068603671,1.0,8.279955,-44.140156,11.31,False,False,True,0.0001358844060567476,-0.0007874847845300251,-0.000573832003860376,-0.00021365278066964912,0.0004342715292848044,0.0017312081326356548,0.22500000000000003,0.0009233691905867727,0.0005282303500225493,500,1.0,False,-0.06776062749659502
01328105,DES3_Shallow,10,0.4402459846754158,41.71759071151519,0.1446042543027962,1.0,8.187062,-43.576935,11.2,False,False,True,0.006360775546639587,0.00132130477324645,-0.0012935468310388569,0.002614851604285307,0.012592123761126712,-0.0029135466621659917,0.42500000000000016,0.005039470773393137,0.0030238394884666616,500,1.0,False,-0.16467299491305232
01330031,DES3_Shallow,10,0.104096208315225,38.45405979038583,0.1097487970725904,1.0,9.140839,-43.487255,8.94,False,False,True,1.941348328456849e-05,-0.0002549591073286822,-0.0002549591073286822,0.0,0.00028983784143506055,0.0005568208625897998,0.125,0.0002743725906132507,9.786515190296818e-05,500,1.0,False,-0.008333737454117321
01335472,DES3_Shallow,10,0.4989255208748355,42.13041752868805,0.1414891740322568,1.0,9.555312,-44.049526,10.12,False,False,True,0.0031941302687551786,-0.0034941519691505454,-0.0004440162252519267,-0.003050135743898618,0.005243745499514668,0.007824483509145561,0.4750000000000001,0.006688282237905724,0.0038231849755524447,500,1.0,False,-0.048065012746277946
01336008,DES3_Shallow,10,0.4379718761885269,41.707499701709665,0.1290228086248211,1.0,10.321224,-43.886227,9.83,False,False,True,0.007238861776672583,0.0022638194181618197,-0.0022337837387900804,0.0044976031569519,0.013810633406222702,-0.005030291231119357,0.42500000000000016,0.0049750423585107634,0.00298890687199891,500,1.0,False,-0.16156100772815085
01336009,DES3_Shallow,10,0.3415515704758451,41.35668541071996,0.1268497940919676,1.0,8.916194,-44.893734,9.63,False,False,True,0.0008854577157717458,-0.0019260986787292453,-0.0011470726608459503,-0.000779026017883295,0.0026579739759494524,0.004251676955000967,0.32500000000000007,0.002811556394500991,0.001632764372824297,500,1.0,False,0.12457708659061471
01337117,DES3_Shallow,10,0.5538818672690595,42.09306499264714,0.1372883929720022,1.0,10.181539,-43.644898,8.81,False,False,True,0.012154107101469643,0.003956819031401987,0.007872679160908124,-0.003915860129506136,0.01467242330587448,-0.008582630164672096,0.5750000000000002,0.008197288070067655,0.004697685153707043,500,1.0,False,-0.36171334134721705
01338128,DES3_Shallow,10,0.3117427015850202,41.09204866650533,0.1231969797690578,1.0,8.083662,-43.740833,9.27,False,False,True,0.000924198504359381,-0.001403765127323123,-0.0013455949454190676,-5.817018190405548e-05,0.003484148847030908,0.0030989058492624194,0.32500000000000007,0.0023279636316825038,0.0013313689193211033,500,1.0,False,0.08789427556507211
01341370,DES3_Shallow,10,0.4089993657821307,41.74676051433511,0.1447752893735536,1.0,8.963905,-44.676697,8.65,False,False,True,0.002443392804105646,-0.0017701485585624242,-0.0020412396044538496,0.00027109104589142455,0.008908302990251683,0.003897007482356077,0.42500000000000016,0.00421354136266807,0.0025407603019239216,500,1.0,False,0.05174748475636413
psc000091,Pan-STARRS,28,0.1532695290583141,39.29004623919778,0.1446056362937168,1.0,129.3289042,44.3337333,8.52,False,False,True,0.0011903197150434587,0.00047864995007720467,0.00014134315467109293,0.00033730679540611174,0.0028638757781311417,-0.0010399451390236626,0.17500000000000004,0.000711669764966254,0.0005406434633541351,500,1.0,False,-0.0020658655814253797
psc010204,Pan-STARRS,28,0.4774915646233197,41.95475648955789,0.2275978768282469,1.0,130.4002708,43.4006056,10.52,False,False,True,0.0007503925685924249,-0.005136147310715148,-0.002717967627183014,-0.0024181796835321344,0.004160118710031363,0.011354105991338471,0.4750000000000001,0.005886539879307573,0.004399428073521707,500,1.0,False,-0.11101427446687483
psc110426,Pan-STARRS,28,0.5414930772722337,42.105602813590856,0.248987281790483,1.0,130.0131292,44.8943333,10.57,False,False,True,0.003138896680448173,-0.0037507526065646566,-0.0036122609978076073,-0.00013849160875705055,0.004555841313898233,0.00839944886767531,0.5250000000000001,0.00688964928701283,0.004999391306576445,500,1.0,False,-0.3195465830280161
psc110716,Pan-STARRS,28,0.316374719166457,41.222062256439166,0.1715089444761454,1.0,128.9857917,43.4945111,10.45,False,False,True,0.004590698148628442,0.0013468786329159464,0.0026072479609844518,-0.0012603693280685056,0.01277318760377575,-0.003035942224547933,0.32500000000000007,0.0032438195157124955,0.0024377073599645294,500,1.0,False,0.18119516574620553
psc110719,Pan-STARRS,28,0.4284445482794243,42.151491744154576,0.2066003180798704,1.0,129.9230708,43.964425,11.01,False,False,True,0.005246067687081655,0.00015517779397050072,0.002152988732229494,-0.0019978109382589935,0.007128646071947227,-0.00025090930247172703,0.42500000000000016,0.005090889893111154,0.0038149806158538327,500,1.0,False,0.33844915733038267
psc110721,Pan-STARRS,28,0.5788346212854656,42.33875902819609,0.2438977464987308,1.0,130.2161958,44.1143028,11.85,False,False,True,0.0023926648013305476,-0.005100370061002231,-0.0024472737037860735,-0.0026530963572161574,0.0025744637142676896,0.011389764261863226,0.5750000000000002,0.007493034862332778,0.00547223614535708,500,1.0,False,-0.2301174438963169
psc130514,Pan-STARRS,28,0.1062447325298006,38.46858779764894,0.1491622739794606,1.0,130.231675,44.7917417,9.94,False,False,True,4.45017587002586e-06,-0.0003184604462349377,-0.000307042770425712,-1.1417675809225765e-05,4.9341634036042785e-05,0.0006942327000216652,0.125,0.00032291062210496356,0.00022611717376974741,500,1.0,False,-0.04108327586909295
psc330056,Pan-STARRS,28,0.2612283611207093,40.53874561211485,0.158156385389791,1.0,129.1440042,44.4276944,11.24,False,False,True,0.004428437775219981,0.002121108175150198,0.0025665833505367527,-0.0004454751753865548,0.003069220972232003,-0.004593709382780813,0.275,0.0023073296000697824,0.0016834939805504755,500,1.0,False,-0.037510939651849796
psc330083,Pan-STARRS,28,0.2243298589567357,40.12482077358809,0.1451988715973187,1.0,129.4956042,43.2976806,9.14,False,False,True,7.411549110425137e-05,-0.001680103558770624,-0.0009854265733664092,-0.0006946769854042152,0.0003300375232146834,0.0036775004766058357,0.22500000000000003,0.0017542190498748755,0.0012346708758743008,500,1.0,False,-0.08315761062217149
psc350078,Pan-STARRS,28,0.3013817180855904,41.27677272826155,0.166472037858364,1.0,130.6626417,43.78415,9.08,False,False,True,0.0026497011178647964,-0.0003295606007405207,9.690089388196977e-05,-0.00042646149462249037,0.004422854166139839,0.0007594246976820969,0.32500000000000007,0.002979261718605317,0.002225381161350612,500,1.0,False,0.35660109069348295
psc350080,Pan-STARRS,28,0.2861684622172709,40.77150798624019,0.1590461513232645,1.0,130.6348958,43.9988889,11.23,False,False,True,0.0017268733410268134,-0.00098394409229884,-0.00011499564778055457,-0.0008689484445182857,0.0010738667713898796,0.0021905997300913967,0.275,0.0027108174333256535,0.002009935783227925,500,1.0,False,-0.029394533687448803
psc350083,Pan-STARRS,28,0.3683041254126791,41.30314687700866,0.1577263980273188,1.0,130.1380125,44.373875,9.76,False,False,True,0.0016473807759185535,-0.0024873723814168745,-0.0008625929585739146,-0.00162477942284296,0.006511925316673251,0.005474857048912172,0.3750000000000001,0.004134753157335428,0.00302631352484188,500,1.0,False,-0.1290065401890655
psc350548,Pan-STARRS,28,0.1812710392781029,39.648090973556,0.1429754116597365,1.0,128.847775,44.9136417,10.64,False,False,True,0.0005453432145903451,-0.0005597057732112073,-0.0001925816573843332,-0.0003671241158268742,0.0008122952261022882,0.0012273237686429774,0.17500000000000004,0.0011050489878015523,0.0008399089934826254,500,1.0,False,-0.04309190224592305
psc360112,Pan-STARRS,28,0.1879167155459198,39.7506436016964,0.1445976604578562,1.0,130.6725208,43.5966306,9.38,False,False,True,0.002360173623101456,0.0011549320590171232,0.0014550240099207106,-0.00030009195090358737,0.0032336579074667892,-0.0025117127413610057,0.17500000000000004,0.0012052415640843328,0.0009008363410696965,500,1.0,False,-0.026759396875892544
psc460003,Pan-STARRS,28,0.1512702998873099,39.192225550791285,0.1442110901168902,1.0,128.8355042,43.8554583,10.78,False,False,True,0.0019436987023050169,0.0012595220949820913,0.0014083087350420774,-0.00014878664005998628,0.002341489232224526,-0.0027389330961676943,0.17500000000000004,0.0006841766073229256,0.0005184000743012889,500,1.0,False,-0.06884384233992
psc460105,Pan-STARRS,28,0.2113084323486642,40.04867877915324,0.1542342228433947,1.0,129.3699,44.0452722,11.6,False,False,True,0.0032671185866250466,0.0017092151901409148,1.5859369141947815e-05,0.0016933558209989668,0.007038560216561263,-0.0037416771972451236,0.22500000000000003,0.0015579033964841318,0.0011152908529755733,500,1.0,False,-0.014425366184836431
psc470232,Pan-STARRS,28,0.2012856246695316,40.110166352672366,0.1424766124072047,1.0,129.5458708,45.2022778,9.7,False,False,True,5.399794801142129e-05,-0.0013527980393107212,-0.0008326425564344824,-0.000520155482876239,0.0006388321636235931,0.002957939973445458,0.22500000000000003,0.0014067959873221426,0.0010234020725632407,500,1.0,False,0.16433443990532653
psc470244,Pan-STARRS,28,0.3614147480819598,41.49135285897614,0.1602631929428805,1.0,130.4077708,43.7715028,8.93,False,False,True,0.0012866348059091793,-0.0027305905758095643,-0.0015842587495347154,-0.0011463318262748489,0.0037255980281016153,0.006027900378247376,0.3750000000000001,0.0040172253817187436,0.0029521034443402553,500,1.0,False,0.1067207795656077
psc480064,Pan-STARRS,28,0.2442140242945412,40.73381097648276,0.1473056303443171,1.0,128.7965458,44.4482028,8.87,False,False,True,0.0006165286199416014,-0.0014357823087643158,-0.0007080527904738076,-0.0007277295182905083,0.0011100169293584497,0.003154586165156686,0.22500000000000003,0.002052310928705917,0.0014755934842537685,500,1.0,False,0.31899407266374336
psc580300,Pan-STARRS,28,0.2414247644121465,40.47278551698916,0.1468287157575557,1.0,130.3336667,44.7877028,9.48,False,False,True,0.00014836275189695705,-0.0018621414724651962,-0.0010701000774309363,-0.0007920413950342602,0.0011562173313350353,0.004079109819878025,0.22500000000000003,0.002010504224362153,0.001441511138301943,500,1.0,False,0.08602048303675673
psc000236,Pan-STARRS,30,0.1966241990070898,39.776151990638326,0.1418880323686711,1.0,131.580175,44.07305,10.9,False,False,True,0.00039961182376079435,-0.00045188580057813397,-0.00036743578349084604,-8.445001708728798e-05,0.0012071863600973372,0.000987228131043416,0.17500000000000004,0.0008514976243389283,0.0006230768284228845,500,1.0,False,-0.11002272610374694
psc100101,Pan-STARRS,30,0.4302746406775619,41.90140816277804,0.1869751048982035,1.0,132.140975,43.9852472,11.58,False,False,True,0.005732342133678384,0.0028877964608647277,0.0033246002507149163,-0.0004368037898501885,0.005187219066391049,-0.006318816230820678,0.42500000000000016,0.0028445456728136563,0.001984246391344864,500,1.0,False,0.0775155802676246
psc110425,Pan-STARRS,30,0.381434200708272,41.4418555234832,0.1679414456899337,1.0,132.0114792,44.4492861,9.29,False,False,True,0.0005654861265824588,-0.0018749609569905833,-0.0011874610520902578,-0.000687499904900326,0.0013758809632165646,0.004125346108563513,0.3750000000000001,0.0024404470835730423,0.0016927378353887776,500,1.0,False,-0.07862499141722708
psc110430,Pan-STARRS,30,0.4214530626972435,41.689943758006685,0.1936820607733216,1.0,132.24955,44.8656833,9.14,False,False,True,0.0013810849729555495,-0.001380796351060314,-0.0005148272909105721,-0.0008659690601497416,0.003968238407634715,0.0030478649883301638,0.42500000000000016,0.0027618813240158635,0.0019274141645672469,500,1.0,False,-0.08124699184624752
psc110431,Pan-STARRS,30,0.3434105148480435,41.011343798469106,0.1913575634630163,1.0,131.3562708,44.060275,11.48,False,False,True,0.00330352835211886,0.0011802836814954402,0.0016110283428045539,-0.0004307446613091138,0.005305665354442775,-0.002562692016452809,0.32500000000000007,0.00212324467062342,0.001469273717129226,500,1.0,False,-0.23436190841849702
psc110542,Pan-STARRS,30,0.4275425574405058,41.86168358541011,0.1863903859439235,1.0,131.8202583,45.2976222,10.6,False,False,True,0.00017529971736614082,-0.0026411851060918036,-0.001755903591808556,-0.000885281514283248,0.0011520162469696017,0.005804238159520553,0.42500000000000016,0.0028164848234579444,0.0019655828010561155,500,1.0,False,0.054004501237395953
psc110734,Pan-STARRS,30,0.4027175258456965,41.51610361024507,0.1828282974075926,1.0,131.0689167,45.3442056,11.4,False,False,True,0.00016340286953498643,-0.002447993339266328,-0.001601200214868508,-0.0008467931243978204,0.0007140870178226417,0.005378247267803492,0.42500000000000016,0.0026113962088013145,0.0018175462973919966,500,1.0,False,-0.13966113263950808
psc350374,Pan-STARRS,30,0.5015019024309428,42.05589816214383,0.2368369554734633,1.0,131.3363667,44.2390472,11.02,False,False,True,0.008066444451295481,0.0044040991606513445,0.004638585161492388,-0.00023448600084104393,0.01280981246430065,-0.009689282410622271,0.5250000000000001,0.0036623452906441364,0.0025560713060707343,500,1.0,False,-0.17153042796574355
psc370394,Pan-STARRS,30,0.3313979760949332,41.00148385149383,0.1698909984005867,1.0,132.3793375,45.0021694,9.9,False,False,True,0.0002860603773047692,-0.0017362140188281966,-0.0010445554897233907,-0.0006916585291048061,0.0007337342902757396,0.0038118308416598004,0.32500000000000007,0.002022274396132966,0.001398644981235576,500,1.0,False,-0.15512264244045804
psc450311,Pan-STARRS,30,0.2157419196113514,40.090755906692664,0.1469372224194507,1.0,132.3765083,44.2266222,10.25,False,False,True,0.00011745026475400237,-0.0009080968438958561,-0.00041694825718473086,-0.0004911485867111256,0.000325591643192961,0.001985004465669216,0.22500000000000003,0.0010255471086498586,0.0007603773154666132,500,1.0,False,-0.022582538981579317
psc460002,Pan-STARRS,30,0.1873161532318501,39.76930933876854,0.1447772976506228,1.0,131.3624375,44.075675,11.33,False,False,True,0.01725551417783629,0.01648875785716313,0.016742830241958422,-0.00025407238479529425,0.004801973064263062,-0.03631204552928454,0.17500000000000004,0.0007667563206731622,0.0005562278957064577,500,1.0,False,-0.00041973372242073916
psc470041,Pan-STARRS,30,0.3323907743895771,41.030548237966194,0.1535743711348374,1.0,131.3375208,44.7547944,11.16,False,False,True,0.00270466141656852,0.0006740421469342804,-0.0011187948477766275,0.0017928369947109084,0.0032884070669419365,-0.0014414846057222734,0.32500000000000007,0.0020306192696342394,0.0014044822226371833,500,1.0,False,-0.13353451945721184
psc490008,Pan-STARRS,30,0.120171173340311,38.724576166727246,0.1434812389875034,1.0,131.4486,44.4206056,9.43,False,False,True,0.0036891831893846204,0.0033308713360461527,-7.166319890463866e-05,0.003402534534950791,0.004302441621177269,-0.007264650994730611,0.125,0.00035831185333846775,0.00021970590212596998,500,1.0,False,-0.07123191024606397
psc500100,Pan-STARRS,30,0.3123713703964512,41.093380180829435,0.1548086060390902,1.0,131.638525,45.3561528,10.9,False,False,True,0.0007235588983728421,-0.0011440369183624533,-0.000451209307578962,-0.0006928276107834911,0.00168379037639159,0.0025183002060197718,0.32500000000000007,0.0018675958167352954,0.0013011307002636949,500,1.0,False,0.08421354775837618
psc000174,Pan-STARRS,29,0.2455750101901264,40.40268162042786,0.1480490048046341,1.0,162.029425,56.8501528,10.53,False,False,True,0.0024446404643015504,0.0004414335660273489,0.0009736843911066033,-0.0005322508250792544,0.002891802332870796,-0.0009399203244726479,0.22500000000000003,0.0020032068982742015,0.001385469418975232,500,1.0,False,-0.025715279889068368
psc020198,Pan-STARRS,29,0.3615299880317371,41.700183981730376,0.2114837368915789,1.0,161.7189,57.1293083,10.03,False,False,True,0.0004932060063327927,-0.0029977353207266844,-0.0017910000930889845,-0.0012067352276377004,0.0032630821057807666,0.006590854708124456,0.3750000000000001,0.003490941327059477,0.00238236593239471,500,1.0,False,0.3147501165737427
psc040150,Pan-STARRS,29,0.3822412352630528,41.57312743494469,0.1785354382124663,1.0,162.0977958,57.1482028,8.89,False,False,True,0.00039324427409228674,-0.003391884288928938,-0.0020362839398344354,-0.001355600349094503,0.0009022687197580766,0.007467218029254107,0.3750000000000001,0.0037851285630212247,0.002573997417700408,500,1.0,False,0.047310485245320714
psc140152,Pan-STARRS,29,0.2091378707719313,39.91610466903744,0.1443114278123687,1.0,162.3926833,57.6157306,8.77,False,False,True,0.0011471730119633867,-0.0004042776407525788,-0.00021859223490881233,-0.00018568540584376636,0.0029521680479471482,0.0008936966123704159,0.22500000000000003,0.0015514506527159655,0.0010457867485556263,500,1.0,False,-0.12204777250815908
psc150457,Pan-STARRS,29,0.303896232184291,40.97604702605284,0.1532065207157016,1.0,161.35325,57.2178917,11.45,False,False,True,0.0007270802176969097,-0.002026596389273989,-0.0014643715860002864,-0.0005622248032737029,0.0024070249143549704,0.004458076784084315,0.32500000000000007,0.002753676606970899,0.001890721654416064,500,1.0,False,0.035250739901054304
psc160020,Pan-STARRS,29,0.5882395807097396,41.83268347872607,0.251794670269712,1.0,161.0686542,57.4739639,9.97,False,False,True,0.003164164892757746,-0.004524615321228428,-0.0033261955170806297,-0.001198419804147797,0.010574029938197588,0.009990621162510448,0.5750000000000002,0.0076887802139861735,0.005555615209506408,500,1.0,False,-0.7779934512455693
psc340334,Pan-STARRS,29,0.3071859270503962,41.25130339044324,0.2101320077087377,1.0,163.2630625,57.8063722,10.0,False,False,True,0.002770558323944242,-2.469880259828479e-05,0.0010537388796421029,-0.0010784376822403881,0.006277667107951258,7.54741048121987e-05,0.32500000000000007,0.0027952571265425267,0.0019152732649530338,500,1.0,False,0.2837614611234707
psc350027,Pan-STARRS,29,0.3081862504531252,40.96001745153627,0.1488197497827564,1.0,163.11925,57.8071972,11.1,False,False,True,0.0012170188626298788,-0.001590881979672941,-0.0005674392302866848,-0.0010234427493862567,0.004059540803102639,0.003500662554368694,0.32500000000000007,0.00280790084230282,0.0019227388663520765,500,1.0,False,-0.01560467580810378
psc350047,Pan-STARRS,29,0.2346399159773302,40.654801868356735,0.1595636850021565,1.0,163.261975,58.1363444,10.49,False,False,True,0.00016082995586598882,-0.0016992146463600455,-0.0009679418581262244,-0.0007312727882338212,0.0007702323914300047,0.0037232518096520987,0.22500000000000003,0.0018600446022260344,0.0012778486452189393,500,1.0,False,0.3375467938363189
SN2005ei,SDSS,69,0.12694,38.8858454841697,0.1644122477128494,1.0,329.19849,0.317498,10.0,False,False,True,3.5414464845096036e-06,-0.0001274401577130837,-0.00012412666476558664,-3.313492947497073e-06,2.008969393422954e-05,0.0002772468884976564,0.125,0.0001309816041975933,8.46244350320029e-05,500,1.0,False,-0.037892015511660285
SN2005fo,SDSS,69,0.261621,40.83938187542459,0.2103612606305472,1.0,328.943336,0.593518,9.99,False,False,True,0.0014283443868970086,-0.0009121453920268299,-0.0008009176220647317,-0.00011122776996209819,0.003958802192452676,0.0020102389376009085,0.275,0.0023404897789238385,0.0016521913064564883,500,1.0,False,0.25943750482355465
SN2005hu,SDSS,69,0.218868,40.22645691946094,0.1655978390173095,1.0,328.669954,0.41343,10.63,False,False,True,0.0003601065168927516,-0.0005215910772634886,-0.0002630680564564065,-0.00025852302080708205,0.0004706570897352353,0.0011431917782295038,0.22500000000000003,0.0008816975941562402,0.0006180718350061305,500,1.0,False,0.07827069345785446
SN2005iz,SDSS,69,0.202674,39.92021572725757,0.1752846205862328,1.0,328.068611,0.267062,10.17,False,False,True,0.00034742035104373513,-0.0003564908442589896,-0.0001388228282236685,-0.00021766801603532106,0.0007154373152215483,0.0007813898334111395,0.22500000000000003,0.0007039111953027247,0.000494225772245698,500,1.0,False,-0.04218038862793179
SN2005jm,SDSS,69,0.203226,40.0144566383039,0.1781547755527098,1.0,328.079084,0.47193,10.0,False,False,True,0.001043910999263655,0.0003339396525365051,0.0005452089104390625,-0.0002112692579025573,0.0032819643543407356,-0.0007278762281719439,0.22500000000000003,0.0007099713467271499,0.0004984472756817706,500,1.0,False,0.045504090230076885
SN2005lh,SDSS,69,0.218853,40.37323024179345,0.1973104008569455,1.0,328.951393,1.180792,10.71,False,False,True,3.799337899329782e-05,-0.0008435395371351047,-0.0005631945942857749,-0.0002803449428493296,0.0004428840255342339,0.0018424571882738126,0.22500000000000003,0.0008815329161284025,0.0006179571202388459,500,1.0,False,0.22521012171687177
SN2006jk,SDSS,69,0.284362,40.59564701288351,0.1885544800420051,1.0,328.240402,0.253794,10.32,False,False,True,0.0029546846544552165,-0.00016656259871196313,0.0006495361915763839,-0.0008160987902883481,0.0018537630691164047,0.0004172508993549734,0.275,0.0031212472531671797,0.0021993144565108456,500,1.0,False,-0.18960514093322176
SN2007lt,SDSS,69,0.112425,38.74952810081498,0.1604385073467199,1.0,328.447235,0.015055,10.0,False,False,True,9.492004989811295e-05,-2.5198619633168246e-05,-2.5198619633168246e-05,0.0,0.0004566555212558099,5.490750233904377e-05,0.125,0.0001201186695312812,7.663353066046508e-05,500,1.0,False,0.10874577680453118
SN2007rf,SDSS,69,0.286553,40.69782288389025,0.1962087047190969,1.0,328.879471,0.815071,8.78,False,False,True,0.0007704667262071782,-0.0024145309922068985,-0.0010544773373728632,-0.001360053654834036,0.002449835224753953,0.005309106357510364,0.275,0.0031849977184140767,0.0022429504699730952,500,1.0,False,-0.10639928991785029
psc040201,Pan-STARRS,37,0.2798775351663831,40.591257478977695,0.1467700676189744,1.0,184.4595833,47.4467611,10.0,False,False,True,0.001373039685731559,3.064201891857113e-05,-0.0004946189751779762,0.0005252609940965471,0.000856515104775724,-5.600430278956481e-05,0.275,0.0013423976668129878,0.0008861305445560374,200,0.975,False,-0.15474196315033326
psc130862,Pan-STARRS,37,0.3336061091736853,41.37241052907379,0.1740990239960565,1.0,184.0017333,47.9204111,9.68,False,False,True,0.00048573687275820865,-0.0017514614761947496,-0.0011873441496962336,-0.0005641173264985164,0.0021995687492260773,0.0038555725034141435,0.32500000000000007,0.0022371983489529582,0.0015842125046924634,200,1.0,False,0.19920380885843747
psc160039,Pan-STARRS,37,0.2715541587009427,40.564108015232826,0.1490340493470343,1.0,184.9750375,48.140275,10.0,False,False,True,0.0018607849060889334,0.000628361077514239,-0.0003415296211618954,0.0009698906986761344,0.0026392904357009986,-0.001352571151435238,0.275,0.0012324238285746944,0.0008049420896499457,200,1.0,False,-0.10746812895729095
psc160098,Pan-STARRS,37,0.2977749600689547,40.86716846811141,0.1716760952378847,1.0,184.9178958,48.0098194,11.41,False,False,True,0.0016104845851928693,-3.730996661402896e-05,-6.11470622569033e-06,-3.119526038833882e-05,0.001229685471868212,0.00011253290022392691,0.275,0.0016477945518068983,0.0011307178747043609,200,1.0,False,-0.032159263556569485
psc350235,Pan-STARRS,37,0.2648484409224447,40.58795012974715,0.1478572279383931,1.0,184.3502042,48.3462444,10.13,False,False,True,0.0062771718257691985,0.005096794390386502,0.005093291017851463,3.503372535039074e-06,0.006093907297999161,-0.011125691189068794,0.275,0.0011803774353826967,0.0007766628304803146,200,1.0,False,-0.022114956125915502
psc370428,Pan-STARRS,37,0.1784063474339758,39.702009465669704,0.1437896836431272,1.0,184.3748292,47.5482111,10.12,False,False,True,0.0014028341566134869,0.0008937348153525221,0.000894012670005308,-2.7785465278575536e-07,0.0017595820980515835,-0.0019426942302798766,0.17500000000000004,0.0005090993412609647,0.00034614904945168946,200,1.0,False,0.04890438674089717
psc500511,Pan-STARRS,37,0.3357099832227843,41.07697535890483,0.1474195881673572,1.0,184.6956833,47.6472917,9.63,False,False,True,0.00025233574917612816,-0.0020153820708306556,-0.00151238206086881,-0.0005030000099618452,0.0033583641847055997,0.004421221198011726,0.32500000000000007,0.0022677178200067837,0.0016041204667490185,200,1.0,False,-0.11195336544913682
SN2005ik,SDSS,109,0.309149,41.14358627518151,0.2160250519039685,1.0,322.814976,-1.056985,10.35,False,False,True,0.0006386599109331213,-0.002384120373165135,-0.0009240926821517254,-0.00146002769101341,0.0037581253368919993,0.0052413276294117515,0.32500000000000007,0.0030227802840982563,0.002169489848566835,496,1.0,False,0.1602103512163945
SN2005jl,SDSS,109,0.178899,39.7479585741551,0.1665651409490707,1.0,323.23381,-0.699781,10.0,False,False,True,0.0011068531025081704,6.0018720622511974e-05,0.0005301077773181647,-0.00047008905669565255,0.0007160412842499698,-0.00011664755915318566,0.17500000000000004,0.0010468343818856585,0.0007469782397714379,496,0.8,True,0.08826471975823205
SN2006fa,SDSS,109,0.165949,39.28189982649504,0.1664638361437516,1.0,323.878086,-0.980274,10.35,False,False,True,9.800393267805636e-05,-0.0007741235668494837,-0.0004211879169804519,-0.0003529356498690317,0.00037189624297255834,0.0016929932359694359,0.17500000000000004,0.0008721274995275401,0.0006229459080253535,496,1.0,False,-0.19869545663122443
SN2006kt,SDSS,109,0.236296,40.46620112606341,0.1687101891691167,1.0,323.959682,-1.057435,10.0,False,False,True,0.000364518552627923,-0.0013801780835764198,-0.0007677501442931305,-0.0006124279392832895,0.00015258016074381437,0.0030306026926102342,0.22500000000000003,0.001744696636204343,0.0012014680943775425,496,1.0,False,0.13180948820034105
SN2007ih,SDSS,109,0.169599,39.80375077806397,0.173007268056562,1.0,323.294876,-0.96015,10.0,False,False,True,0.0013995219011256619,0.00047381055140109185,0.0008721163660460978,-0.00039830581464500575,0.0015782046561950498,-0.0010206497232897703,0.17500000000000004,0.00092571134972457,0.0006622550081825443,496,0.7,True,0.27139176718980074
SN2007jl,SDSS,109,0.251909,40.6146666137409,0.185836140744342,1.0,322.320553,-1.003178,11.31,False,False,True,0.007157549355618879,0.005131954277346815,0.004869011962002397,0.0002629423153444185,0.013235446868866237,-0.011299328487400789,0.275,0.0020255950782720636,0.0013956502126436369,496,1.0,False,0.127482656055828
SN2007ow,SDSS,109,0.210052,40.11360743548209,0.1920831313224619,1.0,323.508694,-0.740519,10.92,False,False,True,7.144117556251762e-05,-0.0013096436778972833,-0.0007067444648853648,-0.0006028992130119185,0.0005338496312483862,0.0028695628204311054,0.22500000000000003,0.001381084853459801,0.0009591648701124309,496,0.8,True,0.06491744222321387
01253101,DES3_Shallow,7,0.4596161297540204,41.952218858621094,0.1405210015035351,1.0,7.465117,-43.137768,8.53,False,False,True,0.0434093193526987,0.039362486982331565,0.00045462975064103437,0.03890785723169053,0.006813259619426055,-0.08746394692267083,0.4750000000000001,0.004046832370367132,0.0023780542377082265,200,1.0,False,-0.015867698876114278
01291957,DES3_Shallow,7,0.3599973696588379,41.33715344225554,0.1209970114068279,1.0,7.200018,-43.562267,2.0,False,False,True,0.0012181298049840233,-0.0014071641385522366,-0.00019775757216661293,-0.0012094065663856232,0.004436172816634559,0.0031220674756663987,0.3750000000000001,0.00262529394353626,0.0016725276459458537,200,1.0,False,-0.03759773521562521
01306980,DES3_Shallow,7,0.5488502032771374,42.16884066813626,0.2524593531459171,1.0,7.036068,-43.291557,10.1,False,False,True,0.007229985397571055,0.0017525875909080888,0.004096494346208091,-0.002343906755300003,0.007292440957670664,-0.0036694365953986313,0.5250000000000001,0.005477397806662966,0.003143075583686712,200,1.0,False,-0.2911784880874412
01334302,DES3_Shallow,7,0.4549246246025322,41.77004618905199,0.1557415555067942,1.0,7.367349,-43.388157,10.52,False,False,True,0.0009939789519703625,-0.002974796579854523,-0.0011922879252934493,-0.0017825086545610728,0.002088820754887363,0.006623185621876785,0.4750000000000001,0.003968775531824885,0.00234633259500372,200,1.0,False,-0.17181402268212753
01337228,DES3_Shallow,7,0.578825525673117,42.70022433705655,0.2303646475382017,1.0,7.524775,-43.03413,10.34,False,False,True,0.0009743734848437859,-0.005015909678977427,-0.0027856944430779285,-0.002230215235899499,0.0012924532892715597,0.011183220654803577,0.5750000000000002,0.0059902831638212126,0.0034244639345549343,200,1.0,False,0.13138860101136102
01338170,DES3_Shallow,7,0.388959140844298,41.45087255853774,0.149408350479227,1.0,6.669886,-42.964066,9.89,False,False,True,0.0019616872435277806,-0.0010466023334928958,-0.0002974854902149406,-0.0007491168432779553,0.002602703941754173,0.002366843559609728,0.3750000000000001,0.0030082895770206764,0.0018777226994611176,200,1.0,False,-0.11896402497465715
01257695,DES3_Shallow,9,0.1838062374003661,39.7198617199677,0.1089809978236081,1.0,7.601611,-42.298237,9.85,False,False,True,0.0046404207592265784,0.004039858543773735,0.004096516720277614,-5.665817650387954e-05,0.002763870862587913,-0.008807991451056697,0.17500000000000004,0.000600562215452844,0.00044923047554870296,200,1.0,False,-0.004554493496517347
01302141,DES3_Shallow,9,0.6087924293093023,42.28983855150189,0.2177851009593148,1.0,7.830452,-42.5014,9.43,False,False,True,0.003083841604011724,-0.005636653325575354,-0.003575243379374097,-0.0020614099462012564,0.008366289609315812,0.012539311915698355,0.6250000000000002,0.008720494929587078,0.005152221235205626,200,1.0,False,-0.41907855139993216
01317454,DES3_Shallow,9,0.568828094407337,42.237358829648784,0.1639348531752666,1.0,8.024402,-42.666245,2.0,False,False,True,0.005287119551034198,-0.0027135383152749404,0.0005130854657604458,-0.0032266237810353866,0.006519470000269954,0.006146050733622821,0.5750000000000002,0.008000657866309139,0.0049012747413527385,200,1.0,False,-0.28633146325157627
01328066,DES3_Shallow,9,0.4488983779001749,41.96959013150412,0.1589813229045522,1.0,7.317251,-42.0522,9.9,False,False,True,0.000519726213141961,-0.0051265816220704835,-0.0026644155651324064,-0.002462166056938076,0.003115565756101962,0.011306529252648793,0.42500000000000016,0.005646307835212444,0.0032696092533879327,200,1.0,False,0.03766759876386281
01331123,DES3_Shallow,9,0.2290798176671955,40.2861312218173,0.1127236975677415,1.0,8.036339,-42.554184,10.0,False,False,True,0.003178876718813698,0.0019295386570183752,0.0022812245191771497,-0.00035168586215877484,0.0005680370304571399,-0.0043117246902245575,0.22500000000000003,0.0012493380617953228,0.0009443305183509908,200,1.0,False,0.02724171028612858
01343533,DES3_Shallow,9,0.3679647820825664,41.57125612057022,0.2111760533560062,1.0,7.358388,-42.267349,10.76,False,False,True,0.0035458469647599816,-0.0006317369238958126,0.0012992261110795853,-0.0019309630349753977,0.002615841151548407,0.0014624870796037578,0.3750000000000001,0.004177583888655794,0.0026296986038712197,200,1.0,False,0.14142402471187582
SN2005fs,SDSS,82,0.338803,41.26657341719691,0.2260701096854294,1.0,31.220692,-0.326468,9.66,False,False,True,0.0026576368276536185,-0.0005283516578157596,-2.5130992962837766e-05,-0.0005032206648529219,0.005106236837159533,0.0011905050538928482,0.32500000000000007,0.003185988485469378,0.002396189560342043,500,1.0,False,0.05469591035390896
SN2005gt,SDSS,82,0.276556,40.81927827957702,0.225322977030123,1.0,31.016014,-0.365828,10.0,False,False,True,0.0008212738412875927,-0.0016633529409079302,-0.0012958922948552393,-0.0003674606460526901,0.0031077497465775497,0.0036451151965810687,0.275,0.002484626782195523,0.0018762058378829628,500,1.0,False,0.10272941860182085
SN2006nw,SDSS,82,0.155959,39.35494370269328,0.1622397053950036,1.0,30.733135,-0.533872,10.0,False,False,True,5.3236672707707196e-05,-0.0010375169889262135,-0.0010249308119630205,-1.2586176963192998e-05,0.0003056863151475411,0.0022702750472115073,0.17500000000000004,0.0010907536616339207,0.0007326099878924357,500,1.0,False,0.021663923663982648
SN2006od,SDSS,82,0.203678,40.00008688102615,0.1659977398224515,1.0,31.976303,-0.535389,10.0,False,False,True,0.000253933375822875,-0.0013981227544236892,-0.001354128530884882,-4.3994223538807296e-05,0.0009380058872335884,0.0030647109438793826,0.22500000000000003,0.0016520561302465642,0.001154967162663954,500,1.0,False,0.025777970861065855
SN2007ni,SDSS,82,0.210227,39.54341758195938,0.1618238957946889,1.0,31.460009,-0.331865,10.0,False,False,True,0.0023257761084102494,0.0005866814672654281,0.0007493082410717643,-0.00016262677380633606,0.004337615855804743,-0.0012689867251853828,0.22500000000000003,0.0017390946411448213,0.0012245494829953396,500,1.0,False,-0.5072848523665582
SN2007pt,SDSS,82,0.174279,39.49869511097863,0.1621960658532401,1.0,31.910473,-0.324,10.0,False,False,True,0.00011343086200447662,-0.0011506626284953385,-0.001136325131497591,-1.4337496997747544e-05,0.0002942218565631525,0.0025194870655930444,0.17500000000000004,0.001264093490499815,0.0008458117784921914,500,1.0,False,-0.09853440241773745
psc170078,Pan-STARRS,50,0.3215914036490614,41.25999378092792,0.184910162953634,1.0,186.1831667,47.6681444,10.05,False,False,True,0.006092991184538929,0.0024989522293827086,0.003878787699120225,-0.001379835469737517,0.004834663324245174,-0.005382042968149283,0.32500000000000007,0.0035940389551562205,0.0016290750300586173,200,1.0,False,0.17837119257048306
psc360139,Pan-STARRS,50,0.3866403697058085,41.47505662468842,0.1579506715610091,1.0,185.738625,47.5675083,10.75,False,False,True,0.0017709706867815992,-0.0029031408563940666,-0.001390870401781495,-0.0015122704546125716,0.0035647592045408125,0.006452602953963847,0.3750000000000001,0.004674111543175666,0.0023525318640608183,200,1.0,False,-0.07966641034894735
psc360140,Pan-STARRS,50,0.2315327462663945,40.28585455296731,0.1449084218874363,1.0,185.6180458,47.716175,8.16,False,False,True,0.000313161232672599,-0.0015278890867231523,-0.0006990480599574723,-0.00082884102676568,0.0013611180114413426,0.003350225286329535,0.22500000000000003,0.0018410503193957513,0.0007878508702636369,200,1.0,False,0.0010560355838666203
psc510457,Pan-STARRS,50,0.5037009632934415,42.11019039367205,0.2772547468685175,1.0,186.3888292,48.1368639,10.07,False,False,True,0.026595837181685057,0.020077248047208514,0.021384937010772813,-0.0013076889635642989,0.027522174602186915,-0.04488389382522824,0.5250000000000001,0.006518589134476543,0.003629009292008022,200,1.0,False,-0.12848950751258503
psc510597,Pan-STARRS,50,0.461684441272906,42.14939438543241,0.1973793322445201,1.0,185.8210458,47.8228361,9.71,False,False,True,0.002321727335268808,-0.0035263658925001316,-0.0018725313024006394,-0.0016538345900994934,0.010876677312832024,0.0077696914953132735,0.4750000000000001,0.0058480932277689395,0.00313566673816348,200,1.0,False,0.16982500327122818
SN2005hx,SDSS,100,0.119914,38.76745389306287,0.1588376423852382,1.0,3.250535,0.248223,10.11,False,False,True,0.0008348014462411171,0.00024122672070813627,0.00024122672070813627,0.0,0.0017238385716379992,-0.0005222637670824607,0.125,0.0005935747255329808,0.00048405495400170927,500,1.0,False,-0.023360766904063704
SN2005hy,SDSS,100,0.154924,39.27591960220493,0.160708538502271,1.0,3.598291,0.333052,10.06,False,False,True,0.00025676785716908287,-0.0008179138564822087,-0.000643255438121806,-0.00017465841836040253,0.0008795290562101605,0.0017907762446271128,0.17500000000000004,0.0010746817136512916,0.0008395980953723748,500,1.0,False,-0.04159668570136807
SN2006lj,SDSS,100,0.242061,40.70565937939016,0.1901305830918684,1.0,2.681734,0.201306,10.0,False,False,True,0.0004563944923639457,-0.0019136780081780692,-0.0012568342189363813,-0.000656843789241688,0.001137687313942095,0.004210522124491015,0.22500000000000003,0.002370072500542015,0.0015950362412591387,500,1.0,False,0.31246932627168345
SN2007kx,SDSS,100,0.152714,39.436137623314735,0.1641671074625187,1.0,3.428632,0.652155,10.14,False,False,True,0.002112064045608085,0.0010729138933704236,2.4869509859133383e-05,0.0010480443835112904,0.0007968400836972299,-0.0023231475130205187,0.17500000000000004,0.0010391501522376612,0.0008133398965209788,500,1.0,False,0.1526131892260059
SN2007mu,SDSS,100,0.401274,41.55819990618525,0.2855286117565695,1.0,3.077347,-0.077318,11.0,False,False,True,0.007782590567773244,0.002949502523234589,0.00466053580635024,-0.0017110332831156523,0.008498445403150649,-0.006370783617420739,0.42500000000000016,0.004833088044538655,0.003259121546048497,500,1.0,False,-0.08846538546049267
SN2005ig,SDSS,106,0.2798,40.48326020144398,0.1898836785518103,1.0,337.63115700000003,-0.502662,11.21,False,False,True,0.0005711407495758067,-0.000890446287822106,-0.0006294689309685594,-0.0002609773568535466,0.0008229463788676248,0.0019517812215562134,0.275,0.0014615870373979128,0.0011481096186039706,200,1.0,False,-0.2620554666471451
SN2005iw,SDSS,106,0.287037,41.003759987733545,0.2420742806387993,1.0,337.32398,-0.092354,8.86,False,False,True,0.0016955209049679134,0.00014891069791381868,0.00038438771857843973,-0.000235477020664621,0.0028906414875107507,-0.00031869110314146397,0.275,0.0015466102070540947,0.001222477899447188,200,0.95,False,0.19536537390466704
SN2005le,SDSS,106,0.252487,40.51333254290543,0.2027784050282144,1.0,337.884569,-0.493577,10.0,False,False,True,0.00011288823216828732,-0.0009962363832077387,-0.0008664810460967347,-0.0001297553371110037,0.00017484171325686887,0.002175839094449218,0.275,0.001109124615376026,0.0008500084418284438,200,1.0,False,0.020536131669675068
SN2006kc,SDSS,106,0.210539,39.941702261271594,0.1686835217898425,1.0,337.544197,-0.407819,10.42,False,False,True,0.0007391253297853311,7.638603722807458e-05,7.830564229505447e-05,-1.9196050669799406e-06,0.0019439886667998413,-0.00016426951514664462,0.22500000000000003,0.0006627392925572565,0.0004917510613164022,200,1.0,False,-0.11258421237756096
SN2006ks,SDSS,106,0.207354,40.37447426473442,0.1832719362434146,1.0,337.519415,0.003639,10.0,False,False,True,9.967803651336564e-05,-0.0005443618451294745,-0.0005534258849982443,9.064039868769785e-06,0.0009824487436873412,0.001186399286887532,0.22500000000000003,0.0006440398816428401,0.0004797437588431193,200,1.0,False,0.3570090101180997
SN2005kp,SDSS,128,0.116277,38.71900512752227,0.1616328802416225,1.0,7.721481,-0.718848,10.95,False,False,True,0.0005281212621977103,-0.00022933848119383732,0.0002015490370934671,-0.00043088751828730427,0.001755701543734422,0.0005027122329358646,0.125,0.0007574597433915476,0.0005658522342420359,500,1.0,False,-8.77557243313537e-05
SN2006ft,SDSS,128,0.25655,40.59906221566128,0.2027007002540301,1.0,7.958593,-0.382957,10.0,False,False,True,0.00027679422761220146,-0.002421616667682812,-0.0010843655077046343,-0.001337251159978178,0.0013718745092763979,0.0053052755321595264,0.275,0.0026984108952950135,0.0020394924200922075,500,1.0,False,0.06714601717681302
SN2006jn,SDSS,128,0.22334,40.17428189774665,0.1708217240801029,1.0,7.663236,0.141581,10.0,False,False,True,0.001632661614417069,-0.00010180562617224573,0.0005149000101880946,-0.0006167056363603405,0.002578628441113273,0.00023738241375214839,0.22500000000000003,0.0017344672405893147,0.0014143127541683892,500,1.0,False,-0.02296120109791218
SN2006kl,SDSS,128,0.21975,40.30155026977201,0.175545795393564,1.0,7.888675,-0.135814,10.0,False,False,True,7.038799605997852e-05,-0.0016279274358730932,-0.0008646487136153872,-0.000763278722257706,0.0007481315758063883,0.00356014603903002,0.22500000000000003,0.0016983154319330717,0.0013832965682185003,500,1.0,False,0.14361553696054757
SN2007ml,SDSS,128,0.185631,39.70214899027938,0.1642721050480598,1.0,7.972722,0.138298,10.83,False,False,True,0.0002401342278004819,-0.0011145980399146654,-0.000492722078490796,-0.0006218759614238698,0.0007044488243922452,0.0024382949945015737,0.17500000000000004,0.0013547322677151473,0.0010885218472089571,500,1.0,False,-0.045924409079358436
SN2006jp,SDSS,173,0.177798,39.10610195731735,0.1601330162941238,1.0,314.234249,-0.279044,10.0,False,False,True,8.357966126453265e-05,-0.001140804596536906,-0.0011129125843731959,-2.78920121637102e-05,0.00039353474214543567,0.0024998956782755787,0.17500000000000004,0.0012243842578014386,0.0007436208376373575,500,1.0,False,-0.5388435927653215
SN2006js,SDSS,173,0.182798,39.913595756323325,0.1698810379506274,1.0,313.833565,-0.09279,10.8,False,False,True,0.0020786178067530203,0.0007393083432212393,0.0007310235401060653,8.284803115174059e-06,0.004021058386307004,-0.0016046974699017022,0.17500000000000004,0.001339309463531781,0.0008367267580876902,500,1.0,False,0.20234484979773606
SN2006ni,SDSS,173,0.173827,39.62912488546803,0.1747276580157328,1.0,313.718384,-0.194823,10.0,False,False,True,6.161462928539115e-05,-0.001086299738948204,-0.0010835706282671018,-2.72911068110214e-06,5.2516213237243994e-05,0.0023797432784423258,0.17500000000000004,0.0011479143682335952,0.0006831596378591712,500,1.0,False,0.038089277853412346
SN2006oy,SDSS,173,0.201785,40.20947932035297,0.1733605606378171,1.0,313.492912,-0.360052,10.0,False,False,True,0.0004890142297515326,-0.0012867122100206525,-0.0010695397746555264,-0.00021717243536512596,0.003166710115779655,0.002824540432165325,0.22500000000000003,0.0017757264397721853,0.0011902871804057853,500,1.0,False,0.2576773491822112
SN2007oh,SDSS,173,0.402588,41.97347716346167,0.3149449351903459,1.0,313.153847,-0.453979,10.11,False,False,True,0.0017459338522444875,-0.0035528259721924445,-0.002149686154130011,-0.0014031398180624334,0.0053861569410871245,0.007896027561785979,0.42500000000000016,0.005298759824436932,0.003937990450207273,500,1.0,False,0.3185276632464373
SN-SDSS13903,SDSS,62,0.261982,41.77480240983206,0.3418205629781964,1.0,359.800917,0.251797,10.0,False,False,True,0.005231328770862446,0.0024131547949508654,-0.0001496559555645711,0.0025628107505154363,0.005843288797469485,-0.0052276283813004415,0.275,0.002818173975911581,0.0018276677918940493,500,1.0,False,1.191471903527396
SN2005gx,SDSS,62,0.160592,39.348660385470055,0.1608974132200249,1.0,359.88445,0.737165,10.0,False,False,True,0.0029662117972001053,0.0013959970598714062,-0.0006231208023868965,0.0020191178622583025,0.0064958701474733685,-0.0030535767902056775,0.17500000000000004,0.001570214737328699,0.0010662115484736901,500,0.925,False,-0.05400357052235824
SN2007ij,SDSS,62,0.194663,40.0963696521321,0.1982371711778235,1.0,359.341503,0.105858,9.87,False,False,True,0.00011211208627975768,-0.0018860315476734234,-0.0008787736919642385,-0.001007257855709185,0.00045428864061225954,0.004137570148904859,0.17500000000000004,0.001998143633953181,0.0013348212802790206,500,1.0,False,0.23429705752019084
SN2007oz,SDSS,62,0.295674,40.86782670180895,0.2467815441323395,1.0,359.319051,0.249367,10.0,False,False,True,0.005281976124488029,0.0018524585434924199,0.0033340487586598945,-0.0014815902151674753,0.0012185145150107079,-0.003983182054400961,0.275,0.0034295175809956092,0.002206702690593778,500,1.0,False,-0.01395078071360432
SN2007qn,SDSS,62,0.316413,40.93163806427505,0.2731905722274136,1.0,359.78852,1.158329,11.29,False,False,True,0.005030960979133881,0.001152495710988636,0.002958375812446299,-0.0018058801014576636,0.006342183594736949,-0.0024457699460858386,0.32500000000000007,0.003878465268145245,0.0024889598405277813,500,1.0,False,-0.1095303560349853
01255502,DES3_Shallow,8,0.1482332595029061,39.03422725585887,0.1171692069268255,1.0,33.904625,-4.209216,10.45,False,False,True,0.00025963253992045864,-0.0006118344704852605,-0.00027057509708094,-0.0003412593734043203,0.00012170386942253575,0.0013384945249107878,0.125,0.000871467010405719,0.0005449261477708256,500,1.0,False,-0.2537952138166247
01306785,DES3_Shallow,8,0.578670028607597,42.18777409357071,0.2944511832024624,1.0,33.793709,-4.522241,10.99,False,False,True,0.010870101443713068,-0.001282122100083381,-0.003787403135753828,0.002505281035670448,0.014021502763669966,0.0031322850040951707,0.5750000000000002,0.012152223543796449,0.007963898736989447,500,1.0,False,-0.3803651320676433
01308568,DES3_Shallow,8,0.6431211033103379,42.30814752848787,0.2695571720976488,1.0,33.873203,-5.052549,8.87,False,False,True,0.0019817296689995665,-0.011611069009280273,-0.003338160762569925,-0.008272908246710347,0.00676175135242522,0.02601710280901465,0.6250000000000002,0.013592798678279838,0.00871015732976065,500,1.0,False,-0.5435380254249983
01317164,DES3_Shallow,8,0.1546350303742714,39.39884004845778,0.1306762719517755,1.0,34.285484,-4.298173,10.96,False,False,True,0.002709029826815458,0.0016526876341874373,0.0017028302570548056,-5.014262286736791e-05,0.003273978745207614,-0.003598374190772398,0.17500000000000004,0.0010563421926280208,0.000656898848223585,500,1.0,False,0.08574249097155098
01345582,DES3_Shallow,8,0.4587699405496037,41.98768158506248,0.1885275291802795,1.0,33.706467,-4.67474,9.91,False,False,True,0.014696227580317866,0.005453529846716675,0.00040721852998600386,0.005046311316730672,0.024955073768089333,-0.01227208328442219,0.4750000000000001,0.009242697733601191,0.005963819970740461,500,1.0,False,0.024306821859092165
SN2005ey,SDSS,70,0.147025,39.232285470191385,0.1602845354218479,1.0,34.272865,0.280298,10.0,False,False,True,0.0017176257762445306,0.0015452487907375127,-0.00012628658817859657,0.0016715353789161092,3.9622993908007204e-06,-0.0033663252437062495,0.125,0.0001723769855070179,0.00010721395060659487,500,1.0,False,-0.036424127211263604
SN2005ge,SDSS,70,0.212097,40.0812332001143,0.1745104662945475,1.0,34.561394,0.796551,10.39,False,False,True,0.003615218026492443,0.003054762688896695,0.0032463633015719995,-0.00019160061267530477,0.0027419428251072874,-0.006652437688925657,0.22500000000000003,0.0005604553375957481,0.00036647921674717377,500,1.0,False,0.009122970107151506
SN2005jd,SDSS,70,0.312883,41.004216585621506,0.1956921427458864,1.0,34.27586,0.534831,10.0,False,False,True,0.0010670529458525159,-0.001478008431410634,-0.0009247746098260773,-0.000553233821584557,0.004216941931475625,0.0032422499748764795,0.32500000000000007,0.00254506137726315,0.0017351263569389838,500,1.0,False,-0.009022272869377974
SN2006ka,SDSS,70,0.246368,40.50771166486329,0.1737755295622103,1.0,34.611145,0.226688,10.44,False,False,True,0.00016201960338289316,-0.0007711565059929059,-0.0004293702729125282,-0.0003417862330803777,0.0008371955540751242,0.0016852860268765045,0.22500000000000003,0.0009331761093757991,0.0006406147793661648,500,1.0,False,0.07143437447149552
SN2006lq,SDSS,70,0.314944,41.006639597946354,0.2121545478339245,1.0,34.149532,-0.155162,11.56,False,False,True,0.00030462588027203077,-0.0023073802449632822,-0.0009061200941955105,-0.0014012601507677716,0.0016912862360639962,0.0050588966793490816,0.32500000000000007,0.002612006125235313,0.0017789689082435595,500,1.0,False,-0.022941232641163895
SN2006jr,SDSS,175,0.176531,39.610098131344174,0.1609881193575997,1.0,54.946434,0.992816,10.0,False,False,True,6.522688969533728e-05,-0.000264142623596873,-0.00026102947310765003,-3.1131504892229378e-06,0.0002630234587428146,0.0005756706110897937,0.17500000000000004,0.00032936951329221026,0.00019647213826590672,200,1.0,False,-0.017769755682028626
SN2007hy,SDSS,175,0.180792,39.6709867176176,0.1763337016509926,1.0,54.92638,1.092299,10.0,False,False,True,0.004819765565807857,0.004459018558183087,0.004464807877194854,-5.78931901176764e-06,0.00047365895837399644,-0.009848589036477125,0.17500000000000004,0.00036074700762477074,0.00021513154861213857,200,1.0,False,-0.01386793855957455
SN2007ln,SDSS,175,0.245403,40.30953431251068,0.1703530711488085,1.0,55.180023,1.003079,9.21,False,False,True,0.00044855870793451184,-0.0004264026192397453,-0.00036555517056591376,-6.0847448673831685e-05,0.001250619813794211,0.0009358212257920522,0.22500000000000003,0.0008749613271742571,0.0005561220338899248,200,1.0,False,-0.11715011435769014
SN2007rk,SDSS,175,0.194437,40.10523370882205,0.2307122874158827,1.0,55.572632,1.063139,10.85,False,False,True,0.003720962346444302,0.0032597351909275374,0.003233230718740996,2.6504472186541307e-05,0.0007214478452462013,-0.007119958554310193,0.17500000000000004,0.00046122715551676454,0.000274884577050142,200,1.0,False,0.24595303349625988
SN2006hy,SDSS,164,0.147915,39.13110227724742,0.1602783705506052,1.0,332.080959,-1.196387,10.0,False,False,True,0.0001338287877139095,-0.0003692058325961298,-0.0003692058325961298,0.0,0.0004117266007939193,0.0008059727982345346,0.125,0.0005030346203100393,0.0003750295185051871,200,1.0,False,-0.1518474730761042
SN2006ll,SDSS,164,0.380475,41.10702282362843,0.2314748410925516,1.0,331.867262,-0.903413,10.0,False,False,True,0.007040343934582594,0.0035924788461424557,-1.8570913485622953e-05,0.0036110497596280786,0.007210641035036124,-0.00782412089921539,0.3750000000000001,0.003447865088440138,0.002279280637348698,200,1.0,False,-0.4071014160185112
SN2006no,SDSS,164,0.249728,40.5011323174379,0.1816148399978754,1.0,332.089348,-1.148781,10.29,False,False,True,0.00026928016233116896,-0.0013197627178580002,-0.0011474522186964006,-0.00017231049916159932,0.000854822194333096,0.0028931671526094445,0.22500000000000003,0.001589042880189169,0.0010728014823157424,200,1.0,False,0.03172334954659732
SN2007mz,SDSS,164,0.217566,40.1381626054011,0.1770479425643112,1.0,331.963343,-1.069943,10.3,False,False,True,3.9930610931397416e-05,-0.0011624762663924042,-0.0010721774437421822,-9.029882265022189e-05,0.00031677543836899945,0.002542954726750139,0.22500000000000003,0.0012024068773238015,0.0008709403432057869,200,1.0,False,0.004433857847390076
SN2005is,SDSS,110,0.172701,39.46789743678999,0.1633755175731045,1.0,5.437367,-0.324993,10.86,False,False,True,0.000514105920117427,-0.0010958009769319178,-0.0008956028809745928,-0.00020019809595732516,0.0013486752856515512,0.0024054995001164736,0.17500000000000004,0.0016099068970493449,0.0012551243096850565,200,1.0,False,-0.10764264630728723
SN2006go,SDSS,110,0.370458,41.704921800899584,0.2422480265063035,1.0,6.140682,-0.279061,10.0,False,False,True,0.006053414515324914,-0.002151835022753553,-0.0018285583663141033,-0.00032327665643944875,0.01718783482065322,0.00464073930604215,0.3750000000000001,0.008205249538078467,0.005056330257824884,200,1.0,False,0.2580806490913136
SN2006hp,SDSS,110,0.246034,40.41053376956967,0.1687417753012934,1.0,6.059644,-0.248262,10.0,False,False,True,0.0038214046870022997,-0.000726049149062716,0.0015255310095052604,-0.0022515801585679777,0.0004596481247408334,0.0016621189921227839,0.22500000000000003,0.004547453836065016,0.003018564703911842,200,1.0,False,-0.02242724114475976
SN2007px,SDSS,110,0.106834,38.53391151765619,0.1631355975000701,1.0,5.683364,-0.47901,10.6,False,False,True,0.00015789106300157204,-0.000996785905919106,-0.0009163426689259022,-8.044323699320357e-05,0.0010710575264052922,0.0021800553425454713,0.125,0.0011546769689206782,0.0009097406228218898,200,1.0,False,0.011432150327243581
SN2005ji,SDSS,117,0.214569,40.18530223155656,0.1678422730703278,1.0,4.326408,-0.257275,10.0,False,False,True,0.0008164522004392728,-0.000898944543660716,-0.0008008981301003728,-9.804641356034316e-05,0.0013776207964351678,0.001975627450395905,0.22500000000000003,0.0017153967440999888,0.001111490372035885,200,1.0,False,0.08515983656487862
SN2005jn,SDSS,117,0.320448,41.11961387941777,0.1917130177265217,1.0,4.753476,-0.281488,9.38,False,False,True,0.0009743467253639853,-0.0024570685886985966,-0.0016754856164382158,-0.0007815829722603802,0.0034114957283630236,0.005400719102320794,0.32500000000000007,0.0034314153140625817,0.002650324291651107,200,1.0,False,0.04687150694722196
SN2006fz,SDSS,117,0.10337,38.39750858145215,0.1583642499464242,1.0,4.172286,-0.42454,10.0,False,False,True,0.02959780781237659,0.028981464352014572,0.014787455500636884,0.014194008851377688,0.006737681144482178,-0.0639493007904437,0.125,0.0006163434603620173,0.00035133430859868217,200,1.0,False,-0.0486955759282864
SN2007kq,SDSS,117,0.155172,39.470225691038486,0.1658735438642058,1.0,4.932975,-0.400135,11.3,False,False,True,5.8825414965148133e-05,-0.0008445100014834697,-0.0004927207811720483,-0.00035178922031142153,0.0003634036546565116,0.0018443557050692658,0.17500000000000004,0.0009033354164486179,0.000524186574705867,200,1.0,False,0.14892329926475492
SN2005it,SDSS,111,0.308214,40.8814815583031,0.2363079338846281,1.0,16.190392,0.513917,10.87,False,False,True,0.0006324150661642527,-0.0021017140044094665,-0.0008821267453038605,-0.0012195872591056057,0.0033662159115583133,0.00461116845476787,0.32500000000000007,0.0027341290705737193,0.0016068586084938706,200,1.0,False,-0.09436437211070849
SN2006gl,SDSS,111,0.263944,40.65446495593025,0.2849890862089824,1.0,16.45878,0.144805,10.0,False,False,True,0.00033044946148239474,-0.0011013271019849236,-0.0007680323348006654,-0.00033329476718425827,0.0004868560741238135,0.0024130604478057385,0.275,0.0014317765634673184,0.0008949482422031748,200,1.0,False,0.05280632056018233
SN2006jy,SDSS,111,0.20313,39.94304751442758,0.1674382940901443,1.0,15.734715,0.183087,10.0,False,False,True,0.0005666779964622873,-0.00016937624049560157,-0.0003569524217203587,0.00018757618122475724,0.0014284894264470164,0.0003733055231032712,0.22500000000000003,0.0007360542369578888,0.000585085735956407,200,1.0,False,-0.02476597418309552
SN2007nf,SDSS,111,0.23542,40.32508225182343,0.1837585235131174,1.0,15.860297,0.331394,10.0,False,False,True,0.0004959997332468307,-0.0005713142308120616,-0.0003880504293616809,-0.00018326380145038064,0.001417794036713246,0.0012515649375871075,0.22500000000000003,0.0010673139640588923,0.0007746722293689445,200,1.0,False,-0.0002587694396734685
SN2005gq,SDSS,91,0.389088,41.53474330109813,0.2884907340358238,1.0,53.454021,0.709351,10.0,False,False,True,0.0019706219128904114,-0.002121523961323306,-0.001587363138093858,-0.0005341608232294478,0.0030463743760317952,0.004718984547952384,0.3750000000000001,0.004092145874213717,0.0026501810988464455,485,1.0,False,-0.03593071727269687
SN2005gr,SDSS,91,0.244478,40.24408911970649,0.1745732799382029,1.0,54.156151,1.079169,10.0,False,False,True,0.00010708907326523775,-0.0016258768649706652,-0.0009989764374054805,-0.0006269004275651848,0.0014095008023256245,0.00356245848854922,0.22500000000000003,0.001732965938235903,0.0009616886170874696,485,0.7,True,-0.1733672198043817
SN2007mj,SDSS,91,0.122617,38.7459523056643,0.1602206190748657,1.0,53.685146,0.355509,10.38,False,False,True,0.00043840477145790096,0.00018090080973403395,0.00018090080973403395,0.0,0.0006549125533692776,-0.0003921229566623517,0.125,0.000257503961723867,0.0001570443660227328,485,1.0,False,-0.09684773273509391
SN2007po,SDSS,91,0.291349,40.89323699489473,0.1997950286058963,1.0,53.884281,0.703362,10.5,False,False,True,0.0002906207564120287,-0.0020118392878046318,-0.0012822349607330731,-0.0007296043270715589,0.000782229395091167,0.004422884948688599,0.275,0.0023024600442166604,0.0013701962685014912,485,1.0,False,0.047954493671279706
SN2006ff,SDSS,139,0.233804,40.19561913310166,0.2053748232335097,1.0,6.648502,-0.302072,10.81,False,False,True,0.0003280801870119673,-0.0009798543536551605,-0.0010911390240888694,0.00011128467043370905,0.00020523468221835884,0.0021414904560172485,0.22500000000000003,0.0013079345406671278,0.0009550443363547149,200,1.0,False,-0.11294356913363231
SN2006gg,SDSS,139,0.202152,39.74955068813284,0.1632836778484379,1.0,7.052111,0.11801,10.0,False,False,True,0.0002567259447677912,-0.0006691777381230235,-0.0007900313170735959,0.00012085357895057234,0.0011100672017971063,0.0014628436234016466,0.22500000000000003,0.0009259036828908147,0.0006358591435687137,200,1.0,False,-0.20663004045626648
SN2006lp,SDSS,139,0.220681,40.02785620854447,0.1854226677709656,1.0,6.773676,-0.125976,10.76,False,False,True,0.00018867341104626922,-0.0008479686973038702,-0.0007841085702763135,-6.386012702755642e-05,0.00041482242062474344,0.0018547947461651033,0.22500000000000003,0.0010366421083501394,0.0007233159477448759,200,1.0,False,-0.14032931200816107
SN2007jb,SDSS,139,0.24555,40.08122847100446,0.1923030627011359,1.0,6.640777,0.041985,10.0,False,False,True,0.0022399948217736677,0.0006045491912020987,0.000983989786937842,-0.0003794405957357434,0.0031433900920266595,-0.0013227772646755833,0.22500000000000003,0.001635445630571569,0.0012370106769874956,200,1.0,False,-0.3469195056267137
SN2005gh,SDSS,89,0.257823,40.63588041612669,0.1914491159244656,1.0,312.651463,-0.354089,9.16,False,False,True,0.010546931241915825,0.009203228666482984,0.009462150396004003,-0.0002589217295210184,0.00402174987392571,-0.020160873515449936,0.275,0.0013437025754328407,0.0008504011554670634,200,1.0,False,0.09182537489214139
SN2005hq,SDSS,89,0.399403,41.68376508013186,0.2887027773423191,1.0,312.582417,-0.825272,10.0,False,False,True,0.0011628657466268336,-0.0018928009516762556,-0.0014788207723628731,-0.0004139801793133824,0.003164399016349177,0.004174226070657871,0.3750000000000001,0.0030556666983030892,0.00184892785207905,200,1.0,False,0.04687793486000829
SN2005ht,SDSS,89,0.185813,39.87208655956483,0.1669904516227578,1.0,312.602551,-0.167889,10.81,False,False,True,0.00010180044483018478,-0.0005069941633342594,-0.0005379332815365779,3.0939118202318386e-05,0.0008128938675688468,0.0011064330198692727,0.17500000000000004,0.0006087946081644442,0.0003679185576805782,200,1.0,False,0.12166550615682661
SN2007ph,SDSS,89,0.12826,38.97540773901122,0.173294475409942,1.0,312.805813,-0.955823,10.7,False,False,True,0.001742223338879907,0.0014803223461732694,0.0014813463264055898,-1.0239802323204012e-06,0.00020733147215627336,-0.003237977608122026,0.125,0.00026190099270663773,0.0001349878075265076,200,1.0,False,0.027473732662505787
2001gn,Amanullah10,0,1.124,44.448737294709474,0.1930800135447032,1.0,210.50124999999997,5.081638888888889,9.88,False,False,True,0.009028946781042251,-0.01594912094962506,-0.006302596645324863,-0.009646524304300198,0.017515169986638712,0.03628866865851074,1.1250000000000004,0.02497806773066731,0.017674235270752143,200,1.0,False,0.06607160639482673
2001go,Amanullah10,0,0.552,42.481887398578294,0.1121809745763833,1.0,210.50666666666663,5.014,9.88,False,False,True,0.007410737466811479,-0.003370161689864237,-0.0036666688642873757,0.00029650717442314053,0.015229847994937758,0.007546264834307131,0.5750000000000002,0.010780899156675716,0.0078083056258390245,200,1.0,False,0.03590991631271306
2001gq,Amanullah10,0,0.671,42.86201997637951,0.1295818468587443,1.0,210.46333333333337,4.886416666666666,9.88,False,False,True,0.003507021967970578,-0.01017861241269036,-0.00415847184334236,-0.006020140569347998,0.0005182644431893621,0.022861349179285194,0.6750000000000002,0.013685634380660937,0.009617626675066916,200,1.0,False,-0.09103911529381188
SN2000fr,Knop03,0,0.5443745802427791,42.43016732953501,0.2235975402890098,1.0,210.490625,4.728444,10.0,False,False,True,0.011355240449041964,0.0007502466425830974,-0.0002823104470430328,0.0010325570896261328,0.021950652930309403,-0.0018216105705919639,0.5250000000000001,0.010604993806458867,0.007624625670445462,200,1.0,False,-0.008692139837856872
SN2006kr,SDSS,186,0.222559,40.30147421978853,0.1727113127081458,1.0,4.831984,1.090719,10.0,False,False,True,0.0013072580975496762,-0.0005895804046988598,-0.00032555611115739694,-0.00026402429354146286,0.0026770861348685347,0.0013115690567203748,0.22500000000000003,0.001896838502248536,0.0014151658455779173,200,1.0,False,0.11273246562816468
SN2007lq,SDSS,186,0.226472,40.360902747536265,0.1700561384765943,1.0,5.782767,0.983445,10.81,False,False,True,0.0007499809576357554,-0.0012115658579767452,-0.0013997873275040384,0.00018822146952729337,0.0010599045967375365,0.0026585053838220555,0.22500000000000003,0.0019615468156125005,0.0014752419207091515,200,1.0,False,0.12984187713168355
SN2007oi,SDSS,186,0.294479,41.18211928259774,0.258720267094035,1.0,5.324447,1.074527,10.15,False,False,True,0.0003858868683804609,-0.003228160742605475,-0.001957884824289416,-0.0012702759183160592,0.001221904848207032,0.0070951337484598314,0.275,0.003614047610985936,0.0030171240332343453,200,1.0,False,0.31037572770435684
SN2005ko,SDSS,127,0.18468,39.674361485580064,0.1745530009173898,1.0,357.520926,-0.921379,10.0,False,False,True,0.00012407909017748788,-0.0004000347809460939,-0.0003988528624237408,-1.1819185223531195e-06,0.0001859638787303079,0.0008733864720669502,0.17500000000000004,0.0005241138711235818,0.0002968221445162604,200,1.0,False,-0.06140980722922171
SN2006fu,SDSS,127,0.197181,39.87459111059617,0.1641266448907704,1.0,357.785059,-0.746341,10.0,False,False,True,0.0004559358960420741,-0.00013333193479085794,-0.00013443120477277931,1.099269981921552e-06,0.0004853783897688459,0.0002940148397955755,0.17500000000000004,0.0005892678308329321,0.00033956658361580956,200,1.0,False,-0.01838566009940143
SN2007pb,SDSS,127,0.224519,40.45535347563605,0.1847792838919866,1.0,357.104161,-1.185004,10.0,False,False,True,0.00016559725087790758,-0.0005661534973643691,-0.0005619789077535161,-4.174589610852866e-06,0.0006674112550398885,0.001236122386180975,0.22500000000000003,0.0007317507482422767,0.0004330429035984891,200,1.0,False,0.24532880677242902
SN2005kq,SDSS,129,0.38928,41.86599676100795,0.2971051834788891,1.0,347.837143,-0.608636,10.48,False,False,True,0.004078494320454175,0.0007608132068253675,0.0011797106080961733,-0.0004188974012708053,0.01020108157399099,-0.001711712930146863,0.3750000000000001,0.003317681113628807,0.0019616987409574373,200,1.0,False,0.29407544364231514
SN2007jo,SDSS,129,0.188543,39.79987351441341,0.1821992934036907,1.0,347.552417,-0.931407,10.0,False,False,True,0.00010457866605784138,-0.0003564401784155153,-0.0003274283764002007,-2.9011802015314584e-05,0.0002519471746822362,0.0007802905268790156,0.17500000000000004,0.0004610188444733567,0.00020876753198459277,200,1.0,False,0.014492193640716328
SN2007pd,SDSS,129,0.138333,39.270637496511014,0.1659781571059631,1.0,347.975293,-0.578091,10.0,False,False,True,0.01487298621167317,0.014725418943234841,0.014725418943234841,0.0,0.008000942443202546,-0.03233464960300948,0.125,0.0001475672684383278,6.818930531105234e-05,200,1.0,False,0.145417061865507
SN2005fi,SDSS,78,0.263492,40.78086207005706,0.1790467224318281,1.0,1.994533,0.638195,10.61,False,False,True,0.0015163028465499922,-0.0006195404644970008,-0.0009635598184179527,0.0003440193539209521,0.001058068197675187,0.0013886100747823567,0.275,0.002135843311046993,0.0015207379143504795,200,1.0,False,0.18341460892417685
SN2005ih,SDSS,78,0.257998,40.64218956026087,0.1878151654392074,1.0,1.806597,0.348985,12.85,False,False,True,0.002190385712421377,0.00010621070187631426,4.223870399824143e-05,6.397199787807305e-05,0.008203827815244279,-0.00025670465378093213,0.275,0.002084175010545063,0.001487028927623732,200,1.0,False,0.096470126340523
SN2006jh,SDSS,78,0.119664,39.062620125353504,0.1615090462592559,1.0,1.69061,-0.03676,10.0,False,False,True,0.00023514205217269263,-0.00042486798018880273,-4.634930655006181e-07,-0.000424404487123302,0.0007455132726030353,0.0009277774727839319,0.125,0.0006600100323614954,0.0005077705664091106,200,1.0,False,0.2766692979216131
SN2005fg,SDSS,76,0.256085,40.558176849285886,0.2122677389273237,1.0,339.017639,-0.375189,10.0,False,False,True,0.003050245499346315,0.0009635951823556812,0.001363352606919098,-0.0003997574245634169,0.00694277309097254,-0.0020807080308450562,0.275,0.002086650316990634,0.0013359218972145,200,1.0,False,0.030708623632409466
SN2006gp,SDSS,76,0.211144,40.19589758628982,0.2078994974608722,1.0,338.541679,0.054988,10.0,False,False,True,0.0016671005498652216,0.00034189647522163934,0.0005593331493982669,-0.00021743667417662742,0.002866607189110911,-0.0007128035714539177,0.22500000000000003,0.0013252040746435823,0.0008591408717849,200,1.0,False,0.1346753232389321
SN2006jf,SDSS,76,0.280694,41.447193132065905,0.2068903322445456,1.0,338.727385,0.002038,10.5,False,False,True,0.0024577365740263515,-0.00012146122941666731,0.000519682136988023,-0.0006411433664046902,0.0038618345685298033,0.0003326719287390636,0.275,0.002579197803443019,0.0016415500846551816,200,1.0,False,0.6940040008886781
psc020096,Pan-STARRS,33,0.2261314665211706,40.10308330885708,0.1482635428686725,1.0,161.3141125,58.1927111,9.06,False,False,True,0.014356927513461524,0.011189219153780353,-0.0004899978252922532,0.011679216979072607,0.011956759103085258,-0.024578094854308893,0.22500000000000003,0.0031677083596811694,0.001994980409479813,200,1.0,False,-0.12432173852469759
psc040198,Pan-STARRS,33,0.2494346106528895,40.49970155725148,0.1504710459730074,1.0,161.2890542,58.5546222,9.54,False,False,True,0.00040407910590329254,-0.0033906991927750954,-0.0017493457293872594,-0.001641353463387836,0.0015057140793529327,0.00749610991719382,0.22500000000000003,0.003794778298678388,0.0026613356526596654,200,1.0,False,0.033169086137577894
psc350050,Pan-STARRS,33,0.4048262380468377,41.323808862090544,0.1876552717438826,1.0,161.079675,58.0761944,10.5,False,False,True,0.022333744073599695,0.015177407504132573,0.010337467640333447,0.004839939863799126,0.018429281844022226,-0.03348877769264355,0.42500000000000016,0.007156336569467122,0.005608409754769396,200,1.0,False,-0.34519402832618834
SN2006hi,SDSS,155,0.260698,41.19454599866578,0.2570924109625122,1.0,20.941811,0.816735,10.0,False,False,True,0.0014224223889076576,-0.0007504001024423513,-0.00044859723119134364,-0.0003018028712510072,0.0016464184918763252,0.0016768296935163506,0.275,0.002172822491350009,0.0016259400183802261,200,1.0,False,0.6232789627937363
SN2006om,SDSS,155,0.191763,39.857912188613405,0.1750503144848743,1.0,20.578657,1.010615,10.0,False,False,True,0.005048681663112532,0.0036756883351322348,0.003642236318191986,3.3452016940248836e-05,0.003902334362850251,-0.008005029697017633,0.17500000000000004,0.0013729933279802973,0.0010540772246039915,200,1.0,False,0.03189625543135913
SN2007jz,SDSS,155,0.210749,40.28823608768408,0.1794210895223815,1.0,20.983381,1.254994,10.0,False,False,True,0.00010726959023348048,-0.0014844552153843505,-0.001356695531401796,-0.00012775968398255424,0.0008811332004032631,0.0032569278530916812,0.22500000000000003,0.001591724805617831,0.00122794605465248,200,1.0,False,0.23154005552523843
SN2005fa,SDSS,72,0.160352,39.28338951584366,0.1659695495598935,1.0,24.900312,-0.758714,10.54,False,False,True,0.00030709551173648924,-0.0006141805101025984,-0.0005970506189313756,-1.712989117122266e-05,0.0009404125305215704,0.0013521192088975502,0.17500000000000004,0.0009212760218390876,0.0003935289503444923,200,1.0,False,-0.11572643799458524
SN2006hg,SDSS,72,0.243405,40.48062518000218,0.1962352590738459,1.0,25.243341,-0.727846,10.0,False,False,True,7.958742037596431e-05,-0.0017008252063416222,-0.001622158567494763,-7.86666388468591e-05,0.0002941554727067037,0.0037328538575660975,0.22500000000000003,0.0017804126267175866,0.001070823549091561,200,1.0,False,0.07391402808046081
SN2007me,SDSS,72,0.197257,39.77417307254195,0.1619215968147711,1.0,25.265629,-0.448449,10.0,False,False,True,0.0002230536124068363,-0.0010302879273001726,-0.0009917578942494026,-3.8530033050769856e-05,0.000317894106609051,0.0022636342095139557,0.17500000000000004,0.001253341539707009,0.0006404229040028703,200,1.0,False,-0.11973075218552173
SN2005ez,SDSS,71,0.129033,38.915507500406626,0.1691712615371442,1.0,46.795696,1.119552,10.98,False,False,True,0.00017816187258909167,-4.16396073607514e-05,-3.0794675248377264e-05,-1.0844932112374134e-05,0.00034560550164822325,9.123849090656523e-05,0.125,0.00021980147994984307,0.00013994448132064445,200,1.0,False,-0.04648748629800677
SN2005fv,SDSS,71,0.117406,38.7321728762014,0.160648446697553,1.0,46.343418,0.858359,10.0,False,False,True,0.000701085663236123,0.0005145318995742244,0.0005145318995742244,0.0,0.0014476318403323833,-0.0011193555787689714,0.125,0.00018655376366189858,0.00011560374715990897,200,1.0,False,-0.009408023753140052
SN2007mg,SDSS,71,0.176245,39.79366117266137,0.1640734953060359,1.0,46.640945,0.793304,10.96,False,False,True,0.000961790370018714,0.0003467668587164262,0.00048460126841694625,-0.0001378344097005201,0.0013880767565635959,-0.0007574949779192012,0.17500000000000004,0.0006150235113022879,0.00042851713988889393,200,1.0,False,0.16966403314055237
SN2007jj,SDSS,216,0.233812,40.27552569397771,0.2240644381042914,1.0,26.361374,-0.019418,9.63,False,False,True,0.0030478894084098014,0.0019692098652220116,0.001755814325922541,0.00021339553929947092,0.004009706438013244,-0.0042969870162087006,0.22500000000000003,0.0010786795431877896,0.0006439953929337635,200,1.0,False,-0.03312033363670082
SN2007mt,SDSS,216,0.386667,41.578447898427754,0.2331616202779704,1.0,26.485809,-0.217631,9.39,False,False,True,0.0013092696597081786,-0.002001942970653701,-0.0007913133287754544,-0.001210629641878247,0.0037872517548641882,0.004419907579550418,0.3750000000000001,0.0033112126303618795,0.0021848975378131598,200,1.0,False,0.023550811877940996
SN2007ro,SDSS,216,0.164775,39.36719556284938,0.1679943636931182,1.0,26.120781,0.229765,10.63,False,False,True,0.00022718701904390377,-0.00015834599292434832,-0.00015834599292434832,0.0,0.0010737504909031088,0.00034511818334079323,0.17500000000000004,0.0003855330119682521,0.00023471951239960385,200,1.0,False,-0.09652409381478241
SN-SDSS6696,SDSS,67,0.237417,41.07662048357254,0.2295967166844728,1.0,339.07933,0.479251,10.0,False,False,True,0.00012926867796861775,-0.0009642638910613642,-0.0006818678800027274,-0.00028239601105863694,0.0005652196012831402,0.0021070807615817147,0.22500000000000003,0.001093532569029982,0.0006180423198710976,200,1.0,False,0.7306921956286149
SN2007lo,SDSS,67,0.136959,39.12055973972376,0.1619047226748282,1.0,338.983583,0.609241,11.1,False,False,True,0.00034332717140638414,0.0001562655297402388,0.00019199896911094113,-3.573343937070232e-05,0.0007204079361398522,-0.0003389589987571611,0.125,0.00018706164166614532,8.748988539599429e-05,200,1.0,False,0.018792828898894262
SN2007pq,SDSS,67,0.183876,39.86588040244915,0.1798569183890217,1.0,339.308083,0.736387,10.0,False,False,True,0.0001988784669785241,-0.00034615284760355653,-0.0002735411540377277,-7.261169356582885e-05,0.001049768502586706,0.0007545477597980028,0.17500000000000004,0.0005450313145820806,0.0002853905435471915,200,1.0,False,0.14055573666043467
psc100358,Pan-STARRS,44,0.3649253628609912,41.1135746163926,0.1955483408325401,1.0,352.4444458,0.5905056,9.55,False,False,True,0.0004945515829230714,-0.0018968627276746293,-0.0013524443888236152,-0.0005444183388510148,0.0016876690700625013,0.004185908035638425,0.3750000000000001,0.002391414310597701,0.0013133918983797147,200,1.0,False,-0.29537690149368073
psc420258,Pan-STARRS,44,0.2726382066072101,40.7717538445174,0.1699982030825672,1.0,352.4277583,0.7053611,11.46,False,False,True,0.0006696976142484763,-8.524109442707879e-05,-7.87558374754409e-05,-6.485256951637944e-06,0.000268138958315438,0.000203761301584912,0.275,0.0007549387086755551,0.0004145584900824347,200,1.0,False,0.09036607494112571
SN2006ol,SDSS,44,0.117706,38.66143594537841,0.1644583428203838,1.0,352.029971,0.856355,9.12,False,False,True,2.0093512460346848e-05,-3.103594892166061e-05,-3.103594892166061e-05,0.0,0.00015103043297899188,6.751298928861133e-05,0.125,5.112946138200746e-05,3.891756789942001e-05,200,1.0,False,-0.08608616472751292
SN2005ib,SDSS,102,0.391599,41.53653317453844,0.2439205348854789,1.0,22.85704,-0.603384,10.74,False,False,True,0.004255039591701806,0.00041844595025810737,0.0019159145256820876,-0.0014974685754239802,0.006543209887043237,-0.0008779490566341256,0.3750000000000001,0.0038365936414436986,0.0028006306038572343,200,1.0,False,-0.05040818595117542
SN2005jz,SDSS,102,0.25174,40.46860883117626,0.1677418626722684,1.0,22.862734,-0.631618,9.18,False,False,True,0.004883196909682468,0.003388588478230407,0.0035655218256742623,-0.0001769333474438557,0.002946248578389306,-0.007368421078277749,0.275,0.0014946084314520604,0.0012249895146333786,200,1.0,False,-0.01693186181941984
SN2007qg,SDSS,102,0.314679,40.74723428727408,0.1933065947945507,1.0,23.008219,-0.429732,10.0,False,False,True,0.0004586134308298724,-0.0020074496042521116,-0.0010520939085398276,-0.0009553556957122842,0.002572795166239508,0.004403614491871982,0.32500000000000007,0.002466063035081984,0.0019057044186735247,200,1.0,False,-0.28025087578276725
psc130755,Pan-STARRS,46,0.293609740033445,40.878659315729934,0.1728010231315396,1.0,183.7315917,46.5759056,9.27,False,False,True,0.001050371602961165,0.0003315314710813876,0.00033683427135158415,-5.302800270196523e-06,0.0003960589952048733,-0.0007164777475434513,0.275,0.0007188401318797774,0.0004927018633198043,200,1.0,False,0.01423828681613328
psc140181,Pan-STARRS,46,0.1029706539423862,38.33216556898659,0.1447842531160246,1.0,183.7379125,46.8450444,10.36,False,False,True,1.2936198025523206e-05,-0.000203666913668738,-0.000203666913668738,0.0,5.7295828302637206e-05,0.000443174865616925,0.125,0.0002166031116942612,0.00014575883626723703,200,1.0,False,-0.10508993273298868
psc150254,Pan-STARRS,46,0.2757875411755512,40.6431446262708,0.1458036950914171,1.0,183.2110667,47.1457611,9.36,False,False,True,0.01056943179159462,0.00994304612204006,0.009914352018065736,2.8694103974321035e-05,0.01205533154260401,-0.021874370337147425,0.275,0.0006263856695545618,0.00043655140942120335,200,1.0,False,-0.0665440364545704
SN2005kn,SDSS,126,0.19561,39.94111324254116,0.1806336789546622,1.0,318.885201,-0.35534,10.04,False,False,True,0.004664465333628785,0.0041276325243974465,0.0041276325243974465,0.0,0.00017469075798942827,-0.00903037750657403,0.17500000000000004,0.0005368328092313382,0.0003886895564547876,200,1.0,False,0.06737445126688948
SN2006kq,SDSS,126,0.196112,39.944456379973175,0.1675345015229364,1.0,318.90238999999997,-0.321433,10.93,False,False,True,0.00011526237407450597,-0.00042427624597690574,-0.00042427624597690574,0.0,0.00042790485335006563,0.0009257261792534005,0.17500000000000004,0.0005395386200514117,0.00039109070528769703,200,1.0,False,0.06455468032316583
SN2007mx,SDSS,126,0.404499,41.80742999432421,0.2963691425167635,1.0,318.545296,-0.29625,10.0,False,False,True,0.0010919291600941317,-0.003366074427785878,-0.001143409381837636,-0.002222665045948242,0.003449534465349297,0.007458987544048054,0.42500000000000016,0.00445800358788001,0.0031043710749540506,200,1.0,False,0.1404772387223141
psc120143,Pan-STARRS,45,0.1740977146375708,39.35340300447971,0.1422259926692034,1.0,163.6824375,58.6265639,9.16,False,False,True,0.0001179186276295236,-0.000351018182583185,-0.000351018182583185,0.0,0.000991731042571866,0.0007644258063561738,0.17500000000000004,0.0004689368102127086,0.0003783689241761535,200,1.0,False,-0.24134409717980906
psc340347,Pan-STARRS,45,0.2751318682804606,40.74895142677829,0.1900608675005778,1.0,163.3302583,59.3004833,9.88,False,False,True,0.0037082298064177763,0.001822754227678,4.055240105043756e-05,0.0017822018266275626,0.004562501777870441,-0.0039645462007133975,0.275,0.0018854755787397763,0.001562830507515134,200,1.0,False,0.0451300998859834
psc360145,Pan-STARRS,45,0.1994013386965605,40.00654303990913,0.1453211331331609,1.0,163.6686333,59.0189917,9.91,False,False,True,0.0037736531539444133,0.002996855482710668,0.0031007830149466977,-0.0001039275322360293,0.0033169550647998117,-0.006529927483854494,0.17500000000000004,0.0007767976712337451,0.0006985325771832573,200,1.0,False,0.0866183261581275
SN2006mv,SDSS,197,0.177062,39.67286587585782,0.1643827685813849,1.0,37.731079,0.946299,9.61,False,False,True,0.0006224952771645346,-0.0004586300149348704,-0.0005152035076974829,5.6573492762612265e-05,0.0017911215626593528,0.0010102143422453006,0.17500000000000004,0.001081125292099405,0.0006773054982465192,200,1.0,False,0.037826870892775394
1999fk,Tonry03,197,1.057,44.2039432531771,0.2020112047027809,1.0,37.2245,1.273389,9.88,False,False,True,0.006851153801154726,-0.01173077213384961,-0.006894540925822292,-0.004836231208027318,0.005572403747406563,0.026948435172080076,1.0750000000000002,0.018581925935004337,0.011493491760440339,200,1.0,False,0.11972678959707056
1999fm,Tonry03,197,0.95,43.5515989112848,0.2487170605013635,1.0,37.648417,1.162028,9.88,False,False,True,0.027249467616707688,0.010756930688501056,-0.00778399705791401,0.018540927746415064,0.05978818792983881,-0.027146176130213757,0.9250000000000003,0.01649253692820663,0.010829863776451641,200,1.0,False,-0.18166946018153712
SN2007qp,SDSS,260,0.263567,40.42000832617511,0.1872629826580491,1.0,10.701769,0.379731,10.0,False,False,True,0.0011108048697561442,-0.0007109256866416806,-0.0003442449853274436,-0.00036668070131423675,0.002297449376839442,0.0015698616266585667,0.275,0.0018217305563978249,0.001326556269119423,200,1.0,False,-0.1781383542720336
SN2007sb,SDSS,260,0.210985,39.93922507005264,0.1669771262108459,1.0,10.348955,0.411951,10.0,False,False,True,0.0008717803846853981,-0.0003629797106359596,-0.0002858788668534607,-7.710084378249887e-05,0.0022816124405792048,0.0007984079631024835,0.22500000000000003,0.0012347600953213577,0.000914781844917527,200,1.0,False,-0.12017618797851355
2001gy,Amanullah10,1,0.511,42.39104442922806,0.1112099561481401,1.0,209.26916666666665,4.516777777777778,9.88,False,False,True,0.004973010180810714,-0.0018233247621355034,-0.00082057401245664,-0.001002750749678864,0.009425773532134061,0.004066918513151189,0.5250000000000001,0.006796334942946218,0.004525382876296964,200,1.0,False,0.11534752724541689
2001hb,Amanullah10,1,1.03,44.128791973398755,0.1295813692676899,1.0,209.3,4.340888888888888,9.88,False,False,True,0.027601151547088833,0.012636308578367422,0.017090263294276334,-0.004453954715908912,0.015725847200291805,-0.027749714881337012,1.0250000000000004,0.014964842968721411,0.009291085228369913,200,1.0,False,-0.04769096651244134
SN2006fr,SDSS,143,0.305691,40.5518571103775,0.2496598117614863,1.0,312.625893,0.398666,10.0,False,False,True,0.00013992701525096258,-0.0036630123453229996,-0.0017988315632302464,-0.0018641807820927534,0.0016381427599322857,0.008056134751354676,0.32500000000000007,0.003802939360573962,0.002632036447267299,200,1.0,False,-0.40356390227755895
SN2007kb,SDSS,143,0.136854,39.745039078486975,0.1780477356925404,1.0,313.10294,0.277694,11.32,True,False,True,0.00039138394716228787,2.8130059426201227e-05,-0.00023231108389270443,0.0002604411433189057,0.00010560531161611287,-6.02924555894932e-05,0.125,0.00036325388773608664,0.00025358026287935576,200,1.0,False,0.6450735475309329
SN2006fk,SDSS,141,0.170628,39.50699583350469,0.1694448376004866,1.0,330.255531,0.716239,10.0,False,False,True,0.0007878792459693197,0.0002741286891237686,0.0002741286891237686,0.0,0.002067722351178792,-0.0005940809277263015,0.17500000000000004,0.0005137505568455511,0.0003258897218097213,200,1.0,False,-0.03976837930195762
SN2006iy,SDSS,141,0.203078,39.99403143369956,0.1634966922267191,1.0,330.470112,1.045011,10.0,False,False,True,0.00016121152369641108,-0.0006586481062922275,-0.000611270114321572,-4.7377991970655374e-05,0.0009323668898575259,0.0014414806357468802,0.22500000000000003,0.0008198596299886386,0.0005051362364854853,200,1.0,False,0.026835144499686978
SN2007ok,SDSS,244,0.164548,39.37750935789108,0.1601070445777044,1.0,37.101109,0.184666,11.09,False,False,True,2.8577264627671394e-05,-0.0010441409453641444,-0.0007983068843533815,-0.000245834061010763,0.0004027243179093603,0.0022821005905689974,0.17500000000000004,0.0010727182099918159,0.0006172827160721738,200,1.0,False,-0.08293434114773765
1999fj,Tonry03,244,0.816,43.67686502763977,0.4543108782481914,1.0,37.098833,0.652667,9.88,False,False,True,0.009295740459288517,-0.003907606665830036,0.0007912449534524368,-0.0046988516192824695,0.013595058540891925,0.008952903283499836,0.8250000000000003,0.013203347125118553,0.008927221003666802,200,1.0,False,0.2143207926801649
SCP06H3,SuzukiRubin,268,0.8510319087206601,43.71455409033253,0.2637548043285749,1.0,218.62032916666664,34.457394444444446,10.0,False,True,True,0.001834294017119922,-0.009107705291973833,-0.005184261490951785,-0.003923443801022047,0.005132494557561341,0.02029141492831392,0.8750000000000002,0.010941999309093755,0.006795939955272713,200,1.0,False,0.1438885812052327
SCP06H5,SuzukiRubin,268,1.2322444451875212,43.94650997403997,0.4179640838439718,1.0,218.6255833333333,34.44925,10.0,False,True,True,0.02936903891214716,0.011705428590278642,0.017107917321513316,-0.005402488731234677,0.003953512062271864,-0.025181470157110912,1.2250000000000005,0.017663610321868518,0.011147441847987223,200,1.0,False,-0.9321974812354517
SN1998ax,Knop03,282,0.4988466056462646,42.166810291363106,0.2610359095972174,1.0,164.31825,-3.566444,10.0,False,False,True,0.0012505599820373916,-0.004067963410651386,-0.0029103549381892515,-0.001157608472462134,0.0027044856030682676,0.009037954138897953,0.4750000000000001,0.005318523392688778,0.0033538257763563893,200,1.0,False,-0.011265665083506238
SN1998ay,Knop03,282,0.6400198758695219,42.538541351111675,0.2294635363298087,1.0,164.339625,-3.247194,10.0,False,False,True,0.004416137973828681,-0.003665018796979589,-0.0010787293506074646,-0.002586289446372126,0.003969974450073921,0.008306982840822789,0.6250000000000002,0.00808115677080827,0.0051079862082971965,200,1.0,False,-0.3005486061161355
SCP06C0,SuzukiRubin,265,1.0944145873813222,44.19807537212269,0.3188641421368176,1.0,187.35689583333337,1.849052777777778,10.0,False,True,True,0.0112600596212383,-0.004116443230913706,-0.007663338093816892,0.003546894862903183,0.007471347528798013,0.009784393598641437,1.0750000000000002,0.015376502852152005,0.008725361410185328,200,1.0,False,0.021940869766329196
SCP06C1,SuzukiRubin,265,0.9822848128645638,43.84705917792676,0.2783274485980251,1.0,187.3875541666667,1.860186111111111,10.0,False,True,True,0.0076495088356954765,-0.0056121178160999765,-0.002427492710099605,-0.0031846251060003742,0.014785104883040216,0.012704773673931698,0.9750000000000003,0.013261626651795453,0.007785522732370577,200,1.0,False,-0.15605704847023588
SN2005jv,SDSS,123,0.420927,42.128892506427455,0.2840040764266727,1.0,40.208828,0.993152,10.45,False,False,True,0.0003541881559924856,-0.0024452521217512295,-0.0021500709764267524,-0.0002951811453244772,0.002423290894298047,0.005361104956834484,0.42500000000000016,0.002799440277743715,0.001870357745425712,200,1.0,False,0.36087694541746845
SN2006nh,SDSS,123,0.369516,41.573288412387456,0.232519503617939,1.0,40.210735,0.658751,10.0,False,False,True,0.0029105362105524306,0.0010954056320650362,0.001290986735222146,-0.00019558110315711,0.0010905414464698283,-0.0023591740542246095,0.3750000000000001,0.0018151305784873944,0.0010900136397075332,200,1.0,False,0.1328611834142936
SN2007lk,SDSS,227,0.218814,39.92107648653533,0.1740451241539615,1.0,29.45878,-0.398095,10.0,False,False,True,0.000713031431664359,-0.001754569140973846,-0.0008279027506407483,-0.0009266663903330983,0.00388684799351586,0.003837179082402243,0.22500000000000003,0.002467600572638205,0.0016440838839348057,200,1.0,False,-0.2265117086921063
SN2007os,SDSS,227,0.378399,41.73335947774154,0.2510070786004995,1.0,29.411049,-0.522134,6.61,False,False,True,0.003795076791459687,-0.002563216670994186,-0.0019124773511370158,-0.0006507393198571685,0.0073124717621832255,0.0056968982383788416,0.3750000000000001,0.006358293462453873,0.004309341913456238,200,1.0,False,0.23304325795873554
SN2007lm,SDSS,228,0.212263,40.090985714479864,0.1669482525078905,1.0,48.418526,0.629998,10.0,False,False,True,0.005190145113805326,0.00433402580240029,0.004599725035810801,-0.0002656992334105108,0.004961091390061139,-0.009461631992831199,0.22500000000000003,0.0008561193114050355,0.0006350887967507148,200,1.0,False,0.016983590669989043
SN2007mh,SDSS,228,0.127151,38.90030705500092,0.1600622073573111,1.0,48.632347,0.269818,10.0,False,False,True,0.00047604889922937425,0.0003053635744817487,-0.00015284363559944244,0.00045820721008119113,2.674672947659999e-05,-0.0006681659763702549,0.125,0.00017068532474762556,0.00011513824482562597,200,1.0,False,-0.02731408537917586
SN2006nl,SDSS,203,0.193921,39.890007454311856,0.1691652541337029,1.0,30.436289,-1.03241,10.0,False,False,True,0.00397713487349852,4.2291952596781694e-05,-0.0007826843833776257,0.0008249763359744079,0.004870552191684417,-7.692272082122052e-05,0.17500000000000004,0.003934842920901739,0.0026314777439016574,200,1.0,False,0.03711257944118865
SN2007jw,SDSS,203,0.13639,38.91728458613327,0.1620030089225897,1.0,30.636435,-1.089188,10.14,False,False,True,0.012736623750047214,0.009767648699390924,0.0013610740770159198,0.008406574622375006,0.003379225488071464,-0.02136776035971815,0.125,0.002968975050656291,0.0019379337237444617,200,1.0,False,-0.1747049802335368
SN2006fv,SDSS,144,0.130868,38.852774537998854,0.1603543233065121,1.0,20.407839,0.414533,10.0,False,False,True,8.766525816045155e-05,-0.0005086802377793547,-0.00034805421713438197,-0.00016062602064497263,0.0004212584355962472,0.0011085850086952152,0.125,0.0005963454959398062,0.0003914623300348393,200,1.0,False,-0.14228438848225405
SN2007ka,SDSS,144,0.216737,40.18542859677174,0.1717464574837459,1.0,20.344587,-0.014803,10.0,False,False,True,0.0004377822262796532,-0.0012031688040699674,-0.0008756329401965295,-0.00032753586387343795,0.0016609695411582282,0.002631856090928295,0.22500000000000003,0.0016409510303496207,0.0010460044573620771,200,1.0,False,0.060946999631328255
SN2006hw,SDSS,163,0.138717,39.33388441484421,0.1608646612249668,1.0,48.264305,-0.471626,10.67,False,False,True,0.00020423497521021428,-0.0002485602327625258,-0.0002367428443153176,-1.1817388447208185e-05,0.0005836690042123101,0.0005427417431073974,0.125,0.00045279520797274013,0.0003248735481054358,200,1.0,False,0.20214840535770975
SN2007nu,SDSS,163,0.278216,40.760436432766035,0.18468285099342,1.0,47.959118,-0.692416,10.0,False,False,True,0.0014163957081849213,-0.00026099768025698703,-7.0579379524201e-05,-0.00019041830073278625,0.002306979277495424,0.0005822502000703248,0.275,0.0016773933884419083,0.0010728174718506464,200,1.0,False,0.029128410112515563
SN2006nu,SDSS,205,0.196541,40.11861463085406,0.1712052916320974,1.0,340.829157,0.262909,10.97,False,False,True,0.0010118965326151935,-0.0009106738207438798,-0.00023100842290236834,-0.0006796653978415117,0.00261633248588203,0.001994631156421279,0.17500000000000004,0.0019225703533590733,0.001412157672362921,200,1.0,False,0.23345783676054646
SN2007lp,SDSS,205,0.174828,39.849290719855,0.1649186700217131,1.0,340.92091800000003,0.42138,11.02,False,False,True,0.0034954478184995082,0.0018348909356576558,-0.00044879609506393584,0.0022836870307215915,0.004555417191622158,-0.003999345278003235,0.17500000000000004,0.0016605568828418525,0.001221307866911772,200,1.0,False,0.24455819698082928
SN2006km,SDSS,183,0.299356,40.70170531377528,0.1915422484662478,1.0,35.158035,0.348378,10.0,False,False,True,0.0017633905806689958,-0.00036956435243674815,-0.0003042677174982483,-6.529663493850003e-05,0.0046009804382762575,0.0008251676032386612,0.275,0.002132954933105744,0.00124678651653515,200,1.0,False,-0.21075413036664245
SN2007pe,SDSS,183,0.303942,40.7907241195125,0.1929246443422756,1.0,35.266689,0.496411,10.0,False,False,True,0.0009152289015625317,-0.001331800349436937,-0.001173750410157515,-0.00015804993927942188,0.0026139842148352526,0.002937810545713638,0.32500000000000007,0.002247029250999469,0.0013093513549352702,200,1.0,False,-0.15044609948912802
SN2006kj,SDSS,182,0.210825,39.873098500844186,0.1668061635366078,1.0,51.136692,1.022365,10.0,False,False,True,0.0003727320712489993,-0.0008193176617111424,-0.0005414795420812555,-0.00027783811962988703,0.001023944750896367,0.0017953800826448927,0.22500000000000003,0.0011920497329601417,0.0007367609496352848,200,1.0,False,-0.18446901265786236
SN2007mi,SDSS,182,0.128366,38.91857576627418,0.1613881194162799,1.0,50.881317,0.666634,9.64,False,False,True,0.003435431331513686,0.0031554310516899243,0.0031574452388541336,-2.014187164209261e-06,0.0021329142113986057,-0.006984417095699191,0.125,0.00028000027982376174,0.00012920284881870692,200,1.0,False,-0.03129110807765441
SN2006pb,SDSS,209,0.173568,39.62323186360773,0.169955232837711,1.0,11.68145,-1.032905,11.05,False,False,True,0.0057935373972181695,0.0025580841032946788,-0.0006864260970339123,0.0032445102003285913,0.010172798440720863,-0.005634090438238052,0.17500000000000004,0.0032354532939234907,0.0020663960558266496,200,1.0,False,0.035752192610342154
SN2007ma,SDSS,209,0.106377,38.3924011931931,0.1596620737134193,1.0,11.223947,-0.997054,10.0,False,False,True,0.0036021183594758346,0.0030838802892534946,0.0030838802892534946,0.0,0.002224076863270543,-0.006711824419046697,0.125,0.0005182380702223401,0.00023821237277440188,200,1.0,False,-0.12015068903998978
SN2007hz,SDSS,212,0.138109,38.96333709371184,0.161713181259645,1.0,315.787289,-1.029184,11.04,False,False,True,0.005282022985731927,0.005041447593138214,0.005047177215176123,-5.729622037909707e-06,3.1029170768306184e-05,-0.01108595410172974,0.125,0.00024057539259371284,0.0001907955904022464,200,1.0,False,-0.15807473954991164
SN2007ko,SDSS,212,0.205146,40.241647058813435,0.1892345049709219,1.0,316.093201,-0.898024,10.0,False,False,True,6.746912657118629e-05,-0.0007836731513171288,-0.0006396542564767377,-0.00014401889484039117,0.0010016378435574126,0.001710642513388104,0.22500000000000003,0.000851142277888315,0.0006304041806866961,200,1.0,False,0.2500176819645662
SN2006iz,SDSS,167,0.135051,39.20015541975984,0.1663767714328439,1.0,319.071644,0.559492,9.28,False,False,True,1.4616018072870706e-05,-0.00015161433053372173,-0.00012809669185974778,-2.3517638673973962e-05,5.220028930789815e-05,0.0003301726384346722,0.125,0.00016623034860659244,0.0001335232871090539,200,1.0,False,0.13132649613913688
SN2007pc,SDSS,167,0.136869,39.072920186268085,0.1635123341745138,1.0,318.956097,0.651289,10.0,False,False,True,0.00011340314041961394,-6.839037794992194e-05,-3.872811898349748e-05,-2.966225896642446e-05,0.00021176542661797415,0.00014945238714471462,0.125,0.00018179351836953588,0.00014632348389359914,200,1.0,False,-0.027302764157441553
SN2006hs,SDSS,159,0.251036,40.5896992097709,0.1996193593324279,1.0,39.020218,-0.994179,10.0,False,False,True,0.0016200509056920702,0.000743419069910498,0.0009497327616401981,-0.0002063136917297001,0.000930618333607963,-0.0016113311916268551,0.275,0.0008766318357815722,0.0006490465556038545,200,1.0,False,0.11101484249506922
SN2007ns,SDSS,159,0.366275,41.55911278319414,0.2442675487906198,1.0,39.26236,-0.866615,10.0,False,False,True,0.0011307957759343213,-0.0025818097540622684,-0.0006068655378763932,-0.001974944216185876,0.002791343098396155,0.005691236850167413,0.3750000000000001,0.00371260552999659,0.0023127103264035612,200,1.0,False,0.1408695174418088
SN2006fx,SDSS,145,0.222864,40.38445197165322,0.1700925343924413,1.0,341.567326,0.415896,10.0,False,False,True,0.0009182873442404664,-0.000661410822004621,-0.0003973174679551909,-0.00026409335404943064,0.0036271731274813796,0.001445759405844278,0.22500000000000003,0.0015796981662450874,0.0009689840904674641,200,1.0,False,0.19238694205670898
SN2007pi,SDSS,145,0.30041,40.60630581076737,0.2178464234681119,1.0,341.705549,0.75629,10.0,False,False,True,0.0016110139951814998,-0.0011449427176512062,-0.0015661194544830045,0.00042117673683179837,0.0036044834949411782,0.0025336331439281324,0.32500000000000007,0.002755956712832706,0.0020050551877833123,200,1.0,False,-0.30585286803325346
SN2006hf,SDSS,154,0.208521,40.02616480556683,0.1676232642539804,1.0,345.218732,-0.981143,10.0,False,False,True,0.00022370068855577724,-0.000560523573136764,-0.00022498091181828746,-0.00033554266131847663,0.0012139951714647407,0.001226343899273315,0.22500000000000003,0.0007842242616925413,0.0004177753121691491,200,1.0,False,-0.004852510496020269
SN2006oc,SDSS,154,0.2682,40.7969911542796,0.2122350694143629,1.0,345.701446,-0.876422,10.0,False,False,True,0.0009876864759492832,-0.0008191847132158489,0.0003134835980828169,-0.0011326683112986658,0.002558764558944121,0.0018081728218222715,0.275,0.0018068711891651322,0.0011922724844903388,200,1.0,False,0.15600451115706007
SN2006hd,SDSS,152,0.296828,40.702882105935615,0.1938392650913337,1.0,326.01478199999997,0.726284,10.0,False,False,True,0.009245760108788777,0.007343239246976026,0.007384042586580661,-4.080333960463473e-05,0.0031175001103885378,-0.016033631478960836,0.275,0.0019025208618127511,0.0011361902944100177,200,1.0,False,-0.1885494831084786
SN2007oq,SDSS,152,0.353459,41.15452643890429,0.2347937753645203,1.0,325.62812,0.984606,10.0,False,False,True,0.0043878709799354655,0.0016990284101028865,0.0018435005377335474,-0.0001444721276306601,0.0029681594547618264,-0.0036336241714646734,0.3750000000000001,0.002688842569832579,0.001722693468954752,200,1.0,False,-0.1741717715084104
SN2006na,SDSS,198,0.315818,40.95771713126571,0.2059324537624166,1.0,32.829441,-0.998258,10.0,False,False,True,0.018946509502885334,0.013128252888633691,0.006977531765748965,0.006150721122884725,0.019135229341911027,-0.02911416823469911,0.32500000000000007,0.005818256614251644,0.004334908623321507,200,1.0,False,-0.07876389525767759
SN2007je,SDSS,198,0.159994,39.38940507607314,0.1628182440812596,1.0,32.947124,-0.912429,10.0,False,False,True,0.00019441671164885168,-0.0009906474909841048,-0.0009906474909841048,0.0,0.0002803075613085594,0.002164308186851229,0.17500000000000004,0.0011850642026329564,0.000961999544087233,200,1.0,False,-0.004409203975843406
SN2007lc,SDSS,225,0.113643,38.46745406889688,0.1599856667734939,1.0,12.287929,0.596957,10.45,False,False,True,6.774598290005385e-05,-0.00044567882225346516,-0.00044567882225346516,0.0,9.891228288686972e-05,0.0009735615350209521,0.125,0.000513424805153519,0.0002723244713439745,200,1.0,False,-0.19836069528479922
SN2007mb,SDSS,225,0.189307,39.78626461146332,0.1715132227539872,1.0,12.547336,0.675423,10.92,False,False,True,0.0011161169770050733,-0.00032606912586826916,1.73109033475003e-05,-0.0003433800292157695,0.0010612379139397885,0.0007329789729547216,0.17500000000000004,0.0014421861028733425,0.0008227291274272932,200,1.0,False,-0.008816075767914294
SN2006gn,SDSS,150,0.102644,38.55718613674158,0.1607539487629635,1.0,347.826783,0.504606,10.0,False,False,True,0.003137880281823143,0.002452367849139293,0.002452367849139293,0.0,0.005190800573048014,-0.0053491743742509895,0.125,0.0006855124326838499,0.00031704105809940403,200,1.0,False,0.12727489775298156
SN2006nm,SDSS,150,0.309382,40.921709496237824,0.244615116057271,1.0,348.16409,0.266932,10.73,False,False,True,0.01026748989480702,0.006782280402779965,0.006315416211321376,0.00046686419145858856,0.007956578327600309,-0.014831659064496258,0.32500000000000007,0.003485209492027055,0.0024210722520753535,200,1.0,False,-0.06353960436018492
SN2006gh,SDSS,148,0.246425,40.39293340547241,0.1894252335972819,1.0,13.695609,-0.250863,10.15,False,False,True,0.0006413839141905672,-0.002272925227393648,-0.001358523857445509,-0.0009144013699481394,0.001891379180541755,0.004993465130921559,0.22500000000000003,0.002914309141584215,0.0021710326773700626,200,1.0,False,-0.0439094208221303
SN2006nc,SDSS,148,0.123356,38.73595394111957,0.15958609785128,1.0,13.843731,-0.388811,10.0,False,False,True,4.4532334590045706e-05,-0.0002837693242678925,-0.0002777535357279497,-6.015788539942844e-06,0.00047383805923657287,0.0006175684091317905,0.125,0.00032830165885793823,0.00024696454583737775,200,1.0,False,-0.1208707408915984
SN2006gu,SDSS,151,0.236702,40.20915161571084,0.1834911711586701,1.0,10.162345,-0.073567,10.0,False,False,True,0.00046685993054207755,-0.0018401643841210002,-0.0010527964619187458,-0.0007873679222022545,0.0005454836547036,0.004027625118100489,0.22500000000000003,0.0023070243146630777,0.0016016492505189833,200,1.0,False,-0.1294241738247362
SN2007ji,SDSS,151,0.177685,39.450646634742085,0.1691535259191141,1.0,9.701524,-0.179249,10.0,False,False,True,0.00040360887841172586,-0.0009280659023875079,-0.00042367028065230095,-0.0005043956217352069,0.0009186267973470099,0.002031654469592842,0.17500000000000004,0.0013316747807992338,0.0009673909670233722,200,1.0,False,-0.19278042462842768
SN2005lf,SDSS,131,0.299222,41.08304783414805,0.2930874950373669,1.0,349.675398,-1.204882,10.0,False,False,True,0.0024139999985816362,0.00021365305867915687,-0.00016603634419563732,0.0003796894028747944,0.0036895560956369702,-0.0004509941066642015,0.275,0.0022003469399024794,0.0015549593450346058,200,1.0,False,0.17169886683761162
SN2006hk,SDSS,131,0.287424,40.91242457999419,0.1852179578010116,1.0,350.123089,-1.157847,10.0,False,False,True,0.0004987038868880697,-0.001369533614044374,-0.0010426745484430938,-0.0003268590656012797,0.0014868434726167696,0.002996828391787605,0.275,0.0018682375009324436,0.0013921386334856938,200,1.0,False,0.10069842034340139
SN2005ii,SDSS,107,0.29353,40.907652729340086,0.1987773973122694,1.0,3.265553,-0.620118,10.72,False,False,True,0.0011907256311223106,-0.0002206841068826931,-0.0004017776888609924,0.00018109358197829938,0.0027421232307666926,0.0004767667281051595,0.275,0.0014114097380050037,0.0008229353751417021,200,1.0,False,0.04390442381692152
SN2006nv,SDSS,107,0.284337,40.67641804482479,0.1953854920757048,1.0,3.12444,-0.977309,10.0,False,False,True,0.002528292259457309,0.0011955057967908565,-0.0007166678243193834,0.0019121736211102404,0.004033445354994174,-0.002605982955386744,0.275,0.0013327864626664525,0.0007778942736181751,200,1.0,False,-0.10861687555671738
SN-SDSS1688,SDSS,64,0.357669,41.30641840394931,0.2864366222258144,1.0,321.35775,0.324543,10.5,False,False,True,0.0004926430873553576,-0.0014935944276081787,-0.0012053003282742505,-0.00028829409933392837,0.00278013828909453,0.0032780857088119952,0.3750000000000001,0.0019862375149635363,0.001670581590332947,200,1.0,False,-0.05202251934934849
SN2005iy,SDSS,64,0.402761,42.11752866002181,0.3377087852099674,1.0,321.216438,0.385616,10.0,False,False,True,0.013656334917453297,0.011305368925744092,0.011622739785534651,-0.0003173708597905585,0.012323542631920639,-0.02484293280678348,0.42500000000000016,0.0023509659917092035,0.0019204636477706516,200,1.0,False,0.4614903431379766
SN2005gd,SDSS,88,0.159901,39.31896191255347,0.1625872515294225,1.0,26.962612,0.6406,10.0,False,False,True,0.004282909370266709,0.003769757586640621,0.003769757586640621,0.0,0.006512582938034062,-0.008238418171411382,0.17500000000000004,0.0005131517836260882,0.00029867240282395056,200,1.0,False,-0.07347330217742273
SN2006gv,SDSS,88,0.197858,40.46467883264859,0.2002126925716397,1.0,27.151546,0.328219,10.0,False,False,True,0.004149200014867999,0.003288284834204575,0.0033098838649921625,-2.1599030787587487e-05,0.003060090906202667,-0.00716009291769161,0.17500000000000004,0.000860915180663424,0.0006175140150591593,200,1.0,False,0.5634556369642032
SN2005fz,SDSS,86,0.12303,38.80978523924102,0.1642192874260104,1.0,315.921719,0.569566,10.0,False,False,True,0.00013355798427536916,-0.0003200571594659168,-0.0003200571594659168,0.0,0.00032154922145851626,0.0007014403098677736,0.125,0.000453615143741286,0.00021168690789535185,200,1.0,False,-0.040862450873882475
SN2007qk,SDSS,86,0.301646,40.795233111218934,0.2559867172519112,1.0,315.808842,0.457351,10.0,False,False,True,0.0051174148696672625,0.002058373488259216,0.002767718157952591,-0.0007093446696933745,0.003163006080424884,-0.004446872101610242,0.32500000000000007,0.0030590413814080464,0.001965102092723708,200,1.0,False,-0.1271137052486656
SN2005fw,SDSS,83,0.143104,39.17302996808952,0.1607905006917191,1.0,52.704308,-1.238076,10.0,False,False,True,0.0011204406224998927,0.000509891968074813,0.0005144265407391228,-4.534572664309867e-06,0.001354261830377374,-0.0011101441296228727,0.125,0.0006105486544250797,0.00045278512248565176,200,1.0,False,-0.03196468009931548
SN2005hs,SDSS,83,0.300212,40.86262384612199,0.2126547254234437,1.0,52.341984,-1.094704,9.73,False,False,True,0.0005798587706764655,-0.0018339691543649004,-0.001863827371263155,2.9858216898254807e-05,0.002172750143920266,0.004026541256582263,0.32500000000000007,0.002413827925041366,0.0017635719471513081,200,1.0,False,-0.04789914798428664
SN2005fp,SDSS,81,0.211788,40.53931730682084,0.2046619947564839,1.0,6.807123,1.120598,11.17,False,False,True,0.0004287937707174843,-0.000698412255366825,-0.0006473665708781872,-5.104568448863791e-05,0.0023422907221822653,0.0015244833178682101,0.22500000000000003,0.0011272060260843094,0.0007140173282113086,200,1.0,False,0.4707323984497992
SN2006kk,SDSS,81,0.384917,41.69561332225693,0.2517463372257487,1.0,6.916098,0.649507,10.0,False,False,True,0.0032766507603578876,-0.0010517033046649462,-0.002189465786029871,0.0011377624813649248,0.006317469818620951,0.0023201908546692067,0.3750000000000001,0.004328354065022834,0.00286791977872792,200,1.0,False,0.15217771973138555
SN2005fj,SDSS,79,0.1407,39.2878901060895,0.165492323159888,1.0,317.836819,-0.445333,10.0,False,False,True,4.825148207679062e-06,-0.0005955139143010764,-0.0005955139143010764,0.0,3.61216649330227e-05,0.001299095036917197,0.125,0.0006003390625087554,0.0003940264054840566,200,1.0,False,0.12277449681028546
SN2006mz,SDSS,79,0.244357,40.29670636986833,0.1855407385736393,1.0,317.645042,-0.12322,10.0,False,False,True,0.0018780896772401553,0.0004872992312635921,-0.00021083376930932849,0.0006981330005729205,0.0030932817687577023,-0.001052625211764717,0.22500000000000003,0.0013907904459765632,0.001160742276111488,200,1.0,False,-0.1195404448265532
SN-SDSS20088,SDSS,66,0.243149,40.29026244635384,0.1645023502421163,1.0,13.205203,0.6315,10.0,False,False,True,0.000615141979055134,-0.0012320267395171066,-0.0010311415340490764,-0.0002008852054680298,0.001985119879062003,0.002702738229968112,0.22500000000000003,0.0018471687185722405,0.001137477366057008,200,1.0,False,-0.11387859942568042
SN2006ga,SDSS,66,0.234759,40.217946802403624,0.1776122097757157,1.0,13.234693,0.447858,10.33,False,False,True,0.0002764623460402612,-0.0014499068074550158,-0.0012318199149167091,-0.00021808689253830646,0.0017380644999420648,0.003174881966171662,0.22500000000000003,0.001726369153495277,0.0010286027031142309,200,1.0,False,-0.10054424526515333
psc490037,Pan-STARRS,53,0.4246596137745251,41.65190421575168,0.1880413738520157,1.0,149.9571958,0.8166167,11.42,False,False,True,0.06595450286164421,0.059279447055490216,-0.0002923733613187053,0.05957182041680892,0.004967236195317439,-0.13350114921133516,0.42500000000000016,0.006675055806153999,0.003958166674032729,200,1.0,False,-0.13856102279433946
psc590002,Pan-STARRS,53,0.2003948260806509,39.9617870130726,0.1457157513967911,1.0,149.5448583,0.8783056,11.27,False,False,True,0.001509090418926042,-0.001323357968487918,-0.0008634825771615274,-0.00045987539132639034,0.002899976072647629,0.0029135650746553,0.22500000000000003,0.00283244838741396,0.0019047963618926559,200,1.0,False,0.026638905213134764
SN2005gw,SDSS,94,0.275441,40.67707413294448,0.1975228772869064,1.0,354.498314,0.642106,10.0,False,False,True,0.0014544995004262336,-0.001041019760917528,-0.0009262431856674504,-0.00011477657525007725,0.001803521499776422,0.0023131989496169626,0.275,0.0024955192613437616,0.002095026692855915,200,1.0,False,-0.029515091833812495
SN2007pw,SDSS,94,0.242669,40.42626041920329,0.1894131585958412,1.0,354.394368,0.248099,10.68,False,False,True,0.000843956554558195,-0.0012926641606576916,-0.0012353740628473849,-5.729009781030687e-05,0.0038175587397326505,0.002835923925730158,0.22500000000000003,0.0021366207152158866,0.0016654525219580523,200,1.0,False,0.026945086223230705
psc160066,Pan-STARRS,48,0.531757715042072,42.70996771524913,0.2755066218248888,1.0,186.58815,46.595925,9.21,False,False,True,0.003555689819832934,-0.001976296845188596,0.000508430955178408,-0.002484727800367003,0.005116731874446137,0.004420911269638884,0.5250000000000001,0.00553198666502153,0.003945682988359215,200,1.0,False,0.33165300263915565
psc370498,Pan-STARRS,48,0.2615686266319308,40.618749935041784,0.1460861104967052,1.0,186.266325,46.8061583,11.63,False,False,True,0.0011829776396482324,-4.960141869576819e-05,-0.000719932983346282,0.0006703315646505138,0.0020092695735264127,0.00011791231803827927,0.275,0.0012325790583440006,0.0009023357882728866,200,1.0,False,0.03929717945635771
psc091869,Pan-STARRS,42,0.2872282380732514,40.81186223725836,0.1554943276511322,1.0,351.9074833,-1.7624528,10.35,False,False,True,0.006616031747361087,0.003859010745977787,-0.0008313341667835108,0.004690344912761297,0.005907435088393063,-0.008415039845261181,0.275,0.0027570210013833,0.0019064827785551697,200,1.0,False,0.0018208034217890496
psc310042,Pan-STARRS,42,0.2384868184167616,40.38588106204911,0.2331261552673487,1.0,351.4510792,-1.7232194,11.64,False,False,True,0.0022727450682397126,8.752813114089276e-05,-0.0005389925611888574,0.0006265206923297495,0.005670346632969538,-0.00019888550187793091,0.22500000000000003,0.00218521693709882,0.0014351930288852154,200,1.0,False,0.028989830245530188
psc050580,Pan-STARRS,40,0.4510026369982192,41.55736086620109,0.1748133410086233,1.0,212.9907042,52.0718472,10.15,False,False,True,0.0012098873973898229,-0.002723616357404213,-0.0022642382929049863,-0.0004593780644992267,0.004425702271688017,0.006079656165891378,0.4750000000000001,0.003933503754794036,0.002162209532476346,200,1.0,False,-0.36238003283477827
psc500004,Pan-STARRS,40,0.250925899715356,40.29183142398827,0.1533901228972657,1.0,213.023325,51.6738889,9.15,False,False,True,3.6176425422046915e-05,-0.0007521563934843655,-0.0007445641006140087,-7.592292870356721e-06,0.0005108358404637924,0.0016504135742056421,0.275,0.0007883328189064124,0.0002780416394601852,200,1.0,False,-0.18577905593393226
psc030006,Pan-STARRS,36,0.5032591817957657,42.05362076354541,0.2708750389446099,1.0,162.5245125,58.7774194,9.52,False,False,True,0.0005213439546357329,-0.002327822483945928,-0.0014057249857552978,-0.00092209749819063,0.0032544071940260083,0.005117192250927236,0.5250000000000001,0.0028491664385816608,0.0018036481432556688,200,1.0,False,-0.1828025069962483
psc350630,Pan-STARRS,36,0.3057547639787039,40.91696197811425,0.1467695106783368,1.0,162.4043042,58.9533444,11.15,False,False,True,0.0008729770607515863,-8.040241393564513e-05,-2.4587987187805636e-06,-7.794361521686463e-05,0.0014562623446711144,0.00018351955955281537,0.32500000000000007,0.0009533794746872314,0.0007210814101141805,200,1.0,False,-0.03897715408711146
psc020027,Pan-STARRS,31,0.1105788373813174,38.60289209151728,0.1457432346917727,1.0,186.3361583,46.0152083,10.75,False,False,True,0.015314343458523234,0.014216350301431426,0.014216350301431426,0.0,0.005254999442892925,-0.031147989300102027,0.125,0.0010979931570918085,0.0010176208780892947,200,1.0,False,0.00054565788480547
psc510113,Pan-STARRS,31,0.2916031972277881,40.8137449429341,0.1689002254514015,1.0,186.5827875,46.0665861,8.6,False,False,True,0.0011949896723899072,-0.0020132915006254508,-0.0016015944857831876,-0.0004116970148422633,0.0036137805070086764,0.004435254692511715,0.275,0.003208281173015358,0.002084122957081512,200,1.0,False,-0.03369633608983678
01308326,DES3_Shallow,12,0.3262460754704019,41.138771967510344,0.1151733494272493,1.0,42.270138,0.582344,9.66,False,False,True,0.00022058338172630128,-0.001683531217000557,-0.001130733062557517,-0.0005527981544430398,0.0013895973830169031,0.003694697118554947,0.32500000000000007,0.0019041145987268582,0.0012063604221020801,200,1.0,False,0.02129819232758
SN2005fu,SDSS,12,0.19029,39.978008582645984,0.1686987474378838,1.0,42.633732,0.807796,10.0,False,False,True,9.950856504639582e-05,-0.0003219739430290324,-0.0003158945841010809,-6.079358927951492e-06,0.0002684756348833733,0.0007018931296172218,0.17500000000000004,0.00042148250807542823,0.00025983178432959376,200,1.0,False,0.17050166549183723
SN2005gv,SDSS,93,0.361934,41.357179637320286,0.2452812972747332,1.0,38.475533,0.280717,9.34,False,False,True,0.0002940393230980424,-0.0017277941538999283,-0.001317287135623209,-0.00041050701827671934,0.0023351796311431583,0.0037851347069196,0.3750000000000001,0.002021833476997971,0.0014791958583411915,200,1.0,False,-0.03106328296735767
1999ff,Tonry03,93,0.455,42.21468090901816,0.1403263991419068,1.0,38.476625,0.548778,9.88,False,False,True,0.0007321388738031594,-0.002517043306474796,-0.0014332156410053868,-0.0010838276654694097,0.00299699807988979,0.005536501381851671,0.4750000000000001,0.0032491821802779555,0.002542488987341939,200,1.0,False,0.2723973411448385
SN1998be,Knop03,284,0.6455696660919505,42.73263394741585,0.2771831794493929,1.0,206.587042,2.044556,10.0,False,False,True,0.011462311181925623,0.004998130265569718,0.0057415428262895096,-0.0007434125607197911,0.005839569846152705,-0.01080081907704845,0.6250000000000002,0.006464180916355905,0.004568486896842519,200,1.0,False,-0.12895556160952049
SN1998bi,Knop03,284,0.7416514357424877,42.83263308809672,0.2255044209022647,1.0,206.936333,2.349222,10.0,False,False,True,0.019244226111462072,0.01133748090225458,0.009205466262400505,0.002132014639854079,0.009322146495246238,-0.024835849373498926,0.7250000000000002,0.007906745209207491,0.005566623881402281,200,1.0,False,-0.3373033670857858
SN2005ie,SDSS,105,0.279228,40.7826841312824,0.1802291830539701,1.0,34.760574,-0.272839,10.56,False,False,True,0.00022684851328912535,-0.0013240288373346685,-0.0012951870767140326,-2.884176062063572e-05,0.00039674416932228496,0.00291683206455654,0.275,0.0015508773506237939,0.0008881171816537852,200,1.0,False,0.04241829359255702
SN2007ps,SDSS,105,0.248828,40.473401706468245,0.1772213944443872,1.0,34.806366,-0.384841,10.0,False,False,True,4.5234505147537157e-05,-0.0011807778722470869,-0.0011805126282946727,-2.65243952414145e-07,0.0003293585178583652,0.0025934906162146804,0.22500000000000003,0.001226012377394624,0.0006888583773258786,200,1.0,False,0.01282661925267263
SN2005hn,SDSS,96,0.106938,38.5543878028114,0.1623209736542842,1.0,329.2677,-0.223487,10.0,False,False,True,1.1493663498548633e-06,-0.00017663238364884308,-0.00017663238364884308,0.0,8.229308000304721e-06,0.0003847503591994469,0.125,0.00017778174999869795,6.790518387206315e-05,200,1.0,False,0.0296548473783375
SN2007my,SDSS,96,0.291136,40.52277242693146,0.1985807677116084,1.0,328.884178,-0.371996,10.42,False,False,True,0.0011157065828396042,-0.0006130656239870752,0.0002052554912425424,-0.0008183211152296174,0.003620794839828205,0.0013484360404734056,0.275,0.0017287722068266794,0.000985219051055868,200,1.0,False,-0.3206998224850084
SN2005hr,SDSS,98,0.116348,38.731506008205685,0.159455588457675,1.0,49.640949,0.123341,8.76,False,False,True,1.5036952956965014e-05,-0.0002871855637203729,-0.0002871855637203729,0.0,5.697559549925558e-05,0.0006255505877328555,0.125,0.00030222251667733795,0.0001912061272592195,200,1.0,False,0.010992844782818187
SN2006lb,SDSS,98,0.181225,39.61338841415051,0.1608930707625223,1.0,49.867435,-0.31803,10.0,False,False,True,0.0007382812592424378,1.0047773925002867e-05,-8.577255980090975e-05,9.582033372591256e-05,0.0018156292735948567,-2.301230918316105e-05,0.17500000000000004,0.0007282334853174349,0.0005568938245098223,200,1.0,False,-0.0771869493758752
SN2005hz,SDSS,101,0.129282,38.883516585305614,0.1583258990848871,1.0,11.634153,0.838215,10.0,False,False,True,0.00031258184568420597,-0.00029013968020265247,-0.00010359581958666695,-0.00018654386061598555,0.0003042636909018869,0.0006356295652791103,0.125,0.0006027215258868584,0.00036065540518682955,200,1.0,False,-0.08299086312389788
SN2005jc,SDSS,101,0.21163,39.95966775538273,0.1660316493549384,1.0,11.351705,1.075577,10.0,False,False,True,0.00020755715792381078,-0.0017921650035639578,-0.0010665308290650135,-0.0007256341744989443,0.0005175778625204074,0.003926094546774567,0.22500000000000003,0.0019997221614877687,0.0015005226852448238,200,1.0,False,-0.10711271587248745
SN2005id,SDSS,104,0.185002,39.765397145674186,0.1614050959152462,1.0,349.138805,-0.663224,10.17,False,False,True,4.013646631828076e-05,-0.0004574076688249235,-0.00045745372609167336,4.605726674994468e-08,2.544242155987337e-05,0.0009999847902682475,0.17500000000000004,0.0004975441351432043,0.00030530499040275086,200,1.0,False,0.025453878782538714
SN2006ln,SDSS,104,0.230491,39.90031801485257,0.1647193353236134,1.0,348.83295,-0.562608,9.83,False,False,True,0.00012444425043193287,-0.0005523895826952422,-0.0005519220827799444,-4.67499915297782e-07,0.0015593059909314554,0.0012074137678372786,0.22500000000000003,0.0006768338331271752,0.000458509957173523,200,1.0,False,-0.37350831588768874
SN2005li,SDSS,132,0.256719,40.52822753259222,0.2078404933931861,1.0,335.81435799999997,0.253036,10.0,False,False,True,0.002578923857267952,-0.0005712351190211985,0.0008736320887825233,-0.0014448672078037224,0.008316069195614678,0.0012696992949948471,0.275,0.0031501589762891503,0.00215583014018224,200,1.0,False,-0.00530339167403058
SN2007nk,SDSS,240,0.209304,40.01728944150052,0.1651314985185933,1.0,50.235523,1.058141,10.0,False,False,True,0.002892417302343186,0.0024363221783390726,0.0024363221783390726,0.0,0.0022143996446586343,-0.005303629780370437,0.22500000000000003,0.0004560951240041134,0.0003466275972810097,200,1.0,False,-0.022781217467018847
SN2007pp,SDSS,254,0.268214,40.71706641862784,0.1955040615116995,1.0,47.754841,0.356752,10.0,False,False,True,0.0035783765529781657,0.0009344756423663365,0.0014451738509625106,-0.0005106982085961749,0.010471915551520525,-0.0020961814783518953,0.275,0.0026439009106118292,0.0015823901046989057,200,1.0,False,0.07595136303366969
SN2007pn,SDSS,253,0.303835,41.25609047536953,0.2176811818465879,1.0,34.141296,-0.722368,9.68,False,False,True,0.0009829067640495378,-0.0002930133198495719,-0.00012894670904062809,-0.00016406661080894345,0.0017896647210213165,0.0006510233403789643,0.32500000000000007,0.0012759200838991097,0.0007727853109035049,200,1.0,False,0.3157945508006699
SN2007pj,SDSS,252,0.352358,41.59228485745786,0.2548754718357697,1.0,357.29456,0.797875,10.29,False,False,True,0.0011254288823058347,-0.001613746956175177,-0.0013722820048691965,-0.00024146495130598087,0.005835599544915373,0.0035470581163533034,0.3750000000000001,0.0027391758384810116,0.001649150997335733,200,1.0,False,0.2714191521680593
SN2007oy,SDSS,250,0.401275,41.341298989033675,0.2421821083241097,1.0,349.481023,1.22284,10.0,False,False,True,0.010185512244121751,0.006085283816527533,0.006763638700190549,-0.0006783548836630175,0.012404316357395414,-0.013351082028397937,0.42500000000000016,0.004100228427594219,0.0028758215939367485,200,1.0,False,-0.3053726167741622
SN2007ox,SDSS,249,0.201533,39.84118005081828,0.1691663723782508,1.0,341.74198,-0.071822,10.0,False,False,True,0.0019288261596258698,0.0004987896272215327,0.00019288032157260804,0.00030590930564892434,0.0028320305603307407,-0.001074644986340819,0.22500000000000003,0.0014300365324043372,0.0009027236514693147,200,1.0,False,-0.10761096539790856
SN2007ov,SDSS,248,0.313762,41.11636349169611,0.2067359963392619,1.0,40.286488,0.144448,10.38,False,False,True,0.00141355675480922,0.0008530437317859656,0.0008587557847123469,-5.712052926381132e-06,0.0022224645923490357,-0.0018523722505557852,0.32500000000000007,0.0005605130230232543,0.0003499533968566403,200,1.0,False,0.09614276055928404
psc020176,Pan-STARRS,35,0.2609145508479955,40.509001303550775,0.1524803084276692,1.0,211.8624,53.3429167,8.79,False,False,True,0.00482477724842338,0.0033290129919052005,0.003365524137683361,-3.651114577816096e-05,0.008416621683585875,-0.007297933379945354,0.275,0.0014957642565181792,0.001066185336907319,200,1.0,False,-0.06430412721438204
SN2007of,SDSS,242,0.396541,41.91321085920428,0.3340653980261831,1.0,316.234474,0.060993,10.0,False,False,True,0.0006531325830568853,-0.0027498775859076023,-0.002339960200774242,-0.0004099173851333609,0.002504949087687357,0.006079147161866074,0.3750000000000001,0.0034030101689644875,0.0019166294819803003,200,1.0,False,0.29453435098076314
SN2007nt,SDSS,241,0.213228,40.030422264736984,0.1779321632458146,1.0,46.682472,-0.754019,10.0,False,False,True,0.017947911887846453,0.014162403122920214,0.01442574708458141,-0.0002633439616611964,0.00927441999370678,-0.031129645832900364,0.22500000000000003,0.0037855087649262386,0.0034173544897268425,200,1.0,False,-0.054550791421496284
SN2007nd,SDSS,237,0.26856,40.84767628515208,0.189641459567523,1.0,10.078404,-1.037373,10.48,False,False,True,0.000830548282462441,-0.0022286263000167884,-0.0015691196661718919,-0.0006595066338448965,0.003699127582806623,0.004950680337923542,0.275,0.0030591745824792294,0.001805431499740529,200,1.0,False,0.20338957687911388
SN2007ng,SDSS,239,0.400093,41.61246128201936,0.2853145146814633,1.0,36.408752,0.709571,10.0,False,False,True,0.007741084272994409,0.004230220723627369,0.004519523425449639,-0.0002893027018222705,0.0065702481182114345,-0.009177224128398286,0.42500000000000016,0.00351086354936704,0.0021292439041697025,200,1.0,False,-0.02673674888049995
SN2007ne,SDSS,238,0.204532,40.000492367257614,0.1688493462436987,1.0,13.509144,1.069021,10.13,False,False,True,0.0017108333543422647,-0.0007674588052840432,-0.00036144137576015357,-0.00040601742952388987,0.004271252341482281,0.0017028429395257805,0.22500000000000003,0.002478292159626308,0.0018562040712215655,200,1.0,False,0.016093327701115642
SN2007pv,SDSS,256,0.233708,40.656913650325194,0.20929964513559,1.0,329.938124,1.126947,11.46,False,False,True,0.0004868788366430307,-0.0009901603760297116,-0.0009197046196835918,-7.045575634611965e-05,0.0004765613584489832,0.0021764858624564462,0.22500000000000003,0.0014770392126727424,0.0009003831162751645,200,1.0,False,0.3493510588123615
SN2007nb,SDSS,236,0.276185,40.69198997470289,0.1718906597417819,1.0,351.375258,0.423105,10.0,False,False,True,0.007683507011460523,0.005234192537134577,0.006613794541250425,-0.0013796020041158472,0.0031142797623807603,-0.011375750709299609,0.275,0.0024493144743259455,0.0015670452220204589,200,1.0,False,-0.02124909470307033
SN2007mw,SDSS,235,0.325692,41.06685594691523,0.2388623040894078,1.0,345.761495,0.849165,10.48,False,False,True,0.0007622210809233468,-0.002464872352495392,-0.0009227555104818783,-0.0015421168420135139,0.00274399965867879,0.0054221535232769165,0.32500000000000007,0.0032270934334187387,0.002004179383530308,200,1.0,False,-0.04637516083766026
SN2007mv,SDSS,234,0.257219,40.56026770644717,0.18405175396476,1.0,8.905735,0.370035,10.0,False,False,True,0.0014335681648209374,-0.0004382089815729616,0.00011595626245674098,-0.0005541652440297026,0.0047446895844207165,0.0009598892358396089,0.275,0.001871777146393899,0.0013107352343608492,200,1.0,False,0.021965243862413626
SN2007lw,SDSS,231,0.285433,40.9966995537222,0.1994109632766897,1.0,354.203771,-0.78223,10.04,False,False,True,0.0005344672053500413,-0.0024113278015226447,-0.0017649183059551348,-0.0006464094955675093,0.0008901255007098461,0.005332505445095008,0.275,0.0029457950068726858,0.0018243861525221957,200,1.0,False,0.20215767790927955
SN2007lu,SDSS,230,0.318042,41.80002762107954,0.2642493450039586,1.0,330.395432,-0.256872,10.16,False,False,True,0.0007778220331591738,-0.0017302702576260246,-0.0016267482675349255,-0.00010352199009109892,0.0019615580744870667,0.003835829797144052,0.32500000000000007,0.0025080922907851984,0.0016847838788394734,200,1.0,False,0.746067618852481
SN2007ls,SDSS,229,0.241847,40.47474225995914,0.17232753867921,1.0,307.116955,0.006237,10.0,False,False,True,7.993628233164904e-05,-0.0013292180054142793,-0.0008377932222840733,-0.0004914247831302057,0.000778741512042259,0.002910690480785283,0.22500000000000003,0.0014091542877459283,0.0011378555988678166,112,1.0,False,0.0837115358495683
SN2005jg,SDSS,115,0.303538,41.01033355212997,0.1955035992254626,1.0,345.26236,-0.207367,10.0,False,False,True,0.0039859915170697285,0.0015411868113064733,0.0029278572227593707,-0.0013866704114528974,0.004819331775927805,-0.003334813284853997,0.32500000000000007,0.002444804705763255,0.0013781773456095897,200,1.0,False,0.07246590170957266
psc050303,Pan-STARRS,39,0.3283939561618896,41.29133550985816,0.1921099838062825,1.0,241.4368042,56.0744167,11.25,False,False,True,0.0004355873358003824,-0.001197180601933839,-0.001150702142623695,-4.6478459310144156e-05,6.609887184724207e-05,0.002627667003415908,0.32500000000000007,0.0016327679377342215,0.0009977524000029361,200,1.0,False,0.15747781256571136
SN2007pr,SDSS,255,0.331364,41.19443735704843,0.2412985447921933,1.0,346.55429,0.328961,10.0,False,False,True,0.0006384438670098867,-0.0015866098671247695,-0.001342170007602846,-0.0002444398595219235,0.001762532308847693,0.003483445927879703,0.32500000000000007,0.002225053734134656,0.0015245119466034437,200,1.0,False,0.03808708696056816
SN2007qi,SDSS,258,0.275735,40.750393222027945,0.1954674870939477,1.0,349.119993,-0.098497,10.0,False,False,True,0.00013285210732485347,-0.0006773069774756777,-0.0006768380784395034,-4.6889903617423644e-07,0.0010586801068532574,0.001481421992560543,0.275,0.0008101590848005311,0.0005427683154968087,200,1.0,False,0.04117425167683122
SN2007qh,SDSS,257,0.245577,40.40519070922659,0.1789782766067436,1.0,9.878607,1.024336,10.0,False,False,True,0.010513799428231984,0.006676983428533359,0.007078568278571139,-0.00040158485003777993,0.003011708400901709,-0.014732998547682397,0.22500000000000003,0.003836815999698625,0.003327024663787649,200,1.0,False,-0.023225994441821454
SN2007kt,SDSS,222,0.237751,40.32018451437058,0.1746188167639059,1.0,27.599838,1.172075,10.35,False,False,True,0.0008066674983633823,-0.0020483087589620724,-0.0011117415986340786,-0.0009365671603279938,0.0024950692398864583,0.004527024957327651,0.22500000000000003,0.0028549762573254547,0.0017529844840482507,200,1.0,False,-0.029171338568010866
SN1998ba,Knop03,283,0.4313769956432205,42.16108292553877,0.2466576122149118,1.0,205.903833,2.325167,10.0,False,False,True,0.013431361569085622,0.004984475865881395,0.008175403725536514,-0.003190927859655118,0.009914674216588999,-0.010829974671219812,0.42500000000000016,0.008446885703204227,0.005561111663686631,200,1.0,False,0.33067560224066245
01306991,DES3_Shallow,11,0.4217288327608803,41.602488258646986,0.2049774082069199,1.0,8.468144,-42.094757,10.0,False,False,True,0.0013369337824960196,-0.0047866651739947854,-0.002598645619346181,-0.0021880195546486038,0.00171315193648814,0.010617528954661986,0.42500000000000016,0.006123598956490805,0.004226236844291311,200,1.0,False,-0.17036549849750804
SN1998aw,Knop03,281,0.4417769224156533,41.98345641813732,0.2226421766850439,1.0,164.062583,-4.255972,10.0,False,False,True,0.004528216564422372,-0.001038671418865828,-0.0019862971578466877,0.0009476257389808584,0.012120050435257627,0.002270471003570496,0.42500000000000016,0.0055668879832882,0.0037332999194385165,200,1.0,False,0.09234020782735052
SN1998as,Knop03,280,0.356669857238711,41.28713436000602,0.2239563625345471,1.0,163.48425,-3.652778,10.0,False,False,True,0.0009262914205070798,-0.0014511539453596236,-0.0010282798348917707,-0.00042287411046785335,0.0029480154450249505,0.003204857953098545,0.3750000000000001,0.0023774453658667034,0.0015373439186010976,200,1.0,False,-0.06427734109276002
SN1997ez,Knop03,279,0.779589446060688,43.191982546300096,0.2268367111387299,1.0,125.408875,3.419583,10.0,False,False,True,0.005019270961532344,-0.007554236467897612,-0.0038914063136100225,-0.003662830154287591,0.017534862087207215,0.016659499926991627,0.7750000000000002,0.012573507429429956,0.00832089045905988,200,1.0,False,-0.07294275122000216
SN1997eq,Knop03,278,0.5379083714629205,42.33108421936659,0.2290638323356522,1.0,74.734667,-3.9915,10.0,False,False,True,0.004885404086119105,-0.005044804912822945,-0.0037250198604761265,-0.0013197850523468174,0.01071336143391939,0.01125163765163512,0.5250000000000001,0.00993020899894205,0.0066191918232999,200,1.0,False,-0.07691294917309409
SN1997ek,Knop03,277,0.8628602004021069,43.24848014702479,0.2342484899078933,1.0,74.048458,-3.690556,10.0,False,False,True,0.011738065380414173,0.0003841152595162236,0.0034382688885204278,-0.003054153629004203,0.01756811052008457,-0.0006936504718659323,0.8750000000000002,0.01135395012089795,0.006695198670539469,200,1.0,False,-0.3585285273874696
1999fn,Tonry03,272,0.477,41.937148280936626,0.0876002964719661,1.0,63.516167,4.298611,9.88,False,False,True,5.996595728180052e-05,-0.0013159400963294288,-0.0006305120262577933,-0.0006854280700716352,0.0015291216318404702,0.002906944560902477,0.4750000000000001,0.0013759060536112293,0.0014755100239869383,84,0.0,True,-0.12598233245947899
SCP06U4,SuzukiRubin,270,1.0481829715236208,44.44809367650661,0.3604051649610567,1.0,356.372625,-36.54604166666667,10.0,False,True,True,0.03380452272907184,0.01003002753118631,0.00532331712450379,0.004706710406682522,0.04070466357645969,-0.023074198709883864,1.0250000000000004,0.02377449519788553,0.015300189589495387,200,1.0,False,0.225382292871593
SCP06K0,SuzukiRubin,269,1.4163218044341508,44.33980527332672,0.3917156704417732,1.0,219.53485833333335,34.23835555555556,10.0,False,True,True,0.03595797229264158,0.00942749705846755,0.018724159724558015,-0.009296662666090458,0.0033385556798262413,-0.01911602492192116,1.4250000000000003,0.026530475234174032,0.016436766082664478,200,1.0,False,0.0
SN2005ix,SDSS,113,0.265764,40.492704668851744,0.174973854322231,1.0,310.482822,1.091998,10.0,False,False,True,0.0006771574171191535,-0.0003458714509716127,-0.0002670048119206255,-7.886663905098726e-05,0.0007997145849997111,0.0007628575490328661,0.275,0.0010230288680907662,0.0008852706845754194,200,1.0,False,-0.1258431836841298
SCP06G4,SuzukiRubin,267,1.3513475046504384,44.554656739885445,0.2527398671448101,1.0,217.3281,34.64371944444444,10.0,False,True,True,0.01162934684948654,-0.0076128117784760255,-0.004059997045228504,-0.0035528147332475214,0.015177130332997007,0.017641522147047874,1.3750000000000004,0.019242158627962566,0.010072867156659237,200,1.0,False,-0.09512427638055732
SCP06F12,SuzukiRubin,266,1.11121050536822,44.710230601985295,0.4567352523170827,1.0,218.1197875,33.536125,10.0,False,True,True,0.015867392574994397,-0.002875466095780082,0.004314314042460847,-0.007189780138240931,0.008123343671712996,0.007474813817738513,1.1250000000000004,0.01874285867077448,0.010628359431425611,200,1.0,False,0.35781125898336613
01310395,DES3_Shallow,13,0.2889810454691184,40.73632174931981,0.1163751162457175,1.0,36.534325,-6.759992,2.0,False,False,True,0.0007213679005452946,-0.0009396750775364594,-0.0006741187886874322,-0.00026555628884902664,0.0012302643932281868,0.002071441472434472,0.275,0.001661042978081754,0.0009649137862477458,200,1.0,False,-0.08876664495546736
CLF11Ves,MCT,20,1.206,45.154693076331725,0.4486266879321938,1.0,322.4275,-7.696583333333333,10.0,False,False,True,0.09451319609780018,0.07870557976257483,0.02738674282293553,0.05131883693963932,0.04975086695695715,-0.18302326568037136,1.2250000000000005,0.015807616335225337,0.01115339163241685,200,1.0,False,0.33288942785671005
SN2007re,SDSS,263,0.208309,39.72150060768669,0.1872437407178127,1.0,319.395493,-0.523949,10.55,False,False,True,0.00010222888442432297,-0.0010509709831245926,-0.001003807745634924,-4.716323748966877e-05,0.0006052089854583302,0.002307232968022701,0.22500000000000003,0.0011531998675489157,0.0006439543124739906,200,1.0,False,-0.3070600530301403
SN2007rd,SDSS,262,0.219792,40.10035735094515,0.181314606331599,1.0,311.754547,-0.099328,9.91,False,False,True,0.00019367519955589194,-0.00022977951794500933,-0.00022977951794500933,0.0,0.00043613817301040345,0.0005010871715941386,0.22500000000000003,0.0004234547175009013,0.0002737525091615262,200,1.0,False,-0.0580406904628515
SN2007qy,SDSS,261,0.227856,40.0071792775086,0.1800525701448236,1.0,28.813671,0.6431,10.0,False,False,True,0.0008195932199872497,-0.000778667086113592,-0.0006011953190072258,-0.00017747176710636623,0.00128967033814775,0.0017150977091993105,0.22500000000000003,0.0015982603061008417,0.00092378311281729,200,1.0,False,-0.23868736516005212
SN2005ja,SDSS,114,0.326398,40.94512599724614,0.2004732175528035,1.0,358.969331,0.876966,10.0,False,False,True,0.001390452842812787,-0.0018092899177629038,-0.0009393090616411777,-0.0008699808561217263,0.002863652517744664,0.003990101661098835,0.32500000000000007,0.0031997427605756907,0.0016991276213455466,200,1.0,False,-0.17350992885343908
SN2007qo,SDSS,259,0.217279,40.142158575793616,0.1885006685917626,1.0,25.756645,-0.945469,10.0,False,False,True,0.0010565745469346395,-0.0003981145672816394,7.946677750619022e-05,-0.00047758134478782934,0.003566570699794617,0.0008754007053701266,0.22500000000000003,0.001454689114216279,0.0009873852649408279,200,1.0,False,0.011627487962877868
SN2007ku,SDSS,223,0.369762,41.38933580210941,0.2473289691822407,1.0,23.367535,0.524681,11.07,False,False,True,0.0035319794190108453,0.00016313038398352558,0.0006081295210536358,-0.0004449991370701103,0.0062609309494249645,-0.00030043866282713095,0.3750000000000001,0.0033688490350273197,0.0018489023643275594,200,1.0,False,-0.05276786318385091
SN2005jo,SDSS,120,0.218347,40.27192944176363,0.1759735852358644,1.0,52.090313,-0.326094,10.0,False,False,True,0.0005282436502510501,-0.0012485718121972183,-0.0011731656065131475,-7.540620568407034e-05,0.0022337613995565843,0.00274201437760724,0.22500000000000003,0.0017768154624482684,0.0011983188167950388,200,1.0,False,0.12951882570409795
SN2007kr,SDSS,221,0.287457,40.81993731134481,0.1924692241599729,1.0,6.364582,-0.839571,10.0,False,False,True,0.0025606273668783075,-0.0008506278195091707,-7.795306504034243e-05,-0.0007726747544688282,0.0034147485282430144,0.0018959859546335304,0.275,0.003411255186387478,0.0021018690000108482,200,1.0,False,0.007927258520022759
SN2005fd,SDSS,75,0.261657,40.51958286464977,0.1946162765762004,1.0,323.799046,0.163079,10.2,False,False,True,0.005183099119811408,-0.00042045056758671217,-0.001800844690049158,0.0013803941224624465,0.00947855486028819,0.0009651633048174194,0.275,0.00560354968739812,0.003974646780782,200,1.0,False,-0.06069937563796388
SN-SDSS1166,SDSS,59,0.380494,41.314963436627075,0.2714940230841292,1.0,9.355659,0.973274,10.22,False,False,True,0.001766578848167214,-0.0023858509837027635,-0.0015329954931206213,-0.0008528554905821418,0.0021962496252646737,0.005301236976269449,0.3750000000000001,0.004152429831869977,0.0023733795796111756,200,1.0,False,-0.19928685355271197
SN-SDSS13689,SDSS,61,0.250289,40.59001263222062,0.1766634984784447,1.0,4.016125,0.807558,10.0,False,False,True,0.0004381809854373968,-0.0013110236928395957,-0.0014247348049125856,0.00011371111207298962,0.0030069590455010153,0.0028662383745808933,0.275,0.0017492046782769926,0.0011902923099504172,200,1.0,False,0.11862287033845843
SN2006jm,SDSS,172,0.327932,41.00320193291064,0.1999587521185426,1.0,343.551104,1.050661,10.88,False,False,True,0.0016477419141097507,-0.002909993739680203,-0.0017979333022514264,-0.0011120604374287768,0.006275570731921273,0.006377155603514031,0.32500000000000007,0.004557735653789954,0.00385261305815396,200,1.0,False,-0.12714038214922618
SN2006jj,SDSS,171,0.260699,40.65777698928272,0.1854136096174939,1.0,314.89504999999997,1.223257,10.0,False,False,True,0.0063310577446734,0.0034449302157896437,-0.0010573076900324354,0.004502237905822079,0.010677906232438725,-0.007562475328644916,0.275,0.0028861275288837567,0.0019399193144135287,200,1.0,False,0.08650053680046012
SN2006jg,SDSS,169,0.329309,41.40436146763662,0.2620591366106345,1.0,342.11101,-0.435268,10.0,False,False,True,0.0013022237757768335,-0.001540560617443323,-0.001724964969153826,0.00018440435171050284,0.002321495778562116,0.003398881875011372,0.32500000000000007,0.0028427843932201566,0.0020075067579699616,200,1.0,False,0.2635539946521513
SN-SDSS15467,SDSS,63,0.208468,39.903207929322384,0.1674662763381529,1.0,320.01993600000003,-0.177441,10.44,False,False,True,0.0004424684884341544,-0.0004146427974770058,-0.0004142963638899194,-3.4643358708639175e-07,0.0015469981659971507,0.0009097034874607569,0.22500000000000003,0.0008571112859111602,0.0005084507362159075,200,1.0,False,-0.12719544043443248
SN2005ju,SDSS,122,0.257598,40.65109709299807,0.192967701226937,1.0,39.116806,0.511273,10.0,False,False,True,0.005932057007821962,0.005087321901164229,0.005315073199441625,-0.00022775129827739619,0.004018993094464152,-0.011106025451295793,0.275,0.0008447351066577335,0.0003563302134353886,200,1.0,False,0.1091835228255489
SN-SDSS18839,SDSS,65,0.549726,42.075853646558826,0.4046493081873715,1.0,36.012104,-0.048481,10.0,False,False,True,0.0029467018344518144,-0.0035778333931145417,-0.001928328351367387,-0.0016495050417471555,0.0031997733021548545,0.008120624767692385,0.5250000000000001,0.006524535227566356,0.003990319918071814,200,1.0,False,-0.38828701507045527
SN2006hj,SDSS,156,0.225337,40.240439275241854,0.173140527541137,1.0,317.588081,0.93262,10.0,False,False,True,0.002012764451469267,0.0009474072454095756,0.0009482331152619219,-8.258698523464451e-07,0.006751151913570563,-0.0020948129379815355,0.22500000000000003,0.0010653572060596915,0.000690268241319065,200,1.0,False,0.02158317199546815
SN2005fc,SDSS,74,0.296391,41.25995355863333,0.3692399538365562,1.0,320.413555,0.894656,10.0,False,False,True,0.00870682316779399,0.006152181202173581,0.006713445723635253,-0.0005612645214616702,0.004250806834786739,-0.01342544541546891,0.275,0.002554641965620408,0.0017539307238626095,200,1.0,False,0.37217372069588617
SN2006he,SDSS,153,0.213384,40.08627289839197,0.1692299922097322,1.0,331.100487,0.691214,10.0,False,False,True,0.009538996311835109,0.008173887755053334,0.008231189607695897,-5.730185264256332e-05,0.009486931812831475,-0.017926537201244284,0.22500000000000003,0.0013651085567817746,0.001005512607089904,200,1.0,False,-0.00046936792141678667
SN2005jj,SDSS,118,0.366604,41.81942717265931,0.2640890227413093,1.0,314.186085,0.408351,10.21,False,False,True,0.0010544035871674971,-0.002041123608543588,-0.002144965136718659,0.00010384152817507109,0.00219510941000771,0.004502393527736501,0.3750000000000001,0.003095527195711085,0.0022810354792222186,200,1.0,False,0.3989236814573988
SN2005jw,SDSS,124,0.379863,41.46095526641742,0.197794664605994,1.0,310.080215,-0.007178,10.16,False,False,True,0.00021380814277949294,-0.002111790820371588,-0.0018543581691429958,-0.0002574326512285918,0.0019001564763014421,0.0046430103059805425,0.3750000000000001,0.002325598963151081,0.0017133024320107105,200,1.0,False,-0.049105688966866685
SN2005jy,SDSS,125,0.270906,40.685860007596006,0.1991835828208481,1.0,348.464995,1.256988,10.0,False,False,True,0.00011445781064255028,-0.000579914178861472,-0.000579914178861472,0.0,0.0006017294242910789,0.0012667481053696228,0.275,0.0006943719895040223,0.000476959228800277,200,1.0,False,0.020167625059410294
SN2005ic,SDSS,103,0.309294,41.034200600172454,0.1864563423620209,1.0,327.786194,-0.842936,10.0,False,False,True,0.0018269663758181292,-0.0006725655305693118,7.465078863346983e-05,-0.0007472163192027816,0.005055817276432959,0.0014842037778236413,0.32500000000000007,0.002499531906387441,0.001660810887354491,200,1.0,False,0.049658811904360264
SN2006gk,SDSS,149,0.292073,40.82605769472029,0.2572353052419523,1.0,321.347252,-1.033669,10.0,False,False,True,0.0007632132953257774,-0.0008636075563254283,-0.00027964069526386704,-0.0005839668610615614,0.0030846010850668275,0.0018874271558605665,0.275,0.0016268208516512057,0.0011094259980208199,200,1.0,False,-0.025368818800328246
SN2005fx,SDSS,84,0.288898,40.80634840806441,0.2055586492714522,1.0,344.201455,0.401109,10.0,False,False,True,0.00271592486399273,-0.0001481665907430811,0.0004383181839240288,-0.0005864847746671095,0.0020483592419152795,0.00036842623032099994,0.275,0.002864091454735811,0.0017850591708658233,200,1.0,False,-0.01802899167214365
SN2006ge,SDSS,147,0.278064,40.647841109201075,0.223990160262974,1.0,327.39912400000003,0.001078,10.0,False,False,True,0.0005449065198495769,-0.0006410853676529397,-0.0006410853676529397,0.0,0.0009338198338513476,0.001407569482352479,0.275,0.0011859918875025165,0.000768229908174082,200,1.0,False,-0.0821188667627739
SN2006gb,SDSS,146,0.26451,40.77840914138067,0.2120114885206369,1.0,359.818734,-1.250384,10.0,False,False,True,0.0006005998760032677,-0.0007681346372986536,-0.0007681346372986536,0.0,0.0012741084728652673,0.0016974918222340178,0.275,0.0013687345133019213,0.0008177032959796655,200,1.0,False,0.17148662518030292
SN2005hw,SDSS,99,0.40946,41.70282495856846,0.2913723740375093,1.0,2.368614,1.154935,10.93,False,False,True,0.0018778000436747665,-0.001035970903071183,-0.000524355358781042,-0.0005116155442901413,0.0003499012353306758,0.002326196797664295,0.42500000000000016,0.0029137709467459494,0.002132518294124884,200,1.0,False,0.004956055468847679
SN2005gu,SDSS,92,0.330513,41.195357022262776,0.2195015345317409,1.0,12.237703,-0.90574,10.1,False,False,True,0.002581202755948768,-0.0005661677495872536,0.0004887972600512893,-0.001054965009638544,0.002993956333374932,0.0013663902776771975,0.32500000000000007,0.0031473705055360215,0.0014461419364374564,200,1.0,False,0.0454323480587414
SN2005gy,SDSS,95,0.331035,41.02964787124446,0.2294838601196949,1.0,21.528351,0.676858,10.0,False,False,True,0.0009012986591107507,-0.004346096614844551,-0.0034907335648979854,-0.000855363049946565,0.001198830731655616,0.009605521187838835,0.32500000000000007,0.005247395273955301,0.004277643210682944,200,1.0,False,-0.1242200523169833
SN2006jv,SDSS,177,0.380037,41.2411358403818,0.2977686731851871,1.0,22.634209,0.219801,10.0,False,False,True,0.005707391636332032,0.002335039234030698,0.0037325084859085632,-0.0013974692518778646,0.004657050418053472,-0.00506006010177746,0.3750000000000001,0.003372352402301334,0.0022578706292188883,200,1.0,False,-0.27008098072407277
SN2006jw,SDSS,178,0.248522,40.32970393226446,0.1735490982742948,1.0,35.842915,0.819003,10.63,False,False,True,0.0006505236462910574,-0.0015359912484741607,-0.0009638012991242332,-0.0005721899493499274,0.0004018413237399192,0.0033934121970523603,0.22500000000000003,0.002186514894765218,0.0011563331973329944,200,1.0,False,-0.1278608934981787
SN2006jx,SDSS,179,0.394414,41.87002340957567,0.232682758377794,1.0,58.058578,0.292069,10.85,False,False,True,0.010763704379506302,0.007603219588743018,0.007147039466850241,0.0004561801218927774,0.0035878811881618487,-0.016556982062318523,0.3750000000000001,0.0031604847907632837,0.0018056019299660833,200,1.0,False,0.26496014258678174
SN2006ki,SDSS,181,0.215128,40.51934529054317,0.1838358802521888,1.0,316.642422,-0.647952,10.0,False,False,True,0.0002603050416285925,-0.0014785991352561382,-0.0011876479476828573,-0.0002909511875732809,0.001728229885191586,0.0032382621516258846,0.22500000000000003,0.0017389041768847307,0.0013231212195832806,200,1.0,False,0.4129054812832268
SN2005mi,SDSS,134,0.21353,40.10240686077567,0.1822775315290961,1.0,335.261036,-0.748159,10.0,False,False,True,0.00038746193650019946,-0.0005183055021272939,-0.0004374818836429188,-8.082361848437504e-05,0.001430910567029267,0.0011339144843144063,0.22500000000000003,0.0009057674386274933,0.0006895304825498712,200,1.0,False,0.014009882533310078
SN2006qa,SDSS,211,0.399071,41.56355408791989,0.2872873608903754,1.0,45.290539,-0.026244,10.04,False,False,True,0.0011876115213109051,-0.0013607577944265848,-0.0009352133590479835,-0.0004255444353786013,0.0027823120871126746,0.0030015209007481507,0.3750000000000001,0.00254836931573749,0.0016364948495051369,200,1.0,False,-0.07122680621968243
SN2006pg,SDSS,210,0.301291,40.8756378241056,0.2437413699749839,1.0,51.836304,1.089658,10.0,False,False,True,0.0044645935874128425,0.0026425067069843697,0.003051918179571336,-0.00040941147258696575,0.009130061835908292,-0.005782781983424669,0.32500000000000007,0.0018220868804284729,0.00093535443637251,200,1.0,False,-0.0437867489460876
psc160126,Pan-STARRS,49,0.3608300943889413,41.067481167183224,0.1979678591205468,1.0,163.2835333,57.2012611,10.91,False,False,True,0.003968438042639317,0.0023840451995765202,0.0024479095061922364,-6.386430661571619e-05,0.00834960393198038,-0.005241831985659905,0.3750000000000001,0.0015843928430627967,0.0010361955265678693,200,1.0,False,-0.3130795074501745
SN2006pa,SDSS,208,0.249733,40.49515670955549,0.1707397439616754,1.0,38.099796,-0.713578,10.0,False,False,True,0.000743011350487499,-0.0002210985395871359,-9.507254015513262e-05,-0.0001260259994320035,0.001203578154973908,0.00048456869257953853,0.22500000000000003,0.0009641098900746349,0.0006634087470329844,200,1.0,False,0.02569874695891798
SN2006oe,SDSS,206,0.334388,41.24002837266591,0.2339998832297527,1.0,350.362471,1.132483,10.0,False,False,True,0.002264133306871671,-0.004599846643418015,-0.001074403289891493,-0.003525443353526523,0.004724728551388175,0.010203404735658386,0.32500000000000007,0.0068639799502896864,0.005140483938026898,200,1.0,False,0.06096797639883765
psc370329,Pan-STARRS,51,0.4791318377553717,42.24606774978473,0.2126192086756918,1.0,151.3088875,1.7006722,9.64,False,False,True,0.0009979328094323404,-0.002583047126944395,-0.001947662615321926,-0.0006353845116224683,0.001371976846673982,0.0057155128988546425,0.4750000000000001,0.003580979936376735,0.0025565320800972043,200,1.0,False,0.17150560498009082
psc470239,Pan-STARRS,52,0.2937387881143414,40.87592613046329,0.1744137926831644,1.0,130.2198375,45.6321444,12.0,False,False,True,0.0063684236597244225,0.004667250914845678,-0.0008601025414444488,0.005527353456290127,0.0025356640913458462,-0.010216992071930917,0.275,0.001701172744878745,0.001109890698970962,200,1.0,False,0.010416751101142393
SN2006nj,SDSS,202,0.388571,41.95040125248181,0.2659977296594508,1.0,21.117622,0.074385,9.81,False,False,True,0.0016116089544275965,-0.0007030806202682482,-0.0013183094673575473,0.0006152288470892989,0.001442107098637588,0.0015586629191506928,0.3750000000000001,0.0023146895746958447,0.001634207926983539,200,1.0,False,0.3830886925633638
SN2005iv,SDSS,112,0.298878,41.09941830928051,0.2117675084435949,1.0,307.936123,0.244757,10.0,False,False,True,0.007694382059208264,0.006247232390615237,0.006236137870454081,1.1094520161156395e-05,0.010133401717864254,-0.013764717461428669,0.275,0.0014471496685930262,0.0012555898721082982,200,1.0,False,0.19092222725733435
SN2006nb,SDSS,199,0.20548,39.88389579786792,0.167140689415709,1.0,36.722496,-0.32781,10.0,False,False,True,8.162625088745104e-05,-0.0007870648184148067,-0.0007870648184148067,0.0,0.00034644153112114485,0.0017228696348738166,0.22500000000000003,0.0008686910693022577,0.0006327611668917257,200,1.0,False,-0.11165825594846808
SN2005jp,SDSS,121,0.211597,40.0126253279477,0.1725043247707285,1.0,32.459949,-0.061799,9.96,False,False,True,0.0028483950396127867,0.0016664205129246624,-0.0003922888870599343,0.0020587093999845964,0.006263621159309211,-0.0036466341326391065,0.22500000000000003,0.0011819745266881242,0.0009853576483572972,200,1.0,False,-0.053778109314214076
psc510266,Pan-STARRS,54,0.4376895378084386,41.76518370844012,0.1719505126035064,1.0,214.0331625,51.7321167,11.81,False,False,True,0.005154532434955856,-5.4236245130600755e-05,0.0017815757568284958,-0.0018358120019590972,0.005396657530405101,0.00012411154357611434,0.42500000000000016,0.005208768680086457,0.0034613812622870345,200,1.0,False,-0.10223334171111055
SN2006mt,SDSS,196,0.219346,40.1571883552145,0.1697860663823683,1.0,14.879633,-0.256513,10.8,False,False,True,0.0009680710732741818,-0.0009681076366068474,-0.00046314544372840394,-0.0005049621928784433,0.0024418312848571797,0.002120071440958265,0.22500000000000003,0.0019361787098810292,0.001251104568927834,200,1.0,False,0.0037144104959824665
SN2006lr,SDSS,194,0.261294,40.4086578910174,0.184464428118947,1.0,39.720669,0.090127,11.27,False,False,True,0.0014329499519240908,8.113167112072553e-05,0.0003221372343044525,-0.00024100556318372722,0.005874840719183748,-0.00018692548407557965,0.275,0.0013518182808033652,0.0008935818871965931,200,1.0,False,-0.1682155239974152
SN2006lk,SDSS,193,0.306322,41.006917550513855,0.2074047006369193,1.0,53.019138,-0.100142,10.0,False,False,True,0.00038724477804525357,-0.0013474527683497873,-0.0012280043861783534,-0.00011944838217143398,0.0013340440479640695,0.00294975520467121,0.32500000000000007,0.0017346975463950409,0.0012658551400441306,200,1.0,False,0.046373691997980346
psc520041,Pan-STARRS,55,0.5461006007515081,42.70765013166045,0.2116592427234747,1.0,184.1383875,45.9620417,10.67,False,False,True,0.0014672241406980249,-0.0037254061583108485,-0.0036531898036424953,-7.221635466835258e-05,0.00605156102039952,0.008231299239475286,0.5250000000000001,0.005192630299008873,0.0031294793862562294,200,1.0,False,0.26061107067329015
SN2006kp,SDSS,185,0.291073,41.2048734581571,0.28990038025038,1.0,32.798561,0.69583,9.37,False,False,True,0.007214224285114631,0.005870167605107524,0.006288360902324232,-0.00041819329721670743,0.00043850779096679996,-0.012909687436665825,0.275,0.0013440566800071063,0.0006993922980759034,200,1.0,False,0.36193687022271614
SN2006ko,SDSS,184,0.360616,41.36256781936882,0.2148136864142444,1.0,22.249809,0.769949,11.98,False,False,True,0.0006005551803155732,-0.0010882232957950926,-0.0004716940289902845,-0.0006165292668048082,0.003670508888243079,0.002382529769593236,0.3750000000000001,0.0016887784761106658,0.0009568064203068742,200,1.0,False,-0.016500416226817256
psc520062,Pan-STARRS,56,0.3080575742607445,41.22893211569149,0.14918975759119,1.0,244.4513708,54.6333833,10.0,False,False,True,0.0006114294798566685,-0.002067840144359253,-0.001675185366062863,-0.0003926547782963895,0.004355842984730994,0.004545617168643927,0.32500000000000007,0.0026792696242159213,0.00164631698136706,200,1.0,False,0.2543480194993132
psc560087,Pan-STARRS,57,0.3066053083919786,40.96132555301675,0.1755612573940731,1.0,352.6755042,-1.5559889,11.27,False,False,True,0.00019857308545314444,-0.0024755543265879295,-0.0022930748879424322,-0.00018247943864549754,0.0008839729333236767,0.0054699484063917446,0.32500000000000007,0.002674127412041074,0.001584534060191753,200,1.0,False,-0.0015152003791362324
SN2006nf,SDSS,201,0.385038,42.001187389240926,0.2695614816081272,1.0,0.374834,0.275974,10.0,False,False,True,0.008968966605299692,0.0038979282823589072,0.005456833560300235,-0.0015589052779413273,0.00514288942202796,-0.008506988297905986,0.3750000000000001,0.005071038322940785,0.0029888442444386456,200,1.0,False,0.4569577504643351
