CID,FIELD,GROUP,zHD,MU,MUERR,PROBIA,HOST_RA,HOST_DEC,HOST_LOGMASS,kappa_raw,kappa_ext,kappa_gal_ext,kappa_cl_ext,gamma,dmu_pred,zbin,rand_mean,rand_sig,n_rand_ok,area_frac,area_flag,cl_dz_min_2am,n_spec_region,hr,hr_glob
1317666,X3,X,0.14136,39.34775,0.1421,1.0,36.771015,-5.002413,10.062,0.000483641709137467,-0.00018182300537165148,-0.0003351144310255077,0.00015329142565385608,0.00019930988532661703,0.0003965773243284434,0.125,0.0006654647145091185,0.0005383683603354944,496,1.0,False,,28317,0.23729503080022607,0.21598112419665966
1296657,X2,X,0.14624,39.29023,0.1306,1.0,36.255253,-6.27862,9.466,0.004126090269066383,0.0034284964084021997,0.003702981209963488,-0.0002744848015612888,0.003224733049240243,-0.0074722780942414755,0.125,0.0006975938606641832,0.00056684668307478,496,1.0,False,,28317,0.09979021658615758,0.07847630998259118
1530193,X3,X,0.14802,39.16841,0.1602,1.0,36.571732,-5.372609,11.165,0.0008872994458571283,0.00017798634745605664,0.0003055449050026038,-0.00012755855754654723,0.0014014016572229686,-0.0003842117418367285,0.125,0.0007093130984010716,0.0005772342680083718,496,1.0,False,,28317,-0.050582933032998684,-0.07189683963656508
1277173,X1,X,0.1494,39.34373,0.0979,0.98907,34.878971,-4.508702,10.988,0.0023207012789097665,0.0016023024793418938,-9.909809797201916e-05,0.0017014005773139127,0.0009204339874139148,-0.003487408350811196,0.125,0.0007183987995678727,0.000585287564192842,496,1.0,False,0.002001044022968502,28317,0.102820888944784,0.0815069823412176
1247420,X1,X,0.15026,39.18191,0.1013,0.99945,34.056301,-4.197441,10.814,0.0028378624793596397,0.0021138015761660795,-0.00012796384207024853,0.002241765418236328,0.0032309738960351296,-0.004605407759126322,0.17500000000000004,0.0007240609031935604,0.0005903062850034537,496,1.0,False,0.41454975396866794,28317,-0.04316992680752787,-0.09387522140442402
1317164,X1,X,0.15459,39.23567,0.1743,1.0,34.285286,-4.29746,10.816,0.0026604503350404207,0.0019078813984756656,0.0016134543186499125,0.00029442707982575315,0.0031688504271621945,-0.0041570189878436005,0.17500000000000004,0.0007525689365647551,0.0006155749607126969,496,1.0,False,,28317,-0.05660899888815731,-0.10731429348505346
1770639,X2,X,0.17623,40.67369,121.9264,0.0,35.444328,-6.509918,10.453,8.892416929280272e-05,-0.0008098986471921643,-0.000463037478953727,-0.00034686116823843724,0.0007129402532323842,0.00176759138127986,0.17500000000000004,0.0008988228164849671,0.000742113459410519,496,1.0,False,,28317,1.0698939889459793,1.019188694349083
1298893,X2,X,0.19616,39.9279,0.1359,1.0,35.724442,-6.257048,10.786,0.0024681995252340506,0.001376919723968618,-0.00024217653118577942,0.0016190962551543974,0.0021981377947907464,-0.002993117074317436,0.17500000000000004,0.0010912798012654326,0.0008625265540515784,496,1.0,False,0.0008694489031567562,28317,0.06728826940863672,0.016582974811740578
1334620,X2,X,0.19624,39.94861,0.1849,1.0,35.753036,-6.264285,10.159,0.001915379130987233,0.0008233267979213771,-0.00044978613758719563,0.0012731129355085726,0.0006770485771955105,-0.0017895540560594041,0.17500000000000004,0.001092052333065856,0.0008630098981344326,496,1.0,False,0.0008025145455761291,28317,0.08701723459837171,0.03631194000147557
1922067,X1,X,0.19771,39.8289,0.1094,1.0,34.866459,-4.913116,8.974,0.0005499946911427822,-0.0005562529137558526,-0.00011342862410812309,-0.00044282428964772977,0.0005097746199719469,0.0012209108305948292,0.17500000000000004,0.0011062476048986347,0.0008718913456568791,496,1.0,False,,28317,-0.05065342331185587,-0.10135871790875202
1309013,X2,X,0.2126,40.01692,0.1966,1.0,35.46608,-7.339446,10.492,0.0002856061497331998,-0.0009644289365192299,-0.0004682671840100647,-0.0004961617525091655,0.0020361902191800667,0.002107067129222861,0.22500000000000003,0.0012500350862524297,0.0009618537630781221,496,1.0,False,,28317,-0.07822356797785089,-0.08858713429287919
1292805,X3,X,0.21415,41.12692,0.8952,0.0722,35.723347,-4.491385,10.678,0.002120842654169789,0.000855839764284157,0.0013721771360580457,-0.0005163373717738889,0.0029989629773818026,-0.0018544423774576597,0.22500000000000003,0.001265002889885632,0.0009712185546834228,496,1.0,False,0.4631635300415928,28317,1.0141938145994231,1.0038302482843948
1282114,X1,X,0.21781,40.26232,0.1452,0.99999,35.116001,-4.53321,10.19,0.0003138881817044984,-0.0009864580380505015,-0.0005757665891134767,-0.00041069144893702517,0.001282180114195056,0.002158066381703388,0.22500000000000003,0.001300346219755,0.0009933315464740037,496,1.0,False,,28317,0.10854020188646986,0.09817663557144156
1295062,X2,X,0.21839,40.05123,0.2672,0.99679,35.482319,-5.598152,9.209,0.004056828719279686,0.002750881643971617,0.0032912545899668067,-0.00054037294599519,0.004172880739408198,-0.005992390869225778,0.22500000000000003,0.0013059470753080693,0.0009968357910746968,496,1.0,False,,28317,-0.10899674888837295,-0.11936031520340125
1250912,X3,X,0.21898,40.34771,0.1788,1.0,36.689491,-3.992791,10.614,0.0005154930654427559,-0.0007961514318934354,-0.00028530626197427065,-0.000510845169919165,0.0002708297448409154,0.0017463835235654362,0.22500000000000003,0.0013116444973361914,0.0010004004536857468,496,1.0,False,,28317,0.18094141806340505,0.17057785174837675
1292560,X1,X,0.22482,40.26777,0.0985,1.0,35.055962,-5.361173,8.606,0.002055525190470304,0.0006874858717032086,0.0012573671574696165,-0.0005698812857664083,0.004956835231242106,-0.0015050782482416347,0.22500000000000003,0.0013680393187670953,0.0010356845717341054,496,1.0,False,,28317,0.03711550097221306,0.02675193465718477
1248039,X2,X,0.22566,40.27718,0.1907,0.99996,34.858189,-6.177236,9.37,0.00023068634200290605,-0.0011472204178340837,-0.0005887203559457935,-0.0005585000618882907,0.001253383747110386,0.0025086854082966375,0.22500000000000003,0.00137790675983699,0.0010410358555220794,496,1.0,False,,28317,0.03746328458488791,0.027099718269859616
1288083,X2,X,0.23048,40.25625,0.1114,1.0,35.583374,-6.613701,10.058,0.0007232909795993485,-0.00071398389930022,-0.00011333579260413358,-0.0006006481066960866,0.0005388394702055971,0.0015652007205922349,0.22500000000000003,0.0014372748788995685,0.0010721742210970512,496,1.0,False,,28317,-0.034869928433110424,-0.04523349474813872
1291149,X2,X,0.23057,42.30845,238.612,0.0,35.334316,-7.257593,10.144,0.00013339742638360686,-0.0013049859858594538,-0.000710279424819588,-0.000594706561039866,0.0005312256008625811,0.0028535852859396704,0.22500000000000003,0.0014383834122430605,0.0010727556428608994,496,1.0,False,,28317,2.016379768309349,2.006016201994321
1262746,X3,X,0.23079,40.29796,0.1226,1.0,37.156616,-5.162936,10.483,0.00010807759208192951,-0.0013330155683341117,-0.0007555309506872063,-0.0005774846176469058,0.0008352183535068421,0.0029146756385944853,0.22500000000000003,0.0014410931604160412,0.0010741768960614165,496,1.0,False,,28317,0.003568250999094866,-0.006795315315933428
1310367,X2,X,0.23332,40.44286,0.1187,1.0,34.742355,-6.718553,10.543,0.007413132361988225,0.005940877097582905,-0.0006049933795158485,0.006545870477098753,0.0013227156644846521,-0.012941397940768342,0.22500000000000003,0.0014722552644053201,0.0010905213078673667,496,1.0,False,0.4901242175591088,28317,0.12191717275117499,0.11155360643614669
1336687,X2,X,0.2338,40.15655,0.22,1.0,35.605694,-6.14983,8.606,0.0013100546167602084,-0.00016811282547707015,0.0003776781625751079,-0.000545790988052178,0.004488749645450754,0.00035991980237846813,0.22500000000000003,0.0014781674422372785,0.0010936222239412228,496,1.0,False,0.16355973415464417,28317,-0.1694000628910217,-0.17976362920605
1279500,X3,X,0.2347,40.35195,0.1408,1.0,36.925968,-4.315206,9.708,0.001010133957958649,-0.00047911881771355025,-7.357422800708085e-05,-0.00040554458970646983,0.0017567566868509944,0.0010548178753053347,0.22500000000000003,0.0014892527756721992,0.0010994364415797028,496,1.0,False,,28317,0.016636985373551745,0.006273419058523452
1317277,X2,X,0.2371,40.3202,0.1215,1.0,35.903202,-5.481431,10.09,0.00043191508161923996,-0.0010868985832127498,-0.000704335438682655,-0.000382563144530095,0.0006164116751697897,0.0023742341208613437,0.22500000000000003,0.0015188136648319897,0.0011149410219489836,496,1.0,False,,28317,-0.03991923356487347,-0.050282799879901766
1373042,X3,X,0.2372,40.46564,0.1018,1.0,36.188477,-4.163778,10.742,0.0030292745738728553,0.0015092292053258743,0.0020911396725485027,-0.0005819104672226283,0.004190769435685093,-0.0032868337870161886,0.22500000000000003,0.001520045368546981,0.0011155870461310368,496,1.0,False,,28317,0.10449222923704583,0.09412866292201753
1434248,X3,X,0.23734,40.33508,0.1117,1.0,35.74157,-4.311234,11.091,0.0003991971100646555,-0.0011225726436833133,-0.0005153333072224022,-0.0006072393364609112,0.000870083933350881,0.002459026457458512,0.22500000000000003,0.0015217697537479688,0.0011164914799859115,496,1.0,False,,28317,-0.02750704830570782,-0.03787061462073611
1840041,X1,X,0.23891,40.39397,0.1535,1.0,35.022514,-4.161102,9.873,0.00038188765327339856,-0.001159219848799933,-0.0005457495828396798,-0.0006134702659602535,0.002222358975754094,0.0025333791188673106,0.22500000000000003,0.0015411075020733316,0.0011266340596441495,496,1.0,False,,28317,0.01529611415369204,0.004932547838663745
1319711,X3,X,0.24171,40.38161,0.0839,1.0,36.47266,-4.849606,10.112,0.001030432530548438,-0.0005451626755446487,-0.00013352176627107236,-0.00041164090927357647,0.002624896807598112,0.001197296754227359,0.22500000000000003,0.0015755952060930868,0.0011447227367416435,496,1.0,False,,28317,-0.025512310206920567,-0.03587587652194886
1334645,X2,X,0.24701,40.26524,0.102,1.0,36.380207,-5.879127,10.475,0.004101570979437405,0.0024606954764497817,-0.00023715390255946395,0.0026978493790092454,0.004711300758876183,-0.005352975255103616,0.22500000000000003,0.0016408755029876233,0.0011789620183904714,496,1.0,False,,28317,-0.1949055006309521,-0.2052690669459804
1901059,X1,X,0.25126,40.41245,0.1417,1.0,34.972778,-4.147843,9.171,0.00029479803152115405,-0.001398424879353597,-0.0007526337079687569,-0.0006457911713848402,0.0013991538910158665,0.003061977837473108,0.275,0.0016932229108747511,0.001206418046127739,496,1.0,False,,28317,-0.08116803472584548,-0.099822107662163
1367234,X1,X,0.25173,40.51833,0.1434,1.0,34.128532,-4.631213,9.374,0.0008423260145615718,-0.0008566859037736387,-0.00026900640236453266,-0.000587679501409106,0.001769508452955477,0.0018845693444990456,0.275,0.0016990119183352104,0.00120945435978339,496,1.0,False,0.5742212777515918,28317,0.020133694157703007,0.0014796212213854937
1305276,X1,X,0.25286,40.70136,0.2031,0.96996,34.147984,-5.271097,10.203,8.125367567778911e-05,-0.0016316764946368223,-0.0009011345160017353,-0.0007305419786350868,0.00034319749267660925,0.003570585567503557,0.275,0.0017129301703146115,0.0012167544330405925,496,1.0,False,,28317,0.19218865803238191,0.1735345850960644
1262726,X3,X,0.25378,40.35512,0.1134,1.0,36.833012,-4.5417,10.81,0.005297281177630595,0.003573019333138064,-0.0005218688268240411,0.004094888159962105,0.006540603694421319,-0.007809196055491428,0.275,0.0017242618444925312,0.0012226978555154836,496,1.0,False,0.04364402048206224,28317,-0.16295329590257193,-0.18160736883888945
1373028,X2,X,0.25517,40.30212,0.1141,1.0,36.375137,-5.976596,11.125,0.0024327662153923587,0.000691383689261449,0.00029806779363390746,0.00039331589562754173,0.005534156010121064,-0.0015173224303901339,0.275,0.0017413825261309098,0.0012316775916460254,496,1.0,False,,28317,-0.2293464951199307,-0.2480005680562482
1297026,X3,X,0.25854,40.59566,0.0934,1.0,35.82106,-5.182104,10.869,0.0003093323383024653,-0.0014735586030236495,-0.0007719931857030611,-0.0007015654173205883,0.0023244863159056607,0.0032240838648326864,0.275,0.0017828909413261148,0.0012534486065812235,496,1.0,False,0.058528135776375806,28317,0.03200043318014752,0.01334636024383
1697026,X3,X,0.26046,40.98259,0.24,0.99997,36.702026,-5.115818,9.018,0.0016466097524621861,-0.00015992990019176125,-0.00044491130586223635,0.0002849814056704754,0.007052718988776437,0.0003244703805962844,0.275,0.0018065396526539474,0.0012658522708766482,496,1.0,False,,28317,0.4007622082459467,0.3821081353096292
1373040,X3,X,0.26162,40.58782,0.1271,1.0,36.983479,-3.992379,10.818,0.0024294639361939893,0.0006086365204461435,0.0012378928646876275,-0.0006292563442414841,0.003217921153708964,-0.0013075561179670151,0.275,0.0018208274157478458,0.0012733461513884672,496,1.0,False,0.4541621090344161,28317,-0.004924463571978333,-0.023578536508295847
1910132,X3,X,0.26271,40.54026,0.0903,1.0,37.114784,-4.355264,11.099,0.0014089388497633868,-0.0004253141364778633,0.0001150959917505922,-0.0005404101282284553,0.0032812209180095617,0.0009415051707709235,0.275,0.00183425298624125,0.0012803878149728483,496,0.825,True,,28317,-0.06270163109453745,-0.08135570403085497
1434201,X1,X,0.26317,41.83784,320.3305,0.0,33.97361,-4.228872,9.731,0.00477228210520305,0.0029323632818728405,-0.0007717751046281752,0.0037041383865010153,0.009528277880877576,-0.006452231704620845,0.275,0.00183991882333021,0.001283359526210294,496,1.0,False,,28317,1.2305783020442964,1.2119242291079788
1892103,X2,X,0.26584,40.74542,0.1774,1.0,36.076553,-6.136219,10.271,0.003600089904650878,0.001727284592130401,0.002273731567380495,-0.0005464469752500939,0.004857890516764003,-0.003758763597238473,0.275,0.001872805312520477,0.001300608371871119,496,1.0,False,,28317,0.11333570566225477,0.09468163272593726
1366690,X3,X,0.27119,40.77037,0.1154,1.0,35.61335,-4.166646,10.288,0.006777469873892966,0.004838768412620457,0.005209039837265,-0.00037027142464454184,0.00659857432144989,-0.010571084974670308,0.275,0.0019387014612725086,0.0013351706656109733,496,1.0,False,,28317,0.08923409159366331,0.0705800186573458
1278493,X2,X,0.27237,40.69293,0.1247,1.0,35.487408,-6.829734,9.845,0.00030808897433226036,-0.0016451465907771452,-0.000802224556385151,-0.000842922034391994,0.002161191608374182,0.0036007117433080097,0.275,0.0019532355651094057,0.001342793750959203,496,1.0,False,0.47480685649614496,28317,0.001095829196632269,-0.017558243739685245
1368133,X3,X,0.27618,40.76795,0.2444,1.0,36.743748,-3.868896,9.476,0.002155474059561679,0.0001514903964704912,-0.0003256406884446901,0.0004771310849151811,0.0026701981540845294,-0.0003070755540954574,0.275,0.002003983663091188,0.0013719825812206108,496,1.0,False,,28317,0.04186348342038189,0.02320941048406437
1792093,X3,X,0.27659,40.82561,0.081,1.0,36.492168,-3.890228,10.063,0.0022249329645861655,0.00021457196334770563,0.0008309809503535966,-0.000616408987005891,0.005177585127993576,-0.0004661688756762662,0.275,0.00201036100123846,0.0013762210063495062,496,1.0,False,0.39347793731738456,28317,0.09586362629232399,0.07720955335600647
1503024,X2,X,0.27694,40.92631,0.1242,0.99999,35.106445,-6.386547,11.357,0.0014209249709453576,-0.0005948800994432122,0.00027780763327923843,-0.0008726877327224506,0.00547892209001036,0.0012915055142829692,0.275,0.00201580507038857,0.0013798391741424655,496,1.0,False,0.295205726189171,28317,0.19344332658584637,0.17478925364952885
1291242,X2,X,0.27905,40.89237,0.2187,0.99999,35.999081,-6.289639,9.895,0.00114171219286777,-0.0009069128372543194,-6.960385310024963e-05,-0.00083730898415407,0.002923640257165799,0.001993564789418173,0.275,0.0020486250301220894,0.0014016515571228772,496,1.0,False,,28317,0.14076930485294853,0.12211523191663103
1255576,X2,X,0.2801,40.7781,0.1056,1.0,36.110085,-7.297196,10.815,0.0009626295699273964,-0.0011023276676450228,-0.0002154346196701826,-0.00088689304797484,0.0015670943042564217,0.002426825912122108,0.275,0.0020649572375724193,0.0014125060605017549,496,1.0,False,0.18225138661042103,28317,0.017225465376380544,-0.0014286075599369702
1248084,X3,X,0.28063,40.69969,0.1279,1.0,36.336864,-5.321878,11.026,0.0020681042492349203,-5.096864479092918e-06,0.0003035458009207593,-0.00030864266539985254,0.0014170958589336338,4.124871020089096e-05,0.275,0.0020732011137140132,0.0014179850003025213,496,1.0,False,0.03761429921210654,28317,-0.06585340903862073,-0.08450748197493825
1312897,X3,X,0.28578,40.65082,0.2153,1.0,35.710201,-4.423567,10.547,0.000655602409817557,-0.0014977042928195016,-0.0006612888545078268,-0.0008364154383116746,0.0013254329887367807,0.0032859163398862063,0.275,0.0021533067026370586,0.0014712237549703501,496,1.0,False,,28317,-0.15967086180566195,-0.17832493474197947
1334644,X2,X,0.28805,40.79063,0.1205,1.0,35.108238,-5.772735,11.358,0.00028797811586194584,-0.0019006372638343968,-0.0009557064981993123,-0.0009449307656350842,0.0003882108338483949,0.004166961360604544,0.275,0.0021886153796963426,0.0014946901575132571,496,1.0,False,0.3910174294476146,28317,-0.03943517229963005,-0.058089245235947565
1313594,X1,X,0.28834,40.84993,0.0989,1.0,34.832684,-5.789241,10.077,0.0027605576111260667,0.0005674314312767758,0.0010880852010727608,-0.0005206537697959848,0.0016232917569447625,-0.0012030529374153689,0.275,0.002193126179849291,0.0014976880679702805,496,1.0,False,0.3138612478072558,28317,0.01737443194490469,-0.0012796409914128254
1457045,X1,X,0.28848,41.84104,136.2306,0.0,33.867168,-4.531437,9.704,0.003095674127839696,0.0009003703203303609,6.299770376313931e-07,0.0008997403432927297,0.007797719661299203,-0.001996486983382846,0.275,0.002195303807509335,0.0014991353350874647,496,1.0,False,,28317,1.0072830010740252,0.9886289281377076
1334597,X3,X,0.28895,40.72403,0.1191,1.0,35.831333,-4.067795,9.101,0.0028902263988772017,0.000687611984223434,0.0012426753873838992,-0.0005550634031604654,0.0027646239446824723,-0.001488336615049401,0.275,0.002202614414653768,0.0015039940175522952,496,1.0,False,,28317,-0.11375643309907371,-0.13241050603539123
1861178,X1,X,0.29093,40.58483,0.1372,1.0,34.347382,-4.237406,9.648,0.0016532651657155373,-0.0005801471258445666,-0.00041073226576356027,-0.0001694148600810062,0.004879385290292379,0.0012540713877144628,0.275,0.002233412291560104,0.0015244625096381792,496,1.0,False,,28317,-0.2698651973680309,-0.2885192703043484
1340706,X3,X,0.29323,40.88986,0.2023,1.0,37.057957,-5.316424,9.377,0.00046933127531814407,-0.0017998563277998245,-0.0008541902682735771,-0.0009456660595262472,0.0007535514027842502,0.00395055500741757,0.275,0.0022691876031179685,0.001548239040849054,496,1.0,False,,28317,0.015656444740347285,-0.0029976281959702283
1266255,X3,X,0.29358,40.99129,0.1076,0.99807,36.697826,-4.450047,10.49,0.004260814713368772,0.0019861830411006935,-0.0006185249365827979,0.0026047079776834914,0.00809465969482563,-0.004353105412218705,0.275,0.0022746316722680785,0.0015518572086420136,496,1.0,False,0.0007885094079994786,28317,0.11413019849206636,0.09547612555574884
1256680,X1,X,0.29438,41.07496,0.1846,0.99999,33.899609,-5.664846,9.705,0.002904057613267986,0.0006169823543710857,0.0015201462229400488,-0.0009031638685689631,0.0057419573794269445,-0.0013565872766133531,0.275,0.0022870752588969004,0.0015601273064544913,496,1.0,False,,28317,0.19105528803079938,0.17240121509448186
1250665,X3,X,0.29461,40.91041,0.1873,1.0,36.7132,-4.498739,10.068,0.005685712288484116,0.0033950594984314287,-0.0011091785087310796,0.004504238007162508,0.008461155027472349,-0.007456206797975842,0.275,0.002290652790052687,0.001562504959575579,496,1.0,False,,28317,0.024569264449180128,0.005915191512862614
1310432,X2,X,0.29471,40.88079,0.1629,1.0,36.299622,-6.359627,10.325,0.029728487580212955,0.027436279341831665,0.0018449193934138449,0.02559135994841782,0.013450697666792282,-0.060800306911478814,0.275,0.002292208238381291,0.0015635387218021393,496,1.0,False,0.07006202161101717,28317,-0.005892048863213529,-0.024546121799531043
1299503,X3,X,0.29498,43.93669,248.0366,0.0,36.583385,-4.034513,9.16,0.008275297304889438,0.00597888935602092,-0.0011589869097130964,0.007137876265734015,0.007405319485170277,-0.013108834343335058,0.275,0.002296407948868518,0.0015663298798138507,496,1.0,False,,28317,3.047737723577267,3.0290836506409495
1300703,X3,X,0.29571,41.04146,0.1368,1.0,36.640308,-5.476426,10.781,0.0012144354107829184,-0.0010933273108843997,-0.0008367421349872358,-0.00025658517589716406,0.001175935393092923,0.0024148167202660805,0.275,0.002307762721667318,0.0015738763440677366,496,1.0,False,,28317,0.14637931176764216,0.12772523883132464
1295436,X3,X,0.29584,42.4282,223.8633,0.0,36.773102,-4.989804,9.189,0.0025540227291815576,0.00024423792468705567,-0.0009804720930921638,0.001224710017779219,0.00568958515366755,-0.00053177980172168,0.275,0.002309784804494502,0.0015752202349622645,496,1.0,False,0.06895913075688356,28317,1.5320294190637715,1.513375346127454
1293319,X2,X,0.29686,40.89235,0.1636,1.0,36.002781,-6.497495,9.14,0.0003135248277574786,-0.002012125549688772,-0.0010340459986572978,-0.0009780795510314748,0.0024541213474602703,0.004406623661587835,0.275,0.0023256503774462508,0.0015857646096731745,496,1.0,False,,28317,-0.012356703993770691,-0.031010776930088205
1901115,X2,X,0.29874,40.92345,0.1893,1.0,35.546413,-6.515906,10.247,0.001217900978358286,-0.001136991827665698,-0.00010824077362010364,-0.0010287510540455944,0.0006163960430798096,0.00251046193057932,0.275,0.002354892806023984,0.0016051993395324983,496,1.0,False,,28317,0.0030808969370956334,-0.01557317599922188
1293275,X2,X,0.30179,41.80664,47.043,0.0,36.095112,-6.315369,8.618,0.0009333476136555978,-0.0014689863663907721,-0.0005697992234713763,-0.0008991871429193957,0.003554248405743744,0.003226391338189593,0.32500000000000007,0.00240233398004637,0.0016367290874425718,496,1.0,False,,28317,0.8391315926102606,0.8423999983557382
1321006,X2,X,0.30244,41.1294,0.118,1.0,36.445389,-5.944666,11.286,0.006780951378774304,0.004368506984592017,-0.0009082167744522498,0.0052767237590442655,0.011371409349819698,-0.009597219601487655,0.32500000000000007,0.0024124443941822876,0.00164344854191521,496,1.0,False,,28317,0.15654800537772495,0.1598164111232026
1339002,X2,X,0.30251,40.93181,0.1755,1.0,35.830547,-6.526311,10.68,0.0025844925052569373,0.0001709592972446274,0.0012142509638978578,-0.0010432916666532302,0.0029722124834971053,-0.0003396318368683064,0.32500000000000007,0.00241353320801231,0.0016441721754738019,496,1.0,False,,28317,-0.041616824001782585,-0.03834841825630493
1334654,X2,X,0.30259,42.00282,15.5403,0.0004,35.196243,-5.966147,9.47,0.0011187473941104383,-0.0012960301725647545,-0.0002591468265837531,-0.0010368833459810012,0.002757553653825997,0.002853141420254685,0.32500000000000007,0.0024147775666751928,0.0016449991852550503,496,1.0,False,,28317,1.0287363787996666,1.0320047845451443
1659022,X2,X,0.30317,41.38656,129.9918,0.0,36.122417,-7.080275,8.674,0.00017417003449037323,-0.0022496291324907154,-0.0012030783373722274,-0.001046550795118488,0.0009323146490160647,0.00493227645382609,0.32500000000000007,0.0024237991669810886,0.0016509950061690966,496,1.0,False,,28317,0.40771939787079525,0.4109878036162729
1259412,X3,X,0.30477,40.93882,0.0984,0.99898,36.345585,-5.323428,10.471,0.0012856448732709604,-0.001163041466967773,-0.0006740959368997467,-0.0004889455300680264,0.002721276450571538,0.0025643860207124223,0.32500000000000007,0.0024486863402387333,0.0016675352017940532,496,1.0,False,0.01841703901837105,28317,-0.05309979067877614,-0.049831384933298487
1849051,X2,X,0.30546,40.93135,0.1245,1.0,36.421795,-6.70483,10.228,0.01623109764764519,0.013771678713939098,0.014802810697840651,-0.0010311319839015544,0.012481286840069925,-0.03030609650275165,0.32500000000000007,0.002459418933706093,0.0016746681611573156,496,1.0,False,0.00019916351324436018,28317,-0.06619059563971498,-0.06292218989423733
1368131,X3,X,0.30694,40.93472,0.0905,1.0,35.745728,-4.125017,10.923,0.01127345967306157,0.008791020104092155,-0.0007100178863366977,0.009501037990428852,0.0036350223388277774,-0.01926139352237855,0.32500000000000007,0.002482439568969415,0.0016899678421104004,496,1.0,False,0.011201738411862814,28317,-0.07483730109229904,-0.07156889534682138
1777124,X1,X,0.30743,41.34191,0.1595,0.99996,34.096344,-3.997547,9.471,0.0010475454503408538,-0.0014425158154387147,-0.001001633777495521,-0.0004408820379431936,0.004270536056760368,0.003164988875261383,0.32500000000000007,0.0024900612657795685,0.0016950332770205433,496,1.0,False,,28317,0.3283860057817619,0.33165441152723957
1292767,X3,X,0.30893,40.93935,0.1835,0.99999,37.096832,-4.542818,8.357,0.000247945695056526,-0.0022654472956520847,-0.0013385456260079612,-0.0009269016696441233,0.0015022710997274302,0.004967703981398794,0.32500000000000007,0.0025133929907086108,0.0017105397104189399,496,0.55,True,,28317,-0.08628067306373034,-0.08301226731825269
1650024,X1,X,0.30994,41.14081,0.139,1.0,34.649563,-5.065838,10.057,0.0012165032188592643,-0.0013125997999682351,-0.00018786067564169492,-0.00112473912432654,0.0026143071231684387,0.0028917657725305514,0.32500000000000007,0.0025291030188274994,0.0017209807089071942,496,1.0,False,,28317,0.10705809977069967,0.11032650551617733
1848053,X2,X,0.31016,41.7196,25.5919,0.0001,35.943733,-5.701038,9.713,0.0029928884484644435,0.00046036344331401797,0.0013524826566153679,-0.00089211921330135,0.0022103427044064456,-0.0009636666045543391,0.32500000000000007,0.0025325250051504255,0.0017232549858056255,496,1.0,False,,28317,0.6840823678164539,0.6873507735619315
1300516,X1,X,0.31042,40.68442,0.2425,1.0,34.546402,-5.010082,9.753,0.0004933113276466308,-0.0020432578431581615,-0.0009146855167004641,-0.0011285723264576972,0.0019395139138080587,0.004484189075821014,0.32500000000000007,0.0025365691708047924,0.0017259427675946808,496,1.0,False,,28317,-0.3531829128423539,-0.34991450709687627
1321338,X2,X,0.31048,41.08142,0.1611,1.0,35.940353,-6.521291,9.98,0.0001724586753755087,-0.0023650437644264456,-0.0012688506892204225,-0.0010961930752060233,0.0009260053869897428,0.005186218751831678,0.32500000000000007,0.0025375024398019545,0.0017265630249306168,496,1.0,False,,28317,0.043336098052907265,0.04660450379838492
1264434,X3,X,0.31075,40.85079,0.1347,1.0,36.716187,-4.355173,11.026,0.0029713393895972333,0.00042963723930805045,0.0006038784196514694,-0.00017424118034341848,0.005215465616612268,-0.0009174035320419468,0.32500000000000007,0.002541702150289183,0.0017293541829423286,496,1.0,False,,28317,-0.18945728914762305,-0.1861888834021454
1337838,X2,X,0.31194,41.03821,0.1303,1.0,35.49612,-6.498145,7.969,0.001075900436346101,-0.001484311549053455,-0.0003556577300805148,-0.0011286538189729399,0.0025425407381352003,0.0032664790902580533,0.32500000000000007,0.002560211985399556,0.0017416559534383898,496,1.0,False,,28317,-0.011551539696047618,-0.008283133950569968
1294743,X3,X,0.31257,41.05905,0.2082,0.99991,36.102661,-4.675164,10.237,0.006468478709562226,0.0038984673996924728,0.004996828051443572,-0.0010983606517510985,0.008583313462033159,-0.008527530291452808,0.32500000000000007,0.0025700113098697536,0.0017481686554657162,496,1.0,False,,28317,0.004265092338744048,0.007533498084221699
1662023,X2,X,0.31268,40.87877,0.1075,1.0,35.455215,-6.45148,10.37,0.0008112451145191146,-0.001760477188512102,-0.0006266788444334547,-0.0011337983440786474,0.0020367764339569725,0.0038703964678521033,0.32500000000000007,0.0025717223030312167,0.0017493057939149323,496,1.0,False,,28317,-0.17689104280432566,-0.173622637058848
1321365,X2,X,0.3127,42.23841,195.0641,0.0,36.341213,-6.006461,8.91,0.0022291609913272885,-0.0003428724013696486,-0.00016016354808770505,-0.00018270885328194333,0.008237286889222933,0.0007207949491349792,0.32500000000000007,0.002572033392696937,0.0017495125463602439,496,1.0,False,,28317,1.1825896905398023,1.18585809628528
1283878,X3,X,0.31286,41.10731,0.114,1.0,37.133186,-4.041304,11.246,0.0038722371493030675,0.0012977150392803655,-0.0007863074131805813,0.002084022452460947,0.0054304065551870765,-0.002815077612913308,0.32500000000000007,0.002574522110022702,0.00175116656592274,496,1.0,False,0.013207805858964371,28317,0.050215896520316425,0.05348430226579408
1341894,X1,X,0.31293,41.09265,0.1346,1.0,35.302498,-4.650253,9.854,0.019095788566906774,0.01652017764305405,0.016802262055055965,-0.000282084412001913,0.01576179224334747,-0.03648865772938344,0.32500000000000007,0.0025756109238527234,0.0017518901994813315,496,1.0,False,,28317,0.03499880117752517,0.038267206923002825
1913214,X2,X,0.31615,41.10099,0.1151,1.0,35.648705,-6.468292,10.634,0.00026858452763909495,-0.002357111832394639,-0.0012244054423350174,-0.0011327063900596218,0.0009580117552255679,0.005171639744162979,0.32500000000000007,0.002625696360033734,0.0017851773431765564,496,1.0,False,,28317,0.017836260774198743,0.021104666519676393
1345553,X1,X,0.31794,41.1955,0.1235,1.0,35.344563,-4.667805,9.847,0.004059973702276564,0.0014064348171608392,0.0016904504155840663,-0.0002840155984232271,0.001550974354338825,-0.0030198138012191393,0.32500000000000007,0.0026535388851157246,0.0018036816870319766,496,1.0,False,,28317,0.09827314655111784,0.10154155229659549
1259615,X1,X,0.32008,41.245,0.1491,0.99708,35.21627,-4.591587,10.406,0.008675456298091565,0.00598863081874374,0.006034141578575977,-4.55107598322361e-05,0.0051295773232355795,-0.013062477476895387,0.32500000000000007,0.0026868254793478248,0.001825804198680356,496,1.0,False,0.34984243379189145,28317,0.1310442228736789,0.13431262861915655
1293366,X2,X,0.3204,41.26326,0.1538,1.0,36.235241,-6.03647,11.187,0.0017892954332450956,-0.0009025074807542585,-0.0003678540335777308,-0.000534653447176528,0.0030575621875497945,0.0020027133193581893,0.32500000000000007,0.002691802913999354,0.0018291122378053476,496,1.0,False,,28317,0.1468116032241965,0.15008000896967416
1566028,X2,X,0.32059,41.06264,0.1387,1.0,35.806854,-6.998025,10.31,0.04394013584111092,0.04124537757528722,0.042411882818510584,-0.0011665052432233611,0.021053549104321636,-0.09218641185484693,0.32500000000000007,0.002694758265823699,0.001831076386035811,496,1.0,False,,28317,-0.055287299739068,-0.052018893993590345
1246527,X3,X,0.32078,41.19991,0.1387,1.0,36.019295,-5.015696,11.12,0.0010784450915950678,-0.0016192685260529769,-0.0007811531419367433,-0.0008381153841162338,0.005662344612541576,0.003536692621250287,0.32500000000000007,0.0026977136176480447,0.0018330405342662746,496,1.0,False,0.0005451324217507824,28317,0.08050460828781346,0.08377301403329111
1261579,X3,X,0.32214,40.97363,0.1064,1.0,36.12019,-4.96643,11.221,0.0008935933950541203,-0.0018252743198629222,-0.0012124796075608285,-0.0006127947123020936,0.0017092374213751565,0.004016672059611613,0.32500000000000007,0.0027188677149170425,0.0018470997005474875,496,1.0,False,0.12998623443810792,28317,-0.15633182203113172,-0.15306341628565406
1310396,X2,X,0.3225,41.21681,0.1051,1.0,35.060162,-6.052902,9.3,0.00023996975913902853,-0.002484497569760985,-0.001294721004276203,-0.0011897765654847816,0.0010164337107398988,0.005451177633734479,0.32500000000000007,0.0027244673289000135,0.001850821244563103,496,1.0,False,0.24551984877126654,28317,0.08406073369846033,0.08732913944393798
1891147,X2,X,0.32274,41.12372,0.141,0.99878,36.062782,-6.915025,9.063,0.0030463007007724956,0.0003181002958838352,0.0007627057200259313,-0.00044460542414209616,0.01029420127688568,-0.0007552581710927632,0.32500000000000007,0.0027282004048886604,0.0018533022739068467,496,1.0,False,0.3102348156100216,28317,-0.010885962915314528,-0.007617557169836878
1340700,X3,X,0.3255,41.0611,0.1836,1.0,36.162487,-4.681663,10.461,0.00022133553434926188,-0.0025510551146266935,-0.0013906417252788625,-0.0011604133893478312,0.000882001547224198,0.005597510447038533,0.32500000000000007,0.0027723906489759555,0.001882813628830981,496,1.0,False,,28317,-0.09476660655773096,-0.09149820081225331
1305626,X3,X,0.32572,41.14461,0.1054,1.0,35.654636,-4.133271,9.251,0.009565588068969092,0.006789221090774352,0.007327907948801437,-0.0005386868580270854,0.009828595659876906,-0.014891392688715189,0.32500000000000007,0.00277636697819474,0.0018855188934166905,496,1.0,False,,28317,-0.012944106920014142,-0.009675701174536491
1314071,X3,X,0.32707,40.96772,0.1501,1.0,36.619431,-4.035996,10.144,0.004143497171096135,0.0013427299908770388,-0.0012515526708002942,0.0025942826616773326,0.007901412928914197,-0.0029494847733499818,0.32500000000000007,0.002800767180219096,0.0019021193806471781,496,1.0,False,,28317,-0.20016617932285363,-0.19689777357737598
1259511,X3,X,0.3271,41.23238,0.0826,1.0,36.732697,-3.742704,10.824,0.0031648326625527507,0.00036352325562200244,-0.001423865702299456,0.0017873889579214585,0.0069624468648918835,-0.0007942318261813242,0.32500000000000007,0.0028013094069307483,0.0019024882803634108,496,1.0,False,,28317,0.06426466776775462,0.06753307351323228
1306073,X3,X,0.32858,41.15561,0.1025,1.0,36.850567,-3.749221,10.475,0.002278165544799519,-0.0005498937132394121,0.00045687219878229736,-0.0010067659120217096,0.004983073580728272,0.0012226632111653826,0.32500000000000007,0.002828059258038931,0.0019206873330309077,496,1.0,False,,28317,-0.023786122730510405,-0.020517716985032755
1266808,X1,X,0.3293,42.20032,200.9551,0.0,34.983429,-4.672231,10.698,0.0006824209632392615,-0.0021586517358793264,-0.0010296276798782305,-0.0011290240560010963,0.0026677667559013205,0.004740684783746894,0.32500000000000007,0.0028410726991185877,0.0019295409262205011,496,1.0,False,,28317,1.0154529234016065,1.0187213291470842
1301933,X3,X,0.32959,41.25571,0.0986,1.0,36.663174,-4.97178,9.733,0.005771503209672995,0.0029251889856751,0.003668268387660917,-0.0007430794019858168,0.010232456490052904,-0.006442364562528014,0.32500000000000007,0.002846314223997895,0.0019331069568107543,496,1.0,False,,28317,0.06864247277231349,0.07191087851779114
1338675,X3,X,0.33047,41.20651,0.1893,1.0,36.743702,-4.96763,9.319,0.0033859468899419794,0.0005237273490689485,0.0006353513958984149,-0.00011162404682946614,0.0020566949012133327,-0.0010926416647279629,0.32500000000000007,0.002862219540873031,0.0019439280151535906,496,1.0,False,0.041135839214713595,28317,0.0127761986844802,0.01604460442995785
1321276,X3,X,0.33121,41.34494,0.1268,0.99998,37.034294,-4.091055,9.974,0.004949815549447856,0.0020742210830207333,0.0019932033048688153,8.101777815191819e-05,0.010642671925720106,-0.004601628820137981,0.32500000000000007,0.0028755944664271226,0.0019530275414873393,496,1.0,False,,28317,0.14561317699986198,0.14888158274533964
1260241,X3,X,0.33336,41.22274,0.1175,1.0,36.660114,-5.357857,11.029,0.001109207927988166,-0.0018052461194407086,-0.00078862937674649,-0.0010166167426942183,0.0030520397561105456,0.003972408084032893,0.32500000000000007,0.0029144540474288745,0.0019794653544840408,496,1.0,False,,28317,0.007228576299755141,0.010496982045232792
1295024,X2,X,0.33386,41.51629,0.1646,0.99995,35.051785,-7.049985,10.34,0.010243182342845375,0.007319691183555628,0.007938260942963628,-0.0006185697594080009,0.012494979445949028,-0.016126308675446538,0.32500000000000007,0.0029234911592897475,0.0019856136830879254,496,1.0,False,,28317,0.29702857034082364,0.3002969760863013
1480038,X2,X,0.33423,41.22336,0.1221,1.0,35.783585,-6.791717,10.459,0.005844173613122472,0.0029139949910556785,0.004202573298556575,-0.001288578307500896,0.00910732973390333,-0.006413146577327276,0.32500000000000007,0.0029301786220667938,0.0019901634462548,496,1.0,False,,28317,0.001326912417641702,0.004595318163119352
1531112,X1,X,0.3347,41.27318,0.1287,1.0,33.82246,-5.316269,9.431,0.001784223964374811,-0.0011544495428412026,3.831350431625531e-05,-0.0011927630471574584,0.003260838775616831,0.0025575443471544915,0.32500000000000007,0.0029386735072160137,0.0019959428751424512,496,1.0,False,,28317,0.047630251632990825,0.05089865737846848
1929216,X1,X,0.33584,41.31977,0.1783,1.0,34.725739,-4.049246,10.02,0.013232632167092901,0.010273354044834098,0.011302019125106987,-0.0010286650802728884,0.010184248770174282,-0.0225499141561545,0.32500000000000007,0.0029592781222588034,0.002009961064359307,496,1.0,False,0.3431249251407354,28317,0.08570943920573902,0.08897784495121668
1314897,X3,X,0.33662,41.10509,0.1566,0.99999,36.606773,-4.154642,10.901,0.0008734580074058304,-0.002099918009355934,-0.0013828415321928615,-0.0007170764771630723,0.0030806013768133454,0.004615285073157627,0.32500000000000007,0.0029733760167617645,0.002019552456981366,496,1.0,False,,28317,-0.13477834744970074,-0.1315099417042231
1368530,X1,X,0.34224,41.47595,0.1658,0.99999,34.285057,-5.275648,9.939,0.00045591017106951355,-0.00261904298300846,-0.0012227667569778538,-0.0013962762260306065,0.001610580389108916,0.0057550780259982125,0.32500000000000007,0.0030749531540779735,0.002088659670489025,496,1.0,False,,28317,0.1946004672045546,0.19786887295003225
1876421,X2,X,0.34313,41.38335,0.1365,1.0,34.838043,-6.329509,9.327,0.004460832911518433,0.0013697936983281056,0.001033721947767183,0.00033607175056092273,0.005657375363169951,-0.0029582461669321516,0.32500000000000007,0.0030910392131903277,0.002099603695403939,496,1.0,False,0.02034799312054676,28317,0.09548932601036163,0.09875773175583928
1531108,X1,X,0.34387,41.34527,0.1924,1.0,34.103191,-4.6868,8.677,0.0020500857320698454,-0.0010543284066745736,0.00010218772992614481,-0.0011565161366007186,0.0017245646803238784,0.002351704640425884,0.32500000000000007,0.003104414138744419,0.0021087032217376876,496,1.0,False,0.5236592825198867,28317,0.052007468653076136,0.05527587439855379
1776135,X1,X,0.3441,42.49381,283.2525,0.0,33.962044,-5.517095,10.687,0.021970363075701896,0.018861791865501475,0.008491706522850972,0.010370085342650505,0.01027322573945796,-0.04162514583711248,0.32500000000000007,0.0031085712102004205,0.0021115314528954744,496,1.0,False,0.06614091213451383,28317,1.1988707065320225,1.2021391122775003
1323106,X1,X,0.34417,41.33949,0.1104,1.0,34.085419,-5.013755,10.364,0.0015735249471733829,-0.0015363114586875596,-0.00031210746490880725,-0.0012242039937787523,0.003357988157223753,0.0033897726112176152,0.32500000000000007,0.0031098364058609424,0.0021123922189000177,496,1.0,False,,28317,0.044040593702507555,0.04730899944798521
1948484,X3,X,0.34436,41.09129,0.1802,0.99999,35.975529,-3.851234,10.82,0.0011897981662965817,-0.001923472342071493,-0.0005674843347497607,-0.0013559880073217324,0.002128550362848346,0.0042412870496501,0.32500000000000007,0.0031132705083680746,0.0021147285837694943,496,1.0,False,,28317,-0.20554351393125792,-0.20227510818578026
1329312,X3,X,0.34478,41.25878,0.1051,1.0,36.263176,-5.541998,10.862,0.002577221021272793,-0.0005436406610584139,-0.0014666611685322118,0.0009230205074737979,0.003795270922612445,0.0012331410551455185,0.32500000000000007,0.003120861682331207,0.0021198931797967568,496,1.0,False,,28317,-0.041110611575729275,-0.03784220583025162
1292823,X3,X,0.34565,41.30887,0.1262,1.0,36.623569,-4.401132,9.027,0.0033704500163656862,0.00023386375939655948,0.0007268789283144165,-0.0004930151689178572,0.0014480072427574932,-0.00044925403678192,0.32500000000000007,0.0031365862569691268,0.002130591271567516,496,1.0,False,,28317,0.002657788562561259,0.0059261943080389096
1770442,X1,X,0.34578,41.29105,0.1427,0.9998,33.758274,-5.514939,10.576,0.0015756694790968993,-0.0015632664269560536,-0.00057245301338828,-0.0009908134135677739,0.003410696192325429,0.0034497134065910586,0.32500000000000007,0.003138935906052953,0.002132189837004525,496,1.0,False,,28317,-0.016105552151682977,-0.012837146406205327
1254356,X2,X,0.35129,41.47435,0.1285,1.0,35.395866,-7.221087,10.248,0.0024121513259257677,-0.0008263735528340021,-0.0015822222181649552,0.0007558486653309528,0.007225542517761358,0.0018232348735426436,0.3750000000000001,0.00323852487875977,0.0021999444182193295,496,1.0,False,,28317,0.1531660803228504,0.1307788083981694
1261503,X2,X,0.35211,41.15259,0.1223,1.0,34.953094,-6.78175,10.758,0.004136711332886156,0.0008833655906745549,-0.0008916586023311033,0.0017750241930056575,0.0057396942609980245,-0.0018831199513346048,0.3750000000000001,0.0032533457422116007,0.0022100276771296994,496,1.0,False,,28317,-0.17445034176583085,-0.19683761369051184
1256765,X2,X,0.35267,42.02292,32.6184,0.0001,35.418507,-6.483821,8.926,0.002244823893540303,-0.0010186434139554754,-0.0007092388306858487,-0.0003094045832696267,0.0042664632881725005,0.0022714911384969175,0.3750000000000001,0.0032634673074957783,0.0022169138051660498,496,1.0,False,,28317,0.6918874093861432,0.6695001374614622
1935471,X2,X,0.35433,41.10221,0.1098,0.99997,35.814743,-6.134845,10.632,0.000855044139203606,-0.0024384263796702697,-0.0011428920132776055,-0.0012955343663926644,0.0038246457117136023,0.005360622963754173,0.3750000000000001,0.0032934705188738755,0.0022373262561309454,496,1.0,False,,28317,-0.2406223309637,-0.263009602888381
1260113,X1,X,0.35469,41.30599,0.2287,0.95092,33.601913,-5.246937,11.045,0.00025509951805626787,-0.003044877721357437,-0.0016473610168656343,-0.0013975167044918031,0.0030961949755365778,0.006683233049755082,0.3750000000000001,0.003299977239413705,0.0022417530527257426,496,1.0,False,,28317,-0.03939454901452144,-0.06178182093920244
1251552,X2,X,0.35484,41.5652,0.1302,1.0,36.36768,-6.006832,9.98,0.00436217933565174,0.0010594909626797742,5.8921076438955616e-05,0.0010005698862408175,0.011761125988019842,-0.002376276152024825,0.3750000000000001,0.0033026883729719656,0.002243597551306907,496,1.0,False,,28317,0.2187527353552695,0.19636546343058853
1331836,X1,X,0.35667,41.3561,0.128,1.0,35.06308,-5.170041,10.652,0.00012791306584474384,-0.0032078511365380164,-0.0016862113383036806,-0.0015216397982343358,0.00046363128123066657,0.00704690400855541,0.3750000000000001,0.00333576420238276,0.0022661004339971235,496,1.0,False,0.1869504006132663,28317,-0.0032789749469913643,-0.025666246871672363
1265281,X3,X,0.36021,41.60278,0.2716,0.9999,35.896263,-4.571359,9.183,0.0003127633231469768,-0.0030869836312107622,-0.0015344102856784665,-0.001552573345532296,0.0010565767509025112,0.006786080157375986,0.3750000000000001,0.003399746954357739,0.002309630600512624,496,1.0,False,,28317,0.21855920744647073,0.19617193552178974
1264512,X2,X,0.36027,41.34945,0.1453,1.0,36.080235,-6.381612,9.0,0.0014984604724375145,-0.0019023709353435292,-0.0005392109000130387,-0.0013631600353304907,0.004131171064643183,0.004193910908220088,0.3750000000000001,0.0034008314077810437,0.00231036839994509,496,1.0,False,,28317,-0.03518988646530807,-0.05757715838998907
1905244,X3,X,0.36176,41.48715,0.1265,1.0,36.339825,-4.414424,10.417,0.003554532601840534,0.00012677060071408916,0.0014107269288588418,-0.0012839563281447528,0.007826502617365682,-0.00026600984266151803,0.3750000000000001,0.003427762001126445,0.0023286904191846653,496,1.0,False,0.48983668194101737,28317,0.09212331827477549,0.06973604635009449
1333291,X3,X,0.3646,41.232,0.1694,0.99999,36.347569,-4.368682,10.012,0.02287280211317991,0.01939370931668371,0.02050819793667885,-0.0011144886199951397,0.020085038465556166,-0.043052731390684794,0.3750000000000001,0.003479092796496201,0.0023636129256547275,496,1.0,False,0.0010259416678880349,28317,-0.1827149392180133,-0.20510221114269428
1255735,X3,X,0.36463,41.30831,0.2163,1.0,36.338848,-4.395229,8.28,0.003406476877207627,-7.315814600022692e-05,0.001193993732188745,-0.0012671518781889714,0.010376926036118539,0.00012165650219881502,0.3750000000000001,0.003479635023207854,0.0023639818253709606,496,1.0,False,,28317,-0.10661215367654796,-0.12899942560122896
1308582,X3,X,0.36704,41.25502,0.0964,1.0,37.137203,-4.372703,10.659,0.0011575715516621574,-0.0023656223507151023,-0.0014706083942778096,-0.0008950139564372929,0.003033456783682012,0.005214747342036807,0.3750000000000001,0.0035231939023772597,0.0023936167692416824,496,0.75,True,,28317,-0.17649694515278902,-0.19888421707747
1918076,X3,X,0.36966,41.37922,0.274,0.99995,36.165459,-3.747552,9.79,0.0009520549779009056,-0.0026184933906273277,-0.0010091004653354362,-0.0016093929252918918,0.0008137845305259722,0.005775048806920613,0.3750000000000001,0.0035705483685282333,0.002425834011126036,496,1.0,False,,28317,-0.07022348604772055,-0.09261075797240155
1321973,X1,X,0.37043,41.29234,0.1464,0.99999,34.41362,-4.215644,10.96,0.004352822587552041,0.0007683570667580642,0.0005231290858556722,0.00024522798090239207,0.010090064455378116,-0.001705100090387943,0.3750000000000001,0.0035844655207939767,0.0024353024371760175,496,1.0,False,,28317,-0.16234956531525035,-0.18473683723993134
1434203,X1,X,0.37567,41.36417,0.1722,1.0,34.862087,-4.879738,9.458,0.0013681054430146763,-0.002311991437405323,-0.0015709691531250226,-0.0007410222842803005,0.004532688750400989,0.005090808436770451,0.3750000000000001,0.0036800968804199994,0.0025024760681197715,496,1.0,False,,28317,-0.12595377410696507,-0.14834104603164605
1282736,X2,X,0.37797,41.47658,0.1632,1.0,35.808937,-6.267941,10.528,0.0024385941147492996,-0.0012862400217909767,-0.0008418427493178274,-0.00044439727247314953,0.0020181949774023926,0.002879546665896274,0.3750000000000001,0.0037248341365402763,0.0025401614222388493,496,1.0,False,,28317,-0.02895232363118516,-0.05133959555586616
1847100,X2,X,0.3789,41.47386,0.1468,1.0,36.015373,-6.270972,8.361,0.0009094658171112653,-0.002833457731686341,-0.0011883637117595428,-0.0016450940199267989,0.004612220317707665,0.006225388722384482,0.3750000000000001,0.0037429235487976063,0.0025553994132522166,496,1.0,False,,28317,-0.03787804078738766,-0.060265312712068655
1923060,X1,X,0.38247,41.42685,0.1332,1.0,34.833241,-5.172078,10.298,0.003521816660848489,-0.000290546889840156,0.0014466727772214916,-0.0017372196670616478,0.007772344531410837,0.0006518162473030716,0.3750000000000001,0.003812363550688645,0.0026138936368196542,496,1.0,False,,28317,-0.10857940484296767,-0.13096667676764867
1343401,X1,X,0.38283,41.44162,0.1592,1.0,34.572369,-5.654891,10.822,0.0009219193290471255,-0.002897446574773389,-0.0017186861898510076,-0.0011787603849223824,0.0037017591856096767,0.00637672339505988,0.3750000000000001,0.003819365903820515,0.0026197922139861193,496,1.0,False,0.1900233578964876,28317,-0.09618704271217815,-0.11857431463685915
1879414,X3,X,0.38889,41.585,0.1334,1.0,36.198956,-5.209619,7.954,0.006524947574584938,0.0025877087263779536,-0.0005963878312524418,0.0031840965576303945,0.00844671442466243,-0.005635359313212421,0.3750000000000001,0.003937238848206985,0.0027190849296216037,496,1.0,False,,28317,0.00747793513250905,-0.014909336792171948
1246626,X3,X,0.39282,41.54316,0.2135,1.0,37.306267,-4.334408,10.646,0.001286544083840558,-0.002727137119389336,-0.0013014583137873213,-0.0014256788056020149,0.004000981963838693,0.0060146083828042,0.3750000000000001,0.004013681203229894,0.0027834777303555065,496,0.875,True,0.004149854252523662,28317,-0.059811707741052156,-0.08219897966573315
1329198,X3,X,0.39521,41.14772,5.763,0.0021,35.820892,-3.95941,9.486,0.00387125895713333,-0.00018891009049980863,0.0007212410040657175,-0.0009101510945655259,0.005382239298449861,0.00047274684997484356,0.3750000000000001,0.0040601690476331385,0.0028226377287662004,496,1.0,False,,28317,-0.4706132851607706,-0.4930005570854516
1329615,X2,X,0.4036,41.73836,0.1551,1.0,35.442188,-5.639512,10.926,0.004172339320220499,-5.102345734704205e-05,0.0015260794077723303,-0.0015771028651193736,0.008148436317600968,0.000147109793028833,0.42500000000000016,0.004223362777567541,0.0029601073466179687,496,0.95,False,,28317,0.042786508887066144,0.04438833910412425
1530120,X1,X,0.40467,41.66284,183.6521,0.0,34.142475,-5.63683,9.758,0.0007993429251029115,-0.0034448324020510184,-0.0015114540756795982,-0.0019333783263714218,0.001492550939239972,0.007599267566758358,0.42500000000000016,0.00424417532715393,0.002977639228751626,496,1.0,False,,28317,-0.0394506048508233,-0.037848774633765195
1880632,X3,X,0.40538,41.53219,0.1213,1.0,36.659134,-4.481378,10.56,0.00621900960838522,0.0019610240847767685,-0.0014750859518081916,0.003436110036584959,0.0042200468027523185,-0.004193746259089774,0.42500000000000016,0.0042579855236084515,0.0029892725337188207,496,1.0,False,0.07882565569454528,28317,-0.1745486448719148,-0.17294681465485667
1262588,X2,X,0.40644,42.13934,0.484,0.3241,34.911228,-6.294156,10.52,0.0009547937776786593,-0.0033238097857069644,-0.0014505478988400145,-0.0018732618868669505,0.004513231250372395,0.007322872715349375,0.42500000000000016,0.0042786035633856235,0.0030066405664867435,496,1.0,False,,28317,0.42597408421033556,0.4275759144273937
1292997,X3,X,0.41447,41.75128,0.2499,0.99939,35.598251,-4.873073,11.007,0.001617468077536953,-0.002817326862651204,-0.001773233280522243,-0.0010440935821289616,0.0034465825560583423,0.006235558455512901,0.42500000000000016,0.004434794940188157,0.003138211607172047,496,1.0,False,0.027338861905872855,28317,-0.011774655607896926,-0.010172825390838816
1896164,X3,X,0.42068,41.57618,0.1235,1.0,36.694061,-5.518899,11.194,0.0026640435023948163,-0.0018915420293180883,-0.00026456666021430156,-0.0016269753691037878,0.00234818882006061,0.004231066909502955,0.42500000000000016,0.004555585531712905,0.003239962063293557,496,1.0,False,,28317,-0.22469084061863065,-0.22308901040157253
1337311,X1,X,0.42131,41.91931,0.1409,1.0,34.414543,-4.16759,10.424,0.008259306303835796,0.003691466654142119,0.004531019921983918,-0.0008395532678418,0.0010591725661834776,-0.007954627524471894,0.42500000000000016,0.004567839649693677,0.0032502845733348705,496,1.0,False,0.3852713341916964,28317,0.1146318221091861,0.1162336523262442
1368143,X3,X,0.42348,41.72135,0.1491,0.99994,35.940483,-5.160461,10.199,0.005066435050066308,0.00045638677177219523,0.0022611139765966078,-0.0018047272048244134,0.008262918564333413,-0.0009534987968985546,0.42500000000000016,0.004610048278294113,0.0032858398856993923,496,1.0,False,,28317,-0.09640187939194356,-0.09480004917488545
1302523,X3,X,0.42391,41.85669,0.1031,1.0,36.31778,-4.659705,10.506,0.011303190737849708,0.006684778537759195,0.0027032457904412302,0.003981532747317965,0.015310172033588466,-0.014774128470451378,0.42500000000000016,0.004618412200090512,0.003292885408426002,496,1.0,False,,28317,0.036354888197462354,0.03795671841452046
1311632,X1,X,0.4242,41.7406,0.1531,1.0,34.68988,-5.072289,10.379,0.0017449668062048734,-0.0028790861783529785,-0.0006739909379966473,-0.0022050952403563323,0.0012168409092639869,0.006387259146805203,0.42500000000000016,0.004624052984557852,0.003297637040032321,496,1.0,False,0.056733604830782186,28317,-0.08147591405876675,-0.07987408384170865
1305387,X2,X,0.42467,42.18998,0.2967,0.99053,36.35133,-5.991406,9.917,0.017083027546693292,0.012449832601102166,0.0006372254274370341,0.011812607173665132,0.013340714878555227,-0.027413953159628038,0.42500000000000016,0.004633194945591126,0.0033053379602218714,496,1.0,False,0.07466290439189424,28317,0.36508513849991864,0.36668696871697676
1632070,X2,X,0.42513,42.1526,0.2522,0.99977,35.710827,-6.952427,9.871,0.004445995400865241,-0.00019615849465561344,0.001787801749214038,-0.001983960243869652,0.007519800894882369,0.00048359054615239837,0.42500000000000016,0.004642153895520854,0.0033124938429272433,496,1.0,False,,28317,0.32494898134098527,0.3265508115580434
1295027,X2,X,0.42561,41.76441,0.1372,0.99996,35.432812,-6.940386,10.076,0.0045772535605174925,-7.427926260526047e-05,0.0021043683367415198,-0.0021786475993467807,0.006367923519122728,0.00023568347664090078,0.42500000000000016,0.004651532823122753,0.0033189511486605805,496,1.0,False,,28317,-0.06611404842279989,-0.06451221820574178
1338324,X1,X,0.42602,42.16596,0.2183,0.98656,34.960121,-5.12952,10.058,0.00019413114790553,-0.004465412842543846,-0.002256241232359268,-0.0022091716101845784,0.000837642199957887,0.009837830563383696,0.42500000000000016,0.004659543990449376,0.0033244667639744725,496,1.0,False,0.3265592347933409,28317,0.33298429462861356,0.3345861248456717
1408068,X3,X,0.42713,41.89593,0.223,0.99998,36.392204,-4.371409,10.938,0.014292010039116508,0.00961077727858774,0.007495407488555541,0.0021153697900321987,0.004615856771712189,-0.02097419555388369,0.42500000000000016,0.004681232760528768,0.0033393992834828143,496,1.0,False,0.042834219727705264,28317,0.05632789673242378,0.05792972694948188
1336359,X1,X,0.42821,42.27783,0.2647,0.99983,35.238991,-5.289758,9.271,0.00039796966591081366,-0.0043043656817222265,-0.002085660794205929,-0.0022187048875162993,0.0009371974838678535,0.009490057192863456,0.42500000000000016,0.004702335347633041,0.003353928221382822,496,1.0,False,0.43746367831061256,28317,0.43179597250209845,0.43339780271915657
1265040,X1,X,0.42981,41.45573,0.205,0.99837,33.967983,-5.738808,11.061,0.0029230896718852395,-0.0018105087677541334,-0.0014314536796493527,-0.0003790550881047814,0.002660868503529834,0.0040301957703973495,0.42500000000000016,0.004733598439639373,0.0033754525738272797,496,1.0,False,0.0007623390520418656,28317,-0.3998050731237114,-0.39820324290665327
1260107,X1,X,0.42982,41.89811,0.3071,0.99879,34.653896,-4.864961,9.716,0.0015607773996929107,-0.0031730164342715006,-0.0009451699323024844,-0.0022278465019690175,0.003679243111840747,0.007018926693275351,0.42500000000000016,0.0047337938339644114,0.0033755871010300565,496,1.0,False,,28317,0.042515649049914894,0.044117479266973
1260159,X1,X,0.43034,41.92619,0.2046,0.99951,34.788071,-4.037522,10.998,0.0029973467820209937,-0.0017466075568454758,-0.0014577238018642993,-0.00028888375498117716,0.005838610913221548,0.0038691604236801656,0.42500000000000016,0.0047439543388664695,0.0033825825155745053,496,1.0,False,0.0066138121006194504,28317,0.06751497181587929,0.0691168020329374
1916124,X1,X,0.43071,41.74154,0.1921,1.0,34.32325,-4.70075,9.599,0.00046946236524333414,-0.004281721563649599,-0.002098132462481681,-0.002183589101167919,0.0006943999098868934,0.009443941749065501,0.42500000000000016,0.004751183928892933,0.0033875600220772857,496,1.0,False,,28317,-0.11932493674887745,-0.11772310653181935
1317526,X3,X,0.4316,42.00453,0.1314,0.99986,35.957134,-3.998689,9.159,0.0044884193575467,-0.0002801546662747553,0.0018706906028000238,-0.002150845269074779,0.007285222085307881,0.0006721525694810652,0.42500000000000016,0.0047685740238214555,0.003399532943124515,496,1.0,False,,28317,0.1384046180612274,0.1400064482782855
1367571,X1,X,0.43311,41.75842,0.1381,0.99947,35.383884,-5.326175,10.671,0.0013379703910128696,-0.0034601081758895607,-0.0012928432802760965,-0.0021672648956134644,0.0038155779171196885,0.0076431230679230066,0.42500000000000016,0.00479807856690243,0.0034198465507439707,496,1.0,False,0.28524677100850593,28317,-0.11660732078314873,-0.11500549056609062
1310485,X2,X,0.43313,41.9139,0.1803,1.0,35.259193,-6.395823,9.288,0.0012208844961938792,-0.0035775848593586307,-0.0015072424617473446,-0.0020703423976112874,0.00305463465370048,0.007905984235242332,0.42500000000000016,0.00479846935555251,0.0034201156051495273,496,1.0,False,,28317,0.03875496698663461,0.040356797203692715
1314067,X3,X,0.43365,41.79666,0.1106,1.0,36.691128,-4.824842,9.352,0.0034804004614762104,-0.0013282293989783566,0.00018249231768110823,-0.0015107217166594655,0.006611456482215044,0.002972964419391183,0.42500000000000016,0.004808629860454567,0.003427111019693975,496,1.0,False,,28317,-0.08154377384222322,-0.07994194362516512
1660018,X2,X,0.43435,41.60541,0.2014,1.0,36.210514,-5.864627,9.879,0.0028719600468207172,-0.0019503474163866203,-0.0022549592437979124,0.00030461182741129116,0.002575152409529529,0.004370172887499112,0.42500000000000016,0.004822307463207338,0.0034365279238884254,496,1.0,False,,28317,-0.27690591443321744,-0.2753040842161593
1909346,X3,X,0.43448,42.25091,0.2565,0.9064,35.921303,-4.806608,9.039,0.002211009565108232,-0.00261383802432462,-0.000408831356787466,-0.0022050066675371543,0.004444417142521868,0.005798851929699411,0.42500000000000016,0.004824847589432852,0.003438276777524537,496,1.0,False,,28317,0.3678310826343151,0.3694329128513732
1321166,X3,X,0.4351,42.0886,0.1354,1.0,37.247936,-4.362462,10.744,0.0014433847001216488,-0.003393577337463656,-0.0019185208813347768,-0.00147505645612888,0.005225359478255602,0.0074871206652473415,0.42500000000000016,0.004836962037585305,0.0034466174640967644,496,0.675,True,,28317,0.20188507127221988,0.203486901489278
1501097,X1,X,0.43587,41.80467,0.1444,1.0,34.206219,-4.218188,10.254,0.006964032922266231,0.002112025521652879,-0.0016159469919472856,0.0037279725136001637,0.0065626993815074315,-0.004550935165844169,0.42500000000000016,0.004852007400613352,0.003456976058710659,496,1.0,False,,28317,-0.086553900946302,-0.08495207072924389
1313698,X1,X,0.43619,41.84314,0.1563,1.0,34.805801,-4.187651,9.902,0.005706022809444331,0.0008477627904297114,0.003054453511089458,-0.0022066907206597466,0.005233222386069436,-0.0017540911646374002,0.42500000000000016,0.004858260019014619,0.0034612809291995512,496,1.0,False,0.4225137342552168,28317,-0.04995557519579841,-0.0483537449787403
1256701,X1,X,0.43629,42.28125,0.235,0.92841,34.007782,-4.728896,10.365,0.010182712420726428,0.005322498458461413,0.007009470540456847,-0.0016869720819954342,0.0017320024237146704,-0.01152085192086428,0.42500000000000016,0.004860213962265015,0.0034626262012273294,496,1.0,False,0.08174532998210665,28317,0.38756978917029705,0.38917161938735517
1316831,X1,X,0.43848,41.96879,0.1349,0.99999,35.065357,-4.223817,10.739,0.000564009689888936,-0.004338995629559744,-0.0020438903625331997,-0.0022951052670265445,0.0019325788335624978,0.009572329851474477,0.42500000000000016,0.0049030053194486795,0.0034920876586356786,496,1.0,False,,28317,0.0623375034677921,0.0639393336848502
1334614,X2,X,0.43941,42.79751,289.7856,0.0,36.220749,-5.810372,10.158,0.005081303441125849,0.00016012644944848973,-0.0017534442457926985,0.001913570695241187,0.00292646517613703,-0.00023002560037822112,0.42500000000000016,0.004921176991677359,0.0035045986884940194,496,1.0,False,,28317,0.885651643958309,0.887253474175367
1310294,X1,X,0.43967,41.94286,0.1607,0.9999,33.549484,-4.695752,8.904,0.005055179519250851,0.0001289222751224622,-0.0009388701848652235,0.0010677924599876844,0.013733449512573416,-0.0003707371487543139,0.42500000000000016,0.004926257244128388,0.003508096395766244,496,1.0,False,0.34669750706759184,28317,0.029492237142048402,0.03109406735910651
1904152,X3,X,0.44025,42.07844,0.1423,1.0,36.346565,-5.176935,10.995,0.007591478431279702,0.002653888316299019,0.0025422610218966673,0.00011162729440235145,0.00974356820329985,-0.005773989215130136,0.42500000000000016,0.0049375901149806825,0.0035158989735273585,496,1.0,False,0.16583926401666382,28317,0.16170809685709464,0.16330992707415276
1256823,X3,X,0.44084,41.9191,0.1135,1.0,36.531815,-4.617454,9.313,0.00314700431642113,-0.0018021140637368887,-0.0007344394396960627,-0.0010676746240408262,0.009608989723059808,0.00395139099659308,0.42500000000000016,0.0049491183801580185,0.0035238360784912524,496,1.0,False,,28317,-0.00104980676686062,0.0005520234501974891
1641173,X3,X,0.44364,42.2474,0.1954,0.99816,36.320126,-4.488861,10.622,0.0202073284623794,0.015203499671210301,0.01716622692557134,-0.0019627272543610414,0.01773019340810849,-0.03368793597668175,0.42500000000000016,0.005003828791169097,0.0035615036952690513,496,1.0,False,,28317,0.31108759355900595,0.31268942377606407
1645125,X2,X,0.44419,41.96627,0.16,1.0,35.159477,-5.767602,9.505,0.0006305850882977959,-0.004383990390748478,-0.002022131772896629,-0.0023618586178518496,0.0022581751737459905,0.009671895850895482,0.42500000000000016,0.005014575479046273,0.0035689026914218335,496,1.0,False,,28317,0.026793984786874666,0.028395815003932776
1265089,X2,X,0.44472,41.86658,0.1654,0.99848,36.228413,-5.622369,10.962,0.004156949680822868,-0.0008679816974505039,-0.0017145086806458082,0.0008465269831953032,0.007816168191980513,0.0019589330239945194,0.42500000000000016,0.005024931378273372,0.0035760326331690604,496,1.0,False,,28317,-0.07594112722211854,-0.07433929700506044
1251975,X2,X,0.44647,41.90973,0.0678,0.99999,35.061081,-5.824061,10.901,0.001802459063791364,-0.003256666321363932,-0.0008967677261209044,-0.002359898595243028,0.0011341175442976823,0.007229698955326952,0.42500000000000016,0.005059125385155296,0.0035995748936551845,496,1.0,False,,28317,-0.042821745136886524,-0.04121991491982842
1253474,X1,X,0.4467,41.82253,0.1154,1.0,34.52916,-5.711363,10.997,0.002369393152751945,-0.0026942263018792613,-0.0005162666418972472,-0.0021779596599820145,0.003002741153164844,0.00598571396701985,0.42500000000000016,0.005063619454631206,0.003602669019319075,496,1.0,False,,28317,-0.1313373257053413,-0.12973549548828317
1264499,X2,X,0.44841,41.66406,0.181,1.0,35.491611,-6.136648,10.595,0.001843359110495723,-0.003253672773717249,-0.000988764604117938,-0.0022649081695993124,0.0067502263517997246,0.007165103578925578,0.42500000000000016,0.005097031884212972,0.003625673170994088,496,1.0,False,,28317,-0.29956860336322244,-0.2979667731461643
1255487,X1,X,0.45012,41.90324,0.2107,1.0,34.843578,-5.66788,9.513,0.0029500402253299198,-0.00218040408846482,8.124189994752461e-05,-0.0022616459884123447,0.008319094535129018,0.004824302673459362,0.4750000000000001,0.00513044431379474,0.003648677322669102,496,1.0,False,,28317,-0.08594690707463415,-0.06851336324738329
1367556,X1,X,0.45115,41.89587,0.128,1.0,34.670261,-4.671014,9.209,0.003618378689912766,-0.0015321912393610488,0.0008907289409056918,-0.0024229201802667415,0.006597826994556894,0.0034349431144545042,0.4750000000000001,0.005150569929273815,0.003662533624555221,496,1.0,False,,28317,-0.09915897829153963,-0.08172543446428877
1252829,X1,X,0.45168,41.75649,0.1374,1.0,34.339718,-5.662422,10.799,0.0009807228558650536,-0.004180202972635858,-0.0023093773684741406,-0.0018708256041617191,0.003059451065135485,0.009236046280807004,0.4750000000000001,0.005160925828500912,0.003669663566302447,496,1.0,False,0.0029483081670891695,28317,-0.24154024140606212,-0.22410669757881124
1552028,X1,X,0.4518,42.01453,0.1065,1.0,34.482056,-5.541532,10.172,0.0006682844256821493,-0.004494986134719237,-0.0020698486751590623,-0.002425137459560175,0.005147548517377139,0.009905173857223514,0.4750000000000001,0.005163270560401386,0.0036712778927357804,496,1.0,False,0.13893098222895714,28317,0.015820683909866906,0.03325422773711777
1337267,X1,X,0.45318,41.93843,0.2617,0.9999,34.17128,-4.797093,9.269,0.016229727753080677,0.011039492775823828,0.013467317880403578,-0.00242782510457975,0.01388919774992157,-0.02429737409670963,0.4750000000000001,0.0051902349772568485,0.0036898426467191253,496,1.0,False,,28317,-0.06807659208543115,-0.05064304825818029
1916143,X2,X,0.45362,42.06582,0.1399,1.0,35.387547,-5.621445,8.804,0.005175566849788417,-2.3265477770172127e-05,0.0022648145453918076,-0.0022880800231619815,0.0035677892939299043,0.00017759344915415504,0.4750000000000001,0.005198832327558589,0.003695761843641351,496,1.0,False,,28317,0.056831981682899047,0.07426552551014991
1253475,X1,X,0.45412,42.18464,0.2443,0.98439,34.613754,-5.638916,10.959,0.004703630515050194,-0.0005049715287603739,-0.0014914655684146892,0.0009864940396543146,0.009346679075502844,0.001156687116825924,0.4750000000000001,0.005208602043810568,0.003702488203780244,496,1.0,False,0.16331526971639201,28317,0.17283490638182442,0.1902684502090753
1777122,X1,X,0.45429,41.97567,0.1899,0.99284,34.058311,-4.096692,11.221,0.0021260783029940734,-0.0030858454443421666,-0.002152058532395501,-0.0009337869119466664,0.007691431287514487,0.006804485372614539,0.4750000000000001,0.00521192374733624,0.003704775166227467,496,1.0,False,0.21413198192932634,28317,-0.03709223931951855,-0.01965869549226769
1937078,X1,X,0.45525,42.10631,2.5388,0.0074,34.742489,-4.688351,9.606,0.00183004435970979,-0.0034006372428302487,-0.0009814245938702454,-0.0024192126489600042,0.0011531606011549375,0.007551925657029495,0.4750000000000001,0.005230681602540039,0.0037176897776941406,496,1.0,False,,28317,0.08814897340152483,0.1055825172287757
1247537,X1,X,0.45565,41.96742,0.1422,1.0,34.025459,-5.010814,9.927,0.0065739371442929,0.0013354397687512778,-0.0012996711151401722,0.0026351108838914496,0.015816821298314767,-0.00300490821703564,0.4750000000000001,0.005238497375541622,0.0037230708658052554,496,1.0,False,0.033490193384398695,28317,-0.05298738330875907,-0.03555383948150821
1905184,X3,X,0.45587,41.653,0.3367,0.3559,36.016575,-4.411976,10.537,0.0028038201954971205,-0.0024389758551953706,-0.0003192161712497134,-0.0021197596839456585,0.0044861070038383286,0.00544083581583339,0.4750000000000001,0.005242796050692491,0.0037260304642663675,496,1.0,False,,28317,-0.36864209441418283,-0.35120855058693196
1531145,X3,X,0.45675,42.1682,0.2471,1.0,35.74062,-4.793897,9.836,0.0009837255058383247,-0.004276265245457649,-0.0018015445696409403,-0.0024747206758167096,0.003159207584719138,0.009450717789068558,0.4750000000000001,0.005259990751295973,0.0037378688581108186,496,1.0,False,,28317,0.1416246211977794,0.15905816502503028
1531113,X1,X,0.45694,42.25569,0.2055,1.0,33.677761,-4.509542,9.93,0.040412521123857376,0.03514881788038565,-0.001716910274604438,0.03686572815499009,0.027674310520564363,-0.07884137609034741,0.4750000000000001,0.005263703243471726,0.0037404248749635985,496,1.0,False,0.12331324556948128,28317,0.22805064589378232,0.2454841897210332
1339875,X1,X,0.45944,41.92794,0.1676,1.0,35.215054,-4.754419,10.475,0.0034715925326687666,-0.0018409592920628519,0.0004916264434897673,-0.00233258573555262,0.005173647114646642,0.004135010419288536,0.4750000000000001,0.0053125518247316185,0.003774056675658062,496,1.0,False,0.29645617497122184,28317,-0.11366065974492856,-0.0962271159176777
1784110,X1,X,0.45993,42.05468,0.1767,0.98776,34.767574,-4.118862,10.502,0.008613522390835699,0.0032913962441771414,0.005545569972492035,-0.002254173728314893,0.014417685204111543,-0.007274056745744321,0.4750000000000001,0.005322126146658558,0.003780648508594177,496,1.0,False,,28317,0.010351246996366248,0.02778479082361711
1565032,X1,X,0.46097,42.34155,0.1445,1.0,34.17984,-4.953646,10.712,0.000387162822638136,-0.0049552843338245365,-0.002440603751917743,-0.002514680581906795,0.0013248459388763177,0.010936613194780913,0.4750000000000001,0.005342447156462673,0.0037946393376830736,496,1.0,False,,28317,0.29143999735890147,0.30887354118615234
1338959,X2,X,0.46167,41.9024,0.1712,1.0,36.407967,-6.462298,10.026,0.008694321532712473,0.00333819677349703,0.004633828910966184,-0.001295632137469155,0.0023699140710369535,-0.007159909598978076,0.4750000000000001,0.0053561247592154426,0.0038040562418775233,496,1.0,False,,28317,-0.1515943685084038,-0.13416082468115292
1366187,X3,X,0.4629,42.1586,0.1395,1.0,36.731888,-5.210237,10.317,0.0015865541352344838,-0.003793604125960826,-0.0019636838827694625,-0.0018299202431913638,0.006350663179366596,0.008373753051105517,0.4750000000000001,0.00538015826119531,0.0038206030878191995,496,1.0,False,0.12714471255724935,28317,0.09779356159615715,0.11522710542340801
1924089,X2,X,0.46299,42.06566,0.1065,1.0,35.111511,-6.761767,10.349,0.002824424343006833,-0.0025574924671138326,-0.0026537889273992496,9.629646028541574e-05,0.0051926587286394476,0.005700359062419569,0.4750000000000001,0.0053819168101206655,0.0038218138326442004,496,1.0,False,0.1336372770832336,28317,0.004355782005853959,0.02178932583310482
1924103,X2,X,0.4638,42.14301,0.1206,1.0,35.111195,-7.163266,10.813,0.001149806035222713,-0.004247937715226158,-0.0018810240672594333,-0.0023669136479667254,0.002234862319011608,0.009399226579227605,0.4750000000000001,0.0053977437504488706,0.003832710536069206,496,1.0,False,,28317,0.07722983179778153,0.0946633756250324
1876431,X2,X,0.46482,42.02051,0.1307,1.0,35.836521,-6.39018,10.075,0.001806826353130894,-0.003610847618472013,-0.0014409103109309176,-0.002169937307541097,0.003157819054256035,0.008010021301567982,0.4750000000000001,0.005417673971602907,0.0038464323107525477,496,1.0,False,,28317,-0.05089616582351497,-0.03346262199626411
1595028,X2,X,0.46523,42.2212,0.2072,0.99974,35.630634,-6.797498,9.942,0.00981933153695071,0.004393646398021181,-0.0004674582707573892,0.004861104668778569,0.0020609731938305543,-0.00947143438645294,0.4750000000000001,0.005425685138929529,0.0038519479260664393,496,1.0,False,0.061307781030964396,28317,0.14753565551862535,0.16496919934587623
1797044,X3,X,0.4667,42.40418,0.1791,1.0,35.800816,-5.055265,10.084,0.0031395861657796662,-0.002314821938930681,-0.0008035332847284278,-0.001511288654202253,0.008721415881431185,0.005122084228735786,0.4750000000000001,0.005454408104710347,0.0038717234248747843,496,1.0,False,,28317,0.32243452638605574,0.3398680702133066
1262016,X3,X,0.46694,42.05559,0.1259,1.0,36.069851,-4.863433,9.422,0.002515165784255079,-0.0029439317842562176,-0.0017080273848656211,-0.0012359043993905971,0.005893526824299712,0.006535595871580963,0.4750000000000001,0.005459097568511297,0.003874952077741453,496,1.0,False,,28317,-0.02747258086738058,-0.01003903704012972
1317724,X3,X,0.46775,42.27658,0.1346,1.0,37.337154,-4.721061,10.41,0.0004424700286699882,-0.005032454480169514,-0.0027155646242335396,-0.0023168898559359744,0.0009798023808055847,0.011112442222940049,0.4750000000000001,0.005474924508839502,0.003885848781166459,496,0.6,True,,28317,0.18907685138720765,0.20651039521445852
1255470,X1,X,0.46877,42.0701,0.1661,0.99999,35.054214,-5.448999,10.907,0.004231463007863026,-0.0012633917221305125,-0.0013383736327406547,7.498191061014112e-05,0.011179695152993618,0.002782757324551355,0.4750000000000001,0.005494854729993538,0.0038995705558498004,496,1.0,False,,28317,-0.022984755574645854,-0.0055512117473949935
1339149,X2,X,0.46879,42.00695,0.1483,1.0,35.555401,-5.871532,9.779,0.0017949636403325011,-0.003700281878311115,-0.0015684794634873984,-0.0021318024148237174,0.003169875391725115,0.00820721814414928,0.4750000000000001,0.005495245518643616,0.003899839610255356,496,1.0,False,,28317,-0.08624408525763116,-0.0688105414303803
1901738,X1,X,0.46975,42.10012,0.1352,0.99999,35.005737,-5.347675,10.746,0.003603365110149725,-0.0019106382636976896,0.00019696422680845916,-0.0021076024905061497,0.011080323386840354,0.0041906880648171305,0.4750000000000001,0.005514003373847415,0.0039127542217220306,496,1.0,False,,28317,0.0016832139709650473,0.019116757798215908
1311755,X3,X,0.471,42.02791,0.1528,1.0,35.603935,-4.257517,9.453,0.012373225683621595,0.006834798019144234,0.00872113503192519,-0.0018863370127809574,0.010764243757922553,-0.014947625433370334,0.4750000000000001,0.005538427664477361,0.003929570122069261,496,1.0,False,,28317,-0.0773382184330329,-0.05990467460578204
1303317,X3,X,0.47429,42.10133,0.2011,0.99999,36.964386,-5.405995,10.719,0.005219099209501109,-0.0003836131879142715,0.0018211912572221253,-0.002204804445136397,0.007112019364912831,0.0009408382368968037,0.4750000000000001,0.00560271239741538,0.003973829571783175,496,1.0,False,,28317,-0.021765393710081904,-0.004331849882831043
1901798,X2,X,0.47577,42.48698,0.2093,0.99996,35.139446,-6.560511,10.737,0.019814472006258667,0.014181785825095376,0.016266022047543745,-0.0020842362224483663,0.021999731112818877,-0.03158037847553451,0.4750000000000001,0.0056326861811632906,0.003992527299530905,496,1.0,False,,28317,0.3558938402305587,0.3733273840578096
1256332,X3,X,0.47803,42.08767,0.1559,1.0,37.245861,-4.734426,9.949,0.00014470606742335957,-0.005535236968122304,-0.0029521750364202926,-0.002583061931702013,0.0021354053224585893,0.012211945461326833,0.4750000000000001,0.005679943035545664,0.004019372273234974,496,0.575,True,,28317,-0.055573496639047315,-0.038139952811796454
1291143,X2,X,0.47819,42.04154,0.2083,0.99986,36.056557,-7.366668,10.699,0.0015966778008132925,-0.004086610852741743,-0.0015195324921266583,-0.002567078360615086,0.004905236414408468,0.009042413224545966,0.4750000000000001,0.0056832886535550355,0.0040212728023467665,496,1.0,False,,28317,-0.10256215230113797,-0.0851286084738871
1847216,X2,X,0.47905,42.31888,0.158,1.0,36.168037,-6.89419,10.472,0.0006692051865836241,-0.005032066163771784,-0.0027383393651883004,-0.0022937267985834848,0.0024596982260594582,0.011118446173049775,0.4750000000000001,0.005701271350355409,0.004031488146322651,496,1.0,False,,28317,0.1701671768912918,0.18760072071854267
1847303,X3,X,0.47964,42.15841,0.1333,1.0,36.655151,-3.63921,8.906,0.0046667477266933155,-0.0010468605900716523,-0.0028426223443044404,0.001795761754232788,0.014192969988805482,0.002218091236719077,0.4750000000000001,0.005713608316764968,0.004038496347422387,496,1.0,False,0.02942607661323026,28317,0.0065385222757130546,0.023972066102963915
1256817,X3,X,0.47982,42.03231,0.1534,0.99999,36.803795,-4.634438,10.82,0.020120984933577512,0.014403612796552001,0.0017168993326375477,0.012686713463914454,0.014830609827028524,-0.03177524489531319,0.4750000000000001,0.00571737213702551,0.004040634442673153,496,1.0,False,,28317,-0.12052441080858345,-0.10309086698133259
1329622,X2,X,0.48607,42.11261,0.2402,0.9997,35.499199,-6.228611,9.871,0.006913411654577127,0.001065351314060537,0.003680589861552269,-0.0026152385474917336,0.003831389528676023,-0.00217405519114695,0.4750000000000001,0.00584806034051659,0.004114873861102547,496,1.0,False,,28317,-0.0734515026949849,-0.056017958867734044
1876533,X3,X,0.48981,42.18153,0.1654,1.0,36.780964,-4.077421,10.768,0.002875804658001065,-0.0030504595034845875,-0.0020400997411281355,-0.0010103597623564516,0.004515234486323887,0.006804141049804566,0.4750000000000001,0.005926264161485653,0.004159298729090696,496,1.0,False,0.14705902094898002,28317,-0.0242236754169467,-0.006790131589695839
1386047,X3,X,0.49181,42.28746,0.1432,1.0,36.735493,-4.419457,10.486,0.0036512228604325355,-0.002316861526170263,-0.0019241424414731512,-0.0003927190846971123,0.0047444710002856015,0.005207704978885473,0.4750000000000001,0.005968084386602799,0.004183055342988103,496,1.0,False,0.4312144307921249,28317,0.07123350955861141,0.08866705338586227
1280332,X3,X,0.49219,42.73941,0.377,0.7454,35.584282,-4.873461,10.847,0.00463913051606227,-0.0013368997133127855,-0.002326863147061791,0.0009899634337490045,0.007511404965455895,0.0030192711024464632,0.4750000000000001,0.005976030229375056,0.0041875690996286095,496,1.0,False,0.07799945047212486,28317,0.5211981893113291,0.5386317331385799
1896111,X3,X,0.49243,42.08046,0.1721,1.0,35.71595,-4.917502,11.085,0.009663387777552077,0.003682339121162965,0.006418674602816468,-0.0027363354816535047,0.008889405388659953,-0.007982019822528552,0.4750000000000001,0.005981048656389112,0.004190419893296298,496,1.0,False,0.18678933015283802,28317,-0.13900495686400505,-0.12157141303675419
1305350,X2,X,0.49263,42.32964,0.2662,0.99948,35.932045,-7.177537,9.513,0.011172852082769764,0.005187621403868936,0.005443548436821666,-0.00025592703295273123,0.01479234022664727,-0.011429060638296719,0.4750000000000001,0.005985230678900828,0.004192795554686039,496,1.0,False,,28317,0.10913119200795919,0.12656473583521005
1250435,X1,X,0.49292,42.12039,0.1543,0.99999,33.790543,-4.626537,9.957,0.011394190226029582,0.0054028956144867675,-0.0010586504132864272,0.006461546027773194,0.025819727059079547,-0.012480708248148143,0.4750000000000001,0.005991294611542815,0.004196240263701163,496,1.0,False,,28317,-0.10163168656245447,-0.08419814273520361
1258500,X3,X,0.49383,41.98288,0.204,0.99897,36.695435,-5.042486,10.044,0.004426606632243514,-0.0015837161817276015,-0.0006147821173146783,-0.0009689340644129234,0.014364035299113304,0.0033677148981678152,0.4750000000000001,0.006010322813971116,0.004207049523024482,496,1.0,False,,28317,-0.24388358277532363,-0.22645003894807275
1279488,X3,X,0.49412,42.23993,0.2381,0.99946,36.254013,-4.734176,9.277,0.0016506767191489275,-0.004365710027464174,-0.0023086099350019353,-0.0020571000924622393,0.003392484073132846,0.009682627773301984,0.4750000000000001,0.0060163867466131015,0.004210494232039607,496,1.0,False,,28317,0.011656985046195834,0.029090528873446694
1254299,X1,X,0.495,42.13799,0.1533,1.0,34.452332,-4.535697,10.867,0.008918236634800188,0.002883448989135542,0.003726789742184441,-0.0008433407530488981,0.01348574286968736,-0.00631744211157265,0.4750000000000001,0.006034787645664646,0.0042209471421544645,496,1.0,False,0.0014715719063545013,28317,-0.09485828090162429,-0.07742473707437343
1305504,X3,X,0.49559,42.23958,0.1417,1.0,36.057907,-5.165079,11.284,0.00247354568763492,-0.003573578924439283,-0.001812169018201212,-0.0017614099062380716,0.003960797546182795,0.007955225589186042,0.4750000000000001,0.006047124612074203,0.0042279553432542,496,1.0,False,,28317,0.003668480880692604,0.021102024707943465
1264375,X3,X,0.49572,42.33811,0.2293,0.99999,36.976379,-5.410373,10.25,0.002915183692839137,-0.0031346592338676806,-0.0007666912333356554,-0.002367968000532026,0.005834124422514004,0.006967124294553305,0.4750000000000001,0.006049842926706818,0.0042294995231575315,496,1.0,False,,28317,0.10152398993509748,0.11895753376234834
1303140,X1,X,0.49592,42.49048,0.1396,1.0,33.935474,-4.37016,10.075,0.007614586052958821,0.0015605611037402874,0.002982556000576081,-0.0014219948968357946,0.016197877269517918,-0.003591316210888578,0.4750000000000001,0.0060540249492185335,0.004231875184547272,496,1.0,False,,28317,0.25285663543078996,0.27029017925804083
1346758,X3,X,0.4965,42.33009,0.1821,0.99998,36.064423,-5.167976,11.371,0.0023854507714107104,-0.003680702043091795,-0.0019534003496263818,-0.0017273016934654137,0.004392295460761312,0.00818787569777015,0.4750000000000001,0.006066152814502505,0.00423876460257752,496,1.0,False,,28317,0.08946052481477706,0.10689406864202793
1246529,X3,X,0.49677,42.14001,0.1557,1.0,36.114048,-4.943895,10.561,0.006408794962692935,0.0003369964177996152,0.000983700711647331,-0.0006467042938477162,0.006475040901286178,-0.0005985952670418768,0.4750000000000001,0.0060717985448933195,0.004241971745453669,496,1.0,False,0.08533709253926794,28317,-0.10201774810380315,-0.08458420427655229
1293465,X2,X,0.49801,42.3351,0.3611,0.9906,36.421684,-6.316649,10.69,0.0020300341104394944,-0.004067692974026455,-0.002383008054782196,-0.0016846849192442596,0.006753066229246246,0.008998175465686948,0.4750000000000001,0.00609772708446595,0.004256700846070062,496,1.0,False,,28317,0.08665969524118977,0.10409323906844063
1901803,X2,X,0.50262,42.58836,0.1776,0.99992,35.979885,-5.778589,11.113,0.0036988801369754595,-0.0024952425663855105,6.218385804574638e-05,-0.002557426424431257,0.003544153472953714,0.005617948354435326,0.5250000000000001,0.00619412270336097,0.004311459841103582,496,1.0,False,,28317,0.33920693309080907,0.33364365947377933
1337272,X1,X,0.50275,42.35788,0.165,1.0,34.12851,-5.680504,8.497,0.0038494276811020106,-0.002347413336891575,0.0004853232985684978,-0.0028327366354600728,0.0010954397784090437,0.00530790268872265,0.5250000000000001,0.006196841017993586,0.004313004021006914,496,1.0,False,,28317,0.10806129609870582,0.1024980224816761
1293006,X1,X,0.50436,42.18793,0.2015,0.99997,33.761364,-5.317504,11.18,0.0013015766854186108,-0.004928929613794276,-0.0027492281890987907,-0.0021797014246954867,0.004122318258143118,0.010915576526281133,0.5250000000000001,0.006230506299212887,0.004332128095194326,496,1.0,False,,28317,-0.07011899889358189,-0.07568227251061162
1323349,X3,X,0.50491,42.41873,0.1773,0.99989,37.200424,-4.24787,10.637,0.0032254479121911327,-0.003016558948928969,-0.001769632027699552,-0.001246926921229417,0.003977870218185094,0.006754886709960209,0.5250000000000001,0.006242006861120102,0.004338661164016112,496,0.975,False,0.14711178741585873,28317,0.15787506043563057,0.15231178681860086
1258289,X2,X,0.50509,42.2105,0.2031,0.99999,36.144203,-6.688891,11.259,0.0024241763088269437,-0.003821594372553702,-0.002342857608799524,-0.0014787367637541784,0.002882657054607506,0.008515777501145575,0.5250000000000001,0.006245770681380646,0.004340799259266879,496,1.0,False,,28317,-0.051272624230092406,-0.05683589784712213
1504096,X1,X,0.50582,42.42192,0.2296,0.99995,33.627441,-5.04428,11.011,0.004292012192426258,-0.0019690228711221466,0.0005875810381863007,-0.0025566039093084486,0.00433132576436181,0.004470967270320796,0.5250000000000001,0.006261035063548404,0.004349470423339432,496,1.0,False,,28317,0.15642879947922425,0.15086552586219454
1697027,X3,X,0.50621,42.23124,0.2285,0.99989,36.73642,-5.392184,9.36,0.004348646747653829,-0.0019205432597924187,0.0008320857100037838,-0.002752628969796203,0.004928820223545135,0.00436020213532908,0.5250000000000001,0.006269190007446248,0.004354102963049427,496,1.0,False,0.2577927380644133,28317,-0.03623577265954295,-0.041799046276572674
1263062,X1,X,0.50827,42.05343,0.1305,1.0,35.109447,-5.350022,10.235,0.003717324320863425,-0.0025949405184534815,0.0002421425424812035,-0.0028370830609346855,0.007862339551502657,0.005795436775483952,0.5250000000000001,0.0063122648393169065,0.004378572275363754,496,1.0,False,,28317,-0.22450462404735375,-0.23006789766438346
1368482,X2,X,0.50847,42.4456,0.1715,1.0,36.43082,-6.145352,10.893,0.015500116039947389,0.009183669178118768,0.011644242739778397,-0.002460573561659629,0.008875462591920945,-0.020048071281106198,0.5250000000000001,0.0063164468618286205,0.004380947936753495,496,1.0,False,,28317,0.16665207445117333,0.16108880083414362
1341502,X2,X,0.51064,42.37881,0.1573,0.99999,35.771664,-6.787394,10.096,0.014541225091214095,0.00817940328513337,0.011110594964048107,-0.0029311916789147353,0.011498603860477293,-0.01789189458141852,0.5250000000000001,0.006361821806080724,0.00440672386283218,496,1.0,False,,28317,0.08889175390759804,0.08332848029056832
1291155,X2,X,0.51089,42.03637,0.14,1.0,34.822697,-6.129029,10.685,0.001539510525161927,-0.00482753880905844,-0.0020205227594382843,-0.0028070160496201564,0.005794651734462199,0.010687324533705795,0.5250000000000001,0.006367049334220367,0.004409693439569356,496,1.0,False,,28317,-0.25480929361579807,-0.2603725672328278
1332392,X2,X,0.51197,42.50087,0.1998,0.99842,35.97794,-5.898293,10.246,0.011637848395728966,0.005248216139945339,0.007975420812144383,-0.0027272046721990456,0.011371441557817469,-0.011426107101153136,0.5250000000000001,0.006389632255783627,0.004422522011073956,496,1.0,False,,28317,0.20424963407966787,0.19868636046263816
1898108,X2,X,0.51204,42.37228,0.1244,1.0,35.839954,-6.276613,10.376,0.0031102762982359263,-0.003280819665426801,-0.0016447542226630852,-0.0016360654427637164,0.0037518122917867816,0.007339231151585931,0.5250000000000001,0.006391095963662727,0.004423353492560365,496,1.0,False,,28317,0.07530734419811766,0.06974407058108793
1259538,X3,X,0.51244,42.40727,0.1417,1.0,37.174793,-4.714422,9.249,0.00024370053342007305,-0.006155759475266082,-0.003327992234310718,-0.002827767240955365,0.0031588471715090533,0.01359914983473695,0.5250000000000001,0.006399460008686155,0.004428104815339846,496,0.625,True,,28317,0.10828512677377419,0.10272185315674447
1883166,X2,X,0.51351,42.32145,0.1592,1.0,35.62233,-7.145223,10.777,0.0417306876730055,0.035308853843881674,0.0043031396740920765,0.031005714169789596,0.015042830883154043,-0.07864676015031782,0.5250000000000001,0.0064218338291238295,0.004440814603774958,496,1.0,False,0.09224253556302899,28317,0.017089690351520387,0.01152641673449066
1519027,X2,X,0.51404,42.58931,0.2433,0.99996,35.704849,-7.1631,10.899,0.0035633349312528704,-0.0028695812575270036,-0.00031067454238400396,-0.002558906715142999,0.006209911593930061,0.006421903412175599,0.5250000000000001,0.006432916188779874,0.004447110106457771,496,1.0,False,,28317,0.28229098755566373,0.276727713938634
1502029,X2,X,0.51797,42.23257,0.1223,1.0,35.13884,-5.626492,10.32,0.005753514643029777,-0.0007615782881052868,0.0022664234454849064,-0.0030280017335901936,0.015279563374803773,0.0016224273091994066,0.5250000000000001,0.006515092931135064,0.004493791852766174,496,1.0,False,0.17518791543969905,28317,-0.09408354596832949,-0.09964681958535922
1901257,X3,X,0.51978,42.61672,0.2184,1.0,36.371342,-4.748481,11.188,0.004114579996809254,-0.0024383602380568274,-0.0024560847653886503,1.7724527331823385e-05,0.013600986070470677,0.005330705274812794,0.5250000000000001,0.006552940234866082,0.004515291588343327,496,1.0,False,0.006527260524549559,28317,0.28107063523800424,0.2755073616209745
1314847,X3,X,0.52053,42.27796,0.1542,1.0,37.032768,-4.633701,11.214,0.0025959078461862367,-0.003972714973098774,-0.0013789987163978033,-0.0025937162567009715,0.005195360305383021,0.00884364213249893,0.5250000000000001,0.006568622819285011,0.004524200318554855,496,0.825,True,0.009621645084279845,28317,-0.06140828572875803,-0.06697155934578776
1258422,X3,X,0.52105,42.40475,0.2034,1.0,36.191048,-4.982512,10.352,0.026056256315832884,0.019476760238017414,0.019839444171517853,-0.00036268393350043747,0.020854317990283377,-0.043281517491913446,0.5250000000000001,0.006579496077815468,0.004530377038168179,496,1.0,False,,28317,0.06280621913306747,0.057242945516037744
1341459,X2,X,0.52219,42.09562,0.1315,1.0,35.725468,-6.30745,11.046,0.014774886133234855,0.008171552527102614,-0.0026623538035987493,0.010833906330701361,0.015633136377398694,-0.018000456100446094,0.5250000000000001,0.006603333606132242,0.004543918308089701,496,1.0,False,0.21350159966889812,28317,-0.25196161063099065,-0.2575248842480204
1915184,X3,X,0.5246,42.37404,0.1669,1.0,36.5779,-4.300873,9.811,0.007580810474973519,0.0009270834975751187,0.003414492929368932,-0.002487409431793813,0.011736938062171295,-0.0019692033653139606,0.5250000000000001,0.0066537269773984005,0.0045725450278360745,496,1.0,False,,28317,0.014577826390715113,0.009014552773685389
1258330,X2,X,0.52473,42.12443,0.1624,1.0,36.064503,-6.126816,9.661,0.004442263611377513,-0.002214181680653504,0.00010271677467842957,-0.0023168984553319336,0.0029383383193537825,0.005035538333950576,0.5250000000000001,0.006656445292031017,0.004574089207739407,496,1.0,False,,28317,-0.23567157344051096,-0.24123484705754067
1780287,X1,X,0.52494,42.20845,0.1647,0.99993,34.857731,-4.540818,11.044,0.004396776732438826,-0.002264059683229489,-0.00269581377391475,0.0004317540906852604,0.008546963126449545,0.0050739772530687954,0.5250000000000001,0.006660836415668316,0.004576583652198634,496,1.0,False,,28317,-0.15268413534178463,-0.15824740895881434
1295285,X3,X,0.52513,42.32221,0.1167,1.0,36.886471,-4.364116,10.317,0.00728138833165468,0.0006166198509970945,0.003103972767717918,-0.0024873529167208242,0.00139766608462185,-0.0011400954215713844,0.5250000000000001,0.0066647684806575855,0.00457923682376768,496,1.0,False,,28317,-0.03985802319961876,-0.045421296816648485
1303197,X3,X,0.52562,42.22159,0.1274,1.0,37.205173,-4.308662,10.947,0.011240414004428403,0.004565553565805274,-0.0021421860732800855,0.00670773963908536,0.01237421135068117,-0.009963222030706024,0.5250000000000001,0.006674860438623129,0.004586550914879538,496,0.8,True,0.0014551461045345497,28317,-0.1428850044962057,-0.1484482781132354
1322229,X3,X,0.52612,42.23087,0.2232,0.99992,35.926426,-4.018871,9.621,0.006152270175732871,-0.0005328881791816292,0.002448348079805467,-0.0029812362589870956,0.014065546359352032,0.001157732722098112,0.5250000000000001,0.0066851583549145,0.0045940142731569445,496,1.0,False,,28317,-0.13605893254830717,-0.14162220616533688
1514043,X2,X,0.52706,42.44815,0.327,0.97398,34.860092,-6.165597,11.025,0.009890559417608264,0.0031860409800659904,0.006251745589801976,-0.0030657046097359864,0.013380903945658622,-0.006961029257001802,0.5250000000000001,0.006704518437542274,0.004608045386718465,496,1.0,False,,28317,0.07661361751305593,0.0710503438960262
1302564,X3,X,0.52716,42.1697,0.1596,1.0,35.601761,-4.45802,10.863,0.005572763854591089,-0.0011338141662094571,0.0007817556560550665,-0.0019155698222645238,0.014527996869878452,0.002457025557390663,0.5250000000000001,0.0067065780208005465,0.004609538058373945,496,1.0,False,,28317,-0.20232608158925372,-0.20788935520628343
1251536,X2,X,0.52727,42.63185,0.1876,1.0,34.971424,-6.933424,10.789,0.0031855326132570845,-0.0035233109491275656,-0.0027218032823497617,-0.0008015076667778035,0.00535916000003322,0.007869112369594467,0.5250000000000001,0.00670884356238465,0.004611179997194977,496,1.0,False,,28317,0.2592853503547464,0.2537220767377167
1250532,X2,X,0.5277,42.68565,0.182,0.99995,35.564728,-6.959774,9.451,0.0164855890438958,0.009767889273500573,-0.0023519151014514874,0.01211980437495206,0.012231080867480737,-0.021416941155507564,0.5250000000000001,0.006717699770395226,0.004617598485313543,496,1.0,False,0.1494403351443346,28317,0.3109810528998783,0.3054177792828486
1259006,X2,X,0.5279,42.29482,0.1811,0.99999,35.595745,-7.000531,8.952,0.004539565396892703,-0.0021822535400190714,-0.003225852103747722,0.0010435985637286503,0.011798673142631057,0.004822317964057554,0.5250000000000001,0.006721818936911775,0.004620583828624506,496,1.0,False,,28317,-0.08082714033439756,-0.08639041395142728
1262736,X3,X,0.52929,42.30629,0.1737,1.0,36.951244,-5.187092,10.723,0.005586538269151436,-0.0011639088750503481,0.001146075543941648,-0.0023099844189919966,0.01821253816189033,0.0023864654310900187,0.5250000000000001,0.006750447144201784,0.0046413319646356945,496,1.0,False,,28317,-0.07614596325048054,-0.08170923686751026
1246758,X3,X,0.53127,42.14059,0.1494,1.0,36.618103,-5.539466,9.775,0.003583610234471209,-0.003207616658244399,-0.0013769182586352547,-0.001830698399609144,0.0060987378832226356,0.007178726619642728,0.5250000000000001,0.006791226892715608,0.004670886863414219,496,1.0,False,,28317,-0.25148745130838346,-0.2570507249254132
1278820,X2,X,0.53127,42.47071,0.2484,0.9977,34.932198,-6.890407,9.957,0.004312050648779911,-0.0024791762439356968,-0.0026237591397772057,0.00014458289584150892,0.005762675047384915,0.005592549085045995,0.5250000000000001,0.006791226892715608,0.004670886863414219,496,1.0,False,0.19443337882933767,28317,0.07863254869161027,0.07306927507458054
1770487,X1,X,0.53644,42.06416,0.8065,0.02,35.067219,-5.241107,10.092,0.0010785885225302425,-0.005819118824638128,-0.002599317701970745,-0.0032198011226673828,0.0017863512327306146,0.0129071315551282,0.5250000000000001,0.00689770734716837,0.0047480579880025894,496,1.0,False,,28317,-0.3529338328660766,-0.35849710648310634
1291159,X2,X,0.53976,42.42586,0.1918,0.99997,34.920109,-6.725154,11.083,0.006054155093542436,-0.0009119304178006292,-0.0015693606535296485,0.0006574302357290202,0.004949874303696141,0.002189239848125345,0.5250000000000001,0.0069660855113430654,0.00479761468696456,496,1.0,False,0.2006416584402764,28317,-0.007179043203597775,-0.0127423168206275
1340728,X3,X,0.54277,43.06948,226.7333,0.0,36.788551,-3.893399,9.681,0.005122966345437167,-0.0019051126219799437,0.0006518904283251449,-0.0025570030503050886,0.008280441341753045,0.0043171192234606,0.5250000000000001,0.007028078967417111,0.004842544103794541,496,1.0,False,,28317,0.6220642846754192,0.6165010110583895
1547048,X2,X,0.54454,42.22792,0.1494,0.99979,35.452789,-6.100835,11.582,0.005678395692654763,-0.0013861378984337987,-0.0022144235928795836,0.0008282856944457854,0.002970140681403275,0.0032247666838903805,0.5250000000000001,0.007064533591088561,0.0048689643920965565,496,1.0,False,0.0008157768656039518,28317,-0.22791472183465614,-0.23347799545168585
1906545,X3,X,0.54806,42.80686,0.1992,0.99992,36.092049,-5.413255,11.318,0.0030453777995307152,-0.004091653122249087,-0.001440636860796575,-0.0026510162614525124,0.00773426941108858,0.009094236868822447,0.5250000000000001,0.007137030921779803,0.00492150643436949,496,0.975,False,,28317,0.33435880044120314,0.3287955268241734
1891082,X1,X,0.54871,42.5505,0.1551,1.0,34.150871,-5.182204,9.542,0.0030737068678730935,-0.00407671134508549,-0.0007029354503113616,-0.0033737758947741284,0.0030310912557417907,0.009125765842279946,0.5250000000000001,0.0071504182129585835,0.004931208800130117,496,1.0,False,,28317,0.07493222989850964,0.06936895628147992
1331344,X1,X,0.54993,42.66588,0.1921,1.0,34.271313,-5.076369,9.87,0.0026198439092311654,-0.0045557012194783605,-0.0011767319058990167,-0.0033789693135793434,0.0008652691066800564,0.01018057939501355,0.5250000000000001,0.007175545128709526,0.004949419394326986,496,1.0,False,,28317,0.1845657529830281,0.1790024793659984
1574062,X2,X,0.5502,42.76064,0.1445,1.0,36.071503,-7.034577,10.306,0.0018183279283252118,-0.005362778075181653,-0.0024463064865059177,-0.0029164715886757357,0.0011722488703913739,0.011937104828260107,0.5750000000000002,0.0071811060035068645,0.004953449607796785,496,1.0,False,,28317,0.2738884849569085,0.2724923434930278
1250925,X3,X,0.55146,42.37732,0.1998,1.0,37.095146,-4.009396,10.894,0.013977181588899745,0.00677012483633863,-0.0023298526974448045,0.009099977533783436,0.026516069675780057,-0.015319506334219784,0.5750000000000002,0.007207056752561115,0.004972257270655844,496,1.0,False,0.027097056965696878,28317,-0.11535105129591493,-0.11674719275979557
1878756,X3,X,0.55294,42.81817,0.2675,0.6798,36.122231,-4.555997,10.916,0.0025551943180648637,-0.004682344266718708,-0.001364538054438486,-0.0033178062122802224,0.0047793763560780795,0.010441981605010713,0.5750000000000002,0.007237538584783571,0.004994348811156966,496,1.0,False,,28317,0.3185621196605363,0.31716597819665565
1264631,X3,X,0.55299,42.20844,0.178,1.0,36.218399,-5.003549,8.877,0.006366374202974896,-0.0008721941734378125,-0.0023329564911592536,0.001460762317721442,0.007513315211979229,0.0020923407483321166,0.5750000000000002,0.007238568376412708,0.004995095146984706,496,1.0,False,,28317,-0.2914019265841053,-0.29279806804798597
1366195,X3,X,0.55313,42.30991,0.1174,0.99999,35.91246,-4.866842,10.529,0.003684821676389999,-0.0035566301165842924,-0.0003759028661421736,-0.0031807272504421192,0.007503768606051175,0.007956026028612796,0.5750000000000002,0.007241451792974292,0.004997184887302381,496,1.0,False,,28317,-0.19058714984022393,-0.19198329130410458
1316989,X1,X,0.55343,42.21046,0.2052,0.99995,33.797794,-4.74528,11.061,0.09215564038497327,0.08490800984222416,-0.0009492208264300448,0.08585723066865421,0.004526188570198144,-0.19396323589535167,0.5750000000000002,0.007247630542749113,0.005001662902268822,496,1.0,False,0.16758399155417364,28317,-0.291440672816987,-0.29283681428086766
1439028,X3,X,0.55424,42.40539,0.1541,1.0,36.039379,-3.913539,10.361,0.003660660865430847,-0.0036036523017102837,-0.0006278665397776674,-0.002975785761932617,0.007562997727033098,0.008058592856743442,0.5750000000000002,0.0072643131671411305,0.0050137535426782185,496,1.0,False,0.002869569693226284,28317,-0.10029660131537575,-0.1016927427792564
1246796,X3,X,0.55502,43.4149,286.2019,0.0,36.509129,-4.454963,9.495,0.005927657675571653,-0.0013527202409840166,0.0011980454044090432,-0.0025507656453930593,0.0034420372421815333,0.0031922553694245966,0.5750000000000002,0.007280377916555669,0.005025396381590971,496,1.0,False,,28317,0.9055726222501287,0.904176480786248
1255523,X1,X,0.55536,42.56212,0.2033,0.99997,34.504875,-4.966087,10.822,0.0006648647710886566,-0.006622515728545144,-0.003370456399772764,-0.0032520593287723794,0.003051978971371189,0.014677087167925037,0.5750000000000002,0.007287380499633801,0.0050304714652196075,496,1.0,False,,28317,0.051207128340659346,0.04981098687677869
1530191,X3,X,0.55584,42.73848,0.2075,0.99977,35.99012,-3.68511,10.73,0.000710965408570949,-0.006586301090702566,-0.0031887179301265606,-0.003397583160576006,0.004943881591757817,0.014580340264829881,0.5750000000000002,0.007297266499273515,0.005037636289165917,496,1.0,False,0.18591886055121348,28317,0.22533034317504055,0.2239342017111599
1256764,X2,X,0.55649,42.29948,0.1516,1.0,36.224186,-5.729387,10.511,0.008080515242960303,0.0007698614525080069,-0.0022133892871249463,0.0029832507396329528,0.004002908316105768,-0.0014580923458100761,0.5750000000000002,0.007310653790452296,0.005047338654926544,496,1.0,False,,28317,-0.21669573196943523,-0.21809187343331587
1251600,X3,X,0.5576,42.56286,0.1304,1.0,35.695175,-4.228191,10.702,0.0023592146304439324,-0.004974300534175204,-0.0020783655460943117,-0.002895934988080893,0.0017722914904734302,0.011100219022940404,0.5750000000000002,0.0073335151646191366,0.005063907310302384,496,1.0,False,,28317,0.0415243693018136,0.04012822783793295
1311590,X1,X,0.5591,42.46451,0.1396,1.0,34.434868,-4.415619,9.806,0.0009550231149804665,-0.006409385798512781,-0.0031499040046706946,-0.0032594817938420852,0.005791880658335766,0.01419126900855153,0.5750000000000002,0.007364408913493247,0.0050862973851346005,496,1.0,False,,28317,-0.06378307958283123,-0.06517922104671188
1331976,X3,X,0.55939,43.47172,240.3901,0.0,36.830448,-5.187593,8.975,0.0219248402052929,0.01455445850035066,0.0156742748536351,-0.00111981635328444,0.016983037130304794,-0.03215411178746526,0.5750000000000002,0.007370381704942242,0.005090626132935496,496,1.0,False,,28317,0.9420838472244478,0.9406877057605671
1259500,X3,X,0.56161,42.38353,0.14,0.99994,35.729595,-4.971329,10.239,0.001907961772310883,-0.00550814268096504,-0.002208363506065287,-0.0032997791748997536,0.003401534445972094,0.012257609770831136,0.5750000000000002,0.0074161044532759235,0.0051237634436871755,496,1.0,False,,28317,-0.15636587828271806,-0.1577620197465987
1337321,X1,X,0.56258,42.52134,0.1423,1.0,33.922276,-4.377909,11.079,0.0043289462200613036,-0.0031071361908198746,-0.0010597094010982126,-0.002047426789721662,0.011449575672121124,0.006901797886159026,0.5750000000000002,0.007436082410881178,0.005138242358745339,496,1.0,False,,28317,-0.02302671057139114,-0.024422852035271794
1303952,X2,X,0.56262,42.63699,0.1602,1.0,35.872189,-6.922432,11.29,0.0026335680955072395,-0.00480333814867725,-0.0026305677259647322,-0.0021727704227125174,0.011135065135547217,0.010604270566752044,0.5750000000000002,0.0074369062441844895,0.005138839427407534,496,1.0,False,,28317,0.09243908159089877,0.09104294012701812
1878335,X1,X,0.56371,42.52206,0.1391,1.0,34.878063,-5.335949,8.972,0.0023346656048197187,-0.005124690096879957,-0.002515586902603972,-0.002609103194275986,0.013151989094323592,0.011266591687845605,0.5750000000000002,0.007459355701699676,0.005155109548452278,496,1.0,False,,28317,-0.027505825470759283,-0.028901966934639936
1259585,X1,X,0.56401,42.6494,0.1537,0.99984,34.682167,-5.681998,10.483,0.023694025118975157,0.01622849066750066,-0.002900737723801236,0.0191292283913019,0.01146582212459002,-0.03568668958810311,0.5750000000000002,0.007465534451474497,0.00515958756341872,496,1.0,False,0.18107940486314025,28317,0.09845553266564146,0.09705939120176081
1452059,X1,X,0.5642,42.43056,0.1969,0.99565,34.452156,-5.652543,10.379,0.0014518760329110822,-0.006017571626754137,-0.0025869953854979985,-0.003430576241256139,0.005559845495014999,0.013351919549549486,0.5750000000000002,0.007469447659665219,0.005162423639564135,496,1.0,False,,28317,-0.12125724885552579,-0.12265339031940643
1338278,X1,X,0.5643,42.54121,0.1562,1.0,34.430042,-4.976072,9.896,0.002107573649902653,-0.005363933593020839,-0.0034128935271226647,-0.0019510400658981737,0.006069130215032787,0.01192558975094336,0.5750000000000002,0.007471507242923492,0.005163916311219615,496,1.0,False,,28317,-0.011066496008138452,-0.012462637472019103
1279501,X3,X,0.56527,42.4825,0.1721,0.99988,35.565533,-4.56678,10.263,0.013163186933426748,0.005671701732897998,0.005611186480356632,6.051525254136556e-05,0.010265667728765096,-0.012306410642153116,0.5750000000000002,0.00749148520052875,0.005178395226277783,496,1.0,False,,28317,-0.07422720689720329,-0.07562334836108393
1259561,X1,X,0.56751,42.47441,0.1305,1.0,34.392662,-4.257053,10.605,0.004541277046208051,-0.0029963428193060335,-0.0019379129610626387,-0.0010584298582433952,0.005205185642358186,0.00677868386518435,0.5750000000000002,0.007537619865514085,0.005211831071360558,496,1.0,False,,28317,-0.09256762064051337,-0.09396376210439401
1643338,X3,X,0.56788,42.78176,0.1777,0.99991,35.860397,-4.512859,11.092,0.0018887612534913588,-0.00565647907007834,-0.003011384535706454,-0.0026450945343718863,0.0077470175320475424,0.012541326824581481,0.5750000000000002,0.007545240323569699,0.0052173539564858385,496,1.0,False,0.17164578921856258,28317,0.21309291161575553,0.21169677015187488
1512101,X2,X,0.56872,42.4688,0.1166,0.99997,35.061806,-6.015535,10.128,0.00705113967111799,-0.0005114011518212109,0.0029377628639333927,-0.0034491640157546036,0.017356763170934875,0.0010625616687991203,0.5750000000000002,0.007562540822939201,0.005229892398391879,496,1.0,False,0.060673670253455075,28317,-0.10369877732366937,-0.10509491878755002
1266830,X1,X,0.57039,42.39987,0.171,0.99962,34.263065,-4.850165,10.869,0.0022735099640754414,-0.005323425899276932,-0.001791164331771854,-0.0035322615675050786,0.008516177598270289,0.011802841970656237,0.5750000000000002,0.007596935863352374,0.005254820015038412,496,1.0,False,,28317,-0.18023067369799625,-0.1816268151618769
1643063,X1,X,0.57188,42.97779,0.2018,1.0,34.191456,-5.718832,10.8,0.0024741831015519565,-0.005153440552348701,-0.0016799242245996273,-0.003473516327749073,0.0046317195430025234,0.011490440639816092,0.5750000000000002,0.007627623653900658,0.005277060822705081,496,1.0,False,0.3378247703387026,28317,0.39092453964043966,0.389528398176559
1562098,X2,X,0.57618,42.61824,0.1264,1.0,34.776081,-6.165199,9.386,0.0005067503018391288,-0.0072078357974416805,-0.003758082251267098,-0.0034497535461745833,0.0022945709623725706,0.015981256453863033,0.5750000000000002,0.007714586099280809,0.005341307163492925,496,1.0,False,,28317,0.011945061311666413,0.010548919847785762
1634024,X1,X,0.57629,42.7146,0.1723,1.0,34.281582,-4.872583,10.3,0.003335289337754985,-0.004381413184618552,-0.0008104788610532681,-0.003570934323565285,0.006090563449348226,0.009795905159935742,0.5750000000000002,0.007716702522373537,0.0053429548315989,496,1.0,False,,28317,0.10780982969535792,0.10641368823147727
1849244,X2,X,0.57697,42.59296,0.1443,0.99999,34.769966,-6.160985,10.433,0.000557900557156222,-0.007171885307972369,-0.003716481084911407,-0.003455404223060962,0.002539506594721909,0.01590305124162335,0.5750000000000002,0.0077297858651285915,0.005353140416254025,496,1.0,False,,28317,-0.016889618127774987,-0.01828575959165564
1773189,X3,X,0.57744,42.7497,0.2732,0.99987,36.169212,-5.408923,11.084,0.0039393932481617535,-0.0037994355156357714,-0.0012196419634859911,-0.0025797935521497803,0.006652809832009833,0.008520422661345388,0.5750000000000002,0.007738828763797525,0.005360180452706832,496,1.0,False,,28317,0.13773775696503301,0.13634161550115237
1247570,X1,X,0.57927,42.52181,0.1828,1.0,33.70203,-4.508106,9.828,0.040414710817400085,0.032640672469423516,0.001059260837016891,0.03158141163240663,0.025146078254112077,-0.07310441137240477,0.5750000000000002,0.007774038347976566,0.0053875916584698895,496,1.0,False,0.036301582376667765,28317,-0.09836252208500916,-0.0997586635488898
1258400,X2,X,0.57963,42.92791,0.2199,0.99994,35.111828,-5.825607,9.808,0.001775550381826975,-0.006005414441725796,-0.0023834471886278984,-0.003621967253097897,0.007800464851020758,0.01331097928077198,0.5750000000000002,0.007780964823552772,0.0053929840268167216,496,1.0,False,,28317,0.3061252310424886,0.30472908957860795
1340470,X1,X,0.58057,42.66228,0.1513,0.99999,34.974407,-4.801708,10.022,0.0015029156251498707,-0.006296134995740769,-0.0034516010121261537,-0.0028445339836146158,0.006700501694432215,0.013961739624298038,0.5750000000000002,0.007799050620890639,0.005407064099722336,496,1.0,False,,28317,0.03628993957142037,0.03489379810753972
1770225,X3,X,0.58074,42.76376,0.1902,0.99923,36.713989,-4.197064,11.299,0.018411111133162874,0.010608789676583472,-0.0021344238268979124,0.012743213503481385,0.03227780952472236,-0.02426072222176853,0.5750000000000002,0.007802321456579402,0.0054096104958861165,496,1.0,False,0.14913268469197974,28317,0.13701009640547093,0.1356139549415903
1533035,X1,X,0.58117,42.80828,0.1796,0.99995,35.171768,-4.982662,10.8,0.005907187258251608,-0.001903407488599372,0.0006088195606819323,-0.0025122270492813044,0.011657254632052668,0.004287627558394118,0.5750000000000002,0.00781059474685098,0.0054160513803003865,496,1.0,False,0.0450109728871658,28317,0.1796090796349811,0.17821293817110045
1314162,X3,X,0.58141,42.66271,0.1522,1.0,36.859703,-4.183278,11.001,0.0034608530294446722,-0.0043543593677904426,-0.003036708027230654,-0.0013176513405597904,0.010797869696468256,0.009634663582020479,0.5750000000000002,0.007815212397235115,0.005419646292531607,496,1.0,False,0.002649534276373633,28317,0.03296746922934326,0.031571327765462606
1336384,X1,X,0.58306,42.75765,0.1686,0.9998,34.095013,-4.515382,10.988,0.00399526777656389,-0.003851690967062166,-0.001548783428310304,-0.002302907538751862,0.0050454195022377885,0.00866263147858359,0.5750000000000002,0.007846958743626056,0.00544436131412125,496,1.0,False,,28317,0.12055146466371504,0.11915532319983439
1256819,X3,X,0.58576,42.72917,0.1696,0.99998,37.317287,-4.137697,9.358,0.0027389357584149624,-0.005159971552032627,-0.003046647933077522,-0.0021133236189551053,0.009573411059415407,0.011448134495507283,0.5750000000000002,0.00789890731044759,0.005484804076722481,496,1.0,False,,28317,0.08007677879940424,0.07868063733552359
1303118,X2,X,0.58838,42.82734,0.2545,0.99997,35.289093,-6.432256,10.8,0.0025521222447895476,-0.005397194415684869,-0.0025811850447665834,-0.002816009370918285,0.004418774841435672,0.012044866637600935,0.5750000000000002,0.007949316660474416,0.005524048535246641,496,1.0,False,,28317,0.16665744934641205,0.1652613078825314
1255657,X2,X,0.58881,43.08574,0.1983,0.99938,35.013008,-6.038765,9.24,0.0011803670875201342,-0.006777222863225859,-0.0031263738840335425,-0.0036508489791923144,0.001242460558901266,0.015069009509940483,0.5750000000000002,0.007957589950745993,0.00553048941966091,496,1.0,False,0.047261787123696414,28317,0.4231600557018093,0.42176391423792864
1321261,X1,X,0.58936,42.37372,0.1585,0.99836,34.119068,-5.076712,9.468,0.01010426539816157,0.0021360933319519316,0.005753695076996976,-0.0036176017450450446,0.015136166972380322,-0.004653556762539521,0.5750000000000002,0.00796817206620964,0.005538727760190792,496,1.0,False,,28317,-0.29128493046007736,-0.29268107192395804
1575072,X2,X,0.59028,42.72133,0.1389,0.99984,35.743103,-6.869591,9.172,0.0019169910356086053,-0.006068882023740225,-0.0024563462957958833,-0.003612535727944342,0.0024450108093516183,0.013523588201566012,0.5750000000000002,0.00798587305934883,0.0055525082570771385,496,1.0,False,,28317,0.05227351845990804,0.05087737699602739
1433226,X1,X,0.59618,42.72123,0.232,0.99998,35.024567,-4.365995,11.038,0.003449118415744882,-0.004650271882213971,-0.0010603865648085137,-0.003589885317405458,0.0029141691799716724,0.010441201218618005,0.5750000000000002,0.008099390297958853,0.005640883182761313,496,1.0,False,,28317,0.02633213650431778,0.02493599504043713
1309051,X2,X,0.59629,42.50344,0.1896,0.99757,36.498741,-6.211505,11.28,0.0022756661335088567,-0.005825840587542726,-0.0022725040323253584,-0.003553336555217366,0.001571030336555748,0.013009682219902504,0.5750000000000002,0.008101506721051583,0.005642530850867288,496,1.0,False,,28317,-0.19193734591504827,-0.19333348737892891
1258591,X3,X,0.5975,42.53003,0.2337,0.94467,35.551517,-4.722166,9.827,0.0036256535079646373,-0.004499133867106967,-0.0015193063012737974,-0.002979827565833168,0.00934025803843075,0.010023175654378762,0.5750000000000002,0.008124787375071604,0.005660655200033026,496,1.0,False,,28317,-0.17061612343427632,-0.17201226489815696
1500076,X1,X,0.59892,42.69531,0.1618,1.0,34.963776,-4.614299,10.58,0.00865776907761553,0.0005056606044377843,0.0037818832798646234,-0.003276222675426839,0.005364082701580471,-0.0008576778725863515,0.5750000000000002,0.008152108473177745,0.005681925097401081,496,1.0,False,,28317,-0.01150642579307735,-0.012902567256958
1450127,X3,X,0.60009,42.74341,0.1856,1.0,35.542046,-4.469937,10.905,0.07421250120734985,0.06603788168854943,0.01163268784360684,0.0544051938449426,0.032866080155854814,-0.1506509983961294,0.6250000000000002,0.00817461951880041,0.005699450294528282,496,1.0,False,0.1757963614546682,28317,0.0012372047314513322,0.030123869629882713
1336953,X3,X,0.60013,42.70069,0.1976,0.99988,36.745945,-3.767008,8.81,0.009454405682289911,0.001279016555092145,-0.0032393050889267822,0.004518321644018928,0.010914074726182462,-0.002628391797658905,0.6250000000000002,0.008175389127197766,0.005700049446566819,496,1.0,False,,28317,-0.04165608447228103,-0.012769419573849652
1292800,X3,X,0.60097,42.39938,0.2336,0.99415,36.789124,-3.663091,10.538,0.00460502018866547,-0.003586530714876775,-0.0007158679444456105,-0.0028706627704311637,0.009041967858454451,0.008058308786109764,0.6250000000000002,0.008191550903542245,0.005712631639376091,496,1.0,False,,28317,-0.34660262873564,-0.3177159638372086
1338233,X1,X,0.60148,42.9279,0.1846,0.99999,35.12249,-5.529042,11.211,0.0034118168354626147,-0.004789546575145918,-0.0012607666813904158,-0.003528779893755503,0.006369787972043885,0.010727164821515084,0.6250000000000002,0.008201363410608533,0.005720270827867435,496,1.0,False,,28317,0.17971182153098503,0.20859848642941642
1255545,X1,X,0.60182,42.56788,0.1367,1.0,35.219349,-4.341851,11.099,0.0034411734774767127,-0.004766731604509349,-0.0011874462893737216,-0.0035792853151356266,0.0008553505948935926,0.010712353615992355,0.6250000000000002,0.008207905081986062,0.005725363620194998,496,1.0,False,0.14057759298797615,28317,-0.1817775593788455,-0.1528908944804141
1674022,X1,X,0.60262,42.53555,0.1635,1.0,35.21077,-4.301506,8.903,0.0015752611926427575,-0.006648036057290425,-0.0029231394893005696,-0.003724896567989855,0.005771688277303721,0.014778239387060799,0.6250000000000002,0.008223297249933183,0.005737346660965733,496,1.0,False,0.14000823651271038,28317,-0.21756182136704333,-0.18867515646861194
1265260,X3,X,0.60311,42.50027,0.2708,0.9924,35.899445,-5.123434,11.025,0.0036123175198123072,-0.004620407432988488,-0.0015313978160830096,-0.0030890096169054783,0.003678309949923958,0.01038140203271709,0.6250000000000002,0.008232724952800795,0.005744686273437809,496,1.0,False,0.21176962279569084,28317,-0.2549554085306995,-0.2260687436322681
1303314,X3,X,0.60491,42.96858,0.2724,0.99305,36.328171,-4.75399,10.654,0.007693092016590269,-0.0005742653140915471,-0.0028884372723526966,0.0023141719582611495,0.026839508346029727,0.0007932861246389145,0.6250000000000002,0.008267357330681816,0.005771648115171962,496,1.0,False,0.10118324392021985,28317,0.2056043581527816,0.234491023051213
1864084,X3,X,0.60535,42.74226,0.144,1.0,35.890347,-5.236477,9.666,0.0050883722913612536,-0.0031874507316914814,-0.0006820905073139736,-0.00250536022437751,0.007599731830231939,0.007214522215886466,0.6250000000000002,0.008275823023052735,0.0057782387875958685,496,1.0,False,,28317,-0.022606813778766447,0.006279851119664934
1335585,X2,X,0.60557,42.89637,0.2197,0.99238,35.114723,-7.111349,10.329,0.002187024439976498,-0.006093031429261697,-0.002870976422209527,-0.0032220550070521693,0.004617044834180681,0.013587273579436902,0.6250000000000002,0.008280055869238195,0.005781534123807821,496,1.0,False,,28317,0.13055808951883413,0.15944475441726552
1335564,X2,X,0.60619,42.81482,0.1525,0.99999,35.128166,-6.446539,9.483,0.007281820417851639,-0.0010101643815455747,0.002359601982611729,-0.003369766364157304,0.0023075736865788036,0.00251382060717489,0.6250000000000002,0.008291984799397214,0.00579082098040514,496,1.0,False,,28317,0.04634638772993177,0.07523305262836315
1306059,X3,X,0.60631,42.86798,0.1889,0.99994,36.37886,-4.752678,9.699,0.0198809406643737,0.011586647039784419,-0.0026559815009165135,0.014242628540700936,0.004727078657124143,-0.02527804117430192,0.6250000000000002,0.008294293624589283,0.005792618436520751,496,1.0,False,0.04769316009985623,28317,0.09899151816760672,0.1278781830660381
1839117,X3,X,0.60674,42.72056,0.1509,0.99991,37.362453,-4.74271,10.477,0.015075516024364098,0.00677294910950324,0.00964393021196067,-0.0028709811024574304,0.012435379035465084,-0.014749044106746448,0.6250000000000002,0.008302566914860858,0.0057990593209350195,496,0.675,True,,28317,-0.050272636998615006,-0.02138597210018363
1641368,X3,X,0.60706,43.00297,0.2155,0.99952,37.248783,-4.295282,9.589,0.003897315993775442,-0.004411407788264267,-0.0036455559872466837,-0.0007658518010175831,0.004980478572418282,0.009919478034275947,0.6250000000000002,0.00830872378203971,0.005803852537243316,496,0.85,True,,28317,0.23076577358548028,0.2596524384839117
1293046,X3,X,0.60736,42.93457,0.2045,0.99988,37.167213,-4.732303,10.951,0.0003566757129491256,-0.007957820132070753,-0.0043850851598352305,-0.003572734972235521,0.004567087975537489,0.01764290737265085,0.6250000000000002,0.008314495845019879,0.00580834617753234,496,0.675,True,,28317,0.16108053180446397,0.18996719670289536
1306110,X3,X,0.60864,42.60705,0.1301,1.0,36.220924,-3.821939,11.123,0.006873345882511325,-0.0014657774312239477,0.002280780128758567,-0.0037465575599825137,0.011126986120991098,0.003395054800450468,0.6250000000000002,0.008339123313735273,0.005827519042765517,496,1.0,False,0.027140938929779215,28317,-0.17191640256096868,-0.1430297376625373
1770680,X2,X,0.60911,42.56791,0.1432,0.99963,35.368649,-6.464186,10.837,0.01692314756855154,0.00857498135614733,-0.000669816415396195,0.009244797771543528,0.025768486050323725,-0.019256228342407068,0.6250000000000002,0.00834816621240421,0.005834559079218326,496,1.0,False,,28317,-0.21306471936255783,-0.18417805446412644
1298763,X1,X,0.6096,43.03339,0.2105,0.95947,35.083786,-4.16837,10.677,0.005025531723074927,-0.003332062192196893,0.0005245677965813409,-0.003856629988778233,0.0009707364544167165,0.0075953320575157385,0.6250000000000002,0.00835759391527182,0.0058418986916904,496,1.0,False,,28317,0.2503230698541173,0.2792097347525487
1602033,X3,X,0.60967,42.78596,0.1441,1.0,36.406639,-3.791698,9.187,0.00285400635022185,-0.005504934379745343,-0.004053588135877755,-0.0014513462438675876,0.009642761029895147,0.012235482664925343,0.6250000000000002,0.008358940729967193,0.00584294720775784,496,1.0,False,0.0016959998012014948,28317,0.00259431298670015,0.03148097788513153
1329365,X3,X,0.61101,42.93007,0.1545,0.99999,36.528873,-4.653965,10.633,0.004502387969962286,-0.003882334641316338,-0.001489824425708906,-0.0023925102156074313,0.007475717865624969,0.008742060474424272,0.6250000000000002,0.008384722611278624,0.005863018801048823,496,1.0,False,,28317,0.14099152522799435,0.16987819012642574
1534078,X3,X,0.61224,42.72037,0.1798,1.0,35.533932,-4.363387,9.762,0.00815207297221315,-0.0002563150972841703,0.0030894413296378015,-0.0033457564269219714,0.022168660055183184,0.0003490364462534999,0.6250000000000002,0.00840838806949732,0.005881442726233827,496,1.0,False,,28317,-0.07394183678184313,-0.04505517188341175
1262803,X3,X,0.61343,43.09117,0.23,0.99991,37.15242,-4.733208,10.758,0.0004217338966902827,-0.008009550022628383,-0.004447994094120874,-0.0035615559285075097,0.004669833773650706,0.017763587995253502,0.6250000000000002,0.008431283919318666,0.005899267499380297,496,0.625,True,,28317,0.29180448940990394,0.32069115430833534
1296781,X3,X,0.61378,43.30679,173.2456,0.0,36.029087,-4.564777,10.818,0.004186284632010238,-0.004251733360785295,-0.0019519928986478068,-0.002299740462137486,0.005805552441920608,0.00957558407665421,0.6250000000000002,0.008438017992795532,0.005904510079717493,496,1.0,False,0.31604060032966075,28317,0.5059398873462853,0.5348265522447166
1849276,X3,X,0.61412,42.97053,0.1868,0.99995,36.26992,-3.840862,9.765,0.004451679841350716,-0.003992879822822342,-0.00047446026353442465,-0.0035184195592879173,0.006482883805194873,0.008997595341875738,0.6250000000000002,0.008444559664173058,0.005909602872045056,496,1.0,False,0.24575620152157207,28317,0.16823847252174878,0.19712513742018017
1258433,X3,X,0.61445,43.08686,0.2462,0.99998,37.153908,-4.783628,9.567,0.0011024724549470225,-0.007348436478504224,-0.003956254422392818,-0.0033921820561114042,0.006242565126000551,0.016310450888437817,0.6250000000000002,0.008450908933451247,0.005914545876362985,496,0.7,True,,28317,0.28317017722098675,0.31205684211941814
1331925,X3,X,0.61496,42.819,0.2321,0.9993,35.535458,-4.200425,10.547,0.029001504073293567,0.020540782632776033,-0.0011002770257222102,0.02164105965849824,0.012288085674097258,-0.045308803803756265,0.6250000000000002,0.008460721440517535,0.005922185064854328,496,1.0,False,0.23335562490711842,28317,0.013150578392901398,0.04203724329133278
1331883,X3,X,0.61882,42.94493,0.2316,1.0,36.733181,-5.246075,9.693,0.00362764606011278,-0.004907342590749619,-0.0014803760585379178,-0.0034269665322117,0.00910955498356795,0.010957451971406825,0.6250000000000002,0.008534988650862399,0.005980003236573127,496,1.0,False,0.01858143586068865,28317,0.12279035880827956,0.15167702370671093
1305409,X2,X,0.61935,42.71444,0.1625,0.99997,35.237675,-6.930185,10.449,0.0012145579912276779,-0.007330627970899686,-0.004019263193098974,-0.0033113647778007134,0.006547311673500601,0.01627510868713048,0.6250000000000002,0.008545185962127364,0.005987942001083739,496,1.0,False,,28317,-0.10992883532784398,-0.0810421704294126
1256335,X3,X,0.61939,42.92372,0.1837,0.99999,35.884377,-4.883103,9.48,0.01631884735398151,0.007772891783456788,0.01155227378740554,-0.0037793820039487493,0.017212338370865738,-0.017090791877355342,0.6250000000000002,0.008545955570524724,0.005988541153122277,496,1.0,False,,28317,0.099182997217467,0.12806966211589838
1256807,X3,X,0.61943,42.62422,0.2218,1.0,35.787994,-4.840434,11.107,0.0015453082815634288,-0.007001416897358649,-0.003067733365443163,-0.003933683531915486,0.0021807456818094626,0.015599712823809373,0.6250000000000002,0.008546725178922078,0.005989140305160813,496,1.0,False,,28317,-0.20048515991207133,-0.17159849501363994
1594042,X2,X,0.61981,42.93407,0.1523,0.99998,35.477482,-6.693662,10.334,0.0007547021245172677,-0.007799334334179694,-0.0038927475751887194,-0.0039065867589909735,0.0034593881647354313,0.017327282125235627,0.6250000000000002,0.008554036458696962,0.0059948322495269124,496,1.0,False,0.0001790333434168282,28317,0.10776786208473361,0.136654526983165
1260463,X3,X,0.62023,42.85226,0.2188,0.99962,36.070965,-4.969434,10.313,0.008163212426682451,-0.00039890492018674825,-0.002790492286243061,0.0023915873660563134,0.01765441317072237,0.0008629890079685232,0.6250000000000002,0.0085621173468692,0.006001123345931547,496,1.0,False,,28317,0.024193863850049898,0.05308052874848128
1258249,X1,X,0.62104,42.88673,0.195,0.99921,35.265743,-4.73115,9.285,0.014198639150756115,0.005620937233840452,0.009302725912466782,-0.0036817886786263293,0.008639742132472381,-0.012101415387963287,0.6250000000000002,0.008577701916915663,0.006013256174711918,496,1.0,False,,28317,0.05526507248020912,0.0841517373786405
1261456,X1,X,0.62162,42.90798,0.1512,1.0,34.099319,-4.503503,10.685,0.007550043109072397,-0.001038818129604927,0.0008612362217478497,-0.0019000543513527758,0.010226609530184397,0.002487255832635267,0.6250000000000002,0.008588861238677324,0.006021943879270701,496,1.0,False,,28317,0.07408395892949776,0.10297062382792914
1904061,X1,X,0.62336,42.88673,0.1476,0.99942,34.676975,-5.059036,10.457,0.015036487995715393,0.006414148791753078,-0.00041809620212922196,0.006832244993882303,0.008330045983147625,-0.013842530766648632,0.6250000000000002,0.008622339203962315,0.006048006992947051,496,1.0,False,0.07291050660358764,28317,0.04555354060553746,0.07444020550396883
1849109,X2,X,0.62398,42.64063,0.1168,1.0,35.525978,-5.678913,10.219,0.004948782465434419,-0.0036854856686869136,-0.0016789682270243775,-0.002006517441662535,0.008966837567540025,0.008299853492640757,0.6250000000000002,0.008634268134121333,0.006057293849544371,496,1.0,False,0.14317910319092603,28317,-0.20313596139453843,-0.17424929649610704
1899029,X1,X,0.62411,42.79865,0.1266,0.99999,33.891296,-4.486324,10.51,0.0047371067109608506,-0.003899662650451892,-0.002089025452720307,-0.0018106371977315828,0.014488906057051002,0.008625388683708591,0.6250000000000002,0.008636769361412742,0.006059241093669615,496,1.0,False,,28317,-0.045658611082673495,-0.016771946184242117
1916193,X3,X,0.62565,42.90373,0.216,0.96721,36.129704,-4.582552,9.384,0.002366211585953142,-0.006302110269347539,-0.002453790794388223,-0.0038483194749593147,0.0026698821812500624,0.014084943811610968,0.6250000000000002,0.00866832185530068,0.006082274801941547,496,1.0,False,,28317,0.05300124620564467,0.08188791110407605
1321116,X3,X,0.62684,42.80719,0.1715,1.0,35.867474,-4.256627,11.107,0.0023819841442122396,-0.006312753343989447,-0.002597957120821036,-0.0037147962231684093,0.005703583731616505,0.01408161862898965,0.6250000000000002,0.008694737488201687,0.00610003797846961,496,1.0,False,,28317,-0.04848948365123257,-0.01960281875280119
1891107,X1,X,0.62735,42.69856,0.1455,1.0,34.546165,-5.661108,10.51,0.0027333595156169704,-0.005972698958113717,-0.0027540334737074876,-0.003218665484406229,0.0083129446599564,0.013302689081533526,0.6250000000000002,0.008706058473730688,0.006107650768410207,496,1.0,False,0.12600239653424283,28317,-0.15923848789432932,-0.13035182299589793
1295417,X3,X,0.62753,42.8193,0.3917,0.99949,36.283321,-3.850775,9.735,0.001939567493697741,-0.006770486621984362,-0.003262239181657185,-0.0035082474403271757,0.0027415585480990135,0.015105511876245523,0.6250000000000002,0.008710054115682103,0.006110337635448067,496,1.0,False,0.23549181889120316,28317,-0.03924598038153854,-0.01035931548310716
1294667,X3,X,0.62818,42.87617,0.2031,0.99991,35.869068,-4.982116,10.978,0.007149082526300756,-0.0015754002964281123,0.002109474860186129,-0.0036848751566142405,0.017938759906513477,0.00342842753505437,0.6250000000000002,0.008724482822728868,0.006120040210862554,496,1.0,False,,28317,0.014926438921881332,0.04381310382031271
1380034,X3,X,0.62935,43.70945,206.052,0.0,36.818855,-3.674365,9.339,0.006022645102937303,-0.0027278093924757475,-0.0003604390431331513,-0.002367370349342597,0.0031014422811169924,0.006291340596357843,0.6250000000000002,0.00875045449541305,0.006137504846608633,496,1.0,False,0.0307791450578451,28317,0.8433574812239384,0.8722441461223698
1251603,X3,X,0.63033,42.94051,0.2153,0.99999,35.796329,-4.213972,10.557,0.005139475713360414,-0.003632732832676994,-0.0026277858302627155,-0.0010049470024142775,0.0017935214690200818,0.008220055075375047,0.6250000000000002,0.008772208546037408,0.00615213334492586,496,1.0,False,0.0003496224690707222,28317,0.07036255986134982,0.0992492247597812
1559147,X3,X,0.63231,42.72051,0.1986,0.99493,37.158756,-4.411778,9.68,0.0012402140000711704,-0.00757594660743178,-0.004574039762218376,-0.0030019068452134022,0.007322125865002957,0.016813516759943227,0.6250000000000002,0.00881616060750295,0.006181688882342303,496,0.65,True,,28317,-0.15781175661697383,-0.12892509171854244
1330642,X3,X,0.63391,42.71695,0.1534,1.0,37.040527,-4.047121,9.318,0.007612350697493567,-0.0012393267273552722,0.00043642286573319575,-0.0016757495930884675,0.011300361083765347,0.002907675512546469,0.6250000000000002,0.008851677424848839,0.00620557214490104,496,1.0,False,0.2821391631117993,28317,-0.16795948003412925,-0.13907281513569786
1311631,X1,X,0.64039,43.19782,0.1747,0.99989,34.011105,-4.718226,10.966,0.006874830773295403,-0.0021206897618042944,0.0001510766013277749,-0.0022717663631320675,0.00773949613335259,0.004924402865638359,0.6250000000000002,0.008995520535099697,0.006302299358263938,496,1.0,False,0.15527405068306926,28317,0.28639120052389294,0.31527786542232433
1500086,X1,X,0.64129,42.76714,0.1555,0.99999,34.374073,-5.313342,11.351,0.014096454760408118,0.005080956015551358,0.009239769755207884,-0.004158813739656524,0.020514641598422423,-0.011347316217514898,0.6250000000000002,0.00901549874485676,0.00631573369345323,496,1.0,False,,28317,-0.1479517991572707,-0.11906513425883931
1578063,X1,X,0.64298,43.27022,0.1724,0.96418,34.529072,-5.047472,10.269,0.0024634808858900576,-0.006589532497288298,-0.002407342488217428,-0.0041821900090708705,0.008782082749556937,0.014657497493156793,0.6250000000000002,0.009053013383178356,0.006340960389530899,496,1.0,False,,28317,0.3482631208956149,0.3771497857940463
1250397,X1,X,0.64304,42.83351,0.1294,0.99993,33.929947,-5.449883,10.185,0.006103127849826482,-0.0029512174140023436,-0.002909420110606652,-4.179730339569192e-05,0.008649695927628162,0.006727942706134292,0.6250000000000002,0.009054345263828825,0.006341856011876852,496,1.0,False,,28317,-0.08869029345867013,-0.059803628560238756
1308568,X1,X,0.64304,42.6528,0.1564,0.99198,33.873154,-5.052561,8.702,0.001995350108567949,-0.007058995155260876,-0.0029263307953692258,-0.0041326643598916515,0.007398291780567155,0.01570676903981305,0.6250000000000002,0.009054345263828825,0.006341856011876852,496,1.0,False,,28317,-0.26940029345866784,-0.24051362856023645
1296793,X2,X,0.64392,42.96751,0.1528,0.99994,35.00951,-6.524512,10.345,0.01433918306345206,0.005265303550082992,0.008627467668902773,-0.003362164118819781,0.007548051054789327,-0.011277099404910354,0.6250000000000002,0.009073879513369068,0.00635499180628416,496,1.0,False,,28317,0.041742114759378446,0.07062877965780982
1452065,X1,X,0.64509,42.68781,0.14,0.99513,34.412479,-5.450504,9.012,0.004168395475456838,-0.004931455710596412,-0.0007777099460119785,-0.0041537457645844334,0.0013410786143669025,0.011134635752301534,0.6250000000000002,0.00909985118605325,0.006372456442030239,496,1.0,False,,28317,-0.24269396891006217,-0.21380730401163078
1305946,X1,X,0.64663,43.08081,0.1812,0.99989,34.408382,-5.219321,10.665,0.002783265582509694,-0.006350770540238975,-0.003923275921367237,-0.0024274946188717374,0.0020896453572587723,0.014220565286712634,0.6250000000000002,0.009134036122748669,0.006395444082243025,496,1.0,False,0.0007105421375779649,28317,0.1440846816527837,0.1729713465512151
1899158,X2,X,0.64747,42.76015,0.1633,0.99998,35.008648,-6.525724,11.133,0.009521674186704477,0.000368991734849217,0.0037600080857562836,-0.0033910163509070653,0.0058603446116654995,-0.0004816008912727418,0.6250000000000002,0.00915268245185526,0.006407982795086363,496,1.0,False,,28317,-0.1799628286365988,-0.1510761637381674
1336693,X2,X,0.64795,42.77065,0.1157,1.0,35.409367,-5.76592,11.133,0.005599211328236997,-0.003564126168822029,-0.004143401178679651,0.0005792750098576197,0.003125105276949415,0.008151393048193687,0.6250000000000002,0.009163337497059026,0.006415147773853985,496,1.0,False,,28317,-0.17139666734959186,-0.14251000245116047
1339102,X2,X,0.64795,43.25548,0.1521,0.99997,35.409367,-5.76592,11.13,0.005599211328236997,-0.003564126168822029,-0.004143401178679651,0.0005792750098576197,0.003125105276949415,0.008151393048193687,0.6250000000000002,0.009163337497059026,0.006415147773853985,496,1.0,False,,28317,0.31343333265040335,0.34231999754883474
1296671,X2,X,0.64852,42.94256,0.1422,0.99993,35.407665,-6.115034,10.1,0.0024950531705564103,-0.00668093719268209,-0.0035451258669146634,-0.0031358113257674274,0.012602981081420519,0.014750490839309151,0.6250000000000002,0.0091759903632385,0.006423656186140535,496,1.0,False,,28317,-0.001781326846492074,0.027105338051939307
1928108,X3,X,0.6508,43.88382,269.5857,0.0,37.023071,-5.016606,9.536,0.007179579146384641,-0.0020470226815717547,-0.0007533917691020199,-0.0012936309124697344,0.004298663709985307,0.004825230401614391,0.6750000000000002,0.009226601827956395,0.00645768983528674,496,1.0,False,,28317,0.9519811644260239,0.9592058984898417
1263090,X1,X,0.65206,42.78853,0.1424,0.99993,35.326721,-4.995205,10.801,0.008346385301523837,-0.0009081860200924451,0.0031871083141841077,-0.004095294334276552,0.01491179549433621,0.0021201913728106023,0.6750000000000002,0.009254571321616282,0.006476497904551747,496,1.0,False,,28317,-0.14835750496476316,-0.14113277090094528
1342707,X2,X,0.65243,42.99022,0.1392,0.95191,36.164761,-6.809947,10.891,0.004960762743506057,-0.004302021842121463,-0.003269362761577746,-0.0010326590805437167,0.022463250076214105,0.00925001946248972,0.6750000000000002,0.00926278458562752,0.006482020909018456,496,1.0,False,,28317,0.05185171740138463,0.059076451465202504
1263039,X1,X,0.65514,42.93665,0.1687,0.99997,35.075737,-5.031622,10.211,0.0058299574552145616,-0.0034929837397925595,0.0006588812986017371,-0.004151865038394296,0.005851622289867968,0.007981467722308885,0.6750000000000002,0.009322941195007121,0.0065224731849773225,496,1.0,False,,28317,-0.012539609294704747,-0.005314875230886876
1300590,X1,X,0.65633,42.77199,0.1199,0.99995,34.871517,-4.747288,10.811,0.0026389552186980763,-0.006710401609210051,-0.002720636292561871,-0.00398976531664818,0.003244312765259131,0.015019148548311975,0.6750000000000002,0.009349356827908127,0.006540236361505384,496,1.0,False,,28317,-0.1819379152736422,-0.17471318120982432
1296173,X3,X,0.65763,42.73804,0.2801,0.93415,35.747978,-4.177239,10.377,0.00490626350464246,-0.004471950737359205,-0.0036476921766148947,-0.00082425856074431,0.015215546137358267,0.009911956489870435,0.6750000000000002,0.009378214242001665,0.006559641512334362,496,1.0,False,0.2394201359772687,28317,-0.22105485065848904,-0.21383011659467116
1430255,X2,X,0.65806,42.82157,0.1541,1.0,36.291981,-5.774605,10.259,0.037954032130078016,0.028566272743414646,0.015962978835067074,0.012603293908347572,0.015506246086572511,-0.06342972921932606,0.6750000000000002,0.009387759386663372,0.006566060139147022,496,1.0,False,,28317,-0.13923176764843156,-0.1320070335846137
1334686,X2,X,0.65904,42.93731,0.1523,0.99998,35.011574,-6.300615,10.823,0.005465829814518501,-0.003943683622769227,0.00029134595379713517,-0.004235029576566362,0.009874697386865344,0.008901757658199755,0.6750000000000002,0.009409513437287728,0.006580688637464249,496,1.0,False,,28317,-0.02737797416263186,-0.020153240098813988
1310475,X2,X,0.66375,42.9394,0.1237,0.99995,35.053413,-6.472673,9.107,0.0015682228192107214,-0.007945843249138974,-0.004117461891649228,-0.003828381357489745,0.0048463598263797265,0.017708482719855995,0.6750000000000002,0.009514066068349696,0.0066509949916215404,496,1.0,False,0.004417731029301325,28317,-0.04388888368445174,-0.03666414962063387
1314369,X3,X,0.66386,43.3965,0.2135,0.99341,36.167248,-4.515018,10.358,0.001952823732804439,-0.007563684116737786,-0.0032735011296579145,-0.004290182987079871,0.007674668666561572,0.01684336378283886,0.6750000000000002,0.009516507849542225,0.006652636965922455,496,1.0,False,,28317,0.4127782087544896,0.42000294281830747
1340751,X3,X,0.6648,43.77146,268.536,0.0,36.154942,-5.371549,11.022,0.005505297560794591,-0.004032076418938343,-0.000537522782889475,-0.0034945536360488673,0.0036856459195647026,0.009191997320324847,0.6750000000000002,0.009537373979732934,0.006666668382675713,496,1.0,False,,28317,0.7840416099166214,0.7912663439804393
1905127,X2,X,0.66579,43.29871,0.1532,0.99982,36.025707,-6.773006,10.35,0.005798976033698953,-0.0037603739767667526,-0.0024652834317690255,-0.0012950905449977262,0.018850711799350866,0.00823046963130199,0.6750000000000002,0.009559350010465706,0.006681446151383935,496,1.0,False,,28317,0.30740378004995345,0.3146285141137713
1252939,X3,X,0.66666,42.88121,0.136,1.0,36.183311,-4.84468,10.523,0.009160498667793168,-0.00041816361210436637,0.0020270380484505154,-0.002445201660554881,0.017826905031854495,0.0009573740297511187,0.6750000000000002,0.009578662279897534,0.006694432675400251,496,1.0,False,,28317,-0.11350823932621432,-0.10628350526239645
1319058,X1,X,0.66811,42.93625,0.1487,0.99997,33.944916,-4.610815,11.034,0.0069221935731893615,-0.002688655822427885,-0.0009742836809231584,-0.001714372141504726,0.017254840527325652,0.005952160496536898,0.6750000000000002,0.009610849395617247,0.006716076882094108,496,1.0,False,,28317,-0.06414549154641855,-0.056920757482600684
1310304,X1,X,0.66881,43.16653,0.1467,1.0,34.108906,-5.040336,10.888,0.002102561449068522,-0.007523826554137552,-0.0034520909299116196,-0.004071735624225931,0.004491300269861214,0.01680128122704066,0.6750000000000002,0.009626388003206074,0.006726525809463557,496,1.0,False,,28317,0.1633979803446062,0.17062271440842408
1370247,X1,X,0.66882,43.04782,0.123,0.99999,33.959381,-4.639657,10.643,0.03370082319750068,0.024074213214186194,0.025830890827311825,-0.0017566776131256313,0.007168861155984445,-0.053107784571036556,0.6750000000000002,0.009626609983314485,0.006726675079854549,496,1.0,False,,28317,0.04464890692723691,0.05187364099105478
1250916,X3,X,0.66948,42.86417,0.1475,1.0,37.153233,-4.299103,11.024,0.01173133829181729,0.0020900776213476253,-0.002522537255946114,0.00461261487729374,0.02430480609855167,-0.004843643986221231,0.6750000000000002,0.009641260670469665,0.006736526925660028,496,0.9,False,,28317,-0.14157870445460127,-0.1343539703907834
1296919,X3,X,0.67698,43.11889,0.2062,0.99994,36.812439,-3.759858,9.385,0.002916510853551728,-0.006890708331036289,-0.0035783297542936873,-0.003312378576742603,0.005859997712830567,0.015421038434523408,0.6750000000000002,0.009807219184588017,0.006851137713925647,496,1.0,False,,28317,0.0840197670135803,0.09124450107739816
1531078,X2,X,0.67713,43.29721,0.1426,0.99995,35.899731,-6.848733,10.187,0.006052182944433767,-0.003758326050326598,-0.0019339952711409391,-0.0018243307791856612,0.01671564926203972,0.008318460927692785,0.6750000000000002,0.009810508994760365,0.0068535781330497335,496,1.0,False,,28317,0.26176049023364906,0.2689852242974669
1908493,X3,X,0.67829,43.66497,298.7541,0.0,36.822701,-4.204097,8.985,0.008366334373295977,-0.0014696158201305681,0.0005916106645162574,-0.002061226484646825,0.007078378603653745,0.003565085292287676,0.6750000000000002,0.009835950193426545,0.006872450707609349,496,1.0,False,0.12155825274535391,28317,0.625044892194162,0.6322696262579799
1795052,X3,X,0.67924,42.81345,0.158,0.99999,36.359303,-5.184279,10.809,0.017124004568764152,0.007267218910912719,0.009476931375923984,-0.002209712465011267,0.016745043988443856,-0.01590121846083326,0.6750000000000002,0.009856785657851433,0.0068879066953952415,496,1.0,False,8.337104880774514e-05,28317,-0.23013501546458934,-0.22291028140077146
1311884,X3,X,0.68136,42.92828,0.1595,1.0,36.810234,-5.181059,9.744,0.012543741028982031,0.0026404593873613734,-0.0004313965393806527,0.003071855926742025,0.012809680476398308,-0.005586231987862726,0.6750000000000002,0.009903281641620658,0.006922397952349022,496,1.0,False,0.10929247751819954,28317,-0.12345475270004777,-0.1162300186362299
1299090,X2,X,0.68339,43.0735,0.1394,0.99404,36.000797,-6.527866,10.415,0.003909106144302692,-0.00603869759498378,-0.0015468062617888128,-0.004491891333194969,0.00817982295011596,0.01353889909421592,0.6750000000000002,0.009947803739286472,0.0069554249578283505,496,1.0,False,0.11501196989408273,28317,0.013984210097349091,0.021208944161166962
1900124,X2,X,0.68533,43.37393,0.1532,0.99157,35.687321,-6.146858,10.498,0.006004013761173269,-0.003986338189675604,-0.002601760111193589,-0.0013845780784820156,0.016016371267211414,0.008842393952257725,0.6750000000000002,0.009990351950848873,0.006986987711833224,496,1.0,False,0.07302427417775748,28317,0.30699880052915157,0.3142235345929694
1861474,X3,X,0.68966,42.99482,0.1428,1.0,36.837894,-4.353005,10.337,0.004727793407406256,-0.00535752439708448,-0.001607257904948518,-0.003750266492135961,0.005686627994557496,0.012100234902028943,0.6750000000000002,0.010085317804490736,0.007057434477215239,496,1.0,False,,28317,-0.088589827508577,-0.08136509344475913
1305308,X1,X,0.68972,43.24206,0.1522,0.99998,34.507694,-5.548024,11.005,0.003470336410853636,-0.006616297317706038,-0.003072685017914257,-0.0035436122997917828,0.0019178071108628043,0.014879509314350642,0.6750000000000002,0.010086633728559674,0.007058410644864874,496,1.0,False,0.021435504107189376,28317,0.15842252825103123,0.1656472623148491
1255730,X3,X,0.69107,43.45652,0.3612,0.99995,36.651897,-4.540774,9.721,0.013788493185977945,0.003672251165867115,-0.0016350669470135046,0.005307318112880619,0.011306062625042683,-0.00779928902659589,0.6750000000000002,0.01011624202011083,0.007080374416981667,496,1.0,False,0.1582843998178668,28317,0.36776554372465237,0.3749902777884702
1333442,X3,X,0.69209,42.99,0.2034,0.99993,36.550396,-4.417663,11.193,0.011452122700602547,0.0013135099713197304,0.0009545041060328701,0.0003590058652868603,0.002229257602184802,-0.0025481814451077563,0.6750000000000002,0.010138612729282816,0.0070969692670254676,496,1.0,False,0.000715091986832878,28317,-0.10261427268901621,-0.09538953862519835
1299033,X2,X,0.69226,43.15751,0.1403,0.99999,35.488022,-5.893028,10.805,0.025164258215344588,0.015021917034533108,0.019016758795155332,-0.003994841760622224,0.015006785217981452,-0.03303575609540754,0.6750000000000002,0.01014234118081148,0.007099735075366101,496,1.0,False,,28317,0.06425295472352935,0.07147768878734721
1487043,X3,X,0.69226,42.96967,0.1662,0.99971,35.87598,-4.56404,11.042,0.003540162806911611,-0.006602178373899869,-0.0031354877928062726,-0.0034666905810935966,0.008408697413983765,0.014781903297310378,0.6750000000000002,0.01014234118081148,0.007099735075366101,496,1.0,False,,28317,-0.12358704527647199,-0.11636231121265413
1252917,X3,X,0.69277,43.12737,0.2459,0.99989,37.300175,-4.718981,11.405,0.00038321280414590434,-0.009770313731251569,-0.005332639373369738,-0.004437674357881832,0.002774685513843945,0.0217408741141001,0.6750000000000002,0.010153526535397472,0.007108032500388002,496,0.625,True,,28317,0.03218554438676426,0.039410278450582134
1316853,X1,X,0.69304,43.0704,0.1133,0.99941,34.174179,-5.50463,9.273,0.008550714442213657,-0.0016087337514940469,0.0029113110902114162,-0.004520044841705465,0.014741684875328542,0.003692623166538192,0.6750000000000002,0.010159448193707704,0.00711242525481136,496,1.0,False,,28317,-0.025804298745895494,-0.018579564682077623
1370181,X3,X,0.6931,43.15907,0.188,0.99655,36.487965,-4.067012,10.376,0.009174270153789974,-0.0009864939639866715,0.0007263318737906798,-0.0017128258377773512,0.011345969739641849,0.0023816609831175603,0.6750000000000002,0.010160764117776645,0.007113401422460996,496,1.0,False,0.0021853404996751737,28317,0.06263912117094697,0.06986385523476484
1260105,X1,X,0.6941,43.14792,0.1349,0.99999,34.811512,-4.988864,10.857,0.002575882698537641,-0.007606813487054677,-0.0032349122892920013,-0.004371901197762675,0.002794621964704632,0.01704205948595399,0.6750000000000002,0.010182696185592317,0.007129670883288251,496,1.0,False,,28317,0.04771555218874914,0.054940286252567014
1299190,X3,X,0.69836,43.12605,0.1845,0.99999,35.787395,-4.655465,9.63,0.002513101743906592,-0.007763025050580485,-0.0030477381629412303,-0.004715286887639255,0.004457775130897722,0.017371321809526975,0.6750000000000002,0.010276126794487077,0.007198978786412355,496,1.0,False,,28317,0.009828333906946284,0.017053067970764155
1373123,X1,X,0.69879,43.33194,0.1436,0.99999,34.434067,-4.694887,10.108,0.002615995314711723,-0.0076695622689360934,-0.003053626967428197,-0.004615935301507897,0.006542360047221519,0.01713884755957746,0.6750000000000002,0.010285557583647817,0.0072059746545680755,496,1.0,False,,28317,0.21410678238629635,0.22133151645011423
1279714,X3,X,0.69938,43.57289,0.2763,0.99851,36.509575,-4.627358,10.674,0.00415377128387847,-0.006144726219780593,-0.0032540198686099543,-0.002890706351170638,0.008178467210822628,0.013798219695894932,0.6750000000000002,0.010298497503659063,0.007215573636456156,496,1.0,False,,28317,0.45284713110837155,0.4600718651721894
1250950,X3,X,0.70099,43.05299,0.1768,1.0,36.955425,-4.624798,9.974,0.002278743378110194,-0.008055064754732099,-0.004889629164987435,-0.0031654355897446644,0.008357997102877263,0.017970847039517433,0.7250000000000002,0.010333808132842293,0.0072417674683880355,496,1.0,False,0.2176438427033668,28317,-0.09687145586938173,-0.06584877563014375
1307261,X3,X,0.70351,42.91779,0.1562,0.99977,36.624588,-4.003195,10.77,0.027402064321251057,0.01701298737751327,0.009728846814773671,0.007284140562739598,0.01651069859486854,-0.037500200687008746,0.7250000000000002,0.010389076943737786,0.0072827665096727185,496,1.0,False,,28317,-0.24146848364679685,-0.21044580340755886
1314296,X3,X,0.70426,43.20803,0.1571,1.0,36.887188,-5.107927,10.457,0.005946737916606995,-0.004458788077992546,-0.004920101556277599,0.0004613134782850536,0.011328627740663549,0.010066319964605604,0.7250000000000002,0.01040552599459954,0.00729496860529316,496,1.0,False,0.12306807646720572,28317,0.04598101899206752,0.0770036992313055
1559051,X3,X,0.7051,43.09978,0.1592,1.0,36.109875,-4.250706,10.808,0.024870886552583425,0.014446937621018723,-0.00195229535504946,0.016399232976068184,0.04015594377373214,-0.03326359546530134,0.7250000000000002,0.010423948931564703,0.007308634952388052,496,1.0,False,0.19793560494985635,28317,-0.06539095384579086,-0.03436827360655288
1952075,X3,X,0.70525,43.34021,0.2047,1.0,37.022095,-5.031333,10.042,0.006536390859780737,-0.0038908478819563172,-0.0014615174131903854,-0.0024293304687659336,0.00831631915085749,0.008894281462028251,0.7250000000000002,0.010427238741737054,0.0073110753715121424,496,1.0,False,,28317,0.17448192669807994,0.20550460693731792
1289812,X3,X,0.70875,43.38242,0.2164,0.99983,37.300304,-4.70031,10.089,0.00033650385379936057,-0.010167497125292545,-0.005524957520183009,-0.0046425396051095365,0.004438571507820496,0.022627393984237423,0.7250000000000002,0.010504000979091906,0.0073680184844075345,496,0.6,True,,28317,0.20372466378421605,0.23474734402345404
1647048,X1,X,0.70882,43.11406,0.1312,1.0,34.744984,-5.139049,11.15,0.004050126560964141,-0.006455409662874861,-0.002865232548694239,-0.003590177114180624,0.006387466582395848,0.01452076243704498,0.7250000000000002,0.010505536223839002,0.007369157346665442,496,1.0,False,,28317,-0.06489405384015456,-0.03387137360091659
1341556,X2,X,0.71584,43.44481,0.1474,0.99994,35.919365,-6.983692,10.518,0.03832196385969778,0.027662464519792762,0.0006168037304076189,0.02704566078938514,0.011523047266595334,-0.06129856149537813,0.7250000000000002,0.010659499339905018,0.007483368961672772,496,1.0,False,0.0573713166728833,28317,0.2400341038145386,0.2710567840537766
1330995,X2,X,0.71827,43.32792,0.1286,0.99964,35.646133,-6.961659,10.355,0.003029340117914965,-0.007683454146782134,-0.004070848852048108,-0.0036126052947340276,0.013759838438920154,0.01705759896992597,0.7250000000000002,0.010712794264697099,0.007522903751483,496,1.0,False,,28317,0.1142624335876492,0.1452851138268872
1311903,X3,X,0.71912,43.19424,0.2048,0.7968,36.761692,-4.012222,9.908,0.001753636082817029,-0.008977800439523393,-0.004860934511162825,-0.004116865928360568,0.001102847297423651,0.020077644660682716,0.7250000000000002,0.010731436522340421,0.007536732793186169,496,1.0,False,,28317,-0.02251750638332895,0.008505173855909029
1331993,X3,X,0.71961,43.27996,0.1991,0.99999,35.971489,-4.460246,9.108,0.004318798943325047,-0.006423384292245052,-0.0027057192109766633,-0.0037176650812683894,0.00854596051390521,0.014437932132151835,0.7250000000000002,0.010742183235570099,0.007544704828991521,496,1.0,False,,28317,0.06141706960554116,0.09243974984477914
1338665,X3,X,0.72062,43.30862,0.2018,0.99984,36.616467,-5.137823,10.694,0.008356933040855712,-0.002407401583208218,0.0017839773105066742,-0.004191378893714895,0.015029071096784754,0.005494663166068402,0.7250000000000002,0.01076433462406393,0.007561136984427052,496,1.0,False,,28317,0.08640059456911486,0.11742327480835284
1308529,X3,X,0.72212,43.30392,0.2507,0.99884,35.843983,-3.992705,9.765,0.005723731912920119,-0.005073500812867315,-0.0009450705883819448,-0.004128430224485371,0.015477447335037722,0.011314159914522948,0.7250000000000002,0.010797232725787434,0.007585541175667932,496,1.0,False,,28317,0.07624961615116788,0.10727229639040585
1890212,X3,X,0.72776,43.12438,0.1438,1.0,36.725067,-4.732718,11.191,0.03612478638298574,0.025205847178784196,0.02739119159068591,-0.0021853444119017116,0.028437199931776676,-0.056526458391800795,0.7250000000000002,0.010918939204201544,0.007679259867656419,496,1.0,False,,28317,-0.12368906661882151,-0.09266638637958353
1264689,X3,X,0.73162,43.24328,0.2076,0.99999,35.444134,-4.69567,9.871,0.01691113747484673,0.005910324141954897,-0.0031678163115869276,0.009078140453541824,0.011353039793911593,-0.012680682816125749,0.7250000000000002,0.011000813332891834,0.00774479965350828,496,1.0,False,0.27403240895808556,28317,-0.018662377846082608,0.012360302393155373
1770254,X3,X,0.7348,43.22861,0.2379,0.99993,36.17448,-4.716496,11.214,0.01348062783354919,0.002412363793601626,0.006207450466164888,-0.003795086672563262,0.0077847978303423595,-0.004886246668518529,0.7250000000000002,0.011068264039947564,0.007798793570349968,496,1.0,False,,28317,-0.044708853881316075,-0.013686173642078095
1692030,X3,X,0.73802,42.96655,0.2004,0.99994,36.1567,-4.238231,9.658,0.056048431583526834,0.0449118683999568,-0.0012019508532632311,0.046113819253220036,0.01981691532405124,-0.10092183170969378,0.7250000000000002,0.011136563183570033,0.00785346665595696,496,1.0,False,0.1759358350306671,28317,-0.3182402225350016,-0.28721754229576363
1252822,X1,X,0.73927,43.30297,0.1273,1.0,35.047375,-4.510091,10.816,0.0015567304490122181,-0.009606346377268399,-0.004988016083666609,-0.004618330293601792,0.007783797856982135,0.02141980944514384,0.7250000000000002,0.011163076826280618,0.007874690679872717,496,1.0,False,,28317,0.013739591988228154,0.044762272227466135
1260522,X3,X,0.74133,43.39906,0.1639,0.99995,35.941166,-3.843898,10.571,0.002003221185083025,-0.009203550124384641,-0.004142657313332255,-0.005060892811052386,0.0021073169453973413,0.020608282957672797,0.7250000000000002,0.011206771309467666,0.007909667871285888,496,1.0,False,,28317,0.10252792522602205,0.13355060546526004
1296802,X3,X,0.74392,43.13182,0.1725,0.99977,35.631229,-4.987139,10.933,0.0020101332172573335,-0.009251574359906665,-0.004902391532307436,-0.0043491828275992305,0.0031372650395733535,0.0207141979820937,0.7250000000000002,0.011261707577164,0.007953644048839338,496,1.0,False,0.05933758429285747,28317,-0.17386463009795805,-0.14284194985872006
1317372,X3,X,0.74393,43.2347,0.1831,1.0,35.435703,-4.616799,11.195,0.009651329664274512,-0.0016105900220311688,-0.00025404848067119706,-0.0013565415413599726,0.012458311181081299,0.0038494823491959027,0.7250000000000002,0.011261919686305681,0.007953813841030662,496,1.0,False,,28317,-0.07101990859448493,-0.03999722835524695
1488098,X3,X,0.75076,43.23451,0.1617,1.0,36.081303,-4.422551,10.938,0.013198075134348015,0.0017912849042716929,0.006777948892844437,-0.004986663988572745,0.021249905732125887,-0.003913879382448866,0.7750000000000002,0.011406790230076323,0.008069781907706363,496,1.0,False,,28317,-0.06623193860272666,-0.06417627916338349
1302550,X3,X,0.75249,43.13267,0.1703,0.99987,35.906948,-4.796454,10.679,0.005264228703724401,-0.006179256407863373,-0.0010672425880870542,-0.00511201381977632,0.01493824771000688,0.013817578991121298,0.7750000000000002,0.011443485111587774,0.008099155956805774,496,1.0,False,,28317,-0.1741148173591472,-0.17205915791980403
1293028,X3,X,0.75366,43.26171,0.6832,0.1792,35.78133,-3.970845,10.961,0.01573276324311721,0.004264461361952326,0.001157349775620757,0.0031071115863315693,0.011986164276769188,-0.009060617254581203,0.7750000000000002,0.011468301881164884,0.008119021643190923,496,1.0,False,0.0007641161912799561,28317,-0.04915402685372102,-0.047098367414377854
1308453,X3,X,0.75572,43.51615,0.2293,0.99939,36.880547,-3.961816,10.216,0.003414383744036508,-0.00809761262031542,-0.003054722113544948,-0.005042890506770471,0.010221787422459164,0.018124548070197137,0.7750000000000002,0.011511996364351927,0.008153998834604092,496,1.0,False,,28317,0.19811860370632645,0.2001742631456696
1904182,X3,X,0.76657,43.25469,0.2514,1.0,36.854832,-3.899722,10.781,0.03455771975140498,0.02281558496832517,0.027814096963908137,-0.0049985119955829665,0.01657667273046206,-0.050502663775055405,0.7750000000000002,0.011742134783079812,0.00833822336219287,496,1.0,False,,28317,-0.10078331784549763,-0.09872765840615445
1251645,X3,X,0.76679,43.5274,0.2073,0.99219,36.637699,-4.34133,10.048,0.006910533435044731,-0.004836267749152145,-0.0006415509284766058,-0.004194716820675539,0.005307746892232449,0.011103362367382345,0.7750000000000002,0.011746801184196876,0.008341958790402044,496,1.0,False,,28317,0.17117279772916988,0.17322845716851304
1251652,X3,X,0.77155,43.30358,0.1713,1.0,36.85334,-5.378911,10.972,0.011655555635192662,-0.000192209500446126,0.0049600374379781325,-0.005152246938424258,0.01005615321833653,0.0008538807375558649,0.7750000000000002,0.011847765135638788,0.008422779873473249,496,1.0,False,,28317,-0.0689075365827779,-0.06685187714343473
1303257,X3,X,0.77159,43.61245,0.264,0.9998,36.30426,-4.966222,8.953,0.011319941640032638,-0.0005286719321728889,0.002815227964375895,-0.0033438998965487823,0.00520094245653206,0.001674392790952068,0.7750000000000002,0.011848613572205527,0.008423459042238552,496,1.0,False,,28317,0.2398262332064644,0.24188189264580756
1259589,X1,X,0.77327,43.49687,0.1462,0.99977,34.783756,-4.396331,11.168,0.006883055289887435,-0.005001192618121119,0.00018476480314190413,-0.005185957421263023,0.01989471417762307,0.011074030679124134,0.7750000000000002,0.011884247908008554,0.008451984130381333,496,1.0,False,0.00035527584631783054,28317,0.11853072107622578,0.12058638051556896
1889155,X3,X,0.77826,43.09666,0.2862,0.99999,37.36993,-4.893751,9.842,0.008593115107594418,-0.00340422350119343,0.0016036304150600722,-0.005007853916253501,0.0021085500742330622,0.00801742444600494,0.7750000000000002,0.011997338608787848,0.008530188935474591,496,1.0,False,,28317,-0.29858518110483373,-0.29652952166549057
1861451,X3,X,0.78049,43.1707,0.1443,0.91814,36.760281,-5.4844,10.789,0.0032632932481080745,-0.008786303850547045,-0.0037530169548534126,-0.005033286895693631,0.004379149355705963,0.019763463713488662,0.7750000000000002,0.01204959709865512,0.00856359156917591,496,1.0,False,,28317,-0.23206645065489823,-0.23001079121555507
1833468,X3,X,0.78375,43.54682,0.4519,0.99989,36.868919,-4.970709,11.284,0.006389215124295786,-0.005736777793627175,-0.003993425925465146,-0.001743351868162029,0.008086461334864865,0.01306685934664015,0.7750000000000002,0.01212599291792296,0.008612422325169759,496,1.0,False,,28317,0.13309566607561835,0.1351513255149615
1331887,X3,X,0.78398,43.2028,0.1916,0.99984,36.783813,-5.46861,11.291,0.007232810915423654,-0.004898571891588759,0.0003786910989374793,-0.005277262990526237,0.010113102581627382,0.011186209482424828,0.7750000000000002,0.012131382807012413,0.008615867439856444,496,1.0,False,,28317,-0.21169576929372652,-0.20964010985438336
1250454,X1,X,0.78734,43.57536,0.136,0.99997,35.299831,-4.535553,10.549,0.007651294305971009,-0.00455882775034814,-0.003571152203687795,-0.000987675546660345,0.016265135799317022,0.010269407119600494,0.7750000000000002,0.01221012205631915,0.008666196071801028,496,1.0,False,,28317,0.1496194767116063,0.15167513615094946
1856065,X3,X,0.78892,43.81522,0.3133,0.99629,36.902634,-4.635056,9.257,0.024970290151295794,0.01272314190036217,0.015282382107127747,-0.0025592402067655747,0.03294796234698001,-0.02884948792292856,0.7750000000000002,0.012247148250933624,0.008689862511822586,496,1.0,False,,28317,0.38420781728740366,0.3862634767267468
1255501,X1,X,0.78956,43.47114,0.121,0.99998,34.813847,-5.216064,10.552,0.0016263549584038398,-0.010635791244778689,-0.005611162231617066,-0.005024629013161622,0.0033197593333231254,0.023817979310170122,0.7750000000000002,0.01226214620318253,0.00869944891790727,496,1.0,False,,28317,0.037995370601535385,0.04005103004087855
1434262,X3,X,0.78964,43.30747,0.1375,1.0,36.662647,-5.117352,11.164,0.010135070340807916,-0.0021289506064057252,0.0022972137947693807,-0.004426164401175106,0.010309336421676502,0.00512181455887261,0.7750000000000002,0.012264020947213641,0.008700647218667855,496,1.0,False,,28317,-0.12594106751674902,-0.12388540807740585
1254566,X3,X,0.79118,43.61294,0.2029,0.99753,37.117973,-5.225366,10.861,0.006068810530382279,-0.006231299239430282,-0.003475043536931572,-0.0027562557024987102,0.006293268568878812,0.014177091066319331,0.7750000000000002,0.012300109769812561,0.008723714508309121,496,1.0,False,0.06441563661943525,28317,0.17440508817339379,0.17646074761273695
1265349,X3,X,0.79939,43.43079,0.2117,1.0,36.214394,-4.22845,11.047,0.01599043335868556,0.003497927982680048,0.005467405542238107,-0.001969477559558059,0.01999021320633067,-0.007597169190855471,0.7750000000000002,0.01249250537600551,0.00884669012386419,496,1.0,False,0.1358293643957119,28317,-0.03489895932146,-0.03284329988211683
1535064,X3,X,0.80078,43.6954,0.1825,0.99971,37.040478,-5.304958,10.557,0.05251620929601078,0.03999113024246469,-0.0023511409700959053,0.04234227121256059,0.02556234359489752,-0.08991844465529436,0.8250000000000003,0.012525079053546094,0.00886751059957936,496,1.0,False,0.2689834405091127,28317,0.21029743084969896,0.227196138166953
1385052,X3,X,0.80106,43.56228,0.1572,0.99999,36.642826,-4.748283,10.988,0.005262407536982127,-0.0072692331206728605,-0.002974232181336834,-0.004295000939336027,0.008724060192027249,0.01644076782585928,0.8250000000000003,0.012531640657654988,0.008871704652241408,496,1.0,False,,28317,0.07625767302257387,0.09315638033982791
1299258,X3,X,0.80109,43.35374,0.1474,1.0,36.103355,-4.007521,11.317,0.003054880849161085,-0.009477462837505569,-0.0045619502531800415,-0.0049155125843255276,0.0059583956715903354,0.021301303640892465,0.8250000000000003,0.012532343686666654,0.008872154015026626,496,1.0,False,,28317,-0.1323808539689331,-0.11548214665167907
1502132,X3,X,0.80181,43.60623,0.2247,0.99997,36.148796,-4.151595,9.395,0.013684999666566286,0.0011357832836196152,0.005074593227437717,-0.003938809943818099,0.03138114935486072,-0.002933459499090133,0.8250000000000003,0.012549216382946671,0.008882938721871896,496,1.0,False,,28317,0.11774557097702784,0.13464427829428188
1579146,X3,X,0.80325,43.3846,0.1381,1.0,35.429119,-4.673761,10.59,0.008087382478473787,-0.0044955792970329134,-0.0029446391197228967,-0.0015509401773100163,0.007281220666713025,0.010400722901721757,0.8250000000000003,0.0125829617755067,0.008904508135562431,496,1.0,False,,28317,-0.10860541074737355,-0.09170670343011951
1367180,X3,X,0.80342,43.40055,0.1537,0.99835,35.538841,-4.669238,10.424,0.013902226776053754,0.0013152811694809394,0.0022909476624494527,-0.0009756664929685124,0.01036646395743094,-0.0023969828207678727,0.8250000000000003,0.012586945606572815,0.008907054524678675,496,1.0,False,0.014039990684366375,28317,-0.0932122070714179,-0.07631349975416386
1642117,X3,X,0.81237,43.49664,0.1821,0.99974,35.741631,-4.49597,9.783,0.004659985901041941,-0.008136696694011616,-0.0025361982998334098,-0.0056004983941782055,0.014389568919136397,0.01821866218505916,0.8250000000000003,0.012796682595053557,0.009041114422269157,496,1.0,False,0.06722137311917543,28317,-0.026275645779414696,-0.009376938462160658
1300777,X3,X,0.81684,43.36027,0.1433,0.99993,36.327545,-3.82273,11.043,0.031677043717492095,0.01877560979970011,0.016091186987421777,0.0026844228122783354,0.037960464971722015,-0.04272692224826832,0.8250000000000003,0.012901433917791983,0.009108069477266861,496,1.0,False,0.0011888773915149048,28317,-0.17708954495078258,-0.16019083763352854
1260427,X3,X,0.8175,43.47237,0.145,0.99999,36.541462,-5.124887,10.749,0.022312287834894723,0.00939538727884606,0.013102571870580748,-0.003707184591734686,0.01720991899011153,-0.020477784819837266,0.8250000000000003,0.012916900556048662,0.00911795545854169,496,1.0,False,,28317,-0.06711569535139787,-0.05021698803414383
1255824,X3,X,0.81852,43.47335,0.2312,0.99999,35.778015,-4.511212,11.289,0.007187989825644655,-0.005752813716800695,-2.447715516200495e-05,-0.00572833656163869,0.012274375101743938,0.013080910856224114,0.8250000000000003,0.01294080354244535,0.009133233793239152,496,1.0,False,0.0003739304489365055,28317,-0.06941828704933144,-0.052519579732077395
1330599,X3,X,0.81932,43.58242,0.3119,0.99884,35.718021,-5.048267,10.102,0.006731526653690427,-0.0062280243290660535,-0.0018828303234476223,-0.00434519400561843,0.016390027659202333,0.013986176925074477,0.8250000000000003,0.01295955098275648,0.009145216800845006,496,1.0,False,,28317,0.037079910381137185,0.053978617698391226
1250980,X3,X,0.81967,43.7722,0.1858,0.95194,35.794346,-4.459955,10.508,0.0015970539286969477,-0.01137069905919565,-0.005924761576488791,-0.005445937482706856,0.002055714540449232,0.025494466213444103,0.8250000000000003,0.012967752987892597,0.009150459366672565,496,1.0,False,0.00023630658306178674,28317,0.22573551375102527,0.2426342210682793
1879412,X3,X,0.81984,43.5881,0.1897,1.0,35.774525,-4.469154,11.087,0.002254677910953663,-0.01071705890800505,-0.005128165996630551,-0.005588892911374497,0.007422104285288638,0.02401830781204395,0.8250000000000003,0.012971736818958713,0.00915300575578881,496,1.0,False,0.00014286970283103898,28317,0.041089546526925605,0.057988253844179646
1251618,X3,X,0.82172,43.89282,0.1877,0.98874,36.348354,-4.1658,10.549,0.007039933142246815,-0.005975860161443046,-0.0030025897241162695,-0.0029732704373267756,0.012119587773303069,0.013578021991565518,0.8250000000000003,0.013015793303689861,0.009181165823662565,496,1.0,False,,28317,0.3397791144704805,0.3566778217877345
1258529,X3,X,0.82394,43.78838,0.2611,0.99959,35.700642,-4.658347,10.873,0.0037742081786150314,-0.00929360927193821,-0.003443925059784611,-0.005849684212153598,0.0036982956146682034,0.020971060430039847,0.8250000000000003,0.013067817450553241,0.009214418669768808,496,1.0,False,,28317,0.22823531087247703,0.24513401818973107
1645145,X3,X,0.82627,43.64768,0.1413,0.99775,35.776722,-4.949718,10.756,0.0024969495317835127,-0.010626481371179315,-0.004826723667851692,-0.005799757703327621,0.017224084851905148,0.023570639325761457,0.8250000000000003,0.013123430902962828,0.009254541356437862,496,1.0,False,,28317,0.08009949686632396,0.096998204183578
1334581,X3,X,0.82736,43.32314,0.2211,0.98713,35.56068,-4.371375,10.963,0.012581939362277198,-0.0005679030938014612,0.0046408568984157095,-0.00520875999221717,0.00045478174383609696,0.0018874687879368787,0.8250000000000003,0.01314984245607866,0.009275350230244573,496,1.0,False,0.00599772349181331,28317,-0.24791206460366125,-0.2310133572864072
1246791,X3,X,0.83066,43.27814,0.1841,0.9999,36.319611,-4.575352,10.519,0.006345117030452228,-0.006884687008454174,-0.002407415915321654,-0.004477271093132519,0.011485324591354294,0.015603569850357974,0.8250000000000003,0.013229804038906402,0.009338349572962132,496,1.0,False,,28317,-0.30339525022253677,-0.28649654290528276
1305541,X3,X,0.83293,43.46667,0.1424,0.99924,36.642239,-5.560589,10.789,0.012040649837856824,-0.0012441580777219942,0.0035833875569108078,-0.004827545634632802,0.02204490050632769,0.002831677493793594,0.8250000000000003,0.013284807915578819,0.009381685484467849,496,1.0,False,,28317,-0.12205292498509905,-0.10515421766784501
1252918,X3,X,0.83583,43.68398,0.1535,1.0,37.299595,-5.069964,11.009,0.0038355403568002613,-0.009519536828536273,-0.0035180573156196934,-0.006001479512916579,0.00691613019378194,0.021454696555664225,0.8250000000000003,0.013355077185336534,0.009437048543219645,496,1.0,False,,28317,0.08610225456766969,0.10300096188492373
1390345,X3,X,0.83592,43.72583,0.2143,0.99207,35.657497,-4.281546,10.249,0.00930222972796967,-0.004055028227807619,0.001015591068521276,-0.005070619296328897,0.013420611843608665,0.009354718325103432,0.8250000000000003,0.013357257955777288,0.009438766707111941,496,1.0,False,,28317,0.12766863413775484,0.14456734145500888
1861472,X3,X,0.83776,43.6059,0.2588,1.0,35.786964,-4.19645,10.858,0.018220249812390312,0.004818407216490886,-0.005146437971194331,0.009964845187685218,0.02542437402769821,-0.010753193020805484,0.8250000000000003,0.013401842595899426,0.00947389361335446,496,1.0,False,0.11256094375761794,28317,0.0019466764486601625,0.0188453837659142
1876462,X3,X,0.83954,43.85502,0.4013,0.99786,36.78791,-4.333365,10.807,0.00340445362780025,-0.010040519761260806,-0.005229817665001331,-0.004810702096259475,0.0018888112164670641,0.022649475200810038,0.8250000000000003,0.013444973389061057,0.009507875077002114,496,1.0,False,0.07423595029192082,28317,0.24547535623012992,0.26237406354738396
1253871,X3,X,0.8478,44.05907,0.4037,0.8391,35.732998,-5.012328,9.856,0.003105699574090657,-0.01053942007986651,-0.004910419273378269,-0.005629000806488242,0.0072974688482842,0.02369699393181563,0.8250000000000003,0.013645119653957167,0.00966556434089516,496,1.0,False,,28317,0.42372924773063336,0.4406279550478874
1253857,X3,X,0.85652,43.7311,0.2627,0.99998,36.788097,-4.370501,10.72,0.016045269978574216,0.0021888578996904044,0.0072095245245138995,-0.005020666624823497,0.0073386909976928625,-0.004182513070636433,0.8750000000000002,0.013856412078883811,0.009832035331348833,496,1.0,False,,28317,0.14828820011894023,0.08568958449192392
1260459,X3,X,0.85674,43.53096,0.1923,0.99956,35.911777,-5.029393,11.18,0.016636462335727985,0.0027747194846556578,0.0072244569209685555,-0.0044497374363128995,0.026880415172717297,-0.006186788696987345,0.8750000000000002,0.013861742851072327,0.009836235287530004,496,1.0,False,0.001217187112896819,28317,-0.052528728033529884,-0.11512734366054618
1338749,X3,X,0.85806,43.42559,0.2511,0.99991,36.048836,-4.086555,11.422,0.014515623362072166,0.0006218958778687386,-0.006381085996874197,0.007002981874742935,0.0068434568230312815,-0.0008162351565732494,0.8750000000000002,0.013893727484203427,0.00986143502461703,496,1.0,False,0.02392818315877854,28317,-0.16195674117307207,-0.22455535680008837
1260461,X3,X,0.85855,43.68131,0.2528,0.99999,35.972431,-5.014734,10.669,0.009409181521119902,-0.0044964190465943115,-0.0020923350438897667,-0.002404084002704544,0.01715993855117111,0.010268464750889224,0.8750000000000002,0.013905600567714213,0.009870789472475092,496,1.0,False,,28317,0.09225842421190504,0.029659808584888744
1295291,X3,X,0.86179,43.90745,0.3057,0.99753,36.058277,-4.349098,9.304,0.0038681020951099,-0.01011600620847155,-0.00456852022629738,-0.00554748598217417,0.007810340691151942,0.022809800591843496,0.8750000000000002,0.013984108303581448,0.009932643372597786,496,1.0,False,0.013218461802888628,28317,0.3084691189362722,0.24587050330925592
1479130,X3,X,0.8624,43.52442,0.2499,0.99984,36.017017,-4.789365,10.755,0.023285345983978058,0.009286456902964809,0.01466139379119949,-0.005374936888234681,0.022841913133948618,-0.020429917371184235,0.8750000000000002,0.013998889081013249,0.00994428870564558,496,1.0,False,0.001610824742267983,28317,-0.07642621361738905,-0.13902482924440535
1296161,X3,X,0.86243,43.85584,0.2481,0.96278,35.836571,-4.017199,10.443,0.0023880523825006244,-0.011611563621992874,-0.006264114236808772,-0.005347449385184103,0.003935648138493862,0.026117878693210562,0.8750000000000002,0.013999616004493499,0.009944861426943011,496,1.0,False,,28317,0.2549020819255709,0.1923034662985546
1317956,X3,X,0.86917,43.74519,0.3297,0.99562,36.10709,-4.745394,11.221,0.03135586043786455,0.017192928958141052,0.0035667518944187153,0.013626177063722333,0.04748954816800069,-0.040047134695984546,0.8750000000000002,0.014162931479723497,0.010073532811766149,496,1.0,False,0.19836076975341996,28317,0.12372764749379354,0.06112903186677725
1342580,X3,X,0.87472,43.35891,0.1899,0.99914,36.6884,-3.974232,10.985,0.0067203098538298825,-0.007577102469740275,-0.0030045479785877106,-0.004572554491152566,0.018388655696013962,0.01699179813125306,0.8750000000000002,0.014297412323570157,0.010179486251791138,496,1.0,False,,28317,-0.27933673763067973,-0.34193535325769603
1879483,X3,X,0.87565,43.42748,0.1315,0.99984,36.244308,-4.231221,10.72,0.09745217970889788,0.08313189315459647,0.08044099035348505,0.002690902801111425,0.039965406508779486,-0.19272283201388227,0.8750000000000002,0.014320286554301407,0.010188743002251154,496,1.0,False,0.13176765387998832,28317,-0.2135690792089598,-0.2761676948359761
1250896,X3,X,0.87971,43.79315,0.1846,0.9933,37.018879,-4.910794,11.431,0.024876071857901676,0.010455287114332799,-0.004652841772853869,0.015108128887186666,0.020959952723287777,-0.022952273953084718,0.8750000000000002,0.014420784743568877,0.010213173906615658,496,1.0,False,0.017774018332615105,28317,0.1399009959133643,0.07730238028634799
1456020,X3,X,0.88189,43.87985,0.2923,0.9602,36.452423,-4.558029,10.91,0.016176031869698224,0.0017012850442074037,0.0012589385802704908,0.0004423464639369103,0.02811049649591212,-0.003915424924042184,0.8750000000000002,0.01447474682549082,0.01022629197841729,496,1.0,False,,28317,0.2200729781275534,0.1574743625005371
1371111,X3,X,0.88352,43.66049,0.1503,0.99975,37.188644,-5.151306,11.351,0.0053597427264839076,-0.009155351894205428,-0.0027819684324391983,-0.006373383461766233,0.005230050571734918,0.020802550533068696,0.8750000000000002,0.014515094620689336,0.010236100444947868,496,1.0,False,,28317,-0.004157766524081577,-0.06675638215109787
1878692,X3,X,0.8845,43.81837,0.2247,0.8646,36.651917,-4.789331,10.943,0.015115574404801926,0.0005762216004963055,0.006240148913222414,-0.00566392731272611,0.021205265230878474,-0.0010043491777194172,0.8750000000000002,0.01453935280430562,0.010241997559794472,496,1.0,False,,28317,0.15079803641324857,0.08819942078623226
1253761,X3,X,0.89441,44.18718,0.211,0.99619,35.516357,-4.724908,10.481,0.007792360618519819,-0.00699229687929335,-0.005654731883880625,-0.0013375649954127274,0.0033972487047165515,0.01611976911170802,0.8750000000000002,0.014784657497813169,0.010301630629314731,496,1.0,False,0.15482920803838665,28317,0.49021456667119806,0.42761595104418176
1402076,X3,X,0.89611,44.02033,200.7308,0.0,36.740017,-4.144964,9.846,0.030203482270065675,0.015376744249652827,-0.005239752861742154,0.02061649711139498,0.009195853629762158,-0.0334673175981339,0.8750000000000002,0.014826738020412848,0.010311860318334351,496,1.0,False,0.2906529684459235,28317,0.31835432947700254,0.25575571384998624
1305486,X3,X,0.89888,43.64144,0.1467,0.99999,36.366947,-5.072275,11.014,0.010768211081246013,-0.004127093437755726,-0.0012876156691462703,-0.0028394777686094556,0.014690168646727593,0.00959164820593562,0.8750000000000002,0.014895304519001739,0.010328528693972203,496,1.0,False,0.003117627232895199,28317,-0.06867951782976506,-0.13127813345678135
1253816,X3,X,0.90824,44.03794,0.1935,0.96692,36.953506,-4.989358,10.475,0.016218194957559932,0.0010912000317740735,-0.00669957067356542,0.007790770705339491,0.040405116525237726,-0.0033754599027579907,0.9250000000000003,0.015126994925785859,0.010384852158221406,496,1.0,False,0.2420240640590282,28317,0.1935592397365508,0.23788394654155126
1246650,X3,X,0.90888,43.96676,0.1778,0.99995,35.909573,-5.107671,11.211,0.004870531046122014,-0.010272305958760195,-0.004839873555210462,-0.005432432403549731,0.010381540987344973,0.023230319413528804,0.9250000000000003,0.015142837004882208,0.010388703335264086,496,1.0,False,9.429613176316427e-05,28317,0.12052007211410368,0.16484477891910415
1299266,X3,X,0.91289,43.94543,0.1776,0.7876,37.003185,-5.043761,10.735,0.007838410485148987,-0.007403687046571289,-0.002889762089305036,-0.004513924957266255,0.012378315481567866,0.016917588103507034,0.9250000000000003,0.015242097531720277,0.010412833366422132,496,1.0,False,,28317,0.08757034170029213,0.1318950485052926
1901832,X3,X,0.91696,43.81609,0.2238,1.0,36.462135,-4.694663,11.119,0.013120128234569643,-0.0022227150189039844,-0.005888797602821137,0.003666082583917152,0.012816643364101512,0.0055427753129714055,0.9250000000000003,0.015342843253473628,0.01043732444542793,496,1.0,False,0.3602892079125282,28317,-0.0535122083931373,-0.009187501588136818
1255737,X3,X,0.91896,43.99813,0.273,0.99997,36.612926,-4.358287,9.867,0.00655805940398092,-0.008834290346668803,-0.0027986530096590365,-0.006035637337009769,0.009816352317947093,0.02012623108303364,0.9250000000000003,0.015392349750649723,0.010449359373686306,496,1.0,False,,28317,0.12277620815012794,0.1671009149551284
1252926,X3,X,0.92427,43.53843,0.1469,0.99791,36.34676,-4.232247,10.716,0.04160162508244231,0.02607783558179006,0.004528480879175945,0.021549354702614116,0.0393373621606779,-0.05927596309559345,0.9250000000000003,0.015523789500652252,0.010481312108212298,496,1.0,False,0.05359435006521957,28317,-0.352134885845523,-0.3078101790405225
1617068,X3,X,0.93075,43.84946,0.1804,0.99967,36.283894,-4.507851,11.075,0.00769791207590573,-0.007980716749848845,-0.0012973695656619388,-0.006683347184186908,0.005359208522156441,0.018365864481487144,0.9250000000000003,0.015678628825754576,0.010564452775194636,496,1.0,False,,28317,-0.05955184154511561,-0.015227134740115125
1262782,X3,X,0.94444,43.77582,0.2108,0.99918,35.992165,-3.717134,10.155,0.008562697967575568,-0.0074415610877853495,-0.006469094067521794,-0.0009724670202635585,0.005439642146149365,0.017169851324362488,0.9250000000000003,0.016004259055360917,0.010751941296885146,496,1.0,False,0.03972351936804426,28317,-0.17175277194486002,-0.12742806513985955
1252620,X3,X,0.95299,43.72467,0.1978,0.9988,37.267628,-4.127444,11.408,0.015125805638690482,-0.0010818236477248,-0.0015516332069953516,0.0004698095592705516,0.013741200968730374,0.003074331881796434,0.9750000000000003,0.01620762928641528,0.010869036027378487,496,1.0,False,0.005012826486566734,28317,-0.21506055093094412,-0.20238337230329478
1395159,X3,X,0.9569,44.31416,0.1857,0.99951,37.148476,-4.052038,10.424,0.03355791128354564,0.017257278768659887,-0.0014074020543087089,0.018664680822968596,0.031131276324119026,-0.03860613064832593,0.9750000000000003,0.016300632514885754,0.010922584611732752,496,1.0,False,,28317,0.36361294955531653,0.37629012818296587
1339276,X3,X,0.96363,43.79246,0.1456,0.99972,36.668465,-5.112953,9.667,0.016129220112847197,-0.00033149212776906883,0.005813967149944555,-0.006145459277713625,0.004632253342656505,0.0016475847305614869,0.9750000000000003,0.016460712240616265,0.011014753914214647,496,1.0,False,,28317,-0.17660326423463013,-0.1639260856069808
1559048,X3,X,0.98,44.12,0.2005,0.99999,36.981483,-4.575696,11.23,0.008367438587706267,-0.008484098161412757,-0.0023685671288628026,-0.006115531032549956,0.01445468450835133,0.01940981628102372,0.9750000000000003,0.016851536749119024,0.011230531824337612,496,0.95,False,,28317,0.10642432519228481,0.11910150381993416
1299327,X3,X,0.98158,43.88271,0.1318,0.881,36.817474,-3.962692,10.469,0.0222436018472773,0.005354025719618752,0.012708121562939606,-0.007354095843320857,0.021263583379047924,-0.011389371039841598,0.9750000000000003,0.016889576127658547,0.011249511562172245,496,1.0,False,,28317,-0.13512308572200862,-0.12244590709435928
1935095,X3,X,0.99268,43.88061,0.1729,0.96762,36.690975,-4.44588,10.913,0.04254129748329016,0.025384482683613433,-0.0025629434270199774,0.02794742611063341,0.025903630829925653,-0.056607812887465025,0.9750000000000003,0.017156814799676724,0.011382850226706674,496,1.0,False,0.3503221791757834,28317,-0.1669435970432941,-0.15426641841564476
1311921,X3,X,1.04436,44.00793,0.228,0.99994,36.541035,-4.25513,11.446,0.033400557028741465,0.015007750338560052,0.022561794891098837,-0.007554044552538786,0.020075014142789033,-0.03276581448518699,1.0250000000000004,0.018392806690181413,0.01212831368756301,496,1.0,False,,28317,-0.08787269025989163,-0.1611342069262986
1334084,S2,S,0.13349,38.98171,0.1961,1.0,41.73399,-0.69057,9.988,0.0030084292598474057,0.0023644999756414846,-0.0004390384616314623,0.002803538437272947,0.00327468626977984,-0.005151701536045232,0.125,0.0006439292842059211,0.0003916414721875178,500,1.0,False,,13467,0.005876664711110011,-0.015437241892456391
1815065,S1,S,0.13537,38.89598,0.1589,1.0,43.229477,0.183282,10.589,0.0001647057572496941,-0.0004883944995031118,-0.00043066865865189685,-5.772584085121481e-05,4.742419513454491e-05,0.0010670241366883921,0.125,0.0006531002567528059,0.00039974783446741205,500,1.0,False,0.6765459717977399,13467,-0.1126768445298011,-0.1339907511333675
1306366,S1,S,0.15062,39.60073,0.2443,0.99998,42.24712,-0.503019,9.064,0.0006997473509161905,-2.7745103357889114e-05,3.268828542854192e-05,-6.0433388786430935e-05,0.0018990833986254386,6.609448878471414e-05,0.17500000000000004,0.0007274924542740797,0.0004655042306208098,500,1.0,False,,13467,0.3699944435627045,0.31928914896580834
1578103,S2,S,0.16008,39.39296,0.1643,1.0,41.942688,-1.386285,10.103,0.0010242794484824694,0.00025063944086076693,0.00031275239708766626,-6.211295622689944e-05,0.0016342771106530264,-0.0005379854577290248,0.17500000000000004,0.0007736400076217024,0.0005062947557100651,500,1.0,False,,13467,0.017966937039376664,-0.032738357557519485
1250034,S1,S,0.16085,39.40043,0.1053,1.0,43.029522,-0.414962,10.488,0.00015570855118334867,-0.0006216876526410673,-0.0005594379874364553,-6.224966520461198e-05,0.00021917384384123416,0.001359894693753087,0.17500000000000004,0.000777396203824416,0.0005096149147289579,500,1.0,False,,13467,0.01404859461294581,-0.03665669998395034
1294436,S2,S,0.178,41.63537,256.203,0.0,42.039162,-0.603923,10.841,0.0006647115606772878,-0.00021179528871181886,-0.0003992794239706851,0.00018748413525886614,0.0021264772783988286,0.0004655434982639682,0.17500000000000004,0.0008765068493891067,0.0005999584733637647,500,1.0,False,,13467,2.0076995066775125,1.9569942120806163
1250017,S1,S,0.18216,39.8153,0.096,1.0,43.193951,-0.127654,8.849,0.0006564375961839442,-0.00026178634696979075,-0.00017451071764930848,-8.727562932048222e-05,0.002220462928362431,0.0005737469169752095,0.17500000000000004,0.0009182239431537349,0.0006406297489182687,500,1.0,False,,13467,0.1323771785484111,0.08167188395151496
1296321,S2,S,0.18444,40.03362,0.1941,1.0,40.916889,-0.762022,9.32,0.00010322444981529531,-0.0008378636697286685,-0.0007387266494709683,-9.913702025770027e-05,0.00034321218501916163,0.0018322607905565057,0.17500000000000004,0.0009410881195439638,0.0006629207364817951,500,1.0,False,0.42801661544696235,13467,0.32091122573820163,0.2702059311413055
1336453,S2,S,0.18492,39.8538,0.1078,1.0,40.969765,-1.229456,9.19,6.548661592928914e-05,-0.0008804150144336704,-0.0007793843429960714,-0.00010103067143759907,8.8026308784323e-05,0.0019249421107067613,0.17500000000000004,0.0009459016303629595,0.0006676135759688534,500,1.0,False,,13467,0.1348642032278646,0.08415890863096846
1324938,S1,S,0.19847,40.74201,192.8023,0.0,42.447216,-0.596421,10.965,0.00566312922670186,0.004581346197177671,0.0047304746552904245,-0.00014912845811275295,0.0067869367645197265,-0.010042268535179972,0.17500000000000004,0.0010817830295241887,0.000800088523988933,500,1.0,False,,13467,0.8532194081644148,0.8025141135675187
1335323,S2,S,0.19991,39.82392,0.1936,0.99913,40.316135,-1.087551,10.366,0.00011184584160364109,-0.0009843777203775341,-0.000834923903920579,-0.00014945381645695531,0.000270576795717569,0.002153137498363312,0.17500000000000004,0.0010962235619811753,0.0008141670424501074,500,1.0,False,,13467,-0.08228281319273956,-0.1329881077896357
1315197,S1,S,0.20823,39.99434,0.104,1.0,42.266914,0.116694,10.15,0.0006159820400996289,-0.0005636757094108027,-0.0004911436726976661,-7.253203671313672e-05,0.0018003643516130647,0.001239021708473823,0.22500000000000003,0.0011796577495104316,0.0008955095935591155,500,1.0,False,0.4661115847148308,13467,-0.05058370545533108,-0.06094727177035937
1342255,S2,S,0.21885,40.06356,0.1118,1.0,40.743248,-0.268122,9.797,0.00017759357803786514,-0.0011085630983428431,-0.0008834801164726192,-0.00022508298187022405,0.0005190168756333247,0.0024270889123800075,0.22500000000000003,0.0012861566763807083,0.0009993386672102773,500,1.0,False,,13467,-0.10176856638041441,-0.11213213269544271
1878148,S1,S,0.22453,40.24418,0.1203,1.0,43.070183,0.88617,10.522,0.0037371494717087415,0.0023940329173032524,0.0025988194862778292,-0.00020478656897457718,0.00731498868941073,-0.005250544504326629,0.22500000000000003,0.0013431165544054893,0.0010548706011404658,500,1.0,False,,13467,0.016661412842772456,0.006297846527744164
1315192,S1,S,0.22714,40.14119,0.1618,1.0,42.985901,-0.523071,10.444,0.0009378703575219586,-0.00044554058110502447,-0.000366073911498908,-7.946666960611631e-05,0.0012385975880407783,0.0009833503747160581,0.22500000000000003,0.001383410938626983,0.0010914166198406608,500,1.0,False,0.3103639356552635,13467,-0.11441766857378609,-0.12478123488881439
1249308,S2,S,0.22806,40.50123,0.1892,0.99434,40.863556,-1.602378,11.276,0.0010631976741383373,-0.0003355098357445631,-0.0011015082132321981,0.0007659983774876348,0.00042284185384836097,0.000732047012459049,0.22500000000000003,0.0013987075098829003,0.0011051525408529296,500,1.0,False,0.000765434913603567,13467,0.23579247118900074,0.22542890487397244
1315259,S2,S,0.22806,40.23671,0.1527,1.0,40.863548,-1.602379,11.377,0.001063184731808251,-0.0003355227780746494,-0.0011015223333827105,0.0007659995553080609,0.00042285028755234766,0.0007320751325915736,0.22500000000000003,0.0013987075098829003,0.0011051525408529296,500,1.0,False,0.000765434913603567,13467,-0.02872752881099671,-0.039091095126025
1292336,S2,S,0.23355,40.2262,0.1776,1.0,40.998867,-0.906085,9.12,0.004785719645293665,0.0032957315091118678,0.0023314118636231945,0.0009643196454886737,0.0033675898202502777,-0.007201212573651399,0.22500000000000003,0.0014899881361817968,0.0011871201564587497,500,1.0,False,0.006201613230108216,13467,-0.09714331732030955,-0.10750688363533785
1656029,S2,S,0.2348,40.97115,111.2664,0.0,41.034275,-0.763182,9.106,0.00026752405519241997,-0.00124324746584796,-0.0010481547924057941,-0.00019509267344216627,0.00044235233915421504,0.00272426740538552,0.22500000000000003,0.00151077152104038,0.0012057830926167235,500,1.0,False,0.1770327178490444,13467,0.6347987113928539,0.6244351450778256
1319366,S2,S,0.23482,40.24048,0.1461,1.0,41.495831,-1.088056,9.556,0.0030082011829021403,0.0014970971277040233,0.0017930516172172694,-0.0002959544895132462,0.0011371842176193647,-0.0032392193624037093,0.22500000000000003,0.001511104055198117,0.0012060816995952508,500,1.0,False,,13467,-0.09607889424609083,-0.10644246056111913
1921033,S2,S,0.23707,40.5112,0.1453,1.0,41.598419,-0.678204,8.613,0.0061931760263493245,0.0046446618784057574,-0.0008665818698292107,0.005511243748234968,0.0011653199909606286,-0.010104426705541885,0.22500000000000003,0.001548514147943567,0.0012396749846796038,500,1.0,False,,13467,0.15138940594639652,0.14102583963136822
1262573,S2,S,0.23747,40.41081,0.1341,0.99999,41.562847,-1.520996,11.152,0.0010713757584477402,-0.00048378907265057315,-0.0008195468396513701,0.00033575776700079697,0.0014524192654049245,0.0010708767366964878,0.22500000000000003,0.0015551648310983134,0.001245647124250155,500,1.0,False,,13467,0.0468871836280016,0.03652361731297331
1344355,S2,S,0.24448,40.34132,0.2067,1.0,40.955868,-0.935951,9.169,0.0005794177802708692,-0.001092300273114378,-0.0008478168869531148,-0.0002444833861612633,0.0015121951643921434,0.0023900169100094875,0.22500000000000003,0.0016717180533852472,0.0013503088702240713,500,1.0,False,,13467,-0.09364721987763856,-0.10401078619266686
1276528,S2,S,0.24618,40.23354,0.1873,1.0,41.485832,-1.63852,11.017,0.00565276970296048,0.003952786246167559,0.004254872823390361,-0.0003020865772228016,0.007266529079272064,-0.008654095842278638,0.22500000000000003,0.0016999834567929205,0.0013756904633989158,500,1.0,False,,13467,-0.2183718537743786,-0.2287354200894069
1336480,S2,S,0.25604,40.66634,0.1448,1.0,41.724808,-1.164773,9.986,0.0015121623713818537,-0.00035176042517556967,0.0001115969758046266,-0.00046335740098019633,0.006301353354646006,0.0007643149807953211,0.275,0.0018639227965574234,0.0015229037038130115,500,1.0,False,,13467,0.126525026508492,0.10787095357217451
1289664,S2,S,0.25907,40.23541,0.1301,1.0,40.8969,-1.129956,8.04,0.0002506280044985922,-0.0016636737169560371,-0.0011689634494378663,-0.0004947102675181711,0.0008562301887072781,0.0036478559029652306,0.275,0.0019143017214546293,0.0015681426610599403,500,1.0,False,,13467,-0.3332771966226356,-0.3519312695589531
1298079,S1,S,0.26048,40.74659,0.1464,0.99999,43.203381,-0.58981,11.172,0.00026398036422347693,-0.0016737650153516334,-0.0011710254514063923,-0.0005027395639452414,0.0011368927276451525,0.0036694207357888748,0.275,0.0019377453795751103,0.001589194453046134,500,1.0,False,,13467,0.1645736089389833,0.14591953600266577
1337649,S1,S,0.2615,40.48657,0.15,1.0,43.404327,0.510086,8.755,0.0002195369259122333,-0.0017351676957074813,-0.0012580566197693856,-0.000477111075938096,0.0010745498066659562,0.003803578845882746,0.275,0.0019547046216197147,0.0016044234089510408,500,1.0,False,,13467,-0.10504723198240055,-0.12370130491871807
1344347,S2,S,0.26361,40.69751,0.1275,1.0,41.638119,-0.408806,11.242,0.012770380698606323,0.010780593723345321,0.008492702808602414,0.002287890914742906,0.01115314460876459,-0.02367572161813342,0.275,0.0019897869752610025,0.0016359264451857004,500,1.0,False,0.2490404476064609,13467,0.0861416972591404,0.06748762432282289
1334087,S2,S,0.26628,40.58229,0.1056,1.0,41.00901,-0.467349,10.981,0.0006243170641285617,-0.0014098632211903747,-0.0008794620213961035,-0.0005304011997942715,0.0018867736152404682,0.0030965751243269644,0.275,0.0020341802853189365,0.0016757904768191325,500,1.0,False,0.3991376314875067,13467,-0.05386275423969193,-0.07251682717600945
1320704,S1,S,0.26996,40.44445,0.1428,1.0,42.341675,0.361424,10.919,0.0017917027011412068,-0.0003036638692013975,0.000235110983968516,-0.0005387748531699138,0.005101423985531299,0.000669078937588787,0.275,0.0020953665703426043,0.001730734160868206,500,1.0,False,,13467,-0.22548839065615692,-0.24414246359247443
1330817,S2,S,0.27051,40.90091,0.1111,1.0,41.109718,-1.448341,10.543,0.0005238008382623156,-0.0015807104214180657,-0.0009979143292843796,-0.0005827960921336862,0.0008592575699679424,0.003472075495121116,0.275,0.0021045112596803812,0.0017389458527777145,500,1.0,False,0.002825636948941793,13467,0.2259587675447496,0.2073046946084321
1292332,S2,S,0.27265,40.67029,0.1033,1.0,41.143528,-1.285167,10.212,0.00046257879181797046,-0.0016775136227403053,-0.0010785636459234738,-0.0005989499768168317,0.0010969916248265608,0.0036827775202730524,0.275,0.002140092414558276,0.001770896799480166,500,1.0,False,0.26711978941578596,13467,-0.02407644642915967,-0.042730519365477185
1260050,S2,S,0.27278,40.65338,0.1059,1.0,41.245499,-0.386803,10.506,0.00024513521119132317,-0.0018971186753922453,-0.00143342865266788,-0.0004636900227243657,0.0022158406924931095,0.004155949138540941,0.275,0.0021422538865835685,0.0017728377448405954,500,1.0,False,,13467,-0.04216132813829558,-0.0608154010746131
1574104,S2,S,0.27304,40.70865,0.1137,1.0,40.412334,-0.68613,10.639,0.0012838184657514304,-0.0008627583648827234,-0.000787314677250641,-7.544368763208248e-05,0.0027388784835385227,0.0019054482082555796,0.275,0.0021465768306341538,0.0017767196355614537,500,1.0,False,,13467,0.010760461590731029,-0.007893611345586485
1502065,S1,S,0.27316,40.71483,0.1397,1.0,43.130367,-0.864707,9.29,0.00062498978335274,-0.0015235822522278375,-0.000933479612214303,-0.0005901026400135352,0.0034164616379397136,0.003337323373876152,0.275,0.0021485720355805776,0.0017785112774326194,500,1.0,False,0.4796254987589934,13467,0.015857369853005298,-0.002796703083312216
1250279,S2,S,0.27382,40.46812,0.098,1.0,41.089642,-1.466044,10.754,0.0001942943112016882,-0.0019652513515842213,-0.0013581892373685444,-0.0006070621142156774,0.0008218474732449249,0.0043088151156322856,0.275,0.0021595456627859096,0.0017883653077240295,500,1.0,False,,13467,-0.23680177820998363,-0.25545585114630115
1261963,S1,S,0.27963,40.93028,0.2183,0.99999,43.224457,0.553465,11.301,0.0005902690305226055,-0.001678923401725177,-0.0010299602020618294,-0.0006489631996633475,0.0022365427717724014,0.0036853185046670928,0.275,0.0022691924322477824,0.0018803787396310043,500,1.0,False,,13467,0.17355262985934036,0.15489855692302285
1249483,S2,S,0.28303,40.69138,0.1073,1.0,40.632172,-0.842662,10.959,0.0030576532976332883,0.0007223501387919285,-0.0011334840931251622,0.0018558342319170903,0.0019328135197416822,-0.00153731014851199,0.275,0.0023353031588413597,0.0019350105125448458,500,1.0,False,0.4996531647740115,13467,-0.09520390743255928,-0.1138579803688768
1862039,S1,S,0.28699,41.02013,0.1374,1.0,42.256378,0.392554,10.593,0.00036247947785810765,-0.002049823233133419,-0.001354584170964014,-0.0006952390621694048,0.0006022309635282162,0.004501604146726349,0.275,0.0024123027109915264,0.0019986404598209663,500,1.0,False,0.5382403903682235,13467,0.1991874286347188,0.1805333556984013
1538019,S2,S,0.29069,40.89234,0.1033,1.0,41.774799,-1.734552,11.076,0.0008123136821942672,-0.0016719330547961511,-0.001400348666082952,-0.0002715843887131996,0.002727852237827515,0.0036716188324724132,0.275,0.002484246736990418,0.0020580926832860285,500,1.0,False,,13467,0.03968867031734265,0.02103459738102513
1263715,S2,S,0.29185,40.83596,0.127,1.0,41.609997,-1.57989,8.72,0.003128616863327625,0.0006218147019699861,-0.0006387372002136797,0.0012605519021836654,0.002806503591772648,-0.0013164078820040162,0.275,0.002506802161357639,0.002076731758750751,500,1.0,False,,13467,-0.026555601846493016,-0.04520967478281053
1292227,S2,S,0.29185,40.78485,0.1547,0.99999,41.603065,-1.844108,10.203,0.002254379685334526,-0.00025242247602311283,0.00039509163162485504,-0.0006475141076479683,0.005680434076810827,0.0005558039021025737,0.275,0.002506802161357639,0.002076731758750751,500,1.0,False,,13467,-0.07766560184649433,-0.09631967478281185
1262550,S2,S,0.29209,40.82885,0.1078,1.0,40.850876,-1.887187,10.446,0.002982955535120207,0.0004714867342383157,0.0012225827843001598,-0.0007510960500618447,0.00618845759974072,-0.0010297600476335683,0.275,0.0025114688008818914,0.002080588119191728,500,1.0,False,,13467,-0.03570195676528369,-0.05435602970160121
1336454,S2,S,0.29256,41.88914,30.5834,0.0001,41.563175,-1.891063,8.825,0.003311516904988487,0.0007909092683716012,0.0014835638927581053,-0.0006926546243865043,0.003913047234754578,-0.0016946341039296101,0.275,0.0025206076366168857,0.0020881401583886412,500,1.0,False,,13467,1.020604661043446,1.0019505881071284
1257934,S1,S,0.29648,40.82165,0.1308,1.0,42.893879,-0.592755,9.716,0.03091843459222112,0.02832160517670811,-0.0005732231306434822,0.028894828307351593,0.0014075406417492057,-0.06251774624426347,0.275,0.0025968294155130104,0.0021511273789245997,500,1.0,False,0.10102739726027397,13467,-0.07987975546430119,-0.09853382840061871
1305051,S1,S,0.29887,41.0903,0.1421,1.0,42.560154,-0.03399,10.209,0.0012911210533696768,-0.0013521803140723486,-0.0007462521884281231,-0.0006059281256442254,0.0016687322075393577,0.0029916462359228756,0.275,0.0026433013674420254,0.002189530301649329,500,1.0,False,,13467,0.16885123214304418,0.15019715920672666
1905171,S2,S,0.30307,41.04589,0.213,1.0,40.313133,-1.071069,9.25,0.0005324971401773663,-0.002192470418939077,-0.0015360666151816138,-0.0006564038037574635,0.0012656460715040423,0.00482317814586039,0.32500000000000007,0.0027249675591164433,0.0022570166093664264,500,1.0,False,,13467,0.06786896598292023,0.07113737172839789
1861124,S1,S,0.30511,40.37324,169.2725,0.0,43.355747,0.732528,10.415,0.00030979908286846484,-0.0024548349122041242,-0.0016785986082053772,-0.0007762363039987474,0.0009345233334888394,0.005395304684369471,0.32500000000000007,0.0027646339950725893,0.002289795673114731,500,1.0,False,,13467,-0.6214509324199938,-0.6181825266745162
1263369,S1,S,0.31251,41.06449,0.1108,1.0,43.229355,-0.541303,10.478,0.0008910742589186009,-0.0020174477881517742,-0.001059258393025207,-0.0009581893951265674,0.001595502508571818,0.004448506238889134,0.32500000000000007,0.002908522047070375,0.0024087001200448557,500,1.0,False,,13467,0.01018310449601777,0.01345151024149542
1300179,S2,S,0.31722,41.10583,0.1381,1.0,41.47913,-0.965016,10.009,0.0005467163106493189,-0.0024533885370845113,-0.0018101707602200322,-0.0006432177768644792,0.0034886552547119675,0.005389722850170683,0.32500000000000007,0.00300010484773383,0.00248438119369903,500,1.0,False,0.33083311823385614,13467,0.014255003698191538,0.01752340944366919
1265165,S1,S,0.31752,41.325,0.2013,0.99828,42.984779,0.088168,10.861,0.0003401732102892424,-0.002665764936849904,-0.001712000486007418,-0.000953764450842486,0.0038872060813350258,0.005848078463976422,0.32500000000000007,0.003005938147139146,0.002489201644250251,500,1.0,False,0.38813832048090346,13467,0.23106862192793465,0.2343370276734123
1625037,S1,S,0.31863,41.14129,0.1286,1.0,43.181168,0.792259,10.755,0.00037626941031863566,-0.0026512519446201784,-0.0017094591318962027,-0.0009417928127239762,0.0021776752363929894,0.005828062018981438,0.32500000000000007,0.003027521354938814,0.00250703731128977,500,1.0,False,,13467,0.0386578874970268,0.04192629324250445
1248243,S1,S,0.32394,41.20068,0.1305,1.0,42.391346,-0.417613,9.194,0.0009678962220914738,-0.0021628745323214265,-0.001114430800568914,-0.001048443731752513,0.004295766660967659,0.004755601893045809,0.32500000000000007,0.0031307707544129004,0.0025923592860463865,500,1.0,False,,13467,0.056809680634795176,0.06007808638027283
1292033,S1,S,0.32472,41.23036,0.149,1.0,43.268471,0.069769,9.08,0.0005918911609824993,-0.0025540461718842216,-0.001482402776942221,-0.001071643394942001,0.002062275321652361,0.005621660252687276,0.32500000000000007,0.003145937332866721,0.0026048924574795613,500,1.0,False,,13467,0.08048486864724956,0.08375327439272721
1308326,S1,S,0.32622,41.15016,0.1152,1.0,42.27034,0.582042,9.581,0.0002177264415634485,-0.002954223548928869,-0.001972747682924069,-0.0009814758660048007,0.0014055681040261868,0.00649469894170026,0.32500000000000007,0.003171949990492318,0.002622517722119287,500,1.0,False,0.5315709309164391,13467,-0.01122541454431748,-0.00795700879883983
1469040,S1,S,0.3267,41.19884,0.1365,1.0,42.854946,-0.341995,10.51,0.003358436266771553,0.0001783938520770181,0.0006897904934364033,-0.0005113966413593853,0.005983572374236534,-0.00035696960654245293,0.32500000000000007,0.003180042414694535,0.00262768211980791,500,1.0,False,,13467,0.03378164086908973,0.037050046614567386
1569050,S2,S,0.32988,41.10156,0.2105,1.0,40.875889,-1.923079,8.93,0.001517705647268983,-0.001715949077765241,-0.0006425755092391372,-0.001073373568526104,0.0054725597000645585,0.003774655997789856,0.32500000000000007,0.003233654725034224,0.002661896254495041,500,1.0,False,,13467,-0.08770618609124349,-0.08443778034576584
1847079,S1,S,0.33041,41.00674,0.1993,1.0,43.356705,0.404698,9.45,0.00021588932041691103,-0.003026700789673927,-0.0019110668704558707,-0.001115633919218057,0.0015126779813362172,0.006655481735465644,0.32500000000000007,0.0032425901100908384,0.002667598610276228,500,1.0,False,,13467,-0.1865398050155037,-0.18327139927002606
1264068,S1,S,0.33054,41.32269,0.1293,1.0,43.424606,-0.523174,10.238,0.00018546469827723908,-0.003059317110035034,-0.0019298656045360022,-0.0011294515054990318,0.0005126282304462944,0.006728648960902091,0.32500000000000007,0.003244781808312273,0.002668997301316898,500,1.0,False,,13467,0.12842663277779842,0.13169503852327608
1249416,S2,S,0.33169,42.5494,191.4833,0.0,40.912395,-1.748804,10.506,0.0007767783161927179,-0.0024873915917707004,-0.0015354091502556536,-0.0009519824415150466,0.0010139632312850262,0.0054861588928048505,0.32500000000000007,0.0032641699079634184,0.0026813703374458917,500,1.0,False,,13467,1.346451454049581,1.3497198597950588
1335305,S2,S,0.33403,41.52916,0.1613,1.0,41.159897,-0.405594,9.532,0.0009692578618479516,-0.0023343626141012755,-0.001489185883623486,-0.0008451767304777897,0.003197488578876932,0.005143760108669477,0.32500000000000007,0.0033036204759492272,0.0027065467761779307,500,1.0,False,,13467,0.30862475287625124,0.3118931586217289
1320501,S2,S,0.33683,41.21969,0.1155,1.0,41.003952,-0.913963,10.72,0.019590106061389546,0.01623927977759405,0.004126089999456399,0.012113189778137653,0.01859786938618419,-0.036058356240588,0.32500000000000007,0.003350826283795495,0.0027366724293615675,500,1.0,False,0.07153489972546997,13467,-0.021739852972484718,-0.018471447227007068
1294351,S2,S,0.33828,41.29239,0.1437,1.0,41.592308,-0.41783,9.325,0.010294566538891589,0.006919294390318563,0.00591115557111967,0.0010081388191988936,0.008196002871109302,-0.015127386862263377,0.32500000000000007,0.0033752721485730258,0.002752273214045951,500,1.0,False,,13467,0.04020286257484705,0.043471268320324705
1770702,S2,S,0.33846,40.87733,0.2161,0.96937,41.891525,-1.116219,10.58,0.0023867326411077905,-0.0009915741665410664,0.0001427699382589324,-0.001134344104799999,0.005347222806115509,0.0022065048953508097,0.32500000000000007,0.003378306807648857,0.002754209863179185,500,1.0,False,,13467,-0.37618954361677914,-0.3729211378713015
1308357,S2,S,0.34157,41.11123,0.1879,1.0,41.335865,-1.191828,10.298,0.002870037544154832,-0.0005607014286375571,0.00040483132358404023,-0.0009655327522215971,0.0004771230355114736,0.0012984952747478393,0.32500000000000007,0.003430738972792389,0.002787670856536724,500,0.975,False,,13467,-0.16520753096154273,-0.16193912521606507
1265011,S2,S,0.34689,41.09872,0.1308,1.0,42.213436,-1.109139,10.46,0.0008156838471713079,-0.0027047461605289886,-0.0019964250978439656,-0.0007083210626850229,0.0030156300789741766,0.005960733029596243,0.32500000000000007,0.0035204300077002967,0.002844909597585634,500,1.0,False,,13467,-0.2164768767999491,-0.21320847105447144
1278602,S1,S,0.34799,41.51216,0.207,0.9999,42.40633,0.709346,10.399,0.0005352161346812207,-0.0030037590118158243,-0.0018312911286196005,-0.001172467883196224,0.0010182743892801862,0.00662153977000958,0.32500000000000007,0.003538975146497045,0.002856744675622063,500,1.0,False,0.04948849768915199,13467,0.18901772724269528,0.19228613298817293
1314554,S1,S,0.35159,41.29629,0.1925,1.0,43.579079,0.298043,10.829,0.0004717876922816628,-0.003127880635732011,-0.0019102476641439277,-0.001217632971588083,0.0026358594815270955,0.006890455515866818,0.3750000000000001,0.003599668328013674,0.0028954776582867385,500,1.0,False,,13467,-0.027037981296577196,-0.049425253221258195
1276546,S2,S,0.35329,41.53772,0.1435,0.99999,41.615765,-0.296089,8.814,0.011483915794781701,0.007855586797718509,0.008137752305362126,-0.0002821655076436177,0.007510705152974897,-0.017147310416438633,0.3750000000000001,0.003628328997063193,0.0029137682334339464,500,1.0,False,0.3242542248889743,13467,0.2022742667466232,0.1798869948219422
1255312,S1,S,0.35561,41.29741,0.1358,1.0,42.451927,0.592815,10.577,0.00029281428186049845,-0.0033746280988467435,-0.002107726528340481,-0.0012669015705062622,0.0023489744893724915,0.007432328775004325,0.3750000000000001,0.003667442380707242,0.00293872948892896,500,1.0,False,,13467,-0.054485991907232356,-0.07687326383191335
1334423,S1,S,0.35791,41.40865,0.1746,1.0,42.2136,-0.152085,9.32,0.008999006741696253,0.005292788161686719,-0.0008458447632932623,0.006138632924979983,0.0112217346438868,-0.011587772286944398,0.3750000000000001,0.003706218580009534,0.0029634755611869473,500,1.0,False,,13467,0.04054346540965803,0.018156193484977032
1450026,S1,S,0.35831,41.59729,0.1189,0.99999,43.393665,0.151315,10.617,0.00022633233717481486,-0.0034866299296699,-0.0021681892008138374,-0.0013184407288560622,0.0020867222251289646,0.007678460877583162,0.3750000000000001,0.003712962266844715,0.002967779225927467,500,1.0,False,,13467,0.22637410242389244,0.20398683049921146
1250357,S2,S,0.35843,41.54725,0.1389,1.0,41.880802,-0.616166,10.721,0.004828117435924699,0.0011131320630294295,-0.00045356351326715245,0.0015666955762965824,0.00821309916884312,-0.0023986917108583163,0.3750000000000001,0.0037149853728952694,0.002969070325349623,500,1.0,False,0.34530303364913906,13467,0.17549186047016285,0.15310458854548187
1302915,S2,S,0.35921,41.38866,0.1287,0.99784,40.837334,-0.5739,10.263,0.0007382105295111153,-0.002989925032712756,-0.0017277286902340585,-0.0012621963424786972,0.001303361175719411,0.006602169612295143,0.3750000000000001,0.0037281355622238712,0.002977462471593636,500,1.0,False,,13467,0.011433651184179827,-0.010953620740501172
1318235,S2,S,0.36002,41.56068,0.148,0.99996,41.573505,-0.517679,9.84,0.01726511889342337,0.013523327365358256,0.010904717168357078,0.0026186101970011788,0.0033152982700582856,-0.029593126801334364,0.3750000000000001,0.0037417915280651137,0.002986177392693188,500,1.0,False,0.4830664254937427,13467,0.17778676528872517,0.15539949336404418
1848198,S2,S,0.36021,42.56591,232.3702,0.0,41.502369,-0.927938,9.339,0.001352718198292499,-0.002392276581019325,-0.0021296060257521864,-0.00026267055526713826,0.004876378931215806,0.0052826644771981675,0.3750000000000001,0.003744994779311824,0.0029882216334449346,500,1.0,False,0.0358694613331765,13467,1.1816892074464702,1.1593019355217893
1878334,S2,S,0.36044,41.42073,0.1924,0.99927,41.939243,-0.508523,10.539,0.0025606217791344296,-0.0011882506201076242,-0.0009080148889493941,-0.000280235731158229,0.002166771999837682,0.0026822049989423166,0.3750000000000001,0.003748872399242054,0.0029906962406707335,500,1.0,False,0.06958042986092736,13467,0.03490303211288215,0.01251576018820115
1294340,S2,S,0.36087,41.2245,0.1646,1.0,41.643574,-1.29558,9.867,0.010113110275040726,0.006356988412450852,0.007518494257729555,-0.0011615058452787025,0.003051688397804934,-0.01382098247089224,0.3750000000000001,0.0037561218625898735,0.0029953226802667925,500,1.0,False,,13467,-0.16432727007015024,-0.18671454199483123
1306378,S1,S,0.36101,41.55955,0.21,0.99947,43.7551,-0.032378,10.464,0.0005504558790823096,-0.003208026273899877,-0.0018802485206919975,-0.0013277777532078791,0.002888804401707008,0.00707109376862311,0.3750000000000001,0.0037584821529821864,0.0029968289629259738,500,0.975,False,0.26788194061762954,13467,0.1697466026244029,0.1473593306997219
1316701,S1,S,0.36115,41.55013,0.1856,0.99999,42.271244,-0.307056,9.562,0.0024799698991288576,-0.0012808725442456427,-0.0002393627531969561,-0.0010415097910486861,0.0075389181876817065,0.002835890563764357,0.3750000000000001,0.0037608424433745002,0.002998335245585156,500,1.0,False,3.67336443448514e-05,13467,0.15935082623849717,0.13696355431381618
1253406,S2,S,0.36131,41.43008,0.1709,0.99954,41.886307,-0.629948,10.216,0.003783705250615001,2.016533250642858e-05,-0.001619989550838108,0.0016401548833445375,0.010237567437337567,-5.028390535351951e-05,0.3750000000000001,0.0037635399181085724,0.0030000567114813635,500,1.0,False,,13467,0.03818608259075085,0.01579881066606985
1266015,S2,S,0.3616,41.50152,0.2473,0.99999,41.465855,-1.039325,10.672,0.00041016064223651323,-0.003358268448827565,-0.0021266431868273016,-0.0012316252620002634,0.0019498455590454165,0.007402484842926811,0.3750000000000001,0.0037684290910640784,0.0030031768684182403,500,1.0,False,,13467,0.10760677585389111,0.08521950392921011
1923415,S1,S,0.36161,41.28252,0.1967,0.99991,43.703831,-0.112512,9.269,0.0017456244602522108,-0.0020229732229827472,-0.0006777239414963467,-0.0013452492814863997,0.0032893205449540048,0.004493733628809376,0.3750000000000001,0.003768597683234958,0.0030032844600367528,500,1.0,False,0.2586570310147546,13467,-0.11146282862712985,-0.13385010055181085
1294014,S1,S,0.36271,40.9642,0.1549,0.98924,42.803818,-0.669014,9.235,0.0006446748906194873,-0.0031424679314122185,-0.002070584999014937,-0.0010718829323972806,0.003964428286482936,0.006923410088555033,0.3750000000000001,0.0037871428220317056,0.0030151195380731816,500,1.0,False,,13467,-0.4374284464847066,-0.45981571840938756
1703026,S2,S,0.3639,41.52774,0.166,0.99998,40.982227,-0.732841,10.031,0.005480770421219234,0.0016735651308528647,0.0013833380077173025,0.00029022712313556327,0.0018747574106192804,-0.003556641900144852,0.3750000000000001,0.0038072052903663695,0.0030279229406762276,500,1.0,False,0.00014663831659210937,13467,0.11786455907483451,0.09547728715015351
1318460,S2,S,0.36604,41.23154,0.1836,1.0,41.573906,-0.670686,8.727,0.016603286788470905,0.012760002773536318,-0.0019563723782509094,0.014716375151787229,0.010108518987784289,-0.028004826879809205,0.3750000000000001,0.003843284014934587,0.0030509475470380065,500,1.0,False,,13467,-0.19310344219737352,-0.2154907141220545
1258090,S2,S,0.36656,41.3954,0.1317,1.0,41.002499,-0.262216,10.14,0.0006972045940200596,-0.0031548462138002633,-0.00228083860056732,-0.0008740076132329425,0.0031183782421352097,0.0069587715492832065,0.3750000000000001,0.003852050807820323,0.0030565423112006826,500,1.0,False,0.08169418100924951,13467,-0.03281983427598767,-0.05520710620066867
1330828,S2,S,0.36705,41.49526,0.1186,1.0,40.827671,-0.145322,10.395,0.00027780003175288946,-0.0035825117924405308,-0.0022265136998275816,-0.0013559980926129483,0.0013070064038031605,0.007896443809231306,0.3750000000000001,0.00386031182419342,0.0030618143005078187,500,1.0,False,0.26849786035624157,13467,0.0636744075735961,0.041287135648915105
1431163,S2,S,0.36711,41.41436,0.1144,1.0,40.821049,-0.062293,10.742,0.00011209734622138646,-0.0037492260309973107,-0.0023680531767007627,-0.0013811728542965475,0.0013747375992639195,0.00825832246348489,0.3750000000000001,0.003861323377218697,0.003062459850218897,500,0.925,False,0.4780083533878034,13467,-0.017637439643213848,-0.04002471156789485
1294341,S2,S,0.36798,41.50983,0.1471,0.99998,41.784313,-1.216896,10.373,0.002976778034596516,-0.0008992128614886993,0.00029037571613587483,-0.0011895885776245728,0.008714866192448777,0.0019832367929320917,0.3750000000000001,0.0038759908960852153,0.0030718203210295266,500,1.0,False,,13467,0.07186778133648908,0.04948050941180808
1323600,S2,S,0.37044,41.56655,0.1445,1.0,41.010426,-1.832389,10.626,0.0008794632856759017,-0.0030380012844456773,-0.0017032550246065515,-0.001334746259839125,0.003938084392723313,0.006702265092627119,0.3750000000000001,0.003917464570121579,0.003098287859183722,500,1.0,False,,13467,0.11179237035315304,0.08940509842847204
1638030,S2,S,0.37136,41.43197,0.139,0.99964,41.714497,-1.3791,10.762,0.001108122160099926,-0.0028248528897425705,-0.0021954984832817295,-0.0006293544064608399,0.0047745155495270315,0.0062314989048484525,0.3750000000000001,0.0039329750498424965,0.0031081862880869174,500,1.0,False,,13467,-0.029042267401078514,-0.05142953932575951
1319539,S2,S,0.37176,41.39942,0.1455,1.0,41.114513,-1.589886,10.547,0.007506658469989361,0.0035669397333116847,-0.0016092038059310563,0.005176143539242742,0.013432437293114078,-0.007875106952231231,0.3750000000000001,0.003939718736677676,0.0031124899528274367,500,1.0,False,0.001049746311308098,13467,-0.06430719229993975,-0.08669446422462075
1511024,S2,S,0.37178,41.45703,0.2514,0.99337,40.833664,-0.306846,10.673,0.0007180588445676048,-0.003221997076451831,-0.0022034260487080676,-0.0010185710277437622,0.002376163325683366,0.007113120701056425,0.3750000000000001,0.003940055921019436,0.0031127051360644625,500,1.0,False,0.0010351514091180632,13467,-0.006832867390511477,-0.029220139315192475
1255412,S2,S,0.37202,41.67956,0.1474,1.0,41.13702,-1.565359,10.476,0.004337585119424125,0.00039348298630358103,-0.002021682557243873,0.002415165543547455,0.00946816412123168,-0.000846010624441158,0.3750000000000001,0.003944102133120544,0.0031152873349087743,500,1.0,False,0.0008600457719274929,13467,0.21406955950223072,0.19168228757754974
1255399,S2,S,0.38137,41.50847,0.1915,1.0,40.819855,-1.867571,10.741,0.002289725494744797,-0.0018196814153726144,-0.0003989485287443032,-0.0014207328866283108,0.00525715468163047,0.004046052474980641,0.3750000000000001,0.0041094069101174115,0.0032350755930157012,500,1.0,False,,13467,-0.019681504569956654,-0.04206877649463765
1620051,S2,S,0.38251,41.39445,0.2292,1.0,41.023678,-1.86658,11.058,0.0017293179530567947,-0.0024006813139656777,-0.001014686778612546,-0.0013859945353531314,0.005879187844516771,0.005305966958681205,0.3750000000000001,0.004129999267022472,0.0032507753716029325,500,1.0,False,,13467,-0.14124368941413656,-0.16363096133881755
1925122,S2,S,0.38274,41.77392,0.2424,0.99994,40.604763,-0.707202,9.736,0.0014205219611863322,-0.0027136319041590924,-0.0013946894965159193,-0.0013189424076431719,0.002654229763767233,0.006016535036569422,0.3750000000000001,0.0041341538653454244,0.0032539428707915852,500,1.0,False,0.2310340338747704,13467,0.23670717207680092,0.21431990015211994
1250275,S2,S,0.38323,41.3791,0.1708,1.0,41.6134,-1.613912,10.313,0.006304982802666849,0.002161977836546443,-0.00163233298243417,0.0037943108189806146,0.007338084080893871,-0.0046621619608909395,0.3750000000000001,0.004143004966120406,0.003260691021236974,500,1.0,False,,13467,-0.161346429060221,-0.183733700984902
1501075,S2,S,0.38373,41.23591,262.7785,0.0,41.564907,-1.428482,10.674,0.0024170996848355882,-0.0017349370167694935,-0.0024889349660692844,0.0007539979492997917,0.008364538122613242,0.003815176474423648,0.3750000000000001,0.004152036701605082,0.003267576889038391,500,1.0,False,,13467,-0.3078320672690368,-0.33021933919371776
1281886,S2,S,0.38393,41.46707,0.1815,1.0,41.725132,-1.009939,9.41,0.0015174246044722204,-0.0026382247913267313,-0.0013800714092909172,-0.0012581533820358133,0.006328473266411413,0.005807308034967928,0.3750000000000001,0.004155649395798952,0.003270331236158958,500,1.0,False,0.1737587883780249,13467,-0.07798920622571337,-0.10037647815039437
1336464,S2,S,0.38732,41.67321,0.1881,1.0,41.25584,-0.749388,10.428,0.0045812740223299155,0.00036438945994486226,0.0006138201946806953,-0.0002494307347358324,0.004237298623321313,-0.0006985509426178597,0.3750000000000001,0.004216884562385053,0.0033170174198525674,500,1.0,False,0.30099760689675054,13467,0.1059216786496392,0.0835344067249582
1847165,S2,S,0.38748,41.3551,0.1718,1.0,41.003368,-1.140696,8.884,0.0011245532883726204,-0.00309522142936753,-0.0016899123399624046,-0.0014053090894051246,0.004942228909206369,0.006828413020186557,0.3750000000000001,0.00421977471774015,0.0033192208975490215,500,1.0,False,0.21479228529420244,13467,-0.21323301207175838,-0.23562028399643936
1260058,S2,S,0.38948,41.14367,0.2208,0.6935,41.026253,-1.884692,9.899,0.0018205172133883196,-0.002435384446290533,-0.001013363561831413,-0.0014220208844591194,0.0026928876770988936,0.005410462036167563,0.3750000000000001,0.004255901659678853,0.0033467643687546903,500,1.0,False,,13467,-0.4376879486912032,-0.4600752206158842
1317783,S1,S,0.39436,41.55427,0.1824,1.0,43.108295,0.702503,9.043,0.0015535384117052482,-0.0027905129863040395,-0.0012282541265591757,-0.0015622588597448634,0.004105710554972973,0.00618159774405004,0.3750000000000001,0.004344051398009288,0.003413970438496524,500,1.0,False,,13467,-0.05860987809594753,-0.08099715002062853
1318304,S2,S,0.39764,41.37364,0.2229,0.99998,40.449535,-0.407788,9.624,0.0003229713892853742,-0.004080328193503388,-0.002463588482982389,-0.0016167397105209978,0.0015663370779930412,0.009003247621540164,0.3750000000000001,0.004403299582788762,0.0034591417312738225,500,1.0,False,0.13985003291262413,13467,-0.2602237037708236,-0.2826109756955046
1320367,S2,S,0.40109,42.44441,279.3887,0.0,41.410515,-0.268153,9.311,0.0008492024096186174,-0.0036164161480144075,-0.0023140241907844052,-0.0013023919572300023,0.0030754644347635463,0.007996944884153171,0.42500000000000016,0.004465618557633025,0.003506654219103602,500,1.0,False,,13467,0.7646586889326458,0.7662605191497038
1331513,S2,S,0.40572,41.79768,0.2168,0.99997,41.409466,-0.239806,9.871,0.001079719221038074,-0.003469533207183049,-0.002095658373754715,-0.001373874833428333,0.004177545212744116,0.007673372403499678,0.42500000000000016,0.004549252428221123,0.0035704173549447266,500,1.0,False,,13467,0.08881387274602026,0.09041570296307837
1847151,S2,S,0.40684,41.88516,0.2069,0.9955,41.519764,-0.939643,10.853,0.0022853809900040965,-0.0022841025257026993,-0.0014951296130275536,-0.0007889729126751451,0.010855057390653828,0.004999926462022273,0.42500000000000016,0.004569483515706796,0.0035858416988199015,500,1.0,False,0.0015353558329305361,13467,0.16929740428628726,0.17089923450334538
1312213,S1,S,0.40697,42.23683,0.2398,0.97972,42.488346,0.097317,10.201,0.016967317456932775,0.012395485689999965,0.004140065822805835,0.008255419867194129,0.02641491404501196,-0.027773763279237824,0.42500000000000016,0.004571831766932812,0.00358763202444827,500,1.0,False,0.35823791552058676,13467,0.5201564748956046,0.5217583051126626
1916207,S2,S,0.40841,41.73184,0.1671,1.0,41.08231,-1.461656,9.507,0.004133134911526551,-0.0004647082536021266,-0.0025227353143231065,0.0020580270607209804,0.0059824741675900284,0.0011150377234710445,0.42500000000000016,0.004597843165128678,0.0036074633237163523,500,1.0,False,,13467,0.00619995339634449,0.007801783613402599
1306390,S1,S,0.40911,41.94595,0.2241,0.99902,43.316399,-0.030026,10.406,0.000551604814661824,-0.0040588827801454,-0.0023594702195457273,-0.0016994125605996721,0.0017422360821355682,0.008971272742902386,0.42500000000000016,0.004610487594807224,0.003617103538638336,500,1.0,False,,13467,0.21596184544382602,0.21756367566088414
1300160,S2,S,0.40925,41.56159,0.1733,1.0,40.907776,-1.57528,10.758,0.0025706870125789976,-0.002042329468163936,-0.002504392574292322,0.0004620631061283862,0.010094322185598172,0.004487872870969986,0.42500000000000016,0.0046130164807429335,0.0036190315816227335,500,1.0,False,,13467,-0.16926694554098554,-0.16766511532392742
1307277,S2,S,0.41113,41.6509,0.2,1.0,41.738831,-0.235561,10.358,0.011679237579615708,0.007032261773450394,0.007785473072488908,-0.0007532112990385133,0.008100998979267658,-0.015328354918201087,0.42500000000000016,0.004646975806165314,0.003644922444556062,500,1.0,False,0.11804015221843486,13467,-0.0915968573828706,-0.0899950271658125
1430136,S1,S,0.41235,41.82979,0.1808,0.99987,41.931923,0.342752,9.942,0.010979840639192981,0.006310827398445058,0.008002262042506866,-0.0016914346440618066,0.011252958635613685,-0.013799145446040557,0.42500000000000016,0.004669013240747923,0.0036617239619915207,500,1.0,False,,13467,0.07976605064130105,0.08136788085835915
1315296,S2,S,0.41257,41.68001,0.2328,0.99886,40.301476,-0.764172,9.612,0.005272891208329413,0.0005999040039682321,-0.0008396487202525439,0.0014395527242207766,0.007185790657513157,-0.0012170673274080925,0.42500000000000016,0.004672987204361181,0.003664753743824145,500,1.0,False,,13467,-0.07136908802376063,-0.06976725780670252
1300025,S1,S,0.41357,41.65307,0.1778,1.0,41.858501,-0.131617,9.76,0.006182735648496203,0.0014916849731656714,0.0029804547641703203,-0.0014887697910046494,0.016691694559312648,-0.0033988842596724862,0.42500000000000016,0.0046910506753305315,0.003678525479426979,500,1.0,False,0.00256796621320488,13467,-0.10446034643085078,-0.10285851621379268
1282018,S2,S,0.42376,41.69933,0.153,0.99685,41.519337,-0.134944,10.716,0.004483508546754846,-0.00039160889775337934,0.0010373049855594446,-0.0014289138833128235,0.0026337114204230223,0.0009963331182234782,0.42500000000000016,0.004875117444508225,0.003818859465219866,500,1.0,False,,13467,-0.12010426153112796,-0.11850243131406986
1776329,S2,S,0.42445,41.57869,0.2269,0.99915,41.586479,-1.120427,9.028,0.003913655413805014,-0.0009739258256720625,0.0007761628376439945,-0.001750088663316057,0.0027885540943553186,0.0022658381517839856,0.42500000000000016,0.004887581239477076,0.0038283619627858213,500,1.0,False,0.19526834918740568,13467,-0.244885716164137,-0.2432838859470789
1312274,S1,S,0.4245,41.87683,0.1924,0.99999,42.610901,-0.361836,10.52,0.0024978109911165417,-0.002390673421909003,-0.0006106730063646006,-0.001780000415544402,0.002420544970684726,0.005354292225005207,0.42500000000000016,0.0048884844130255446,0.003829050549565963,500,1.0,False,,13467,0.05295442216075663,0.05455625237781474
1258940,S1,S,0.42593,41.84724,0.1269,1.0,42.715176,-0.524297,10.845,0.003204790321147646,-0.0017090018404804087,5.057839224835133e-05,-0.00175958023272876,0.006677974416774829,0.0038282072770660846,0.42500000000000016,0.004913792161628055,0.003848142055169214,500,1.0,False,,13467,0.01480227487296026,0.01640410509001837
1264106,S1,S,0.42749,41.55512,0.996,0.0205,42.870354,-0.602009,10.34,0.023357509537644903,0.018416415676593384,0.00847592990979333,0.009940485766800053,0.008255795866021098,-0.040490951722962694,0.42500000000000016,0.004941093861051521,0.003868616028256161,500,1.0,False,0.18353193367379103,13467,-0.28662776002972656,-0.28502592981266844
1304456,S2,S,0.42989,41.69169,0.1078,0.9999,41.531326,-1.074893,10.663,0.001519750219469227,-0.0034633462560799324,-0.0017196916892136022,-0.0017436545668663304,0.004141351659619185,0.007681211977929218,0.42500000000000016,0.004983096475549159,0.0039001144483899255,500,1.0,False,,13467,-0.1643192597510349,-0.16271742953397678
1251390,S2,S,0.43398,41.79445,0.1284,0.99932,40.859383,-1.746865,10.49,0.006614887927417755,0.001560211996328869,0.0027362697394343865,-0.001176057743105518,0.007528847846206012,-0.0033156977441737567,0.42500000000000016,0.005054675931088886,0.003953793006034549,500,1.0,False,,13467,-0.08569312481884162,-0.08409129460178351
1559178,S1,S,0.4355,42.48549,0.5374,0.4874,42.992477,0.206628,10.733,0.0015115583705790942,-0.0035697192163582974,-0.0019616806427002085,-0.001608038573658089,0.004592139354469718,0.007912287435902884,0.42500000000000016,0.005081277586937391,0.003973742005452601,500,1.0,False,,13467,0.5964318202758861,0.5980336504929442
1333246,S2,S,0.43774,41.96413,0.2175,0.99983,41.383808,-0.061386,10.799,0.0009812315475192061,-0.004139248479615982,-0.0023693407300915213,-0.0017699077495244614,0.005123586235199408,0.009146701403947808,0.42500000000000016,0.005120480027135188,0.004003140530910781,500,1.0,False,,13467,0.06198658513322364,0.06358841535028174
1306423,S1,S,0.44638,41.87444,0.2136,0.9887,43.187901,-0.886201,9.848,0.008321511119684991,0.003049821680358302,-0.0017893886481689662,0.004839210328527268,0.014452755588767454,-0.0067550010312527956,0.42500000000000016,0.005271689439326689,0.004116534843392333,500,1.0,False,0.019137432763174256,13467,-0.07759678054684394,-0.07599495032978583
1335756,S1,S,0.44933,42.34252,0.2037,0.99981,42.006844,-0.300534,10.454,0.0034646235414446083,-0.001858694111535429,-0.00024484363760336313,-0.001613850473932066,0.010225776354985474,0.004107152429709021,0.42500000000000016,0.005323317652980037,0.004155251651473419,500,1.0,False,,13467,0.37365408243425413,0.37525591265131225
1249371,S2,S,0.45085,42.24385,0.2742,0.99971,41.362904,-0.253585,10.684,0.0011128361797295113,-0.004237083129099029,-0.002887844530344421,-0.0013492385987546084,0.00050574530958167,0.009403978735907323,0.4750000000000001,0.005349919308828541,0.004175200650891469,500,1.0,False,,13467,0.2505213093883911,0.267954853215642
1251381,S2,S,0.45305,42.5177,0.3427,0.99916,41.070629,-0.842338,10.81,0.004347236787423695,-0.001041184918027684,-0.00025119735461291226,-0.0007899875634147712,0.008872624002477026,0.0023691522873951192,0.4750000000000001,0.005388421705451379,0.0042040742026807545,500,1.0,False,,13467,0.5119269871884471,0.5293605310156979
1776304,S2,S,0.4541,41.84927,0.2052,0.99991,40.803791,-1.508157,9.499,0.002236195664530949,-0.0031706021847631464,-0.0014287787991377645,-0.0017418233856253814,0.001963293381123826,0.007083767777334367,0.4750000000000001,0.005406797849294096,0.004217854761489276,500,1.0,False,,13467,-0.16242246624021406,-0.14498892241296318
1878719,S1,S,0.45753,42.31237,0.1346,1.0,43.562275,0.202752,10.586,0.002621461969048957,-0.002845364616798014,-0.0029155932839315234,7.022866713350933e-05,0.008861189606809011,0.006315154606894128,0.4750000000000001,0.005466826585846971,0.0042628712535971135,500,1.0,False,,13467,0.28142935515343637,0.29886289898068724
1260030,S2,S,0.45811,41.95029,0.1333,1.0,41.496143,-0.086169,10.411,0.0019312096839143441,-0.0035457675337695563,-0.001720873840155901,-0.0018248936936136554,0.0023113989565410826,0.00790449500932527,0.4750000000000001,0.0054769772176839005,0.004270483371796108,500,1.0,False,0.38268031904314487,13467,-0.08389210684464943,-0.06645856301739857
1258061,S2,S,0.45831,42.11684,0.1687,0.99999,40.701328,-1.083231,10.841,0.00559443016290247,0.00011395272734376644,0.0004882486916229136,-0.0003742959642791463,0.010785510070384932,-0.000184911587415933,0.4750000000000001,0.005480477435558704,0.004273108240140587,500,1.0,False,,13467,0.08154103668711499,0.09897458051436585
1301332,S2,S,0.46754,42.17763,0.1619,1.0,41.27103,-1.558635,10.682,0.001587987510185945,-0.00405402498029493,-0.0022118518714555196,-0.0018421731088394096,0.009556929535442104,0.008927318182944266,0.4750000000000001,0.005642012490480875,0.0043942459142383575,500,1.0,False,,13467,0.09127741873591488,0.10871096256316574
1336558,S1,S,0.4676,42.05273,0.1798,0.99995,42.511368,0.133304,10.844,0.017623120916683898,0.011980058360840581,0.010311474892050202,0.0016685834687903815,0.005384057874978777,-0.026164253184025488,0.4750000000000001,0.005643062555843316,0.004395033374741702,500,1.0,False,0.06643499591169258,13467,-0.033951364102398296,-0.016517820275147435
1255426,S2,S,0.46781,42.65964,0.3255,0.6089,41.911106,-1.289043,9.683,0.002595950806828208,-0.0030507869777836507,-0.002734798055615003,-0.00031598892216864777,0.0032314095285240997,0.006829981098606574,0.4750000000000001,0.005646737784611859,0.004397789486503406,500,1.0,False,,13467,0.5718082065921111,0.5892417504193619
1294137,S1,S,0.47085,41.85041,0.2885,1.0,42.648602,0.937959,9.178,0.008498868859631825,0.0027989277633229583,-0.0014236461202379348,0.004222573883560893,0.013062425496678812,-0.006111164947475871,0.4750000000000001,0.005699941096308867,0.004437687485339507,500,1.0,False,,13467,-0.2540217400558247,-0.2365881962285738
1882097,S2,S,0.47992,42.59903,0.2479,0.93493,41.389545,-1.427272,9.903,0.017291133066677337,0.011440021084093322,0.01210911644408209,-0.000669095359988769,0.01106307702720104,-0.025081130473054644,0.4750000000000001,0.005851111982584015,0.004552988363673522,500,1.0,False,,13467,0.44566077251419656,0.46309431634144743
1387101,S2,S,0.48092,42.00385,0.1348,1.0,41.601402,-1.225225,9.393,0.0016964704711096375,-0.004170605203623358,-0.0025323644139343864,-0.0016382407896889718,0.007556078035479329,0.009224031723953433,0.4750000000000001,0.005867075674732995,0.004565353172654426,500,1.0,False,,13467,-0.15486166237551502,-0.13742811854826414
1296963,S1,S,0.48813,42.19861,0.1469,0.99998,43.11441,-0.456132,10.846,0.0009871473015544763,-0.004995026593572661,-0.0033429155913332785,-0.0016521110022393827,0.0022746961254286064,0.01108379512651283,0.4750000000000001,0.005982173895127138,0.004654503445406742,500,1.0,False,,13467,0.001684511820664758,0.01911805564791562
1298266,S2,S,0.4893,42.23885,0.2566,0.99997,41.767735,-1.058614,9.955,0.008219154759233089,0.002218303344291645,0.0043064641567719004,-0.002088160812480255,0.014842004497121697,-0.0048955060267788925,0.4750000000000001,0.006000851414941444,0.004668970271914399,500,1.0,False,,13467,0.03577330616108454,0.0532068499883354
1310182,S2,S,0.49611,42.02496,0.1428,1.0,41.571735,-0.728048,9.876,0.007962979412628456,0.0018534152541524618,-0.0026352619420497454,0.004488677196202207,0.008286094501629128,-0.003930216132796292,0.4750000000000001,0.006109564158475994,0.004753174621074353,500,1.0,False,,13467,-0.21364848796632274,-0.19621494413907187
1880429,S2,S,0.49707,41.97907,0.2554,0.97799,41.663658,-1.37747,9.905,0.0028959377122119764,-0.0032289515907270383,-0.0029377379301421527,-0.00029121366058488477,0.0090899118154935,0.007145213791925028,0.4750000000000001,0.006124889302939015,0.0047650448376960215,500,1.0,False,,13467,-0.264510548852938,-0.24707700502568714
1266634,S1,S,0.4982,42.3334,0.2311,0.99999,42.45282,-0.702164,9.514,0.0017974344657669893,-0.004345493809300372,-0.0021512982564976064,-0.0021941955528027653,0.0030296188093697296,0.00968065503943353,0.4750000000000001,0.006142928275067362,0.004779017071844442,500,1.0,False,,13467,0.0839784496879703,0.10141199351522116
1389074,S1,S,0.50285,42.23163,0.1639,1.0,43.083439,-0.911041,9.701,0.0025560739647943267,-0.0036610854787657897,-0.0015281987991930734,-0.0021328866795727154,0.002869129967333625,0.008197948873194107,0.5250000000000001,0.0062171594435601165,0.004836513433605644,500,1.0,False,0.16039524902684898,13467,-0.018700622435913333,-0.02426389605294306
1281879,S2,S,0.50547,42.22901,0.195,0.99999,41.396854,-1.216815,10.645,0.006447559641511919,0.00018857532452147639,0.0023662955076146986,-0.0021777201830932204,0.01042239056690545,-0.0002942505424652648,0.5250000000000001,0.006258984316990443,0.004868909233135612,500,1.0,False,,13467,-0.03469895067234133,-0.040262224289371054
1847148,S2,S,0.50631,42.39994,0.3114,0.92118,41.761417,-1.378073,10.801,0.007255614468187396,0.0009832206497918097,0.0021768311712145414,-0.0011936105214227304,0.014361075666216706,-0.002135250853798662,0.5250000000000001,0.006272393818395586,0.004879295672679571,500,1.0,False,,13467,0.1319555939342881,0.1263923203172584
1323988,S1,S,0.50816,42.17286,0.1855,1.0,42.450737,-0.242467,10.955,0.006513792453558003,0.00021186580468680622,0.001676936562383627,-0.0014650707576968204,0.00369466486921566,-0.00025233275512171784,0.5250000000000001,0.006301926648871197,0.004902170569294242,500,1.0,False,,13467,-0.10451714859678232,-0.11008042221381205
1889090,S2,S,0.5129,42.25625,0.1399,1.0,41.393497,-1.192115,8.549,0.0022101334052008993,-0.004167461144456462,-0.0020741526748048575,-0.002093308469651603,0.005265389964421322,0.009290674338183518,0.5250000000000001,0.006377594549657362,0.004960779763863727,500,1.0,False,,13467,-0.045047099665536466,-0.05061037328256619
1320762,S1,S,0.51339,42.2514,0.1986,0.99999,43.319134,-0.271015,9.235,0.007622046350643537,0.0012366295918331757,0.003615461487873793,-0.0023788318960406155,0.01115909014486525,-0.002604424101865486,0.5250000000000001,0.006385416758810361,0.004966838520264369,500,1.0,False,,13467,-0.052357981211427346,-0.05792125482845707
1338430,S2,S,0.51717,42.13699,0.0953,1.0,40.639675,-1.254915,10.981,0.00094895179146131,-0.0054968077236721945,-0.0031475935437805004,-0.0023492141798916923,0.005241001008440528,0.012185691512757616,0.5250000000000001,0.006445759515133504,0.005013577498212186,500,1.0,False,,13467,-0.1856780719861443,-0.19124134560317402
1304501,S2,S,0.51882,42.53775,0.2549,0.99888,41.909885,-1.271615,9.429,0.003617415132553857,-0.0028546844746254623,-0.0022247530585869034,-0.0006299314160385576,0.007497893311839575,0.006406787600917679,0.5250000000000001,0.006472099607179319,0.0050339794330306765,500,1.0,False,,13467,0.20686822364585042,0.2013049500288207
1385187,S1,S,0.52212,42.3184,0.1739,0.99685,43.14003,-0.089605,9.217,0.009232980991975111,0.0027082012007041585,0.0043522570313117,-0.00164405583060754,0.0018697213907871498,-0.005693166293059038,0.5250000000000001,0.006524779791270953,0.005074783302667659,500,1.0,False,,13467,-0.028835761829830192,-0.03439903544685992
1329795,S1,S,0.52558,42.43147,0.1519,0.99974,41.792274,-0.012676,10.783,0.0016224858283081587,-0.004957181024609879,-0.0033005814472423906,-0.0016565995773674862,0.004805675471083366,0.01102489364832629,0.5250000000000001,0.006579666852918038,0.005116302886183566,500,1.0,False,,13467,0.06719140461962256,0.06162813100259283
1645195,S2,S,0.5258,42.40356,0.1332,1.0,41.267941,-1.604547,10.322,0.003185637086189446,-0.003397410039516116,-0.001341180016472846,-0.0020562300230432687,0.008202563476513146,0.0075809922489798644,0.5250000000000001,0.006583047125705562,0.005118544205844254,500,1.0,False,,13467,0.038201328480434865,0.03263805486340514
1334742,S1,S,0.52809,42.46907,0.3578,0.99997,42.384853,0.69974,10.49,0.005406574205036302,-0.0012116584874121436,-0.0021184538804948022,0.0009067953930826608,0.01153622652335177,0.002740061186061923,0.5250000000000001,0.006618232692448446,0.005141874305948685,500,1.0,False,0.07420374454384228,13467,0.09249389909366998,0.08693062547664025
1338471,S2,S,0.53116,42.63427,0.1869,1.0,41.291859,-1.564883,10.267,0.00958611361145747,0.0029207107487467295,0.005125604753187832,-0.002204894004441101,0.007039580971353785,-0.006203264767971431,0.5250000000000001,0.0066654028627107405,0.005173150903031919,500,1.0,False,,13467,0.2427272987747334,0.23716402515770368
1259771,S1,S,0.53232,42.34927,0.1653,0.99999,42.351242,-0.748025,9.192,0.014356791627717526,0.0076735655084907385,0.008764434405670898,-0.0010908688971801575,0.024900333259678997,-0.017293581067874823,0.5250000000000001,0.006683226119226788,0.005184968770333726,500,1.0,False,,13467,-0.04790664382454493,-0.05346991744157466
1264049,S1,S,0.54397,42.2202,0.1396,0.99992,42.421829,0.269423,9.291,0.018605612326187536,0.01174338539798494,0.013770714326990943,-0.0020273289290060033,0.01825098980816813,-0.02596405272151964,0.5250000000000001,0.006862226928202595,0.005303656834183781,500,1.0,False,,13467,-0.2329263361889086,-0.2384896098059383
1260000,S2,S,0.5506,42.72227,0.1714,1.0,41.899643,-1.376315,9.819,0.009422522423039426,0.0024584263649218415,0.004347689979543011,-0.0018892636146211697,0.004536434998796284,-0.005142501995382154,0.5750000000000002,0.006964096058117584,0.005371202058503598,500,1.0,False,,13467,0.2336378826481488,0.23224174118426816
1249395,S2,S,0.55513,42.57116,0.1529,1.0,41.47578,-1.550256,10.536,0.0034232859411078673,-0.0036104130066801385,-0.0019875982841434043,-0.0016228147225367338,0.005029555995819728,0.00812590807749204,0.5750000000000002,0.007033698947788006,0.0054173528678804865,500,1.0,False,,13467,0.061319568036320014,0.05992342657243936
1256505,S2,S,0.55626,42.42574,0.1265,1.0,41.995544,-0.642217,10.348,0.01125270672844789,0.004201645470433045,0.002778543263665993,0.0014231022067670534,0.0035594868795741632,-0.00895178792313071,0.5750000000000002,0.007051061258014845,0.005428865100683111,500,1.0,False,,13467,-0.08936534855972177,-0.09076149002360241
1252751,S2,S,0.56059,42.47726,0.1276,1.0,41.392708,-1.509696,10.547,0.008685397608462738,0.0015678064360388584,0.0034782892827889857,-0.0019104828467501266,0.004267417344771497,-0.0031767823838118985,0.5750000000000002,0.007117591172423879,0.005472978346732101,500,1.0,False,,13467,-0.05792671593349517,-0.05932285739737582
1289555,S2,S,0.56173,42.34449,0.1398,0.99998,40.733109,-1.392939,9.058,0.00048408000209816465,-0.00665102712931562,-0.004042726632522247,-0.0026083004967933743,0.004054447956709292,0.014755325536628242,0.5750000000000002,0.007135107131413785,0.005484592457701118,500,1.0,False,,13467,-0.1959593661510984,-0.19735550761497905
1644163,S2,S,0.56202,42.85635,0.186,1.0,41.037376,-1.175479,10.705,0.009679227092466705,0.0025396641469239067,0.005101086145579815,-0.002561421998655907,0.002039320556524736,-0.005290772001799733,0.5750000000000002,0.007139562945542798,0.005487546924526571,500,1.0,False,,13467,0.31456349915063936,0.3131673576867587
1330903,S2,S,0.56429,42.70695,0.1447,1.0,41.116756,-0.645161,10.376,0.00673864795168481,-0.00043579326307473156,0.0009321156760787415,-0.0013679089391534737,0.015529237635773463,0.0009785030174275285,0.5750000000000002,0.007174441214759542,0.005510673268298212,500,1.0,False,,13467,0.1547194252465355,0.15332328378265486
1264077,S1,S,0.56459,42.82499,0.2096,0.9985,41.938271,-0.0557,10.103,0.0011408820518982133,-0.006038168625753412,-0.003583652298404614,-0.0024545163273487973,0.00485351037828473,0.013420654769298976,0.5750000000000002,0.007179050677651625,0.0055137296132900596,500,1.0,False,,13467,0.27138212198562667,0.269985980521746
1251436,S2,S,0.57349,42.63064,0.2018,0.99256,41.620773,-0.26299,10.281,0.02373081510405203,0.01641501702726867,0.017304233820753454,-0.0008892167934847809,0.011578881887363252,-0.036074545148860354,0.5750000000000002,0.007315798076783359,0.0056044011813815185,500,1.0,False,0.13893319944836,13467,0.036483648281164925,0.03508750681728427
1320278,S2,S,0.57508,42.48339,0.1944,0.99998,41.94175,-0.525902,10.978,0.01714884969090541,0.009808557525228162,0.0025355696749897443,0.0072729878502384195,0.03547342713243262,-0.022692838371957524,0.5750000000000002,0.007340292165677247,0.005620615896159407,500,1.0,False,0.003123650862178381,13467,-0.11794769675065929,-0.11934383821453994
1777216,S1,S,0.57626,42.41191,0.222,0.99964,42.56081,0.232859,10.93,0.005465478047438944,-0.001893887721876925,0.0004827259681951081,-0.0023766136900720334,0.006669257560629524,0.004378122964376414,0.5750000000000002,0.0073593657693158685,0.005632874793030238,500,1.0,False,,13467,-0.19474511600708885,-0.1961412574709695
1253243,S1,S,0.57729,42.65652,0.2032,0.99961,42.204437,-0.523711,10.651,0.021817587214751966,0.014441572452429502,0.016864142757852432,-0.0024225703054229337,0.02937026157813285,-0.03252644607625309,0.5750000000000002,0.007376014762322464,0.005643575355553083,500,1.0,False,,13467,0.04523182211822765,0.043835680654346995
1320447,S2,S,0.57892,42.61,0.1607,0.99999,40.854698,-0.381899,11.026,0.002592209489366193,-0.004810152708490981,-0.002952670545019709,-0.0018574821634712723,0.0011965870860276362,0.010786733969432069,0.5750000000000002,0.007402362197857173,0.005660509255467876,500,1.0,False,,13467,-0.008604150397208835,-0.010000291861089486
1847028,S2,S,0.58021,42.52612,0.3153,0.99255,40.804592,-0.200691,10.599,0.0013476809260380249,-0.006075532923254592,-0.003779952731526111,-0.0022955801917284827,0.007894205599351927,0.013472445534672204,0.5750000000000002,0.007423213849292618,0.005673910930860566,500,1.0,False,,13467,-0.09826028528943219,-0.09965642675331284
1252810,S2,S,0.58026,42.6384,0.1458,0.99995,41.87859,-1.60141,10.917,0.01363716385779348,0.006213141804956852,0.0025534063134340134,0.0036597354915228384,0.0021049450281339674,-0.013348995339511789,0.5750000000000002,0.007424022052836627,0.005674430375643228,500,1.0,False,,13467,0.013796078301079226,0.012399936837198575
1255382,S2,S,0.58055,42.52955,0.1641,0.99999,41.216606,-0.965962,9.46,0.0027666964825155136,-0.004662013150876368,-0.0021564943057029544,-0.0025055188451734156,0.006629514351456388,0.010418237053880206,0.5750000000000002,0.007428709633391882,0.00567744315538267,500,1.0,False,,13467,-0.09635065326848512,-0.09774679473236576
1304652,S2,S,0.58126,42.64917,0.1477,1.0,42.093658,-1.062329,9.496,0.014825848035464937,0.0073856619117481205,0.008720109703303565,-0.0013344477915554452,0.010042523204073646,-0.016039302690835214,0.5750000000000002,0.007440186123716817,0.005684819271296476,500,1.0,False,,13467,0.020097176646518243,0.01870103518263759
1487055,S1,S,0.58196,42.8498,0.2149,0.99857,43.07365,0.784619,10.523,0.010760631819220533,0.0033091308458875843,0.005959929052324736,-0.0026507982064371523,0.006956488259659568,-0.0070202491062976505,0.5750000000000002,0.007451500973332949,0.005692091498253749,500,1.0,False,,13467,0.21760327404403293,0.21620713258015228
1315191,S1,S,0.58357,42.71024,0.1477,1.0,42.135784,0.28228,10.53,0.0026104861287183792,-0.004867038998731675,-0.002160666626078806,-0.0027063723726528707,0.004962117991760596,0.010890902211507977,0.5750000000000002,0.0074775251274500545,0.005708817620255478,500,1.0,False,,13467,0.07087177788982281,0.06947563642594216
1338485,S2,S,0.58466,42.73675,0.1373,0.99998,41.080235,-1.517591,9.584,0.011787746681009658,0.004292602716300199,-0.0025793360931425486,0.006871938809442747,0.017345612352002077,-0.009456235266973517,0.5750000000000002,0.007495143964709459,0.005720141516517516,500,1.0,False,,13467,0.09253716928194201,0.09114102781806137
1265990,S2,S,0.58574,42.60893,0.2047,0.99982,41.155499,-0.642069,10.154,0.009958058883066126,0.00244545772180606,0.004305189399985292,-0.0018597316781792336,0.00249199506527773,-0.005070774044378189,0.5750000000000002,0.007512601161260066,0.005731361523823025,500,1.0,False,,13467,-0.04007456433296617,-0.04147070579684682
1848092,S1,S,0.5877,42.70658,0.152,0.99996,42.449505,0.131547,10.461,0.0340092815097122,0.026464998769526963,-0.0015486118470242685,0.02801361061655123,0.02768903732216069,-0.05932909639542022,0.5750000000000002,0.007544282740185236,0.0057517237593033895,500,1.0,False,0.2530704793096933,13467,0.0489006620426077,0.04750452057872705
1333576,S2,S,0.58893,42.58421,0.2949,0.9979,40.547623,-0.998918,10.839,0.002921165390816968,-0.004642999156550899,-0.0028130337251576574,-0.0018299654313932421,0.00655994499640358,0.010382388912691167,0.5750000000000002,0.007564164547367867,0.005764502100956882,500,1.0,False,,13467,-0.07889921518765185,-0.08029535665153249
1879187,S1,S,0.59157,42.73633,0.1998,0.99606,42.427513,0.452587,10.858,0.004617337328198981,-0.002989500366292589,-0.0003441407021549485,-0.002645359664137641,0.0036308240453402276,0.006818270736054557,0.5750000000000002,0.00760683769449157,0.005791928785481458,500,1.0,False,0.013150536891245753,13467,0.06160260587840818,0.060206464414527525
1625059,S1,S,0.59279,42.88319,0.186,1.0,43.113106,-0.755321,10.472,0.004490692606868789,-0.0031358652540966116,-0.001608515305328408,-0.0015273499487682045,0.00683419321631357,0.007097490856522701,0.5750000000000002,0.0076265578609654005,0.00580460323817842,500,1.0,False,,13467,0.2031101907169154,0.20171404925303477
1392367,S1,S,0.59349,43.05236,0.2242,0.99989,42.445004,0.437723,10.332,0.0025685842617596054,-0.005069288448821926,-0.0023466611263471223,-0.002722627322474804,0.008195887333132033,0.01128952960307514,0.5750000000000002,0.0076378727105815315,0.0058118754651356914,500,1.0,False,0.011929789330337863,13467,0.36921384526751194,0.36781770380363127
1264083,S1,S,0.5939,42.73246,0.1523,1.0,43.197273,0.039387,9.375,0.002788347453876749,-0.004856152525765661,-0.0020755456444570175,-0.002780606881308643,0.00749786974990777,0.010838448087620682,0.5750000000000002,0.00764449997964241,0.005816134912353523,500,1.0,False,,13467,0.04751943470935296,0.046123293245472305
1320843,S1,S,0.60874,42.88274,0.1955,0.99988,42.314713,0.360608,9.375,0.0014305185040063677,-0.006453856287498051,-0.003892325532707577,-0.0025615307547904743,0.003219539439920332,0.014388004902192978,0.6250000000000002,0.007884374791504419,0.005970306123847715,500,1.0,False,,13467,0.10334617268254782,0.1322328375809792
1340132,S1,S,0.60943,42.75672,0.2018,0.99899,43.711838,-0.224839,10.482,0.003069060283421376,-0.004826467716990375,-0.0018836154614847605,-0.002942852255505614,0.002844013038053706,0.010849477501222045,0.6250000000000002,0.007895528000411751,0.005977474461848455,500,1.0,False,,13467,-0.02562124208898248,0.0032654228094489007
1298246,S1,S,0.60946,42.58711,0.1502,0.96805,43.304451,-0.460674,10.701,0.002038924890776671,-0.005857088031761484,-0.0029257370989197507,-0.0029313509328417345,0.006742171538161459,0.013054261798124675,0.6250000000000002,0.007896012922538154,0.005977786128718052,500,1.0,False,,13467,-0.19535931865574135,-0.16647265375730996
1301397,S2,S,0.60955,43.02617,0.1745,0.9999,40.252357,-1.020248,10.468,0.004364622827528351,-0.003532844861389022,-0.0039579780409837485,0.0004251331795947265,0.008960095830015847,0.007951109796974961,0.6250000000000002,0.007897467688917373,0.005978721129326846,500,1.0,False,,13467,0.2433164875647747,0.2722031524632061
1936215,S1,S,0.61011,42.72967,0.1579,1.0,43.189423,0.600162,9.252,0.0032797021795493934,-0.004626817389060886,-0.0017472322668163113,-0.0028795851222445747,0.00296440230816874,0.010416049190708026,0.6250000000000002,0.00790651956861028,0.005984538910892664,500,1.0,False,,13467,-0.0555728416891072,-0.026686176790675822
1443078,S2,S,0.61096,43.1088,0.1828,0.99987,40.987503,-1.377993,10.564,0.003310276754373544,-0.004609982274484895,-0.0019315963461131844,-0.0026783859283717104,0.005311649451675129,0.010362242056208514,0.6250000000000002,0.007920259028858439,0.005993369472197924,500,1.0,False,,13467,0.3199344751275162,0.3488211400259476
1332008,S2,S,0.61156,43.01242,0.2138,0.99619,41.853065,-1.547628,10.563,0.010537830088294021,0.0026078726169074685,-0.0013709096837391812,0.00397878230064665,0.026486326071237146,-0.00614037146222466,0.6250000000000002,0.007929957471386553,0.005999602809589872,500,1.0,False,,13467,0.22100016818972384,0.24988683308815524
1338649,S1,S,0.61327,43.07674,0.1973,0.99831,42.165512,-0.421748,10.422,0.002889100903787164,-0.005068497128804512,-0.0032869146110347447,-0.0017815825177697681,0.003952682603389706,0.0113726138668334,0.6250000000000002,0.007957598032591676,0.006017367821156926,500,1.0,False,,13467,0.2780534327107474,0.3069400976091788
1257905,S1,S,0.61393,42.74788,0.1512,0.99999,42.168121,-0.618227,8.053,0.0024262819793280425,-0.005541984340044558,-0.0030402355119425006,-0.0025017488281020585,0.0026008152839432125,0.012414252773535433,0.6250000000000002,0.007968266319372601,0.006024224492288068,500,1.0,False,,13467,-0.05360612445761043,-0.02471945955917905
1305219,S1,S,0.61633,42.99796,0.1637,0.99987,42.504574,0.052446,10.22,0.007680482689900368,-0.000326577399584688,-0.0014377703485399154,0.0011111929489552265,0.01048190746349513,0.0009211115621466127,0.6250000000000002,0.008007060089485056,0.006049157841855864,500,1.0,False,0.13838139488842002,13467,0.18631771916196832,0.2152043840603997
1300084,S1,S,0.61843,43.07014,0.2492,0.99989,42.631222,0.603794,9.96,0.0007851275674316192,-0.007255877070901836,-0.00437430543031821,-0.002881571640583625,0.0034025964544829794,0.01614189151393803,0.6250000000000002,0.008041004638333455,0.006070974522727682,500,1.0,False,,13467,0.24964186876075295,0.27852853365918434
1579110,S2,S,0.62217,43.00674,0.1841,0.99999,40.968414,-0.866982,11.257,0.007986030768495548,-0.00011542749492981369,-0.0013067108138571123,0.0011912833189272986,0.011446286358173156,0.0004408025463625738,0.6250000000000002,0.008101458263425362,0.006109828992470828,500,1.0,False,,13467,0.17054058452075643,0.19942724941918782
1258118,S2,S,0.62518,42.89584,0.1637,0.99996,40.812962,-1.437297,9.822,0.007099932233754598,-0.00105047537013087,0.0015782169335379218,-0.002628692303668793,0.009613022594549181,0.0025311569062390106,0.6250000000000002,0.008150407603885468,0.0061402655136391674,500,1.0,False,,13467,0.047069044938260085,0.07595570983669146
1302901,S2,S,0.62618,43.1766,0.185,0.99395,41.108398,-1.40575,10.872,0.014525468728272452,0.006357255458447139,-0.0007885704862951393,0.007145825944742278,0.02657595418398553,-0.014421368214746308,0.6250000000000002,0.008168213269825314,0.0061460207718038815,500,1.0,False,0.03946672570072188,13467,0.3236651936804463,0.35255185857887766
1392329,S2,S,0.62654,42.87127,0.141,0.99887,40.743046,-1.129224,9.624,0.003777970447869327,-0.004396652861694333,-0.0035128942618600396,-0.0008837585998342935,0.011064383733505236,0.009806213163966866,0.6250000000000002,0.00817462330956366,0.006148092664743179,500,1.0,False,,13467,0.0168377559021578,0.04572442080058918
1310073,S1,S,0.62703,42.89849,0.1438,0.99999,42.482533,-0.87035,8.534,0.002640108390400574,-0.005543239695473611,-0.002831234438355062,-0.00271200525711855,0.01042239978461279,0.012321302882518703,0.6250000000000002,0.008183348085874185,0.006150912741243887,500,1.0,False,,13467,0.042020891714427855,0.07090755661285923
1305687,S2,S,0.6274,43.23335,0.1534,0.9902,41.293701,-0.69928,10.963,0.01175245597902795,0.0035625197967560224,0.0018082418444445268,0.0017542779523114938,0.02049690442736732,-0.007952972425409533,0.6250000000000002,0.008189936182271927,0.006153042186764832,500,1.0,False,,13467,0.37534385483315297,0.40423051973158436
1442085,S2,S,0.63355,43.06881,0.1873,0.99996,41.011192,-0.765134,10.529,0.01875936935456904,0.010459928326767053,0.005106712373184579,0.005353215953582471,0.026296016181604088,-0.02347855030202489,0.6250000000000002,0.008299441027801986,0.006188437024477819,500,1.0,False,0.1651923724403905,13467,0.18538137612841715,0.21426804102684854
1880486,S2,S,0.63407,43.17363,0.1741,0.99967,41.258266,-1.713392,11.173,0.06716337867067829,0.05885467869658758,-0.0016246663491963167,0.060479345045783894,0.00885236890130628,-0.13262897133341323,0.6250000000000002,0.008308699974090707,0.0061914297587234695,500,1.0,False,0.1446510859387909,13467,0.2880626187267821,0.3169492836252135
1249304,S2,S,0.63681,42.80446,0.1265,0.99999,40.629742,-1.441108,10.635,0.0024215845842472106,-0.005935902914518676,-0.002976844896565186,-0.00295905801795349,0.0037043263852696113,0.013290915351359012,0.6250000000000002,0.008357487498765886,0.006207199166094784,500,1.0,False,,13467,-0.09234946887324619,-0.06346280397481481
1343871,S1,S,0.63786,42.90786,0.1602,0.99999,43.502666,-0.370387,9.014,0.0011133801119269236,-0.007262803336075801,-0.004148019005847919,-0.003114784330227882,0.0019502900679727586,0.01618902104402879,0.6250000000000002,0.008376183448002724,0.006213242187167732,500,1.0,False,0.16090508346256702,13467,0.006754639794193825,0.035641304692625206
1292316,S2,S,0.63883,42.68064,134.0125,0.0,40.604237,-1.443256,10.502,0.024561270169210482,0.016167815225246105,0.019142579659187284,-0.00297476443394118,0.031293990676770876,-0.03657588235436046,0.6250000000000002,0.008393454943964377,0.006218824787587505,500,1.0,False,,13467,-0.2244279627861389,-0.19554129788770752
1528034,S2,S,0.6389,42.93321,0.1807,0.99994,41.438129,-1.612088,10.525,0.0042862470232842426,-0.004108454317295923,-0.0014385863983910428,-0.002669867918904881,0.010740072255989483,0.009199348532612124,0.6250000000000002,0.008394701340580166,0.006219227655659035,500,1.0,False,,13467,0.02785629803109507,0.05674296292952645
1892149,S1,S,0.64025,42.80521,0.1279,1.0,42.955116,-0.077341,10.798,0.004034587247385215,-0.004384151742213744,-0.004429765058662462,4.561331644871783e-05,0.0077544791836686045,0.009859658240068207,0.6250000000000002,0.008418738989598959,0.006226997254181397,500,1.0,False,,13467,-0.10564855861834282,-0.07676189371991145
1810306,S1,S,0.6413,42.99211,0.1667,0.99963,43.102615,-0.521229,11.122,0.0014997538990896644,-0.006937681039746134,-0.004099305470270123,-0.002838375569476008,0.003310657439762981,0.015477340519090452,0.6250000000000002,0.008437434938835798,0.006233040275254346,500,1.0,False,,13467,0.07697752837468236,0.10586419327311374
1880513,S2,S,0.64458,42.87458,0.1341,1.0,41.81226,-1.587931,9.543,0.021052210350983022,0.012556372827864527,0.010694309777007905,0.0018620630508566212,0.021385914685227932,-0.027863703433811022,0.6250000000000002,0.008495837523118496,0.006251917522034606,500,1.0,False,,13467,-0.053860529946243296,-0.02497386504781192
1282463,S1,S,0.64685,42.80618,0.1611,0.99829,42.090412,0.176036,11.039,0.008266881828426973,-0.0002693745563749749,0.0017260746419693346,-0.0019954491983443104,0.014252823631533955,0.000683245918527399,0.6250000000000002,0.008536256384801948,0.006264981958068505,500,1.0,False,0.03688860551962843,13467,-0.13143292888970287,-0.1025462639912715
1879188,S1,S,0.64727,42.96769,0.1322,0.99666,42.175129,0.280656,10.671,0.0012122806306148542,-0.007331454133881828,-0.0046605808879577396,-0.002670873245924088,0.001047805267448144,0.016353457780171565,0.6250000000000002,0.008543734764496682,0.006267399166497684,500,1.0,False,0.0017787005166123272,13467,0.028383341090523036,0.05727000598895442
1249342,S2,S,0.65098,42.63731,0.1312,0.99785,41.799183,-0.25767,10.756,0.009777000485307259,0.0011672067001737476,0.0032439921898509434,-0.0020767854896771966,0.00922854146131615,-0.0022767396861624115,0.6750000000000002,0.008609793785133511,0.00628875117428877,500,1.0,False,0.0005935868393317792,13467,-0.29525064478674684,-0.288025910722929
1340125,S1,S,0.65134,43.27854,0.2009,0.99946,41.877289,0.147645,10.938,0.006714316099516865,-0.0019018877253549928,-0.0042275327676308365,0.0023256450422758433,0.01411051434455486,0.004307399123366851,0.6750000000000002,0.008616203824871858,0.006290823067228067,500,1.0,False,0.10249857691329463,13467,0.3445363079117039,0.35176104197552177
1340141,S1,S,0.65405,43.16935,0.1479,0.99999,42.731297,0.741842,9.934,0.03670644920881216,0.028041992029243314,-0.003888474462141507,0.031930466491384826,0.010917276343859483,-0.062082073730312534,0.6750000000000002,0.008664457179568843,0.00630641981685444,500,1.0,False,0.2773495359874248,13467,0.2245077345290918,0.2317324685929097
1257216,S2,S,0.65434,42.93368,0.1345,0.99997,40.537346,-1.421864,10.292,0.004202082812832201,-0.004467538009859198,-0.0013726819651519138,-0.0030948560447072843,0.004386586173829284,0.01011052076493933,0.6750000000000002,0.008669620822691399,0.006308088841722207,500,1.0,False,,13467,-0.012319573037763633,-0.005094838973945762
1920457,S1,S,0.65573,43.07736,0.1399,1.0,42.365452,0.957902,10.962,0.004154687502411017,-0.004539683195936767,-0.0017877458696248369,-0.0027519373263119318,0.008448186298997245,0.010216864036270524,0.6750000000000002,0.008694370698347784,0.006316088650571159,500,1.0,False,,13467,0.12582012051380878,0.13304485457762666
1304991,S1,S,0.65866,42.98593,0.1462,0.99952,42.527279,-0.848549,9.303,0.0098586333664768,0.0011120920669252642,0.001298875465627394,-0.0001867833987021293,0.012343146150501076,-0.00220706959720713,0.6750000000000002,0.008746541299551536,0.006332951556993767,500,1.0,False,0.018665669878094357,13467,0.022748266770883617,0.029973000834701488
1318847,S1,S,0.65992,43.05109,0.1537,1.0,43.538342,-0.61149,9.206,0.0003419452824866126,-0.00842703115614913,-0.005211370303170817,-0.0032156608529783116,0.003244386831403212,0.0187412135114021,0.6750000000000002,0.008768976438635742,0.0063402031822813055,500,1.0,False,,13467,0.08291707095514148,0.09014180501895934
1255423,S2,S,0.66681,42.74467,0.1205,0.99621,41.982647,-1.019759,10.194,0.0034250698160332212,-0.005466587660928066,-0.0023912660430670256,-0.0030753216178610403,0.011517700078858774,0.012180600475181588,0.6750000000000002,0.008891657476961287,0.006379856911036181,500,1.0,False,,13467,-0.2506360883510998,-0.24341135428728194
1257973,S1,S,0.67746,42.99288,0.1796,0.99995,43.573627,0.595112,10.612,0.002164459921768614,-0.00691665611007171,-0.005296151900234237,-0.0016205042098374736,0.00578052415660986,0.015454855587472428,0.6750000000000002,0.009081116031840324,0.006443454687243814,500,1.0,False,,13467,-0.04384348655587098,-0.03661875249205311
1901241,S1,S,0.68144,43.13494,0.1237,0.99973,42.387215,-0.460149,9.277,0.00435760277327215,-0.004794101876580432,-0.00221654685825003,-0.0025775550183304036,0.008019291320866368,0.01079917053603569,0.6750000000000002,0.009151704649852582,0.006470088672251033,500,1.0,False,,13467,0.08289818556457454,0.0901229196283924
1509040,S2,S,0.68507,43.0748,0.1739,0.99952,41.649624,-1.744153,11.002,0.00636299882192575,-0.002853086904154088,-0.0011857079521463707,-0.0016673789520077174,0.008087118134156863,0.006567260097915514,0.6750000000000002,0.009216085726079837,0.006494380472647064,500,1.0,False,,13467,0.008861450830246496,0.016086184894064368
1642158,S2,S,0.687,43.16049,0.1535,0.9998,40.509834,-0.532766,11.321,0.006537443761396182,-0.0027128721236695007,-0.0025308491933113287,-0.00018202293035817245,0.005392429050047412,0.006294471798707461,0.6750000000000002,0.009250315885065682,0.006507295947788756,500,1.0,False,0.1075281564908121,13467,0.0871915175409024,0.09441625160472027
1311496,S2,S,0.69066,43.44719,0.1661,0.99977,41.871098,-0.689317,10.17,0.005674429598125738,-0.0036407994381773452,-0.0026914525005869165,-0.0009493469375904287,0.0016897750817701275,0.008362052282997362,0.6750000000000002,0.009315229036303083,0.006531788506865746,500,1.0,False,,13467,0.35998857724985195,0.3672133113136698
1310236,S2,S,0.69085,43.36529,0.1269,0.99982,40.617359,-0.716189,10.565,0.007674175829588799,-0.0016444230151118518,0.001369055103270178,-0.003013478118382032,0.007734497609922136,0.0039224815114935856,0.6750000000000002,0.00931859884470065,0.006533059978511818,500,1.0,False,,13467,0.27736876896305157,0.2845935030268694
1250120,S1,S,0.69088,43.13777,0.1207,0.99993,42.918289,-0.236999,10.365,0.010157725290315105,0.0008385943706043092,-0.0024633451553605122,0.0033019395259648193,0.0379100487249444,-0.0031355887716110406,0.6750000000000002,0.009319130919710795,0.006533260737192778,500,1.0,False,,13467,0.049735132366643085,0.056959866430460956
1592067,S2,S,0.69191,43.03551,0.127,0.99994,41.572296,-0.891939,10.979,0.004739639274310549,-0.00459775955408181,-0.0036892476785179693,-0.00090851187556384,0.00488603101763205,0.01042867555994214,0.6750000000000002,0.009337398828392358,0.006540153451905701,500,1.0,False,0.14692861913458752,13467,-0.05642352497707657,-0.0491987909132587
1340253,S1,S,0.69261,43.04964,0.1527,1.0,43.035015,0.080882,9.933,0.001739882167240656,-0.007609931744721695,-0.0046800949164856245,-0.002929836828236071,0.00389102392117201,0.017001618624532838,0.6750000000000002,0.009349813911962351,0.006544837821128076,500,1.0,False,,13467,-0.04493992431927916,-0.03771519025546129
1333248,S2,S,0.69395,42.90746,0.1419,0.99998,41.476105,-0.840666,10.175,0.009600988955258016,0.0002274090261759603,-0.0023547155109037345,0.002582124537079694,0.018351239983581718,-0.00047720275103855375,0.6750000000000002,0.009373579929082056,0.006553805042210909,500,1.0,False,0.13610201009474898,13467,-0.19217874486135764,-0.18495401079753976
1301142,S2,S,0.71139,43.15216,0.137,0.99999,40.468006,-1.416089,9.823,0.004898154149872109,-0.004784738718439529,-0.002064795645738805,-0.0027199430727007238,0.00862302352861557,0.010816608142760226,0.7250000000000002,0.009682892868311638,0.0066705127554083695,500,1.0,False,0.059127375992614195,13467,-0.03627573876995017,-0.005253058530712187
1338718,S1,S,0.73306,43.41387,0.1285,0.99984,42.673149,-0.319838,10.785,0.005899064996723948,-0.004167031837061301,-0.0008641926428454329,-0.003302839194215867,0.001474738486455109,0.009564372833783254,0.7250000000000002,0.01006609683378525,0.006842886675961817,500,1.0,False,,13467,0.14677012419432045,0.17779280443355844
1251409,S2,S,0.74963,43.34886,0.1199,1.0,40.954964,-0.887752,10.864,0.005755521740433714,-0.0046021315810359405,-0.004646073217586507,4.394163655056576e-05,0.01578920095095026,0.010262305262975554,0.7250000000000002,0.010357653321469654,0.007010018354713788,500,1.0,False,,13467,0.023105379826348964,0.054128060065586944
1310178,S2,S,0.77262,43.45688,0.1248,0.99999,42.059078,-1.328615,10.689,0.003108525263061897,-0.007653647289057398,-0.004272671393614846,-0.0033809758954425517,0.006554615995894141,0.01717712251008006,0.7750000000000002,0.010762172552119295,0.007241904733380525,500,1.0,False,0.11574956843542329,13467,0.08075065470945444,0.08280631414879762
1259241,C2,C,0.10543,38.31943,0.1444,1.0,54.516796,-28.858683,10.578,0.0007726864214600438,0.0005112963216125073,0.0005342607679195061,-2.2964446306998888e-05,0.0007800246000030193,-0.001110210115976291,0.125,0.0002613900998475365,0.00020317687423762056,500,1.0,False,,0,-0.10652524612040527,-0.12783915272397167
1336975,C1,C,0.11048,38.25468,0.1023,1.0,54.81839,-27.15556,10.747,0.0014292118512565565,0.00116782175140902,0.0011907861977160188,-2.2964446306998888e-05,0.0022367372139497636,-0.0025421941758151413,0.125,0.0002613900998475365,0.00020317687423762056,500,1.0,False,,0,-0.2797277128637602,-0.3010416194673266
1289982,C3,C,0.11621,41.38301,206.3178,0.0,53.069942,-27.550137,8.218,1.6679400939233214e-05,-0.0002447106989083033,-0.00022174625260130442,-2.2964446306998888e-05,0.0002183651126925476,0.0005326963877611482,0.125,0.0002613900998475365,0.00020317687423762056,500,1.0,False,0.4765142759874934,0,2.7310862846011905,2.709772377997624
1879649,C1,C,0.11979,39.18096,194.6456,0.0,54.787868,-26.176155,11.605,0.0005722593408578995,0.000310869241010363,0.00033383368731736184,-2.2964446306998888e-05,0.001056591926076864,-0.0006752472315553988,0.125,0.0002613900998475365,0.00020317687423762056,500,0.95,False,,0,0.458362466377075,0.4370485597735086
1833339,C1,C,0.13051,38.87889,0.1062,0.9999,54.652912,-27.662128,10.681,0.002783313065523162,0.0024580899908674177,0.0025157606056472035,-5.767061477978567e-05,0.004675971019260497,-0.005378479835230556,0.125,0.00032522307465574407,0.0002454604930219546,500,1.0,False,0.6393486125730865,0,-0.0440133495870966,-0.065327256190663
1871023,C1,C,0.1484,39.93288,192.4317,0.0,53.913521,-27.527784,10.699,4.9500889012838765e-05,-0.00048297661746120595,-0.0003126211834476348,-0.00017035543401357109,0.00014398871302902504,0.0010535428773078494,0.125,0.0005324775064740447,0.000382747959456027,500,1.0,False,,0,0.7078331437983323,0.6865192371947659
1299775,C2,C,0.16008,39.12071,0.1843,1.0,53.438869,-29.6768,10.697,0.0003817164000662098,-0.0002860731110829465,-0.00023043649007460288,-5.5636621008343647e-05,0.0007825079653539884,0.0006269994315888446,0.17500000000000004,0.0006677895111491563,0.0004723800225052145,500,1.0,False,,0,-0.254283062960623,-0.30498835755751913
1303279,C1,C,0.17273,39.29306,0.0826,0.99338,54.906944,-27.813091,10.363,0.0001516731755718145,-0.0006626657242023557,-0.00033906145553490015,-0.00032360426866745565,0.0005006012402052962,0.0014470295037190745,0.17500000000000004,0.0008143388997741703,0.000569455844215165,500,1.0,False,,0,-0.26286126416949296,-0.3135665587663891
1303496,C2,C,0.17978,39.69446,0.1495,1.0,53.848282,-29.592043,10.416,0.0006454228754152338,-0.0002521770561041268,-0.00045329539539740545,0.00020111833929327866,0.002510285557724885,0.0005494695889743917,0.17500000000000004,0.0008975999315193606,0.0006239340525200113,500,1.0,False,0.12249741477224566,0,0.04300219667251912,-0.007703097924377025
1339392,C2,C,0.18148,39.3871,0.0959,1.0,54.124512,-28.569908,10.323,0.0002855746693160298,-0.0006322841537801643,-0.00035395864866429375,-0.00027832550511587063,0.0001681829154262904,0.0013832746098455168,0.17500000000000004,0.0009178588230961941,0.0006371137749077108,500,1.0,False,,0,-0.28687207222942,-0.33757736682631617
1261193,C1,C,0.19246,39.86546,0.2171,1.0,53.348316,-26.694571,9.993,0.0135204383292706,0.012471730900578152,0.012895345693976906,-0.00042361479339875457,0.00817317781007281,-0.027436035150305738,0.17500000000000004,0.0010487074286924477,0.000722239275976499,500,1.0,False,,0,0.050632511841706564,-7.278275518958488e-05
1879208,C1,C,0.19471,39.99672,0.087,1.0,54.109879,-27.698069,10.658,0.012206515411489007,0.01113099474394487,0.011387174011689653,-0.0002561792677447848,0.0007275720365190065,-0.024463609788531328,0.17500000000000004,0.0010755206675441388,0.000739683026195513,500,1.0,False,,0,0.15395428923749807,0.10324899464060193
1253920,C1,C,0.19555,39.74864,0.1067,1.0,54.629383,-27.042751,9.433,0.001004708370619499,-8.082257276260485e-05,0.00035822529392618666,-0.00043904786668879167,0.0009710003040783617,0.0001870349112320308,0.17500000000000004,0.001085530943382104,0.0007461953596106115,500,1.0,False,,0,-0.10447908732910927,-0.15518438192600542
1281119,C2,C,0.19902,40.11619,0.197,0.99827,53.364723,-29.188217,10.992,0.0003594421700257405,-0.0007674407461631942,-0.0004032277877728967,-0.00036421295839029745,0.0012145491107291985,0.0016762765578959467,0.17500000000000004,0.0011268829161889347,0.0007730974988372688,500,1.0,False,,0,0.2207350937981416,0.17002979920124545
1782065,C2,C,0.20173,39.82988,0.1012,1.0,54.268177,-29.632381,10.391,0.0012359718348765524,7.679386211513635e-05,0.0005294304256513883,-0.000452636563536252,0.0023316298420497776,-0.00015724482027212926,0.22500000000000003,0.001159177972761416,0.0007941075268788366,500,1.0,False,,0,-0.138505694317665,-0.1488692606326933
1283373,C1,C,0.20753,40.16818,0.1003,1.0,54.946644,-26.73,10.291,0.000300023498706414,-0.0009282730453171394,-0.00046028706833032087,-0.0004679859769868187,0.0017028015604702944,0.002030349847697328,0.22500000000000003,0.0012282965440235535,0.0008390736385545171,500,1.0,False,,0,0.13139142455759867,0.12102785824257038
1324509,C2,C,0.21062,39.95602,0.1525,1.0,54.563309,-28.812611,10.322,0.0011463577182754547,-0.00011876234043775515,0.0003098516466865231,-0.0004286139871242785,0.0035901463660764025,0.0002614318212122344,0.22500000000000003,0.0012651200587132099,0.0008630297221886298,500,1.0,False,0.7611637012439907,0,-0.11648935001040425,-0.12685291632543255
1791048,C1,C,0.21094,39.90133,0.1228,0.99936,54.441032,-27.14596,10.862,0.000467089709928559,-0.0008018437871991134,-0.00027341597704249964,-0.0005284278101566139,0.0005216551265491998,0.0017589485327880279,0.22500000000000003,0.0012689334971276724,0.0008655106111086672,500,1.0,False,,0,-0.17485074786311824,-0.18521431417814654
1257366,C1,C,0.21136,40.13584,0.164,1.0,53.900276,-26.96896,10.76,0.0007094648895813436,-0.0005644737454653112,-0.0005751794915982723,1.070574613296093e-05,0.00230990888137284,0.0012392204630303325,0.22500000000000003,0.0012739386350466549,0.0008687667778162166,500,1.0,False,,0,0.054848378713728614,0.04448481239870032
1887027,C2,C,0.21303,40.10499,0.1764,0.99989,53.79583,-28.532192,10.809,0.003694888695217716,0.002401048678445584,-0.0005805586724025382,0.002981607350848122,0.006774760832950917,-0.005254684380599318,0.22500000000000003,0.0012938400167721326,0.0008817139168676625,500,1.0,False,,0,0.004956783189769007,-0.005406783125259287
1297501,C3,C,0.21492,39.79939,0.2285,1.0,51.838905,-28.125561,9.467,0.0008390941285115847,-0.0004772690088959686,7.173884252484515e-05,-0.0005490078514208139,0.002783453690193506,0.0010472580749541108,0.22500000000000003,0.0013163631374075533,0.0008963666670516343,500,1.0,False,,0,-0.32202692295894053,-0.3323904892739688
1249851,C2,C,0.21511,40.09896,0.0946,1.0,55.21851,-29.400743,11.059,0.00025939528865151945,-0.001059232077814621,-0.0005315632464017882,-0.000527668831412833,0.0008857425728925529,0.002318696761782869,0.22500000000000003,0.0013186273664661406,0.0008978396948479065,500,1.0,False,0.28975977483520016,0,-0.02459694702060488,-0.03496051333563317
1371126,C3,C,0.21601,40.25572,0.0889,0.99999,52.936153,-28.254185,10.068,0.00027127927154328864,-0.0010580733904635286,-0.0005368123015245597,-0.0005212610889389687,0.00012257710335839694,0.0023170662722825095,0.22500000000000003,0.0013293526620068172,0.0009048171949355122,500,1.0,False,,0,0.12204986237989603,0.11168629606486773
1304442,C3,C,0.21711,40.18207,0.1705,0.99993,52.16317,-28.108171,9.274,0.00021142709888864427,-0.0011310342576678887,-0.0005749229486987015,-0.0005561113089691872,0.0008187311438303106,0.0024752610765715866,0.22500000000000003,0.0013424613565565329,0.0009133452505981412,500,1.0,False,,0,0.036092243244432616,0.025728676929404323
1290816,C1,C,0.21847,40.31675,0.1664,1.0,54.172913,-27.840004,8.794,0.000535208733820023,-0.0008234597359979766,-0.0007235438094311291,-9.991592656684762e-05,0.0035327938346942462,0.0017955137966262583,0.22500000000000003,0.0013586684698179996,0.0009238890285083009,500,1.0,False,,0,0.15563526303087374,0.14527169671584544
1304678,C1,C,0.21883,40.10356,0.1106,1.0,54.869934,-27.643902,10.917,0.0005829881910262356,-0.0007799703970080344,-0.0002097160688134559,-0.0005702543281945788,0.002466620185079785,0.001707798299423428,0.22500000000000003,0.00136295858803427,0.000926680028543343,500,1.0,False,,0,-0.06154695511830254,-0.07191052143333083
1302187,C3,C,0.21942,39.96014,0.1979,1.0,52.161919,-27.142319,9.467,0.000343735404174766,-0.0010262542109361699,-0.0004610237506210799,-0.0005652304603150901,8.794832342975393e-05,0.002248914909099021,0.22500000000000003,0.001369989615110936,0.0009312541674896622,500,1.0,False,,0,-0.2114966049604234,-0.2218601712754517
1259352,C3,C,0.21986,40.0411,0.1358,1.0,52.776966,-27.869511,10.463,0.0005196155961786462,-0.0008556174967521761,-0.00029361228362685514,-0.000562005213125321,0.001999266866375142,0.001874348659423718,0.22500000000000003,0.0013752330929308223,0.0009346653897547139,500,1.0,False,,0,-0.13539558364836066,-0.14575914996338896
1259246,C2,C,0.22284,40.09276,0.1782,1.0,53.373383,-29.133615,10.973,0.0003332963269024119,-0.001077449411263095,-0.000612583649971279,-0.00046486576129181606,0.0014150281151040717,0.0023589012078374075,0.22500000000000003,0.001410745738165507,0.0009577686678225636,500,1.0,False,,0,-0.11640874690170475,-0.12677231321673305
1879426,C3,C,0.22941,40.24144,0.1026,1.0,52.475765,-27.617565,7.683,0.002275251988876886,0.0007760360916837742,0.0010392786992382578,-0.00026324260755448346,0.003592243732997594,-0.001681819134522763,0.22500000000000003,0.0014992158971931118,0.0010201487536410161,500,1.0,False,,0,-0.03835545611733692,-0.048719022432365214
1262201,C2,C,0.23279,40.78688,201.5004,0.0,54.562641,-29.187325,10.096,0.0001331746917003085,-0.0014141195592541039,-0.000766379703608655,-0.000647739855645449,0.000629430284348533,0.0030953263256946247,0.22500000000000003,0.0015472942509544125,0.0010551245380754182,500,1.0,False,,0,0.4714770940238395,0.46111352770881125
1834104,C1,C,0.23928,40.38821,0.0998,0.92859,54.90638,-27.837212,10.409,0.004459193529538715,0.002819583149616598,-0.00029483282890435496,0.0031144159785209524,0.0011398017126586942,-0.006171791166499621,0.22500000000000003,0.0016396103799221173,0.0011222821833355575,500,1.0,False,0.004179846362403969,0,0.0057592073474737136,-0.004604358967554581
1366436,C2,C,0.23954,40.44745,0.1127,1.0,53.637478,-29.511131,7.956,0.001572168862955537,-7.113985187129617e-05,0.0005157599152081948,-0.0005868997670794911,0.0009340394115663437,0.00017846436959422255,0.22500000000000003,0.0016433087148268332,0.0011249726282920502,500,1.0,False,0.5671136066605353,0,0.06234839919214608,0.05198483287711779
1368188,C3,C,0.24003,40.4215,0.0905,1.0,53.096249,-28.794407,10.866,0.0018400143290164901,0.00018973567533077038,0.0007802165282648494,-0.0005904808529340793,0.0018179225413820044,-0.00039560182381821176,0.22500000000000003,0.0016502786536857197,0.0011300430822485167,500,1.0,False,,0,0.031409880270992126,0.021046313955963833
1780045,C2,C,0.24283,40.52226,0.1151,1.0,55.173668,-29.151709,10.698,0.002523116274624639,0.0008330093988881378,0.0009518319091211809,-0.0001188225102330433,0.00357579647458259,-0.001803908577885017,0.22500000000000003,0.0016901068757365014,0.001159017104856897,500,1.0,False,,0,0.10384369367065462,0.09348012735562632
1246275,C1,C,0.24605,40.59366,0.0993,1.0,54.64724,-26.401073,9.658,0.0004926339826308305,-0.00124327534846407,-0.0005476921550828901,-0.0006955831933811802,0.003013032256038652,0.0027154381701776664,0.22500000000000003,0.0017359093310949005,0.0011923372308565348,500,0.85,True,,0,0.14304008086512712,0.13267651455009882
1302359,C3,C,0.25308,40.46937,0.1693,1.0,52.210163,-28.713831,10.956,0.004391237643375831,0.0025553310262034314,0.003149824719131055,-0.0005944936929276237,0.011726417392451085,-0.0056658419494730545,0.275,0.0018359066171723996,0.001265082723334005,500,1.0,False,0.24589012672774285,0,-0.041932793948749755,-0.06058686688506727
1279420,C1,C,0.25691,40.48353,0.173,1.0,55.085125,-27.652449,10.979,0.003098839219306528,0.0012084532841146662,-0.0010165920506270275,0.0022250453347416933,0.006473230351696288,-0.0026359711963452317,0.275,0.001890385935191862,0.0013047150471161826,500,1.0,False,0.32658662911425634,0,-0.06460723996687916,-0.08326131290319667
1262232,C3,C,0.26103,40.86697,0.7274,0.0677,53.225716,-28.239973,8.655,0.004815265251643862,0.0028662749325772787,-0.0006700526096791167,0.003536327542256395,0.008089443004509703,-0.006278390865105877,0.275,0.0019489903190665833,0.0013473482518113707,500,0.975,False,,0,0.2797723719981737,0.2611182990618562
1261784,C1,C,0.26523,40.9081,0.2072,0.99998,53.495426,-26.862234,10.122,0.0015288078769398984,-0.00047992477520285813,0.0003249166721262858,-0.000804841447329144,0.005945290070789383,0.001042757246468311,0.275,0.0020087326521427565,0.0013908092857239421,500,1.0,False,,0,0.2816663887612553,0.26301231582493784
1319870,C2,C,0.26767,42.34894,219.2544,0.0,54.921764,-28.315973,10.301,0.0007347870099410883,-0.0013086530928459207,-0.000927431183327581,-0.00038122190951834015,0.002683420996219259,0.002872094528354968,0.275,0.002043440102787009,0.0014160580768541023,500,1.0,False,,0,1.6999753483452584,1.6813212754089408
1309288,C2,C,0.26793,40.59362,0.1009,0.99996,54.64481,-29.194363,10.929,0.0005982093154317754,-0.001448929122259949,-0.0005973740292008843,-0.0008515550930590648,0.0022508115693998837,0.0031791349373893937,0.275,0.0020471384376917244,0.0014187485218105944,500,1.0,False,,0,-0.057734285786946324,-0.07638835872326384
1968046,C1,C,0.27255,40.77936,0.115,1.0,54.753632,-26.418295,10.774,0.0018865727109198007,-0.00022628229315571386,0.0006143386634522828,-0.000840620956607997,0.0010514676273440128,0.0005263308458587886,0.275,0.0021128550040755145,0.0014665556591144228,500,0.875,True,,0,0.08589766143058926,0.06724358849427174
1260556,C1,C,0.27437,40.7618,0.1667,1.0,53.319195,-27.01804,10.382,0.00031829282243219474,-0.0018204505259763275,-0.0009351588320017925,-0.0008852916939745357,0.0004547241409415637,0.003993455920929673,0.275,0.0021387433484085223,0.00148538877380987,500,1.0,False,,0,0.051930723088492406,0.03327665015217489
1547086,C3,C,0.27578,41.07373,0.2755,1.0,53.16853,-28.51787,9.125,0.0005721812921074972,-0.0015867694490376396,-0.000744466056225366,-0.0008423033928122742,0.0018029868523432642,0.003483047430648448,0.275,0.0021589507411451368,0.001499552836269879,500,1.0,False,,0,0.3512189226976365,0.332564849761319
1305756,C1,C,0.27589,40.66582,0.6008,0.1853,53.495224,-26.872267,8.895,0.0019159343775507803,-0.00024460234398572924,0.0006178012149694412,-0.0008624035589551708,0.005801526330473422,0.0005315712463424922,0.275,0.0021605367215365096,0.0015006309642327552,500,1.0,False,,0,-0.05767480109733851,-0.07632887403365603
1297465,C3,C,0.27784,41.00841,0.1548,1.0,51.794724,-27.822512,10.013,7.688279777340715e-05,-0.002111769030701073,-0.0012156734475396692,-0.0008960955831614038,0.0005247971906156254,0.004627771643514046,0.275,0.00218865182847448,0.0015197432326655629,500,1.0,False,,0,0.26753641863593786,0.24888234569962037
1290967,C1,C,0.2811,40.48691,0.2756,0.99995,54.056625,-26.969536,9.991,0.001791819235746096,-0.00044383528432724866,0.0003717373485692568,-0.0008155726328965057,0.00420100876138477,0.0009809906804230514,0.275,0.0022356545200733447,0.001551695025019899,500,1.0,False,,0,-0.28276691274403404,-0.3014209856803515
1902212,C3,C,0.28169,41.08529,0.2777,1.0,52.720451,-28.292814,9.578,0.001770787971678396,-0.0004733731704941297,0.0003909823746697321,-0.0008643555451638619,0.004362952888176727,0.0010469520793176495,0.275,0.0022441611421725256,0.0015574777113662355,500,1.0,False,,0,0.31043326145475775,0.29177918851844026
1302123,C3,C,0.29156,40.86883,0.1032,1.0,52.45343,-28.578407,10.497,0.0003561341422369511,-0.002030332695052381,-0.0011743224217588616,-0.000856010273293519,0.0016146314266069553,0.004453979755886142,0.275,0.002386466837289332,0.0016542151931261404,500,1.0,False,0.3678807024063923,0,0.008777061454128886,-0.009877011482188627
1547071,C3,C,0.29911,40.90452,0.2192,1.0,52.683243,-28.847214,9.727,0.027516102048233588,0.025020779284081855,-0.0008659880949099493,0.025886767378991805,0.007745797878512874,-0.05520685352504523,0.275,0.002495322764151732,0.0017282139760326537,500,1.0,False,0.11108374194640946,0,-0.018920854270622112,-0.037574927206939626
1294948,C2,C,0.30246,40.40637,4.0643,0.0036,55.089336,-29.04821,9.626,0.005938022998883496,0.003394399922812686,0.004118739832860877,-0.0007243399100481915,0.011308161624364144,-0.00747674024158151,0.32500000000000007,0.0025436230760708103,0.0017610478730838881,500,1.0,False,,0,-0.5666462441466081,-0.5633778384011305
1335717,C3,C,0.30477,41.1145,0.1841,1.0,52.860222,-28.353428,9.607,0.002821653263239636,0.00024472459894999896,0.0009653038017441273,-0.0007205792027941282,0.005376490650444519,-0.0005117866702614507,0.32500000000000007,0.0025769286642896372,0.0017836885603042915,500,1.0,False,,0,0.12258020932122371,0.12584861506670136
1340954,C2,C,0.30517,40.87119,0.138,1.0,53.187054,-29.028412,11.361,0.013642347567522974,0.011059651701810164,0.0009694172736235433,0.01009023442818662,0.006210996365889974,-0.02429503298429938,0.32500000000000007,0.0025826958657128103,0.001787609025623842,500,1.0,False,0.018212186918179253,0,-0.12398966083646891,-0.12072125509099126
1319821,C2,C,0.3088,41.09949,0.1098,1.0,53.357265,-29.471197,10.254,0.0037984574500183814,0.0011634242313902708,-0.0010684090924580954,0.0022318333238483664,0.0032529323290769164,-0.0024952436557787554,0.32500000000000007,0.0026350332186281106,0.0018231872483987614,500,1.0,False,,0,0.07490641736905977,0.07817482311453743
1323831,C3,C,0.31079,41.72013,258.7145,0.0,52.853771,-27.137886,10.623,0.0020121693984468973,-0.0006515556472615016,0.00045680291116812865,-0.00110835855842963,0.0029998917101888853,0.001462011649259601,0.32500000000000007,0.002663725045708399,0.0018426915633635247,500,1.0,False,,0,0.6795623569765922,0.6828307627220698
1880686,C1,C,0.31406,41.01342,0.1067,1.0,53.438457,-26.467484,10.565,0.003136679930956006,0.00042580801361316416,0.0003261455745301306,9.966243908303375e-05,0.002753248111229816,-0.0008816405787549107,0.32500000000000007,0.002710871917342842,0.0018747413673508486,500,1.0,False,,0,-0.05320838979049548,-0.04993998404501783
1943111,C3,C,0.31562,41.11746,0.1092,1.0,52.31076,-27.163143,11.048,0.0038064401620806925,0.0010730761591874736,-0.0011682593618047691,0.002241335520992243,0.010358330316599912,-0.002387159080430876,0.32500000000000007,0.002733364002893219,0.0018900311820970951,500,1.0,False,0.346057372189538,0,0.03848731021956829,0.041755715965045945
1929024,C1,C,0.31564,41.12722,0.2304,1.0,53.818714,-27.822989,9.892,0.0008035616797768437,-0.0019300906831875332,-0.0009732026433398133,-0.0009568880398477201,0.00038813933809392814,0.004252229151780838,0.32500000000000007,0.002733652362964377,0.0018902272053630724,500,0.95,False,,0,0.04808941684553779,0.05135782259101544
1897267,C3,C,0.3192,41.09362,0.2375,1.0,53.318344,-27.696924,9.553,0.006101626968247126,0.0033166465126165047,0.002621715316499236,0.0006949311961172693,0.004932245056571442,-0.007205002386018832,0.32500000000000007,0.0027849804556306216,0.0019251193467070707,500,1.0,False,0.5126591873862948,0,-0.01346916195522575,-0.0102007562097481
1366482,C3,C,0.32154,41.20996,0.1495,1.0,52.570965,-28.321358,9.306,0.0008547594637220994,-0.0019639591202340874,-0.0012966034019461317,-0.0006673557182879554,0.0011501089308047893,0.004327580897522745,0.32500000000000007,0.002818718583956187,0.0019480540688264405,500,1.0,False,0.2667039968521574,0,0.08465033191979919,0.08791873766527684
1303215,C1,C,0.32869,41.61532,0.2189,0.9999,55.12767,-26.843824,10.192,0.022842878300534532,0.019916324479222806,0.0211196992003509,-0.0012033747211280922,0.012468754077157116,-0.04393281682289568,0.32500000000000007,0.0029265538213117254,0.002014845254939312,500,1.0,False,,0,0.4350873192526833,0.43835572499816094
1337687,C1,C,0.32869,41.13399,0.1199,1.0,55.047112,-26.975615,8.283,0.0021990504658540473,-0.000727503355457678,0.00048332346299205064,-0.001210826818449728,0.0036798188335089538,0.0016288897069698955,0.32500000000000007,0.0029265538213117254,0.002014845254939312,500,1.0,False,,0,-0.046242680747316536,-0.04297427500183888
1293783,C3,C,0.32874,41.12827,0.1753,1.0,52.130798,-28.779669,11.041,0.0022570422257721236,-0.0006702968115971236,0.0002633262293718949,-0.0009336230409690183,0.005157571708711196,0.0014897561448342332,0.32500000000000007,0.002927339037369247,0.002015290772027371,500,1.0,False,,0,-0.052342848713505044,-0.04907444296802739
1316465,C3,C,0.32909,41.09302,0.1402,1.0,52.797436,-27.958868,9.117,0.0009517914135587257,-0.0019810441362131713,-0.000748673204662504,-0.0012323709315506673,0.003362005172197176,0.004357110859995246,0.32500000000000007,0.0029328355497718972,0.0020184093916437848,500,1.0,False,0.2552949762619537,0,-0.09025252659822493,-0.08698412085274727
1449074,C1,C,0.33186,41.23828,0.1149,1.0,54.907127,-26.499468,10.578,0.000893456356746015,-0.0020828801626125754,-0.0009724695598048881,-0.0011104106028076868,0.0026184026566147436,0.004585842207688009,0.32500000000000007,0.0029763365193585904,0.0020430910383222585,500,1.0,False,,0,0.034049924091038894,0.03731832983651655
1339217,C3,C,0.33191,41.09795,0.2958,1.0,51.791145,-27.910803,9.879,0.0008514419497816124,-0.002125679785634499,-0.001321220926882298,-0.0008044588587522007,0.0016693465448615907,0.004676476277109997,0.32500000000000007,0.0029771217354161114,0.0020435365554103174,500,1.0,False,0.0053381985269275,0,-0.10665688080871129,-0.10338847506323363
1306141,C2,C,0.33239,41.05229,0.1308,1.0,54.89777,-28.910248,9.747,0.02618591035681148,0.02320125054724316,0.02403953713317748,-0.0008382865859343199,0.007277356276503151,-0.05113229877443547,0.32500000000000007,0.0029846598095683184,0.002047813519455685,500,1.0,False,,0,-0.15593153616345468,-0.15266313041797702
1257356,C1,C,0.33257,41.07062,0.1195,1.0,54.37751,-26.515162,10.169,0.0032924871045781124,0.00030500051720271657,-0.0011103557690523608,0.0014153562862550778,0.0010385572968059523,-0.0006494822183041905,0.32500000000000007,0.002987486587375396,0.0020494173809726974,500,1.0,False,0.005725778007909547,0,-0.1389557859952334,-0.13568738024975574
1309492,C3,C,0.33352,41.0983,0.1097,1.0,53.300854,-28.024961,9.329,0.004005407869102735,0.0010030021766344304,0.0015839831596763739,-0.0005809809830419438,0.006310906836721377,-0.002171133311563954,0.32500000000000007,0.0030024056924683046,0.0020578822056458203,500,0.85,True,,0,-0.118411991919264,-0.11514358617378635
1346956,C2,C,0.33352,41.1466,0.149,0.99999,54.343567,-28.826454,6.908,0.0005317111433005067,-0.002470694549167798,-0.0016028796920505694,-0.0008678148571172285,0.0011535686327574213,0.005435649642037275,0.32500000000000007,0.0030024056924683046,0.0020578822056458203,500,1.0,False,,0,-0.07011199191926644,-0.06684358617378879
1257609,C3,C,0.33389,41.09655,0.2212,0.99999,53.019035,-28.62245,11.014,0.00853527588719429,0.0055270595959003264,0.006615655147933788,-0.001088595552033462,0.0076951046145467585,-0.012083864842071001,0.32500000000000007,0.0030082162912939644,0.0020611790320974577,500,1.0,False,,0,-0.12293626461231079,-0.11966785886683314
1319066,C2,C,0.33403,41.33285,0.2211,1.0,54.948833,-28.900427,8.882,0.0009994555212756249,-0.0020109593749793996,-0.0013858485898949218,-0.0006251107850844777,0.003052481809722487,0.004425997133690813,0.32500000000000007,0.0030104148962550245,0.0020624264799440233,500,1.0,False,0.21256643403821507,0,0.11231475287625435,0.115583158621732
1309293,C2,C,0.33472,41.17467,0.21,1.0,53.945694,-28.484144,9.235,0.0010035586856927275,-0.0020176921921560937,-0.0014278977895556487,-0.0005897944026004447,0.004045535667400685,0.0044346830557058835,0.32500000000000007,0.003021250877848821,0.002068574615759239,500,1.0,False,,0,-0.05102929205231001,-0.047760886306832354
1297318,C2,C,0.33479,41.35422,0.2108,0.99999,53.740826,-28.626862,10.039,0.001992334929536301,-0.00103001525079305,-0.001385201350757471,0.00035518609996442146,0.003607913603033106,0.002290840073635788,0.32500000000000007,0.003022350180329351,0.0020691983396825212,500,1.0,False,,0,0.1279973702003715,0.13126577594584915
1346966,C2,C,0.33513,41.11304,0.13,1.0,55.340591,-29.1497,9.501,0.006265177031558317,0.0032374873820378196,-0.0015652021045942748,0.004802689486632095,0.00715774908837746,-0.007059415947775285,0.32500000000000007,0.0030276896495204974,0.002072227855881323,500,1.0,False,,0,-0.11572311558120142,-0.11245470983572377
1262163,C2,C,0.3352,42.21636,15.655,0.0004,55.22084,-29.451693,10.663,0.0010606832106436956,-0.001968105741357332,-0.0015278643122980373,-0.00044024142905929446,0.0034930624543237283,0.004330586124515909,0.32500000000000007,0.0030287889520010276,0.002072851579804606,500,1.0,False,0.016851408028759753,0,0.9870741395146921,0.9903425452601697
1246281,C1,C,0.33549,41.20914,0.135,1.0,53.726334,-27.622108,10.616,0.0010164107771498425,-0.0020169324279848107,-0.0007633742846262216,-0.0012535581433585886,0.003622963159689506,0.004436440453326319,0.32500000000000007,0.003033343205134653,0.002075435578915349,500,1.0,False,,0,-0.02231044159933483,-0.019042035853857178
1330530,C1,C,0.33633,41.13656,0.2469,1.0,54.110645,-27.91552,9.986,0.0020477694223388484,-0.0009987654125621663,-0.0010939393001911492,9.517388762898338e-05,0.007155205361848316,0.002180273265900648,0.32500000000000007,0.0030465348349010147,0.0020829202659947417,500,1.0,False,,0,-0.10115049894517093,-0.09788209319969328
1287437,C2,C,0.33681,41.40221,0.3103,0.99979,55.153214,-28.954496,11.307,0.001999599305991558,-0.0010544736030616633,-0.0005620888404701838,-0.0004923847625914793,0.003056825780749039,0.0023510303547771725,0.32500000000000007,0.0030540729090532213,0.0020871972300401088,500,1.0,False,,0,0.16092882299043787,0.16419722873591552
1871017,C1,C,0.3372,41.11461,0.0989,1.0,54.025715,-27.74655,10.827,0.0015079674440942599,-0.0015522301502076288,-0.0012468401006748497,-0.0003053900495327789,0.005948955031669141,0.0034012211394310286,0.32500000000000007,0.0030601975943018887,0.0020906722633269696,500,1.0,False,,0,-0.1295688846736639,-0.12630047892818624
1909375,C3,C,0.33753,41.21254,0.0889,1.0,52.875629,-28.24177,10.583,0.0014802572472866146,-0.0015851227729949157,-0.0009172176495986155,-0.0006679051233963002,0.005678027807817686,0.0034709063475144596,0.32500000000000007,0.0030653800202815303,0.0020936126761081594,500,1.0,False,,0,-0.03408836796064642,-0.030819962215168764
1313057,C3,C,0.33754,41.43363,0.2215,1.0,51.647289,-28.021437,10.375,0.0019989534997825642,-0.001066583563710471,-7.753929682541554e-05,-0.0009890442668850552,0.006636537288993127,0.002330091578559454,0.32500000000000007,0.003065537063493035,0.002093701779525771,500,1.0,False,,0,0.18692743990068827,0.19019584564616593
1322819,C2,C,0.33759,41.39351,0.1225,1.0,54.478546,-28.444288,11.541,0.001175022695176743,-0.0018912995843738132,-0.00139717298281072,-0.0004941266015630929,0.006030519820858301,0.004139717654074114,0.32500000000000007,0.003066322279550556,0.00209414729661383,500,1.0,False,,0,0.14643650973850264,0.1497049154839803
1263197,C2,C,0.33778,40.99379,0.1457,1.0,54.324608,-28.489838,10.143,0.0029115904924890005,-0.00015771560808013844,0.0008327750442658024,-0.0009904906523459406,0.0037765598593394577,0.0003937853320281053,0.32500000000000007,0.003069306100569139,0.002095840261548455,500,1.0,False,0.13516422730194794,0,-0.25469256102150417,-0.2514241552760265
1300912,C3,C,0.3378,41.1826,0.2109,1.0,52.038166,-27.532742,9.59,0.0003053286085373311,-0.0027642915784548156,-0.0015146170014334625,-0.0012496745770213527,0.0008327620676535603,0.006077067165245599,0.32500000000000007,0.0030696201869921465,0.0020960184683836785,500,1.0,False,,0,-0.06603084155676421,-0.06276243581128656
1723034,C1,C,0.33784,41.3674,0.177,0.99728,54.346664,-27.856716,10.871,0.0013849895161020028,-0.001685258843736161,-0.001250346392914861,-0.00043491245082129964,0.002250592064620734,0.0037267077589222186,0.32500000000000007,0.003070248359838164,0.0020963748820541257,500,1.0,False,,0,0.11847262176273708,0.12174102750821474
1262131,C2,C,0.33802,41.20249,0.1091,1.0,53.521297,-28.807737,10.223,0.0028311604487797964,-0.00024191468886544535,0.0007188271172625634,-0.0009607418061280083,0.005924688582688082,0.0005461673562517869,0.32500000000000007,0.0030730751376452418,0.0020979787435711386,500,1.0,False,,0,-0.047771391046677616,-0.04450298530119996
1343337,C2,C,0.33899,41.12532,0.2524,0.9955,54.559311,-28.710089,9.69,0.0011152058603517588,-0.0019731024688094,-0.001043645725931437,-0.0009294567428779629,0.006816885330264178,0.0043094654857453365,0.32500000000000007,0.003088308329161159,0.002106621775079485,500,1.0,False,,0,-0.13211893208241754,-0.12885052633693989
1319614,C1,C,0.3392,41.41143,0.2125,0.99401,53.330334,-26.903692,10.09,0.0008344372181118211,-0.0022571690184909287,-0.0013781851212361273,-0.0008789838972548009,0.001436030068679351,0.004968667357155316,0.32500000000000007,0.0030916062366027498,0.0021084929468493333,500,1.0,False,0.4232377538829152,0,0.1524396723526379,0.15570807809811554
1643312,C2,C,0.34037,41.1496,0.193,1.0,55.24202,-28.717981,10.399,0.008838876384211575,0.005728896091862822,0.0029891831017040092,0.002739712990158814,0.011132615138489803,-0.012598987294070581,0.32500000000000007,0.003109980292348753,0.002118918046709916,500,1.0,False,0.5737445630684064,0,-0.11801756672609266,-0.11474916098061501
1332819,C3,C,0.3418,41.15902,0.1509,1.0,51.964836,-28.707684,10.748,0.007232302354861459,0.004099864883267591,-0.0008198331731654471,0.004919698056433038,0.010707193251914552,-0.009025690576462528,0.32500000000000007,0.003132437471593868,0.002131659835428406,500,1.0,False,0.024817409449992542,0,-0.11910474575613685,-0.11583634001065919
1249805,C2,C,0.34273,40.60507,338.1609,0.0,54.046764,-29.787718,10.279,0.00519537636712938,0.0020483338768656108,0.0026270108429478746,-0.000578676966082264,0.0065637763228724956,-0.004455676398811671,0.32500000000000007,0.003147042490263769,0.002139946453266305,500,1.0,False,0.02865058500219702,0,-0.679866256247334,-0.6765978505018564
1301936,C2,C,0.34304,41.62383,0.2295,1.0,54.948486,-28.880768,8.925,0.0011638186266720927,-0.00198809220314831,-0.001524184847571757,-0.00046390735557655307,0.0036415963772825715,0.0043761752271351834,0.32500000000000007,0.003151910829820403,0.0021427086592122717,500,1.0,False,0.42639087443411955,0,0.33662704456507975,0.3398954503105574
1332747,C3,C,0.34305,41.40908,0.2962,1.0,53.140968,-27.796667,9.3,0.0007790432109333603,-0.0023730246620985466,-0.0015191896861276952,-0.000853834975970851,0.0013754652871432328,0.005228293276388063,0.32500000000000007,0.003152067873031907,0.0021427977626298834,500,1.0,False,0.2467890249804549,0,0.121803956832511,0.12507236257798865
1297365,C2,C,0.34316,42.74336,224.7118,0.0,54.320808,-28.520174,10.154,0.0014826297022847012,-0.001671165646073753,-0.0006009211962373846,-0.0010702444498363682,0.0009472801630004825,0.003703931261875189,0.32500000000000007,0.003153795348358454,0.0021437779002236135,500,1.0,False,0.13061735012954517,0,1.4552801220040505,1.4585485277495283
1318661,C2,C,0.34451,41.44891,0.1724,0.8995,55.129574,-28.489967,10.793,0.002323641144994572,-0.0008513550369169628,-0.0016893576608241333,0.0008380026239071707,0.0038702075744195693,0.001909092944089039,0.32500000000000007,0.0031749961819115347,0.0021558068616012085,500,1.0,False,0.007504592751262574,0,0.1509842691556741,0.15425267490115174
1921361,C2,C,0.34459,41.26558,0.1332,1.0,54.859001,-28.851612,8.368,0.000963291164547034,-0.0022129613630565356,-0.0013913539264662298,-0.0008216074365903056,0.0011873995320806933,0.004882904375099523,0.32500000000000007,0.0031762525276035694,0.0021565196889421034,500,1.0,False,0.19925032909660198,0,-0.032928066408982284,-0.02965966066350463
1309330,C2,C,0.34472,42.25376,7.0706,0.0021,54.250053,-28.739643,9.058,0.01654819395659603,0.013369899867242905,0.014639157700816712,-0.0012692578335738085,0.008660693487740113,-0.029358547208430587,0.32500000000000007,0.0031782940893531255,0.002157678033371057,500,1.0,False,,0,0.9543059053674582,0.9575743111129358
1256570,C3,C,0.34548,41.36581,0.1073,1.0,52.585506,-27.807026,10.287,0.0005292698968420743,-0.002660959476585379,-0.001349355765870528,-0.0013116037107148506,0.0019478783663350022,0.0058529158732965915,0.32500000000000007,0.003190229373427453,0.002164449893109555,500,1.0,False,,0,0.06083188404226823,0.06410028978774589
1835110,C2,C,0.3455,41.26919,0.1147,1.0,54.591019,-28.885574,8.595,0.0005373545338799981,-0.0026531889259704625,-0.0014311603809512323,-0.0012220285450192303,0.00160680697510667,0.00583774668908735,0.32500000000000007,0.0031905434598504608,0.002164628099944778,500,1.0,False,,0,-0.03593333285771373,-0.03266492711223608
1432017,C1,C,0.34579,41.43032,0.2147,0.96779,55.070843,-27.628639,10.701,0.03196911290507145,0.028774015192087363,0.00045921982185918213,0.02831479537022818,0.007333726791636295,-0.06362283711890401,0.32500000000000007,0.0031950977129840854,0.0021672120990555216,500,1.0,False,0.10454082732075583,0,0.12309189678820609,0.12636030253368374
1277715,C3,C,0.34601,41.29064,0.1507,1.0,52.283127,-28.463232,9.089,0.003244303904605723,4.5751240968542554e-05,0.001375312940243403,-0.0013295616992748604,0.0033977630485153834,-4.283413349659773e-05,0.32500000000000007,0.0031985526636371803,0.0021691723742429817,500,1.0,False,,0,-0.01818373494759563,-0.01491532920211798
1658072,C2,C,0.34721,42.87201,218.2322,0.0,53.864655,-28.618612,10.526,0.011121961688739971,0.007904563839722274,-2.1541967004700194e-06,0.007906718036422743,0.007804832122973517,-0.01726871584422769,0.32500000000000007,0.0032173978490176976,0.0021798647843564002,500,1.0,False,,0,1.5544993303832255,1.5577677361287032
1593067,C2,C,0.34776,41.64355,0.2071,0.99981,54.871262,-29.832689,10.453,0.009357233498772655,0.006131198273122221,0.006976460710308849,-0.0008452624371866279,0.013697506665095184,-0.01354235694498483,0.32500000000000007,0.0032260352256504336,0.0021847654723250497,500,1.0,False,,0,0.32206711127960397,0.3253355170250816
1326216,C1,C,0.34832,42.90996,218.4352,0.0,54.537334,-26.977034,9.739,0.0005666026055850678,-0.0026682270399096073,-0.0015770083680087148,-0.0010912186719008927,0.0013803856639966585,0.00587236866365096,0.32500000000000007,0.0032348296454946753,0.0021897552637113117,500,1.0,False,,0,1.5844386459941857,1.5877070517396634
1295315,C1,C,0.34886,41.22103,0.1176,1.0,55.076405,-27.63142,10.898,0.0278598072323121,0.024616497253396194,-0.000884065172084934,0.025500562425481127,0.007096380577682981,-0.054307595391372275,0.32500000000000007,0.0032433099789159073,0.0021945668482623495,500,1.0,False,0.10657888883946444,0,-0.10837989495230439,-0.10511148920682674
1248677,C3,C,0.35016,41.3179,0.1075,1.0,53.646282,-28.126492,9.564,0.00023294834636063518,-0.0030307772500508317,-0.0018129081549793885,-0.001217869095071443,0.0008972638834663512,0.0066633159279020065,0.3750000000000001,0.003263725596411467,0.002206150292551886,500,0.925,False,,0,0.00480730739239299,-0.01757996453228801
1432027,C1,C,0.35039,41.25919,0.1755,1.0,54.698223,-27.294216,10.892,0.0030973743807831476,-0.00016996320949291778,0.001237208225600737,-0.0014071714350936543,0.006347972599116551,0.000402532800245289,0.3750000000000001,0.0032673375902760654,0.0022081996711569574,500,1.0,False,,0,-0.055551538837083636,-0.07793881076176463
1256933,C1,C,0.35284,41.51424,0.1552,1.0,54.898941,-27.6159,10.577,0.001960933234778816,-0.0013448799423158046,-0.00018226025778037979,-0.0011626196845354244,0.00651761116170817,0.0029602474869545245,0.3750000000000001,0.0033058131770946205,0.002230030008471853,500,1.0,False,,0,0.18199663911342434,0.15960936718874336
1324562,C2,C,0.35299,41.39783,0.127,1.0,53.795815,-28.448366,10.303,0.0014082947661977411,-0.0018998740590694444,-0.00119732538898892,-0.0007025486700805238,0.0044748288618818915,0.004186972488989317,0.3750000000000001,0.0033081688252671855,0.0022313665597360308,500,1.0,False,,0,0.06451876129281964,0.04213148936813864
1295592,C3,C,0.35631,41.30196,0.115,1.0,52.805927,-28.313578,10.912,0.007895078036653683,0.004534770865167069,0.004905688741529425,-0.0003709178763623565,0.011701712984866655,-0.00995663550604748,0.3750000000000001,0.0033603071714866143,0.0022609488943831544,500,1.0,False,,0,-0.05487989888483902,-0.07726717080952002
1324790,C1,C,0.35723,41.28873,0.1998,1.0,53.612473,-27.337473,9.326,0.004784912027402282,0.0014101568804572723,0.0028471373015994425,-0.00143698042114217,0.004629133511958182,-0.0030207478042089007,0.3750000000000001,0.00337475514694501,0.0022691464088034417,500,1.0,False,0.11160230764129886,0,-0.07459393080488474,-0.09698120272956574
1397029,C1,C,0.35942,42.35098,164.6259,0.0,54.640053,-27.672644,9.273,0.018988221118950818,0.015579073508686364,0.016274737013741557,-0.0006956635050551915,0.013538113260284455,-0.034345596574891356,0.3750000000000001,0.0034091476102644526,0.0022886600572604296,500,1.0,False,,0,0.9722833218393802,0.9498960499146991
1307830,C3,C,0.35948,41.52797,0.1065,1.0,53.294861,-27.957586,10.394,0.0007448405862240854,-0.002665249283309393,-0.0018866336768757744,-0.0007786156064336187,0.005835172030813081,0.005842080481143799,0.3750000000000001,0.0034100898695334785,0.0022891946777661007,500,0.8,True,,0,0.1488533740282093,0.12646610210352832
1315950,C3,C,0.35948,41.45362,0.1031,1.0,53.294842,-27.957588,10.692,0.0007448418281787231,-0.0026652480413547554,-0.0018866365247611004,-0.0007786115165936551,0.005835767533232572,0.005842070964914312,0.3750000000000001,0.0034100898695334785,0.0022891946777661007,500,0.8,True,,0,0.07450337402820673,0.05211610210352573
1645158,C1,C,0.36048,41.30285,0.1706,0.99962,54.691879,-27.787325,10.147,0.004781341057806428,0.0013555468671225183,0.0024760088390676422,-0.0011204619719451235,0.011634060734334088,-0.003022985858403414,0.3750000000000001,0.0034257941906839094,0.0022981050195272825,500,1.0,False,,0,-0.08325620572161518,-0.10564347764629618
1346137,C1,C,0.36326,41.35083,0.1855,1.0,53.259071,-26.854086,9.904,0.00038861387679851406,-0.0030808383266835923,-0.0018178793775652643,-0.0012629589491183276,0.00298511561681802,0.006773590312775178,0.3750000000000001,0.003469452203482106,0.0023228757696233684,500,1.0,False,,0,-0.05461319609672166,-0.07700046802140266
1330533,C1,C,0.36444,41.57902,0.1242,1.0,53.947861,-27.633768,10.189,0.006985986697219646,0.003498003394780033,0.004005090600107293,-0.0005070872053272598,0.002023241943048539,-0.007569702474650797,0.3750000000000001,0.0034879833024396133,0.002333389972901562,500,1.0,False,,0,0.1654104716779684,0.14302319975328742
1339402,C2,C,0.36538,42.59691,138.5198,0.0,54.005287,-29.790758,9.941,0.0035496250845938613,4.687972027284321e-05,0.0007223651628490658,-0.0006754854425762225,0.0032542436372950618,-3.285233211913936e-05,0.3750000000000001,0.003502745364321018,0.0023417656941570734,500,1.0,False,0.011586518038934216,0,1.1768126167049244,1.1544253447802435
1447133,C3,C,0.3654,41.48489,0.2179,0.99806,53.181614,-27.514706,10.099,0.009629184779162464,0.006126125328418438,-0.0013795628800676665,0.007505688208486105,0.012989642247794411,-0.013491765745540441,0.3750000000000001,0.0035030594507440265,0.002341943900992297,500,1.0,False,,0,0.06465474548850658,0.04226747356382558
1920365,C2,C,0.36549,41.40332,0.1088,1.0,53.764412,-28.693748,10.57,0.002076668217369647,-0.0014278046222779184,-0.0008681624831548137,-0.0005596421391231051,0.007775829809281795,0.0031248115404770276,0.3750000000000001,0.0035044728396475652,0.002342745831750803,500,1.0,False,,0,-0.017535588389240853,-0.03992286031392185
1299746,C2,C,0.36571,41.38879,0.1978,0.99973,53.939522,-28.97506,10.258,0.06721166934519483,0.06370374155489417,0.06388110127431232,-0.00017735971941814917,0.025627968460126254,-0.14417223193253417,0.3750000000000001,0.0035079277903006596,0.002344706106938263,500,1.0,False,,0,-0.033581363881450055,-0.055968635806131053
1299643,C1,C,0.37678,41.46815,0.1329,1.0,55.102699,-26.722181,9.406,0.009028095038150295,0.005344035566601224,0.006785487300587468,-0.0014414517339862438,0.007637383593090725,-0.011667368781938138,0.3750000000000001,0.0036840594715490714,0.002453813176016673,500,1.0,False,,0,-0.029420972521354893,-0.05180824444603589
1315795,C1,C,0.37813,41.30302,0.2025,0.9914,55.124214,-27.538908,11.511,0.00735149753328836,0.003644504339280168,-0.001696202669256643,0.005340707008536811,0.012979536616560861,-0.008063315047802272,0.3750000000000001,0.003706993194008192,0.0024737825535773444,500,1.0,False,,0,-0.20358098259251,-0.225968254517191
1837096,C1,C,0.37937,41.65466,0.1759,0.99997,55.002499,-26.924553,10.993,0.01601456528379345,0.01228650704100799,0.01383848222204985,-0.0015519751810418596,0.010647511970864078,-0.02699229927533745,0.3750000000000001,0.003728058242785457,0.0024921247966701076,500,1.0,False,,0,0.1397911127496726,0.1174038408249916
1948209,C3,C,0.37942,41.57089,0.1261,1.0,52.55257,-28.832695,9.129,0.003405353191045398,-0.00032355444886817374,-0.0013272259270466565,0.0010036714781784825,0.00621658695658809,0.0007493711332992037,0.3750000000000001,0.003728907639913572,0.0024928644032464285,500,1.0,False,0.39362920647808497,0,0.055688255894710825,0.03330098397002983
1299785,C2,C,0.38131,41.52151,0.1744,1.0,53.912125,-28.319021,10.114,0.022596366822163132,0.018835351970806793,0.020017278023677094,-0.0011819260528703043,0.010002772294146695,-0.041472717812163176,0.3750000000000001,0.00376101485135634,0.0025208215318313675,500,1.0,False,,0,-0.006243967913751258,-0.028631239838432257
1324582,C2,C,0.38185,41.63203,0.1558,1.0,53.308872,-29.191101,11.064,0.0010552910951472476,-0.002714897245192741,-0.0013639961244049097,-0.0013509011207878312,0.0012152171026449034,0.005996731124157124,0.3750000000000001,0.0037701883403399887,0.002528809282855636,500,1.0,False,,0,0.10070029088015808,0.07831301895547708
1262135,C2,C,0.38328,41.50629,0.1276,1.0,54.139385,-28.613455,10.838,0.009174265281493387,0.005379784183289294,0.0013521442069862437,0.00402763997630305,0.0057363269301598276,-0.01173881085621088,0.3750000000000001,0.003794481098204093,0.0025499620309384205,500,1.0,False,0.02384188306055174,0,-0.034486172483615074,-0.05687344440829607
1246314,C1,C,0.38337,41.6293,0.2593,0.99999,54.836571,-26.640257,9.621,0.013468435097840226,0.009672425084805526,0.009897675628726992,-0.00022525054392146752,0.013286333508779016,-0.021298103986897667,0.3750000000000001,0.0037960100130347008,0.002551293322775798,500,1.0,False,,0,0.08793038999153702,0.06554311806685602
1283272,C1,C,0.38353,41.49537,0.2463,0.99978,54.395096,-26.35754,10.564,0.0015285075380135262,-0.0022702205458311436,-0.0011229035737136868,-0.001147316972117457,0.0027411532389390804,0.005024658892013363,0.3750000000000001,0.00379872808384467,0.0025536600638200254,500,1.0,False,,0,-0.04705429072763401,-0.069441562652315
1291788,C2,C,0.384,41.77543,0.2684,0.99999,53.768295,-29.662498,9.079,0.006052915614681964,0.0022462031978330074,0.0022772717393070474,-3.10685414740405e-05,0.012293177943676382,-0.004990068706447335,0.3750000000000001,0.0038067124168489567,0.0025606123656374442,500,1.0,False,,0,0.22990994565193568,0.2075226737272547
1702096,C2,C,0.38809,41.8912,0.2693,0.96354,53.458267,-29.470592,10.235,0.0019485896131410897,-0.0019276034887877177,-0.0010859895112551984,-0.0008416139775325192,0.003835202680678197,0.004272856527739972,0.3750000000000001,0.0038761931019288074,0.002621112183580512,500,1.0,False,,0,0.31888777668057167,0.2965005047558907
1702083,C2,C,0.38884,41.61793,0.1517,1.0,55.035934,-29.200302,9.528,0.001785215669624726,-0.0021037183892258153,-0.001920068274028896,-0.0001836501151969191,0.004489385904819029,0.004651264873134325,0.3750000000000001,0.0038889340588505413,0.0026322062822253297,500,1.0,False,0.07686990582068486,0,0.04073325845237996,0.018345986527698963
1643313,C2,C,0.39044,41.64288,0.1628,1.0,54.514984,-29.538666,10.712,0.0008372153753401657,-0.003078899391610073,-0.0014207651222636506,-0.0016581342693464222,0.0013674974155111377,0.0067947174931275185,0.3750000000000001,0.003916114766950239,0.002655873692667606,500,1.0,False,0.06556198038031125,0,0.05529213470901617,0.03290486278433517
1307953,C3,C,0.39146,41.58434,150.6151,0.0,52.967472,-28.252638,7.962,0.003739358547506348,-0.0001940839208574483,-0.0006277039119625418,0.00043361999110509437,0.010787981569431912,0.00037661515634745263,0.3750000000000001,0.003933442468363796,0.0026709616668245564,500,1.0,False,,0,-0.00985157917817936,-0.03223885110286036
1923155,C3,C,0.39201,41.5727,0.279,0.99999,51.865753,-28.515875,9.444,0.0010278532173630828,-0.0029149326194099845,-0.001683882617396026,-0.0012310500020139585,0.002644920612537896,0.006432931122329962,0.3750000000000001,0.003942785836773067,0.0026790973391640897,500,1.0,False,,0,-0.02504577437019584,-0.04743304629487684
1291794,C2,C,0.39512,41.69227,0.1505,1.0,55.169369,-28.712151,10.609,0.02195324432049572,0.017957625982353866,0.004044611182272413,0.013913014800081452,0.015864583460267603,-0.03970149349620393,0.3750000000000001,0.003995618338141854,0.0027251008682112636,500,1.0,False,,0,0.07451361820400415,0.05212634627932315
1254762,C2,C,0.39827,41.80643,0.2807,0.99993,55.135178,-29.220783,9.978,0.008379621990939726,0.004330491633726593,-0.0014871699202570203,0.005817661553983614,0.009674122160601602,-0.009477108511834921,0.3750000000000001,0.004049130357213134,0.002771696082519495,500,1.0,False,,0,0.16855429155282586,0.14616701962814488
1920362,C2,C,0.39835,41.44377,0.186,1.0,55.186558,-29.210386,10.46,0.0035508795117392376,-0.0004996098808788801,-0.0010809237752074955,0.0005813138943286153,0.005142920000207616,0.0011514339526854725,0.3750000000000001,0.004050489392618118,0.0027728794530416084,500,1.0,False,,0,-0.19461474719707617,-0.21700201912175715
1335885,C1,C,0.39932,41.77158,0.2252,0.99999,54.912159,-27.22237,10.836,0.0019585654661710993,-0.002108402230732461,-0.00046196493430529766,-0.0016464372964271623,0.0021081611665906127,0.004687884537445717,0.3750000000000001,0.00406696769690356,0.0027872278206222383,500,1.0,False,0.221736271903496,0,0.12703070769963454,0.10464343577495354
1581048,C1,C,0.40194,41.59565,0.1439,1.0,54.883392,-27.715481,9.86,0.0014456731040848603,-0.0026658030023319545,-0.001313816693665471,-0.0013519863086664835,0.0048771259601119235,0.0058864846614228574,0.42500000000000016,0.004111476106416815,0.002825983205221466,500,1.0,False,,0,-0.08946970382160935,-0.08786787360455124
1257419,C2,C,0.40361,41.68997,0.1559,1.0,53.678093,-29.525766,10.484,0.0018417797047784138,-0.00229806626571746,-0.0008211246421300018,-0.0014769416235874576,0.005006364757332792,0.005086231137774038,0.42500000000000016,0.004139845970495873,0.0028506860648705914,500,1.0,False,0.34880771724339377,0,-0.005666344499768109,-0.0040645142827099995
1304777,C2,C,0.40476,41.65098,0.1446,1.0,53.546795,-29.374111,11.149,0.0011168957824430825,-0.0030424863219994484,-0.0014657453087900782,-0.0015767410132093698,0.006201206185799623,0.0066896700462924456,0.42500000000000016,0.004159382104442531,0.002867697016125977,500,1.0,False,0.1399812067541787,0,-0.051874842419695644,-0.05027301220263754
1284601,C2,C,0.40512,41.74579,0.1379,1.0,53.993145,-29.505514,10.364,0.001990010033366834,-0.0021754877303981294,-0.0008951323584804286,-0.0012803553719176997,0.0012164162631683102,0.004841239301729623,0.42500000000000016,0.004165497763764963,0.002873022183475489,500,1.0,False,,0,0.04067937345199801,0.04228120366905612
1308314,C2,C,0.40647,41.79909,0.1518,1.0,53.415836,-28.940893,7.934,0.0012663239056144452,-0.002922107580609638,-0.0013939301293623776,-0.0015281774512472595,0.0017440431275639139,0.006464849070572029,0.42500000000000016,0.004188431486224083,0.0028929915610361595,500,1.0,False,,0,0.08553675395863969,0.0871385841756978
1719037,C2,C,0.40746,41.71383,0.2001,0.99998,54.677017,-29.448082,10.29,0.00018374594977870628,-0.004021503599582065,-0.0022348484339597564,-0.0017866551656223076,0.0010212967689696862,0.008857065456001454,0.42500000000000016,0.004205249549360771,0.002907635771247318,500,1.0,False,,0,-0.005897941010839184,-0.004296110793781074
1892217,C1,C,0.40897,41.71107,0.1203,1.0,54.640263,-26.261753,10.396,0.0003658059781009105,-0.0038650953645289494,-0.0021493595949180133,-0.0017157357696109354,0.002399320242467244,0.008513386019701499,0.42500000000000016,0.00423090134262986,0.002929971889852216,500,0.925,False,,0,-0.018049086942606544,-0.016447256725548434
1495047,C3,C,0.41097,41.81159,0.1071,1.0,52.594322,-28.81996,10.034,0.008984876534227842,0.00471999930647336,-0.0006095371191248715,0.005329536425598232,0.012820212275614789,-0.010388940764668038,0.42500000000000016,0.004264877227754482,0.0029595561529050613,500,1.0,False,,0,0.07008184337094014,0.07168367358799825
1301963,C2,C,0.41527,41.74117,0.1185,1.0,54.885662,-28.483166,10.242,0.002841925257080433,-0.0014960001236919854,-0.0007997379963367991,-0.0006962621273551859,0.007994714372124496,0.0033074822738315864,0.42500000000000016,0.004337925380772418,0.003023162318468678,500,1.0,False,,0,-0.026785787952842036,-0.025183957735783927
1289600,C3,C,0.41962,41.85497,0.2219,1.0,52.047855,-27.862896,9.451,0.004492179429118117,8.035649819964491e-05,0.0013436893193596562,-0.0012633328211600105,0.002993888184245739,-7.080927978510461e-05,0.42500000000000016,0.004411822930918472,0.0030875080906086166,500,1.0,False,,0,0.06051715362651755,0.062118983843575656
1265426,C2,C,0.42029,41.98525,0.1657,1.0,54.577587,-28.502853,9.409,0.019497833520641203,0.015074628668205983,-0.0016289271637560739,0.016703555831962057,0.009988172024696979,-0.033128223022347775,0.42500000000000016,0.00442320485243522,0.00309741881873132,500,1.0,False,0.0032458159953249006,0,0.18673874410317814,0.18834057432023626
1338762,C1,C,0.42054,41.74141,0.1418,1.0,53.937702,-27.153252,9.776,0.001650914030726355,-0.0027765378073494437,-0.0014688919174406369,-0.0013076458899088056,0.009408573867554143,0.006069727298232778,0.42500000000000016,0.004427451838075799,0.003101116851612926,500,1.0,False,,0,-0.05861404465880604,-0.057012214441747935
1306626,C1,C,0.42089,41.70125,0.1533,1.0,54.877239,-27.239111,8.766,0.00305785558055719,-0.0013755420374154158,0.0004926930464819821,-0.0018682350838973975,0.006316153899520685,0.0030696441182417053,0.42500000000000016,0.004433397617972606,0.0031062940976471732,500,1.0,False,,0,-0.10089054265037867,-0.09928871243332056
1332721,C1,C,0.42224,42.12211,0.2173,0.99998,55.302456,-27.368612,9.909,0.004177847287655085,-0.0002784840527766414,0.001536865501956783,-0.0018153495547334232,0.004043407829449971,0.0007051681620136828,0.42500000000000016,0.004456331340431726,0.0031262634752078438,500,1.0,False,,0,0.31182114592568133,0.31342297614273945
1257256,C3,C,0.42235,41.72469,0.2179,1.0,52.745926,-28.737968,11.1,0.0077973974008471916,0.0033391973867336116,0.0005237943314017461,0.0028154030553318656,0.008406182560206851,-0.007256538828499817,0.42500000000000016,0.00445820001411358,0.0031278906096757503,500,1.0,False,,0,-0.0862617211420399,-0.08465989092498179
1567044,C2,C,0.42273,41.77707,0.1626,1.0,54.657379,-28.392817,10.792,0.005026901451052464,0.0005622460187652053,0.0013749184456982614,-0.0008126724269330546,0.011388677002837274,-0.0012513142730604492,0.42500000000000016,0.004464655432287259,0.003133511619655791,500,1.0,False,0.1606559220653251,0,-0.03617038908294312,-0.034568558865885016
1318659,C2,C,0.42354,42.3467,14.2731,0.0005,55.06525,-29.327761,8.819,0.007827084508762794,0.003348668843000063,-0.0020817100547635917,0.005430378897763656,0.013582164168087022,-0.007400532475379482,0.42500000000000016,0.004478415665762731,0.0031454932461921934,500,1.0,False,0.061564831335965305,0,0.5285875229458527,0.5301893531629107
1264039,C3,C,0.4246,42.03716,0.1172,0.99989,52.154263,-28.383789,9.162,0.0005058775421922851,-0.0039905453426864945,-0.0021070316882630447,-0.0018835136544234489,0.0009378903399231474,0.008803260246530685,0.42500000000000016,0.0044964228848787795,0.0031611729056102013,500,1.0,False,0.004001123122279965,0,0.21268479749779068,0.2142866277148488
1280039,C1,C,0.42569,41.78831,0.2756,0.99995,55.222569,-26.756836,9.069,0.004193251894704322,-0.00032184606123620424,0.0016028177521270914,-0.0019246638133632948,0.006649062277535257,0.000771387951980642,0.42500000000000016,0.004515097955940526,0.0031745408672630765,500,1.0,False,,0,-0.04269259322974783,-0.04109076301268973
1335432,C3,C,0.42692,41.93286,0.1314,1.0,51.550018,-28.163715,10.229,0.0029270771405576633,-0.0016091980177963291,-0.00014630572291879015,-0.0014628922948775385,0.002310473093980141,0.0036202354371671353,0.42500000000000016,0.0045362751583539924,0.0031878232790341437,500,1.0,False,,0,0.09451030809078709,0.0961121383078452
1655086,C3,C,0.42781,41.90016,0.1396,1.0,51.794254,-28.319195,8.853,0.00393821266672286,-0.0006133858332148601,0.0012452101121376187,-0.0018585959453524782,0.01409973487981529,0.0012375674323658516,0.42500000000000016,0.00455159849993772,0.003197434129827842,500,1.0,False,,0,0.056506402413934675,0.05810823263099278
1293789,C3,C,0.42857,41.90901,0.1242,1.0,52.168579,-28.185438,10.606,0.0026272740129199557,-0.0019374095876960032,4.314966365049754e-05,-0.0019805592513464994,0.007440161517211364,0.004281068882109868,0.42500000000000016,0.004564683600615959,0.003205641148483135,500,1.0,False,,0,0.060835356439565724,0.06243718665662383
1618042,C3,C,0.42893,41.99425,0.11,1.0,52.186626,-28.5567,10.474,0.0014042656021263072,-0.0031666162040740803,-0.0014458877286917654,-0.0017207284753823142,0.0041842535684471225,0.006997815717523505,0.42500000000000016,0.004570881806200387,0.0032095286836356426,500,1.0,False,,0,0.14393641526469458,0.1455382454817527
1810236,C1,C,0.42926,41.78248,0.5693,0.1141,53.537464,-27.449852,9.59,0.001245967807042155,-0.003330595687610626,-0.0013502756098083596,-0.0019803200778022658,0.0030585270357612287,0.0073640326275507696,0.42500000000000016,0.004576563494652781,0.0032130922575254405,500,1.0,False,,0,-0.06979281174352103,-0.06819098152646293
1290007,C3,C,0.43112,41.79286,0.222,0.99999,52.02475,-28.404896,9.859,0.003329072160262553,-0.0012795153965764455,0.000614250713534074,-0.0018937661101105182,0.005526660259594265,0.002878171959124917,0.42500000000000016,0.0046085875568389984,0.003233177855813395,500,1.0,False,0.405263010788753,0,-0.07042954523977862,-0.06882771502272052
1899442,C3,C,0.43144,41.86531,0.1443,0.99996,52.351391,-29.061783,10.876,0.001293874038309586,-0.0033202230346044605,-0.0013443636682484534,-0.0019758593663560062,0.005699175273201638,0.007317238545975088,0.42500000000000016,0.0046140970729140465,0.003236633442615624,500,1.0,False,0.21877270440954566,0,0.00012957019856407433,0.0017314004156221835
1252521,C1,C,0.43322,41.89547,0.1468,1.0,54.140556,-26.568298,9.074,0.0013307637262199266,-0.0033139800298615744,-0.0018309290854675291,-0.001483050944394044,0.004715496118701097,0.007314306027073433,0.42500000000000016,0.004644743756081501,0.003255855144203021,500,1.0,False,,0,0.019795324646072806,0.021397154863130916
1277945,C3,C,0.43369,41.98253,0.1592,0.99995,52.630699,-28.180862,11.217,0.002851170515439615,-0.0018016653423771124,0.0002045694174259722,-0.002006234759803084,0.004875479577951804,0.004023281924505793,0.42500000000000016,0.0046528358578167275,0.0032609305373187945,500,1.0,False,,0,0.10409108004951839,0.1056929102665765
1861164,C1,C,0.43446,41.74381,0.1521,0.99952,53.776703,-27.301983,9.18,0.0007315537653042581,-0.003934539365568054,-0.0019384247209317754,-0.001996114644636278,0.001476272922849142,0.008688786128882055,0.42500000000000016,0.004666093130872313,0.0032692455430616578,500,1.0,False,,0,-0.13915154615404213,-0.137549715936984
1933168,C1,C,0.43495,41.68241,0.1249,1.0,54.591236,-28.0464,11.224,0.001959764212291671,-0.0027147653650705585,-0.0013202155981064442,-0.0013945497669641139,0.0033031842228486573,0.006023586451817143,0.42500000000000016,0.004674529577362229,0.00327453691035257,500,1.0,False,0.059688490888184224,0,-0.20342569174720204,-0.20182386153014392
1297063,C1,C,0.43516,41.94989,0.1648,0.9999,53.751789,-27.299503,10.589,0.0011204079498895174,-0.0035577372473969623,-0.0015349130426647122,-0.0020228242047322493,0.0022651396545043715,0.007867402085888864,0.42500000000000016,0.0046781451972864796,0.0032768046391915325,500,1.0,False,,0,0.06282345560989888,0.06442528582695699
1263930,C2,C,0.43578,42.07077,0.241,0.9995,53.447895,-29.441017,10.102,0.0021605404157612057,-0.0025282794689206797,-0.0015301894477181665,-0.0009980900212025134,0.0020422632634625394,0.005628202642522679,0.42500000000000016,0.004688819884681885,0.0032834998386208508,500,1.0,False,0.00702057418267421,0,0.18007273829238535,0.18167456850944347
1308916,C1,C,0.43769,42.0173,0.1999,0.99907,55.022606,-27.152872,9.831,0.0034657098645906543,-0.0012559949441641747,-0.00046914456897310074,-0.000786850375191073,0.004861402386895979,0.002841966685474614,0.42500000000000016,0.004721704808754829,0.0033041253723466533,500,1.0,False,,0,0.1154479842654127,0.1170498144824708
1880304,C2,C,0.44419,42.23434,0.1951,1.0,54.742691,-30.035425,10.521,0.0021623906004175145,-0.0026712262536117267,-0.0008143535034367795,-0.0018568727501749472,0.004769404431620469,0.005925015830493692,0.42500000000000016,0.004833616854029241,0.0033743169792669232,500,1.0,False,0.2933893739743386,0,0.29486398478687625,0.2964658150039344
1904293,C3,C,0.44623,41.86956,0.1533,1.0,52.383957,-27.142618,10.019,0.0027081143131864114,-0.0021606257058212623,-0.0022889754978866676,0.0001283497920654057,0.007653898255517417,0.004782672989142676,0.42500000000000016,0.004868740019007674,0.0033963463451311317,500,1.0,False,,0,-0.08161829084508121,-0.0800164606280231
1340539,C1,C,0.44766,42.08076,0.1646,1.0,54.401798,-26.540417,9.138,0.01258433476596191,0.007690974096993865,-0.0011681348586573886,0.008859108955651254,0.009537030196211225,-0.016865258798547566,0.42500000000000016,0.004893360668968044,0.0034117884986535913,500,1.0,False,0.07423013691060056,0,0.12140837342574151,0.12301020364279962
1862183,C1,C,0.44864,42.07056,0.182,0.99992,54.030453,-27.823572,10.328,0.0027759924807464094,-0.0021342410812014694,-0.00047821398377579814,-0.0016560270974256708,0.003294605134126538,0.004773711828473191,0.42500000000000016,0.004910233561947879,0.0034223712332354167,500,1.0,False,,0,0.10562112831137405,0.10722295852843215
1389177,C2,C,0.44895,42.1467,0.1632,0.99999,55.066742,-28.799351,10.857,0.00759177903196173,0.002676208126316148,-0.0019105873642238508,0.004586795490539999,0.014041306532833666,-0.005953327241732873,0.42500000000000016,0.004915570905645582,0.0034257188329500756,500,1.0,False,,0,0.1799961063041423,0.18159793652120043
1330964,C1,C,0.45085,42.05493,0.175,0.99974,53.912296,-27.410366,10.823,0.0019398883103088644,-0.003008395347032315,-0.0008324091891047623,-0.0021759861579275517,0.003945500680052853,0.0066788515704363565,0.4750000000000001,0.004948283657341179,0.003446236379588308,500,1.0,False,,0,0.06160130938838804,0.0790348532156389
1390164,C2,C,0.45102,41.96907,224.6577,0.0,54.298866,-28.942039,9.868,0.0022271119661210277,-0.0027240986216350203,-0.0018202970608064031,-0.0009038015608286167,0.00881780893629782,0.005993436204984189,0.4750000000000001,0.004951210587756048,0.003448072160076992,500,1.0,False,,0,-0.025222316621173357,-0.0077887727939224966
1392400,C1,C,0.45205,41.9952,0.1557,1.0,54.931744,-26.412575,9.083,0.00223041642005629,-0.0027385279225663204,-0.0008924395379868891,-0.0018460883845794309,0.004619292184938137,0.0060855790538138855,0.4750000000000001,0.00496894434262261,0.0034591948300966664,500,1.0,False,,0,-0.004923514229522974,0.012510029597727887
1262084,C1,C,0.4536,42.18827,0.1602,1.0,53.772099,-26.352621,10.74,0.011806071314573296,0.006810440253462172,0.00846791111449353,-0.0016574708610313568,0.016542460613445033,-0.015041828020823392,0.4750000000000001,0.0049956310611111235,0.003475932828669961,500,1.0,False,0.2618326912493121,0,0.1793947250070589,0.19682826883430976
1512067,C2,C,0.45394,42.11224,0.2383,0.99999,55.255695,-28.718937,10.702,0.005047824719867635,4.633979792677354e-05,-0.0013892605808933812,0.0014356003788201536,0.007604725497201118,-2.9536510766361643e-05,0.4750000000000001,0.005001484921940862,0.0034796043896473294,500,1.0,False,0.044059589804256026,0,0.10144871961162649,0.11888226343887735
1900865,C3,C,0.45405,42.02548,0.1752,1.0,52.214001,-28.306299,10.854,0.013804847235707251,0.008801468417615591,-0.0010505501213139983,0.009852018538929589,0.014577857759344571,-0.019341526981275045,0.4750000000000001,0.0050033788180916606,0.0034807922476105956,500,1.0,False,0.07148997627316804,0,0.014069122475882656,0.03150266630313352
1306360,C1,C,0.45478,41.99291,0.1649,1.0,53.676704,-26.487257,10.8,0.00274910322176069,-0.0022668441798771744,-0.0004955366835012256,-0.0017713074963759486,0.005698524717346605,0.005050357926655588,0.4750000000000001,0.005015947401637864,0.00348867530500318,500,1.0,False,,0,-0.022609200381756844,-0.0051756565545059835
1366475,C2,C,0.45546,42.04174,0.1428,0.99999,54.969227,-29.526552,8.834,0.0008747377976299663,-0.004152917325667374,-0.0020308673612310316,-0.0021220499644363424,0.003764450761847311,0.009170064405709099,0.4750000000000001,0.00502765512329734,0.0034960184269579152,500,1.0,False,,0,0.02239940634365367,0.03983295017090453
1310963,C2,C,0.45919,42.59596,268.2323,0.0,54.152084,-29.405485,9.997,0.0008272599639904405,-0.004264615456056679,-0.0021388533847048873,-0.0021257620713517915,0.002851640212487072,0.009423790095617442,0.4750000000000001,0.0050918754200471195,0.0035362976106213936,500,1.0,False,0.3415662113912513,0,0.5557522722363772,0.5731858160636281
1253180,C3,C,0.46154,41.99253,0.1324,1.0,52.867115,-28.937235,10.861,0.00558432153065514,0.0004519856019318865,0.0018522595283744156,-0.0014002739264425287,0.003783333987643019,-0.0008563434500702422,0.4750000000000001,0.005132335928723254,0.003561674576200261,500,1.0,False,,0,-0.060743402694106274,-0.043309858866855414
1252970,C2,C,0.46198,42.14205,0.1674,0.99996,54.600655,-28.779106,10.364,0.0010696685331015876,-0.004070242980224858,-0.002101873918558407,-0.0019683690616664504,0.0049652820430610665,0.00898394117646694,0.4750000000000001,0.005139911513326445,0.0035664260080533255,500,1.0,False,,0,0.08633717078720493,0.10377071461445579
1889211,C1,C,0.46351,41.84578,0.1837,1.0,53.913631,-26.665627,11.034,0.00867837731404761,0.003512123426987342,0.005722432491890457,-0.0022103090649031147,0.007578156361143148,-0.0075944761938122225,0.4750000000000001,0.005166253887060268,0.0035829480324514815,500,1.0,False,0.004639530990563794,0,-0.2183985079222437,-0.20096496409499282
1699105,C2,C,0.4659,42.1394,0.2053,1.0,54.707993,-28.240286,10.837,0.011667007213160916,0.006459604127915133,-0.0010356061867081525,0.007495210314623285,0.02897896428829884,-0.014849620037035324,0.4750000000000001,0.005207403085245783,0.0036087569463806265,500,1.0,False,,0,0.06204946298134373,0.07948300680859459
1854103,C2,C,0.4668,42.07812,0.2214,1.0,54.290474,-28.735392,10.862,0.010361279384525954,0.005138380785319098,0.007279482681782072,-0.002141101896462975,0.015352395883341795,-0.011349291871293517,0.4750000000000001,0.005222898599206856,0.0036184757842618953,500,1.0,False,,0,-0.004174345261182433,0.013259198566068428
1254671,C1,C,0.47065,42.18959,0.1977,0.99999,54.306995,-27.422146,9.678,0.006144341509711202,0.0008551565452264249,0.0032152605208521875,-0.0023601039756257643,0.006525810523119986,-0.0017624965383172177,0.4750000000000001,0.005289184964484777,0.0036600508129762096,500,1.0,False,,0,0.0862472763894162,0.10368082021666707
1299758,C2,C,0.47241,42.1108,0.1774,0.99999,54.467381,-29.132839,10.273,0.0036566338061864083,-0.0016628534967111333,0.0006895372049248423,-0.002352390701635977,0.007521110416241976,0.00371974213696483,0.4750000000000001,0.005319487302897542,0.003679056540388467,500,1.0,False,0.2666308976439986,0,-0.0021112461345025313,0.01532229769274833
1265134,C3,C,0.47304,41.99333,0.1649,0.99992,52.43211,-28.790852,10.3,0.0039128575963772935,-0.0014174765662930003,-1.7771598857711877e-05,-0.001399704967435288,0.005253816379121405,0.0032154228493214455,0.4750000000000001,0.005330334162670294,0.0036858597269053554,500,1.0,False,0.16059305925161568,0,-0.12299823742034577,-0.10556469359309491
1936171,C2,C,0.47336,41.95528,0.1691,1.0,54.335392,-28.637262,10.975,0.0033788930711148527,-0.0019569506076304883,0.00015407874262979944,-0.0021110293502602886,0.0033733710899270008,0.0044086976464568035,0.4750000000000001,0.005335843678745341,0.003689315313707584,500,1.0,False,0.4574170603247,0,-0.16278222158037736,-0.1453486777531265
1261173,C1,C,0.47377,42.16709,0.1882,0.99998,54.807438,-26.82777,9.932,0.0037783563472264517,-0.001564546398990045,-0.0002314866868574541,-0.001333059712132592,0.005544035291336818,0.0035332060100193,0.4750000000000001,0.005342902746216497,0.0036937427842979394,500,1.0,False,0.12860215637446817,0,0.04680771356586333,0.06424125739311419
1702112,C3,C,0.47547,41.93506,0.1391,0.99998,53.606964,-28.116306,8.939,0.00036254468363303973,-0.005009550663900976,-0.0028825776528463858,-0.0021269730110545903,0.0022908748736213723,0.01105856304775218,0.4750000000000001,0.005372095347534015,0.0037146367167896943,500,0.875,True,,0,-0.19440829165658458,-0.1769747478293337
1257775,C3,C,0.47598,42.14657,0.2271,0.98582,53.006115,-29.020988,9.653,0.0019085012255281356,-0.0034722916825187873,-0.001826205064593697,-0.0016460866179250908,0.0069923501200716935,0.007669513545026524,0.4750000000000001,0.005380792908046923,0.00372289602650789,500,1.0,False,,0,0.014351900591955902,0.03178544441920676
1252513,C1,C,0.47767,42.36789,0.1901,1.0,54.586636,-27.557007,8.984,0.002799224248456811,-0.0026103899875642564,-0.00034406913149789787,-0.0022663208560663593,0.00877838052319736,0.005763380941386143,0.4750000000000001,0.005409614236021067,0.0037502651116524985,500,1.0,False,,0,0.22657946277544183,0.2440130066026927
1562077,C3,C,0.47842,42.15208,0.1254,1.0,53.486023,-28.208179,9.04,0.0034603890043797512,-0.0019620157618073578,-0.0008633147836875845,-0.001098700978119773,0.004399446407549354,0.004415223059268253,0.4750000000000001,0.005422404766187109,0.0037624111553557268,500,0.9,False,,0,0.006744001302999569,0.02417754513025043
1318052,C3,C,0.48068,42.22484,0.2481,0.99948,52.430042,-28.082144,8.957,0.002520610806740333,-0.0029403360903471117,-0.0008478963852656153,-0.002092439705081497,0.0009746948399249351,0.006568421041066937,0.4750000000000001,0.005460946897087445,0.003799011233714789,500,1.0,False,,0,0.06740957261803415,0.08484311644528501
1309323,C2,C,0.48309,42.16315,0.1996,0.97065,54.588726,-28.809023,9.221,0.001169173326990863,-0.004332873807030127,-0.002164659375527106,-0.0021682144315030207,0.004190617523914571,0.009581641127451372,0.4750000000000001,0.00550204713402099,0.0038380405208144975,500,1.0,False,,0,-0.007119054425379412,0.010314489401871449
1257335,C1,C,0.4841,42.31733,0.1739,0.99998,54.795918,-27.395206,10.064,0.0063430715801262305,0.0008237998654816404,0.002903804498990509,-0.0020800046335088694,0.008508988683474845,-0.001720197942331348,0.4750000000000001,0.00551927171464459,0.0038543971930015113,500,1.0,False,,0,0.14169827255173018,0.15913181637898105
1285539,C2,C,0.48417,42.41342,0.391,0.99618,54.733749,-29.097792,9.635,0.012143015253971412,0.006622549756511324,0.008013946381290334,-0.0013913966247790107,0.013356437130804614,-0.014551104514671204,0.4750000000000001,0.0055204654974600875,0.0038555308237471463,500,1.0,False,,0,0.23741699061663168,0.25485053444388256
1878288,C2,C,0.48449,42.66061,0.2974,0.94655,54.897926,-28.904102,10.392,0.011550957090395343,0.006025034300064411,0.007743768784256526,-0.001718734484192114,0.005481118828082324,-0.0130642132781924,0.4750000000000001,0.005525922790330932,0.00386071313572719,500,1.0,False,,0,0.4829103418918536,0.5003438857191045
1332689,C1,C,0.48766,42.37723,0.2038,1.0,53.268791,-26.706356,9.781,0.002512007238926673,-0.0030679768589060583,-0.0006672732888430254,-0.0024007035700630325,0.007006856959283702,0.006790333754268163,0.4750000000000001,0.005579984097832731,0.003912050413779504,500,1.0,False,,0,0.18277939998370285,0.20021294381095373
1319840,C2,C,0.4897,42.20478,0.1321,1.0,53.651169,-28.866386,10.285,0.004868590024802834,-0.0007461843150815281,-0.0006296875983551678,-0.00011649671672636077,0.005729827575525347,0.0017598806313629811,0.4750000000000001,0.005614774339884362,0.003945087652652286,500,1.0,False,0.35993824259918106,0,-0.0003965082859862523,0.01703703554126461
1811099,C2,C,0.49007,42.63062,0.2075,0.99943,55.297054,-29.435305,10.787,0.0035667237525336018,-0.002054360582232674,1.689267999572001e-05,-0.0020712532622283943,0.0011357196350334524,0.00464695804113999,0.4750000000000001,0.005621084334766276,0.003951079700879212,500,1.0,False,,0,0.4235025941879458,0.44093613801519665
1292145,C2,C,0.49245,42.42148,0.2446,0.99999,53.630566,-29.648985,9.161,0.00714626099993757,0.0014845880494443933,0.001268346222977149,0.00021624182646724386,0.021520607263370004,-0.0036355497105142204,0.4750000000000001,0.005661672950493177,0.00398962314623079,500,1.0,False,,0,0.20191064013749283,0.2193441839647437
1254070,C2,C,0.49252,42.16607,0.1272,1.0,54.677597,-28.224133,10.684,0.005723861495129747,6.099476182107235e-05,-0.002067099585829388,0.00212809434765046,0.018900004770106796,-0.0004265786505911369,0.4750000000000001,0.005662866733308675,0.003990756776976425,500,1.0,False,,0,-0.05386473905292477,-0.03643119522567391
1253895,C1,C,0.49276,41.89829,0.1467,0.99628,54.488632,-27.308672,11.898,0.0007455002671525226,-0.004921459435809285,-0.0024224481223556623,-0.002499011313453623,0.0017025097045865092,0.010886156935544213,0.4750000000000001,0.005666959702961808,0.003994643510961458,500,1.0,False,,0,-0.32289709817155754,-0.30546355434430666
1318689,C2,C,0.49338,42.31278,0.1703,1.0,53.997478,-29.956131,8.743,0.01056906889619902,0.004891535688299952,0.004434656113380548,0.00045687957491940276,0.02384097522453338,-0.011220597816738433,0.4750000000000001,0.005677533207899068,0.004004684240422794,500,1.0,False,0.0927560299454928,0,0.08836028595939793,0.1057938297866488
1703072,C1,C,0.49417,41.90544,0.1633,0.99995,53.82402,-26.152588,10.357,0.0014159894618469494,-0.0042750164378270155,-0.0026147130740580777,-0.0016603033637689385,0.0041483676275809725,0.009466626302017354,0.4750000000000001,0.0056910058996739645,0.004017478073123529,500,1.0,False,,0,-0.3230931779157713,-0.3056596340885204
1343208,C3,C,0.495,42.11753,0.1461,1.0,52.846588,-28.544113,10.557,0.009880489986574889,0.004175329233517173,0.0007016383709714468,0.0034736908625457256,0.007340449997930855,-0.009044965801405723,0.4750000000000001,0.005705160753057716,0.004030919694821768,500,1.0,False,0.08448160535117054,0,-0.11531828090162421,-0.09788473707437335
1263936,C2,C,0.49523,42.19532,0.2213,0.99979,54.62709,-30.0467,10.111,0.008183573668101619,0.0024744904857929833,0.004839978158173922,-0.002365487672380939,0.0113761260331062,-0.005386137753938603,0.4750000000000001,0.005709083182308635,0.004034644481557425,500,1.0,False,,0,-0.03872283165537582,-0.02128928782812496
1342906,C1,C,0.49743,41.94227,0.1274,1.0,53.542633,-27.588991,10.85,0.0025415772202318854,-0.0032050248505638024,-0.001237924097225826,-0.0019671007533379773,0.005736787750926287,0.007105717234784993,0.4750000000000001,0.005746602070795688,0.004070272876420228,500,1.0,False,,0,-0.30317274975787556,-0.2857392059306247
1253046,C1,C,0.50134,42.28844,0.1093,1.0,53.643539,-26.873732,10.502,0.00426346316566699,-0.0015498202023943248,0.0006111921802764999,-0.0021610123826708246,0.004460051137664728,0.0035370013080874736,0.5250000000000001,0.005813283368061315,0.004133594250926394,500,1.0,False,,0,0.045849539078213736,0.04028626546118401
1341857,C1,C,0.50314,42.35363,0.2101,1.0,53.118153,-26.979881,10.856,0.006448706597189636,0.0006047259567298234,0.003146581964123492,-0.0025418560073936698,0.012859029044735508,-0.0013137256519145206,0.5250000000000001,0.005843980640459812,0.004162744755814143,500,1.0,False,,0,0.1018153539862415,0.09625208036921178
1346139,C1,C,0.50323,42.42092,0.2055,0.99998,54.011307,-27.905472,10.535,0.0037748050499713743,-0.002070710454108363,-0.000394321926421198,-0.001676388527687165,0.007858157299124336,0.0046306925680698885,0.5250000000000001,0.005845515504079737,0.004164202281058529,500,0.975,False,,0,0.16864495818819777,0.16308168457116806
1293921,C3,C,0.50492,42.29921,0.1184,1.0,52.317928,-27.869156,10.375,0.0009609692991888798,-0.004913367532865003,-0.0027738041738815914,-0.002139563358983412,0.001994657757940017,0.010880709069626434,0.5250000000000001,0.005874336832053883,0.004191571366203139,500,1.0,False,,0,0.038304069897259735,0.03274079628023001
1254670,C1,C,0.50495,41.93976,0.1522,1.0,54.212826,-27.824398,10.719,0.002838226126426905,-0.003036622326833619,-0.0025694937263685217,-0.0004671286004650976,0.009328029259337532,0.006721276461960168,0.5250000000000001,0.005874848453260524,0.004192057207951268,500,1.0,False,,0,-0.3212988960296722,-0.32686216964670195
1891261,C1,C,0.50558,42.05216,0.1371,0.99996,54.203171,-27.677132,11.046,0.002424052773179945,-0.0034615397254200535,-0.0012937666585572205,-0.0021677730668628334,0.003487700269671429,0.0077121469528294555,0.5250000000000001,0.005885592498599998,0.004202259884661981,500,1.0,False,,0,-0.21210921115576822,-0.21767248477279794
1473027,C2,C,0.50566,42.22198,0.1433,1.0,55.319466,-29.310749,10.609,0.005750129329789269,-0.00013682749202843965,0.0016482261115982949,-0.0017850536036267345,0.006561948033002334,0.0004334659406460273,0.5250000000000001,0.005886956821817709,0.00420355546265699,500,1.0,False,,0,-0.042696601447039045,-0.04825987506406877
1343759,C3,C,0.50617,42.17726,0.1312,0.99999,51.978951,-28.5648,9.399,0.0063320951298800315,0.0004364407475494145,-0.001340972734122778,0.001777413481672192,0.009147357808943983,-0.0008600260706897317,0.5250000000000001,0.005895654382330617,0.004211814772375187,500,1.0,False,,0,-0.09001229288058524,-0.09557556649761496
1329663,C3,C,0.50765,42.28766,217.3427,0.0,52.240028,-27.452492,8.878,0.0038682484308319716,-0.0020526459310262995,-0.001081716304746701,-0.0009709296262795999,0.016668099749872975,0.00437368485611553,0.5250000000000001,0.005920894361858271,0.004235782965282891,500,1.0,False,,0,0.012868991969108816,0.007305718352079091
1876204,C3,C,0.51008,42.31712,0.1747,1.0,52.900524,-27.945873,9.77,0.0018588668047952847,-0.004103468874800958,-0.0015535834906924696,-0.002549885384108489,0.006470785613589439,0.009080297281156273,0.5250000000000001,0.005962335679596243,0.004275136146881351,500,1.0,False,0.10020661157024795,0,0.030028606194863,0.024465332577833274
1256432,C2,C,0.5113,42.22407,0.1258,1.0,54.723301,-29.351784,10.111,0.006746749454905703,0.000763607846239368,0.0032428335968656442,-0.002479225750626276,0.006341556819224536,-0.0015306625259413394,0.5250000000000001,0.005983141608666335,0.00429489371130527,500,1.0,False,,0,-0.06917615717982342,-0.07473943079685315
1922405,C2,C,0.51619,42.47023,0.1651,1.0,55.19722,-28.663994,9.615,0.016404867441110284,0.010338331575761361,0.0009670436721361678,0.009371287903625193,0.016849936515513104,-0.022825850323716305,0.5250000000000001,0.006066535865348922,0.004374085916250322,500,1.0,False,0.06391679143115306,0,0.15245203907491076,0.14688876545788104
1332614,C3,C,0.51856,42.58745,0.1742,0.99999,52.131783,-28.402817,10.395,0.0030555294595704012,-0.00305142448110321,-0.000962903058649833,-0.002088521422453377,0.0009524180484394351,0.006845008626985171,0.5250000000000001,0.006106953940673611,0.004412467414352523,500,1.0,False,,0,0.25786087289577797,0.25229759927874823
1659122,C1,C,0.51872,42.09634,0.2907,0.3017,54.535236,-27.753998,9.271,0.00894676433359281,0.0028370817464837784,0.0008481182614368788,0.0019889634850468996,0.017685547868997925,-0.006356375809858322,0.5250000000000001,0.006109682587109032,0.004415058570342545,500,1.0,False,0.0845317109144543,0,-0.23404467565760526,-0.23960794927463497
1252225,C3,C,0.51956,43.19956,180.3598,0.0,53.215313,-28.177282,9.663,0.005930819145013909,-0.0001931888358810887,-0.003015972693562609,0.0028227838576815193,0.010793243475309579,0.0004888935920517555,0.5250000000000001,0.006124007980894998,0.004428662139290163,500,0.9,False,,0,0.8650024758728083,0.8594392022557786
1257602,C3,C,0.52211,42.36599,0.1275,1.0,52.946781,-27.546215,8.848,0.0027302886387222556,-0.0034372071447372815,-0.0018266476031840652,-0.001610559541553216,0.0052686875175925315,0.007659150316917988,0.5250000000000001,0.006167495783459537,0.004469958687881139,500,1.0,False,,0,0.018803648701743197,0.013240375084713471
1286881,C2,C,0.5228,42.37586,0.1362,1.0,54.264793,-29.35401,10.536,0.003131669425084364,-0.0030475936461279315,-0.0007633552584995098,-0.002284238387628422,0.003672582290727952,0.006827129773879641,0.5250000000000001,0.0061792630712122956,0.00448113304808811,500,1.0,False,0.287037037037037,0,0.02526640841768754,0.019703134800657815
1335671,C2,C,0.52427,42.2756,0.1008,1.0,55.145931,-28.627934,11.005,0.022510896023250963,0.01630656351291323,-2.3042081963934365e-05,0.016329605594877162,0.015294084498731658,-0.03599647210551034,0.5250000000000001,0.006204332510337735,0.004504939293746438,500,1.0,False,0.05827707689582552,0,-0.08223841202049256,-0.08780168563752229
1514059,C2,C,0.52427,42.80514,0.2571,0.99851,55.145924,-28.627918,11.062,0.02253580889692895,0.016331476386591215,5.848001505681134e-06,0.016325628385085535,0.01531997563769814,-0.03605272701924235,0.5250000000000001,0.006204332510337735,0.004504939293746438,500,1.0,False,0.05827707689582552,0,0.4473015879795118,0.44173831436248207
1294806,C2,C,0.52535,42.38282,0.1615,1.0,55.059101,-28.908808,8.544,0.0050287696699456855,-0.0011943162369846489,-0.001893820528951481,0.0006995042919668306,0.012347913271075655,0.0026354996808655388,0.5250000000000001,0.006223085906930334,0.004522306072348607,500,1.0,False,,0,0.019671030042632237,0.01410775642560251
1301922,C1,C,0.52616,42.62537,0.2171,0.99998,53.307892,-26.70039,10.337,0.007335500203360085,0.0010978251614094624,0.003764047246358889,-0.0026662220849494266,0.01131922635669503,-0.002346589620971536,0.5250000000000001,0.0062376750419506225,0.004535137928954698,500,1.0,False,,0,0.2582448480135061,0.25268157439647637
1261259,C3,C,0.52723,42.38955,0.1166,1.0,51.558685,-28.13479,10.125,0.003291004263457027,-0.0029659428457426175,-0.0010826028300791003,-0.0018833400156635172,0.004603404736634042,0.006643852277811722,0.5250000000000001,0.006256947109199645,0.0045520886531133595,500,1.0,False,,0,0.01718118104952468,0.011617907432494953
1371206,C3,C,0.52779,42.39553,0.1744,0.96888,52.917755,-27.303331,10.321,0.003021895599448367,-0.0032451378253208598,-0.000663739169115616,-0.0025813986562052437,0.004224026982847957,0.007257116407174055,0.5250000000000001,0.006267033424769227,0.00456096006014967,500,1.0,False,,0,0.020420822775117115,0.014857549158087388
1304503,C3,C,0.52971,42.28223,0.1351,1.0,53.09301,-27.954535,10.575,0.002789893510189645,-0.003511721567961005,-0.0010175721232147106,-0.0024941494447462942,0.006763311521621736,0.007808739551990503,0.5250000000000001,0.00630161507815065,0.004591376312845589,500,0.9,False,0.12903752998934434,0,-0.10225396117383481,-0.10781723479086454
1324544,C2,C,0.52973,42.3084,0.2167,0.99446,54.369522,-29.302494,9.584,0.0018245345409262782,-0.0044774407627804266,-0.002018630283664549,-0.0024588104791158794,0.004115756607584757,0.009939113723952023,0.5250000000000001,0.006301975303706705,0.004591693148811171,500,1.0,False,,0,-0.07618144675433128,-0.081744720371361
1490034,C1,C,0.53002,42.70507,0.2078,0.99997,54.876614,-26.649143,8.948,0.009557438400755453,0.003250239826485927,0.0033762759347785213,-0.00012603610829259402,0.011270751857056376,-0.007058952439145781,0.5250000000000001,0.006307198574269526,0.004596287270312117,500,1.0,False,,0,0.3190754015253835,0.31351212790835375
1817269,C3,C,0.53009,42.42105,0.1544,1.0,52.229004,-28.005041,9.593,0.0006847143933759578,-0.005623744970339763,-0.002962585467105976,-0.0026611595032337886,0.0010148222406491816,0.012452494063206147,0.5250000000000001,0.006308459363715721,0.004597396196191656,500,1.0,False,,0,0.034714404984997754,0.029151131367968028
1472020,C1,C,0.53112,42.42343,0.2021,1.0,54.18428,-27.616449,9.216,0.004287056257074288,-0.002039954722778344,0.0004950802249476427,-0.002535034947725988,0.004125606949064155,0.0046354228512063295,0.5250000000000001,0.006327010979852632,0.004613713248419154,500,1.0,False,0.3872851246146612,0,0.03208177920029884,0.02651850558326911
1261233,C3,C,0.53166,42.35334,0.1387,1.0,52.883373,-28.800106,9.281,0.0070519773458813766,0.0007152402760152192,-0.0015421685560901921,0.002257408832105411,0.014668977875770267,-0.0016102016863748635,0.5250000000000001,0.006336737069866157,0.0046222678194898816,500,1.0,False,,0,-0.04063254383578921,-0.046195817452818935
1550103,C2,C,0.53166,42.52236,0.1788,0.99746,53.425766,-28.878149,9.205,0.003216519893392084,-0.0031202171764740734,-0.0006145192070652144,-0.0025056979694088595,0.006108585021272216,0.006967058465964833,0.5250000000000001,0.006336737069866157,0.0046222678194898816,500,1.0,False,0.2918010524528942,0,0.12838745616420696,0.12282418254717724
1346628,C3,C,0.53191,42.36618,0.1998,0.99999,51.978432,-28.053236,11.037,0.01175784330643693,0.005416603417120068,0.002987713599373579,0.0024288898177464878,0.012789529030654192,-0.01185263464900732,0.5250000000000001,0.006341239889316862,0.004626228269059662,500,1.0,False,0.32670979365628533,0,-0.029006658457410156,-0.03456993207443988
1337703,C1,C,0.53225,42.05819,0.1261,1.0,54.883686,-26.72434,10.62,0.070899024258098,0.06455166053432819,-0.0005644323910865283,0.0651160929254147,0.011113973754673092,-0.14581828751285872,0.5250000000000001,0.006347363723769823,0.004631614480474564,500,1.0,False,0.21024636971773536,0,-0.33864699240898044,-0.3442102660260102
1295249,C1,C,0.53251,42.63882,0.1697,0.99996,53.692036,-27.077091,10.626,0.004818897732107987,-0.0015331489238905706,-0.00027594263380323943,-0.0012572062900873314,0.012925282550461003,0.003355278133341749,0.5250000000000001,0.006352046655998558,0.004635733348027136,500,1.0,False,,0,0.24072165713592328,0.23515838351889357
1323777,C3,C,0.5329,42.86814,233.7003,0.0,53.454697,-28.234455,10.853,0.0029100852339843148,-0.0034489858203573458,-0.001127547392358845,-0.0023214384279985007,0.006560043481718229,0.007676774941327619,0.5250000000000001,0.0063590710543416605,0.004641911649355996,500,0.9,False,0.05492856676886942,0,0.46815071832505784,0.4625874447080281
1254000,C2,C,0.533,42.80941,0.2169,0.99919,53.674152,-29.564306,10.314,0.006814148567494745,0.00045327638537280297,0.0025972023313548154,-0.002143925945982013,0.009078952015250783,-0.0008801690154240371,0.5250000000000001,0.006360872182121942,0.004643495829183907,500,1.0,False,,0,0.4089360721197385,0.40337279850270874
1297061,C1,C,0.53387,42.67617,0.238,0.99901,53.668236,-27.391678,10.007,0.0021008006070372125,-0.004275741386773184,-0.0014716702665829406,-0.002804071120190245,0.0049785416069902675,0.009499496781423587,0.5250000000000001,0.006376541993810397,0.0046572781936867445,500,1.0,False,,0,0.27148325934082085,0.2659199857237911
1470063,C1,C,0.53547,42.71709,0.2917,1.0,54.089054,-26.589748,10.43,0.005949065953272603,-0.000456294085022315,-0.001730097077132182,0.0012738029921098666,0.006992662973470254,0.001083967086745628,0.5250000000000001,0.006405360038294918,0.004682625070933345,500,1.0,False,0.003927136316567552,0,0.3046724086769449,0.29910913505991515
1339425,C2,C,0.53579,42.64822,0.2171,0.99816,54.573914,-29.55628,10.742,0.004502972211647513,-0.0019081514355443084,-0.0029536875304625263,0.001045536094918217,0.007949685600943689,0.0042808544346917225,0.5250000000000001,0.006411123647191821,0.004687694446382664,500,1.0,False,0.03528477200658945,0,0.23425884972254538,0.22869557610551566
1289714,C1,C,0.53582,42.69972,0.1885,0.99995,54.518379,-27.567661,10.292,0.0008979124566151476,-0.005513751528910757,-0.0028734972054939305,-0.002640254323416827,0.0020435694451502538,0.01221462861009369,0.5250000000000001,0.0064116639855259045,0.004688169700331037,500,1.0,False,0.24376554544152312,0,0.2856141855931985,0.28005091197616877
1254002,C2,C,0.53591,42.41394,0.1499,0.99999,54.683723,-30.014402,10.695,0.007284953087686339,0.0008716680871581799,0.003506530839296069,-0.0026348627521378897,0.010008332858183908,-0.0018137970251271805,0.5250000000000001,0.0064132850005281595,0.004689595462176159,500,1.0,False,,0,-0.0005997610237268598,-0.0061630346407565845
1313026,C2,C,0.53696,42.51919,0.1823,0.99999,54.246307,-28.631733,10.338,0.0034139266579008656,-0.003018270184320261,-0.0006579212292311082,-0.0023603489550891527,0.00816382909400144,0.00671404306796982,0.5250000000000001,0.0064321968422211264,0.00470622935036924,500,1.0,False,,0,0.09959259446576327,0.09402932084873354
1644290,C2,C,0.5373,42.41784,0.1489,1.0,53.656178,-29.562799,10.847,0.004469898757726415,-0.001968421918947671,0.0002649855705570861,-0.0022334074895047577,0.010391481608781672,0.004373365892986113,0.5250000000000001,0.0064383206766740865,0.004711615561784142,500,1.0,False,,0,-0.0033931222873685735,-0.008956395904398298
1934253,C3,C,0.53739,42.4292,0.1442,1.0,52.328812,-28.770035,8.488,0.0024008434590053074,-0.004039098232671033,-0.0013880923181645295,-0.0026510059145065036,0.004249031770867102,0.008993828776643963,0.5250000000000001,0.006439941691676341,0.004713041323629263,500,1.0,False,,0,0.007534057088678462,0.0019707834716487377
1260568,C1,C,0.53805,42.47376,0.2039,0.99995,53.648029,-27.417028,10.399,0.0017224071303277306,-0.004729422004698474,-0.0019209824371242987,-0.0028084395675741763,0.002478162649988132,0.010501886070799177,0.5250000000000001,0.006451829135026205,0.004723496910493486,500,1.0,False,0.18500698936965634,0,0.048922124252536475,0.04335885063550675
1474020,C3,C,0.54148,42.40943,0.227,1.0,51.749657,-28.163149,9.446,0.010939528130823745,0.004425920312933854,0.004596680732157192,-0.00017076041922333904,0.01100745998667393,-0.009637608456132592,0.5250000000000001,0.006513607817889891,0.004777834278590881,500,1.0,False,,0,-0.03183350886115291,-0.037396782478182636
1324542,C2,C,0.54154,42.55716,0.192,0.99983,53.895405,-29.048021,8.943,0.003462475651308782,-0.0030522128432492793,-0.0016275274486945994,-0.0014246853945546803,0.004692799911462271,0.006842555081743404,0.5250000000000001,0.006514688494558061,0.004778784786487629,500,1.0,False,,0,0.1156100358177615,0.11004676220073177
1324685,C3,C,0.54183,42.45177,0.1382,1.0,52.068424,-28.829351,10.087,0.004226002141583243,-0.0022939096235376384,0.00023329491051296298,-0.002527204534050601,0.012922687169433608,0.005023102554231652,0.5250000000000001,0.006519911765120881,0.004783378907988575,500,1.0,False,,0,0.008835923330055532,0.0032726497130258075
1341000,C2,C,0.54203,42.4341,0.1945,0.97566,53.953136,-29.337658,9.721,0.003570941900737603,-0.0029525721199438423,-0.0003101723873377171,-0.0026423997326061256,0.003027902022658982,0.006645463768647771,0.5250000000000001,0.0065235140206814455,0.0047865472676444,500,1.0,False,,0,-0.00978823023804934,-0.015351503855079066
1861210,C2,C,0.54229,42.5416,0.1728,1.0,53.858055,-29.704781,9.396,0.01223692967972763,0.00570873272681745,-0.002075599649863696,0.007784332376681146,0.016899424321273896,-0.012638679637166,0.5250000000000001,0.0065281969529101804,0.004790666135196972,500,1.0,False,,0,0.09647186611563727,0.09090859249860754
1876731,C1,C,0.54291,42.66196,0.2432,0.95426,54.429977,-26.697277,11.403,0.002203595190871554,-0.004335768754276377,-0.0019098456805340326,-0.002425923073742345,0.0022921146168860653,0.009660883743254908,0.5250000000000001,0.006539363945147931,0.004800488050130029,500,1.0,False,0.020344673376930623,0,0.21387743263224665,0.20831415901521694
1367408,C1,C,0.54306,42.5904,0.1527,0.99999,53.4855,-26.816904,10.798,0.0017213241551132439,-0.004820741481705111,-0.002000219598104311,-0.0028205218836008,0.004400561499662554,0.010699604393336278,0.5250000000000001,0.006542065636818355,0.0048028643198718985,500,1.0,False,,0,0.14160312815899986,0.13603985454197015
1302055,C2,C,0.54327,42.81745,0.2185,0.9999,54.595238,-28.156473,11.084,0.003962453842667633,-0.0025833941624893147,-0.0011142176804644624,-0.0014691764820248527,0.005854665391393166,0.005811592627946114,0.5250000000000001,0.006545848005156948,0.004806191097510515,500,1.0,False,,0,0.36765341429785725,0.3620901406808275
1322954,C3,C,0.54327,42.47192,0.2144,0.99956,53.659416,-28.155581,10.226,0.0008787901161863215,-0.005667057888970626,-0.0033177927724051615,-0.0023492651165654653,0.002708769683707437,0.012553254963910679,0.5250000000000001,0.006545848005156948,0.004806191097510515,500,0.825,True,,0,0.022123414297853555,0.01656014068082383
1290995,C1,C,0.54351,42.29839,0.1258,0.99994,54.029716,-26.59379,10.293,0.014815352841678571,0.008265182129848945,0.010732464823592757,-0.002467282693743813,0.018751199544298262,-0.018317419201337892,0.5250000000000001,0.006550170711829626,0.004809993129097504,500,1.0,False,,0,-0.1525486698507005,-0.15811194346773022
1297353,C2,C,0.54402,42.13796,0.147,0.99984,54.05492,-28.394947,9.661,0.01497769583328065,0.008418339369771587,0.010889381585754896,-0.002471042215983308,0.021175498299785562,-0.018812143649193494,0.5250000000000001,0.006559356463509063,0.004818072446219856,500,1.0,False,,0,-0.31540402090944564,-0.3209672945264754
1945116,C2,C,0.54469,42.58556,0.1296,1.0,54.096039,-28.719822,10.42,0.002793480610426769,-0.003777943409210189,-0.0016093506755739313,-0.0021685927336362585,0.0019230013493718992,0.008451074152427102,0.5250000000000001,0.006571424019636958,0.00482868645106687,500,1.0,False,,0,0.12901298935313762,0.1234497157361079
1389210,C2,C,0.54865,42.50563,0.127,0.99996,54.383144,-28.795811,10.002,0.002775526521199312,-0.003867222158536829,-0.0015644085314901151,-0.0023028136270467152,0.004046577672170184,0.008634772170215736,0.5250000000000001,0.006642748679736141,0.004891419972252202,500,1.0,False,,0,0.030345154361983345,0.02478188074495362
1297157,C1,C,0.54888,42.49308,0.1612,1.0,54.004192,-26.429184,10.648,0.028418303484052665,0.02177141221042187,0.00403522578482007,0.017736186425601805,0.021517828158512803,-0.04846411656809021,0.5250000000000001,0.006646891273630793,0.004895063585856401,500,1.0,False,0.12414131501472035,0,0.016710769030838873,0.011147495413809147
1643316,C2,C,0.54894,42.27135,2.6203,0.0044,53.841293,-29.68788,11.009,0.011446511925080362,0.0047985399747814015,0.0005744018781787749,0.0042241380966026275,0.011008473681644423,-0.010473131960494762,0.5250000000000001,0.006647971950298961,0.004896014093753148,500,1.0,False,,0,-0.2053020436072809,-0.21086531722431062
1570024,C1,C,0.55064,42.40742,0.1239,0.99999,54.08168,-26.574465,10.848,0.010538534004956968,0.0038599428823932044,-0.0006445626527659372,0.004504505535159141,0.009612940128349299,-0.0083945122429262,0.5750000000000002,0.006678591122563763,0.00492294515082766,500,1.0,False,0.0058943404013826785,0,-0.08140010668416885,-0.08279624814804949
1306736,C1,C,0.55145,42.35736,0.2011,0.9999,54.921165,-27.747841,10.858,0.004714442714326897,-0.001978737543257153,-0.0003222112043685271,-0.0016565263388886265,0.013345655056045522,0.004353989321887214,0.5750000000000002,0.00669318025758405,0.00493577700743375,500,1.0,False,,0,-0.13526412110786387,-0.13666026257174452
1315818,C1,C,0.55218,42.68035,0.1648,0.99997,54.610168,-27.541847,10.088,0.0031779524631301882,-0.0035283760272499243,-0.0007474705659238925,-0.0027809054613260314,0.002631374011245004,0.007908413684636885,0.5750000000000002,0.0067063284903801125,0.004947341520177511,500,1.0,False,,0,0.18430208367142123,0.18290594220754058
1260551,C1,C,0.55236,42.2596,0.1495,1.0,54.713432,-27.431002,10.076,0.007182981524757718,0.0004734110043730991,0.002053999255449102,-0.0015805882510760037,0.008287612468489546,-0.0008923778683232048,0.5750000000000002,0.006709570520384619,0.004950193043867752,500,1.0,False,,0,-0.23729148337648573,-0.23868762484036637
1896254,C2,C,0.55283,42.53302,0.1478,0.99998,53.94146,-29.664469,8.526,0.04169645520459193,0.03497841938363998,0.0006048273927085996,0.03437359199093138,0.015432077306517779,-0.07787465153303136,0.5750000000000002,0.006718035820951948,0.004957638689058941,500,1.0,False,0.27068642414172833,0,0.033927091709439104,0.03253095024555845
1252142,C2,C,0.55288,42.56999,0.1367,1.0,53.499344,-29.534046,10.468,0.008380560758903591,0.001661624374061501,-0.001096790968573371,0.002758415342634872,0.01318001721699568,-0.0035949945267320857,0.5750000000000002,0.0067189363848420905,0.004958430778972898,500,1.0,False,0.006941940137035709,0,0.07066300151911754,0.0692668600552369
1912020,C1,C,0.55436,42.48851,0.0819,1.0,53.489655,-27.379299,10.34,0.0013107219502872447,-0.005434871125703024,-0.002547405006088928,-0.0028874661196140964,0.007601315241502089,0.012009830170241155,0.5750000000000002,0.006745593075990269,0.004981876640426001,500,1.0,False,0.040235209346612136,0,-0.017737035427328386,-0.01913317689120904
1260605,C1,C,0.55534,42.4499,0.1451,1.0,53.349369,-27.229282,10.338,0.0021317348559901418,-0.004631509272246894,-0.0017306432899079891,-0.0029008659823389045,0.009785291588648154,0.010225887852700233,0.5750000000000002,0.006763244128237035,0.004997401602739543,500,1.0,False,0.2138182005220724,0,-0.06091963267851717,-0.06231577414239782
1504139,C3,C,0.55644,42.4424,0.1139,1.0,51.806026,-27.488159,10.867,0.0007488689515812879,-0.006034187582238856,-0.003055629114410674,-0.0029785584678281825,0.002879390833339083,0.013364521393021902,0.5750000000000002,0.006783056533820144,0.00501482758084658,500,1.0,False,,0,-0.07354307545643955,-0.0749392169203202
1291842,C2,C,0.55763,42.4109,0.2467,0.99978,53.471504,-29.37956,9.807,0.008813660062702452,0.002009170108296949,0.004136477071693312,-0.0021273069633963642,0.010762064105004214,-0.004288066946492083,0.5750000000000002,0.006804489954405503,0.005033679320798737,500,1.0,False,,0,-0.11057495278104788,-0.11197109424492853
1326367,C1,C,0.55797,42.698,0.1819,0.99977,53.736694,-27.140879,10.434,0.0023645282762602554,-0.004446085512598208,-0.0021838186658299542,-0.0022622668467682542,0.010128171813585692,0.009814023965796231,0.5750000000000002,0.006810613788858463,0.005039065532213638,500,1.0,False,,0,0.1749465580417914,0.17355041657791076
1810087,C2,C,0.55943,42.60293,0.202,1.0,54.615955,-29.858845,9.989,0.0054432609924978965,-0.0013936492619526916,0.0012053542753502127,-0.0025990035373029043,0.01507014001436382,0.0030357296861879303,0.5750000000000002,0.006836910254450588,0.005062194557701161,500,1.0,False,,0,0.07310864735486668,0.07171250589098603
1304779,C2,C,0.55993,42.45886,0.0892,1.0,53.524357,-29.544712,10.394,0.01835828591257117,0.011512370019219169,0.012664634550168898,-0.0011522645309497291,0.012878741154987668,-0.025277412670669984,0.5750000000000002,0.006845915893352002,0.005070115456840725,500,1.0,False,,0,-0.07327529643459961,-0.07467143789848026
1654105,C3,C,0.56271,42.31739,0.1444,0.99999,53.07037,-28.529305,9.447,0.004221843969924234,-0.0026741432757196194,0.0002184938236526688,-0.002892637099372289,0.00460535060862392,0.006042824673789754,0.5750000000000002,0.0068959872456438535,0.00511415565605669,500,1.0,False,0.12112932021936249,0,-0.22757534081109773,-0.22897148227497838
1319926,C2,C,0.56341,42.50456,0.2252,0.99977,53.365974,-28.932434,9.757,0.0008340508942564025,-0.006074544245849425,-0.0032386707088529884,-0.0028358735369964374,0.004300183314582347,0.013450128628524967,0.5750000000000002,0.006908595140105828,0.005125244914852075,500,1.0,False,0.2293640183956864,0,-0.043626490209132875,-0.04502263167301353
1942106,C2,C,0.56584,42.62418,0.163,1.0,54.805759,-29.841887,11.186,0.003786779561903546,-0.0031655829832631455,-0.0021612747499872823,-0.001004308233275864,0.010251431126308611,0.007030940580674043,0.5750000000000002,0.006952362545166691,0.005163740484670347,500,1.0,False,,0,0.06484079233603048,0.06344465087214983
1850154,C3,C,0.56823,42.60912,0.2138,0.99998,52.697109,-28.675652,10.609,0.014252702021689002,0.00725729252257356,0.0002131857650699738,0.0070441067575035855,0.025870214821509637,-0.016419774981148525,0.5750000000000002,0.006995409499115442,0.005201602382557455,500,1.0,False,0.12920936342245717,0,0.03885572385929472,0.03745958239541407
1345458,C3,C,0.56872,42.61153,0.1848,1.0,53.130745,-28.877878,9.975,0.0037756698400834626,-0.0032285651851553633,-0.00040342205120364903,-0.0028251431339517156,0.005168622637560306,0.0072513311002518985,0.5750000000000002,0.007004235025238826,0.005209364863714226,500,1.0,False,0.136404202152073,0,0.03903122267633088,0.037635081212450225
1326273,C3,C,0.56949,43.62257,234.917,0.0,52.11718,-27.785686,8.761,0.0016817215721364731,-0.0053363821370105285,-0.002746164513013343,-0.002590217623997187,0.005626898272432354,0.011836577281849212,0.5750000000000002,0.007018103709147002,0.005221563048389152,500,1.0,False,,0,1.046563538236145,1.0451673967722643
1895233,C3,C,0.57035,42.14025,0.1728,0.99946,52.269329,-28.402563,9.702,0.019593455127410602,0.012559861719353171,0.015386409002735128,-0.0028265472833819594,0.02237531973791498,-0.02795751339664341,0.5750000000000002,0.007033593408057431,0.005235186994909199,500,1.0,False,,0,-0.4396688384677934,-0.4410649799316741
1448122,C3,C,0.57688,42.68022,0.1569,1.0,52.12719,-27.348009,9.592,0.0009220801060685474,-0.006229934817278655,-0.0032891509870041718,-0.0029407838302744835,0.0010941616969560746,0.013820263425794855,0.5750000000000002,0.0071520149233472025,0.005336314915842764,500,1.0,False,0.35844198670792954,0,0.07077511283037786,0.06937897136649722
1335854,C1,C,0.57869,42.60601,0.1855,0.99994,54.311581,-27.683239,9.664,0.0035161505912151524,-0.003669242535880469,-0.002864089574425959,-0.000805152961454511,0.009009788744696894,0.008162185751729618,0.5750000000000002,0.007185393127095621,0.005362755895456333,500,1.0,False,,0,-0.01156301743585906,-0.012959158899739712
1330339,C2,C,0.57914,42.66091,0.2307,0.99893,55.219536,-29.516895,10.885,0.04618310208940998,0.03898941051386862,-0.0017886752104817154,0.040778085724350335,0.012115391180657731,-0.08693485254117499,0.5750000000000002,0.007193691575541359,0.005369329619669649,500,1.0,False,0.016059374089694423,0,0.04131991124575287,0.03992376978187222
1435033,C2,C,0.5804,42.79653,0.1761,0.99954,54.918468,-28.45154,10.52,0.003093601001491624,-0.004123326229697803,-0.0024530974333178378,-0.0016702287963799652,0.004352022627298122,0.009221239469118686,0.5750000000000002,0.0072169272311894276,0.005387736047466938,500,1.0,False,,0,0.17129999338346616,0.1699038519195855
1262055,C1,C,0.58072,42.76817,0.1815,1.0,54.695663,-26.844198,9.927,0.0030986666725782994,-0.004124161677505876,-0.0014908422642458145,-0.0026333194132600627,0.005782396407589119,0.009207771404662418,0.5750000000000002,0.007222828350084176,0.0053924106957964095,500,1.0,False,,0,0.1415094787897028,0.14011333732582215
1927254,C2,C,0.58091,43.01823,0.1849,0.99958,53.746262,-28.379322,10.016,0.0037501653492876957,-0.0034761667901402364,-0.001962554797084741,-0.0015136119930554955,0.007477080925057393,0.007769117676994187,0.5750000000000002,0.007226332139427932,0.0053951862682420325,500,0.95,False,,0,0.39072046376964903,0.38932432230576836
1334265,C1,C,0.58586,42.72307,0.219,1.0,53.828358,-27.346138,10.722,0.004171841782792538,-0.003145773289538521,-0.0012100883422527073,-0.0019356849472858125,0.009794598121555904,0.0070078156665217845,0.5750000000000002,0.007317615072331059,0.0054674972345885265,500,1.0,False,,0,0.07353353746413895,0.0721373960002583
1294971,C2,C,0.58822,42.97461,0.1829,0.99991,54.956383,-29.642454,10.119,0.0023871532296010404,-0.004973982594578779,-0.0032927263585013178,-0.0016812562360774626,0.00920412593819945,0.01100844785514148,0.5750000000000002,0.007361135824179819,0.005501972766018369,500,1.0,False,,0,0.31463379167711264,0.31323765021323197
1302073,C2,C,0.58845,42.64079,0.199,0.99884,54.865669,-29.240215,10.411,0.00892509319105933,0.0015597159376739087,0.0003890602068399966,0.001170655730833912,0.012807369385253129,-0.003356320260195767,0.5750000000000002,0.007365377253385421,0.005505332669505177,500,1.0,False,0.002171928609650888,0,-0.020201518199731573,-0.021597659663612226
1370806,C2,C,0.58895,42.90569,0.1847,0.99996,54.567608,-29.990206,10.51,0.0008594988277677404,-0.006515098923890721,-0.0036292917992790056,-0.0028858071246117166,0.006981632928237948,0.014400697112214964,0.5750000000000002,0.007374597751658462,0.005512636807519973,500,1.0,False,,0,0.24249258293197565,0.241096441468095
1324536,C2,C,0.58899,42.96694,0.233,0.99538,54.476471,-29.947807,10.152,0.007728100342771575,0.0003527649512512672,0.0013163128131117932,-0.000963547861860526,0.005635516005793875,-0.0005604397890767061,0.5750000000000002,0.007375335391520308,0.005513221138561159,500,1.0,False,,0,0.3035661876849384,0.30217004622105775
1946322,C2,C,0.59043,42.75858,0.1313,1.0,54.695515,-29.998177,11.035,0.014047838252547289,0.006645947826000618,0.00967324780751277,-0.003027299981512152,0.01672097232437632,-0.014659389264209885,0.5750000000000002,0.007401890426546671,0.005534257056043774,500,1.0,False,,0,0.08886350689806001,0.08746736543417936
1253997,C2,C,0.59079,42.62793,0.1658,1.0,55.035519,-29.436644,10.393,0.006795290568766386,-0.0006132386165368766,0.0023619171561381413,-0.0029751557726750174,0.0047402443835509725,0.0015581975051278292,0.5750000000000002,0.007408529185303263,0.005539516035414429,500,1.0,False,0.016476090495917094,0,-0.043369872751502704,-0.04476601421538336
1260639,C2,C,0.59141,42.58001,0.207,0.99755,54.999783,-29.678097,11.112,0.00686382935752431,-0.0005561332456375254,0.0011143073663601377,-0.0016704406119976633,0.013602628354858735,0.001248223418264728,0.5750000000000002,0.007419962603161835,0.005548573166552777,500,1.0,False,,0,-0.09401466214342001,-0.09541080360730066
1896244,C2,C,0.59156,43.15886,0.2089,0.99261,54.96751,-29.466063,10.637,0.0016843845361959797,-0.005738344216447768,-0.0026415755442054122,-0.0030967686722423566,0.003161060615390175,0.012759876374452394,0.5750000000000002,0.007422728752643748,0.005550764407957216,500,1.0,False,0.2516650330493353,0,0.48417652134917216,0.4827803798852915
1595110,C2,C,0.59269,42.7093,0.1621,1.0,54.846359,-29.237558,11.26,0.008583022617349226,0.0011394555386084002,-0.003018150053138972,0.004157605591747372,0.00336012721876756,-0.002301044292984014,0.5750000000000002,0.007443567078740826,0.005567271759870659,500,1.0,False,0.0004960161738945233,0,0.02965852023622042,0.028262378772339766
1290191,C3,C,0.59506,42.39187,0.2198,0.99987,52.973438,-28.748032,9.277,0.0042690981020486445,-0.003218174138506405,-0.0006902099789171568,-0.002527964159589249,0.007026652024744302,0.007220241237674216,0.5750000000000002,0.0074872722405550495,0.005601893374060798,500,1.0,False,,0,-0.2981410795324327,-0.29953722099631336
1319653,C1,C,0.59552,42.64435,0.1477,1.0,53.468742,-27.335154,10.596,0.006151125928051096,-0.0013446291709151535,0.0018469133568837486,-0.0031915425277989017,0.011235455769472063,0.0030439459713046124,0.5750000000000002,0.00749575509896625,0.0056086131810344116,500,1.0,False,0.013400020056157211,0,-0.04766920605656586,-0.049065347520446514
1251126,C2,C,0.59788,42.74016,0.122,1.0,54.46661,-29.334866,10.669,0.0026683159910174032,-0.0048709598597976075,-0.0017308849450430267,-0.0031400749147545803,0.006409516525671771,0.01084457978495991,0.5750000000000002,0.007539275850815011,0.005643088712464254,500,1.0,False,,0,0.03786130701593273,0.03646516555205208
1261236,C3,C,0.59789,42.49326,0.2054,0.99983,53.167007,-28.705162,10.943,0.004474177634681531,-0.0030652826260989426,-0.0027197623506776195,-0.00034552027542132354,0.016007195760179123,0.00665461905985343,0.5750000000000002,0.007539460260780473,0.005643234795224552,500,1.0,False,,0,-0.2090821682023479,-0.21047830966622855
1339220,C3,C,0.59992,42.91367,0.1758,1.0,53.665604,-28.182732,10.865,0.0012922660544163957,-0.0062846294293526315,-0.003861229406431038,-0.0024234000229215935,0.0022104603318596353,0.013959369461633842,0.5750000000000002,0.007576895483769027,0.005672889595564628,500,0.825,True,,0,0.20251661248360855,0.2011204710197279
1252199,C3,C,0.60498,42.70593,0.1852,0.99998,53.223194,-27.415644,10.832,0.003970667511423156,-0.0036995394148690653,-0.0026119381505232786,-0.001087601264345788,0.013659451707468373,0.008151124632348104,0.6250000000000002,0.0076702069262922215,0.005746807472274377,500,1.0,False,,0,-0.05734659743460363,-0.028459932536172253
1254889,C3,C,0.60551,42.81646,0.1438,0.99998,53.055206,-27.711376,10.936,0.0028298520386045613,-0.004850128615857088,-0.001957611541985676,-0.0028925170738714114,0.004812179493111776,0.01083202819971728,0.6250000000000002,0.007679980654461649,0.005754549858570063,500,1.0,False,0.09896543777366693,0,0.05090581083705664,0.07979247573548802
1549078,C2,C,0.60558,42.81212,0.2289,0.9681,53.956184,-29.754856,9.339,0.0045292375681286814,-0.0031520339560911943,-0.003133702474545928,-1.8331481545266672e-05,0.01627590177311059,0.006878288957641077,0.6250000000000002,0.007681271524219876,0.005755572437892136,500,1.0,False,,0,0.046265138322487964,0.07515180322091934
1335387,C2,C,0.60582,42.6403,0.148,0.99999,53.342209,-29.125172,9.51,0.003941560611311522,-0.003744136752079414,-0.0007917489848139423,-0.0029523877672654715,0.006755335827346255,0.008394934320197993,0.6250000000000002,0.007685697363390935,0.0057590784241392376,500,1.0,False,0.0029393082661817995,0,-0.12658548845363676,-0.09769882355520539
1335675,C2,C,0.60735,42.69747,0.148,1.0,54.84026,-28.879168,11.043,0.0030742470336284976,-0.004639665054477948,-0.0019974739072985454,-0.0026421911471794027,0.004702997275911866,0.010374702435518454,0.6250000000000002,0.007713912088106446,0.005781429086464516,500,1.0,False,0.0032040314803870344,0,-0.07597663651476844,-0.04708997161633706
1929034,C1,C,0.60827,42.60951,0.1606,0.95423,53.499535,-26.843451,10.952,0.001901243049058878,-0.0058296347558699675,-0.0025415584327128948,-0.0032880763231570736,0.0035661717487736567,0.012973637526891044,0.6250000000000002,0.0077308778049288455,0.005794868700411745,500,1.0,False,,0,-0.16787435090642483,-0.13898768600799344
1246334,C1,C,0.60861,41.73631,111.8637,0.0,54.711483,-27.714649,10.268,0.025850575103318438,0.01811342735956392,0.02099428305575572,-0.002880855696191796,0.032331243494766744,-0.04092377774683696,0.6250000000000002,0.007737147743754515,0.0057998355142618065,500,1.0,False,,0,-1.0425281621298639,-1.0136414972314325
1297377,C3,C,0.60981,42.53459,0.2067,0.99999,52.658054,-28.73859,10.696,0.02254057646592185,0.014781299526312032,0.014980482502205222,-0.00019918297589318918,0.023446746283845618,-0.03298133844034802,0.6250000000000002,0.007759276939609818,0.005817365445497321,500,1.0,False,0.03509109770718286,0,-0.2493731030280288,-0.2204864381295974
1316461,C3,C,0.60984,42.5769,0.1908,0.99999,52.581059,-28.748798,10.964,0.003831986384509863,-0.003927843784996339,-0.0026515055448889,-0.0012763382401074406,0.009921738623176014,0.008741022545777067,0.6250000000000002,0.007759830169506202,0.00581780369377821,500,1.0,False,,0,-0.20719110379821054,-0.17830443889977915
1431108,C3,C,0.61052,42.67059,0.1482,1.0,52.966438,-28.016865,10.797,0.011522633617294059,0.003750263570136519,0.006921175334263722,-0.003170911764127203,0.018705792774420773,-0.008324236544237834,0.6250000000000002,0.00777237004715754,0.005827737321478333,500,1.0,False,,0,-0.11640085164887076,-0.08751418675043938
1261144,C1,C,0.61069,42.69645,0.1609,0.9969,55.05479,-27.36108,9.774,0.0023433430555139098,-0.005432161961056464,-0.003192307012395287,-0.002239854948661177,0.008741827027177275,0.012045822605766594,0.6250000000000002,0.007775505016570374,0.005830220728403364,500,1.0,False,,0,-0.09126530929194993,-0.06237864439351855
1413048,C3,C,0.61122,42.80998,0.2355,0.97822,52.632442,-28.807919,10.245,0.02475624454794536,0.016970965803205562,0.002322638339552649,0.014648327463652912,0.023085750080809916,-0.03777514016990831,0.6250000000000002,0.007785278744739799,0.005837963114699049,500,1.0,False,,0,0.020007316365641178,0.04889398126407256
1959025,C2,C,0.61137,43.19188,0.2409,0.99989,54.47353,-28.942259,10.799,0.016763083268458368,0.008975038374236657,-0.0030086473659290238,0.01198368574016568,0.016907003044854704,-0.019748833523666572,0.6250000000000002,0.007788044894221712,0.005840154356103488,500,1.0,False,0.07705865195454796,0,0.4012687744042423,0.4301554393026737
1644180,C3,C,0.61154,42.84893,0.144,1.0,51.557453,-28.233849,11.003,0.03380984097006329,0.02601866110642874,0.028874944509609583,-0.002856283403180845,0.037136055121913064,-0.058998659242827906,0.6250000000000002,0.007791179863634548,0.00584263776302852,500,1.0,False,0.14567432393859295,0,0.05759527339477294,0.08648193829320432
1904321,C2,C,0.61177,42.95593,0.1969,0.99992,54.884159,-28.828045,10.483,0.0042713456866388,-0.0035240756062013476,-0.0017699473352231643,-0.0017541282709781832,0.01396286606799127,0.007775305679333131,0.6250000000000002,0.007795421292840147,0.005845997666515327,500,1.0,False,,0,0.16361672312534942,0.1925033880237808
1289470,C3,C,0.61207,42.51588,0.2167,1.0,53.473835,-27.984358,10.763,0.0005286171391316661,-0.007272336452672307,-0.004111121631435797,-0.003161214821236511,0.003562960138510535,0.016115448083970123,0.6250000000000002,0.007800953591803973,0.005850380149324205,500,0.9,False,,0,-0.27770912171204437,-0.24882245681361298
1644061,C3,C,0.61287,42.50418,0.2021,0.92667,52.847591,-28.881491,10.798,0.0115155158718832,0.0036998094828423565,0.004802444283782581,-0.0011026348009402242,0.008678389752549776,-0.007924113496436163,0.6250000000000002,0.007815706389040843,0.005862066770147881,500,1.0,False,,0,-0.2928084724689641,-0.2639218075705327
1332594,C3,C,0.61302,43.60052,184.5903,0.0,52.712044,-28.613188,8.895,0.015917001759903487,0.008098529221380732,0.001900518547187073,0.0061980106741936596,0.030637576433005916,-0.01854615548981907,0.6250000000000002,0.007818472538522756,0.0058642580115523205,500,1.0,False,,0,0.8028946186123262,0.8317812835107576
1311113,C3,C,0.61533,42.81473,0.148,1.0,52.737038,-28.157749,9.02,0.009828007171614484,0.001966935931070269,0.005277772113163611,-0.003310836182093342,0.015094255965627908,-0.004282541033758875,0.6250000000000002,0.007861071240544215,0.005898003129180685,500,1.0,False,,0,0.007314875633119219,0.0362015405315506
1316626,C3,C,0.61601,42.83136,0.1934,1.0,51.751858,-28.535896,9.932,0.001806165133519879,-0.006067445984675674,-0.003814663439136737,-0.002252782545538936,0.0061190178226086045,0.013472877878411943,0.6250000000000002,0.007873611118195553,0.005907936756880809,500,1.0,False,,0,0.02106969959811372,0.0499563644965451
1387162,C1,C,0.6175,43.1957,0.1989,0.99634,54.512081,-27.711487,10.297,0.005548373570871285,-0.0023527146321779373,-0.0012324163763563697,-0.0011202982558215675,0.016119954812857593,0.005131873652197938,0.6250000000000002,0.007901088203049222,0.005929703088164906,500,1.0,False,0.018299845440494563,0,0.3791202133864274,0.40800687828485876
1261163,C1,C,0.61854,42.72636,0.2843,0.9901,53.244629,-27.250557,10.518,0.0008362054490419442,-0.007084061390415206,-0.0038166321998486007,-0.0032674291905666042,0.007194503732019244,0.015672879748243322,0.6250000000000002,0.00792026683945715,0.005944895695235684,500,1.0,False,,0,-0.09460122084532835,-0.06571455594689697
1812092,C3,C,0.6187,42.20088,0.3991,0.96914,53.032799,-27.943537,9.63,0.006326685893358359,-0.0015965315055461648,0.0016969473172397968,-0.003293478822785962,0.002028706820149117,0.003764291104341915,0.6250000000000002,0.007923217398904524,0.0059472330194004185,500,0.975,False,0.045777475752146746,0,-0.6207546659838827,-0.5918680010854513
1338849,C1,C,0.62002,42.92772,0.1712,0.99999,53.704479,-26.361889,10.834,0.002598006373453244,-0.005349553140892114,-0.0029002015319491534,-0.002449351608942961,0.0027270121766195766,0.011947884944480111,0.6250000000000002,0.007947559514345358,0.005966515943759484,500,1.0,False,0.10652954901791332,0,0.1005357209456846,0.12942238584411597
1301915,C1,C,0.62043,43.1453,0.2335,0.99996,53.842888,-27.549753,11.006,0.0019212782755060366,-0.0060338420474232175,-0.0025967325586319077,-0.00343710948879131,0.0029120772844806334,0.013436782129776989,0.6250000000000002,0.007955120322929254,0.005972505336931618,500,1.0,False,0.004116191381299997,0,0.31639426386059305,0.34528092875902444
1334253,C1,C,0.62076,42.9675,0.2001,1.0,54.847507,-26.90303,9.428,0.004305108580911996,-0.003656097270877465,-0.0005848335655874045,-0.0030712637052900615,0.014605144260633555,0.008035613859015326,0.6250000000000002,0.00796120585178946,0.005977326068021384,500,1.0,False,,0,0.1372094863603464,0.1660961512587778
1335818,C3,C,0.62253,42.74949,0.2007,0.99999,52.583519,-28.471077,11.215,0.0067802058117221765,-0.0012136406039538594,0.0015731688688580018,-0.0027868094728118607,0.0038803848299619696,0.00291850759689913,0.6250000000000002,0.007993846415676036,0.006003182716593767,500,1.0,False,,0,-0.08821603035645759,-0.05932936545802621
1598039,C3,C,0.62292,42.94654,0.1928,0.99072,53.092228,-28.326656,10.138,0.0028592956261255047,-0.005141742778203503,-0.002661751598452221,-0.002479991179751283,0.00754334329983588,0.011444795984559122,0.6250000000000002,0.008001038404329008,0.0060088799442453095,500,1.0,False,,0,0.10720273834784984,0.13608940324628122
1267094,C1,C,0.62318,42.80918,0.133,0.99999,53.759274,-27.361492,11.25,0.0037519295295631726,-0.004253903533867818,-0.0009812500864215764,-0.0032726534474462406,0.005757460508539248,0.009536421482916712,0.6250000000000002,0.00800583306343099,0.006012678096013004,500,1.0,False,0.014366860114097024,0,-0.031244209612667443,-0.0023575447142360623
1332632,C3,C,0.6232,42.58487,0.1601,0.99995,52.663742,-28.479296,10.603,0.0022654484762709664,-0.0057407534070909455,-0.003393657221259375,-0.0023470961858315697,0.005509418592810789,0.01277810485453117,0.6250000000000002,0.008006201883361912,0.006012970261533595,500,1.0,False,,0,-0.2556378031270527,-0.2267511382286213
1833321,C1,C,0.6248,42.93252,0.1964,0.99987,53.790253,-27.25433,10.052,0.05627408780777399,0.04823838032993834,0.008474248097580513,0.03976413223235783,0.022994855185553508,-0.10861326962435605,0.6250000000000002,0.00803570747783565,0.006036343503180948,500,1.0,False,0.09675036927621862,0,0.08533297006293444,0.11421963496136582
1280762,C3,C,0.62617,43.14596,0.2244,0.99895,52.046097,-28.494738,9.276,0.0028028896017542855,-0.005259712064979238,-0.003104961677707276,-0.0021547503872719623,0.00904882592708396,0.011677710313280458,0.6250000000000002,0.008062601666733523,0.006056452794483239,500,1.0,False,,0,0.2930668008663189,0.3219534657647503
1251114,C2,C,0.62632,42.8727,0.1309,0.99999,53.801533,-28.814411,10.576,0.004962353061230804,-0.0031032237323730585,-0.0019992057653053052,-0.0011040179670677532,0.014659536106673855,0.006830650667022589,0.6250000000000002,0.008065576793603863,0.006058656337572516,500,1.0,False,,0,0.019182759453093386,0.04806942435152477
1334858,C3,C,0.62737,43.03721,0.2715,0.99642,53.132202,-27.577719,10.49,0.01996375439516663,0.011877351713470381,0.006791700548791395,0.005085651164678986,0.0221833410834039,-0.026431922997986367,0.6250000000000002,0.008086402681696248,0.006074081139197467,500,1.0,False,0.04671955363562069,0,0.1793284473067714,0.20821511220520278
1370308,C3,C,0.62863,42.98062,0.225,0.99989,52.94249,-27.495134,9.729,0.005917863216399327,-0.002193530531007783,4.404900860478962e-05,-0.0022375795396125733,0.0127471090636595,0.0049035050274833895,0.6250000000000002,0.00811139374740711,0.006092590901147407,500,1.0,False,,0,0.11751043875977836,0.14639710365820974
1315832,C2,C,0.6291,42.85659,0.2075,0.98974,54.635948,-28.219814,9.977,0.007906781793799715,-0.00021393401780112932,0.0009324114266887088,-0.0011463454444898386,0.01442992174183767,0.0005255618949724684,0.6250000000000002,0.008120715811600844,0.00609949533616048,500,1.0,False,,0,-0.008467137907133885,0.020419526991297496
1375087,C3,C,0.62952,42.99013,0.1741,0.99997,52.231216,-29.034784,9.967,0.006834714621489092,-0.0012943315453487056,0.0021899144619976956,-0.0034842460073464016,0.010664225638911168,0.002991281391723402,0.6250000000000002,0.008129046166837798,0.006105665256810459,500,1.0,False,0.05399135941872457,0,0.12333364582075597,0.15222031071918735
1311001,C3,C,0.63094,42.93812,0.1931,1.0,52.424263,-28.055548,11.274,0.0029514626268674843,-0.005205748074342871,-0.002327383188117059,-0.002878364886225813,0.005459613483435528,0.0116211414159923,0.6250000000000002,0.008157210701210355,0.006126525464722296,500,1.0,False,,0,0.06545160741890604,0.09433827231733742
1280790,C3,C,0.63211,42.82135,0.2085,0.99793,51.480549,-28.215427,10.394,0.0078755968960073,-0.00030481979479171466,0.0030565715791676983,-0.0033613913739594116,0.011952449059715035,0.0007917929833960828,0.6250000000000002,0.008180416690799015,0.006143713100818669,500,1.0,False,0.07884885209942963,0,-0.05614717540050557,-0.02726051050207419
1314289,C1,C,0.63264,43.27999,0.253,0.8563,53.293701,-26.82618,10.948,0.0029482550942298647,-0.005242673711511019,-0.0021201389290363046,-0.003122534782474716,0.003029857693213027,0.011728876386599491,0.6250000000000002,0.008190928805740884,0.006151498953067454,500,1.0,False,0.14826293610348887,0,0.4003082271457841,0.4291948920442155
1290812,C1,C,0.63503,42.72109,0.2567,0.8474,53.55426,-27.040602,9.847,0.0009062636316352572,-0.007332068862239723,-0.0040646394193907705,-0.0032674294428489538,0.00408555960819459,0.016268022997992668,0.6250000000000002,0.00823833249387498,0.006186608739623293,500,1.0,False,,0,-0.16842147161838178,-0.1395348067199504
1297580,C3,C,0.63561,43.05697,0.1813,1.0,52.22113,-28.735949,10.539,0.015831523404331437,0.007581687086557806,0.010706424178462647,-0.0031247370919048408,0.021838664650133528,-0.016971900261002065,0.6250000000000002,0.00824983631777363,0.006195129106235169,500,1.0,False,,0,0.16507839144393294,0.19396505634236433
1900801,C3,C,0.63579,44.55917,296.596,0.0,52.465832,-27.728773,9.431,0.0027400709483997787,-0.005513335521618261,-0.0028478861218298223,-0.0026654493997884396,0.009063231371385832,0.012243683513789086,0.6250000000000002,0.00825340647001804,0.006197773357942304,500,1.0,False,,0,1.666540148873649,1.6954268137720805
1546021,C1,C,0.63706,42.5523,0.1894,0.99197,54.477123,-27.808594,9.458,0.006401589457799146,-0.0018770064197211117,-0.00252779656993169,0.0006507901502105775,0.011560949530949834,0.004225893241345542,0.6250000000000002,0.008278595877520258,0.006216430022764862,500,1.0,False,,0,-0.3455329118775993,-0.31664624697916793
1340460,C1,C,0.63779,42.93931,0.1648,0.99996,53.346596,-26.75898,10.746,0.004602751671564528,-0.0036903231567247206,-0.00021721602510887516,-0.0034731071316158454,0.012557882949432428,0.008179276193539104,0.6250000000000002,0.008293074828289249,0.006227153932466017,500,1.0,False,,0,0.03849082287530897,0.06737748777374035
1904352,C1,C,0.64337,43.1229,0.2438,0.9998,55.094093,-27.367584,9.982,0.027501051837726734,0.01909730228986081,0.021584382760059417,-0.0024870804701986084,0.017406720597627424,-0.04228449138552422,0.6250000000000002,0.008403749547865925,0.0063091257353871805,500,1.0,False,,0,0.19936131449348543,0.22824797939191682
1420185,C3,C,0.64453,43.03445,0.2129,0.9997,52.394001,-27.508066,9.69,0.06016581018327997,0.05173905298761674,0.007703465982746504,0.04403558700487024,0.04466953998285785,-0.11865135830929685,0.6250000000000002,0.008426757195663227,0.006326166468610936,500,1.0,False,0.23169537801073864,0,0.10621185177226374,0.1350985166706951
1473025,C2,C,0.64649,42.89316,0.1705,0.99238,53.765179,-29.64452,9.697,0.0094060146344402,0.0009403824476711901,8.34629424254869e-05,0.0008569195052457032,0.020166875527782697,-0.0022483835852143627,0.6250000000000002,0.00846563218676901,0.006354959431644175,500,1.0,False,0.2593456382972262,0,-0.04300032531179604,-0.014113660413364662
1370402,C3,C,0.64766,42.86987,0.1476,0.99998,52.218319,-27.574377,10.002,0.004857609614813244,-0.0036312285615444258,-0.001954842062383278,-0.0016763864991611475,0.008203667759999131,0.008167516879480592,0.6250000000000002,0.00848883817635767,0.006372147067740547,500,1.0,False,,0,-0.07100846991477433,-0.04212180501634295
1334707,C3,C,0.64922,42.87882,0.1499,1.0,51.776424,-28.627806,9.025,0.0032857162596711914,-0.005234063236138021,-0.002551200909422986,-0.0026828623267150346,0.0066963229657722315,0.011681225508379009,0.6250000000000002,0.008519779495809213,0.006395063915869045,500,1.0,False,,0,-0.06833669916681523,-0.03945003426838385
1255139,C3,C,0.64989,42.96679,0.2032,1.0,52.319019,-29.002293,9.246,0.0019151337287699965,-0.006617934667060069,-0.0030205096490636646,-0.003597425017996405,0.003920639550423196,0.014728160006197501,0.6250000000000002,0.008533068395830066,0.006404906408334489,500,1.0,False,0.08486020280139893,0,0.01694129832593055,0.04582796322436193
1336925,C1,C,0.64997,42.82085,0.1852,0.97856,54.912556,-27.523815,11.046,0.005977912856100048,-0.0025567422740608694,0.00040364118821088497,-0.0029603834622717543,0.013702541678527086,0.0056821638718652055,0.6250000000000002,0.008534655130160917,0.006406081631315438,500,1.0,False,0.005351612453559764,0,-0.12931995784844624,-0.10043329295001487
1297064,C1,C,0.65045,43.02514,0.1922,0.99573,53.489273,-26.466883,10.805,0.0035449872929822447,-0.004999188243163759,-0.002350464393018202,-0.0026487238501455576,0.005466782123112102,0.011208278318362814,0.6750000000000002,0.008544175536146004,0.0064131329692011275,500,1.0,False,,0,0.09470522778408344,0.1019299618479013
1391191,C2,C,0.65069,43.3449,0.1943,0.99991,55.190578,-29.148733,9.653,0.013799310327758316,0.005250374588619766,0.005353430144585848,-0.0001030555559660834,0.036202402730208125,-0.012586989730572526,0.6750000000000002,0.00854893573913855,0.006416658638143974,500,1.0,False,,0,0.41350236383313993,0.4207270978969578
1265578,C1,C,0.65135,42.83047,0.2115,0.99995,53.979221,-27.168221,10.416,0.0035306432414640345,-0.0050313830559040144,-0.0020691969218804944,-0.00296218613402352,0.008613219669513344,0.01123037649820168,0.6750000000000002,0.008562026297368049,0.0064263542277367995,500,1.0,False,,0,-0.10357376587116016,-0.09634903180734229
1281135,C2,C,0.65195,42.53804,0.1388,0.7646,54.483776,-29.118591,9.52,0.00521607496989316,-0.003357851834956252,0.0003076136257475371,-0.0036654654607037895,0.0018773368166989605,0.007648398870208958,0.6750000000000002,0.008573926804849412,0.006435168400093914,500,1.0,False,0.12896879445503795,0,-0.39840711915105137,-0.3911823850872335
1559124,C2,C,0.65253,42.81356,0.1429,0.99976,54.731014,-29.125076,9.848,0.007122288215203252,-0.0014631424135448119,-0.00013519528954985746,-0.0013279471239949553,0.001571183468341268,0.003510165936932458,0.6750000000000002,0.008585430628748064,0.006443688766705792,500,1.0,False,,0,-0.12520835520674375,-0.11798362114292589
1340521,C1,C,0.65356,43.0426,0.1412,1.0,55.116322,-27.372931,10.23,0.010165078806345151,0.0015592189730874156,0.004215956323856703,-0.0026567373507692875,0.006566101572535975,-0.00315254415880006,0.6750000000000002,0.008605859833257736,0.006458819762585504,500,1.0,False,,0,0.09971429861547512,0.10693903267929299
1261587,C3,C,0.65387,42.85569,0.1565,0.9999,51.658005,-28.311613,10.2,0.011479320292506817,0.002867311863717045,0.0006229242396851202,0.0022443876240319243,0.013558608213277264,-0.0061464264584260055,0.6750000000000002,0.008612008428789772,0.00646337375163668,500,1.0,False,0.07386916746781791,0,-0.08843369026504086,-0.081208956201223
1833564,C3,C,0.65461,42.87566,0.23,0.98851,52.822403,-27.66667,9.151,0.0041360979415941065,-0.004490587779756014,-0.0008880147332786257,-0.003602573046477389,0.004636775062524153,0.01010182496352302,0.6750000000000002,0.00862668572135012,0.006474244564210454,500,1.0,False,,0,-0.07141662627873921,-0.06419189221492135
1643213,C3,C,0.65526,43.03976,0.1831,1.0,52.805607,-28.241508,9.734,0.0028452810296655043,-0.005794296908122758,-0.0024937597277768907,-0.0033005371803458677,0.003080876903173546,0.012956589171156907,0.6750000000000002,0.008639577937788263,0.00648379325093066,500,1.0,False,,0,0.09009220600955906,0.09731694007337692
1370391,C2,C,0.65692,42.81892,0.1397,0.99987,54.945316,-29.8078,9.327,0.0049689688886279185,-0.003703533786525449,-0.0022242554273815733,-0.0014792783591438762,0.007499078174572891,0.008354736759419688,0.6750000000000002,0.008672502675153368,0.006508179127785342,500,1.0,False,0.09462134562923982,0,-0.1373541189237519,-0.13012938485993403
1259667,C3,C,0.65871,43.30961,0.194,0.99997,52.069096,-27.355251,10.095,0.002477600748366004,-0.006230405107440095,-0.002722360306278938,-0.0035080448011611575,0.0028904927422762528,0.01391285132190629,0.6750000000000002,0.0087080058558061,0.006534474741984067,500,1.0,False,,0,0.3462300297683934,0.35345476383221125
1390173,C1,C,0.65875,43.17347,0.1778,0.99995,53.54335,-27.570875,9.911,0.007066608078662505,-0.0016421911443090182,0.00035854824821061285,-0.002000739392519632,0.004142529565917629,0.0038882691689663337,0.6750000000000002,0.008708799222971523,0.006535062353474542,500,1.0,False,,0,0.20993145051237952,0.2171561845761974
1642138,C1,C,0.65971,43.01035,0.149,0.99997,54.310814,-26.420183,9.175,0.0022872474144963297,-0.006440592620445377,-0.0037505046055727794,-0.0026900880148725964,0.0002624067359319811,0.014379883327337507,0.6750000000000002,0.008727840034941706,0.006549165029245926,500,1.0,False,0.052352519416042576,0,0.04300830454018103,0.0502330386039989
1319776,C1,C,0.6598,43.19205,0.178,0.97272,54.932148,-26.508446,10.237,0.00906567083324238,0.0003360457221784699,0.0036397844452120487,-0.0033037387230335793,0.009684367714551083,-0.0005275432072601519,0.6750000000000002,0.00872962511106391,0.006550487155099493,500,1.0,False,,0,0.2243520306348126,0.23157676469863048
1314709,C1,C,0.65988,43.01096,0.1669,0.99981,54.872704,-26.824259,9.784,0.02262119601875614,0.013889984173361382,0.015491359727722035,-0.0016013755543606554,0.024891618597155562,-0.030987234105895684,0.6750000000000002,0.008731211845394757,0.00655166237808044,500,1.0,False,,0,0.04294538168233066,0.05017011574614853
1263852,C1,C,0.66083,42.98736,0.2043,0.9986,54.290184,-27.414892,11.03,0.0013379567877783586,-0.007412097527795223,-0.0036164298897300553,-0.0037956676380651684,0.002176362669102074,0.016489852033645933,0.6750000000000002,0.008750054315573581,0.006565618150979205,500,1.0,False,,0,0.015587975750769999,0.02281270981458787
1261191,C1,C,0.66147,42.92792,0.0409,0.99291,53.317905,-26.684481,9.036,0.006012887142420311,-0.0027498610478000583,0.0007762789074281778,-0.003526139955228236,0.005847624581502666,0.006295103823652736,0.6750000000000002,0.00876274819022037,0.006575019934826794,500,1.0,False,,0,-0.04638042163159548,-0.03915568756777761
1434258,C3,C,0.66195,43.02057,0.2122,1.0,52.984058,-27.69455,9.339,0.0006357325683082391,-0.00813653602789722,-0.004709262437626108,-0.0034272735902711134,0.0021922401899329667,0.018065832446591195,0.6750000000000002,0.00877226859620546,0.0065820712727124855,500,1.0,False,9.02554228466461e-05,0,0.04437481344313545,0.05159954750695332
1264038,C3,C,0.66362,42.84266,0.1586,0.99928,53.542889,-28.406431,10.535,0.006288301118481704,-0.0025170905568802143,0.0007849378726597165,-0.0033020284295399312,0.0008113715039800619,0.005827118587626325,0.6750000000000002,0.008805391675361918,0.006606604052439786,500,1.0,False,,0,-0.14011717726846393,-0.13289244320464605
1945100,C3,C,0.6646,43.52627,222.1539,0.0,52.615055,-27.399786,10.22,0.007992433612139022,-0.0008323955587757875,0.001989533509055996,-0.0028219290678317853,0.014242402400198903,0.001925736021545478,0.6750000000000002,0.00882482917091481,0.006621000533956405,500,1.0,False,,0,0.5396377018280285,0.5468624358918464
1250823,C3,C,0.66487,43.14936,0.2147,0.94316,52.689095,-27.561094,10.199,0.005706963357736455,-0.0031232210415449687,0.0005161645464949972,-0.003639385588039966,0.00697163369533955,0.0071029545711384125,0.6750000000000002,0.008830184399281423,0.006624966911517106,500,1.0,False,,0,0.1616665311376986,0.16889126520151648
1295794,C3,C,0.67098,43.00473,0.2607,0.94971,52.681114,-27.389771,11.435,0.004027146213706595,-0.004924225020093374,-0.00392783386806172,-0.0009963911520316547,0.013256774397168127,0.010903001433368715,0.6750000000000002,0.008951371233799969,0.006714724566687053,500,1.0,False,0.009766723719015189,0,-0.006867887770986215,0.0003568462928316557
1326299,C3,C,0.67382,43.30403,0.1937,1.0,52.642685,-27.521036,9.622,0.004875270200539792,-0.004132430102005294,-0.0005619736425459829,-0.0035704564594593105,0.000784026568943141,0.009366043692991415,0.6750000000000002,0.009007700302545087,0.006756444982510727,500,1.0,False,,0,0.28139182891978815,0.288616562983606
1260645,C2,C,0.67405,43.05539,0.1608,0.99998,55.096146,-29.632816,10.718,0.0064232025039633305,-0.0025890596597829448,0.0002224432449558656,-0.002811502904738812,0.007460633928182596,0.005935594034463932,0.6750000000000002,0.009012262163746275,0.006759823748580956,500,1.0,False,0.22332068934619637,0,0.03185967066632236,0.03908440473014023
1290593,C3,C,0.67528,43.16126,0.2832,0.99831,52.6693,-27.69029,11.067,0.0018102916124250689,-0.007226674204695398,-0.003465033890114537,-0.003761640314580863,0.0032633531300984087,0.016098588915209926,0.6750000000000002,0.009036965817120468,0.006777309599549651,500,1.0,False,,0,0.1329635009934416,0.14018823505725947
1329168,C3,C,0.67651,42.84811,0.1619,1.0,52.65675,-27.635353,10.795,0.0024144746089205475,-0.006648238548665284,-0.002923576824729268,-0.0037246617239360177,0.007165640436914515,0.014796557481118286,0.6750000000000002,0.009062713157585832,0.006792816728213986,500,1.0,False,0.1024688191540761,0,-0.18494437008299422,-0.17771963601917634
1548070,C3,C,0.67651,43.04567,0.1873,1.0,53.050831,-27.758369,10.729,0.0023547497785302877,-0.006707963379055544,-0.003112985238652253,-0.0035949781404032927,0.0028416573409611808,0.014974368800364964,0.6750000000000002,0.009062713157585832,0.006792816728213986,500,1.0,False,,0,0.012615629917008618,0.01984036398082649
1336599,C3,C,0.67747,42.91771,0.3624,0.3338,52.838634,-27.9827,11.324,0.004056442459551414,-0.005026366183275683,-0.0013613497521693559,-0.003665016431106326,0.012760387719110597,0.011135231462506244,0.6750000000000002,0.009082808642827097,0.006804919853025178,500,1.0,False,0.005406952136252823,0,-0.11905208264189945,-0.11182734857808159
1319667,C1,C,0.67756,42.94647,0.132,0.98046,54.432259,-26.696482,10.808,0.04575357586905563,0.03666888327448717,-0.0029385821115659886,0.039607465386053156,0.0010559565300555657,-0.08156167554784491,0.6750000000000002,0.009084692594568466,0.006806054520976227,500,1.0,False,0.061553685114094286,0,-0.09063942288443536,-0.08341468882061749
1311151,C3,C,0.67765,43.07834,0.2179,0.99999,53.169743,-27.660198,10.687,0.008309053094208709,-0.0007775234521011243,0.0019336111828558685,-0.002711134634956993,0.013604732738180882,0.0018318456691099987,0.6750000000000002,0.009086576546309833,0.006807189188927276,500,1.0,False,,0,0.04088328102236096,0.04810801508617883
1310916,C2,C,0.67923,42.76458,0.1263,0.99979,54.774956,-28.236753,10.839,0.07301839662285713,0.06389874625708772,0.0003980521214203411,0.06350069413566738,0.033969702745178,-0.14595207370179752,0.6750000000000002,0.00911965036576941,0.006827108915179025,500,1.0,False,0.016513521078113203,0,-0.278966515641847,-0.27174178157802914
1332795,C1,C,0.67984,43.19576,0.1813,0.99995,54.081429,-26.71279,10.881,0.006482994472076261,-0.0026494248999401997,0.0003575535471488844,-0.0030069784470890854,0.009329398166501588,0.0060386917102495975,0.6750000000000002,0.00913241937201646,0.006834799442402803,500,1.0,False,0.03843223164110865,0,0.14986598744068494,0.15709072150450282
1334257,C1,C,0.68005,42.83564,0.128,1.0,54.054943,-27.66481,10.841,0.020222637477624587,0.0110858222182116,-0.002279316115039789,0.013365138333251389,0.01787725818247185,-0.024455868776449306,0.6750000000000002,0.009136815259412987,0.0068374470009552515,500,1.0,False,0.28996160828546774,0,-0.21106170072995575,-0.20383696666613788
1560099,C3,C,0.68006,43.16714,0.2156,0.99998,52.712143,-28.213511,10.927,0.005931728427738753,-0.003205296159645498,0.000249479236119423,-0.003454775395764921,0.007361918731238386,0.007282001570229601,0.6750000000000002,0.009137024587384251,0.006837573075172033,500,1.0,False,0.0015237551039843855,0,0.12039984388402396,0.12762457794784182
1263130,C3,C,0.68017,42.81778,0.2203,0.99991,52.374233,-28.327822,11.189,0.009925111606209906,0.000785784411141759,0.001095860183101531,-0.0003100757719597712,0.0010256725923945707,-0.0015238167574819182,0.6750000000000002,0.009139327195068147,0.00683895989155665,500,1.0,False,0.005576816631650429,0,-0.22938312964039562,-0.22215839557657774
1927203,C1,C,0.68069,43.08039,0.1459,0.97666,54.053375,-26.959591,10.283,0.015428164203475845,0.006277951953902015,0.009769526651541658,-0.0034915746976396417,0.019786442982472,-0.01392977076404996,0.6750000000000002,0.00915021224957383,0.006845515750829378,500,1.0,False,,0,0.031228245179698376,0.03845297924351625
1264606,C3,C,0.6811,42.98488,0.1629,0.99998,52.726147,-27.894068,10.737,0.016253448311591485,0.007094653615195866,0.002616394461254724,0.00447825915394114,0.030684737509492174,-0.016324766624383334,0.6750000000000002,0.00915879469639562,0.00685068479371749,500,1.0,False,0.20207007316637918,0,-0.06585656362918876,-0.0586318295653709
1330559,C1,C,0.68131,43.28465,0.1929,0.99995,54.03083,-27.083225,10.735,0.0026257752596798543,-0.00653741532411229,-0.0034722075809123154,-0.003065207743199974,0.009549059052285704,0.014516139765757679,0.6750000000000002,0.009163190583792145,0.006853332352269937,500,1.0,False,,0,0.23310717841285913,0.240331912476677
1256596,C3,C,0.68138,43.19335,0.1633,1.0,52.929001,-27.730846,10.278,0.0019475689276612054,-0.007217086951929781,-0.003450974415012803,-0.0037661125369169773,0.004178883904973019,0.01607788560433509,0.6750000000000002,0.009164655879590986,0.006854214871787421,500,1.0,False,0.23600851681356985,0,0.14153847863033156,0.14876321269414944
1320030,C3,C,0.68141,43.02137,0.1831,0.99996,52.556606,-28.334007,10.437,0.00695994947494199,-0.002205334388562784,-0.0021956741632224645,-9.660225340320065e-06,0.0211643505978781,0.004637903832992545,0.6750000000000002,0.009165283863504774,0.006854593094437769,500,1.0,False,0.004407015540528436,0,-0.03055667032927454,-0.023331936265456668
1277710,C3,C,0.68179,43.09853,0.1757,0.9999,52.448914,-28.976282,10.023,0.0068186932760709845,-0.002354545050341791,0.0006523207288250937,-0.0030068657791668843,0.012633872518520644,0.005297090731147881,0.6750000000000002,0.009173238326412776,0.006859383914675533,500,1.0,False,0.0018373280849571215,0,0.04514519614045389,0.05236993020427176
1333489,C3,C,0.68179,43.24179,0.1762,1.0,52.939812,-28.331917,10.921,0.006507880587447113,-0.0026653577389656622,-0.00015187984731668703,-0.0025134778916489743,0.006538798278375022,0.006120287154561078,0.6750000000000002,0.009173238326412776,0.006859383914675533,500,1.0,False,6.540650140620618e-05,0,0.18840519614045895,0.19562993020427683
1346627,C3,C,0.68193,43.02045,0.1539,1.0,53.300381,-28.336512,10.553,0.0022850661691328684,-0.0068911027488775915,-0.004092017460497947,-0.0027990852883796446,0.007308346434818022,0.015329699324131783,0.6750000000000002,0.00917616891801046,0.006861148953710499,500,1.0,False,0.15111806079920093,0,-0.03347181481696191,-0.02624708075314404
1295509,C3,C,0.68363,42.92092,0.1719,0.99974,52.941978,-28.291639,9.815,0.007794260593566273,-0.0014174940795589185,0.0013608359999472555,-0.0027783300795061745,0.012423823706788071,0.0032840797372005355,0.6750000000000002,0.009211754673125192,0.006882581570563646,500,1.0,False,0.001027541680773097,0,-0.139514252098599,-0.13228951803478112
1341743,C3,C,0.68422,43.01879,0.1585,1.0,53.072044,-28.158558,10.794,0.003725893069461742,-0.005498211953967978,-0.003269417228507208,-0.0022287947254607697,0.00818342463049031,0.01228120903830068,0.6750000000000002,0.00922410502342972,0.006890019949353858,500,1.0,False,0.0007837455914311069,0,-0.04390082640069346,-0.03667609233687559
1251022,C1,C,0.68428,42.91859,0.1182,0.99998,54.067398,-28.060661,10.877,0.021727929312877876,0.012502568321620578,0.011208868176413356,0.0012937001452072222,0.021930034362783662,-0.027785376721305707,0.6750000000000002,0.009225360991257299,0.006890776394654557,500,1.0,False,,0,-0.1443302041355272,-0.1371054700717093
1433114,C3,C,0.68438,43.04141,0.2285,0.99987,51.889549,-28.011276,11.102,0.00573652885932549,-0.003490925411644438,-0.0010868705997809794,-0.002404054811863457,0.008570768986511965,0.007896448402490562,0.6750000000000002,0.009227454270969928,0.006892037136822388,500,1.0,False,0.06917678908559824,0,-0.021892457559913737,-0.014667723496095866
1308589,C3,C,0.68576,42.60976,0.359,0.2691,52.369991,-28.462612,9.175,0.021316496904082983,0.01206015537307874,0.015924859240340806,-0.003864703867262065,0.010956089213484729,-0.026401347847964964,0.6750000000000002,0.009256341531004244,0.006909435378738475,500,1.0,False,,0,-0.4588120990558399,-0.45158736499202207
1642178,C3,C,0.68673,42.97455,0.1554,1.0,52.388626,-28.350616,10.729,0.004825745677962539,-0.004450900666254229,-0.001650327402267269,-0.0028005732639869605,0.00618991263621937,0.009991518631042093,0.6750000000000002,0.009276646344216767,0.006921664577766447,500,1.0,False,0.00944430940340185,0,-0.0977200469513155,-0.09049531288749764
1896213,C3,C,0.68688,42.9114,0.2067,1.0,52.233013,-27.125195,11.078,0.010637166822060633,0.001357380558274916,-0.0041950509606919276,0.0055524315189668435,0.0178930099539867,-0.0029873835414650357,0.6750000000000002,0.009279786263785717,0.006923555691018197,500,1.0,False,,0,-0.1614414478221837,-0.15421671375836582
1950043,C1,C,0.68828,43.13319,0.161,0.8323,54.209713,-27.262325,9.815,0.0013094599847216079,-0.007999632195040948,-0.0039861931145920085,-0.00401343908044894,0.004613436075490466,0.017785638324427037,0.6750000000000002,0.009309092179762555,0.006941206081367848,500,1.0,False,0.16520956239486337,0,0.05502123453403931,0.06224596859785718
1320009,C3,C,0.69164,43.21584,0.1743,1.0,53.018257,-28.651703,10.747,0.006257251338671195,-0.003122175039435777,-0.0016176223426324736,-0.0015045526968033027,0.004254335925431129,0.007151275373596545,0.6750000000000002,0.009379426378106973,0.006983567018207014,500,1.0,False,0.00847698091792581,0,0.12492791493056025,0.13215264899437812
1277716,C3,C,0.69313,43.02789,0.1923,0.99992,53.550053,-28.18001,10.996,0.024607810845512983,0.015197194599687804,0.006535536083845762,0.008661658515842042,0.011219689490049626,-0.03338308467577602,0.6750000000000002,0.00941061624582518,0.007002352076507713,500,0.9,False,0.23443563105018517,0,-0.06865416181965053,-0.06142942775583267
1332709,C1,C,0.69371,43.33734,0.1673,0.99999,55.129387,-27.696405,10.024,0.0033284426885933954,-0.006094314579565049,-0.004057243296486068,-0.0020370712830789814,0.014779575432895828,0.013403396557941955,0.6750000000000002,0.009422757268158444,0.007009664381081143,500,1.0,False,,0,0.23860662374266275,0.24583135780648063
1645208,C3,C,0.69516,43.15819,0.1696,1.0,52.949448,-29.020847,9.102,0.003871558958441678,-0.005581550865549921,-0.0025679724716073395,-0.003013578393942581,0.010375465333958625,0.012428077663297017,0.6750000000000002,0.009453109823991598,0.007027945142514709,500,1.0,False,,0,0.053991255576428386,0.06121598964024626
1449102,C3,C,0.6983,43.28168,0.2385,0.99998,52.779289,-28.6791,10.014,0.005225325959800128,-0.004293512847168099,-0.0035586343423319997,-0.0007348785048360987,0.010975419630477073,0.00961381925069726,0.6750000000000002,0.009518838806968227,0.007067532446584644,500,1.0,False,,0,0.16568327722624424,0.1729080112900621
1387174,C2,C,0.69842,42.95633,0.1275,0.99991,54.837074,-29.843889,8.754,0.008050294985535968,-0.001471055757087416,0.0013212553390858266,-0.002792311096173241,0.006779700787193284,0.003522240994252041,0.6750000000000002,0.009521350742623384,0.0070690453371860425,500,1.0,False,,0,-0.16011659087593608,-0.1528918568121182
1904287,C3,C,0.69904,43.43597,0.1802,1.0,52.376041,-27.327644,10.678,0.0022976867882358925,-0.007236642288605805,-0.0038222192633827483,-0.003414423025223058,0.007280023395752204,0.01611372628862734,0.6750000000000002,0.009534329076841697,0.007076861938626602,500,1.0,False,,0,0.31720027105728926,0.3244250051211071
1324062,C3,C,0.70325,43.60504,255.9629,0.0,53.322296,-27.90621,11.111,0.009584813733263902,-3.764241947958047e-05,-0.0053507906090841184,0.005313148189604536,0.013594109574218204,0.00022887277310806517,0.7250000000000002,0.009622456152743483,0.007129939183892342,500,0.925,False,0.021282841626302656,0,0.4467495552581384,0.4777722354973764
1254150,C3,C,0.70417,43.09897,0.1584,1.0,53.052078,-27.550299,10.237,0.014198931229718131,0.004557216903618442,-0.0028523294072591828,0.0074095463108776235,0.01991981634111202,-0.01006312548146461,0.7250000000000002,0.00964171432609969,0.0071415380118363975,500,1.0,False,0.03290164713614249,0,-0.06274427195987742,-0.031721591720639444
1262895,C3,C,0.70548,42.95925,0.2643,0.8796,52.514614,-28.743109,10.654,0.010949985243615415,0.001280848953280251,0.00397009480823643,-0.002689245854956178,0.01551786862216176,-0.002696805209825008,0.7250000000000002,0.009669136290335164,0.007158053734235002,500,1.0,False,,0,-0.2073321022594412,-0.17630942202020322
1891266,C3,C,0.70836,43.14275,0.3111,0.99988,52.334877,-27.587389,10.742,0.017770663348988188,0.00804124060292924,-0.002798930389065585,0.010840170991994826,0.03728910356749049,-0.01887355053274708,0.7250000000000002,0.009729422746058949,0.007194363108668571,500,1.0,False,0.10726076471001426,0,-0.03450346012308914,-0.003480779883851162
1265623,C1,C,0.70978,43.40826,0.2022,0.99972,53.103416,-27.02441,10.771,0.013522880860276726,0.003763733542298411,0.007874395533530136,-0.004110661991231724,0.011328105033603928,-0.008041454171795404,0.7250000000000002,0.009759147317978315,0.007212265647451789,500,1.0,False,,0,0.22576029219454496,0.25678297243378295
1563063,C2,C,0.71552,43.23435,0.1639,0.99999,54.621601,-29.283367,10.796,0.0036813665285068188,-0.006197935044976543,-0.002248926893021617,-0.003949008151954925,0.01528655513083149,0.013675880624947416,0.7250000000000002,0.009879301573483362,0.007284632247885364,500,1.0,False,0.11738714792016414,0,0.030745865008805266,0.06176854524804325
1340493,C1,C,0.71719,43.14355,0.1559,1.0,54.050762,-26.164101,11.282,0.01445314750003832,0.004538888155354014,0.005220068547425578,-0.0006811803920715644,0.019947354872667484,-0.010025460624080624,0.7250000000000002,0.009914259344684305,0.007305686642088163,500,1.0,False,0.012235105026234705,0,-0.06616372848640695,-0.035141048247168974
1894320,C2,C,0.7188,43.29152,0.166,0.99999,53.22044,-29.139114,10.931,0.004090320587191578,-0.005857640560866092,-0.0025216736786798895,-0.003335966882186203,0.002769857779395467,0.013178619526254421,0.7250000000000002,0.00994796114805767,0.007325984590990263,500,1.0,False,,0,0.07592911621453324,0.10695179645377122
1433040,C2,C,0.71949,42.9925,0.145,0.99873,53.648689,-29.713867,11.385,0.008120985487940914,-0.001841419290133912,-0.002897308746377127,0.0010558894562432142,0.009768298819521766,0.00431089176738229,0.7250000000000002,0.009962404778074826,0.007334683711948305,500,1.0,False,0.011509226572995466,0,-0.22560579179040574,-0.19458311155116775
1646092,C2,C,0.7207,43.45301,0.1924,0.99998,54.967178,-28.979538,10.648,0.006000289411432359,-0.0039874440511653095,-0.0038361878553197014,-0.00015125619584560688,0.008283470295649634,0.009035696790017774,0.7250000000000002,0.009987733462597669,0.0073499386921790765,500,1.0,False,0.0606729819259604,0,0.23049960041439888,0.26152228065363686
1277995,C3,C,0.72199,42.90227,0.3024,0.99966,53.256645,-28.226553,10.593,0.00975252450373573,-0.00026221226715488453,0.0006535127716211734,-0.0009157250387760566,0.006051529824986789,0.0009153456612627543,0.7250000000000002,0.010014736770890615,0.007366202266144113,500,0.95,False,,0,-0.324928396854274,-0.293905716615036
1306067,C2,C,0.7222,43.01877,0.1089,1.0,55.089508,-28.779917,10.355,0.013274072582774028,0.003254939924486888,-0.00429850797667438,0.0075534479011612685,0.013879817301293458,-0.006984657026839466,0.7250000000000002,0.01001913265828714,0.00736884982469656,500,1.0,False,,0,-0.20919079677127983,-0.17816811653204184
1312818,C1,C,0.72292,43.31795,0.1427,1.0,54.390839,-27.473436,10.701,0.001701249443917632,-0.008332954828300456,-0.004238364087004855,-0.0040945907412956,0.00910213350392435,0.018493646184580617,0.7250000000000002,0.010034204272218088,0.0073779271683049544,500,1.0,False,0.05675248995890696,0,0.08737687823616525,0.11839955847540322
1701088,C2,C,0.72403,43.20605,0.1686,0.99995,55.073814,-28.443474,10.269,0.06716429799400732,0.05710685831697902,-0.002863682691973453,0.05997054100895247,0.00879175440128718,-0.12874070740294014,0.7250000000000002,0.010057439677028296,0.007391921406367891,500,1.0,False,0.1167207067162404,0,-0.02854555771955903,0.002477122519678951
1900856,C2,C,0.72416,43.1593,0.1552,1.0,54.840744,-28.397083,11.218,0.022588657739127264,0.012528496798472549,0.00879331419837741,0.003735182600095136,0.02067561112416874,-0.027759021001415342,0.7250000000000002,0.010060160940654716,0.007393560371186073,500,1.0,False,0.02803684112843352,0,-0.07576626575527556,-0.04474358551603759
1335259,C1,C,0.72701,43.50631,0.2041,0.99999,54.514759,-27.697821,10.653,0.007838153378714696,-0.002284010119668783,-0.0012330652872985836,-0.0010509448323701982,0.015861902108229697,0.005111709990620321,0.7250000000000002,0.010122163498383479,0.007427041218226444,500,1.0,False,,0,0.26094473920409356,0.29196741944333154
1263139,C1,C,0.72737,43.42614,0.1679,0.99999,53.936253,-28.025343,9.436,0.005385708044707341,-0.00474441109692557,-0.001922344738849216,-0.0028220663580763527,0.011415476870138488,0.010623842743366358,0.7250000000000002,0.01013011914163291,0.007431141029479682,500,0.9,False,,0,0.1794765776262126,0.2104992578654506
1299712,C2,C,0.73064,43.22599,0.1392,0.99999,53.552898,-28.897259,11.021,0.0033544388182102118,-0.006847944082938362,-0.004954905177963105,-0.001893038904975259,0.005059822210509881,0.015333837523125591,0.7250000000000002,0.010202382901148574,0.007468380981696594,500,1.0,False,,0,-0.03243682267773652,-0.0014141424384985363
1555053,C1,C,0.73072,43.30631,0.1456,0.99997,53.683319,-26.644308,10.797,0.01615285663252758,0.0059487058106569065,0.005848709590378378,9.999622027852609e-05,0.010860364986801586,-0.012835105407770213,0.7250000000000002,0.010204150821870673,0.007469292050863982,500,1.0,False,0.0446172691134326,0,0.04759602313860411,0.07861870337784209
1290043,C3,C,0.73488,43.27814,0.1854,1.0,53.040497,-27.71343,11.191,0.014998188690049243,0.004702105990629587,0.008433209364168174,-0.0037311033735385876,0.01896488311866464,-0.010362528202605963,0.7250000000000002,0.010296082699419656,0.007516667647568066,500,1.0,False,0.017015586092409843,0,0.004535557182998799,0.03555823742223678
1617030,C3,C,0.73615,43.19871,0.2303,0.99993,53.294022,-28.177332,9.322,0.007819571512486228,-0.0025045769283966995,-0.001465800881418523,-0.0010387760469781765,0.014322705112846482,0.00565317667105536,0.7250000000000002,0.010324148440882927,0.007531130870600322,500,0.825,True,,0,-0.0794241612827078,-0.04840148104346982
1297490,C3,C,0.73677,43.19219,0.2383,0.99999,53.260384,-28.290657,10.503,0.004848440846010552,-0.005489408980468619,-0.005036448533361423,-0.0004529604471071964,0.00802226757972696,0.012336817440470825,0.7250000000000002,0.010337849826479171,0.007538191656647566,500,1.0,False,,0,-0.08815278662164716,-0.05713010638240919
1302185,C3,C,0.73717,43.39277,0.2572,0.99973,53.147877,-28.521965,9.965,0.0018073680335720368,-0.008539321396517613,-0.004343167193556436,-0.004196154202961177,0.0030049976033727933,0.019044502964030586,0.7250000000000002,0.010346689430089649,0.007542747002484496,500,1.0,False,,0,0.11100324362751635,0.14202592386675433
1315947,C3,C,0.73781,43.12842,0.1531,1.0,52.611301,-28.142172,10.403,0.0070199959591714135,-0.003340836836695003,0.0005582480516232134,-0.0038990848883182164,0.015804993849857268,0.007417622335601667,0.7250000000000002,0.010360832795866417,0.007550035555823587,500,1.0,False,,0,-0.15562356064984173,-0.12460088041060376
1309376,C1,C,0.74009,43.42073,0.1588,0.99999,54.044285,-28.000912,11.025,0.004480250730626601,-0.005930967805819547,-0.004220753624880727,-0.0017102141809388202,0.009649390606135589,0.013273494275597274,0.7250000000000002,0.010411218536446148,0.007576001027094095,500,1.0,False,,0,0.12859075741499182,0.1596134376542298
1307783,C3,C,0.74061,43.58119,0.2452,0.99761,52.68726,-27.469807,10.985,0.025010454567390372,0.014587744546250602,0.006836165180602855,0.007751579365647748,0.007984260860279592,-0.03202932488879705,0.7250000000000002,0.01042271002113977,0.007581922976682105,500,1.0,False,0.020458345062937724,0,0.2872077391835093,0.31823041942274727
1700109,C3,C,0.74119,43.5003,0.2446,0.99984,52.432846,-27.650053,10.178,0.01575383068423982,0.0053183032378648545,-0.0036770906052611806,0.008995393843126033,0.019392113960587553,-0.011824725286884316,0.7250000000000002,0.010435527446374967,0.007588528228145656,500,1.0,False,0.05823029077814597,0,0.20426353543511921,0.2352862156743572
1537077,C3,C,0.7445,43.10547,0.2244,0.99586,53.093517,-27.494064,9.861,0.07112671910747949,0.06061804394122781,-0.0017610431340723482,0.062379087075300155,0.008429961040769242,-0.1369589245050885,0.7250000000000002,0.010508675166251683,0.007626223714946262,500,1.0,False,0.34221840068787623,0,-0.20226002765990203,-0.17123734742066404
1257605,C3,C,0.74535,43.18219,0.179,1.0,52.446148,-27.333338,10.659,0.011142618404008453,0.0006151590800845038,0.004537970473604835,-0.003922811393520328,0.011374777528891437,-0.0010872398043521823,0.7250000000000002,0.01052745932392395,0.007635903824849739,500,1.0,False,,0,-0.12853481963671798,-0.09751213939748
1898252,C2,C,0.74571,43.16479,0.1228,0.99999,54.963478,-29.833128,11.021,0.02028363273744588,0.009748217770272502,0.0123213731159018,-0.0025731553456292988,0.012188200260891485,-0.021280458955518396,0.7250000000000002,0.01053541496717338,0.007640003636102978,500,1.0,False,0.03894690412496921,0,-0.14720220970864362,-0.11617952946940564
1250882,C3,C,0.74658,43.44188,6.7654,0.0012,52.342525,-27.732635,9.835,0.005991379006266094,-0.004563262098760079,-0.003023938342818598,-0.0015393237559414804,0.01760697241673968,0.010055794400565345,0.7250000000000002,0.010554641105026174,0.007649911513298304,500,1.0,False,,0,0.12682736465299782,0.1578500448922358
1295800,C3,C,0.74855,43.4209,0.2713,0.99828,52.383057,-28.782734,10.125,0.003099594749832654,-0.0074985814029751305,-0.003840403188087657,-0.003658178214887472,0.009022389288208981,0.016705661508213333,0.7250000000000002,0.010598176152807785,0.00767234659154519,500,1.0,False,,0,0.09893012524098466,0.12995280548022264
1864046,C3,C,0.7487,43.61985,0.214,0.99955,52.43116,-28.635283,9.6,0.003306321410142607,-0.007295169594019107,-0.003956920720636062,-0.0033382488733830445,0.006564983359553093,0.016324119113689407,0.7250000000000002,0.010601491004161714,0.007674054846234039,500,1.0,False,,0,0.2973541513489424,0.3283768315881804
1337549,C2,C,0.74877,43.45196,0.1508,0.99985,54.528187,-29.439669,9.363,0.005325427626928624,-0.005277610307864923,-0.0010269696844444958,-0.004250640623420428,0.011573032682690845,0.011807628951705689,0.7250000000000002,0.010603037934793547,0.007674852031755502,500,1.0,False,0.03312614008703256,0,0.1292187316439255,0.1602414118831635
1302027,C2,C,0.74899,43.26925,0.1639,0.99966,55.160618,-29.382671,11.148,0.005408117376647467,-0.005199782340131845,-0.0023068541644567387,-0.0028929281756751063,0.008481473553858147,0.011712311938471942,0.7250000000000002,0.010607899716779312,0.007677357471965815,500,1.0,False,0.153580066209641,0,-0.054262443402193,-0.02323976316295502
1933196,C2,C,0.75011,43.12881,0.1337,0.90313,54.314251,-29.233372,10.592,0.03509010574082963,0.02445745513394098,0.02880412263362722,-0.004346667499686246,0.02367485008137998,-0.05458633269545837,0.7750000000000002,0.010632650606888653,0.007690112440309222,500,1.0,False,,0,-0.1696580206426364,-0.16760236120329325
1310964,C2,C,0.75147,43.43784,0.171,0.99999,54.153641,-29.384817,10.168,0.002182378764060607,-0.008480326495103675,-0.00414842979967418,-0.004331896695429494,0.0019510799782718727,0.018943780181963132,0.7750000000000002,0.010662705259164282,0.007705600616154787,500,1.0,False,,0,0.1346164124201718,0.13667207185951497
1380167,C3,C,0.75331,43.16429,0.1731,1.0,52.879337,-28.709394,9.861,0.025677286001841704,0.014973918566069219,0.016953764661828026,-0.0019798460957588093,0.019233085937531116,-0.03309739119309127,0.7750000000000002,0.010703367435772486,0.007726555207004672,500,1.0,False,0.052124267813449976,0,-0.145354391394996,-0.14329873195565285
1929022,C1,C,0.75356,43.51644,0.148,0.99998,54.777885,-26.572632,10.827,0.009222483490599943,-0.0014864086974290917,-0.0003603395461701988,-0.0011260691512588934,0.017261216756730015,0.0033258633358546168,0.7750000000000002,0.010708892188029034,0.007729402298152752,500,1.0,False,,0,0.20592438464373658,0.20798004408307974
1304506,C3,C,0.75421,43.43701,0.1753,1.0,53.164501,-28.657007,10.449,0.005193601756754672,-0.005529654787141392,-0.0031201404381189066,-0.002409514349022487,0.0027051836573646843,0.01251306913030275,0.7750000000000002,0.010723256543896064,0.0077368047351377665,500,1.0,False,0.00542124375074821,0,0.1242305069154949,0.12628616635483808
1263788,C3,C,0.75729,43.40246,0.4836,0.99999,53.077705,-28.667744,11.327,0.007280931382809832,-0.0035103901088869224,-0.0034464278524094223,-6.396225647750057e-05,0.016789014250277418,0.007822394618710364,0.7750000000000002,0.010791321491696754,0.0077718808980821365,500,1.0,False,0.1111313442858037,0,0.07897874418944864,0.08103440362879182
1536112,C3,C,0.75888,43.36227,0.1504,1.0,53.059582,-28.29002,10.974,0.003282392819385421,-0.007544066096662989,-0.00402449557360275,-0.0035195705230602384,0.00382508270545542,0.01690618388381803,0.7750000000000002,0.01082645891604841,0.007789988397783937,500,1.0,False,,0,0.03328056401996774,0.03533622345931091
1552143,C1,C,0.75991,43.31795,0.1348,1.0,54.115929,-26.586367,10.761,0.03684586726598936,0.02599664637064397,0.015146216979519043,0.01085042939112493,0.021464999883622594,-0.057933269200312554,0.7750000000000002,0.010849220895345391,0.007801718413314035,500,1.0,False,0.12410293708200987,0,-0.01460168474063325,-0.012546025301290079
1330350,C3,C,0.76303,43.38159,0.1797,1.0,52.064053,-27.787922,10.99,0.0009768006245947842,-0.009941369178912345,-0.005670489359409734,-0.004270879819502612,0.006934263725429407,0.022094833272949598,0.7750000000000002,0.010918169803507129,0.007837250110842098,500,1.0,False,,0,0.03827619591837076,0.04033185535771393
1302399,C3,C,0.76495,43.35806,335.5034,0.0,52.85817,-27.140636,10.808,0.010499035413616012,-0.00046156448722141884,0.0040502717267213014,-0.004511836213942722,0.005675929891709011,0.001406400011029308,0.7750000000000002,0.01096059990083743,0.00785911577085937,500,1.0,False,,0,0.008144458632123684,0.010200118071466854
1700105,C3,C,0.76518,43.30284,266.7506,0.0,52.41481,-28.440268,10.628,0.007640736079080983,-0.0033249465938324724,0.0010059268532898232,-0.0043308734471222965,0.011184322990958775,0.007592759463064119,0.7750000000000002,0.010965682672913455,0.007861735094715603,500,1.0,False,,0,-0.04786530063501034,-0.045809641195667175
1881037,C3,C,0.76584,43.39145,0.1608,1.0,52.818596,-28.880817,10.96,0.007125940278385183,-0.003854327740485562,-0.0023621422982685342,-0.0014921854422170295,0.016374997233040735,0.008587007182828874,0.7750000000000002,0.010980268018870745,0.00786925141534654,500,1.0,False,,0,0.038479706282906236,0.0405353657222494
1280135,C1,C,0.77082,43.4342,0.1822,0.99999,53.492321,-27.400358,9.229,0.005916897250998825,-0.005173423832822387,-0.0024765517726126718,-0.0026968720602097143,0.012023294928478007,0.011610410094378772,0.7750000000000002,0.011090321083821212,0.007925965471016334,500,1.0,False,,0,0.06419986479355769,0.06625552423290086
1323740,C3,C,0.77137,43.25245,0.1765,0.99998,52.490513,-28.548523,10.552,0.015544007067755109,0.004441531528969488,0.005616730247627052,-0.0011751987186575637,0.014438023998566932,-0.00956695398098233,0.7750000000000002,0.01110247553878562,0.007932229071542115,500,1.0,False,0.07252578512676627,0,-0.11942441613002361,-0.11736875669068043
1338940,C3,C,0.77334,43.6523,0.228,0.99876,52.552971,-27.85854,10.015,0.005719060352358038,-0.0054269502342091935,-0.0011019123800827127,-0.004325037854126481,0.012779846162369999,0.01214744249150977,0.7750000000000002,0.011146010586567232,0.007954664149789,500,1.0,False,,0,0.27372283536183745,0.2757784948011806
1309215,C3,C,0.77464,43.13337,0.1732,0.99994,51.672451,-28.323631,9.998,0.019031016605785874,0.007856277307484585,0.008068722599309536,-0.0002124452918249491,0.01867607432764382,-0.017271720988879625,0.7750000000000002,0.01117473929830129,0.007969469023759026,500,1.0,False,0.13689537032863006,0,-0.24962126241958799,-0.24756560298024483
1316487,C3,C,0.77627,43.85273,0.3073,0.99983,53.017178,-28.068138,11.217,0.008181609433977324,-0.0030297960598779095,0.0009748466815668079,-0.004004642741444717,0.011933445246794228,0.006930105736249987,0.7750000000000002,0.011211405493855233,0.00800221443512621,500,1.0,False,0.11824215913121312,0,0.46421424917104986,0.466269908610393
1330403,C2,C,0.7765,43.29712,0.1202,1.0,54.51926,-29.133043,10.548,0.00457353182767314,-0.006643073215024644,-0.00200926293778754,-0.004633810277237103,0.003911486700040669,0.01496788554640634,0.7750000000000002,0.011216605042697784,0.008007402220973616,500,1.0,False,,0,-0.09217437648703738,-0.09011871704769421
1250852,C3,C,0.77725,43.37835,0.1483,0.99999,52.148983,-28.639776,10.393,0.007540987174977479,-0.0036925729182938367,-0.00018526896239643483,-0.0035073039558974005,0.005971172944306362,0.008500292106051174,0.7750000000000002,0.011233560093271316,0.008024318913954295,500,1.0,False,,0,-0.013481824384996646,-0.011426164945653475
1590122,C2,C,0.77952,43.3866,0.1256,0.99999,54.063961,-28.556692,10.789,0.005966414047809888,-0.005318463331863985,-0.003330369496261174,-0.0019880938356028107,0.0036094291102338237,0.01208312882614067,0.7750000000000002,0.011284877379673873,0.008075520104709152,500,1.0,False,,0,-0.01289742537741775,-0.01084176593807458
1652139,C3,C,0.78266,43.41133,0.1738,0.99999,53.220966,-28.031462,11.084,0.03443803426141024,0.02308217173666851,-0.006170236792999929,0.029252408529668438,0.0077408933321655065,-0.0509105153852919,0.7750000000000002,0.011355862524741729,0.008146344659321599,500,0.825,True,0.04429335936185253,0,0.0012645814026794083,0.0033202408420225787
1948295,C2,C,0.78324,43.69805,0.1348,1.0,54.696953,-29.777136,10.539,0.005029286828985891,-0.006339687601532702,-0.002593682388649838,-0.0037460052128828643,0.014426903078774065,0.014099724212738014,0.7750000000000002,0.011368974430518593,0.008159426901893323,500,1.0,False,,0,0.2860370221038619,0.28809268154320505
1320474,C1,C,0.78842,43.38943,0.1471,0.99999,54.000061,-28.078136,10.586,0.007851012811762832,-0.0036350645013836225,-0.004344456460992192,0.0007093919596085681,0.00905807172999257,0.00833451388862344,0.7750000000000002,0.011486077313146454,0.008276264861413215,500,1.0,False,,0,-0.039915042693209855,-0.03785938325386669
1332701,C1,C,0.79167,43.32008,0.1194,0.99997,54.545448,-27.80512,10.348,0.00888305036629728,-0.0026764988326678125,-0.0005489583333350119,-0.0021275404993328015,0.011395921283584303,0.006195505594521981,0.7750000000000002,0.011559549198965093,0.008349570530996159,500,1.0,False,,0,-0.1200832001122126,-0.11802754067286943
1347112,C3,C,0.79318,43.28547,0.2443,0.9951,52.842068,-27.224436,9.333,0.003073805682442109,-0.008519879685011028,-0.004609519473357941,-0.003910360211653087,0.006285386317169452,0.019052952970960376,0.7750000000000002,0.011593685367453137,0.008383629472863925,500,1.0,False,0.1988199734549794,0,-0.15970485319592626,-0.1576491937565831
1409129,C3,C,0.79364,43.4061,0.2116,0.99997,52.385773,-27.47246,9.779,0.023754669340152246,0.012150584875014006,-0.0023404350665338766,0.014491019941547882,0.04926192503462706,-0.029247127235377972,0.7750000000000002,0.01160408446513824,0.008394005044558743,500,1.0,False,,0,-0.04059974515575989,-0.03854408571641672
1271436,C3,C,0.79511,43.33284,0.1637,0.99999,52.202198,-28.021929,11.366,0.007624370537403836,-0.004012945826858526,0.0007225353928451018,-0.004735481219703627,0.0041506235701481075,0.009249673218611608,0.7750000000000002,0.011637316364262362,0.008427161762800874,500,1.0,False,,0,-0.11872703455911479,-0.11667137511977162
1290176,C3,C,0.7953,43.37373,0.242,0.99959,52.035427,-28.06489,10.472,0.005749729844991119,-0.00589188179874987,-0.0014740250498735076,-0.004417856748876362,0.014621333221507282,0.013131186745742509,0.7750000000000002,0.011641611643740989,0.008431447325022646,500,1.0,False,0.06505876455188549,0,-0.07846550351386158,-0.07640984407451841
1303699,C3,C,0.79547,43.28644,0.1709,1.0,51.658554,-27.895477,11.613,0.004066416528126366,-0.007579038260411292,-0.0027394263644649783,-0.004839611895946313,0.011342578789284213,0.01691295533068641,0.7750000000000002,0.011645454788537658,0.0084352817754316,500,1.0,False,0.028254440341526143,0,-0.16631769451883854,-0.16426203507949538
1325191,C3,C,0.7981,43.56898,0.3042,0.99997,52.259132,-27.324093,10.577,0.0021755477456443543,-0.009529362753571156,-0.005220777795939416,-0.0043085849576317385,0.013434833272054102,0.021101709557962395,0.7750000000000002,0.011704910499215512,0.008494602978817184,500,1.0,False,,0,0.10753968396860328,0.10959534340794645
1551083,C3,C,0.80301,43.61299,0.2177,0.99989,52.208485,-28.025341,9.284,0.007378654372454622,-0.004437255191182277,0.00035130577365562535,-0.004788560964837902,0.008494707498460841,0.010142417101405881,0.8250000000000003,0.011815909563636899,0.008605350928864029,500,1.0,False,,0,0.120570849253361,0.13746955657061505
1330970,C1,C,0.80669,43.42993,0.1487,0.99981,54.085438,-27.491774,10.885,0.009133216969265856,-0.00276588537585184,0.0021866875662705145,-0.0049525729421223555,0.01095432521168784,0.0064314253183610365,0.8250000000000003,0.011899102345117697,0.008688355502422564,500,1.0,False,,0,-0.07452016575574376,-0.05762145843848972
1315974,C3,C,0.81174,43.55813,0.2209,0.99982,52.042503,-28.777254,10.786,0.006761889090293307,-0.005251377262019506,-0.0014048329840385078,-0.003846544277980999,0.014043634124692084,0.011788377394686304,0.8250000000000003,0.012013266352312812,0.008802261235159137,500,1.0,False,,0,0.037256272925218784,0.054154980242472825
1293832,C3,C,0.81325,43.34781,0.1574,0.99977,52.388416,-27.571123,10.945,0.04295126560880292,0.03090386308800206,0.012427202140333635,0.018476660947668425,0.050861108865445544,-0.07153685491240704,0.8250000000000003,0.012047402520800858,0.008836320177026905,500,1.0,False,,0,-0.17795527785435253,-0.1610565705370985
1252595,C3,C,0.8133,43.78931,0.3175,0.98554,53.059345,-27.715164,9.97,0.011393650277970494,-0.000654882579535266,0.0022560940809978986,-0.002910976660533165,0.022877824798636984,0.0014151383729843307,0.8250000000000003,0.01204853285750576,0.00883744795655895,500,1.0,False,0.026967407489108287,0,0.26338290112210605,0.28028160843936006
1339227,C3,C,0.82081,43.44984,0.1513,0.99994,52.731831,-28.125206,10.748,0.004427942532417928,-0.007790366898164135,-0.0030931639410563825,-0.004697202957107753,0.004294667241321574,0.017540920081949206,0.8250000000000003,0.012218309430582063,0.009006840442272153,500,1.0,False,,0,-0.1002835755831775,-0.08338486826592346
1341271,C3,C,0.82584,43.55253,0.2217,0.99998,52.639565,-27.963018,11.028,0.008776913034885281,-0.0035555646759881532,0.0006447651651651804,-0.0042003298411533345,0.015059316323542807,0.008061532450597254,0.8250000000000003,0.012332477710873434,0.009114707700095155,500,1.0,False,,0,-0.01367976334199809,0.0032189439752559473
1336957,C3,C,0.82961,43.43182,0.1454,0.99979,53.080536,-28.461002,11.156,0.0028556716335356174,-0.009564081866463493,-0.004520547413285907,-0.0050435344531775846,0.0038313727733045935,0.021426978857275344,0.8250000000000003,0.01241975349999911,0.009174665659085349,500,1.0,False,,0,-0.14638409061058935,-0.1294853832933353
1341227,C3,C,0.83036,43.41606,0.1466,0.99988,52.908905,-27.622103,10.395,0.002413487055658528,-0.010023629001858953,-0.005163958322163866,-0.004859670679695087,0.0035579907014338095,0.022430707267866112,0.8250000000000003,0.01243711605751748,0.009186593635011783,500,1.0,False,0.09808999322537645,0,-0.16452390837411526,-0.14762520105686122
1936293,C3,C,0.83168,43.83167,0.1692,0.99853,52.393917,-28.687963,10.77,0.005164454512906104,-0.007303219645843708,-0.002539844750030864,-0.0047633748958128466,0.009413213623499238,0.016415120571647006,0.8250000000000003,0.012467674158749812,0.009207586872642302,500,1.0,False,0.08878188329839273,0,0.2469026851223852,0.26380139243963924
1411114,C3,C,0.83706,43.66835,0.1415,0.99998,53.374218,-27.686781,10.066,0.00639397507680492,-0.00619824649454334,-0.003438225531705668,-0.002760020962837673,0.013132117304512537,0.013920156122486631,0.8250000000000003,0.01259222157134826,0.009293150219954572,500,1.0,False,0.09392180984834464,0,0.06659867833793172,0.08349738565518576
1581017,C3,C,0.83813,43.80318,0.2422,0.99966,51.985744,-27.794317,10.909,0.0008328175351012784,-0.011784174618306522,-0.006720995526913688,-0.005063179091392836,0.0018710642622244893,0.026286452938447242,0.8250000000000003,0.0126169921534078,0.009310167465609615,500,1.0,False,,0,0.19806348442430208,0.21496219174155612
1826039,C3,C,0.83916,43.5568,0.2421,0.99991,52.910221,-27.696194,10.147,0.005007735416092152,-0.007633101316307545,-0.0025663592167808336,-0.0050667420995267115,0.0030636603502533773,0.017239605526583296,0.8250000000000003,0.012640836732399697,0.009326548552548579,500,1.0,False,,0,-0.051551960474598243,-0.0346532531573442
1946246,C3,C,0.83936,43.65009,0.3847,0.93019,53.033772,-28.376637,10.299,0.005590936854715593,-0.007054529893022335,-0.0021186377504811725,-0.004935892142541165,0.0022672929124504587,0.015983088731777204,0.8250000000000003,0.012645466747737928,0.00932972934612896,500,1.0,False,,0,0.04111024595996966,0.058008953277223704
1253972,C3,C,0.84019,43.26195,257.0256,0.0,53.201965,-27.904451,10.491,0.01757818932569157,0.004913508014299978,0.009134734209761453,-0.004221226195461478,0.019154715577223147,-0.010765749013648369,0.8250000000000003,0.01266468131139159,0.009342929639487544,500,0.875,True,,0,-0.3496335422895036,-0.3327348349722496
1257646,C3,C,0.84094,43.58194,0.2724,0.99921,51.994774,-27.733772,10.937,0.005389495050826975,-0.007292548818082987,-0.0024145110273145623,-0.004878037790768425,0.007458803871459286,0.016444172473241654,0.8250000000000003,0.012682043868909962,0.009354857615413976,500,1.0,False,,0,-0.03199421038202459,-0.015095503064770546
1872097,C3,C,0.84132,43.72978,0.3452,0.98785,52.090843,-27.372688,11.519,0.006364999359030509,-0.006325841539022094,-0.0011543202292088857,-0.00517152130981321,0.004357981818227514,0.014381114746513816,0.8250000000000003,0.012690840898052603,0.009360901123216702,500,1.0,False,,0,0.11465556333253277,0.1315542706497868
1322975,C3,C,0.84634,43.90282,0.2792,1.0,52.880459,-28.727621,11.161,0.010812566220824398,-0.0019944880622178324,-0.0007831353847647113,-0.001211352677453122,0.025208632568614893,0.0041655484302585664,0.8250000000000003,0.01280705428304223,0.009440739042084284,500,1.0,False,0.0007799213579297404,0,0.2720209926952031,0.2889197000124571
1508029,C3,C,0.85279,43.59824,0.2624,0.99981,53.325661,-27.864252,10.829,0.015010265030591817,0.0020538927528915996,-0.0011521383153531954,0.003206031068244795,0.010017322784522262,-0.004076789007761306,0.8750000000000002,0.012956372277700218,0.009543319635051593,500,0.85,True,,0,0.026931081449468028,-0.03566753417754827
1250858,C3,C,0.85707,43.69555,0.2935,0.99884,53.266315,-28.243429,11.1,0.006103264215494125,-0.006952190390444259,-0.004655961302909923,-0.0022962290875343364,0.007498628338600832,0.015732391228356103,0.8750000000000002,0.013055454605938384,0.009611388617671763,500,0.975,False,,0,0.11104619744909809,0.048447581822081795
1912270,C3,C,0.86642,43.98461,468.0108,0.0,52.739964,-27.781902,9.674,0.00219390531475546,-0.011078002508245276,-0.006009966498893638,-0.005068036009351641,0.011185838549584885,0.024679327277293862,0.8750000000000002,0.013271907823000736,0.009760090717554609,500,1.0,False,,0,0.37150303888697706,0.30890442325996076
1302199,C3,C,0.87001,43.37453,0.1886,0.99835,52.619011,-27.356663,9.543,0.006619161448435553,-0.006735855149886451,-0.0061178727111771015,-0.0006179824387093497,0.009421330727213323,0.015254249130969956,0.8750000000000002,0.013355016598322004,0.00981718596232246,500,1.0,False,0.11075341843091743,0,-0.24947940052207046,-0.31207801614908676
1295550,C3,C,0.8727,43.83427,0.4223,0.99961,52.003433,-28.844431,9.905,0.0057211846877369705,-0.007696105616884259,-0.002555052252518857,-0.005141053364365402,0.00906919242780397,0.01736099545676393,0.8750000000000002,0.01341729030462123,0.009859967635978597,500,1.0,False,,0,0.20212010629688065,0.13952149066986436
1778026,C3,C,0.87344,43.76997,0.2501,0.99831,52.743202,-28.629459,11.225,0.014932529346505873,0.0014981079851331854,-0.0028241690486969845,0.004322277033830168,0.02977459541230696,-0.003711581185199271,0.8750000000000002,0.013434421361372687,0.009871736572226009,500,1.0,False,,0,0.13558501098045567,0.07298639535343936
1912066,C3,C,0.87344,43.6187,0.1963,0.99721,52.743202,-28.629459,11.232,0.014932529346505873,0.0014981079851331854,-0.0028241690486969845,0.004322277033830168,0.02977459541230696,-0.003711581185199271,0.8750000000000002,0.013434421361372687,0.009871736572226009,500,1.0,False,,0,-0.015684989019548137,-0.07828360464656443
1817265,C3,C,0.87998,44.24023,0.691,0.234,52.050388,-28.380188,10.42,0.005708078344584463,-0.007875465128431014,-0.0032245478927085723,-0.004650917235722444,0.005702714252281546,0.01782025665407374,0.8750000000000002,0.013583543473015477,0.009965124748798751,500,1.0,False,,0,0.5861716227889665,0.5235730071619502
1262231,C3,C,0.88314,43.70035,0.2346,0.9996,53.33057,-28.457417,11.182,0.01407544609110317,0.00042019473561088864,-0.006341165735091727,0.006761360470702615,0.026503732516350288,-0.001126163473469971,0.8750000000000002,0.013655251355492282,0.010008640097754696,500,1.0,False,0.32129315929776864,0,0.036836958920971316,-0.02576165670604498
1295527,C3,C,0.88491,43.55987,0.2039,0.99982,51.799767,-27.99345,10.906,0.006639443910068649,-0.0070559729365577886,-0.0017854587284944325,-0.005270514208063358,0.00466322860595249,0.016050403511786222,0.8750000000000002,0.013695416846626438,0.010033014201442045,500,1.0,False,,0,-0.10892441257295432,-0.17152302819997062
1252237,C3,C,0.8858,43.80242,0.9842,0.0652,52.269238,-28.082966,10.934,0.00630843267139476,-0.007407180382638122,-0.002386913854283825,-0.005020266528354297,0.003527516642277532,0.01683090496329548,0.8750000000000002,0.013715613054032882,0.010045270106685968,500,1.0,False,,0,0.1309738830673332,0.0683752674403169
1936125,C3,C,0.8953,43.42454,0.1775,1.0,52.9548,-28.323393,10.756,0.02581624686756092,0.011885056318740182,0.003706068257844461,0.00817898806089572,0.01127422031952101,-0.025887499275923487,0.8750000000000002,0.013931190548820738,0.010176091567154794,500,1.0,False,0.11259431224608243,0,-0.2750496009473203,-0.3376482165743366
1372115,C3,C,0.89842,44.01759,0.2017,0.99976,53.024727,-27.918795,10.059,0.058001205735903436,0.04399921499932079,-0.004535062995171084,0.04853427799449188,0.010608242669667887,-0.09870571943633727,0.8750000000000002,0.014001990736582644,0.010219056088908766,500,1.0,False,0.10831112188030047,0,0.3088211877280422,0.24622257210102588
1595118,C3,C,0.90941,43.44688,0.2021,0.99996,52.931915,-28.700302,10.834,0.009914593745037026,-0.004336786114463363,-0.004366330982182896,2.9544867719534518e-05,0.026847238837810906,0.009411125441166651,0.9250000000000003,0.014251379859500389,0.010370395862651125,500,1.0,False,0.16199244792894144,0,-0.4008985804363906,-0.3565738736313901
1904300,C3,C,0.91082,44.00974,0.2397,0.99999,51.898125,-28.67359,10.859,0.014503229011428562,0.00021985291322808471,0.0009169526261401193,-0.0006970997129120346,0.013867777081140733,-6.327956205959967e-05,0.9250000000000003,0.014283376098200478,0.010389812521520707,500,1.0,False,,0,0.1578722971750605,0.20219700398006096
1307843,C3,C,0.92146,44.15716,0.307,0.99701,52.784733,-28.720337,9.576,0.009468247822261362,-0.005056575070101514,-0.005334798327980656,0.00027822325787913924,0.022693783331927647,0.011196256090058511,0.9250000000000003,0.014524822892362876,0.01053633255724579,500,1.0,False,,0,0.274633966276809,0.31895867308180953
1346612,C3,C,0.92274,44.05509,0.2459,0.99996,52.908367,-28.702805,10.939,0.013211621234366828,-0.0013422478888727302,-0.0010995236984078028,-0.00024272419046492567,0.004600475888023428,0.003586010808188673,0.9250000000000003,0.014553869123239558,0.01055395902770896,500,1.0,False,0.040483892778014716,0,0.16889916249414197,0.21322386929914244
1339176,C3,C,0.92537,44.62596,0.341,0.99891,52.728554,-27.909435,9.422,0.030250578006466987,0.015637162802004962,0.018059071532956127,-0.002421908730951163,0.03190284818102439,-0.035253650283831886,0.9250000000000003,0.014613415204462025,0.010594142752615065,500,1.0,False,,0,0.7322547607814155,0.7765794675864159
1309227,C3,C,0.92576,44.13871,0.1988,0.99049,53.180927,-28.452267,10.254,0.021110569492874764,0.006488446400212676,-0.004828622723087943,0.01131706912330062,0.014723681249863164,-0.013934527803119712,0.9250000000000003,0.014622123092662089,0.01060369457779854,500,1.0,False,0.11692007311399139,0,0.24389224219034814,0.2882169489953486
1892072,C3,C,0.92838,43.72325,3.8474,0.0017,53.043396,-28.288321,11.312,0.004074353379609139,-0.010606268859422608,-0.005645087600864778,-0.00496118125855783,0.003178305587596393,0.023901109318316897,0.9250000000000003,0.014680622239031747,0.01066786324954395,500,1.0,False,,0,-0.1790296993492578,-0.13470499254425733
1370441,C3,C,0.93733,43.89162,0.1592,0.99841,53.389378,-28.383228,10.644,0.018256031224893048,0.003375574115629061,-0.00039034478638243567,0.003765918902011496,0.0190985516419282,-0.007195049657862877,0.9250000000000003,0.014880457109263986,0.010887065391575025,500,1.0,False,,0,-0.03599491353762862,0.008329793267371863
1256028,C3,C,0.95521,43.94157,0.2143,0.99986,52.945942,-28.816916,9.485,0.011651940527519541,-0.003627739763839684,0.0006983417837577704,-0.004326081547597453,0.030297909744080434,0.007737280597475506,0.9750000000000003,0.015279680291359225,0.011324979838448273,500,1.0,False,0.017650277975255875,0,-0.004307233012917602,0.008369945614731741
1339246,C3,C,0.95791,44.56228,0.266,0.99532,52.980255,-27.712732,11.206,0.04000115297321998,0.024661187302014158,-0.006726262554145895,0.03138744985616006,0.018687298853148755,-0.05476454353961742,0.9750000000000003,0.015339965671205824,0.01139110785894927,500,1.0,False,0.15123779949027277,0,0.6089459841010538,0.6216231627287032
1309509,C3,C,0.96296,44.11193,0.212,0.98874,52.96883,-27.248276,10.246,0.00587193362708663,-0.009580788032350792,-0.004013494213805892,-0.005567293818544898,0.006751147308374723,0.021695299365351913,0.9750000000000003,0.015452721659437422,0.011514791749145575,500,1.0,False,,0,0.1447043891147134,0.15738156774236273
1250803,C3,C,0.96329,44.13386,0.2209,0.99943,52.946404,-27.84753,11.491,0.011560515877626205,-0.003899573994903576,1.886915068631534e-06,-0.003901460909972208,0.031457951333150734,0.00824333843915534,0.9750000000000003,0.01546008987252978,0.01152287406276236,500,1.0,False,0.14281639492892034,0,0.16572911903057153,0.17840629765822086
1254108,C3,C,0.96689,44.14888,0.1884,0.99999,53.434677,-27.813511,10.901,0.006571398175396077,-0.008969072203595836,-0.006648208849186124,-0.002320863354409711,0.018668530467177785,0.02004101943406763,0.9750000000000003,0.015540470378991913,0.011611044756763689,500,0.8,True,,0,0.17089323035943116,0.1835704089870805
1339232,C3,C,0.96859,43.72233,0.1471,0.99994,52.908352,-27.227753,11.793,0.08307829619231683,0.06749986835194002,-0.0007083613535456071,0.06820822970548564,0.016209123005554018,-0.15387031632192347,0.9750000000000003,0.015578427840376802,0.011652680917819866,500,1.0,False,0.009605860031799458,0,-0.2602983859685407,-0.24762120734089138
1252183,C3,C,0.97242,44.20208,0.1696,0.99995,52.74601,-28.221079,10.476,0.006985154120883928,-0.008678789647201198,-0.006912317034493971,-0.001766472612707226,0.004948414978698214,0.01977026936439729,0.9750000000000003,0.015663943768085126,0.011746484739493503,500,1.0,False,0.1495219070988937,0,0.2090236585864803,0.22170083721412964
1252665,C3,C,0.97489,44.18118,0.2045,0.99999,52.551414,-28.045916,10.971,0.027660609204655677,0.011941515477970142,-0.004054194089970157,0.0159957095679403,0.025829762288560196,-0.02653349826394817,0.9750000000000003,0.015719093726685535,0.01180697963232219,500,1.0,False,0.012005731964818299,0,0.18142001906293947,0.1940971976905888
1255798,C3,C,0.98024,44.02836,0.1688,0.96866,53.256149,-27.695072,10.599,0.01800304380818901,0.0021663665642929104,0.0070245732428264596,-0.004858206678533553,0.00992225189099967,-0.004154359945215125,0.9750000000000003,0.015836677243896098,0.01190818981386104,500,1.0,False,,0,0.014137194194431577,0.02681437282208092
1252671,C3,C,0.98536,43.86467,0.1246,0.99618,52.323704,-28.787571,10.768,0.04855637439341293,0.0326072062097381,0.03193259626105509,0.0006746099486830241,0.042483448008735124,-0.07466468592219294,0.9750000000000003,0.01594916818367482,0.01200444979749455,500,1.0,False,0.15012894386912196,0,-0.16332118068464163,-0.1506440020569923
1901899,C3,C,0.98846,44.16508,0.1691,0.95154,53.397652,-28.121222,11.204,0.0057766585295432995,-0.010240619402825665,-0.005672984744335929,-0.004567634658489736,0.011974718517362143,0.023082719752690724,0.9750000000000003,0.016017277932368963,0.012062732209460148,500,0.75,True,,0,0.12878674712670934,0.14146392575435868
1447146,C3,C,1.00009,44.24308,0.3059,0.99992,52.081829,-28.358841,9.49,0.00982473787805746,-0.0064480614663479305,-0.005311107019291585,-0.0011369544470563459,0.033058000358157105,0.013803404474268192,1.0250000000000004,0.01627279934440539,0.012281385258221417,500,1.0,False,,0,0.26180661117294446,0.1885450945065375
1309870,C3,C,1.01382,44.17186,0.2347,0.99984,53.223431,-28.214508,11.25,0.0097753684906575,-0.006799091127802935,-0.005126036142004353,-0.0016730549857985801,0.01787423011567553,0.01542042196867105,1.0250000000000004,0.016574459618460435,0.012539519940894871,500,0.95,False,,0,0.15453860467595715,0.08127708800955018
1435094,C3,C,1.017,43.92261,0.1354,0.99998,52.884743,-28.861792,11.339,0.035630053095680916,0.018985726057592297,0.023340893003476162,-0.004355166945883863,0.03157860670614239,-0.042671032979703975,1.0250000000000004,0.01664432703808862,0.012599306415104743,500,1.0,False,,0,-0.10299163876308513,-0.1762531554294921
1430116,C3,C,1.02144,44.16439,0.178,0.99999,52.93882,-28.139223,11.254,0.015417930121134238,-0.0013239476537937368,-0.0023671681977091913,0.00104322054391545,0.020345961482824613,0.003279242270372393,1.0250000000000004,0.016741877774927975,0.012682781869661926,500,1.0,False,,0,0.12726998945299184,0.05400847278658487
1257228,C3,C,1.02433,44.01661,176.3295,0.0,51.95377,-28.739288,9.741,0.022111295116037922,0.0053059214786176576,0.0009250184722761224,0.004380903006341532,0.02752618422875042,-0.011785281894214454,1.0250000000000004,0.016805373637420264,0.012737116118236313,500,1.0,False,0.32071352002884906,0,-0.027980754092878923,-0.1012422707592859
1303722,C3,C,1.02468,44.35374,0.1895,0.99994,52.97147,-27.572937,10.391,0.004466916640512617,-0.012346146807244086,-0.006861599874253797,-0.00548454693299029,0.013327022574540267,0.027728706566168146,1.0250000000000004,0.016813063447756703,0.01274369639055501,500,1.0,False,,0,0.30824590039198907,0.2349843837255821
1263125,C3,C,1.02868,44.24721,0.1766,0.9332,52.814869,-27.656443,10.74,0.03765905925921086,0.020760441780421815,0.02774779908613438,-0.006987357305712565,0.027756470959000728,-0.04642181803221809,1.0250000000000004,0.016898617478789048,0.012770794606359185,500,1.0,False,,0,0.19141357831426942,0.11815206164786245
1924188,C3,C,1.04136,43.97348,0.1353,0.99953,53.142681,-27.652035,11.538,0.01414959243345304,-0.0030195891876500063,0.002387489913216098,-0.005407079100866106,0.029444351242366187,0.006502487450577486,1.0250000000000004,0.017169181621103046,0.012843435731187246,500,1.0,False,,0,-0.1147146523118454,-0.18797616897825237
1255169,C3,C,1.0468,43.91152,0.133,1.0,52.359135,-27.170725,11.292,0.09316518407841853,0.07587992446566028,0.002768517522645746,0.07311140694301452,0.03989756695551882,-0.17574273766238593,1.0250000000000004,0.017285259612758265,0.01287460037780118,500,1.0,False,0.00967363689661913,0,-0.190454610575016,-0.26371612724142296
1337541,C3,C,1.05479,44.04047,0.2373,0.4874,52.050224,-28.56477,10.827,0.12926571935058487,0.111809970187583,0.009483490704131828,0.10232647948345118,0.02439001975385008,-0.26229089602345174,1.0750000000000002,0.017455749163001865,0.012920373452515392,500,1.0,False,0.35433791287674166,0,-0.2910185441962068,-0.15487730928109017
1842087,C3,C,1.08349,44.52159,0.1518,0.99789,53.078609,-27.707457,10.183,0.016017030025826298,-0.0020418875480893786,0.0035380509581992917,-0.005579938506288672,0.025687941304853534,0.004689752434923908,1.0750000000000002,0.018058917573915676,0.013070490699914918,500,1.0,False,0.014643698793850718,0,0.11908819986833546,0.2552294347834521
1446080,C3,C,1.13057,44.5271,0.1585,0.99945,53.120281,-27.636662,11.011,0.008217453047709463,-0.010682079364515906,-0.00592678669789496,-0.0047552926666209454,0.027215403450042332,0.023704775728836898,1.1250000000000004,0.01889953241222537,0.013238380284358777,500,1.0,False,,0,0.1264045457681558,0.14820171620653638
1257587,C3,C,1.14418,44.31733,0.1512,0.99499,52.883854,-28.170618,10.256,0.009206133859722812,-0.009693398552502556,-0.005090351780110282,-0.004603046772392274,0.019642924221190877,0.021930054825011168,1.1250000000000004,0.01889953241222537,0.013238380284358777,500,1.0,False,,0,-0.11502910522767457,-0.093231934789294
1317612,E1,E,0.10442,38.35683,0.1256,0.99996,6.855458,-42.849998,10.717,0.0002800211164927304,9.476162363376378e-05,9.476162363376378e-05,0.0,0.00015700068798206508,-0.000204967723829278,0.125,0.0001852594928589666,9.592242316008875e-05,500,1.0,False,,0,-0.046845490692483255,-0.06815939729604965
1330031,E2,E,0.10563,38.54264,0.0821,1.0,9.141478,-43.487408,9.063,1.9715632774379234e-05,-0.00016554386008458736,-0.00016554386008458736,0.0,0.000293280443235506,0.00036029656649938686,0.125,0.0001852594928589666,9.592242316008875e-05,500,1.0,False,0.29745032244059944,0,0.11229692439755476,0.09098301779398836
1257695,E1,E,0.18383,39.78048,0.0953,1.0,7.600598,-42.297676,9.708,0.0007410645445299197,8.6973151215367e-05,0.00033402984842752004,-0.00024705669721215303,0.002459846583730027,-0.0001890191914046787,0.17500000000000004,0.0006540913933145527,0.0003759209224320044,500,1.0,False,0.2514465759441812,0,0.07570653820798998,0.025001243611093835
1273127,E1,E,0.18937,39.9733,0.1246,0.99999,8.556446,-43.276051,10.472,0.0016258046632679666,0.0009224605549688662,0.0011926927782093233,-0.0002702322232404573,0.00042515155134180573,-0.0020067288698936603,0.17500000000000004,0.0007033441082991004,0.0004078860347869214,500,1.0,False,,0,0.19734014562546198,0.14663485102856583
1295844,E2,E,0.19209,40.96771,132.5901,0.0,10.044974,-44.030357,8.9,9.76695026979341e-05,-0.000629856444005132,-0.00038898659882754036,-0.00024086984517759162,0.000590871134743237,0.0013763163932444436,0.17500000000000004,0.0007275259467030661,0.00042358009717056294,500,1.0,False,,0,1.157505851143243,1.1068005565463468
1550021,E1,E,0.20587,39.94322,0.1771,1.0,8.13478,-43.227741,10.199,0.00016148763213346982,-0.0006885477753073338,-0.00047503818257051687,-0.0002135095927368169,0.0011457721000912805,0.0015060017451890978,0.22500000000000003,0.0008500354074408036,0.0005030889867465115,500,1.0,False,0.012546957798104276,0,-0.07417439326439988,-0.08453795957942818
1327978,E2,E,0.20699,39.99299,0.1567,1.0,8.279988,-44.14032,10.893,0.0001324574845547141,-0.0007275351504641928,-0.0003773511796343357,-0.0003501839708298572,0.00042013401480006044,0.0015916586933483628,0.22500000000000003,0.000859992635018907,0.000509551247728011,500,1.0,False,,0,-0.03750547954249583,-0.04786904585752412
1313230,E1,E,0.21792,40.09856,0.0956,1.0,8.48287,-42.69828,10.225,0.0008123163603699095,-0.00014484814735316823,-0.000509768992737668,0.0003649208453844996,0.002939872514872965,0.0003197896449133853,0.22500000000000003,0.0009571645077230777,0.000572615991056394,500,1.0,False,,0,-0.0564437182112627,-0.06680728452629099
1919017,E1,E,0.21849,40.17131,0.2113,1.0,8.803791,-42.932888,10.544,0.0006620165344496673,-0.0003002154908801236,8.869303620071879e-05,-0.0003889085270808424,0.001458773886556779,0.000663531009408495,0.22500000000000003,0.0009622320253297909,0.0005759048203059071,500,1.0,False,,0,0.009973313131588677,-0.0003902531834396178
1682020,E1,E,0.21924,39.95573,0.1013,1.0,8.464725,-42.618229,11.052,0.016803821364630215,0.015834921552975802,-0.0003847440218470314,0.01621966557482283,0.0005721568621031888,-0.0347212813520506,0.22500000000000003,0.0009688998116544139,0.0005802322272131611,500,1.0,False,0.02422820773596665,0,-0.21391623616890595,-0.22427980248393425
1867019,E1,E,0.22101,40.45498,0.1737,1.0,8.633051,-42.894032,10.202,0.00041791598308089706,-0.0005667198042996269,-0.00017227584797395207,-0.0003944439563256749,0.0024612582485759693,0.0012390554481900608,0.22500000000000003,0.000984635787380524,0.000590444907514281,500,1.0,False,,0,0.26582726878680063,0.25546370247177236
1331123,E1,E,0.22157,40.28881,0.1108,1.0,8.035154,-42.554947,11.11,0.0002277438614659507,-0.0007618705397036249,-0.0003709987738356036,-0.0003908717658680213,0.0006407962774534997,0.001668812937054519,0.22500000000000003,0.0009896144011695756,0.0005936760380050306,500,1.0,False,,0,0.09351588257021605,0.08315231625518775
1929063,E1,E,0.22211,40.1587,0.2004,1.0,8.10228,-43.557808,9.768,0.00018229556499328413,-0.00081211964233002,-0.0004934212087678992,-0.00031869843356212096,0.0014258350159868744,0.001776388328962461,0.22500000000000003,0.0009944152073233042,0.0005967917709782536,500,1.0,False,,0,-0.04250255342508779,-0.05286611974011608
1249137,E1,E,0.22305,40.20316,0.2129,1.0,8.135143,-42.49321,9.721,0.001080084248406111,7.731208222261279e-05,0.00046884508064618934,-0.0003915329984235765,0.0023538421528578,-0.0001599079498658157,0.22500000000000003,0.0010027721661834983,0.0006022154543020122,500,1.0,False,,0,-0.008295910512288165,-0.01865947682731646
1641279,E1,E,0.22398,40.17738,0.1073,1.0,7.792663,-42.662983,10.965,0.0009177396710277738,-9.330055019825668e-05,0.00017670860096195167,-0.00027000915116020846,0.0024577395588963975,0.00021062278585579986,0.22500000000000003,0.0010110402212260305,0.0006075814388670072,500,1.0,False,0.011862938936910714,0,-0.04418084122211496,-0.05454440753714325
1302648,E2,E,0.23171,40.15341,0.1707,1.0,10.00264,-44.054131,10.105,0.0002466062858518943,-0.0008875802892602065,-0.0005533819908535779,-0.0003341982984066287,0.00037311295090305014,0.0019442538645513942,0.22500000000000003,0.0011341865751121009,0.0006839640790387374,500,1.0,False,,0,-0.15066774857768192,-0.16103131489271022
1275946,E2,E,0.23212,40.32782,0.1157,1.0,10.404035,-43.637829,7.967,0.0004288932914424038,-0.0007122637825428237,-0.00043778288328084154,-0.00027448089926198217,0.0020609454872065913,0.0015603300418327592,0.22500000000000003,0.0011411570739852275,0.0006882716677688305,500,1.0,False,0.22796480862253676,0,0.01943713832368133,0.009073572008653039
1860025,E1,E,0.23532,40.59127,0.1108,1.0,8.479997,-42.093742,8.96,0.00015775344958092653,-0.0010378075180482158,-0.0005356813006016911,-0.0005021262174465249,0.0007411868945805002,0.0022731472301379483,0.22500000000000003,0.0011955609676291424,0.0007218918724915084,500,1.0,False,,0,0.24952628106340316,0.23916271474837486
1927242,E2,E,0.24576,40.75279,0.1332,1.0,10.182544,-43.409958,11.05,0.000625025674056764,-0.0007480279965856503,-0.0006329184110000711,-0.00011510958558557955,0.0017095143675048654,0.0016449582524621408,0.22500000000000003,0.0013730536706424144,0.0008315777903992448,500,1.0,False,,0,0.30505436771584726,0.294690801400819
1879256,E1,E,0.24936,40.35571,0.2089,1.0,7.782273,-43.465149,9.092,0.00021668254930177683,-0.001217575501690042,-0.000556170187723903,-0.0006614053139661392,0.0016143622332414113,0.0026665017585521997,0.22500000000000003,0.0014342580509918187,0.0008694005207122574,500,1.0,False,,0,-0.1276094728193584,-0.1379730391343867
1321450,E1,E,0.25833,40.41248,0.1988,1.0,8.225116,-42.229591,9.308,0.0019110550101841732,0.0003242960448217554,0.001047939152858937,-0.0007236431080371816,0.0033833868953761638,-0.0006868840283518569,0.275,0.0015867589653624178,0.0009636421570755136,500,1.0,False,,0,-0.14918484848433547,-0.167838921420653
1303883,E2,E,0.25904,40.50537,0.1502,1.0,8.862439,-44.917168,9.956,0.00021895172926718876,-0.0013798780999974723,-0.0006474676489777098,-0.0007324104510197626,0.0003651939420967651,0.0030269921047063313,0.275,0.001598829829264661,0.0009711016399983577,500,1.0,False,,0,-0.06303286804497459,-0.0816869409812921
1300390,E1,E,0.26765,40.66311,0.1529,1.0,8.028391,-42.329296,10.351,0.0008193883694047497,-0.0009258219361955701,-0.00020915433784744156,-0.0007166675983481287,0.0009639076062771361,0.002043426594041404,0.275,0.0017452103056003199,0.001061561003330313,500,1.0,False,,0,0.01432925529447333,-0.004324817641844184
1249970,E2,E,0.26775,40.88779,0.1635,1.0,10.491352,-43.734089,8.913,0.0016569659490732426,-8.99444782034495e-05,-0.0004164051813385042,0.0003264607031350547,0.006209094444170547,0.00018754659206452222,0.275,0.001746910427276692,0.0010626116347278965,500,1.0,False,0.4672451193058568,0,0.2380898476591857,0.21943577472286818
1560034,E2,E,0.26891,40.7573,0.1768,1.0,8.615233,-44.210464,10.277,0.0005118206433846715,-0.0012548111953379392,-0.00040073115346960604,-0.0008540800418683335,0.0015822632375669817,0.0027571119793131675,0.275,0.0017666318387226107,0.001074798958939867,500,1.0,False,0.04782845119039177,0,0.09695787323348855,0.07830380029717103
1309874,E2,E,0.27001,40.6088,0.1206,0.99999,10.337539,-43.967655,10.906,0.0012137232295803269,-0.0005716099475823796,-0.0004934644514134065,-7.814549616897326e-05,0.00411964467650529,0.0012575316215784607,0.275,0.0017853331771627064,0.0010863559043132875,500,1.0,False,,0,-0.06159449378907693,-0.08024856672539445
1773078,E2,E,0.27142,40.6058,0.1249,1.0,9.790315,-43.24398,9.76,0.001298719610471376,-0.0005105852823281808,-0.00027594863267303205,-0.00023463664965514888,0.0022079489270565873,0.0011377282269384769,0.275,0.0018093048927995568,0.0011011698070192174,500,1.0,False,,0,-0.07742453742193715,-0.09607861035825467
1339756,E1,E,0.27539,40.69707,0.1095,1.0,8.079829,-43.238468,11.018,0.004910591378251334,0.003033898335484402,-0.0007360872756711337,0.0037699856111555355,0.009447704578751482,-0.006674926274991621,0.275,0.0018766930427669315,0.0011420252378284068,500,1.0,False,0.29936725236986333,0,-0.021950402013164717,-0.04060447494948223
1773339,E2,E,0.28417,41.9664,6.4634,0.0013,8.747199,-44.425365,10.262,0.0003044478380114789,-0.0017191142070874647,-0.0008744242815152746,-0.0008446899255721903,0.0008601767919235406,0.003775807331049992,0.275,0.0020235620450989437,0.001215030414983748,500,1.0,False,,0,1.1698796109237326,1.151225537987415
1297927,E2,E,0.28513,40.88255,0.1164,1.0,9.876772,-44.063007,9.506,0.0011059452583157925,-0.0009336753565142145,-0.00024583384175752066,-0.0006878415147566939,0.0006775203986123321,0.0020693112589031523,0.275,0.002039620614830007,0.001223012757816223,500,1.0,False,,0,0.07769060621685116,0.05903653328053364
1289288,E2,E,0.29001,40.8731,0.1653,1.0,10.178826,-43.948353,10.561,0.0007835215102417107,-0.0013377301673878658,-0.0009138673060030645,-0.0004238628613848014,0.0021739522547175043,0.0029442586758773367,0.275,0.0021212516776295764,0.001263589667214636,500,1.0,False,0.4753374004852675,0,0.02624811718698412,0.007594044250666607
1371022,E1,E,0.29082,40.89713,0.1577,1.0,8.062353,-42.818287,8.479,0.0023166098048425466,0.0001818087090023849,0.0009421037164463438,-0.0007602950074439588,0.007566181248652896,-0.0004279326806698484,0.275,0.0021348010958401617,0.001270324768979537,500,1.0,False,,0,0.04337138163878125,0.024717308702463733
1531089,E2,E,0.29149,40.74212,0.1116,1.0,10.177837,-43.921787,10.149,0.002317742785788229,0.0001717341464899302,-0.0009122534078849886,0.0010839875543749184,0.003180154320890561,-0.00036114977163360755,0.275,0.002146008639298299,0.0012758957790813682,500,1.0,False,0.0013085660748438043,0,-0.11733816310607306,-0.13599223604239058
1291090,E2,E,0.29199,40.86884,0.1247,1.0,9.462971,-43.721264,9.467,0.00043417097970062,-0.0017202014979992744,-0.0008550610895751776,-0.000865140408424097,0.0025172296323573017,0.003773326777553169,0.275,0.0021543724776998943,0.0012800532493066155,500,1.0,False,0.048537527380242876,0,0.005136336282393916,-0.013517736653923598
1281668,E2,E,0.30697,41.00668,0.1151,1.0,9.410371,-43.920719,9.953,0.0002499921515137382,-0.00215496092469795,-0.0010006913172298263,-0.0011542696074681245,0.0006240139085457048,0.0047374728890236285,0.32500000000000007,0.0024049530762116885,0.001404611057255023,500,1.0,False,,0,-0.003120328170280195,0.00014807757519745557
1338128,E1,E,0.31184,41.13838,0.1588,1.0,8.083581,-43.740803,8.998,0.0009282625982758171,-0.0015581542639674093,-0.001141785098361237,-0.0004163691656061723,0.0034894965866621346,0.003433651886579356,0.32500000000000007,0.0024864168622432264,0.001445104817248931,500,1.0,False,,0,0.08941668347839303,0.09268508922387068
1791116,E2,E,0.31193,41.03378,0.1277,1.0,9.086142,-44.538937,10.913,0.018706804700828375,0.016218882347672863,-0.0010519153534511785,0.01727079770112404,0.01373888802336969,-0.03573744030663377,0.32500000000000007,0.002487922353155513,0.0014458531618894753,500,1.0,False,,0,-0.015901728034496975,-0.012633322289019325
1850045,E1,E,0.31314,40.95914,0.1765,1.0,8.293262,-42.121849,10.237,0.0016961627313195765,-0.0008120001107677968,0.00042369850472088804,-0.001235698615488685,0.00314130493328562,0.0018130999591596019,0.32500000000000007,0.0025081628420873733,0.0014559142398345736,500,1.0,False,0.11899721278766925,0,-0.10018179323706002,-0.09691338749158236
1253119,E2,E,0.31915,41.11731,0.1342,0.94238,9.183597,-44.233112,11.014,0.015961290621171218,0.01335259444149667,-4.827145064153441e-05,0.013400865892138203,0.012814918218500436,-0.029384960022456285,0.32500000000000007,0.002608696179674549,0.0015058870319420456,500,1.0,False,,0,0.010611512441275218,0.013879918186752868
1592028,E1,E,0.3251,41.15482,0.1419,1.0,9.051192,-42.730038,10.214,0.005233281474127938,0.0025251857156413475,0.0038691918223782585,-0.0013440061067369119,0.010992765802532676,-0.0055756684046201176,0.32500000000000007,0.00270809575848659,0.0015553688494988535,500,1.0,False,,0,0.002024282623106822,0.005292688368584472
1370320,E2,E,0.3307,41.23123,0.1243,0.99831,9.975552,-44.086082,10.064,0.0017306657942091361,-0.0010638194570265404,-0.000986793710375283,-7.70257466512572e-05,0.005954372410700246,0.002338547225771834,0.32500000000000007,0.0027944852512356766,0.0016023761410981058,500,1.0,False,,0,0.035756586214030425,0.03902499195950808
1323016,E2,E,0.33485,41.43045,0.2227,1.0,10.056144,-43.452339,9.971,0.0019367003153501782,-0.0009218057206906239,-0.0006746954964761281,-0.00024711022421449575,0.0025227914911994938,0.0020678244306181915,0.32500000000000007,0.002858506036040802,0.001637211901836837,500,1.0,False,,0,0.2037788756287099,0.20704728137418754
1304145,E2,E,0.33811,42.34314,197.6117,0.0,10.177816,-43.78458,10.604,0.0020477767984735454,-0.0008610202637033327,1.7856434365554064e-05,-0.0008788766980688866,0.0028062802694874805,0.0019348789935318316,0.32500000000000007,0.002908797062176878,0.0016645768608749734,500,1.0,False,,0,1.09221184924139,1.0954802549868676
1933035,E1,E,0.34105,41.64473,0.2944,0.5712,8.857163,-42.933697,10.638,0.00999614054384678,0.007041988997976633,0.00495740654992104,0.0020845824480555915,0.01696045722317136,-0.015687880229899455,0.32500000000000007,0.0029541515458701476,0.0016892556889645804,500,1.0,False,,0,0.3721109240534616,0.37537932979893923
1336009,E2,E,0.34175,41.28327,0.2472,1.0,8.916199,-44.893974,8.901,0.0008777456442759491,-0.0020872045881878344,-0.000934242290653919,-0.0011529622975339155,0.0026792194016810903,0.004604779315089118,0.32500000000000007,0.0029649502324637835,0.0016951316004144871,500,1.0,False,,0,0.005511950591016935,0.008780356336494585
1311394,E2,E,0.34291,40.95115,0.3518,0.2524,9.572152,-43.261475,10.207,0.002714508591438602,-0.0002683366073803488,8.352109634765601e-05,-0.00035185770372800503,0.0034266922680989175,0.0006346339696738377,0.32500000000000007,0.002982845198818951,0.0017048688251029035,500,1.0,False,,0,-0.3351026352690071,-0.3318342295235294
1248925,E1,E,0.34307,41.44534,0.133,1.0,7.489819,-42.731388,9.56,0.0010506076253706002,-0.0019347058446697535,-0.000811242685264823,-0.0011234631594049301,0.005361615346362776,0.00424332519032272,0.32500000000000007,0.0029853134700403537,0.001706211890577168,500,1.0,False,,0,0.15791778728791706,0.1611861930333947
1371048,E2,E,0.34392,41.24242,0.1476,1.0,9.635862,-43.59597,10.759,0.004048393133516881,0.0010499669726128265,0.0024847727176660356,-0.00143480574505321,0.0036305227046067603,-0.0022294047023867416,0.32500000000000007,0.002998426160904054,0.0017133469259091975,500,1.0,False,,0,-0.05120713321104099,-0.04793872746556334
1291408,E2,E,0.34721,41.13422,0.1159,1.0,9.867333,-43.877472,11.207,0.002676883951399348,-0.00037229603649479486,-0.0001626380680459932,-0.00020965796844880165,0.006985966750501193,0.0008297969147749934,0.32500000000000007,0.0030491799878941427,0.0017409637097237582,500,1.0,False,,0,-0.1832906696167783,-0.18002226387130066
1336150,E2,E,0.3481,41.72694,0.2574,0.9999,9.791856,-44.561344,9.599,0.0009818100767152822,-0.0020810996698479114,-0.0010814494059397546,-0.000999650263908157,0.0020034310836639676,0.004600205631537853,0.32500000000000007,0.0030629097465631936,0.0017484345114243533,500,1.0,False,,0,0.4030044679805115,0.40627287372598914
1919042,E2,E,0.34814,41.16477,0.1815,1.0,10.683286,-44.227905,9.948,0.005602316976894398,0.0025387901625258543,0.003985054503384882,-0.001446264340859028,0.008819236355176811,-0.0055781412844736825,0.32500000000000007,0.003063526814368544,0.0017487702777929195,500,1.0,False,,0,-0.15945393234892868,-0.15618552660345103
1258906,E2,E,0.34918,41.38191,0.1554,1.0,10.261803,-44.394276,8.927,0.0003347680930294309,-0.0027448024842782284,-0.0012271211167230987,-0.0015176813675551299,0.002713528431514873,0.0060409672678565195,0.32500000000000007,0.0030795705773076594,0.0017575002033756375,500,1.0,False,,0,0.050198415422310835,0.05346682116778849
1291254,E2,E,0.35021,41.25782,0.2671,1.0,10.235684,-44.620888,9.904,0.004439387222814087,0.0013439271495186483,0.002058557100317454,-0.0007146299507988058,0.00585298355760142,-0.0028850550787213854,0.3750000000000001,0.0030954600732954387,0.0017661461873662145,500,1.0,False,,0,-0.055631222794315316,-0.07801849471899631
1773049,E2,E,0.35023,41.3175,0.1076,1.0,10.422482,-44.600784,10.273,0.002092284057598977,-0.0010034845495991364,0.00027303868996404615,-0.001276523239563182,0.003051710419764567,0.0022534235203529457,0.3750000000000001,0.0030957686071981134,0.001766314070550497,500,1.0,False,,0,0.003905378412180416,-0.018481893512500583
1328016,E2,E,0.35071,41.26951,0.1554,1.0,10.347867,-44.268337,10.627,0.002489007953094558,-0.0006141654677677632,0.0008496784842333452,-0.0014638439520011084,0.00621155577526078,0.00137971833699851,0.3750000000000001,0.003103173420862321,0.0017703432669732904,500,1.0,False,,0,-0.04752391813054835,-0.06991119005522935
1257040,E1,E,0.35177,41.25662,0.1129,1.0,8.276912,-42.807098,10.689,0.0041608057735937716,0.0010412800558896591,0.00011272700781048031,0.0009285530480791786,0.015355045645882472,-0.0023994311650546215,0.3750000000000001,0.0031195257177041124,0.0017792410757402916,500,1.0,False,,0,-0.06799360462659088,-0.09038087655127187
1247022,E2,E,0.35763,41.88096,0.1958,0.9996,9.673444,-44.391026,10.507,0.000967708580638322,-0.002242217570549655,-0.0006931733142249132,-0.001549044256324742,0.0008350542525547819,0.004962061772325706,0.3750000000000001,0.003209926151187977,0.0018284308487352234,500,1.0,False,,0,0.5148217518586079,0.4924344799339269
1331700,E2,E,0.36025,42.08385,0.3282,0.8357,9.172518,-44.025635,9.029,0.0010075182040791934,-0.0022428258883592494,-0.0008469627629875966,-0.0013958631253716525,0.001385772771648846,0.00496415284016986,0.3750000000000001,0.003250344092438443,0.001850423545876302,500,1.0,False,,0,0.699349804314589,0.676962532389908
1500031,E2,E,0.36606,41.57625,0.1416,1.0,9.203648,-44.13979,9.246,0.013320521998709242,0.009980548807543623,0.007216625151518107,0.0027639236560255158,0.014397516786748771,-0.021983083701598162,0.3750000000000001,0.003339973191165619,0.001899193610910526,500,1.0,False,,0,0.15146891715253752,0.12908164522785653
1344639,E2,E,0.36672,41.48063,0.1384,0.99999,9.385548,-44.200863,10.891,0.0007217575334556641,-0.0026283972764982394,-0.001312512544661881,-0.0013158847318363582,0.004641938635429597,0.0057870638222974335,0.3750000000000001,0.0033501548099539036,0.001904733755991866,500,1.0,False,,0,0.05131068405014638,0.028923412125465384
1599030,E2,E,0.36774,41.11399,0.1147,1.0,8.661709,-44.278599,8.553,0.0003966995867174431,-0.0029691904522729014,-0.0014391149549547715,-0.00153007549731813,0.0019922823033721427,0.00654631648063202,0.3750000000000001,0.0033658900389903447,0.0019132957983903015,500,1.0,False,,0,-0.3223280699926335,-0.3447153419173145
1770386,E2,E,0.36795,41.44872,0.119,1.0,9.657106,-44.625874,10.731,0.0002605604728308227,-0.003108569172137612,-0.001492201584033704,-0.0016163675881039083,0.0006523051769622803,0.006852583202066125,0.3750000000000001,0.003369129644968435,0.0019150585718252734,500,1.0,False,,0,0.010963245515578923,-0.011424026409102075
1904092,E2,E,0.36798,41.40591,0.1493,1.0,8.889556,-44.363873,10.912,0.00477886160016423,0.0014092691543417819,-0.0015291263538376658,0.002938395508179447,0.010740380518058382,-0.0031013844795426968,0.3750000000000001,0.0033695924458224478,0.0019153103966016976,500,1.0,False,,0,-0.032052218663513155,-0.05443949058819415
1249245,E2,E,0.36834,41.27058,0.1238,0.94749,8.422099,-44.602264,11.174,0.010689017998499431,0.007313871942428827,-0.0011274685701647942,0.00844134051259362,0.008841419784903336,-0.01598723293323375,0.3750000000000001,0.0033751460560706038,0.0019183322939187928,500,1.0,False,0.05162459622608415,0,-0.1698465776180641,-0.19223384954274508
1343533,E1,E,0.36843,41.64184,0.1785,0.99713,7.358467,-42.267323,10.731,0.003583242554378062,0.00020670809574541973,0.0019398633851564584,-0.0017331552894110386,0.0026138534560485225,-0.00036659965428148793,0.3750000000000001,0.0033765344586326423,0.0019190877682480664,500,1.0,False,,0,0.20079768173721668,0.1784104098125357
1283936,E2,E,0.36862,41.5655,0.2602,0.99995,8.877354,-44.371204,9.479,0.004301396594871892,0.0009219310641638344,-0.0015325049942450074,0.002454436058408842,0.009200173164997213,-0.002006902024934993,0.3750000000000001,0.0033794655307080577,0.0019206826584987555,500,1.0,False,,0,0.12315824287778121,0.10077097095310021
1291957,E1,E,0.37143,41.41159,0.1427,1.0,7.200165,-43.562294,7.674,0.001307486976013513,-0.002115327568020425,-0.00033352201248549587,-0.0017818055555349293,0.004421436772907751,0.004676520830603107,0.3750000000000001,0.003422814544033938,0.0019442702458905227,500,1.0,False,,0,-0.04989757504987302,-0.07228484697455402
1291511,E2,E,0.37228,41.39484,0.1739,0.99999,9.433378,-44.809761,9.802,0.0027208039983960285,-0.0007151232365016102,0.0009331157942223819,-0.001648239030723992,0.00524794976074297,0.0016208044892840126,0.3750000000000001,0.0034359272348976387,0.0019514052812225522,500,1.0,False,,0,-0.07241254571495126,-0.09479981763963226
1318126,E2,E,0.37298,41.46099,0.1255,1.0,8.341279,-44.36039,9.414,0.0009945874592536662,-0.0024521384622376084,-0.0012485545382897078,-0.0012035839239479009,0.0038429988310797695,0.0054146285877881145,0.3750000000000001,0.0034467259214912747,0.0019572811926724587,500,1.0,False,,0,-0.011001005861541624,-0.03338827778622262
1879532,E1,E,0.37719,41.42987,0.1449,1.0,6.966549,-42.884521,10.671,0.0025665961542100007,-0.0009518323930095326,-0.0001483120672642695,-0.0008035203257452633,0.008619564779989548,0.002086649214435375,0.3750000000000001,0.0035184285472195332,0.002002738103632041,500,1.0,False,,0,-0.07044659088305572,-0.09283386280773671
1289913,E1,E,0.38495,41.04571,0.1831,0.99995,7.260866,-43.297604,9.885,0.0017320265184858684,-0.00193005309909462,-7.530113548507742e-05,-0.0018547519636095424,0.003614198825547986,0.004290527944451975,0.3750000000000001,0.0036620796175804884,0.0021037269184871485,500,1.0,False,,0,-0.5060567204868079,-0.528443992411489
1249090,E1,E,0.3862,41.59525,0.1662,1.0,8.479261,-42.312588,11.235,0.007434658873809287,0.0037494395863897283,0.005557425228567533,-0.0018079856421778055,0.014734262912284617,-0.008342345488740946,0.3750000000000001,0.003685219287419559,0.0021199944466532418,500,1.0,False,,0,0.035285756349789144,0.012898484425108145
1338170,E1,E,0.38676,41.6411,0.1688,1.0,6.669973,-42.964226,10.166,0.0018850840579992688,-0.001810501801508195,-0.0005017080859398861,-0.001308793715568309,0.0025166641380837945,0.004036860372282306,0.3750000000000001,0.003695585859507464,0.002127282299271652,500,1.0,False,0.26380916669070353,0,0.07747125526883558,0.05508398334415458
1257022,E1,E,0.38683,41.60627,0.1354,0.99997,7.706558,-43.297897,10.592,0.0015083178112447462,-0.0021885638697737055,-0.00034059647237869896,-0.001847967397395007,0.002974260990668267,0.004859724031137193,0.3750000000000001,0.0036968816810184517,0.0021281932808489535,500,1.0,False,,0,0.04218353916293005,0.019796267238249052
1435067,E2,E,0.39136,41.57298,0.1557,1.0,8.632176,-44.575691,10.699,0.0005283512314445762,-0.00325238861307067,-0.0016094209242128218,-0.001642967688857848,0.001823073785370593,0.0071815069789867994,0.3750000000000001,0.003780739844515246,0.002187146802922876,500,1.0,False,,0,-0.020564863470835415,-0.042952135395516414
1773237,E1,E,0.39186,41.61736,0.1734,1.0,7.16939,-43.12719,10.269,0.00200581526004996,-0.0017841804524009147,-0.00013636963429207926,-0.0016478108181088352,0.0008720035991964735,0.003993366561640228,0.3750000000000001,0.0037899957124508748,0.002193653814189313,500,1.0,False,,0,0.02058309190192198,-0.0018041800227590193
1331130,E1,E,0.39189,41.95625,0.2528,0.99857,8.05312,-43.207359,10.406,0.007150490628583463,0.00335993956405645,-0.0015504172203179283,0.004910356784374379,0.006031512934156285,-0.00727301736461336,0.3750000000000001,0.0037905510645270127,0.002194044234865299,500,1.0,False,,0,0.35927929108530343,0.33689201916062245
1618036,E1,E,0.39216,41.67219,0.1344,1.0,7.407974,-43.34811,10.113,0.0003061730220829107,-0.003489376211129341,-0.0015547817184687449,-0.0019345944926605961,7.665807530457204e-05,0.007701900386103724,0.3750000000000001,0.003795549233212252,0.0021975580209491756,500,1.0,False,0.448612228479485,0,0.07347570373473922,0.05108843181005822
1315910,E1,E,0.39365,42.25254,0.2723,0.8774,8.214147,-43.093185,10.877,0.0016908915868976797,-0.0021322401327627453,-0.0005910619611499616,-0.0015411781716127833,0.0033994126866923368,0.0047401744896254155,0.3750000000000001,0.003823131719660425,0.002216948914523159,500,1.0,False,,0,0.6442236994249227,0.6218364275002417
1431064,E1,E,0.39494,41.74977,0.1688,1.0,9.061901,-43.184998,9.524,0.0018375760613814946,-0.0020094357975528523,-0.00011696755553061299,-0.001892468242022239,0.005054549416109908,0.004449555788464005,0.3750000000000001,0.003847011858934347,0.0022337370035905675,500,1.0,False,,0,0.13316779137094692,0.11078051944626592
1336002,E1,E,0.39496,40.94218,0.2288,0.91412,7.77004,-43.090652,7.502,0.0013004737784639833,-0.0025469083151877887,-0.0006200095901736345,-0.0019268987250141538,0.004283832166913411,0.005634145379638291,0.3750000000000001,0.003847382093651772,0.002233997284041225,500,1.0,False,,0,-0.6745504742292824,-0.6969377461539634
1291783,E2,E,0.39821,41.83358,0.1674,1.0,8.856176,-43.791504,10.223,0.002397824238506145,-0.001509720996727213,-0.0009200458960844604,-0.000589675100642752,0.004401669482814207,0.0033726636216720694,0.3750000000000001,0.003907545235233358,0.0022762928572730677,500,1.0,False,0.025396757282525505,0,0.19608613299098743,0.17369886106630644
1265832,E2,E,0.39876,41.94071,0.2754,0.99953,9.549474,-43.430714,10.788,0.0012478068686464588,-0.002669919821316091,-0.0008690224210205083,-0.0018008974002955821,0.003664034011255307,0.005909212051225335,0.3750000000000001,0.00391772668996255,0.002283450569666149,500,1.0,False,,0,0.2997179197262795,0.2773306478015985
1300517,E2,E,0.40031,41.51903,0.1744,1.0,10.034162,-43.619812,10.723,0.0014403614516946264,-0.0025060584288683707,-0.0007186951492061545,-0.0017873632796622167,0.0061685483369742404,0.005535088432609133,0.42500000000000016,0.003946419880562997,0.002303622304592105,500,1.0,False,,0,-0.1557857066008409,-0.15418387638378278
1275873,E2,E,0.40188,41.57734,0.1816,0.9959,9.601003,-44.416855,10.86,0.0002540392753341915,-0.0037214440305466797,-0.0017654866172777818,-0.0019559574132688978,0.0008615278324285481,0.008214845306157391,0.42500000000000016,0.003975483305880871,0.002324054319968718,500,1.0,False,,0,-0.10740110485779575,-0.10579927464073764
1408024,E2,E,0.40228,41.50684,0.1677,1.0,9.683133,-43.485718,10.862,0.0010647151348292072,-0.002918172865400167,-0.0011070221778395175,-0.0018111506875606496,0.0023168700004481545,0.006466307677316598,0.42500000000000016,0.003982888000229374,0.0023292599289818686,500,1.0,False,,0,-0.1804241059009143,-0.17882227568385617
1253131,E2,E,0.40349,42.11665,0.3438,0.6978,10.160546,-44.372307,11.198,0.005794193383543155,0.0017889061829095597,-0.0011473302091042302,0.0029362363920137895,0.00568765111681511,-0.0038205040559006354,0.42500000000000016,0.004005287200633595,0.0023450068962466465,500,1.0,False,0.036900868549116846,0,0.4217679917361722,0.4233698219532303
1342778,E2,E,0.40457,41.50941,266.1743,0.0,9.217444,-44.677082,9.267,0.0013906362745206486,-0.0026346436008539034,-0.0012880934616407622,-0.001346550139213142,0.001105557366989685,0.00585477808423094,0.42500000000000016,0.004025279875374552,0.0023590620405821512,500,1.0,False,,0,-0.1922535373307951,-0.19065170711373697
1537020,E2,E,0.40597,41.82821,0.1546,1.0,10.090512,-44.028656,8.527,0.004034320822550397,-1.6875483043916027e-05,0.0003212276089707231,-0.0003381030920146387,0.004228811673777825,0.0001400138954718317,0.42500000000000016,0.004051196305594313,0.002377281672128176,500,1.0,False,0.006522187528894651,0,0.11778060506614885,0.11938243528320695
1318266,E2,E,0.40626,41.74051,0.1944,1.0,8.878565,-44.726429,10.987,0.003757130602680486,-0.00029943410631649197,-0.00018542986555033364,-0.0001140042407661579,0.006058032689435865,0.0007371341838898499,0.42500000000000016,0.004056564708996978,0.0023810557386627095,500,1.0,False,,0,0.02826833586783983,0.02987016608489794
1341370,E2,E,0.409,41.75601,0.2063,1.0,8.963627,-44.676937,8.698,0.0024444106077857923,-0.0016628762574984286,-0.0017489113897828344,8.603513228440558e-05,0.008852658610804424,0.003667425759231598,0.42500000000000016,0.004107286865284221,0.002416714160402786,500,1.0,False,0.001419446415897801,0,0.026704660986429537,0.028306491203487646
1337971,E2,E,0.41066,42.20685,0.2803,0.99977,10.439253,-44.372227,10.296,0.0022458526778339474,-0.001892163668996561,-0.0007312648310829879,-0.0011608988379135734,0.00607970623670877,0.0042165104879793676,0.42500000000000016,0.004138016346830508,0.0024383174378073587,500,1.0,False,0.01817588930004395,0,0.4672584706902868,0.46886030090734493
1260949,E2,E,0.41568,41.64874,0.1532,1.0,10.160044,-43.429535,9.221,0.0013151488540203544,-0.0029157964068838647,-0.001451077262725953,-0.0014647191441579115,0.0037217317361499364,0.006463221781007447,0.42500000000000016,0.004230945260904219,0.0025036478309223894,500,1.0,False,,0,-0.12172421319985027,-0.12012238298279217
1306578,E1,E,0.42044,41.58688,0.1136,0.99998,6.8688,-43.116653,10.401,0.0007937049376957259,-0.0035253561859556765,-0.0016199808756942595,-0.0019053753102614168,0.0018971840131141765,0.0078032930013393785,0.42500000000000016,0.004319061123651402,0.002565594578178873,500,1.0,False,,0,-0.2125390296701638,-0.21093719945310568
1876308,E2,E,0.42147,41.98488,0.1585,0.99998,9.107752,-43.786957,8.785,0.0004535655153071191,-0.0038845626962916787,-0.0017296802574045518,-0.002154882438887127,0.0020248211364014587,0.008584168276141566,0.42500000000000016,0.004338128211598798,0.0025789990213877343,500,1.0,False,,0,0.1792357235456351,0.18083755376269323
1306991,E1,E,0.42199,41.63381,0.1664,0.99998,8.468082,-42.094688,10.952,0.0013577179084762656,-0.002990036405775585,-0.0010130210222397678,-0.0019770153835358176,0.001714251130425352,0.006641675780841166,0.42500000000000016,0.004347754314251851,0.002585766313104829,500,1.0,False,0.3982517457928677,0,-0.1749717396977487,-0.1733699094806906
1431072,E1,E,0.42267,42.10023,0.2309,0.99953,8.047461,-42.668674,10.441,0.0017516176865100225,-0.0026087246081342836,-0.0005736529107919495,-0.0020350716973423343,0.0036414568637475144,0.00580187382586113,0.42500000000000016,0.004360342294644306,0.002594615848427184,500,1.0,False,0.5043544883915455,0,0.287350852122242,0.2889526823393001
1516019,E2,E,0.42436,42.02518,0.1728,1.0,9.958747,-43.564663,9.145,0.05248516703910378,0.04809353991083705,0.05003179155129575,-0.0019382516404586958,0.041464059076438145,-0.10945519240589201,0.42500000000000016,0.004391627128266731,0.0026166095465077425,500,1.0,False,,0,0.20214411777790253,0.20374594799496065
1251225,E2,E,0.43172,42.03657,0.9592,0.171,8.748244,-44.666492,8.771,0.001373293565419795,-0.003178455029018696,-0.0017954622532913378,-0.001382992775727359,0.0009662506208964892,0.007063376644452386,0.42500000000000016,0.004551748594438491,0.002765979541611632,500,1.0,False,,0,0.16973611820781975,0.17133794842487787
1922297,E2,E,0.43225,41.66478,0.1894,0.99998,9.539416,-44.474735,9.911,0.0029713229003990875,-0.0015921199196738552,0.000615421683492203,-0.0022075416031660583,0.008387395803506314,0.0035293510830869713,0.42500000000000016,0.004563442820072943,0.0027771033125881077,500,1.0,False,0.03536393786001046,0,-0.205180895381747,-0.20357906516468888
1883111,E1,E,0.43278,41.71503,0.168,0.99998,7.750111,-42.812763,10.491,0.0021687612082342583,-0.0024063758374731335,-0.0002618505050063344,-0.0021445253324667993,0.002645713169610857,0.005378999724281345,0.42500000000000016,0.004575137045707392,0.0027882270835645822,500,1.0,False,,0,-0.1580543370685873,-0.15645250685152917
1908380,E2,E,0.43668,42.05232,0.1889,0.97097,10.174094,-44.019829,11.051,0.0026530460460423688,-0.0020081428486732403,-0.0008811822084766328,-0.0011269606401966073,0.002543973778738943,0.004513354710829491,0.42500000000000016,0.004661188894715609,0.0028700812473537378,500,1.0,False,,0,0.15636090348838827,0.1579627337054464
1336008,E2,E,0.43764,41.61194,0.147,1.0,10.321348,-43.886314,9.899,0.007240292542947886,0.0025579216546302566,-0.0018990889176989528,0.004457010572329208,0.01382657682437457,-0.005672936323920373,0.42500000000000016,0.0046823708883176295,0.0028902299645941444,500,1.0,False,0.0189616315628391,0,-0.28962058555655823,-0.2880187553395001
1253148,E2,E,0.43868,42.06142,0.2069,1.0,10.544463,-43.468803,8.828,0.0017933004054816782,-0.002912017642571477,-0.0006470538617959548,-0.0022649637807755224,0.003208307198533793,0.006479705020601856,0.42500000000000016,0.004705318048053155,0.0029120577416045868,500,1.0,False,,0,0.1538040510527211,0.15540588126977922
1536026,E1,E,0.44129,42.11417,0.2238,0.99999,8.825641,-42.61615,9.729,0.0006061906705813805,-0.004156715922577274,-0.0018697500369016383,-0.002286965885675636,0.00031642648022426863,0.009203118594722722,0.42500000000000016,0.004762906593158655,0.002966837066601945,500,1.0,False,,0,0.19141618487987422,0.19301801509693234
1328105,E1,E,0.44153,41.79927,0.1214,1.0,8.186774,-43.576172,11.11,0.006158445053986227,0.0013902429624270676,-0.0010037993879346144,0.002394042350361682,0.012324902324701294,-0.003056022340680026,0.42500000000000016,0.00476820209155916,0.002971874245912046,500,1.0,False,,0,-0.12487160685123222,-0.12326977663417411
1311247,E2,E,0.44183,41.52847,0.1692,0.99973,8.020134,-43.909561,10.781,0.0005638818969490935,-0.004210939567610698,-0.0018014018445782064,-0.0024095377230324926,0.00014132963280190914,0.009320742314678804,0.42500000000000016,0.004774821464559792,0.0029781707200496736,500,1.0,False,,0,-0.39740535720776926,-0.39580352699071114
1255008,E1,E,0.4438,41.80379,0.1777,1.0,7.374083,-42.466537,10.884,0.028918533696731974,0.024100245016134697,0.0222160434110639,0.0018842016050708002,0.0023294909228174197,-0.05319090681887654,0.42500000000000016,0.004818288680597275,0.0030195175668867595,500,1.0,False,0.009004017176894277,0,-0.1334431062885627,-0.1318412760715046
1249956,E1,E,0.44628,42.36239,0.2387,0.99993,6.984831,-42.443741,10.902,0.01100293394326545,0.0061299251125296154,0.008699080882202068,-0.0025691557696724543,0.004318572266864279,-0.01327595602342483,0.42500000000000016,0.004873008830735834,0.003071568419757813,500,0.95,False,0.26054429294465803,0,0.410925515998369,0.41252734621542714
1367331,E1,E,0.44684,42.03154,0.1221,0.99744,7.026115,-42.454983,10.25,0.014835585158791536,0.009950220165121188,0.012523841365481498,-0.0025736212003603103,0.009474624842413034,-0.02177058546250233,0.42500000000000016,0.004885364993670347,0.0030833218381480505,500,0.975,False,,0,0.07687219563093783,0.07847402584799594
1450148,E1,E,0.44736,41.95895,0.166,1.0,7.791684,-42.265503,9.35,0.0012136342844650148,-0.0036832042890730943,-0.0013983220876511797,-0.002284882201421915,0.0037398740980195285,0.008166503708377662,0.42500000000000016,0.004896838573538109,0.003094235726653271,500,1.0,False,,0,0.0013110372344770052,0.0029128674515351144
1900662,E2,E,0.44791,41.96821,0.1662,1.0,9.384784,-44.353104,10.323,0.0006271166426122801,-0.004281857448093654,-0.0019157735499973582,-0.002366083898096296,0.001861604294515949,0.009477237073856271,0.42500000000000016,0.004908974090705934,0.0031057792625722534,500,1.0,False,,0,0.00743197178066601,0.00903380199772412
1895036,E1,E,0.45194,41.91153,0.1111,1.0,7.389364,-43.239956,10.114,0.005983080242310301,0.00098518590762921,0.003112612848065334,-0.0021274269404361248,0.0033913109534728127,-0.0020312364255071318,0.4750000000000001,0.004997894334681091,0.003190361898487715,500,1.0,False,0.14928991556124904,0,-0.08797135704906212,-0.07053781322181125
1289346,E2,E,0.45198,41.34949,213.4445,0.0,10.22824,-44.595268,8.815,0.005848070440790403,0.0008492935230425607,0.0017503171500775749,-0.0009010236270350146,0.019276129643532258,-0.0020113243836878646,0.4750000000000001,0.004998776917747842,0.0031912014283727317,500,1.0,False,,0,-0.6502376123834621,-0.6328040685562113
1290127,E1,E,0.45222,42.07392,0.2425,1.0,6.690813,-43.434082,7.073,0.0011798998201605515,-0.003824172595987797,-0.001244484836746242,-0.002579687759241555,0.004794374886872041,0.008470672905620952,0.4750000000000001,0.0050040724161483485,0.003196238607682834,500,1.0,False,,0,0.07283524814956777,0.09026879197681863
1262252,E1,E,0.45294,41.96072,0.1979,1.0,7.171953,-43.748596,9.545,0.0011598033467314045,-0.0038601555646184606,-0.0012714122457517605,-0.0025887433188667005,0.002626728646147772,0.0085673317039307,0.4750000000000001,0.005019958911349865,0.0032113501456131396,500,1.0,False,0.42118738557683044,0,-0.0444321383250339,-0.026998594497783038
1253101,E1,E,0.45332,41.89377,0.1933,1.0,7.465158,-43.13773,8.612,0.0427405791959094,0.0377122357454254,0.00021452365603658952,0.037497712089388804,0.006820988809103138,-0.08379532355043125,0.4750000000000001,0.005028343450483999,0.003219325679520801,500,1.0,False,0.16831805796383453,0,-0.1135263807768736,-0.09609283694962274
1302110,E1,E,0.45351,42.27599,0.2672,0.9524,7.324549,-43.248325,10.579,0.0005219494287907422,-0.004510586291260324,-0.0021056631054236683,-0.0024049231858366566,0.002308216174958672,0.00997929922728368,0.4750000000000001,0.005032535720051066,0.003223313446474632,500,1.0,False,,0,0.2676221274268984,0.28505567125414927
1309694,E2,E,0.45353,42.12919,0.203,0.9995,10.949876,-44.054417,10.287,0.001947790738327572,-0.0030851862732568687,-0.00046425081818124566,-0.002620935455075623,0.001471546842308346,0.006886454744958712,0.4750000000000001,0.005032977011584441,0.0032237332114171393,500,1.0,False,,0,0.12070936320675842,0.13814290703400928
1304193,E2,E,0.45354,42.07876,0.1677,0.99951,9.879671,-44.843678,10.547,0.003964337179586218,-0.0010688604777649106,0.0013994402154270096,-0.0024683006931919206,0.010416341909038307,0.002387678270714738,0.4750000000000001,0.005033197657351129,0.003223943093888394,500,0.95,False,0.03987506363773956,0,0.07022298283830408,0.08765652666555494
1334302,E1,E,0.45463,41.87494,0.1557,0.99998,7.367534,-43.387917,10.668,0.0010175802682718515,-0.00403966777764824,-0.001382131173703805,-0.0026575366039444355,0.0021672393734093005,0.008960159458119343,0.4750000000000001,0.005057248045920092,0.003246820283255106,500,1.0,False,0.2452651189649602,0,-0.13973552750390028,-0.12230198367664942
1339716,E1,E,0.45682,41.89089,0.2333,0.99999,6.856683,-43.056366,9.339,0.002289147958779567,-0.0028164215100451384,-0.0010838061133397222,-0.0017326153967054168,0.005604178790783823,0.006274291322526593,0.4750000000000001,0.0051055694688247055,0.0032927845444597863,500,1.0,False,,0,-0.1360774178029145,-0.11864387397566363
1915067,E2,E,0.45699,42.02079,0.1859,0.99999,9.039772,-44.052299,10.737,0.0025142848494630462,-0.002595035597395351,-0.0007195789918296527,-0.0018754566055656989,0.0027804874054217694,0.0058162169470432285,0.4750000000000001,0.005109320446858397,0.003296352546471108,500,1.0,False,,0,-0.007129278910211534,0.010304264917039327
1263244,E2,E,0.45799,42.5259,0.329,0.99982,10.094522,-44.422009,10.964,0.003937086948955546,-0.0011942980745716257,-0.001290773033450474,9.647495887884876e-05,0.0011852965746179296,0.0027732658711707506,0.4750000000000001,0.005131385023527172,0.0033173407935965333,500,1.0,False,,0,0.4923882257404643,0.5098217695677152
1879263,E1,E,0.46192,42.26696,0.1282,1.0,8.53149,-42.974342,10.006,0.0040690830585878544,-0.0011490157512475969,-0.0008000549646680088,-0.00034896078657958894,0.0069206225724345845,0.002626661764037072,0.4750000000000001,0.005218098809835451,0.003399824604799451,500,1.0,False,0.3058854109664003,0,0.21157969194941173,0.2290132357766626
1297742,E1,E,0.46256,41.86633,0.1224,1.0,8.609465,-43.095177,10.872,0.02051884864024494,0.015286628501341474,0.003359422029582686,0.011927206471758786,0.021994344476000533,-0.03395948465789321,0.4750000000000001,0.005232220138903466,0.003413257082959723,500,1.0,False,,0,-0.19259512090095954,-0.17516157707370866
1551020,E1,E,0.46283,41.96487,0.16,0.99996,7.181084,-42.200035,11.297,0.012141407864373122,0.006903230289769086,0.009561013426272344,-0.0026577831365032583,0.009770752023135987,-0.015043439365738574,0.4750000000000001,0.0052381775746040355,0.003418923909683588,500,1.0,False,,0,-0.0955492139481875,-0.07811567012093663
1484053,E2,E,0.46322,41.83382,0.1315,1.0,10.57777,-43.730068,10.36,0.012248419887658395,0.007001637128153538,0.009052737078397335,-0.0020510999502437984,0.006103817228422724,-0.015203293454667605,0.4750000000000001,0.005246782759504857,0.0034271093260625028,500,1.0,False,,0,-0.22875591055300348,-0.2113223667257526
1596033,E2,E,0.46937,42.57499,0.2591,0.99822,8.389528,-44.282009,9.168,0.0006606560198209616,-0.004721823886196851,-0.002106916810984114,-0.002614907075212739,0.003442418837146863,0.010453042858570277,0.4750000000000001,0.005382479906017813,0.0035561870458838637,500,1.0,False,,0,0.4786272502635087,0.4960607940907596
1532056,E2,E,0.47273,42.13967,0.1914,0.99999,8.121352,-44.129128,10.949,0.0013727986295611794,-0.004083818254063712,-0.0022116109560022523,-0.0018722072980614608,0.009924786364670098,0.008976795683641448,0.4750000000000001,0.005456616883624892,0.0036267075562252896,500,1.0,False,0.0965350064166548,0,0.02502260675253054,0.0424561505797814
1305785,E2,E,0.47327,42.2607,0.1624,0.97219,9.893391,-44.83342,10.863,0.0028163644720793934,-0.0026521672829466375,3.7395417678623855e-05,-0.0026895627006252613,0.013782700975192415,0.005762604624637066,0.4750000000000001,0.005468531755026031,0.0036380412096730197,500,0.975,False,0.025949079259063125,0,0.1431253505701109,0.16055889439736176
1257102,E2,E,0.4733,42.05073,0.1564,0.99999,10.057776,-44.561977,9.46,0.004554304561671352,-0.0009148891306547408,0.0013421530952774166,-0.0022570422259321583,0.005048099139282616,0.0021539016384263567,0.4750000000000001,0.005469193692326093,0.0036386708570867814,500,1.0,False,,0,-0.06700718311971898,-0.04957363929246812
1403033,E2,E,0.47435,42.44964,0.1886,0.99996,10.064922,-44.450138,10.629,0.002576612717818417,-0.002915748780009888,-0.0011863576340380554,-0.0017293911459718338,0.006558756639887621,0.006496729257540405,0.4750000000000001,0.005492361497828305,0.003660708516568477,500,1.0,False,,0,0.32622020274262,0.34365374656987085
1431096,E2,E,0.4768,42.13112,0.1703,1.0,9.161778,-43.948498,9.099,0.0015379026183987782,-0.00401023262740778,-0.0012187453612441596,-0.002791487266163621,0.004062181686872895,0.008909825687993419,0.4750000000000001,0.005548135245806558,0.003700161359210596,500,1.0,False,0.3018011917659805,0,-0.005513582440526799,0.011919961386724062
1302418,E2,E,0.4778,42.22784,0.1418,1.0,9.380949,-44.551083,10.696,0.0021598163528432144,-0.003411336544709762,-0.0010706282496680901,-0.0023407082950416733,0.00679523667734159,0.007574613531456121,0.4750000000000001,0.005571152897552977,0.0037145005158831473,500,1.0,False,,0,0.08583129237821097,0.10326483620546183
1636093,E1,E,0.47782,42.19728,0.223,0.99998,8.546846,-42.989197,9.819,0.004919760086590438,-0.0006518531639974666,-0.0019083638178971204,0.0012565106538996534,0.01318914281533904,0.0014199689206601165,0.4750000000000001,0.005571613250587905,0.003714787299016598,500,1.0,False,0.29183527087196004,0,0.05516389733236493,0.07259744115961579
1488029,E2,E,0.47833,41.91333,0.1511,1.0,8.658211,-44.77216,9.61,0.004118641887870344,-0.0014647103651082329,-0.0023746087150466567,0.0009098983499384239,0.0111948284990762,0.003247690051249025,0.4750000000000001,0.005583352252978577,0.0037221002689195987,500,1.0,False,,0,-0.23152325538878515,-0.21408971156153428
1249209,E1,E,0.48312,42.4651,0.1794,1.0,6.96295,-42.385223,10.209,0.006184382721622299,0.0004907759167783812,0.00345941573501628,-0.0029686398182379005,0.00833214644817751,-0.0009497188101599118,0.4750000000000001,0.005693606804843918,0.0037907848293811173,500,0.875,True,,0,0.2946715069779928,0.3121050508052437
1248962,E1,E,0.48342,42.15537,0.12,1.0,7.808713,-43.090839,10.127,0.0010768219643221648,-0.004623690136045678,-0.0017061184835649216,-0.0029175716524807577,0.00544951095752671,0.010238801077674196,0.4750000000000001,0.005700512100367843,0.003795086576382883,500,1.0,False,0.11883350635693192,0,-0.01665236912807999,0.0007811746991708696
1300441,E2,E,0.48485,42.11049,0.1587,1.0,10.266398,-44.181057,9.262,0.043602416027411856,0.03786898868504664,0.0013081010658785091,0.03656088761916812,0.012678479696864928,-0.08436363172249381,0.4750000000000001,0.0057334273423652205,0.00381559157042463,500,1.0,False,0.14792740007408156,0,-0.06911713352301363,-0.05168358969576277
1302117,E1,E,0.49238,42.31734,0.2056,0.99996,8.349512,-42.571285,10.454,0.013156224707289825,0.007249474447274081,0.007945490789991362,-0.0006960163427172819,0.0021578991139577933,-0.01569140697735729,0.4750000000000001,0.005906750260015744,0.0039235654201689365,500,1.0,False,0.30013803454884147,0,0.09813606802669894,0.1155696118539498
1376168,E2,E,0.49239,42.31103,0.1648,0.92711,8.088824,-43.846218,11.08,0.007129573967851492,0.0012225935313182838,-0.0020721652100535366,0.003294758741371819,0.006213364849801378,-0.002513808111655483,0.4750000000000001,0.005906980436533208,0.003923708811735663,500,1.0,False,0.03324198098352311,0,0.09177386106046881,0.10920740488771967
1339703,E1,E,0.49272,42.04737,0.1427,0.99993,8.428386,-42.578835,10.716,0.018228063281934846,0.01231348702032532,0.0015083457385197058,0.010805141281805613,0.014715511176503026,-0.027126134003725613,0.4750000000000001,0.005914576261609526,0.003928440733437604,500,1.0,False,,0,-0.17360841137294458,-0.1561748675456937
1810037,E1,E,0.4965,42.33984,0.2498,0.99994,7.220689,-43.254223,9.266,0.007816166588396742,0.0018145836031857572,0.004103852779904649,-0.0022892691767188926,0.009264895126056043,-0.003879434199247918,0.4750000000000001,0.006001582985210985,0.003982642745659846,500,1.0,False,0.07377213498162379,0,0.09921052481478099,0.11664406864203185
1312171,E2,E,0.50043,42.541,0.2575,0.99986,9.662444,-43.907009,10.564,0.004327034157540203,-0.0017650081990342043,-0.0019032937678705659,0.00013828556883636097,0.011466154079186955,0.003942873502441106,0.5250000000000001,0.006092042356574407,0.004038995631382971,500,1.0,False,,0,0.3030847119723906,0.2975214383553609
1264948,E2,E,0.50394,42.1926,0.1744,1.0,9.786993,-43.940521,10.304,0.013124284491327489,0.006951450177123156,-0.0013043604773365328,0.00825581065445969,0.010066484501420503,-0.015133113167886594,0.5250000000000001,0.006172834314204333,0.004089326071303624,500,1.0,False,0.23502267377687938,0,-0.06330434561909284,-0.06886761923612257
1532057,E2,E,0.50397,42.25278,0.1221,1.0,9.635918,-44.51313,10.241,0.005797702773483919,-0.0003758220702728054,0.0018206153420115452,-0.0021964374122843515,0.011760056891613467,0.0009004111600003709,0.5250000000000001,0.006173524843756725,0.004089756246003801,500,1.0,False,,0,-0.003277590772908486,-0.00884086438993821
1335472,E2,E,0.50597,42.23548,0.1033,1.0,9.555887,-44.049759,10.245,0.00337892657034442,-0.0028406335769051395,8.909540649060113e-05,-0.0029297289833957415,0.006295618188672343,0.0063851031224936025,0.5250000000000001,0.00621956014724956,0.004118434559348902,500,1.0,False,,0,-0.030774667463104338,-0.036337941080134065
1370944,E2,E,0.50947,42.24295,0.1398,0.99991,10.066412,-43.307278,11.004,0.010314473607482114,0.004014351679120093,0.002052917847433035,0.001961433831687058,0.013948088318619925,-0.008760502128059918,0.5250000000000001,0.0063001219283620215,0.00416862160770283,500,1.0,False,0.258322457551326,0,-0.041058824845306235,-0.04662209846233596
1780122,E2,E,0.50987,41.87859,0.2096,1.0,10.287293,-43.286701,10.582,0.019348813673931847,0.01303948468487126,0.013646179397311749,-0.000606694712440493,0.027995484061319777,-0.02929691978249164,0.5250000000000001,0.006309328989060588,0.00417435727037185,500,1.0,False,0.010815500672243275,0,-0.40744057256296695,-0.4130038461799967
1889022,E1,E,0.51127,42.47574,0.1692,1.0,8.166777,-42.710606,8.623,0.0033795841214259844,-0.0029619695800795877,-6.78657220459524e-05,-0.0028941038580336366,0.006052095716734034,0.0066589598116946315,0.5250000000000001,0.006341553701505572,0.004194432089713421,500,1.0,False,0.3457555565848591,0,0.18264502393538082,0.1770817503183511
1300470,E2,E,0.51413,42.57387,0.2371,0.99979,9.233115,-44.843964,10.681,0.001754132095738732,-0.004653252089761594,-0.001594693465760804,-0.0030585586240007906,0.010686069850412983,0.010261606400431143,0.5250000000000001,0.006407384185500326,0.0042354420777969155,500,1.0,False,0.18695224320236706,0,0.26639976559322964,0.2608364919761999
1370135,E2,E,0.51615,42.52161,0.1875,0.99996,8.880126,-44.296173,9.502,0.002878240284025671,-0.0035756395580024197,-0.0009931911306146845,-0.0025824484273877357,0.010898770735921505,0.00791555165208786,0.5250000000000001,0.0064538798420280905,0.004264407174275469,500,1.0,False,,0,0.2040318207553203,0.1984685471382906
1342647,E2,E,0.51618,42.35236,0.1973,1.0,10.65321,-44.47047,10.075,0.0016237228700744042,-0.004830847501506078,-0.0019035620925195004,-0.0029272854089865785,0.006340008722093347,0.010729533024126752,0.5250000000000001,0.006454570371580482,0.004264837348975645,500,1.0,False,,0,0.03463198313078139,0.029068709513751664
1320066,E1,E,0.5192,42.72513,0.2713,0.9993,8.400474,-42.039471,10.965,0.0023854253911349795,-0.004138658288719684,-0.001824169138389674,-0.0023144891503300113,0.003858727601320497,0.009253598654913747,0.5250000000000001,0.006524083679854664,0.004308141602126748,500,1.0,False,,0,0.3923600622097202,0.38679678859269045
1312164,E2,E,0.52327,42.72466,0.3135,0.99998,9.054849,-43.600559,9.664,0.001063159442896102,-0.005554606079566482,-0.0023195213103350655,-0.0032350847692314173,0.003628263976600884,0.01234179839766908,0.5250000000000001,0.006617765522462584,0.00436650196978403,500,1.0,False,,0,0.3717479555967974,0.36618468197976767
1257144,E2,E,0.52559,42.44235,0.2039,0.99712,8.647225,-43.89167,9.925,0.0020536484916733617,-0.004618047736846843,-0.0014763347186067895,-0.003141713018240054,0.007932621360606195,0.010253427298920485,0.5250000000000001,0.006671696228520205,0.004399679000339025,500,1.0,False,,0,0.07802230102216798,0.07245902740513825
1320126,E2,E,0.52685,42.42063,0.1929,0.9993,10.244915,-43.782936,10.654,0.004055503533632088,-0.002646326275152125,-0.001686903010305542,-0.0009594232648465831,0.002352913479141244,0.006024349054441797,0.5250000000000001,0.0067018298087842135,0.004417554533872022,500,1.0,False,0.030880571110456185,0,0.05012227028418623,0.0445589966671565
1260889,E2,E,0.52885,42.41841,0.159,1.0,9.015895,-44.719162,10.478,0.00708297837047283,0.00033331748190448124,-0.001934845498921331,0.0022681629808258105,0.011816859928034487,-0.0006279701252753823,0.5250000000000001,0.0067496608885683484,0.004445928396622809,500,1.0,False,,0,0.03812119969173908,0.03255792607470935
1302346,E2,E,0.53042,42.60237,0.1745,0.99985,10.542997,-43.697895,10.768,0.0015389851291939993,-0.005248223157004897,-0.002294418851470294,-0.0029538043055346045,0.005036646266606816,0.01167440960466248,0.5250000000000001,0.006787208286198896,0.004468201878882176,500,1.0,False,,0,0.21442742059933736,0.20886414698230765
1574017,E1,E,0.53287,42.52319,0.1377,0.8941,7.342159,-43.981201,10.038,0.00119710664720685,-0.005648694711727614,-0.0021897037303640096,-0.003458990981363605,0.0004653861173637496,0.012576872352401553,0.5250000000000001,0.006845801358934463,0.004502959860751891,500,1.0,False,,0,0.12334612888590799,0.11778285526887826
1536021,E1,E,0.5341,42.42357,0.174,0.99998,6.62533,-43.462669,10.03,0.00749881340803296,0.0006235959350312506,0.004119331611091896,-0.003495735676060646,0.005074816884383722,-0.0011304850483870726,0.5250000000000001,0.006875217473001709,0.004520409786343626,500,1.0,False,,0,0.01777060773501135,0.012207334117981625
1876305,E1,E,0.53667,42.40215,0.1392,0.99297,7.448766,-42.036697,10.623,0.0012227435729257649,-0.005713936837598559,-0.002668165099924693,-0.0030457717376738665,0.004834433269514419,0.012697839749505634,0.5250000000000001,0.006936680410524324,0.004556870199978387,500,1.0,False,,0,-0.01605146415182715,-0.021614737768856876
1912110,E2,E,0.53763,42.1294,0.172,0.9999,9.546219,-44.113155,9.788,0.0022160893544583594,-0.004743549974362353,-0.0012830602346005217,-0.0034604897397618314,0.005684449465876983,0.010581896021325046,0.5250000000000001,0.006959639328820712,0.004570489654098766,500,1.0,False,0.08420101064625428,0,-0.29341979746661007,-0.2989830710836398
1636043,E2,E,0.53944,42.52552,0.1282,0.99972,9.855549,-43.61113,10.016,0.0040294965780217785,-0.0029734298780035766,0.00029131070076357773,-0.0032647405787671548,0.006133474882131537,0.006719137898199423,0.5250000000000001,0.007002926456025355,0.004596167999888228,500,1.0,False,,0,0.09401381440039289,0.08845054078336316
1252364,E1,E,0.54134,42.29627,0.1803,1.0,7.277299,-42.31348,10.618,0.003977536569362204,-0.0030708294124580813,-0.0003584953710956528,-0.0027123340413624294,0.01132625491551032,0.00680705284097782,0.5250000000000001,0.007048365981820286,0.004623123169501477,500,0.975,False,,0,-0.14432499675229407,-0.14988827036932378
1644213,E1,E,0.54509,42.45335,0.1636,1.0,7.963253,-43.70092,10.458,0.003839422922549377,-0.003298626333866165,-0.002282514960766772,-0.0010161113730993935,0.007056123495146672,0.007423130820455646,0.5250000000000001,0.007138049256415542,0.004676324162159202,500,1.0,False,,0,-0.005095543688133393,-0.010658817305163118
1641288,E1,E,0.54529,42.50157,0.1643,0.99922,8.136894,-43.753727,10.352,0.002689318463641787,-0.004453513900752171,-0.0014883883769701914,-0.0029651255237819795,0.003189791558516391,0.009987893387878182,0.5250000000000001,0.007142832364393958,0.004679161548434282,500,1.0,False,,0,0.042175682342597026,0.0366124087255673
1306980,E1,E,0.54674,42.48369,0.2353,0.99996,7.035891,-43.291695,10.33,0.006360147882930281,-0.0008173620143071738,0.0029132795983222034,-0.003730641612629378,0.006766929172449381,0.002009820540241805,0.5250000000000001,0.007177509897237455,0.004699732598928601,500,1.0,False,,0,0.01742686817893188,0.011863594561902155
1530098,E1,E,0.54758,43.14783,211.0391,0.0,7.103917,-43.317276,10.264,0.0007078899802282473,-0.006489708970518544,-0.002743451963579462,-0.0037462570069390832,0.004609938802874498,0.014409558888040868,0.5250000000000001,0.0071975989507467916,0.004711649621283932,500,1.0,False,0.009834709675751827,0,0.6775955475775834,0.6720322739605538
1899065,E1,E,0.54762,42.33816,0.173,0.99988,7.076947,-43.318287,10.656,0.0009095395650193116,-0.006289016007323163,-0.0025311090639091685,-0.003757906943413995,0.003506095122963358,0.01397898998484469,0.5250000000000001,0.007198555572342474,0.004712217098538948,500,1.0,False,0.009808609348548075,0,-0.13226341958156765,-0.13782669319859736
1291733,E2,E,0.54784,42.09818,0.5624,0.0728,9.754487,-44.081993,8.967,0.0018513643000695442,-0.005352452691049186,-0.0025460901421849908,-0.0028063625488641956,0.0023411910501303546,0.011953559858613363,0.5250000000000001,0.0072038169911187305,0.004715338223441535,500,1.0,False,,0,-0.373282506313826,-0.3788457799308557
1258802,E1,E,0.54947,42.33346,0.164,1.0,6.636329,-42.985077,10.441,0.004516915828695525,-0.0027258834924472775,6.379822059593768e-05,-0.002789681713043216,0.0047429365079408705,0.006210402989727953,0.5250000000000001,0.007242799321142803,0.0047384629215834265,500,1.0,False,0.0012455872007847764,0,-0.14568895627170333,-0.15125222988873305
1368111,E2,E,0.55095,42.32849,0.132,1.0,10.142126,-44.45435,10.652,0.008186334092333674,0.0009081397721506096,-0.0010974706742573849,0.002005610446407994,0.021616473103025256,-0.002205098743613465,0.5750000000000002,0.007278194320183064,0.00475945958001901,500,1.0,False,0.002031013249943574,0,-0.1617865873096894,-0.16318272877357004
1880545,E1,E,0.55111,42.37667,0.1931,0.99795,6.722846,-43.155834,11.027,0.0005670948734629224,-0.006714925933102872,-0.0030118473552271513,-0.0037030785778757215,0.0031228035807634815,0.014915533527127904,0.5750000000000002,0.007282020806565794,0.004761729489039072,500,1.0,False,,0,-0.11435801674990152,-0.11575415821378217
1264963,E2,E,0.55214,42.62838,0.2216,0.99982,9.098154,-44.279007,10.34,0.0033979788892688975,-0.003908674923385726,-0.002917198411976343,-0.0009914765114093834,0.012742287668039365,0.00866340491543427,0.5750000000000002,0.007306653812654624,0.004776342028355727,500,1.0,False,,0,0.13251957825388652,0.13112343679000588
1341426,E2,E,0.55321,42.59233,0.1951,0.99996,9.381068,-44.346722,9.659,0.001358586003735488,-0.005973657436603651,-0.0023970687512589665,-0.003576588685344684,0.0027565805896838627,0.013312348556283007,0.5750000000000002,0.007332243440339139,0.004791522044927399,500,1.0,False,,0,0.09145850713578575,0.0900623656719051
1444028,E2,E,0.55372,42.57853,0.166,1.0,8.950636,-44.084919,8.793,0.015456289253489061,0.00811184888780497,-8.805781700446224e-05,0.008199906704809431,0.025001423053393285,-0.01815913520554542,0.5750000000000002,0.007344440365684092,0.0047987573799288495,500,1.0,False,,0,0.07527327065988011,0.07387712919599947
1321492,E1,E,0.55467,42.32536,0.1951,0.99999,8.179554,-42.666939,10.434,0.005078374600425594,-0.002288785528155964,0.0012019283602880439,-0.003490713888444008,0.009440857262084231,0.005210954831654541,0.5750000000000002,0.007367160128581558,0.004812234964735473,500,1.0,False,,0,-0.18233429374113305,-0.1837304352050137
1833067,E2,E,0.55577,42.36557,0.1855,1.0,9.6964,-44.2738,9.639,0.00320561925572948,-0.004187847966733354,-0.0007579270643025605,-0.0034299209024307937,0.01070070683891375,0.009326092830730633,0.5750000000000002,0.007393467222462834,0.004827840589248407,500,1.0,False,,0,-0.1472535725820355,-0.14864971404591615
1635042,E1,E,0.55833,42.37836,0.1146,1.0,8.290415,-43.226574,10.317,0.003808717067808685,-0.0036459739367778435,-0.0014691529856742328,-0.0021768209511036107,0.010592531184898082,0.008149789904903778,0.5750000000000002,0.0074546910045865285,0.004864159133569414,500,1.0,False,0.1647083737077512,0,-0.14636379382347306,-0.1477599352873537
1295685,E1,E,0.55929,42.58846,0.3035,0.99801,7.336094,-42.859283,10.229,0.0012810534553079275,-0.006196596467574986,-0.002403654550099086,-0.003792941917475901,0.007962493464406499,0.01374874353972538,0.5750000000000002,0.007477649922882914,0.004877778587689792,500,1.0,False,,0,0.05928690161961705,0.057890760155736395
1249182,E1,E,0.56017,42.18869,0.2091,0.99941,6.820097,-42.573879,11.155,0.006741201191694695,-0.0007574944062932396,0.0030812009695916232,-0.0038386953758848628,0.004114472368062646,0.0019371511398037812,0.5750000000000002,0.007498695597987935,0.004890263087300138,500,0.875,True,0.0031214547132683815,0,-0.3445552963801835,-0.3459514378440642
1915087,E2,E,0.56104,42.52096,0.2018,0.99998,9.160745,-44.221256,10.407,0.07193615940947123,0.0644166572917772,0.01793829212330182,0.04647836516847538,0.02513911588675695,-0.14623462285440747,0.5750000000000002,0.007519502117694034,0.004902605717596731,500,1.0,False,0.22615692102700766,0,-0.01630528438570642,-0.017701425849587074
1263579,E1,E,0.56161,42.67654,0.2193,0.99999,6.953925,-43.374207,10.884,0.004768201905593102,-0.0027649320698394132,0.0011729127289755643,-0.003937844798814978,0.006952860306819894,0.006288650765933983,0.5750000000000002,0.007533133975432515,0.004910692268480707,500,1.0,False,,0,0.13664412171728438,0.13524798025340373
1262267,E1,E,0.56215,42.18917,0.2134,0.9997,8.215997,-42.390877,11.042,0.0035140217656054267,-0.0040320266013688065,-0.00017960012656816331,-0.0038524264748006423,0.002292194243756996,0.009102620875984192,0.5750000000000002,0.007546048366974233,0.004918353211423419,500,1.0,False,,0,-0.3532156944984924,-0.35461183596237306
1285317,E2,E,0.56441,42.44977,0.1616,0.99999,9.472623,-43.314404,8.512,0.007293237903490481,-0.0003068595836398227,0.00010305365695614365,-0.00040991324059596766,0.015730946801728582,0.0007136781750447588,0.5750000000000002,0.007600097487130304,0.004950415676331807,500,1.0,False,,0,-0.10301157906593282,-0.10440772052981347
1432141,E2,E,0.56489,42.83606,0.1951,0.8184,10.038541,-44.250916,10.131,0.003083385986215204,-0.004528190960063294,-0.0015641052847081799,-0.002964085675355115,0.004098023263897148,0.010177141510706398,0.5750000000000002,0.007611576946278498,0.004957225403391997,500,1.0,False,,0,0.2810755100901214,0.2796793686262407
1283855,E1,E,0.56536,42.3511,0.177,0.99997,7.503301,-43.714073,10.939,0.0009073505262844935,-0.006715466723743275,-0.0027737536685653575,-0.003941713055177919,0.0041867394343915254,0.014936205793351602,0.5750000000000002,0.007622817250027769,0.004963893261138432,500,1.0,False,,0,-0.20603979350195564,-0.2074359349658363
1315890,E1,E,0.56699,42.9266,0.233,0.98315,8.337059,-42.885231,10.471,0.005873447234699383,-0.0017883523453524593,-0.00171792408773041,-7.042825762204954e-05,0.02083784784273615,0.0037517656206875714,0.5750000000000002,0.007661799580051842,0.004987017959280323,500,1.0,False,,0,0.3619985271546066,0.36060238569072595
1328089,E1,E,0.56864,42.4359,0.1777,0.99997,6.994093,-43.390553,9.601,0.0002705997762804288,-0.007430660444593328,-0.0033903694076657534,-0.004040291036927575,0.001260008274728502,0.016511515345967172,0.5750000000000002,0.0077012602208737565,0.005010426396049724,500,1.0,False,0.245218788249694,0,-0.13623408514809418,-0.13763022661197483
1305807,E2,E,0.56997,42.87093,0.2368,0.98585,9.613651,-43.923054,9.222,0.005005827169354965,-0.0027272407195752402,-0.0006847071900852536,-0.002042533529489987,0.006187544192992527,0.006232328399664682,0.5750000000000002,0.007733067888930205,0.005029295014778996,500,1.0,False,,0,0.29273919785595365,0.291343056392073
1248936,E1,E,0.57093,42.73478,0.2163,1.0,8.161636,-43.461281,9.12,0.002067149471038204,-0.005688877336188389,-0.0020490601947621865,-0.0036398171414262033,0.0009599763599055039,0.012729607629194051,0.5750000000000002,0.007756026807226593,0.005042914468899375,500,1.0,False,0.20508233976052398,0,0.15222573010442156,0.1508295886405409
1291222,E2,E,0.57106,42.39885,0.2457,0.9935,10.308677,-44.783283,9.028,0.03016939425386524,0.02241025842645268,0.007012476289283927,0.01539778213716875,0.03069246515622398,-0.05036817227864495,0.5750000000000002,0.007759135827412561,0.005044758769978177,500,1.0,False,,0,-0.18429462272702798,-0.18569076419090863
1290394,E1,E,0.57153,42.49121,0.2138,0.99996,8.204242,-42.305714,10.794,0.01475650348038419,0.006986127349222357,0.010952526723959286,-0.003966399374736929,0.008024909884078562,-0.015098211134205054,0.5750000000000002,0.007770376131161833,0.005051426627724611,500,1.0,False,,0,-0.09406791550700909,-0.09546405697088974
1302353,E2,E,0.57193,42.56619,0.1269,1.0,10.275716,-44.231575,10.644,0.007513235741035956,-0.0002667066060827077,-0.0006521186279328838,0.0003854120218501752,0.02214082091327877,0.00036794151399860073,0.5750000000000002,0.0077799423471186634,0.00505710140027477,500,1.0,False,,0,-0.02090217747074994,-0.022298318934630593
1328103,E1,E,0.57472,42.70512,0.1994,0.99981,7.20324,-43.288967,10.355,0.0009604823590802275,-0.006886184344337305,-0.0030477870044867995,-0.003838397339850505,0.0037750689853476315,0.015325528901509733,0.5750000000000002,0.007846666703417533,0.0050966829388121165,500,1.0,False,0.020435378988010556,0,0.10540662181335371,0.10401048034947306
1466032,E2,E,0.57606,42.5602,0.1658,1.0,10.053383,-44.519093,10.88,0.009190155755239066,0.0013111461102085185,0.004312674020015927,-0.0030015279098074086,0.0058136092717484475,-0.002585946063468625,0.5750000000000002,0.007879009645030547,0.005113818084471343,500,1.0,False,,0,-0.04555458398269727,-0.046950725446577926
1255142,E2,E,0.57675,42.58673,0.1828,0.99816,9.055931,-43.541504,11.023,0.002118143549098375,-0.005777560574616919,-0.0025571786271455107,-0.0032203819474714095,0.004305607476825481,0.012913784692709271,0.5750000000000002,0.007895704123715295,0.0051223863253799665,500,1.0,False,,0,-0.02213017029332085,-0.023526311757201504
1337228,E1,E,0.57741,42.81386,0.215,0.99997,7.52495,-43.034092,9.763,0.0009754168402736319,-0.0069362559152270735,-0.003139984052592171,-0.003796271862634903,0.0012837095213518114,0.015453325124521307,0.5750000000000002,0.007911672755500705,0.00513058203407517,500,1.0,False,,0,0.20203255673913625,0.2006364152752556
1281691,E2,E,0.57821,42.76313,0.1724,0.9989,9.790803,-43.715687,10.06,0.00670307241470053,-0.0012279562581158279,-0.0028582168770764404,0.0016302606189606125,0.0027162639604652247,0.0029979298460754023,0.5750000000000002,0.007931028672816358,0.005140516226432994,500,1.0,False,0.01933202805710269,0,0.14771016217454994,0.1463140207106693
1910065,E2,E,0.57875,42.57166,0.2254,0.99932,9.378354,-44.134632,10.194,0.0076508834800583314,-0.0002932104369460899,0.0033455376024903016,-0.0036387480394363915,0.005828875054253326,0.0009311464029696619,0.5750000000000002,0.007944093917004421,0.005147221806274524,500,1.0,False,,0,-0.04618204603179996,-0.047578187495680616
1501158,E2,E,0.58049,42.78665,0.303,0.99871,8.871242,-44.334068,11.049,0.003924783902529132,-0.004061409134636826,-0.0028449256408734536,-0.0012164834937633722,0.006600817073017275,0.009148257862281566,0.5750000000000002,0.007986193037165959,0.00516882867465279,500,1.0,False,0.001524843561174081,0,0.16101758570681804,0.1596214442429374
1263580,E1,E,0.58276,42.64332,0.2095,1.0,8.51844,-42.807945,9.762,0.007264578144828629,-0.0007765373077204853,0.0010324934069066974,-0.0018090307146271826,0.015355007791979939,0.001763722025631003,0.5750000000000002,0.008041115452549114,0.005197016945468112,500,1.0,False,,0,0.007557452818505303,0.006161311354624652
1770206,E2,E,0.58411,42.4584,0.146,0.99999,9.625684,-44.420986,11.035,0.0031649071093784267,-0.004908871453640851,-0.0021816243613927296,-0.002727247092248121,0.009425222738024782,0.010945632571185106,0.5750000000000002,0.008073778563019277,0.0052137808950719405,500,1.0,False,,0,-0.18336937350441693,-0.18476551496829757
1300531,E2,E,0.58454,42.85836,0.1807,0.99998,10.212226,-43.976002,9.245,0.004011368004729091,-0.004072814363847345,-0.0028731156049271473,-0.0011996987589201974,0.014045691269794488,0.00900875337777017,0.5750000000000002,0.008084182368576436,0.005219120523464269,500,1.0,False,0.2011056836684464,0,0.21468010150258957,0.21328396003870892
1331719,E2,E,0.58627,42.6563,0.2102,0.99995,8.706661,-44.577782,10.562,0.027587324243507818,0.019461284703736287,-0.0026916232017633935,0.02215290790549968,0.012900365780010182,-0.04290759073268222,0.5750000000000002,0.008126039539771531,0.005240603214438063,500,1.0,False,0.11042886772113193,0,0.004946996889972374,0.003550855426091723
1302572,E1,E,0.5874,42.67107,0.1344,1.0,8.425974,-42.895851,11.008,0.00221917895463062,-0.005934200818349267,-0.003051836638949159,-0.0028823641794001077,0.004480957805724686,0.01327160866402884,0.5750000000000002,0.008153379772979887,0.0052546352611434885,500,1.0,False,,0,0.014716655523090557,0.013320514059209906
1257129,E2,E,0.58817,42.4876,0.1736,0.99892,9.212611,-43.740334,11.151,0.008132041277968858,-3.99685654273417e-05,-0.003115248230446422,0.00307527966501908,0.008948944042238506,0.0003240159529545629,0.5750000000000002,0.0081720098433962,0.005264196921287894,500,1.0,False,0.026212559108911553,0,-0.17215543901370486,-0.1735515804775855
1299439,E2,E,0.59158,42.86835,0.1595,1.0,10.601159,-44.221733,10.204,0.03967657550150047,0.03142206106054632,0.034112555830457976,-0.0026904947699116595,0.040068985295811245,-0.07154038998997822,0.5750000000000002,0.008254514440954156,0.005306541416213114,500,1.0,False,,0,0.19357869111123685,0.1921825496473562
1341423,E2,E,0.5971,42.47573,0.1422,1.0,8.342291,-44.205853,10.787,0.00499116623451872,-0.0033969040359134207,-0.0010178713523908045,-0.0023790326835226175,0.004629039063497223,0.007714775813090132,0.5750000000000002,0.008388070270432141,0.005375087343482094,500,1.0,False,0.025170621751925373,0,-0.22317549932023203,-0.22457164078411268
1338223,E1,E,0.59952,42.65104,0.1724,0.99999,7.760682,-42.630024,10.63,0.05034400002935251,0.041897378109040526,0.0017156626251553864,0.04018171548388514,0.026386891916141887,-0.09434298442442554,0.5750000000000002,0.008446621920311984,0.005405138275364511,500,1.0,False,0.22570521156346907,0,-0.05837942636825253,-0.059775567832133183
1876301,E1,E,0.60073,42.81219,0.2189,0.99966,7.302611,-42.072388,10.234,0.00355040715623191,-0.004925490589019992,-0.0012512219450705859,-0.0036742686439494073,0.004269027723016464,0.01110521249023476,0.6250000000000002,0.008475897745251901,0.005420163741305717,500,1.0,False,,0,0.06724589157491884,0.09613255647335021
1259330,E2,E,0.60243,42.86699,0.2111,0.99924,10.287661,-44.204525,10.772,0.014606906789031537,0.0060898777194838775,-0.0009075006024335452,0.006997378321917423,0.03811726258306129,-0.014532901462568495,0.6250000000000002,0.00851702906954766,0.005441273900066092,500,1.0,False,0.2104491303832305,0,0.11469817166962877,0.14358483656806015
1574019,E1,E,0.60433,42.46616,0.1094,0.99977,7.090139,-43.541668,10.853,0.0028629958670012565,-0.0057000035061710716,-0.001267512694261324,-0.0044324908119097485,0.005826233199578162,0.012779610600490567,0.6250000000000002,0.008562999373172328,0.005464867606915922,500,1.0,False,,0,-0.29432073738337444,-0.26543407248494305
1531033,E2,E,0.60888,42.99034,0.2209,0.99994,8.97967,-44.621311,10.862,0.00749390519954505,-0.001179180953360036,-0.0035583898805657743,0.0023792089272057374,0.021695642334086326,0.002457713533565359,0.6250000000000002,0.008673086152905086,0.005521368325951042,500,1.0,False,,0,0.21034789002820126,0.23923455492663265
1891030,E1,E,0.61377,42.9921,0.1856,0.99837,6.873142,-43.114548,10.013,0.0066382316081325145,-0.0021531675893644835,0.0017637647654924404,-0.003916932354856925,0.011603821406837004,0.004959758997545451,0.6250000000000002,0.008791399197496998,0.005582091076738236,500,1.0,False,,0,0.19129229338414994,0.22017895828258133
1498017,E1,E,0.62127,42.96494,5.294,0.001,7.230348,-43.783318,10.005,0.0072803607374129515,-0.0016925001849182643,0.002316279122880076,-0.00400877930779834,0.006012572564931349,0.004061992364076283,0.6250000000000002,0.008972860922331216,0.005675224130092828,500,1.0,False,,0,0.13251075197564283,0.16139741687407422
1255130,E2,E,0.62411,43.01173,0.1665,0.99999,9.549363,-43.56831,10.598,0.00236375366241474,-0.006677820766387034,-0.0027657120178059217,-0.003912108748581113,0.0011218329747971591,0.014982279463158103,0.6250000000000002,0.009041574428801774,0.005710490512963102,500,1.0,False,,0,0.16742138891732444,0.19630805381575583
1590044,E2,E,0.62931,42.92056,0.1417,1.0,9.306208,-44.149685,10.208,0.005575799464823888,-0.003590623366158191,-0.0006093578150249018,-0.0029812655511332904,0.010433736954916615,0.008143990874249073,0.6250000000000002,0.009166422830982079,0.005781252785016249,500,1.0,False,,0,0.054633115853027825,0.0835197807514592
1313177,E1,E,0.63498,42.88847,0.1606,0.99238,7.63287,-42.948566,10.546,0.002075231998479236,-0.007227106315896088,-0.0025422620410085776,-0.004684844274887511,0.004003355480687553,0.016183594752519792,0.6250000000000002,0.009302338314375323,0.00585980462699357,500,1.0,False,,0,-0.0008361904695150559,0.028050474428916325
1304183,E2,E,0.63502,42.76987,0.1632,1.0,9.763724,-44.235546,9.109,0.003044173116576699,-0.0062591240371876414,-0.003192186628673252,-0.0030669374085143903,0.00833058622226593,0.014015512962066615,0.6250000000000002,0.00930329715376434,0.00586035878460893,500,1.0,False,,0,-0.11960041662018889,-0.09071375172175751
1257839,E2,E,0.64421,42.90481,0.1699,0.99985,8.842611,-44.728569,10.115,0.006576337658372842,-0.002947252845018287,-0.0022056455311385875,-0.0007416073138797009,0.004304104035552399,0.0068667670023351834,0.6250000000000002,0.00952359050339113,0.005987676496737954,500,1.0,False,,0,-0.022132550652487818,0.006754114245943563
1317496,E1,E,0.64429,43.22859,0.2012,1.0,7.306723,-42.116749,8.811,0.0010388806060219373,-0.00848662757614723,-0.003970007088720456,-0.004516620487426776,0.0008697058526968426,0.018959239619066922,0.6250000000000002,0.009525508182169167,0.005988784811968676,500,1.0,False,,0,0.3013234924385258,0.3302101573369572
1878612,E2,E,0.64488,42.49207,0.1502,0.5321,8.841838,-44.720882,10.725,0.0056371408018361276,-0.0039025102613210495,-0.0026261180449055014,-0.0012763922164155507,0.007246464941168377,0.008910990969541125,0.6250000000000002,0.009539651063157177,0.005996958636795241,500,1.0,False,,0,-0.43758450601483795,-0.40869784111640656
1302719,E2,E,0.64527,43.20672,0.1568,0.99925,10.07162,-44.040031,10.202,0.008140856501095512,-0.001408143246104587,-0.0017009603775648046,0.00029281713146021675,0.01235563973886468,0.0033396912682702243,0.6250000000000002,0.0095489997472001,0.006002361673545003,500,1.0,False,,0,0.27548812987520527,0.30437479477363666
1876263,E1,E,0.64639,42.94172,0.2904,0.99999,7.079654,-42.552174,11.371,0.004110199756225099,-0.005465647493867492,-0.0006133551504395986,-0.004852292343427894,0.004544956681061012,0.012356995808342326,0.6250000000000002,0.009575847250092591,0.0060178780867750905,500,1.0,False,0.07252838027441859,0,0.005963312584837784,0.034849977483269165
1370898,E1,E,0.65069,43.15962,0.169,0.99925,8.078607,-42.545368,9.813,0.003600417257898208,-0.006078505226513774,-0.0015770759846268148,-0.0045014292418869605,0.008846046870991027,0.013657494750530552,0.6750000000000002,0.009678922484411982,0.006077450030426321,500,1.0,False,,0,0.22822236383313402,0.2354470978969519
1309551,E1,E,0.65135,43.25646,0.2268,0.99982,6.474008,-42.907021,9.102,0.0022771254013666522,-0.00741761793296412,-0.0025456645965893678,-0.004871953336374753,0.0036027804480235717,0.01663039932602433,0.6750000000000002,0.009694743334330772,0.006086593631079766,500,1.0,False,0.0916522844945045,0,0.32241623412883863,0.3296409681926565
1575019,E1,E,0.65214,42.80971,0.1503,0.99978,6.557415,-42.931061,11.316,0.004715987358316706,-0.004997693053947165,-0.0003941074971048784,-0.004603585556842287,0.00043078379539439137,0.011377863243537567,0.6750000000000002,0.009713680412263871,0.006097538243983132,500,1.0,False,0.01704456038834479,0,-0.12749774103080733,-0.12027300696698946
1303753,E1,E,0.65242,42.9582,0.1411,0.99999,8.086368,-43.38168,9.68,0.00410090298087097,-0.005619489307116023,-0.001654006659150646,-0.003965482647965378,0.012201125235980215,0.01257858738206706,0.6750000000000002,0.009720392287986993,0.006101417347290653,500,1.0,False,,0,0.01987172788063509,0.027096461944452963
1890041,E1,E,0.65258,42.90508,0.1588,0.99997,7.102474,-43.558426,9.426,0.0005066702690824394,-0.009217557376460626,-0.004268076953998938,-0.004949480422461689,0.0011572426677277392,0.020565030428583677,0.6750000000000002,0.009724227645543065,0.006103633977752095,500,1.0,False,,0,-0.033888369570212774,-0.026663635506394903
1284567,E2,E,0.65483,42.79729,0.15,0.99966,9.863443,-43.766991,8.816,0.008283438859714484,-0.001494723501460819,0.0006628065276956191,-0.00215753002915644,0.018601377615808472,0.0033773036797298227,0.6750000000000002,0.009778162361175303,0.006134805343616111,500,1.0,False,,0,-0.15066391173873847,-0.1434391776749206
1370113,E1,E,0.65553,42.91029,0.138,0.99996,7.949247,-43.696629,10.855,0.006231521312788401,-0.003563420737694707,-0.000405663823262817,-0.0031577569144318925,0.011865014597031976,0.008102386379089516,0.6750000000000002,0.009794942050483108,0.0061445031018849145,500,1.0,False,,0,-0.040453403978324844,-0.03322866991450697
1574028,E1,E,0.65589,43.08029,0.1892,0.99904,7.415302,-43.250103,10.937,0.006312842403183393,-0.003490729201800875,0.0009132767322421386,-0.004404005934043016,0.005328315741957369,0.008068132852671682,0.6750000000000002,0.009803571604984268,0.006149490520423157,500,1.0,False,,0,0.1281131070660644,0.13533784112988229
1287883,E1,E,0.65718,42.82373,0.1896,0.99999,7.164389,-43.032948,10.591,0.004012211003997257,-0.005822283171282829,-0.0034797183586803906,-0.002342564812602439,0.008531225756654841,0.013101805045264824,0.6750000000000002,0.009834494175280087,0.006167362103518527,500,1.0,False,,0,-0.1335774005933805,-0.12635266652956262
1564017,E1,E,0.65792,43.04337,0.1608,0.99609,6.612773,-42.903027,10.647,0.012693108500124924,0.0028408757961480135,0.0068397651680472925,-0.003998889371899281,0.01973879192490728,-0.006192765489539474,0.6750000000000002,0.00985223270397691,0.006177614019402693,500,1.0,False,,0,0.0831238558079486,0.09034858987176646
1333949,E2,E,0.65927,42.92479,0.1522,0.99999,9.689747,-43.753551,11.261,0.02499269721989178,0.015108103686535524,-0.002421993046222213,0.01753009673275774,0.018720179680145194,-0.03340760418680959,0.6750000000000002,0.009884593533356256,0.006196316838921102,500,1.0,False,0.023184894562066453,0,-0.04080924342694823,-0.03358450936313036
1639025,E2,E,0.6619,42.92854,0.1186,1.0,10.120682,-43.370441,10.206,0.005949210173470712,-0.003998427049713451,-0.0013325732080143155,-0.0026658538416991368,0.014954272849795256,0.00899214243308909,0.6750000000000002,0.009947637223184163,0.00623275270213104,500,1.0,False,,0,-0.047457876461364436,-0.040233142397546565
1286337,E1,E,0.66296,42.74686,0.1906,0.99996,7.156637,-42.362389,9.021,0.00955410428530323,-0.0004189421816898995,-0.0006872364009679376,0.0002682942192780355,0.021730745789516313,0.0008855414509316463,0.6750000000000002,0.00997304646699313,0.006247437878938088,500,1.0,False,0.07140279982681481,0,-0.23331780477813788,-0.22609307071432
1910032,E1,E,0.66455,43.06804,0.1832,1.0,7.548263,-43.084621,9.259,0.003693200277495934,-0.006317960055210643,-0.0039057861539545926,-0.0024121739012560517,0.007839676061170187,0.014223962774473676,0.6750000000000002,0.010011160332706577,0.006269465644148658,500,1.0,False,0.029827881409389908,0,0.08160426012743563,0.0888289941912535
1303658,E1,E,0.66788,42.89247,0.1446,1.0,8.524752,-42.873413,11.087,0.005391249001964013,-0.00469973470987828,-0.0022090721263099107,-0.002490662583568371,0.012700071131850869,0.010591134641519288,0.6750000000000002,0.010090983711842293,0.006315599265627403,500,1.0,False,0.03985898266062306,0,-0.10702574831391495,-0.09980101425009709
1302738,E2,E,0.67783,43.0151,0.1593,1.0,10.060977,-44.952312,11.268,0.0012320968018415678,-0.009101863539173192,-0.004288210359776601,-0.004813653179396595,0.005543325684189552,0.02033665160863253,0.6750000000000002,0.01033396034101476,0.006476023400855616,500,1.0,False,,0,-0.02305117876019034,-0.01582644469637247
1433108,E2,E,0.68283,43.29628,0.1576,0.99994,8.968894,-44.306686,11.044,0.0043105519373352035,-0.0061511526049646045,-0.0023613377656709765,-0.003789814839293631,0.009689978498363323,0.013853804437602183,0.6750000000000002,0.010461704542299808,0.006585182552258595,500,1.0,False,,0,0.23890849030002761,0.2461332243638455
1303910,E2,E,0.68456,43.28773,0.1919,0.95747,9.1016,-43.936481,9.551,0.0007606961438124941,-0.00974520789213194,-0.004611707405261398,-0.005133500486870544,0.005602711349829971,0.021747606473771355,0.6750000000000002,0.010505904035944435,0.006622951618644024,500,1.0,False,,0,0.2237396210552243,0.23096435511904218
1313434,E2,E,0.69071,43.13108,0.1489,0.99999,9.894939,-43.14082,9.84,0.004131982208174068,-0.006531047195350977,-0.0025024393739203205,-0.004028607821430659,0.011601968038693143,0.014651862709587758,0.6750000000000002,0.010663029403525044,0.00675721737486969,500,1.0,False,,0,0.04368913561890599,0.050913869682723864
1260954,E2,E,0.69873,43.06474,0.1572,0.99997,9.858153,-44.263214,9.726,0.10653542835326749,0.09566749725088122,-0.00015369788864929516,0.09582119513953052,0.01053900227243141,-0.22061471092609378,0.6750000000000002,0.010867931102386262,0.0069323086537200675,500,1.0,False,0.17738545854844504,0,-0.05286840707258642,-0.04564367300876855
1891055,E1,E,0.70652,43.36649,0.1779,0.99959,7.262928,-42.372368,9.715,0.002535516854975872,-0.008531439713012498,-0.004285746140972985,-0.004245693572039512,0.012136782706978466,0.019044403849539423,0.7250000000000002,0.01106695656798837,0.0071023786116059095,500,1.0,False,,0,0.1960495352666045,0.2270722155058425
1432102,E2,E,0.71803,43.11022,0.1901,0.6935,10.46507,-43.936871,11.054,0.005637314645244247,-0.005723709074102302,-0.003857835470666931,-0.00186587360343537,0.006749870065542319,0.013048421039556458,0.7250000000000002,0.011361023719346549,0.007353662978135565,500,1.0,False,,0,-0.102561650815302,-0.07153897057606402
1304841,E2,E,0.74126,43.48113,0.1829,0.99994,10.004323,-44.418732,11.05,0.008104871946961108,-0.0038109402579941786,0.000840714487450744,-0.004651654745444921,0.016106497711136886,0.00866194380098468,0.7250000000000002,0.011915812204955287,0.007724914447733479,500,1.0,False,,0,0.18484571905535474,0.21586839929459273
1304362,E2,E,0.76177,43.54985,0.1725,0.99996,9.36486,-44.240421,10.953,0.005677001056450163,-0.006713988580580546,-0.0013010502096452627,-0.005412938370935283,0.01107812997454036,0.015223295832289737,0.7750000000000002,0.01239098963703071,0.008001261612139359,500,1.0,False,,0,0.21087731155230188,0.21293297099164504
1249178,E1,E,0.76517,43.48166,0.1567,0.9999,6.957376,-43.081135,10.807,0.003878253739419744,-0.008591507388057406,-0.0050059561174402665,-0.0035855512706171383,0.010317436243458739,0.019344431492306816,0.7750000000000002,0.01246976112747715,0.00804707245363034,500,1.0,False,,0,0.13098903195535855,0.1330446913947017
1576034,E2,E,0.76675,43.62563,0.1375,0.99996,9.62047,-44.509083,10.342,0.013046153848104777,0.0005397871456554598,0.004994461055323154,-0.0044546739096676955,0.025124266781678638,-0.001230096660181798,0.7750000000000002,0.012506366702449317,0.008068361021146737,500,1.0,False,,0,0.26953985207832404,0.2715955115176672
1303881,E2,E,0.77004,43.35937,0.1482,0.99996,9.507322,-44.080326,10.798,0.00462790774934148,-0.007954681954157477,-0.0028047228301409538,-0.005149959124016524,0.009779389514378144,0.017977866677843277,0.7750000000000002,0.012582589703498957,0.008112689747177713,500,1.0,False,0.05815687781067091,0,-0.007969846200979038,-0.005914186761635867
1339327,E2,E,0.7725,43.44308,0.1481,0.99999,10.015443,-43.458477,9.864,0.004971691009690632,-0.007667892183954866,-0.0034435995489443473,-0.004224292635010518,0.0099132238417823,0.01735598320905795,0.7750000000000002,0.012639583193645498,0.008145835238374128,500,1.0,False,,0,0.06735883901186637,0.06941449845120955
1307073,E1,E,0.77464,43.27274,0.1849,0.99289,7.700468,-43.781574,9.176,0.006097410446516027,-0.006591752449939878,-0.0018229888588453692,-0.004768763591094507,0.0011845830874367268,0.015116131397684831,0.7750000000000002,0.012689162896455905,0.008174669120959627,500,1.0,False,,0,-0.11025126241958846,-0.10819560298024529
1343542,E1,E,0.78512,43.03054,0.1291,0.99775,8.073568,-43.21093,10.728,0.03766327208113619,0.024743306603370756,0.009942103882393942,0.014801202720976812,0.022557868040228853,-0.05504014921386648,0.7750000000000002,0.012919965477765437,0.008246535257444006,500,1.0,False,0.3160123689163754,0,-0.3877761744007418,-0.38572051496139864
1318158,E2,E,0.78604,43.58471,0.1448,0.99801,10.231506,-43.54594,10.899,0.008936919333852298,-0.004003269968509174,0.0022149336073282342,-0.00621820357583741,0.011341984338787022,0.009337194670360226,0.7750000000000002,0.012940189302361472,0.00825262758260738,500,1.0,False,,0,0.1633146052764755,0.16537026471581867
1302705,E2,E,0.79229,43.39748,0.1293,0.99986,10.175754,-43.575714,10.236,0.0027779468046074405,-0.010299632610498835,-0.004020708220419125,-0.006278924390079711,0.0020088826756083453,0.023241924425496767,0.7750000000000002,0.013077579415106275,0.008294015661162899,500,1.0,False,,0,-0.0447420846075491,-0.042686425168205935
1334321,E2,E,0.80326,43.2821,0.1337,0.99309,8.71515,-44.801826,9.737,0.016573111789265557,0.0032543852482696117,0.00030828852382648077,0.0029460967244431292,0.012404778856236653,-0.006614042602047301,0.8250000000000003,0.013318726540995945,0.008366660016643544,500,1.0,False,,0,-0.21113816663595555,-0.1942394593187015
1309696,E2,E,0.80954,43.72414,0.1434,0.99989,9.209031,-43.436085,10.743,0.003985878019172714,-0.009470898107109212,-0.005999686749704456,-0.003471211357404756,0.007851827963266425,0.021418033980940443,0.8250000000000003,0.013456776126281926,0.008408246757976131,500,1.0,False,,0,0.21040886756085728,0.22730757487811132
1600036,E1,E,0.81396,43.61778,0.1746,1.0,7.331606,-43.519558,11.205,0.007503889559655909,-0.006050048854359139,-0.000897587296643518,-0.005152461557715622,0.01831630091004586,0.013664127667330293,0.8250000000000003,0.013553938414015048,0.008437516407130592,500,1.0,False,,0,0.08971776835403418,0.10661647567128822
1898053,E2,E,0.81485,43.63286,0.1297,0.99994,10.005988,-44.380833,9.853,0.006683559037792941,-0.006889943728276964,-0.0019099867144793704,-0.004979957013797593,0.017161072867420805,0.015549066745923051,0.8250000000000003,0.013573502766069905,0.008443410069516898,500,1.0,False,,0,0.10192123432078333,0.11881994163803737
