{
  "variant": "w1only",
  "args": {
    "variant": "w1only",
    "excise_host": false,
    "no_specz": false,
    "require_w1": true,
    "smhm_inverse": "posterior",
    "logmh_max": 13.8,
    "n_rand": 200,
    "groups": "X,S,C,E"
  },
  "n_all": 1572,
  "slope_all": [
    -1.9475413061444808,
    0.50145203555602
  ],
  "n_good": 1450,
  "slope_good": [
    -1.9189753551472206,
    0.5014054779890114
  ],
  "slope_XS": [
    -0.19553268837078275,
    1.0390435613900484
  ],
  "slope_CE": [
    -2.6323714669982516,
    0.5587785772076282
  ]
}