CID,GROUP,zHD,rvar_gal_cl,rvar_gal_tot,rvar_cl_cl,rvar_cl_tot,var_zp
1317666,X,0.14136,8.617730703131722e-10,1.436388401079456e-09,2.2224692623909214e-09,2.075319569739674e-09,3.9175936925643477e-10
1296657,X,0.14624,1.6438094925030871e-06,1.547628010142619e-06,5.24479006003365e-09,3.382107281255606e-09,4.4004353685213535e-10
1530193,X,0.14802,1.2654808056454638e-07,2.011784253854632e-07,1.5945888017379022e-08,7.030862136896616e-09,4.5835358505499357e-10
1277173,X,0.1494,2.981748887223122e-07,2.1551358877655803e-06,3.565226393713953e-12,2.7584373630135647e-12,4.728058493190088e-10
1247420,X,0.15026,5.182435143710362e-09,2.6134956189327757e-08,6.490611809785419e-13,1.1882823136618582e-12,4.819257900816454e-10
1317164,X,0.15459,1.679334737822653e-06,1.63391250741639e-06,2.6615090156119442e-12,5.588251808583031e-13,5.291671832858985e-10
1770639,X,0.17623,1.682752909583013e-09,5.895930211432865e-09,5.050849361384765e-09,8.035651461900795e-09,7.990631228828674e-10
1298893,X,0.19616,4.4592389740492437e-08,5.85922439033085e-08,5.475325553724481e-10,1.2049581319238464e-09,1.1092107740767791e-09
1334620,X,0.19624,1.7395027291223175e-08,2.9439969516751313e-08,7.300580836780266e-10,1.0548472034471855e-09,1.1105579772468582e-09
1922067,X,0.19771,8.618127015796182e-09,3.7970790257153726e-08,4.08869105691067e-11,2.2753537308113116e-11,1.1354583805895723e-09
1309013,X,0.2126,8.717947738515528e-09,1.9923923372186772e-08,1.6899512959083895e-09,3.618479976117038e-09,1.4032414402095331e-09
1292805,X,0.21415,3.1789522116111874e-08,3.0109509047246907e-06,1.182656307563608e-10,1.3891233526100268e-10,1.4327445042688694e-09
1282114,X,0.21781,1.0555969697068917e-07,4.353187598340789e-07,2.470515022851403e-09,6.932660271783086e-10,1.5036278601506167e-09
1295062,X,0.21839,4.397689933006127e-08,4.713103755789054e-07,5.126401092944847e-10,4.0916879198762064e-10,1.5150178294557266e-09
1250912,X,0.21898,1.3560662772040065e-07,1.1765931339077437e-07,1.1390418968275051e-09,1.657828794845974e-09,1.5266482722428711e-09
1292560,X,0.22482,9.038894570752588e-07,1.4097791306729466e-06,3.1317353638730255e-10,1.2643358388155208e-10,1.644168623414688e-09
1248039,X,0.22566,1.246122457103766e-09,1.107017420400316e-08,1.1468805686819311e-08,2.339826027191241e-08,1.667588713796317e-09
1288083,X,0.23048,3.4433882164396156e-08,4.90256360304211e-08,2.0558345067385534e-09,1.0364778699045555e-09,1.8152271074535287e-09
1291149,X,0.23057,1.110564950603594e-09,5.950428406138004e-09,4.896020662093944e-09,9.623781473895861e-09,1.8180433884097087e-09
1262746,X,0.23079,8.0795924054097e-10,2.828302772207929e-09,1.053867624327473e-09,8.635481179975072e-10,1.8249368209199003e-09
1310367,X,0.23332,1.918733765610847e-09,6.69346949874548e-08,1.0028844023130317e-05,1.3577705513618705e-05,1.9051488405820655e-09
1336687,X,0.2338,3.9380343175275834e-07,6.043115773980004e-07,1.2486409609767908e-09,2.355124101873048e-09,1.920561622776601e-09
1279500,X,0.2347,3.1291082650104047e-10,1.5726914249035758e-07,2.1978255979180005e-08,2.1933307240883376e-08,1.9496279529388683e-09
1317277,X,0.2371,2.527804352359802e-09,3.190268252812403e-09,5.1891996132247636e-08,5.2170601755052355e-08,2.028205412510631e-09
1373042,X,0.2372,7.441550283483305e-07,5.100363070127171e-06,1.5583862464008384e-09,2.519707909682082e-09,2.0315131616407282e-09
1434248,X,0.23734,4.413949663632819e-09,3.2195266985931604e-08,1.0603334053500506e-09,4.58388410124948e-10,2.0361485381325107e-09
1840041,X,0.23891,3.721013101654311e-09,2.411389666138759e-08,3.8044942401081326e-10,7.414040091375255e-10,2.0884927465758095e-09
1319711,X,0.24171,2.8260745549441522e-08,6.386067031308263e-08,8.242039224482703e-09,1.817675195117996e-08,2.183494315880142e-09
1334645,X,0.24701,3.3112675137461e-07,9.61873244497448e-07,1.3045639989463857e-06,2.921609212716187e-06,2.369103672304979e-09
1901059,X,0.25126,1.6706059606418184e-09,6.136850661635422e-09,1.988900362483331e-09,2.2192986847963694e-09,2.523410661654026e-09
1367234,X,0.25173,4.9016906245539834e-09,1.40659230287421e-08,4.779107060216962e-09,6.055733122812879e-09,2.540774135928229e-09
1305276,X,0.25286,4.543240901692772e-11,1.0101343289871198e-09,1.4600196561453272e-10,2.0913279332202954e-10,2.582763995202275e-09
1262726,X,0.25378,4.91963695224952e-08,9.441733610206705e-08,7.65830376257048e-06,7.722946501502766e-06,2.617204573946695e-09
1373028,X,0.25517,8.256025096433312e-07,1.2374215990885926e-06,3.338040348713774e-07,3.180774144759505e-07,2.669672475417651e-09
1297026,X,0.25854,1.3230668408767356e-08,1.458606997691399e-07,1.7569265847247416e-09,3.630839062635324e-09,2.799040430435192e-09
1697026,X,0.26046,1.4105886568201128e-08,9.395161576413068e-08,4.893228808880915e-07,4.591480635260786e-07,2.8741142773846958e-09
1373040,X,0.26162,4.252795395686703e-08,5.206550831011604e-07,9.540546991168128e-09,1.0793302855075976e-08,2.9199528396919735e-09
1910132,X,0.26271,5.5726653342136994e-09,1.835576866577662e-07,8.414736235567075e-09,1.4210686127319162e-08,2.963355764226242e-09
1434201,X,0.26317,2.261679544302374e-09,1.3275038270537066e-08,5.0316410616853394e-06,4.208658224897354e-06,2.9817686738366215e-09
1892103,X,0.26584,6.29227607901234e-07,4.732011982600574e-06,2.59690931294066e-08,2.0136616362570657e-08,3.089769752163326e-09
1366690,X,0.27119,3.381787532484912e-06,6.753046672537274e-06,7.246435860153959e-08,3.92416858437569e-08,3.311958265296739e-09
1278493,X,0.27237,4.3836945488389936e-08,7.288956418690386e-08,8.598952686925371e-09,1.0839634063832178e-08,3.362002657632879e-09
1368133,X,0.27618,1.7151919308002574e-07,2.835431114833492e-07,1.0689642497589302e-06,1.2303377664263853e-06,3.544222048577505e-09
1792093,X,0.27659,1.2150029764077987e-06,1.2684568194841443e-06,1.816724402745315e-08,3.525499116331249e-08,3.5684714196608252e-09
1503024,X,0.27694,3.247129657839899e-07,5.682856765417946e-07,3.9364612108174866e-08,3.53657270432313e-08,3.58923751348317e-09
1291242,X,0.27905,2.8013360894693542e-08,1.3879266990358712e-07,7.487020058977284e-09,5.649088779154703e-09,3.715703796872659e-09
1255576,X,0.2801,6.532404384055135e-08,5.516117649827784e-07,1.7451606315755732e-10,1.5709946129745808e-10,3.779453173970412e-09
1248084,X,0.28063,1.5760653654006477e-08,1.4806357465717709e-06,1.2845254877838097e-07,1.1028241953861838e-07,3.81183735327932e-09
1312897,X,0.28578,5.462342066279825e-09,3.3774683595119464e-08,2.376488026541311e-10,5.138585129381682e-10,4.133707076344352e-09
1334644,X,0.28805,2.0106544339962613e-09,1.2468912807487357e-08,9.190186923917315e-10,8.705543159615793e-10,4.279721655854735e-09
1313594,X,0.28834,5.933117190805338e-07,1.4787246724450494e-06,5.2908324938766996e-08,4.8324125474251855e-08,4.298558061972425e-09
1457045,X,0.28848,2.7203740156511945e-08,7.32270557136601e-07,1.1148316449819214e-06,1.0778284415492943e-06,4.307666302993793e-09
1334597,X,0.28895,2.523354980535355e-08,8.428753066420007e-08,4.5585662353153434e-08,1.0633445897389468e-07,4.338314470740093e-09
1861178,X,0.29093,1.2909650997314628e-07,2.104635950220257e-07,6.454570272214076e-08,9.5304496400785e-08,4.468620922040945e-09
1340706,X,0.29323,4.478533858770858e-09,3.9226200228078855e-08,2.180212841623422e-09,1.247782239526616e-09,4.622407707710303e-09
1266255,X,0.29358,1.1379662497440925e-07,2.752773459886236e-07,8.58005767313698e-07,1.784752533632331e-06,4.6460381231539596e-09
1256680,X,0.29438,4.48234664270882e-07,1.2884355587519563e-06,8.663142659300584e-10,1.683166481249257e-09,4.7002767355062815e-09
1250665,X,0.29461,8.446376699734746e-09,2.4776769490901316e-08,8.240730370750323e-06,9.381989154624844e-06,4.715928591862282e-09
1310432,X,0.29471,7.728400408071243e-07,1.727396005021321e-06,0.000163840353284,0.0001673353260237,4.722741861721956e-09
1299503,X,0.29498,6.328293476138295e-10,2.686957620553549e-09,1.051204851632496e-05,2.030959967405581e-05,4.7411622564259126e-09
1300703,X,0.29571,5.549726964691814e-09,4.120519061999518e-08,1.956296018301813e-07,1.8338538991905675e-07,4.791145057724569e-09
1295436,X,0.29584,4.662965877755341e-09,1.8357012401193652e-08,1.3325173642157364e-06,2.0913568855245533e-06,4.80007359690368e-09
1293319,X,0.29686,1.4376979370226852e-08,2.8111011497149544e-08,2.3958631980272092e-09,5.705680262467126e-09,4.870416737523316e-09
1901115,X,0.29874,1.844621110159197e-07,2.66656119146375e-07,4.8508879146225355e-09,3.440029064803305e-09,5.001409484132778e-09
1293275,X,0.30179,1.8077815063654032e-08,3.5321556763895023e-08,1.5093955838058155e-08,1.9263943447983045e-08,5.217621888992711e-09
1321006,X,0.30244,3.317144203796667e-08,1.1127054503544517e-07,1.2378444628357706e-05,1.252388891508592e-05,5.26429134817964e-09
1339002,X,0.30251,4.856201296709181e-07,3.3855453890896024e-06,7.530200451014005e-10,5.808837185927564e-10,5.269329683637164e-09
1334654,X,0.30259,4.6511446613870785e-08,1.882526869814544e-07,1.9755316109446043e-09,4.869502155097553e-09,5.275090732184535e-09
1659022,X,0.30317,7.660405852482312e-10,6.304922893000032e-09,6.890864337793925e-10,7.807067076416178e-10,5.316952467247125e-09
1259412,X,0.30477,4.3277717333819355e-08,1.423219872090157e-07,1.4586644591428873e-07,1.302936009443409e-07,5.433290838379035e-09
1849051,X,0.30546,1.9549427424720077e-05,4.1891324485557506e-05,1.9067034085720887e-09,2.187333191748861e-09,5.483850318158011e-09
1368131,X,0.30694,6.7407203339597255e-09,2.866655807754956e-08,1.3844320449709893e-07,2.6136709614222484e-07,5.593086492615952e-09
1777124,X,0.30743,5.172528924168841e-09,3.8239754399797154e-08,1.0177201664593605e-07,9.238000118326553e-08,5.629489897117586e-09
1292767,X,0.30893,8.148038815803216e-11,1.3536051390896351e-09,2.1538151938367963e-08,1.0709894525853168e-08,5.741662922086497e-09
1650024,X,0.30994,3.0333605723895e-07,7.829627448666814e-07,5.886787587247333e-11,4.628321052426633e-11,5.817816157056633e-09
1848053,X,0.31016,7.300655246811413e-07,3.0960352348056196e-06,2.622601002258542e-08,2.2413833351360676e-08,5.834470532778699e-09
1300516,X,0.31042,5.6408164906469835e-08,9.773931042768882e-08,1.0845196677665371e-10,1.3248332582979995e-10,5.854183665973226e-09
1321338,X,0.31048,3.624817386410588e-09,1.1289536313046256e-08,8.007833374823658e-10,2.129012032952092e-09,5.858737571966109e-09
1264434,X,0.31075,2.729006593905498e-07,1.451532811238433e-06,1.819350449904617e-07,1.825073707916703e-07,5.8792520592236124e-09
1337838,X,0.31194,1.1100219624756277e-07,3.314842189008671e-07,7.582219908644584e-09,2.811981073036728e-09,5.9700950006766846e-09
1294743,X,0.31257,4.580799272713578e-06,1.2717502135132936e-05,3.0542740239520963e-09,1.8292464817450902e-09,6.018470279282193e-09
1662023,X,0.31268,9.617903508083761e-08,1.2709054296175286e-07,9.113387491218232e-09,2.6603117207767918e-09,6.0269367733072486e-09
1321365,X,0.3127,4.573069788912333e-07,6.712402058284483e-07,3.300636374684889e-07,4.138194080594407e-07,6.028476775215018e-09
1283878,X,0.31286,2.291302632554267e-07,3.820535557122077e-07,2.5814859857265375e-06,2.512119721062825e-06,6.040803872588277e-09
1341894,X,0.31293,3.187328509024695e-05,7.445560920385309e-05,4.612337699347989e-07,1.669513403483234e-07,6.046200936787996e-09
1913214,X,0.31615,1.2644966351622252e-08,2.2918126782149543e-08,2.8661207283488054e-09,3.2913629235848824e-09,6.297070976704983e-09
1345553,X,0.31794,1.6254830471464655e-06,2.893517862141202e-06,3.170807893424952e-07,5.465001318234866e-07,6.438735054701831e-09
1259615,X,0.32008,1.9852273467924014e-06,4.750802049676326e-06,3.601728072722717e-07,3.896259343033294e-07,6.610166937556642e-09
1293366,X,0.3204,1.29675683540656e-07,2.67937259204191e-07,1.1809999569642281e-07,1.198370618983861e-07,6.635995189408718e-09
1566028,X,0.32059,0.0001108939829179,0.0003576679326013,1.7853371976862374e-09,2.3246882658654983e-09,6.651354542307958e-09
1246527,X,0.32078,5.099048386217659e-08,1.5378477539143068e-07,7.80583846727229e-08,2.9683117897834747e-08,6.6667316496732925e-09
1261579,X,0.32214,2.959013116970005e-09,9.782691635501664e-09,8.678143029560579e-08,2.097865382427161e-07,6.777317736944265e-09
1310396,X,0.3225,3.6435997786704142e-09,2.548685312260661e-08,1.1213438125923412e-08,9.75981280487504e-09,6.80674279020042e-09
1891147,X,0.32274,2.09427730523475e-06,2.712413934193264e-06,1.791310981047075e-07,3.478396401799804e-07,6.826394902940439e-09
1340700,X,0.3255,2.4315916589102472e-08,4.4473942953081293e-08,3.582649338699039e-09,2.155730290734927e-09,7.058158101115068e-09
1305626,X,0.32572,2.624558026845467e-06,1.002159545660818e-05,1.4045488009303157e-07,1.1961875030905596e-07,7.078143565586066e-09
1314071,X,0.32707,3.8565800733499045e-09,1.4920384863809306e-08,5.93573328879585e-06,6.5748648402010245e-06,7.20140030150173e-09
1259511,X,0.3271,6.785784611029974e-10,1.7950826070475306e-09,1.5527914594642313e-06,5.76444959424141e-06,7.2041514242771494e-09
1306073,X,0.32858,1.0306466425736316e-06,1.3104696058122948e-06,2.12740166403202e-08,1.7849389421463912e-08,7.34052579446368e-09
1266808,X,0.3293,1.8017175704421507e-07,5.665202091470815e-07,7.161190991317089e-09,8.163962803454772e-09,7.407332434645445e-09
1301933,X,0.32959,1.227153856012356e-06,3.189243070395308e-06,1.3793434568643402e-07,1.299990463992367e-07,7.434326158970195e-09
1338675,X,0.33047,1.4026031864336038e-07,4.4074786508163805e-06,7.031012812045903e-07,7.988101894666898e-07,7.516538678816267e-09
1321276,X,0.33121,2.1452873409947896e-06,3.046842047086734e-06,5.583121493588821e-07,9.685452810452186e-07,7.586021850527497e-09
1260241,X,0.33336,6.764782701293203e-08,1.2958217588190289e-07,4.5107062201666224e-08,2.8703548095387178e-08,7.789712284746581e-09
1295024,X,0.33386,8.022536908021903e-06,1.7373658669265903e-05,1.3193532014530497e-07,1.146747456821608e-07,7.837468905932817e-09
1480038,X,0.33423,8.320870109994064e-06,7.585439894211e-06,2.3633110071787648e-09,1.5415537120039866e-09,7.872902764640799e-09
1531112,X,0.3347,2.0759818251593455e-07,4.903360936823482e-07,6.136180914682644e-09,1.065962455709832e-08,7.918028579647131e-09
1929216,X,0.33584,1.1905784590922268e-05,1.596149183718532e-05,3.446465352268544e-08,3.5027468488961915e-08,8.028018416978228e-09
1314897,X,0.33662,1.5667163047920546e-10,1.3562653791701416e-08,8.90302316228758e-08,1.5029988059214104e-07,8.103711754250528e-09
1368530,X,0.34224,3.502842494546814e-09,3.390725292583573e-08,1.832680376996407e-10,2.6149331126759825e-10,8.659590612741036e-09
1876421,X,0.34313,4.810781380566668e-07,1.3140095133807247e-06,1.0847954249311589e-06,5.508270432880866e-06,8.749312425443204e-09
1531108,X,0.34387,1.6049114047011936e-07,8.241884508690228e-07,2.0763234666947817e-08,2.776256253813724e-08,8.8242646606847e-09
1776135,X,0.3441,5.432221274019589e-06,1.0507786749908832e-05,1.4791068731755155e-05,4.952819387920888e-05,8.847625746100811e-09
1323106,X,0.34417,4.254995721555165e-08,3.20920580891424e-07,2.7124877655546532e-08,6.686450373883953e-08,8.854741771328305e-09
1948484,X,0.34436,5.1486802118876746e-08,1.943380116315638e-07,1.9763033108483055e-09,1.693731561327458e-09,8.874071116257692e-09
1329312,X,0.34478,1.9424761346391503e-09,1.0971790513540176e-08,1.028848001916942e-06,1.2449221155955472e-06,8.916873923820379e-09
1292823,X,0.34565,5.55043414011153e-07,1.8716602133189689e-06,3.236298376308751e-07,4.632484926267371e-07,9.005864469231716e-09
1770442,X,0.34578,3.853644586028307e-07,5.634962064773961e-07,7.470737995857802e-08,8.199495337621097e-08,9.019199852606384e-09
1254356,X,0.35129,3.3671092077492572e-09,1.0938255084091224e-08,1.815791816544145e-06,4.393182501971208e-06,9.593485803457016e-09
1261503,X,0.35211,8.154834793449219e-11,3.7860267528254684e-10,1.6760736504141771e-06,3.0038228810257255e-06,9.680466304679706e-09
1256765,X,0.35267,3.1020584830379065e-08,1.950352570033612e-07,1.2562932092126736e-06,1.0225664962148e-06,9.740093194313585e-09
1935471,X,0.35433,5.1337975175407144e-08,6.145957759525731e-08,2.9550113338232855e-08,2.092574023970113e-08,9.917920000333798e-09
1260113,X,0.35469,7.14854775650226e-10,3.0607195899421083e-09,1.1198966087452442e-08,5.024106229489578e-09,9.95669711142392e-09
1251552,X,0.35484,4.402997077367369e-07,6.691264769352746e-07,1.3611863890108431e-06,2.6181716447517953e-06,9.972876570543974e-09
1331836,X,0.35667,1.874353414006115e-10,5.838351197936763e-09,1.5094697190956604e-10,2.4891549119971084e-10,1.017132360197097e-08
1265281,X,0.36021,1.298272013739194e-09,9.021749953510761e-09,3.4100353277822854e-10,4.707817373847448e-10,1.0560753493924666e-08
1264512,X,0.36027,6.798076032695807e-07,6.732715851638131e-07,1.6743660065540645e-08,3.7451916326172956e-08,1.0567417048565536e-08
1905244,X,0.36176,3.671573870758334e-07,1.9445844131310827e-06,1.5030103878555337e-08,2.4584724068988103e-08,1.0733569439513062e-08
1333291,X,0.3646,2.9613031107947133e-05,5.3156341553899215e-05,7.522846620698465e-08,5.7360947034081925e-08,1.1053852003268024e-08
1255735,X,0.36463,8.254536409427507e-07,1.795206436811576e-06,3.2991977885276165e-08,8.036120453411403e-08,1.1057260401418934e-08
1308582,X,0.36704,2.678431188131091e-08,8.236270181621984e-08,1.4753798746295265e-07,2.3362381519912314e-07,1.1332784809569574e-08
1918076,X,0.36966,1.3842286460275933e-08,1.053034221077509e-07,2.30206853733354e-09,1.0361633003791803e-09,1.1636164255405396e-08
1321973,X,0.37043,9.274077135081106e-07,1.3587350939332486e-06,1.4978963934964484e-06,1.3019656905205357e-06,1.1726087307789072e-08
1434203,X,0.37567,1.4622478505967748e-08,3.036183971848188e-08,2.9045349953995026e-07,5.525653172188176e-07,1.2373975460908686e-08
1282736,X,0.37797,4.164843436778467e-07,6.36469843414079e-07,9.681213678857517e-07,8.128486763528878e-07,1.2745054357146193e-08
1847100,X,0.3789,4.6482490165744796e-08,1.7199905052261538e-07,5.980059934440305e-09,8.658637209522905e-09,1.2896655816574176e-08
1923060,X,0.38247,3.6593833594000826e-07,1.3774184890694078e-06,2.653513219660264e-10,2.0014250525737788e-10,1.3486934119144062e-08
1343401,X,0.38283,1.8427307415655163e-09,1.1389453191416113e-08,2.3850811103721377e-07,1.4636664598852118e-07,1.3547191080763814e-08
1879414,X,0.38889,7.113316360137218e-08,3.677564042582768e-07,6.067315776540198e-06,6.881505679865994e-06,1.4581675895975337e-08
1246626,X,0.39282,2.5445900712814693e-08,1.0270547407489945e-07,2.1089005710958162e-08,1.1046871058046476e-08,1.5272898164387345e-08
1329198,X,0.39521,1.7736912199228384e-07,1.130770779386957e-06,3.108314456527136e-07,3.215101824453545e-07,1.5701086569930953e-08
1329615,X,0.4036,2.2201242578524204e-08,1.500510832423442e-06,7.747812131449125e-08,1.6717774887911326e-07,1.7251089923815212e-08
1530120,X,0.40467,7.469435377116843e-08,2.927657771915339e-07,2.4649436174911703e-09,3.739939049372116e-09,1.7454011121067196e-08
1880632,X,0.40538,6.128849258140468e-08,1.2272924611831645e-07,5.315108868244709e-06,8.824151963194729e-06,1.7589314622303632e-08
1262588,X,0.40644,3.1684899662629864e-08,2.9610818145029234e-07,5.136513944217834e-08,4.9192047403790525e-08,1.7792289212889536e-08
1292997,X,0.41447,1.6128520550884362e-08,8.32781782669516e-08,2.1913866659752345e-07,7.683410167217209e-07,1.936773970729912e-08
1896164,X,0.42068,7.71491900982216e-08,1.5525857064456346e-06,5.494621384755751e-08,1.0489216079885129e-07,2.0631935745590453e-08
1337311,X,0.42131,1.2651059599586796e-06,3.647257174478606e-06,3.8799066760333443e-07,5.54834537313368e-07,2.076242039217813e-08
1368143,X,0.42348,6.946543205682352e-06,5.0910049801922886e-05,3.8626394836582636e-08,4.513548737413966e-08,2.1215015875878178e-08
1302523,X,0.42391,5.520917381909918e-07,5.450791542133101e-06,1.0887593034582756e-05,1.0936757668822855e-05,2.1305280003172153e-08
1311632,X,0.4242,3.600091752029279e-07,7.968840436719994e-07,1.0451789277717443e-10,2.4891970919925546e-10,2.1366264002705005e-08
1305387,X,0.42467,2.504854559830538e-06,2.9484267308776636e-06,4.5680729142903854e-05,0.0001029182737185,2.1465285228248395e-08
1632070,X,0.42513,3.5259711161543354e-06,4.2589360408482555e-06,4.318146208439933e-08,2.9400549096099516e-08,2.1553518240132703e-08
1295027,X,0.42561,4.009104430975879e-07,2.0303235180592934e-06,1.4094714522941249e-08,1.3679786164231941e-08,2.1622156221083097e-08
1338324,X,0.42602,2.1481558890970532e-09,9.10156190604648e-09,3.6047997604380037e-10,3.351333539738969e-10,2.1680870903998413e-08
1408068,X,0.42713,3.4372493134950225e-06,1.0510581625231516e-05,3.656557242372004e-06,6.2265240023458555e-06,2.1840229692755805e-08
1336359,X,0.42821,2.2673112219044427e-08,5.8876403532320155e-08,1.056374551551321e-09,8.576807718903204e-10,2.1995841561392843e-08
1265040,X,0.42981,6.186194018135969e-08,5.947933550747865e-07,2.5076339493727817e-08,9.531511189217282e-09,2.2227393052067705e-08
1260107,X,0.42982,3.6995557994336634e-07,9.98599515643856e-07,6.587482817076596e-10,1.503498184686663e-09,2.2228844061328742e-08
1260159,X,0.43034,1.5814868651707766e-07,3.209154244886463e-07,8.612174161352478e-08,9.44573328469406e-08,2.2304361804395074e-08
1916124,X,0.43071,2.1042164451383614e-09,2.1148074589539063e-08,7.826829747165374e-09,1.4946017778795453e-08,2.2358173560633684e-08
1317526,X,0.4316,3.037514348304303e-07,1.650090721875326e-06,4.009149150581563e-09,4.901726034369995e-09,2.2487878195021978e-08
1367571,X,0.43311,1.8233452176749505e-07,3.0520178460375637e-07,5.227870588938069e-09,4.187393520063878e-09,2.270879702209614e-08
1310485,X,0.43313,3.562378448323074e-08,1.4820502455640054e-07,6.455062006955807e-08,8.506638703393054e-08,2.2711730345289432e-08
1314067,X,0.43365,7.198276005575959e-08,7.486509243763505e-07,1.477907387113223e-07,2.525269038695665e-07,2.2788063241121152e-08
1660018,X,0.43435,1.011132751820677e-08,4.7738439646091134e-08,1.8170800070904207e-06,1.146210052746592e-06,2.289102128775959e-08
1909346,X,0.43448,3.176172331785215e-07,1.0621113721817795e-06,3.5528645855210122e-09,3.74055118228229e-09,2.2910167618333686e-08
1321166,X,0.4351,7.349869856431651e-09,9.362611368073933e-08,2.1526886686682375e-07,2.826096708441735e-07,2.300159099820086e-08
1501097,X,0.43587,4.4581465251158795e-08,6.167222957528529e-08,5.635893131783792e-06,8.87757651778176e-06,2.311538638240464e-08
1313698,X,0.43619,1.4249250215508214e-06,5.276398356493648e-06,3.941056384043395e-09,1.8466084107792102e-09,2.3162760565719283e-08
1256701,X,0.43629,3.5332835507630597e-06,1.6225086371848108e-05,1.6486281246296128e-07,1.3456365880826114e-07,2.3177574943513617e-08
1316831,X,0.43848,3.7748295217931194e-08,7.18688885132911e-08,1.1467026754990418e-09,1.0844477584962142e-09,2.3503197381870288e-08
1334614,X,0.43941,8.35894067688875e-08,2.780862706742488e-07,2.9653700805259006e-06,4.0337635177174114e-06,2.3642162496150713e-08
1310294,X,0.43967,1.1916311307839641e-07,9.884839964503089e-07,3.087092592724328e-06,4.355430957236972e-06,2.3681086223449e-08
1904152,X,0.44025,2.4133250053686412e-06,6.356970090482807e-06,2.069687758225871e-06,2.5671414978270997e-06,2.376803144454283e-08
1256823,X,0.44084,3.801109044474082e-07,9.178710743142138e-07,5.639087957322326e-07,4.137472435146986e-07,2.3856639182697493e-08
1641173,X,0.44364,1.640490328502429e-05,4.6163821010414566e-05,4.180735686950083e-08,4.665224857542105e-08,2.4279398167186112e-08
1645125,X,0.44419,8.557426242212757e-09,2.915455703816578e-07,1.6190674210463144e-09,1.1843701524135027e-09,2.4362876410523823e-08
1265089,X,0.44472,7.295888182433133e-08,1.3197841576357118e-07,1.7155397928939633e-06,2.919828221138908e-06,2.4443454624441065e-08
1251975,X,0.44647,2.2676566441200373e-08,1.2597541286631485e-06,2.204179094463314e-09,3.614984990464747e-09,2.4710459587975777e-08
1253474,X,0.4467,1.3361080856589436e-06,1.784568341449809e-06,3.211126770725212e-08,3.7514158646812595e-08,2.4745659506618187e-08
1264499,X,0.44841,1.812042940920929e-07,8.10208009072321e-07,7.650839082531855e-09,8.628423669393727e-09,2.500814880260717e-08
1255487,X,0.45012,1.4543301407145537e-06,3.372205625817144e-06,9.639925015903176e-09,1.1741216334562448e-08,2.5272022939523257e-08
1367556,X,0.45115,1.8446508180275275e-07,1.286269775105069e-06,1.4182954772958588e-09,1.3767595329641714e-09,2.543163296188088e-08
1252829,X,0.45168,3.069888751799332e-08,5.0397668328463593e-08,4.593614695798547e-10,8.12396095366908e-10,2.5513958175287426e-08
1552028,X,0.4518,2.8427950072295253e-08,5.9455921182734307e-08,3.1190404760855486e-09,1.658967086421937e-09,2.553261631647598e-08
1337267,X,0.45318,8.180630326149861e-06,2.8609259762767316e-05,4.1267346417249605e-09,1.1907095092634232e-08,2.5747675111603723e-08
1916143,X,0.45362,5.0930538931409426e-08,3.0453292701197013e-07,2.0009121035462933e-08,2.074312661909437e-08,2.5816434210195905e-08
1253475,X,0.45412,9.926645711423724e-08,2.85771504452865e-07,3.3683693997076633e-06,9.806902518139905e-06,2.5894680844474483e-08
1777122,X,0.45429,1.1452827499530424e-08,9.061385957074435e-08,1.1213426144615931e-06,5.985572676508746e-07,2.5921311671398625e-08
1937078,X,0.45525,6.755193895060089e-08,7.895514645394713e-07,2.4574915242518334e-09,3.0139792899515073e-09,2.6071954395821317e-08
1247537,X,0.45565,1.2973664615786765e-07,2.0704735992277717e-07,5.053870022921232e-06,1.5493281041667242e-05,2.6134851015671103e-08
1905184,X,0.45587,8.722437140642599e-08,4.519338343436573e-07,1.03025166110591e-07,1.6034162112035342e-07,2.6169476455807623e-08
1531145,X,0.45675,8.133737773935422e-09,1.0147711745168317e-07,7.397171161942947e-10,6.318021090276288e-10,2.6308207436633695e-08
1531113,X,0.45694,3.8757596625061636e-08,2.2887414087760037e-07,0.0003209123924338,0.0003238605666178,2.6338208857578684e-08
1339875,X,0.45944,1.0467023162583664e-06,1.6087186916706717e-06,1.8063321517919375e-08,8.265700934446426e-09,2.6734556861568712e-08
1784110,X,0.45993,1.855002931952868e-05,1.8228626908007113e-05,1.3466380685428348e-08,2.1412002764959287e-08,2.6812588002814397e-08
1565032,X,0.46097,5.9326198330457e-09,3.229819883457519e-08,7.6953034954155e-09,5.569257355492937e-09,2.6978581911597933e-08
1338959,X,0.46167,6.061538190471867e-06,1.2715420984518416e-05,9.541151143025897e-07,1.6914045962824609e-06,2.7090597000699694e-08
1366187,X,0.4629,9.365082244888396e-09,2.166884645612665e-07,1.563386542130644e-07,2.545918922531275e-07,2.728798564871384e-08
1924089,X,0.46299,4.038171281390522e-09,8.310062047404721e-09,2.148735590693933e-06,2.345422688381868e-06,2.7302456852100122e-08
1924103,X,0.4638,2.8379687036858612e-08,8.365690510543079e-08,8.816616761748721e-08,1.8856840954282474e-07,2.7432870308167924e-08
1876431,X,0.46482,9.835070895384037e-08,5.675213457906018e-07,7.150572536310203e-08,5.960221181248859e-08,2.759753666703625e-08
1595028,X,0.46523,1.286929236324854e-06,2.297168215302138e-06,1.8329262765607077e-05,6.288752313662645e-05,2.7663864920351185e-08
1797044,X,0.4667,3.25179217134723e-07,7.227648712906588e-07,6.188398116687073e-07,3.896793238539539e-07,2.7902330389332285e-08
1262016,X,0.46694,1.3388553314602608e-08,8.704015247233994e-07,8.068553632940256e-07,9.957726033642776e-07,2.794136070894416e-08
1317724,X,0.46775,2.398653148111279e-09,8.13486631823068e-09,6.720192600964252e-08,4.7475179452112856e-08,2.8073289434168868e-08
1255470,X,0.46877,4.0798206017063313e-07,6.596434191012336e-07,2.8286994194524323e-06,2.587243521236151e-06,2.8239863909753285e-08
1339149,X,0.46879,1.945007633103381e-07,4.594922067158818e-07,1.1571075254176449e-07,1.923068580627709e-07,2.8243135001336304e-08
1901738,X,0.46975,3.2376663404613147e-06,3.685915567595341e-06,9.271479067233317e-08,1.0013251689606189e-07,2.8400370176662017e-08
1311755,X,0.471,1.4200133980026902e-05,2.2606589920532183e-05,1.806583171628617e-07,1.0479270576493217e-07,2.8605757631804013e-08
1303317,X,0.47429,2.9433397483263337e-07,3.002188122770207e-06,1.0239931230995385e-07,1.4602186558523658e-07,2.9149874367839422e-08
1901798,X,0.47577,2.0613435170536637e-05,6.283379957991869e-05,2.089866213156639e-07,6.934361130647789e-08,2.9427691548897597e-08
1256332,X,0.47803,1.2429149397718199e-11,4.5975804825649127e-11,9.82102193272091e-09,1.0147186113982141e-08,2.98989938771034e-08
1291143,X,0.47819,1.0242905055191705e-07,3.125190135244136e-06,9.189120816047068e-09,8.918090453967564e-09,2.993250233387744e-08
1847216,X,0.47905,4.161398401459755e-09,9.478163345325641e-09,8.076383281733935e-08,5.100274139515395e-08,3.011293180881474e-08
1847303,X,0.47964,1.2338191234669743e-09,4.737969764498182e-09,3.3600546270570753e-06,4.351512388259235e-06,3.0237028386770884e-08
1256817,X,0.47982,7.597110546944687e-07,3.5467454943742263e-06,5.980607406061171e-05,3.5025453105147665e-05,3.0274939160710415e-08
1329622,X,0.48607,8.382348277000254e-06,1.4565844289032643e-05,8.635873069112816e-09,9.446503406204969e-09,3.1606015386716115e-08
1876533,X,0.48981,1.3029709065282361e-08,1.4005183856023914e-07,6.047915319626723e-07,7.463965371858558e-07,3.2416225899525425e-08
1386047,X,0.49181,1.293170546550776e-07,6.806681649670003e-07,1.7540888372317682e-06,8.88591394030798e-07,3.28537013133452e-08
1280332,X,0.49219,3.8090905294789574e-08,1.3205507957087278e-07,4.604628599684649e-06,1.0461729325825847e-05,3.293715313135021e-08
1896111,X,0.49243,8.249371578556688e-06,1.1870097939769786e-05,6.3089549964585504e-09,3.970239180670173e-09,3.2989914082327723e-08
1305350,X,0.49263,8.825128590534543e-07,3.935767904771282e-06,2.1071822860837515e-06,2.4657200708535645e-06,3.303391379607987e-08
1250435,X,0.49292,9.06952613901216e-08,4.390448328751316e-07,2.47237288175618e-05,1.5142305090653751e-05,3.309776546487996e-08
1258500,X,0.49383,2.0691986176485437e-07,8.186557907638467e-07,1.6863093084661054e-06,1.1107298935841022e-06,3.329852784834073e-08
1279488,X,0.49412,7.30631866914786e-09,9.19251382247418e-08,3.298212982125274e-07,1.7170193877731798e-07,3.336263462174868e-08
1254299,X,0.495,2.5881198164072663e-06,6.119616437524089e-06,6.623892219594999e-07,1.0685608570015236e-06,3.355754289924838e-08
1305504,X,0.49559,2.5319777006560773e-08,3.212816729783097e-07,2.629367315623979e-07,4.117757788059493e-07,3.3688537930975315e-08
1264375,X,0.49572,3.4546928896642425e-07,1.3942770500062588e-06,1.405723498348908e-07,1.1685131296127417e-07,3.371743555022192e-08
1303140,X,0.49592,1.6157547872280366e-06,1.552797545657984e-05,6.979225612153736e-07,5.920667328325468e-07,3.3761917616941144e-08
1346758,X,0.4965,3.3089150952946795e-08,1.719984718485585e-07,3.827231332081058e-07,2.7866081335681413e-07,3.3891081428419654e-08
1246529,X,0.49677,1.3761978996414504e-06,2.6169773398109737e-06,8.608911781493151e-07,1.3021991581585876e-06,3.395129352817053e-08
1293465,X,0.49801,4.9856696123422544e-08,1.288656599270282e-07,5.921666658443122e-07,9.652900948166545e-07,3.4228509461509945e-08
1901803,X,0.50262,8.44572983019598e-07,2.657311338821366e-06,6.597244166883451e-08,3.706940114329463e-08,3.5269011515832024e-08
1337272,X,0.50275,5.041877124962946e-07,2.873716332319787e-06,7.594246458942181e-09,5.259081537083265e-09,3.529857907789793e-08
1293006,X,0.50436,5.761025390091487e-08,8.797052605591762e-08,1.459844635297809e-07,2.749403670317202e-07,3.5665788757993554e-08
1323349,X,0.50491,1.713661436104639e-07,4.506347658306524e-07,6.984726060555459e-07,5.96490870757971e-07,3.5791668495823316e-08
1258289,X,0.50509,1.0481159191832125e-07,2.4984281301898376e-07,3.423497901839398e-07,7.098753589812014e-07,3.5832913662921736e-08
1504096,X,0.50582,2.8029553032495277e-06,5.189674014170543e-06,3.37637059307758e-08,4.6544341555171555e-08,3.6000429215107186e-08
1697027,X,0.50621,1.2798857072596702e-06,6.983293781752817e-06,3.6295162173600826e-08,3.3609167991540325e-08,3.60900839253113e-08
1263062,X,0.50827,2.471794963669933e-06,3.658736656127299e-06,1.99594445968565e-08,8.007482485787234e-09,3.656549457722606e-08
1368482,X,0.50847,2.1411297563226076e-05,3.4721138090920767e-05,8.102020691685117e-08,6.956535751608611e-08,3.661181662258243e-08
1341502,X,0.51064,3.9051532137481814e-05,6.74880998488812e-05,4.3240344056076805e-09,1.4205898527325782e-08,3.711629583981552e-08
1291155,X,0.51089,5.679925628933738e-08,2.2171312577137874e-07,4.16691798047699e-08,5.280269970136884e-08,3.717463731571776e-08
1332392,X,0.51197,4.768426667562726e-09,1.1434823534304929e-07,3.8430695602102366e-08,6.24942452288316e-08,3.742719897473989e-08
1898108,X,0.51204,7.183806726237073e-08,6.562635365105748e-07,6.589864891487855e-07,3.9813856179393643e-07,3.7443598217533326e-08
1259538,X,0.51244,1.276452838167444e-12,2.403033091679012e-12,1.1410736642989378e-08,1.5937005340552893e-08,3.7537377083913786e-08
1883166,X,0.51351,7.123058841652562e-06,1.0599822716363714e-05,0.0002448032052485,0.0005046688905524,3.77888120659036e-08
1519027,X,0.51404,3.2839021980883063e-06,4.530568459241007e-06,5.981583796474005e-08,6.352922806538433e-08,3.7913665444184356e-08
1502029,X,0.51797,6.464583490018205e-06,1.009269510240739e-05,3.0498240013971632e-09,7.872404813864824e-09,3.884588948044065e-08
1901257,X,0.51978,2.161198852507804e-08,2.574852330668459e-07,2.209629389535331e-06,2.827956203772534e-06,3.9279042415531134e-08
1314847,X,0.52053,4.286075427323764e-07,1.5168264022756746e-06,1.9574208650624737e-07,1.3965363631980914e-07,3.9459229412776976e-08
1258422,X,0.52105,7.434219616342169e-05,0.000166615583708,2.4668124741292208e-06,2.1479099510810314e-06,3.9584401120355955e-08
1341459,X,0.52219,1.5593226240898925e-08,7.105075096305278e-08,4.2808718906356714e-05,6.473867551821701e-05,3.9859509638369286e-08
1915184,X,0.5246,2.5892746099334295e-06,1.6536813767393998e-05,7.93988227337829e-08,1.7614660050725119e-07,4.044423454245317e-08
1258330,X,0.52473,2.0914164481208e-07,3.5689892756266225e-06,1.774200368877639e-07,1.7013284435868708e-07,4.04758967479285e-08
1780287,X,0.52494,4.014903354772277e-07,2.840040236954194e-06,5.751867552243501e-06,4.756709431079448e-06,4.0527069557756335e-08
1295285,X,0.52513,1.1630398964390706e-06,5.265132427426576e-06,6.65012509122634e-08,1.920122405441851e-07,4.0574670064994094e-08
1303197,X,0.52562,1.1677419335316423e-07,3.073826268148494e-07,2.2426013439472495e-05,0.0001179544864982,4.0699076276597494e-08
1322229,X,0.52612,9.702090754454124e-06,1.1317211270017906e-05,3.0398998050476724e-08,1.5018479752878703e-08,4.0826217689054835e-08
1514043,X,0.52706,2.6433791759108094e-05,3.829349341595134e-05,1.9833365363147354e-08,2.2513541788126367e-08,4.106578033185411e-08
1302564,X,0.52716,2.1977142575823306e-06,2.238364820902302e-06,5.775944941248937e-07,9.945858540804682e-07,4.109130696191566e-08
1251536,X,0.52727,9.431992955292242e-09,9.331471668474873e-08,8.907618248547736e-07,9.794714888200156e-07,4.1119395415582094e-08
1250532,X,0.5277,2.6749742260893012e-08,3.630734323068204e-07,3.774704625157773e-05,0.0002148965592394,4.1229287816340576e-08
1259006,X,0.5279,1.893361064615943e-09,2.353537493329788e-08,3.622656377861627e-06,8.076312112160168e-06,4.1280450527790796e-08
1262736,X,0.52929,1.951768151018444e-06,3.6382386972906617e-06,2.9808428639301457e-07,3.135688398109777e-07,4.16369078157596e-08
1246758,X,0.53127,1.8201411432127178e-07,9.117976567054074e-07,4.3700923765275954e-07,4.984375296301723e-07,4.2147313222849184e-08
1278820,X,0.53127,1.3727128189584356e-07,2.419330787843025e-07,1.7425897797802371e-06,3.2855229511354813e-06,4.2147313222849184e-08
1770487,X,0.53644,1.4430528206991898e-08,1.45054285196346e-07,5.629135374924749e-09,3.477945809733361e-09,4.349469759390374e-08
1291159,X,0.53976,2.31947875684808e-08,7.433852654473143e-07,1.996377255302173e-06,2.573630321437387e-06,4.4371120325577706e-08
1340728,X,0.54277,2.295216267281031e-06,3.4858863649979416e-06,1.57336544462267e-07,1.87095709542587e-07,4.5173264234203056e-08
1547048,X,0.54454,7.402986765867438e-08,1.8854572898485004e-07,2.0016460172984324e-08,2.0919954584581737e-08,4.564831199068826e-08
1906545,X,0.54806,8.052575639315919e-07,9.843375496551632e-07,1.092387814715925e-07,1.0652478838173667e-07,4.6600424048602244e-08
1891082,X,0.54871,7.017613379633765e-08,8.52068110927411e-07,1.6363933928765235e-09,1.69783785555354e-09,4.6777315079074894e-08
1331344,X,0.54993,1.774867928597699e-08,1.1420919940566225e-06,2.229227081075076e-09,1.458598196275678e-09,4.711023065459345e-08
1574062,X,0.5502,1.4590161910761457e-08,1.4243037642355812e-06,6.84718019992801e-08,4.6412856990077516e-08,4.718406822900541e-08
1250925,X,0.55146,2.0694021098657434e-07,3.387499090692207e-07,4.308748277045556e-05,6.58797211405888e-05,4.7529408069983833e-08
1878756,X,0.55294,4.3570887986126154e-08,7.279688226462076e-07,3.907626045149295e-09,5.529356467357011e-09,4.7936653484898264e-08
1264631,X,0.55299,4.1370604965258186e-08,3.311020430787954e-07,4.6804882181669355e-06,4.856520277828427e-06,4.7950442112995655e-08
1366195,X,0.55313,1.7654783512454668e-06,1.5373688461595803e-06,1.7515053810552173e-08,2.3896615309300273e-08,4.7989060820237927e-08
1316989,X,0.55343,1.1541817063191173e-07,1.3123802189229542e-06,0.0060168273864066,0.004567021273992,4.8071867539185714e-08
1439028,X,0.55424,3.332556214042514e-07,1.4107833663159326e-06,8.618835232031767e-08,2.0720303941912065e-07,4.8295802229939694e-08
1246796,X,0.55502,4.969483289355579e-07,4.9092345830700735e-06,2.2416216573803546e-07,1.931088708090245e-07,4.8511934860418156e-08
1255523,X,0.55536,4.4679070993013244e-09,3.2233051164235845e-08,2.4586417079893355e-08,2.7751181791182172e-08,4.8606297530963646e-08
1530191,X,0.55584,6.300367181227902e-09,3.524398187281554e-08,9.094126354732751e-10,2.3873451732179384e-09,4.8739671505901223e-08
1256764,X,0.55649,6.871236879207758e-08,3.4495022165532666e-07,9.510179739775444e-06,7.1136502245528966e-06,4.892057337232659e-08
1251600,X,0.5576,3.456878879129494e-07,9.252320036754003e-07,6.820223760900143e-08,1.224363754456648e-07,4.923027282311382e-08
1311590,X,0.5591,6.77962682597156e-08,1.4137516691573833e-07,1.0576903547871164e-08,2.3009197746129368e-08,4.9650338137730244e-08
1331976,X,0.55939,1.943528396878772e-05,5.243557658225613e-05,1.8481964254980092e-06,1.926528238188811e-06,4.9731756620961164e-08
1259500,X,0.56161,2.564017838956063e-07,3.493365557332659e-07,1.4810936400394146e-08,1.0318351590264584e-08,5.035723887488697e-08
1337321,X,0.56258,6.78516337322133e-07,2.5175442480420345e-06,5.937473500607489e-07,6.075977263268311e-07,5.063176225923401e-08
1303952,X,0.56262,7.309494270832619e-08,1.755705644139547e-07,7.994548155915011e-07,1.2124480468957164e-06,5.0643098832302055e-08
1878335,X,0.56371,2.6258807875474363e-08,2.565334917080618e-07,1.6795586532212598e-07,6.069730678517241e-07,5.0952508894783935e-08
1259585,X,0.56401,4.96078723061767e-08,7.664864681610818e-08,5.124483908569753e-05,0.0002825404311986,5.1037832994256534e-08
1452059,X,0.5642,2.2360621787337206e-07,2.3317795215001354e-07,5.1345351774221855e-09,6.759545890754431e-09,5.1091908510584826e-08
1338278,X,0.5643,6.219920930552361e-09,3.911546423937964e-08,9.138460027195642e-07,1.8503737898478503e-06,5.1120380808973175e-08
1279501,X,0.56527,9.699640959120954e-07,2.693436000876669e-05,2.8641347894157578e-06,5.605548332613117e-06,5.1396973695841743e-08
1259561,X,0.56751,2.311856459169314e-07,6.652548415875903e-07,1.218192860005891e-06,7.016533989251583e-06,5.203855510640445e-08
1643338,X,0.56788,6.427920842718596e-09,5.2991313913549775e-08,4.003107323888837e-07,4.789490333537328e-07,5.214491356793413e-08
1512101,X,0.56872,6.005395157599891e-06,7.572841012556454e-06,1.317390517151726e-08,7.099617447042484e-09,5.2386779087542003e-08
1266830,X,0.57039,6.29789697472731e-08,4.645873416151285e-07,3.68553506929255e-09,3.6472452166924286e-09,5.28692930475386e-08
1643063,X,0.57188,3.139220474765792e-07,1.5777958162637235e-06,6.030292400709179e-09,6.5028899366898864e-09,5.3301666691031934e-08
1562098,X,0.57618,8.481646614113881e-09,1.768547651217588e-08,2.7687637012517773e-08,2.6202628772495448e-08,5.4471013680346564e-08
1634024,X,0.57629,3.197487679331575e-07,2.156046144966359e-06,2.2201764230991367e-09,5.884844377547911e-09,5.4495120984427996e-08
1849244,X,0.57697,6.574179180064364e-09,2.1758501763575217e-08,2.4125411682106657e-08,2.43168871326048e-08,5.464426634820588e-08
1773189,X,0.57744,3.676915966358401e-07,6.945510992561409e-07,1.2866516586787476e-07,3.689348008853588e-07,5.4747471234730136e-08
1247570,X,0.57927,4.4372009784594785e-06,5.049562769037931e-06,0.0002847557409716,0.0004109938191839,5.515023915588601e-08
1258400,X,0.57963,8.519045517619944e-08,4.222903841885682e-07,3.1019896922714086e-09,1.909994239375256e-09,5.5229645944433506e-08
1340470,X,0.58057,1.2236022072485733e-08,3.3434237590387344e-08,1.5371725384304098e-07,4.635858335320615e-07,5.54372552079553e-08
1770225,X,0.58074,1.6662596475173806e-07,5.40706111834923e-07,1.8626994128427484e-05,7.133803841348271e-05,5.5474843151572025e-08
1533035,X,0.58117,6.475913005272252e-07,1.7414076672070398e-06,1.884626192543643e-07,1.8011353920923148e-06,5.5569975398795284e-08
1314162,X,0.58141,1.8948804815492465e-07,2.801789384127046e-07,2.1483405158729797e-07,2.4618152239620185e-07,5.5623107905602316e-08
1336384,X,0.58306,4.3010255106792633e-07,9.816083492958806e-07,3.722626613879565e-07,5.08897954111332e-07,5.5989081173743393e-08
1256819,X,0.58576,2.3271446134092058e-07,5.06949143054598e-07,7.204533727376437e-07,6.217567089784009e-07,5.659053499322625e-08
1303118,X,0.58838,2.209146822801837e-07,6.288659006787944e-07,3.658994365702127e-07,3.683170088135722e-07,5.71772398321689e-08
1255657,X,0.58881,4.121472133689768e-08,1.0940985668026589e-07,6.645223648720382e-09,1.3493027141822896e-08,5.7273820124849417e-08
1321261,X,0.58936,2.143810399536576e-05,4.271006866793025e-05,1.0684007868640934e-08,9.786314480237585e-09,5.739747184714645e-08
1575072,X,0.59028,1.1555107024582185e-07,5.154482463105593e-07,6.609248963201247e-09,9.216274121653162e-09,5.7604605509760966e-08
1433226,X,0.59618,9.95805213965343e-08,7.973513749782174e-07,1.0240450907043508e-08,2.3055866733725067e-08,5.8941830716124864e-08
1309051,X,0.59629,3.848619205461868e-07,1.174313314457488e-06,5.3991898954534384e-08,4.354470526465648e-08,5.896690773285665e-08
1258591,X,0.5975,8.072150701719786e-08,4.864067919561864e-07,1.838840515995188e-07,2.3180590522936763e-07,5.924310692261027e-08
1500076,X,0.59892,2.5852785292880306e-06,3.1277145289265664e-05,2.939056059623871e-07,1.8337835948455096e-07,5.956806457458575e-08
1450127,X,0.60009,5.792606693478571e-06,9.46920135415145e-06,0.0009041081877611,0.0013817629076034,5.983647921785187e-08
1336953,X,0.60013,5.4636504580647765e-08,3.002308797529682e-07,2.7885254331919425e-05,2.3979253693076548e-05,5.984566645369124e-08
1292800,X,0.60097,9.476945774480324e-07,2.6400374118115897e-06,1.8417538147070002e-07,2.1805889042928197e-07,6.003876131805205e-08
1338233,X,0.60148,9.286612903242892e-07,1.4118221449492885e-06,3.0801667166277746e-08,1.1077147207014641e-07,6.015614922368992e-08
1255545,X,0.60182,8.951441268522006e-08,3.836967883920508e-06,4.8282414914622704e-08,4.328598160885002e-08,6.023447151993792e-08
1674022,X,0.60262,2.1313471305690248e-08,5.51545121736982e-07,8.105891460398801e-09,5.919242277759164e-09,6.041896027080532e-08
1265260,X,0.60311,2.3990627399709724e-07,1.8584073850521347e-06,8.372214228310223e-08,7.965542540148685e-08,6.053209893874875e-08
1303314,X,0.60491,6.327584535894262e-08,5.092647777724349e-07,4.9855854141326504e-06,1.1590597205138206e-05,6.09486188164534e-08
1864084,X,0.60535,1.9999068153657238e-07,2.5852874016007102e-06,4.592108057176046e-07,9.718442586958617e-07,6.105065200219382e-08
1335585,X,0.60557,5.175156403894292e-07,7.505858091384544e-07,7.610779834814121e-08,1.498121120978575e-07,6.110170059558154e-08
1335564,X,0.60619,1.0672736778813038e-05,1.492547009573575e-05,8.991137036445352e-08,5.849307595498306e-08,6.12456795920268e-08
1306059,X,0.60631,7.148804006252954e-08,1.845583287237895e-07,4.542614405017295e-05,7.174819331758829e-05,6.127356606512771e-08
1839117,X,0.60674,7.1021615313546856e-06,1.6078614619344877e-05,5.618660720394545e-07,6.393752986481943e-07,6.137354471579892e-08
1641368,X,0.60706,3.0727910740758403e-08,6.221538892708219e-08,2.0229072951030513e-06,3.249630166418717e-06,6.144800032599383e-08
1293046,X,0.60736,1.6141030219481229e-12,3.406347436164958e-11,2.6910075580871427e-08,2.7572032041398392e-08,6.15178434529524e-08
1306110,X,0.60864,5.011698528690016e-06,1.6865032868372597e-05,2.150990241351812e-08,2.1606200755159124e-08,6.181628650983181e-08
1770680,X,0.60911,3.926078343553589e-07,1.871578144095035e-06,3.7560225151880565e-05,6.782977478317999e-05,6.192605233992935e-08
1298763,X,0.6096,2.7165077138564283e-06,4.880848488998358e-06,3.368048879092293e-09,3.3443762596067342e-09,6.204059272751192e-08
1602033,X,0.60967,2.712323163309347e-09,1.75817541660068e-08,2.008517378574447e-06,3.071007600152899e-06,6.205696427928128e-08
1329365,X,0.61101,3.671217606511231e-07,1.2731818438063178e-06,3.1293252537448124e-07,3.3629801349294274e-07,6.237077895945052e-08
1534078,X,0.61224,2.419298857278456e-06,6.004022393179466e-06,1.01955617810569e-07,9.497758627220703e-08,6.265952940546165e-08
1262803,X,0.61343,1.3294889776694143e-11,7.990107186685489e-11,3.263414420306366e-08,5.002008030146694e-08,6.293952426999731e-08
1296781,X,0.61378,7.742289956894993e-08,8.971416254198454e-07,4.60487934656217e-07,1.8614341180000764e-06,6.302199449054421e-08
1849276,X,0.61412,3.7675796182300305e-07,1.5464205937686455e-06,1.2990586122864516e-07,1.416122330547251e-07,6.310216012238888e-08
1258433,X,0.61445,2.312065845468115e-09,1.2723060215284966e-07,1.0119313882747716e-07,9.608706286691153e-08,6.318001666959538e-08
1331925,X,0.61496,7.30346114847977e-07,2.039735870402313e-06,0.0001185683082716,0.0003213995985104,6.330043483911662e-08
1331883,X,0.61882,1.0198628337019717e-07,7.900295787802821e-07,1.1088301815377462e-07,9.638402858431385e-08,6.421555267231869e-08
1305409,X,0.61935,2.9905461268523963e-09,2.3627853808642143e-08,1.2091804785979377e-07,1.380784137749107e-07,6.434171634615727e-08
1256335,X,0.61939,3.2357091484026375e-06,1.5804183420554803e-05,1.5314948088486308e-08,1.4870627274090725e-08,6.435124315773634e-08
1256807,X,0.61943,7.420955127727716e-08,1.3915658321609597e-07,7.587838203804304e-10,1.972179459025102e-09,6.43607706745633e-08
1594042,X,0.61981,3.952588096631854e-08,1.1755474816749929e-07,1.0654242314470309e-08,2.1027061811125897e-08,6.445131725852254e-08
1260463,X,0.62023,3.884053627354003e-07,9.90196221192099e-07,5.366061445159613e-06,1.0417115286188868e-05,6.455146911263231e-08
1258249,X,0.62104,1.1761913656087322e-05,1.543261672700368e-05,3.0579276924333214e-08,4.1850394401612785e-08,6.474483869078395e-08
1261456,X,0.62162,1.2678623790251594e-06,2.844869075168468e-06,8.439253394561856e-07,1.8135544008791167e-06,6.488347853566207e-08
1904061,X,0.62336,1.0240779936976246e-06,2.2191154181242283e-06,4.224004609682029e-05,7.687648643417477e-05,6.530028773757275e-08
1849109,X,0.62398,1.7821178290004176e-07,7.415268236851162e-07,2.2965747983105693e-06,1.886860532331685e-06,6.544912843247916e-08
1899029,X,0.62411,1.253907146945422e-07,6.059655829291496e-07,2.204935151479488e-06,2.1579007893021184e-06,6.548035845323149e-08
1916193,X,0.62565,5.216616098850744e-08,4.395949924893568e-07,7.30346546089996e-09,9.091711595884089e-09,6.593780385277537e-08
1321116,X,0.62684,1.1436158119064937e-07,3.920775863757452e-07,2.542253166727541e-08,5.478903058287544e-08,6.638465257502072e-08
1891107,X,0.62735,1.1039439092769224e-07,3.560417038199533e-07,2.982691576408962e-07,4.073313453357639e-07,6.65766211084955e-08
1295417,X,0.62753,1.026930895932334e-07,3.410558244401901e-07,1.2852549025298764e-07,1.2376616954136745e-07,6.664444088239613e-08
1294667,X,0.62818,2.784619302962298e-06,8.618284255496892e-06,2.2701713230612252e-08,3.6788659514255116e-08,6.688963306746827e-08
1380034,X,0.62935,1.620548669070994e-06,6.882051463947629e-06,7.319472534030599e-07,6.47237581157064e-07,6.733211354646378e-08
1251603,X,0.63033,2.2753440937937706e-07,8.691689290376393e-07,1.525553293227189e-07,1.6301837595939213e-07,6.77038608323008e-08
1559147,X,0.63231,1.610102234312829e-09,6.022990812838454e-09,2.788561973581346e-07,2.820908888265413e-07,6.845806472175992e-08
1330642,X,0.63391,1.188769714166632e-06,3.3262825457756182e-06,9.50428536354412e-07,1.725576853747082e-06,6.907057429275718e-08
1311631,X,0.64039,3.237658968313072e-06,9.47362635828778e-06,1.2909319707888423e-06,1.3735951601234922e-06,7.15791346487056e-08
1500086,X,0.64129,1.2758027596163324e-05,2.8380919682647132e-05,9.297144669547107e-10,2.136525294865668e-09,7.193108467166163e-08
1578063,X,0.64298,8.818734075256992e-08,3.957019743673916e-07,1.0120647871736975e-09,1.1849187526556155e-09,7.259430072570091e-08
1250397,X,0.64304,6.594213388895924e-07,1.1050865883449688e-06,5.222531192323366e-06,4.232256845868798e-06,7.261790280187326e-08
1308568,X,0.64304,3.1339426032025116e-07,4.082518161558885e-07,1.331566807973322e-08,1.9765879317376543e-08,7.261790280187326e-08
1296793,X,0.64392,1.5876660473756149e-06,1.4100679466935269e-05,2.1962082011871753e-07,2.738605767639707e-07,7.29645073184897e-08
1452065,X,0.64509,2.484854723877729e-07,1.3783915829315984e-06,3.6216848805768692e-09,3.618296419162342e-09,7.342661170061964e-08
1305946,X,0.64663,1.2186831796058492e-08,1.0806258210766805e-07,3.7944879505399693e-10,2.3088999942898214e-10,7.403707524712326e-08
1899158,X,0.64747,9.054393817816048e-07,8.110883893481177e-06,1.4184578058612637e-07,1.3580977572596838e-07,7.437112053860298e-08
1336693,X,0.64795,8.191297844719435e-08,1.0791773586328452e-07,8.044693274919814e-06,7.275457793183169e-06,7.456234114484701e-08
1339102,X,0.64795,1.1932368331690838e-07,1.5981703606704168e-07,1.0280692926416427e-05,1.014151278418594e-05,7.456234114484701e-08
1296671,X,0.64852,4.160903511092605e-08,3.234257206479409e-07,1.8557630495856226e-07,6.296357274344298e-07,7.478973449599246e-08
1928108,X,0.6508,5.278274314195485e-07,1.556794370316198e-06,2.167699334930759e-06,1.221442141936462e-06,7.57027700396767e-08
1263090,X,0.65206,2.6241249286807273e-07,1.8211052922941692e-06,2.8325266101064182e-08,2.7849006051037205e-08,7.62097188181689e-08
1342707,X,0.65243,1.61775629831756e-07,2.767978279384893e-07,4.02088071715884e-06,3.747981258173955e-06,7.635890606142731e-08
1263039,X,0.65514,1.2348019028641006e-06,7.0172541989308306e-06,1.0179348393423132e-08,7.2447646572180855e-09,7.745604899720018e-08
1300590,X,0.65633,1.107704573040542e-07,1.093626677097276e-06,2.185494957756554e-08,6.181556798473723e-08,7.794029297759804e-08
1296173,X,0.65763,6.08743752209718e-08,2.0917236183622785e-07,1.9917459959885823e-06,5.234401872048631e-06,7.847102368254536e-08
1430255,X,0.65806,2.426879195246551e-05,5.452854435813789e-05,3.121607319416428e-05,4.652368046426852e-05,7.864696942002583e-08
1334686,X,0.65904,5.124610729746517e-06,1.0871336250000255e-05,2.8686714841916834e-08,4.4720141248639634e-08,7.90486982550656e-08
1310475,X,0.66375,1.2926378939730857e-07,3.663734625318847e-07,7.303296603582646e-08,1.1023449082265475e-07,8.099373523366969e-08
1314369,X,0.66386,4.212835682719806e-07,1.5145266363689512e-06,9.357660909860424e-09,7.881886386961515e-09,8.10394432166814e-08
1340751,X,0.6648,5.673885347746062e-07,1.483891197470948e-06,2.2706937241209993e-07,1.275002178021305e-07,8.143056458219788e-08
1905127,X,0.66579,2.391370129788889e-07,6.217236452265836e-07,4.148452796302213e-06,2.800951345502273e-06,8.184350829801114e-08
1252939,X,0.66666,1.888846335344536e-06,8.592673177724327e-06,8.595647455551505e-07,1.203385357170535e-06,8.220726040821765e-08
1319058,X,0.66811,1.3788174331153105e-06,3.2862351444320063e-06,2.3003793812090605e-06,4.14404307464715e-06,8.28153062668681e-08
1310304,X,0.66881,6.685668291360975e-08,3.81837125990695e-07,5.825849074323404e-08,4.5890931702949604e-08,8.31096475119936e-08
1370247,X,0.66882,0.0001022878906724,0.0001669468446983,1.962461973652722e-06,3.503167542384916e-06,8.31138561698083e-08
1250916,X,0.66948,2.6873849017046754e-07,1.102970124975008e-06,1.888047941484128e-05,4.306920083168623e-05,8.339186319011215e-08
1296919,X,0.67698,1.5261314829946919e-07,5.989980446900903e-07,4.401728111154676e-07,8.002277607544775e-07,8.649128330685785e-08
1531078,X,0.67713,4.107572739024475e-06,5.53717493823203e-06,1.3747312718602225e-06,2.2359934598727327e-06,8.654869847019522e-08
1908493,X,0.67829,2.816510982221771e-07,1.8246674161247195e-06,1.1527574568560651e-06,1.732284124880783e-06,8.69933523814526e-08
1795052,X,0.67924,1.1876857273721e-05,3.929747959177391e-05,1.0653227305238544e-06,1.5684689394760723e-06,8.73583571965637e-08
1311884,X,0.68136,4.069168011523181e-07,3.100099282064357e-06,1.0583260223444964e-05,2.554624069690899e-05,8.817564955505851e-08
1299090,X,0.68339,3.2915896240768226e-07,1.6998266064845668e-06,9.359636253356656e-09,5.605493033204688e-09,8.89618120082493e-08
1900124,X,0.68533,4.88267403445641e-07,2.230006642403674e-06,4.150353635425736e-06,3.744569701850217e-06,8.971638048555603e-08
1861474,X,0.68966,1.7344830327937234e-07,1.1265747472454057e-06,2.066054122921313e-07,1.4043028961391713e-07,9.141203964143495e-08
1305308,X,0.68972,1.5209599310298514e-07,3.984717300470683e-07,3.882341700749409e-07,7.185452584831244e-07,9.1435647582181e-08
1255730,X,0.69107,2.542605930297864e-07,1.1436223109188588e-06,1.5141244702674108e-05,4.38678361629177e-05,9.196763208582361e-08
1333442,X,0.69209,2.4455031752006273e-06,7.424653658582402e-06,1.1192761755596207e-07,2.218725097603628e-07,9.237059932677958e-08
1299033,X,0.69226,3.901615990519784e-05,6.092535154404381e-05,3.18147386766449e-07,3.294148069523323e-07,9.243784617626334e-08
1487043,X,0.69226,6.72341808621553e-08,7.652048004046727e-07,5.75145479447547e-07,7.107099892317311e-07,9.243784617626334e-08
1252917,X,0.69277,6.890053500186334e-10,1.3167883158190703e-09,4.200308175921824e-08,4.9853869622684484e-08,9.263973354069169e-08
1316853,X,0.69304,1.0996327779350445e-05,2.3373193434845752e-05,1.3512184107338081e-08,2.45011673045422e-08,9.274670424298535e-08
1370181,X,0.6931,3.797898082364662e-07,3.848995559579155e-06,1.0709345498970547e-06,5.681146068708307e-07,9.277048389238908e-08
1260105,X,0.6941,7.808854851780816e-08,7.006673153961115e-07,3.1042780248837724e-08,2.4084259014078735e-08,9.316726012795353e-08
1299190,X,0.69836,1.122795177195025e-07,5.17568550243944e-07,1.2082279959247759e-09,2.4278749754510675e-09,9.486701303278072e-08
1373123,X,0.69879,4.6122093061645345e-08,3.507282582870641e-07,2.5891862586603807e-08,1.9208548281805e-08,9.503943809487245e-08
1279714,X,0.69938,8.390923952098329e-08,5.865098524786682e-07,7.01821496033564e-07,1.0193649416541283e-06,9.527627608851312e-08
1250950,X,0.70099,1.1385449786411252e-08,4.733762099665e-08,6.300252530589845e-07,6.791373616796876e-07,9.592406230426365e-08
1307261,X,0.70351,1.563046937086925e-05,2.731562101248916e-05,3.254133320465898e-05,3.710138193146745e-05,9.694239455851989e-08
1314296,X,0.70426,5.642090348501755e-09,3.9623330614932264e-08,5.7927867943337445e-06,7.387358377455865e-06,9.724650788735329e-08
1559051,X,0.7051,2.156148747865617e-07,1.0117178958516986e-06,9.092366252193804e-05,0.0002218923348483,9.758768023498705e-08
1952075,X,0.70525,2.369688442981014e-06,2.744257347598375e-06,1.9884430438353416e-06,9.477942705314578e-07,9.764866673519836e-08
1289812,X,0.70875,9.291586974252343e-10,1.6644708850817075e-09,2.0479434183564e-08,2.1446790227186203e-08,9.907709330348576e-08
1647048,X,0.70882,1.2503943686974786e-07,4.4693894507380626e-07,6.47497576249378e-07,9.829350557693432e-07,9.91057676287233e-08
1341556,X,0.71584,7.851914289309127e-07,2.0310093723240357e-06,0.00016359516082,0.0008276415408941,1.0200246345017424e-07
1330995,X,0.71827,7.609508765118002e-08,3.2895064940813797e-07,6.756989863511042e-07,3.396669827508889e-07,1.0301488732860647e-07
1311903,X,0.71912,3.866932758319947e-08,8.959887715809499e-08,2.902532361225283e-07,1.729973567480111e-07,1.0337020765373447e-07
1331993,X,0.71961,9.336447892438233e-08,9.205613084961932e-07,6.380097006955342e-07,7.453493325115761e-07,1.035753173387809e-07
1338665,X,0.72062,1.04782149107724e-06,4.33296322806116e-06,1.5062949665605478e-07,1.699551645220773e-07,1.039987358120903e-07
1308529,X,0.72212,3.725233447820603e-07,2.641868783886537e-06,1.717661997405421e-07,2.3420433396808085e-07,1.0462916902212145e-07
1890212,X,0.72776,1.0313314694487936e-05,2.148944557834617e-05,3.5879517273379417e-06,1.9255599078754104e-06,1.0726700188690487e-07
1264689,X,0.73162,1.4233181828687736e-07,5.256751102561155e-07,5.433248270466196e-05,7.934299592830239e-05,1.0927174201008687e-07
1770254,X,0.7348,1.8994062197323656e-06,1.4355666402197628e-05,1.9030746241286053e-07,4.201623135668202e-07,1.1093725940425843e-07
1692030,X,0.73802,3.5124791815780466e-07,1.7436517445674606e-06,0.0002597401895779,0.0014680770690573,1.1263656244829939e-07
1252822,X,0.73927,9.897377575859968e-07,4.837313418384731e-06,1.6781374062987393e-07,2.3404182024579086e-07,1.1329970996773421e-07
1260522,X,0.74133,5.164591676221125e-08,3.580415421094319e-07,8.212932017013636e-09,5.484363415004351e-09,1.1439682406222637e-07
1296802,X,0.74392,1.763963181916203e-07,5.340911695330373e-07,3.619972213106978e-07,1.859709475143281e-07,1.1578370669999773e-07
1317372,X,0.74393,4.4554833848670854e-07,1.6695020549054186e-06,4.5141761654565336e-06,3.16233715391618e-06,1.1578907765338423e-07
1488098,X,0.75076,2.993844417328861e-05,5.766134000593287e-05,1.896646223768801e-08,5.0923527911582646e-08,1.1948653674342525e-07
1302550,X,0.75249,1.8478892218224992e-06,4.096258474937733e-06,1.770693169847763e-08,1.1223884540692738e-08,1.2043230571703896e-07
1293028,X,0.75366,3.5352032610652435e-06,6.529854574685802e-06,5.930479166458257e-06,1.6624612762611104e-05,1.2107404315931484e-07
1308453,X,0.75572,1.330517877916757e-07,7.039232644710621e-07,1.6372509118547634e-08,1.8069473591496517e-08,1.222080841889145e-07
1904182,X,0.76657,0.0001886856524843,0.0003404992914622,4.667800362272829e-08,9.382346181822621e-08,1.282683124196534e-07
1251645,X,0.76679,7.314795493993525e-07,1.1986516597600672e-05,2.8249400776059224e-07,3.226441489051328e-07,1.283927095185311e-07
1251652,X,0.77155,5.643045243315611e-06,9.66847078457743e-06,3.6912419060312966e-08,3.1883336053402346e-08,1.3109897498054716e-07
1303257,X,0.77159,1.0768014177985676e-06,6.268747552370372e-06,6.262674192574408e-07,1.2059010977099915e-06,1.3112183629481004e-07
1259589,X,0.77327,2.196636748978634e-06,4.670459674661065e-06,5.1294723238102257e-08,4.66467251304507e-08,1.3208381128860806e-07
1889155,X,0.77826,5.033408607222684e-06,1.287532309944746e-05,8.511324040050256e-08,1.9962639448883446e-07,1.3497956722872764e-07
1861451,X,0.78049,4.6506905740570754e-07,2.772281511055752e-06,5.1594928994918385e-08,1.0426320050200569e-07,1.3628803947918593e-07
1833468,X,0.78375,1.1948292868440293e-07,1.0926523300876076e-06,2.8226553176781465e-06,3.535751965037373e-06,1.3821223088085056e-07
1331887,X,0.78398,5.057151822980221e-07,3.718613498682393e-06,7.913888458194605e-08,5.5549943724210546e-08,1.3834849610212352e-07
1250454,X,0.78734,2.359017038952785e-07,7.832078149026726e-07,6.614594154817167e-06,6.495683598343799e-06,1.403468079380706e-07
1856065,X,0.78892,5.6075540186989264e-05,6.565694548886585e-05,1.4458728476312382e-06,1.4002998488468443e-06,1.4129144339909877e-07
1255501,X,0.78956,1.452716544692592e-08,6.220178014450762e-08,8.445094927726732e-08,1.2038682472350166e-07,1.4167498217474818e-07
1434262,X,0.78964,1.362493335755659e-06,5.310033295806749e-06,4.831480623961189e-07,4.493311451935591e-07,1.4172296107414585e-07
1254566,X,0.79118,2.5717933635863317e-07,1.1159843830754465e-06,1.754400158505828e-06,3.54077575825519e-06,1.4264813806514665e-07
1265349,X,0.79939,5.688388282462562e-07,4.506299066600333e-06,5.541516319852617e-06,3.0755586120490483e-06,1.4763121022521624e-07
1535064,X,0.80078,2.490373217933057e-07,3.640788346937105e-06,0.0005297255918322,0.0018647177365392,1.4848334085081853e-07
1385052,X,0.80106,8.906626659252716e-08,8.977489646438452e-07,7.598914451124188e-07,6.455246491238833e-07,1.4865528979791654e-07
1299258,X,0.80109,3.63005582350389e-08,6.612176987152211e-07,1.5636445812255704e-07,2.8843906213083397e-07,1.4867371880108642e-07
1502132,X,0.80181,4.365912239120934e-06,1.565275916058764e-05,3.047339650554829e-06,2.195573770349701e-06,1.4911635755632628e-07
1579146,X,0.80325,1.5395851658225246e-06,3.7025328416826617e-06,3.405819567899747e-06,9.758280865589443e-06,1.5000360889862337e-07
1367180,X,0.80342,1.93169742745558e-06,1.196237738299188e-05,4.099551036256458e-06,9.1432596734501e-06,1.501085275363102e-07
1642117,X,0.81237,5.812126007332448e-07,2.512906397855408e-06,1.6563468736383307e-08,2.5848289072564555e-08,1.5568398308129806e-07
1300777,X,0.81684,3.9036971098151095e-05,7.127212530237213e-05,1.9325051573633685e-05,2.5370246795619574e-05,1.5850666353774845e-07
1260427,X,0.8175,6.0860506454806595e-06,3.4928166455399216e-05,9.706740102365334e-07,1.7681938794814622e-06,1.589255837469463e-07
1255824,X,0.81852,2.583430602865448e-06,6.6564188778104836e-06,1.8581141284656752e-08,1.8685182117618403e-08,1.595740933235506e-07
1330599,X,0.81932,1.5437818147608256e-06,4.5769916879990885e-06,5.495192966860909e-07,1.117368626549132e-06,1.6008365225007684e-07
1250980,X,0.81967,2.4557287207504072e-08,1.1041171778228801e-07,1.808414690539973e-07,7.09709304309403e-08,1.6030683970330605e-07
1879412,X,0.81984,2.1516285879145777e-08,2.674513247261197e-07,5.0624390003259425e-08,5.5621873202095076e-08,1.6041530113557546e-07
1251618,X,0.82172,3.644645251773416e-07,1.2751191175665395e-06,2.4767395290633594e-06,2.772025748921547e-06,1.6161720268846386e-07
1258529,X,0.82394,7.697410749790657e-07,1.2300265462486165e-06,1.8072711147473544e-08,1.0468289970436684e-08,1.630422454630083e-07
1645145,X,0.82627,1.298622961395067e-07,6.520862716680339e-07,2.1443498147734473e-08,8.116612565531218e-09,1.644882225404465e-07
1334581,X,0.82736,2.677210395315911e-06,1.0500822928495226e-05,2.103793470372041e-07,1.9524142684203697e-07,1.6514479257915134e-07
1246791,X,0.83066,1.7810907916939128e-07,1.302636054304234e-06,8.876660731304873e-07,1.1592145065973782e-06,1.671405465322343e-07
1305541,X,0.83293,6.141822753392626e-06,2.468826851053106e-05,2.540273472779369e-07,2.977792075716334e-07,1.685203420711647e-07
1252918,X,0.83583,1.05066176674062e-06,2.1193998001982583e-06,1.1559652691080694e-08,1.6277055297731937e-08,1.7029132804550073e-07
1390345,X,0.83592,8.948727457250594e-07,2.9086815312723217e-06,5.170419962252783e-07,5.274903106650219e-07,1.703464377817438e-07
1861472,X,0.83776,1.281386705452416e-07,4.517895456622961e-07,7.446247502703224e-05,0.0001870595305333,1.7147508017012177e-07
1876462,X,0.83954,1.1696906878018185e-07,5.399790877325925e-07,4.677258207812389e-07,8.487122515621012e-07,1.725704653183496e-07
1253871,X,0.8478,3.890546015395902e-07,5.755688853379502e-07,2.493448430539245e-07,1.2579334095433305e-07,1.776991864987317e-07
1253857,X,0.85652,1.6823513642195452e-06,6.344509669427643e-06,8.943226097934949e-07,4.0366864334846905e-07,1.831950162922591e-07
1260459,X,0.85674,1.052331018850619e-06,9.280108201950662e-06,6.100722953098509e-07,9.258536177168578e-07,1.8333475500154333e-07
1338749,X,0.85806,1.7710656833596485e-08,8.195578192356901e-08,0.0010791601711171,4.462061456101243e-05,1.841743060341743e-07
1260461,X,0.85855,2.8363982374248873e-06,7.488726867487638e-06,3.3493700295841703e-06,4.412367646840848e-06,1.8448644567039114e-07
1295291,X,0.86179,3.414597658637372e-07,8.652581344378591e-07,2.608609846669302e-07,3.667516832389658e-07,1.8655704062864938e-07
1479130,X,0.8624,3.154877836058499e-05,8.008340640492852e-05,1.8621257910591979e-07,2.7966571236417914e-07,1.869481673910189e-07
1296161,X,0.86243,7.624755658902687e-08,2.1469788503018178e-07,3.59278465200642e-07,3.79031096260288e-07,1.8696741370039238e-07
1317956,X,0.86917,1.4306223633467186e-06,9.52729455880657e-06,8.152532161911111e-05,0.0003070657020383,1.9131653080477594e-07
1342580,X,0.87472,1.1652160364792498e-06,3.891959909866969e-06,1.0976952401366611e-06,1.0247502445857117e-06,1.9493531703801638e-07
1879483,X,0.87565,8.996962581439954e-06,0.0001376536234937,2.4889719873453787e-05,7.548994679545335e-05,1.953592768692862e-07
1250896,X,0.87971,1.658565661585247e-07,9.883117934655486e-07,5.499038006972954e-05,7.579983123194018e-05,1.968647789798828e-07
1456020,X,0.88189,2.824580653427845e-06,1.0415795576323385e-05,2.001667099568277e-05,1.625671185193933e-05,1.9767553648934347e-07
1371111,X,0.88352,8.558978569782796e-07,3.092736779212843e-06,5.4144271029263e-08,1.5721323976526877e-08,1.9828283366656141e-07
1878692,X,0.8845,2.2838042997338563e-06,1.1971473065777833e-05,3.1318850155853377e-07,4.493707281961902e-07,1.9864840547017667e-07
1253761,X,0.89441,1.1577144910761778e-07,5.193881101957081e-07,6.6929076279050485e-06,7.960904705213904e-06,2.023640739593241e-07
1402076,X,0.89611,4.789078435840623e-07,1.4126176182024527e-06,9.214554179628608e-05,0.0002306972393893,2.0300493383098237e-07
1305486,X,0.89888,1.0211144955577403e-06,2.159752576827513e-06,1.77422842785843e-06,2.913765893703753e-06,2.040513288231936e-07
1253816,X,0.90824,4.5994880761667766e-08,2.6582944157386226e-07,7.299523807811902e-05,0.0001129905980413,2.0760706317004753e-07
1246650,X,0.90888,3.911877048694449e-07,1.3966480413658062e-06,3.975974171393641e-07,4.966360516012686e-07,2.0785131213738757e-07
1299266,X,0.91289,3.46083303213409e-06,6.754744515832444e-06,6.940788155293614e-07,1.86700629685678e-06,2.0938495304992257e-07
1901832,X,0.91696,1.081728781943431e-07,6.735250409941092e-07,2.072212695030851e-05,3.281162471122616e-05,2.1094730560415997e-07
1255737,X,0.91896,4.468364323039343e-07,2.895481681720545e-06,2.053515837984276e-07,2.5301429118379076e-07,2.117171743930948e-07
1252926,X,0.92427,1.2592486768132716e-06,9.38076377905685e-06,5.501636771080393e-05,0.000191539657123,2.1376797995943813e-07
1617068,X,0.93075,7.002721904548087e-07,4.34712325180964e-06,4.567079306177054e-08,6.732183217828954e-08,2.1806697254890347e-07
1262782,X,0.94444,4.434679392650256e-08,3.040784843103607e-07,7.537148941765485e-06,1.848941781694136e-05,2.2777945814490006e-07
1252620,X,0.95299,1.0119055381768816e-05,9.21197144554555e-06,3.2464950367489926e-06,4.176531875289268e-06,2.3395267480145266e-07
1395159,X,0.9569,3.0693092542602597e-06,7.570518143514671e-06,0.0001122186658455,0.0001516899867989,2.3680325145705587e-07
1339276,X,0.96363,1.635356155632777e-06,7.665000890712451e-06,9.689956804683594e-07,9.722489555266715e-07,2.4175016743473037e-07
1559048,X,0.98,8.323628024472147e-07,5.708464661283953e-06,4.1251616092207073e-07,7.20790417651034e-07,2.517124890813625e-07
1299327,X,0.98158,2.439370763798683e-06,2.888632709873115e-05,3.677732528646809e-08,2.9009479333787993e-08,2.5218379636792436e-07
1935095,X,0.99268,1.0128477777660965e-06,3.3009867101788926e-06,0.0002242030788103,0.0008427388226052,2.555073061755935e-07
1311921,X,1.04436,7.839123017927741e-05,0.0002114645421204,1.3005318713888902e-07,8.707758696638297e-08,2.7738596671565105e-07
1334084,S,0.13349,7.485113781373663e-09,6.998373348199849e-09,3.427105909315387e-06,1.616017823692395e-06,3.0676608547438467e-10
1815065,S,0.13537,1.730712722820123e-09,1.2864539158453914e-08,3.5645398453888885e-12,9.891216732448431e-12,3.1959666232275167e-10
1306366,S,0.15062,5.483774308382728e-08,2.664640349436679e-07,1.395873434682592e-09,3.2866506049307238e-09,4.333883774517259e-10
1578103,S,0.16008,6.103517499691881e-12,1.4190979230222472e-10,1.4166803009007327e-10,7.472736842864997e-11,5.12668759318897e-10
1250034,S,0.16085,2.822456124082664e-12,2.744624517333668e-10,2.448007494675863e-12,4.43070118693738e-12,5.194147226282878e-10
1294436,S,0.178,9.660377123039763e-08,2.028387576095743e-07,3.7903746897825554e-08,8.993265624914698e-08,7.19900339521803e-10
1250017,S,0.18216,1.1650939036325283e-07,1.837067893824085e-07,6.4151437344053895e-12,1.853624128479292e-12,8.208129503979918e-10
1296321,S,0.18444,4.698533271160995e-10,1.836108331959778e-09,9.998987660295696e-11,1.8999046775080659e-10,8.789278057148788e-10
1336453,S,0.18492,4.8297136211013456e-11,6.532258773734822e-09,5.50531390726291e-11,5.2313298648167376e-11,8.914157736356972e-10
1324938,S,0.19847,1.6888928924488416e-06,6.745306855613177e-06,3.258604325013183e-10,3.4104374637754795e-10,1.280283292437473e-09
1335323,S,0.19991,2.800305188372015e-09,4.474662166105189e-09,4.8858034139533746e-11,4.4686024086667036e-11,1.3257359460238859e-09
1315197,S,0.20823,4.0116399188266504e-08,4.6540519950368064e-08,2.8107034020216423e-09,4.1381820033028045e-09,1.603874864312769e-09
1342255,S,0.21885,5.116469650754677e-09,9.028782854153476e-09,1.5615002893149976e-11,4.074212686371589e-11,1.997355543562918e-09
1878148,S,0.22453,2.1037725660903834e-06,1.8548361261777947e-06,1.2856897624810868e-09,1.3162601512342914e-09,2.225503970300617e-09
1315192,S,0.22714,1.5437772181540832e-09,7.053291494859232e-08,2.2289343300378482e-08,5.5584791655114724e-08,2.382380476128562e-09
1249308,S,0.22806,4.9280075677555506e-11,4.0469620249651136e-10,8.689680821824413e-11,6.915580437687546e-11,2.4427242771072423e-09
1315259,S,0.22806,3.818523947278486e-11,5.25875214234184e-10,1.7868010894050708e-10,1.2031163474065524e-10,2.4427242771072423e-09
1292336,S,0.23355,2.5771912402448277e-06,3.877017263082524e-06,3.2690247982119407e-10,3.771080694771035e-10,2.8185085317410567e-09
1656029,S,0.2348,6.69131554618598e-10,8.251662710645371e-09,1.1122671141291955e-09,4.676875259658542e-10,2.907825732880587e-09
1319366,S,0.23482,8.940177716885561e-08,4.115160291939579e-06,1.3405793252590011e-09,2.414314905893039e-09,2.9092661321968926e-09
1921033,S,0.23707,2.5881716142415132e-08,1.7641458798998637e-07,5.5280298308717446e-06,7.2845282180926865e-06,3.0735881352807335e-09
1262573,S,0.23747,2.2916348274947823e-09,1.63453442107921e-08,2.1558287220794192e-09,7.796699651727012e-09,3.1032735163050873e-09
1344355,S,0.24448,5.035469351751994e-09,7.29900329251268e-08,1.7121646843199979e-10,2.907230081103626e-10,3.64666809001123e-09
1276528,S,0.24618,8.745608958709374e-06,9.107739281485815e-06,3.2405433971440567e-09,7.534385079443791e-09,3.78504850217336e-09
1336480,S,0.25604,4.0927177788039556e-07,5.680920429670687e-07,3.0625104957556686e-09,2.1348267819602608e-09,4.638471382174707e-09
1289664,S,0.25907,8.953365627766855e-09,1.0589499025620505e-08,8.097275955331741e-11,8.245548703300498e-11,4.918142810872049e-09
1298079,S,0.26048,9.8320680705008e-09,2.9423132181151036e-08,5.199866787893878e-11,3.416355335095736e-11,5.051078019184985e-09
1337649,S,0.2615,4.6221453906204885e-10,1.0239087874961114e-08,1.036022381618098e-09,5.384082018039011e-10,5.148348950379895e-09
1344347,S,0.26361,4.394719211888088e-06,8.222358078534928e-06,1.1067237056668195e-06,6.914540753424908e-07,5.352510668115842e-09
1334087,S,0.26628,4.1655826596418493e-08,4.84223202606828e-08,6.90131610887567e-10,1.2179847402737842e-09,5.6165474443951735e-09
1320704,S,0.26996,2.722192066499063e-07,6.016798729837542e-07,6.468849278761146e-10,2.7518416197411682e-09,5.990881471192305e-09
1330817,S,0.27051,3.596686495102482e-08,2.3742406569883346e-07,4.696355127468895e-11,7.436684088421122e-11,6.047865357785525e-09
1292332,S,0.27265,1.6026176071583112e-08,6.146291215017948e-08,1.0273849841603389e-10,7.65689302158942e-11,6.272150948817723e-09
1260050,S,0.27278,2.2129776253630967e-09,7.632378321403503e-09,7.3295136379982675e-09,7.222627183812051e-09,6.2859073390623e-09
1574104,S,0.27304,1.3329229130822664e-08,2.466684619186149e-07,9.104856320916453e-08,2.7746269400163713e-07,6.313465326778867e-09
1502065,S,0.27316,1.1489555979736492e-08,3.8310763877773254e-08,1.1539049730831853e-10,1.2355098999316658e-10,6.326204727909878e-09
1250279,S,0.27382,3.140978725668939e-09,2.010854833226205e-08,1.1953872633753292e-10,1.303484124904112e-10,6.396500947741515e-09
1261963,S,0.27963,7.615387711579169e-08,8.325574696350983e-08,2.96148511050846e-10,5.683887505291506e-10,7.071648408912535e-09
1249483,S,0.28303,1.9301205848867092e-08,3.8919631378018395e-08,1.294281973954088e-06,2.8777654838515714e-06,7.488531367317781e-09
1862039,S,0.28699,6.693108043081545e-09,3.782286818427376e-08,8.232753835045862e-10,6.572358816708643e-10,7.989127375266197e-09
1538019,S,0.29069,2.481237721157278e-09,9.22567024447407e-09,7.659832006981987e-08,5.446061601992941e-08,8.471490985990735e-09
1263715,S,0.29185,1.5160270419112425e-07,3.747845857858144e-07,1.2949743600465428e-06,1.2470950832627258e-06,8.625629595607552e-09
1292227,S,0.29185,3.402457804610214e-07,1.080161379816443e-06,5.00068843962436e-09,3.531371341345689e-09,8.625629595607552e-09
1262550,S,0.29209,3.6085538135735545e-06,7.641756124492949e-06,1.7914557344361838e-10,3.5939928866381143e-10,8.657693843443311e-09
1336454,S,0.29256,3.270421905433269e-06,2.6076993371985196e-06,1.736594132202091e-09,1.5440580966381783e-09,8.720658642150336e-09
1257934,S,0.29648,1.7990904724978505e-07,4.942572210269526e-07,0.0002892129237865,0.0007958324915138,9.254698000717181e-09
1305051,S,0.29887,1.1284997480726533e-07,3.338426689410827e-07,2.96422416102627e-08,2.6407319405272693e-08,9.588085883680948e-09
1905171,S,0.30307,7.100911159360812e-09,3.568005406120138e-08,2.0024655514209153e-08,2.299119577631663e-08,1.01882479499116e-08
1861124,S,0.30511,9.030291872460939e-10,6.166338111929782e-09,8.537379158135257e-09,9.993642171949918e-09,1.0486328449229604e-08
1263369,S,0.31251,2.7183938397398024e-09,1.110551229360023e-06,8.648809298140689e-11,1.4030396751022536e-10,1.1603672536607666e-08
1300179,S,0.31722,9.262101636980408e-09,1.7928980464928485e-08,2.787977209402893e-08,5.352318888802355e-08,1.2344299831210536e-08
1265165,S,0.31752,9.60994926257621e-09,1.6547260854563778e-08,2.9353918166117143e-09,2.0150371125406756e-09,1.2392249651475798e-08
1625037,S,0.31863,1.4597454417409137e-08,2.2152603928408503e-08,3.166232920458709e-09,2.405309796998804e-09,1.2570472160397376e-08
1248243,S,0.32394,4.7126874916998235e-08,4.3557306118194915e-07,8.38041225120169e-10,7.585230617706705e-10,1.3440653335900963e-08
1292033,S,0.32472,9.127196965674496e-09,5.1079145655149406e-08,1.3331464020549818e-10,1.3771947331947844e-10,1.3570929430067182e-08
1308326,S,0.32622,1.0969145895317489e-10,2.062626755202901e-09,1.494767292404378e-08,6.423958212132333e-09,1.3755198405658554e-08
1469040,S,0.3267,4.930758166280276e-07,2.7126680252963593e-06,9.904547978087422e-08,1.5372370512097793e-07,1.3809426645516277e-08
1569050,S,0.32988,2.7493951555124024e-07,5.74418866208481e-07,4.1062974312236785e-10,9.957903387930912e-10,1.4171383339389022e-08
1847079,S,0.33041,5.842307985694744e-09,1.5835327993580898e-08,5.391625978838462e-10,7.466179005176049e-10,1.4232164691095028e-08
1264068,S,0.33054,1.1861879982333462e-08,1.6941026796430393e-08,1.2906013469717087e-11,1.7469136264655637e-11,1.4247093188872722e-08
1249416,S,0.33169,1.2983964719472334e-08,1.3380686619698709e-07,1.1566434618421968e-08,2.2351764051482803e-08,1.4379493773068405e-08
1335305,S,0.33403,1.0032043789950597e-07,1.4739029448988117e-07,4.8602549893011755e-08,3.9451170783759105e-08,1.4650790903277966e-08
1320501,S,0.33683,4.600134326689101e-06,9.231299522453684e-06,2.6338823783996968e-05,0.0001486598569037,1.4978751971254747e-08
1294351,S,0.33828,7.862688503178399e-07,6.269544313960614e-06,8.943349776933385e-07,1.344266195848978e-06,1.5150015689509097e-08
1770702,S,0.33846,1.161918497436366e-07,5.13149192653666e-07,2.911364269407671e-09,2.1141427811917947e-09,1.5171343940866073e-08
1308357,S,0.34157,1.7725229582517305e-07,1.0399965072123742e-06,5.975074902084489e-08,2.1157979016706314e-07,1.5542217608768116e-08
1265011,S,0.34689,5.7694082003673655e-09,2.053840768890212e-08,1.874932667308441e-07,1.779901791645325e-07,1.618702123686932e-08
1278602,S,0.34799,3.685984255690285e-09,4.3633594419518645e-08,4.2445931342829855e-09,3.6752690849754967e-09,1.6321980283389288e-08
1314554,S,0.35159,7.75919683267061e-09,4.849853242927513e-08,7.953246975210669e-09,1.821763868974265e-09,1.6767581739274862e-08
1276546,S,0.35329,7.058592305882507e-07,2.131140582406636e-06,3.318804778345341e-07,3.139928506299751e-07,1.698009063633702e-08
1255312,S,0.35561,6.795871818191272e-09,2.9002331585613053e-08,6.285605401134335e-10,3.088418255847115e-10,1.7272262018200632e-08
1334423,S,0.35791,6.814839414677417e-08,3.073862253217994e-06,2.5071359995509613e-05,1.3688422529314071e-05,1.7564374803504024e-08
1450026,S,0.35831,4.142514323165819e-09,8.727132421429782e-09,1.8444878444047623e-10,1.2198292970854927e-10,1.761542706769247e-08
1250357,S,0.35843,6.163386021739108e-07,7.990869943236803e-07,1.8622430782472848e-06,2.01334096219846e-06,1.7630757193743162e-08
1302915,S,0.35921,4.210316261211828e-10,1.6013926591018326e-07,7.95815344614439e-10,2.7941046822164183e-09,1.7730565539496538e-08
1318235,S,0.36002,1.486404884486635e-06,3.5660132201753194e-05,3.4245868886092645e-06,6.026556838115092e-06,1.783451084126272e-08
1848198,S,0.36021,3.979177824243455e-08,3.2707314575429573e-08,2.6960831222756536e-07,1.8930784798511567e-07,1.7858937061176218e-08
1878334,S,0.36044,1.1035753076226813e-07,4.135856799653535e-07,3.701404461714155e-07,2.820721831185605e-07,1.7888528007923716e-08
1294340,S,0.36087,9.369804503606087e-06,1.1422535168388116e-05,8.397630897175431e-09,2.3277982444143945e-08,1.7943915917840178e-08
1306378,S,0.36101,4.084838605434894e-08,4.2342010499681616e-08,4.399377950114761e-10,1.4177807990004564e-10,1.7961967666063053e-08
1316701,S,0.36115,1.182174779968826e-06,2.5613527796014413e-06,6.92411986583067e-08,4.9085842107792026e-08,1.7980028489835724e-08
1253406,S,0.36131,1.3452395863642368e-07,2.916415154944399e-07,2.686440500829259e-06,1.4812958964798512e-06,1.8000680544207985e-08
1266015,S,0.3616,1.2301466501351364e-08,4.5885105764117435e-08,1.1991118194562872e-08,9.528938689711613e-09,1.803814260600429e-08
1923415,S,0.36161,5.397751553173716e-07,8.401231429942321e-07,5.2469019675903576e-11,5.1191152609896705e-11,1.8039435095795863e-08
1294014,S,0.36271,9.893599366901217e-09,3.3959500917058425e-08,2.9531193572935663e-08,3.392928626691256e-08,1.8181891657740293e-08
1703026,S,0.3639,6.336389692494429e-07,2.5183154298985987e-06,1.243633259261967e-06,1.6749147276711972e-06,1.8336634669346412e-08
1318460,S,0.36604,8.127681817199242e-09,6.8261601124189e-08,3.589237242712536e-05,4.793378802196842e-05,1.8616561869554375e-08
1258090,S,0.36656,8.756174685475505e-10,6.842047397853373e-09,7.66063463157623e-08,1.5491431542917596e-07,1.8684901800319017e-08
1330828,S,0.36705,1.481534273511678e-09,2.210686924562514e-08,6.767464833758518e-10,1.0645621458660575e-09,1.8749413621588138e-08
1431163,S,0.36711,2.6763180833673793e-09,2.755932346770836e-09,1.7358099357881744e-10,1.5891291746051424e-10,1.8757320668404313e-08
1294341,S,0.36798,8.706368025470094e-07,1.7250640264228674e-06,1.397531165011182e-08,1.2507693824389636e-08,1.887216016937956e-08
1323600,S,0.37044,8.304498532087128e-09,3.2873223317620144e-07,8.020890906780425e-10,1.0854116673949494e-09,1.9198775316730232e-08
1638030,S,0.37136,2.160323175968816e-09,2.1872112711290423e-08,3.06394532766427e-07,1.780121243702539e-07,1.932164400290285e-08
1319539,S,0.37176,2.3607689865921367e-07,4.2092918209870644e-07,1.246522941458962e-05,1.7693791558419435e-05,1.937518741290302e-08
1511024,S,0.37178,7.643850701636945e-09,1.9948572771308977e-08,6.698696066011018e-08,2.388024898940457e-07,1.937786652816339e-08
1255412,S,0.37202,5.735253863392982e-08,1.1393128077650804e-07,4.21123067928943e-06,5.964997283261891e-06,1.9410030358085104e-08
1255399,S,0.38137,2.5830810190645424e-06,3.4301374444421676e-06,8.682522937799705e-10,1.4133367447729624e-09,2.093142818505177e-08
1620051,S,0.38251,2.04858323936274e-07,4.062277266395733e-07,2.2553859407542896e-09,3.071613407328176e-09,2.113508103323994e-08
1925122,S,0.38274,3.4858533150887976e-08,1.909870535228745e-07,6.3820057388166685e-09,7.757688610124107e-09,2.1176288412749656e-08
1250275,S,0.38323,3.822579287897102e-08,3.519613881339043e-07,4.231093997244411e-06,1.0117086926312148e-05,2.1264211871949873e-08
1501075,S,0.38373,3.3524861780703574e-09,4.335344673074082e-09,2.0822746628217127e-06,2.253943422788463e-06,2.135411745155443e-08
1281886,S,0.38393,4.7574670821079555e-08,2.414118923694536e-07,1.260020894999317e-08,1.6771474995603212e-08,2.13901327883932e-08
1336464,S,0.38732,1.3115228812488966e-06,2.273366172042597e-06,2.722946713930577e-07,4.783192300399784e-07,2.200520912720987e-08
1847165,S,0.38748,7.395185109926538e-08,3.383926465420875e-07,9.864795393151707e-09,2.2773165792764725e-08,2.2034454733451976e-08
1260058,S,0.38948,1.2570089504344838e-07,5.094341151581095e-07,3.5288847747363823e-09,3.461043016130152e-09,2.2401663479930753e-08
1317783,S,0.39436,5.677305641208806e-07,9.93755691504384e-07,1.2899980477935e-09,7.923115702166346e-10,2.3310388309855967e-08
1318304,S,0.39764,1.790237985192837e-09,1.4061774386759305e-08,1.1476889977426666e-10,1.8765151074465006e-10,2.3931323034079803e-08
1320367,S,0.40109,5.891145784161442e-09,5.1625789161827554e-08,2.4000480063601018e-08,3.1743683723221385e-08,2.4593247624714155e-08
1331513,S,0.40572,3.3932285576050925e-08,1.9834329255773365e-07,3.1312202810132295e-08,1.306887824295268e-08,2.5495760176980618e-08
1847151,S,0.40684,3.208710361446561e-07,1.5967223453523758e-06,1.21731041134317e-07,1.4955892253617557e-07,2.5716521377991173e-08
1312213,S,0.40697,1.2370894375634523e-05,1.1262674075857993e-05,2.533935419651277e-05,3.769173458511408e-05,2.5742207085692576e-08
1916207,S,0.40841,6.493498271256783e-09,5.234725971393892e-08,6.157971828862936e-06,3.755557401952583e-06,2.602758326391651e-08
1306390,S,0.40911,8.702411102358985e-09,2.5801525531471626e-08,2.804576760825378e-10,3.4069210042599604e-10,2.6166876018459424e-08
1300160,S,0.40925,5.1030583731887426e-08,9.571700786058849e-08,2.7094860934128662e-06,2.5308340552920997e-06,2.6194779177565005e-08
1307277,S,0.41113,9.290569056980516e-07,1.279173642858572e-05,3.210595554782141e-07,2.102549935249767e-07,2.6570919253656176e-08
1430136,S,0.41235,1.3560794370005903e-05,5.085705329642586e-05,9.289859283179811e-10,1.863170801740741e-09,2.6816444747645456e-08
1315296,S,0.41257,1.8540285653872327e-07,5.946979305383818e-07,2.022717547058773e-06,3.2327207047137757e-06,2.6860840005745517e-08
1300025,S,0.41357,4.97349779186671e-06,6.390424392891451e-06,8.372087259529557e-09,4.146864477543923e-08,2.7063099405585812e-08
1282018,S,0.42376,1.621415796499839e-07,2.245248048846818e-06,8.792551763132662e-08,1.0044085841153988e-07,2.9167375230197717e-08
1776329,S,0.42445,3.295747118772597e-07,1.938701530249221e-06,6.788680187046418e-09,7.344304849895493e-09,2.9312710636210287e-08
1312274,S,0.4245,1.1682996025624213e-07,8.579717238632605e-07,1.886345280793048e-09,1.049893759394077e-09,2.9323256222261842e-08
1258940,S,0.42593,5.712861367772861e-07,4.1276513533957816e-06,5.4454100422675125e-09,4.956616147789587e-09,2.961639455352367e-08
1264106,S,0.42749,6.155601350682098e-06,1.8982583834738546e-05,3.676672932628267e-05,8.380288341232979e-05,2.9932379948160004e-08
1304456,S,0.42989,2.3045334484946643e-07,3.937569742097549e-07,9.098374658552809e-09,7.96190795206213e-09,3.0421785421079315e-08
1251390,S,0.43398,1.0406131453021116e-06,5.268547780452712e-06,1.6038687392842933e-07,2.2535437512562227e-07,3.1264958269134656e-08
1559178,S,0.4355,3.2859288688436406e-08,1.583938074066621e-07,4.3608252729433186e-08,3.3349394840491685e-08,3.15812510517969e-08
1333246,S,0.43774,2.5591175567193988e-08,8.108225137025219e-08,2.4124477509991395e-08,2.0509964082257045e-08,3.205026822044e-08
1306423,S,0.44638,1.2245092824054242e-07,1.9170085242964367e-07,2.637712829656625e-05,2.483166962665768e-05,3.3891718233725745e-08
1335756,S,0.44933,2.005244738619655e-06,1.5624196060972644e-06,2.144798727172579e-08,2.48724150203326e-08,3.4532232574144835e-08
1249371,S,0.45085,1.5909138419244183e-09,4.609915541958784e-08,1.0702801916594336e-07,1.4226450995478205e-07,3.4864600950407945e-08
1251381,S,0.45305,1.0490743291686212e-06,2.707177698549451e-06,4.61620600422302e-07,5.244718492304177e-07,3.5348479803290734e-08
1776304,S,0.4541,9.856682801408672e-08,1.8214889660262549e-06,2.6919424546054355e-08,4.4222773556443963e-08,3.5580597578034236e-08
1878719,S,0.45753,6.494280409475387e-09,7.481092896971304e-08,1.5943348125561788e-06,1.8279052340885889e-06,3.634414264948901e-08
1260030,S,0.45811,1.3301470309288617e-07,2.9227481963090213e-07,4.374276038338024e-08,5.331109029838227e-08,3.6474056457573985e-08
1258061,S,0.45831,1.4152604314378031e-06,2.931422578307132e-06,6.536804086845955e-07,1.1123583068459914e-06,3.651890806391328e-08
1301332,S,0.46754,3.2696099397817865e-07,1.106750862814937e-06,4.4386350837764696e-08,2.2153917836383977e-08,3.8618794309599996e-08
1336558,S,0.4676,7.289003309268216e-05,0.0001473156303428,6.023555101496793e-06,5.025492304885257e-06,3.863263673018683e-08
1255426,S,0.46781,2.9379525588594152e-08,7.957733000575452e-08,1.0719493618346109e-06,7.928402001372753e-07,3.8681104735199684e-08
1294137,S,0.47085,5.9529766918865764e-08,1.7560702955420708e-07,6.77192216676905e-06,2.3865766315476945e-05,3.9386140435077644e-08
1882097,S,0.47992,8.38212981931379e-06,4.872646187684488e-05,8.169407813857602e-07,1.2318131713931093e-06,4.145940607949259e-08
1387101,S,0.48092,7.068472297637858e-08,2.0692199829392467e-07,1.499946738560928e-07,1.1619446116755313e-07,4.1684899182131185e-08
1296963,S,0.48813,3.15549094410877e-09,2.848890287012578e-08,2.678839114607751e-07,2.4608954874287553e-07,4.332880464660568e-08
1298266,S,0.4893,5.593330560963188e-06,8.545900886542474e-06,5.6613971647029206e-09,6.955787698728831e-09,4.359856680003898e-08
1310182,S,0.49611,2.5461250395752033e-08,5.158366820142403e-07,4.857449035726768e-06,8.276056572124747e-06,4.518533795684963e-08
1880429,S,0.49707,1.9421410570278743e-08,3.849817294032083e-07,9.250468450714992e-07,1.3342100861258e-06,4.5411304610506593e-08
1266634,S,0.4982,1.0654571944981213e-07,4.112073809094762e-07,1.2345492456092898e-08,9.698178782012983e-09,4.567800834596045e-08
1389074,S,0.50285,1.3642953281682944e-06,2.306459217117008e-06,1.1087000517194835e-08,2.0709165158258508e-08,4.678372438689487e-08
1281879,S,0.50547,6.515325856513101e-07,3.2521340447488428e-06,1.4612008787124206e-08,1.3527952033643876e-08,4.7412554241026196e-08
1847148,S,0.50631,4.494396949306653e-07,3.736010912842925e-06,7.80349425423482e-07,8.990113947687408e-07,4.761505252285779e-08
1323988,S,0.50816,2.299837879263015e-06,3.904392061622564e-06,1.8436787738238773e-07,5.324762944934102e-07,4.806255258090845e-08
1889090,S,0.5129,1.249298893617627e-07,6.087329904692941e-07,2.812154336937526e-08,2.7795903398863724e-08,4.9218671731119185e-08
1320762,S,0.51339,8.212024913703421e-06,1.3481877720375756e-05,1.7236834107604916e-10,3.9128827703501627e-10,4.933896977276253e-08
1338430,S,0.51717,2.8295559687654956e-08,1.33608412609222e-07,7.815762483593413e-09,3.461778164650646e-09,5.02719186611574e-08
1304501,S,0.51882,4.0744859872078524e-08,1.296705637663888e-06,6.477258600989163e-07,1.710274175342222e-06,5.0681897864350166e-08
1385187,S,0.52212,5.162910557040097e-06,9.602242582124202e-06,3.868044978577674e-07,4.788422644438641e-07,5.150685113806776e-08
1329795,S,0.52558,9.263983924597543e-08,1.5298007703088385e-07,4.876819316643052e-07,1.4278211701440969e-07,5.2353110446339235e-08
1645195,S,0.5258,7.012626324151687e-07,1.6944150910938185e-06,5.5591626188071555e-08,7.989455441742943e-08,5.239898957436247e-08
1334742,S,0.52809,5.3304868256184265e-08,1.8795456267541048e-06,2.9480614583510028e-06,9.511556103863089e-06,5.2877742756348795e-08
1338471,S,0.53116,7.051407154470576e-06,2.019444215783561e-05,1.1899024471002802e-08,1.6133790952037898e-08,5.352298053107952e-08
1259771,S,0.53232,4.592366104362142e-06,5.865705268942831e-06,9.231487048290974e-07,8.881357831827048e-07,5.376780229867153e-08
1264049,S,0.54397,2.9370528755323148e-05,8.562913292383755e-05,1.8423719183559206e-07,1.0049588260166277e-07,5.625755162956693e-08
1260000,S,0.5506,1.6453177511804757e-06,7.51597750716288e-06,3.163577439522577e-07,1.9142657329659578e-07,5.769962310654447e-08
1249395,S,0.55513,2.6933108746750005e-07,1.1148558362687498e-06,1.964661949372016e-07,3.040424430496215e-07,5.869542419026398e-08
1256505,S,0.55626,1.967229942269477e-05,1.9112460091130924e-05,4.819769784490304e-06,8.260200171078711e-06,5.894515256282985e-08
1252751,S,0.56059,1.429337565462374e-06,5.586043215447047e-06,1.691668359691712e-07,3.114546523233903e-07,5.990698396759686e-08
1289555,S,0.56173,1.9984529490117263e-08,2.6962264216211064e-08,2.579641462866387e-09,2.4348702432258275e-09,6.01615088541436e-08
1644163,S,0.56202,6.276259692989047e-06,1.3135961889926214e-05,8.795639886920408e-09,1.2456486852187136e-08,6.02263424977605e-08
1330903,S,0.56429,5.182202751830585e-07,3.3490784243965943e-06,6.306698678746521e-07,9.509598398771018e-07,6.073503973987273e-08
1264077,S,0.56459,2.5967134287978073e-08,1.398524174047788e-07,2.9739447626024134e-08,2.5191068767823633e-08,6.080242849694218e-08
1251436,S,0.57349,1.70942329038653e-06,1.522944643824527e-05,7.061469987603256e-07,1.2213458210142002e-06,6.281862520374073e-08
1320278,S,0.57508,1.5798427556572656e-05,3.130418630745169e-05,1.2509845000842286e-05,2.7245544027408928e-05,6.318264610431947e-08
1777216,S,0.57626,1.815819241597299e-06,3.937689430614812e-06,5.9297936858595674e-08,1.3407055087756885e-07,6.345855686791005e-08
1253243,S,0.57729,3.159791474890198e-05,4.20038199028525e-05,3.120413300369588e-08,5.934546014776332e-08,6.369988558761034e-08
1320447,S,0.57892,9.013923931175849e-08,2.4758396649818056e-07,1.3320429016791798e-07,2.784237961613123e-07,6.408273006247326e-08
1847028,S,0.58021,5.2704992347527313e-08,2.1368514702372126e-07,4.177334229059264e-08,1.1373760168251553e-07,6.438653050267654e-08
1252810,S,0.58026,5.173187374320543e-06,1.3058667929502212e-05,6.379248879845382e-06,1.1187419565219347e-05,6.439832017604447e-08
1255382,S,0.58055,9.568927609295525e-08,8.05511739350675e-07,2.6725598882804172e-08,1.8940141690458435e-08,6.446672156520147e-08
1304652,S,0.58126,1.200559739631013e-05,2.6336407006209463e-05,9.340521203441526e-07,1.0950870312384349e-06,6.463434029460588e-08
1487055,S,0.58196,1.6432388912547904e-06,2.1457002209282736e-05,6.535427711678545e-09,8.891623757060391e-09,6.479981124898413e-08
1315191,S,0.58357,7.92391836130515e-08,3.90590619895027e-07,2.6624192893466075e-09,3.933288650281083e-09,6.518119724267705e-08
1338485,S,0.58466,4.221935699420531e-07,5.45295666196814e-07,1.6396658467280664e-05,4.2584935624045054e-05,6.544003793797428e-08
1265990,S,0.58574,3.739328975216802e-06,1.5958778507825316e-05,1.983215560362917e-07,2.573566483210685e-07,6.56970098335174e-08
1848092,S,0.5877,6.861433088953633e-07,1.2923058595631192e-06,0.0002416906650783,0.0003719830600432,6.616465240666817e-08
1333576,S,0.58893,3.665087511478255e-07,7.812340057001484e-07,1.5671264131665718e-07,3.391877016103043e-07,6.645896894387072e-08
1879187,S,0.59157,1.1370232538992505e-07,1.3860180414373717e-06,1.7204261290165387e-08,2.952329514378881e-08,6.70928781121761e-08
1625059,S,0.59279,4.029204695856502e-07,6.299050514964888e-07,3.333458972682897e-07,7.384447073361927e-07,6.738683750534234e-08
1392367,S,0.59349,5.276592185844811e-07,7.807919362684803e-07,5.0256255406973874e-09,1.4799530316047748e-08,6.75557928444903e-08
1264083,S,0.5939,3.788764788647739e-07,1.3087838376019935e-06,3.260983272954473e-09,2.352322990579006e-09,6.765485063739452e-08
1320843,S,0.60874,1.2150983334702525e-07,1.5491720283332158e-07,5.936316502275245e-08,8.473308723496423e-08,7.12891104249067e-08
1340132,S,0.60943,4.320221369826538e-07,9.89633325878682e-07,8.174991700558585e-11,7.069773224915219e-11,7.146040188409963e-08
1298246,S,0.60946,3.407837143602574e-07,1.1199825911380887e-06,5.453026768300524e-10,5.32854817066769e-10,7.146785400138667e-08
1301397,S,0.60955,4.779277911673384e-08,9.703180113682247e-08,6.454284628597813e-06,4.337692843865553e-06,7.149021268451746e-08
1936215,S,0.61011,1.227538176581584e-06,2.0317875938287823e-06,3.088928635135984e-09,7.389064503242174e-09,7.162941195197519e-08
1443078,S,0.61096,1.4665590768934653e-07,3.6593549069311024e-06,3.209353504219616e-08,3.452721654107737e-08,7.184095526054746e-08
1332008,S,0.61156,9.665229086534248e-07,3.126623136430617e-06,2.083837646023328e-05,1.8265487671385908e-05,7.199046774567567e-08
1338649,S,0.61327,6.952820373896829e-08,1.1702074723315133e-06,3.0687543477658285e-07,4.85059176925925e-07,7.241743099018909e-08
1257905,S,0.61393,1.701567992711132e-07,8.711499636495414e-07,2.2473522589774552e-08,2.9241021673107113e-08,7.258256146696523e-08
1305219,S,0.61633,1.031767411922922e-06,1.6002285917805423e-06,1.0345283213208812e-05,9.54699005415008e-06,7.318462119137103e-08
1300084,S,0.61843,2.539858188802991e-08,1.1284096570469847e-07,6.222535841379611e-09,3.232181840354966e-09,7.371346331121522e-08
1579110,S,0.62217,2.373926649636099e-06,6.305119259589164e-06,7.01348462216421e-06,1.0543091112495284e-05,7.466002063447351e-08
1258118,S,0.62518,4.639441680987908e-06,7.346424320137187e-06,2.4044521651758737e-08,2.8576850564413423e-08,7.540572115597127e-08
1302901,S,0.62618,2.615133920951042e-07,1.6761976915652176e-06,1.5461076512223305e-05,6.221391468328141e-05,7.554714265488755e-08
1392329,S,0.62654,3.6437758095873626e-07,3.598036671375965e-07,9.974036482004856e-07,1.2423542927080348e-06,7.559808682853583e-08
1310073,S,0.62703,1.5392677370093329e-07,1.4368617263087736e-06,5.6820076014284615e-08,4.2774033542594056e-08,7.566745510079067e-08
1305687,S,0.6274,3.3826061568375457e-06,1.0656375775143576e-05,4.4716077875272815e-06,4.397183270089186e-06,7.57198563042147e-08
1442085,S,0.63355,6.19238096087782e-06,2.0862870919523844e-05,8.877886027901994e-06,1.7372624309575844e-05,7.659350561185529e-08
1880486,S,0.63407,3.36942427724399e-07,7.818056665412622e-07,0.000635993491379,0.0012495762066625,7.66676049144114e-08
1249304,S,0.63681,2.527151171585502e-07,4.777843544437957e-07,7.062438640246554e-09,1.3188781635029633e-08,7.705864297513347e-08
1343871,S,0.63786,4.758989462850025e-08,7.917784650260779e-07,1.3718388049929395e-10,1.08546712169355e-10,7.720875695280092e-08
1292316,S,0.63883,2.871393887651791e-05,5.910353356856289e-05,8.343881200421141e-09,3.802059978093928e-09,7.734756347742542e-08
1528034,S,0.6389,3.00949246230604e-07,2.1644598722885654e-06,8.244267567581522e-08,3.4120317078587686e-08,7.73575852658275e-08
1892149,S,0.64025,1.5857175064713158e-07,2.2848355482833146e-07,3.080751522115123e-06,2.924888454952814e-06,7.75509896071629e-08
1810306,S,0.6413,1.4579475329787993e-07,3.18649294340215e-07,9.668359670063877e-09,3.9676887801077564e-08,7.77015821458844e-08
1880513,S,0.64458,2.1794590012926525e-05,3.434511460924386e-05,1.058436380524463e-05,7.380362014123974e-06,7.817294540464649e-08
1282463,S,0.64685,2.2756644890375133e-06,9.79191314832216e-06,5.995582674272992e-07,8.047653987851315e-07,7.849999786984763e-08
1879188,S,0.64727,5.133406454985368e-08,8.154340072027608e-08,8.538913099880823e-09,5.350754095241299e-09,7.856058462442964e-08
1249342,S,0.65098,1.5725431618940398e-06,1.2862264366224278e-05,2.656751586658665e-07,3.373628507902402e-07,7.9096782664235e-08
1340125,S,0.65134,4.6120500447258456e-08,2.159102638253652e-07,6.897876230986957e-06,2.0290103261498037e-05,7.91489097263358e-08
1340141,S,0.65405,4.056469610984056e-08,2.938753975765214e-07,0.0001407194880602,0.0003591559548334,7.954186181282778e-08
1257216,S,0.65434,1.017268925193649e-06,9.528049645751008e-07,3.902166750512417e-09,2.763689512269272e-09,7.958396967012024e-08
1920457,S,0.65573,1.5883852135818328e-06,2.8780802588853317e-06,6.280634577041333e-08,4.33300156111693e-08,7.978595168374612e-08
1304991,S,0.65866,4.582111040780111e-07,4.358041003409047e-06,1.440274540982892e-06,3.058971533664217e-06,8.021255084645788e-08
1318847,S,0.65992,3.637803147530617e-09,1.4632985748547761e-08,6.106075142728355e-10,8.364553083830793e-10,8.039635278521985e-08
1255423,S,0.66681,1.6743122703647214e-07,6.179604445161163e-07,2.9020440578991312e-08,1.807096959911073e-08,8.140514841059018e-08
1257973,S,0.67746,9.420794331713737e-09,3.967997120650549e-08,1.0587448947730047e-06,4.975474104965229e-07,8.30362166131282e-08
1901241,S,0.68144,1.7525281511336337e-07,4.078453763942881e-06,1.8238347505306286e-07,2.7646304215806196e-07,8.372409485358142e-08
1509040,S,0.68507,6.195014023747007e-07,5.722188539031665e-06,3.546470088688515e-07,8.050515994919814e-07,8.435395544699735e-08
1642158,S,0.687,4.128690922396288e-07,1.9387770729851694e-06,4.160567771598468e-06,1.6495368751860983e-05,8.468980110421448e-08
1311496,S,0.69066,4.3874094879930674e-07,1.2026470892794372e-06,1.9077238351422076e-06,8.515893229118276e-07,8.53285221968457e-08
1310236,S,0.69085,1.334107916368696e-05,1.32587269773297e-05,3.84818980656771e-08,3.24074322675837e-08,8.53617453656652e-08
1250120,S,0.69088,5.637782081162346e-07,1.2233878781142189e-06,1.1871412676340464e-05,1.1188077056636944e-05,8.53669917202874e-08
1592067,S,0.69191,1.2456530344767297e-07,3.4656059766539917e-07,6.983489741410365e-07,9.270169657144124e-07,8.55472143489481e-08
1340253,S,0.69261,9.067907264152253e-08,2.648309889227898e-07,8.519696469138783e-08,1.640634529610511e-07,8.566980420973502e-08
1333248,S,0.69395,1.2228157593066597e-07,8.676637097441875e-07,6.148128123679046e-06,7.411765161911417e-06,8.590472106261804e-08
1301142,S,0.71139,1.050943636754874e-06,2.0873634458684552e-06,1.048328484897845e-07,6.751637888223023e-07,8.899148084012968e-08
1338718,S,0.73306,7.954280026336794e-07,3.004870014009145e-06,3.109404167090203e-08,4.1490605140203574e-08,9.365019612011106e-08
1251409,S,0.74963,9.582964692827606e-07,1.4948447397690462e-06,4.909455555009095e-06,1.2439303079121432e-05,9.828071466684594e-08
1310178,S,0.77262,1.7802583678980414e-07,1.170359692006288e-06,4.0559256302906455e-08,5.9469671031005595e-08,1.048903683347178e-07
1259241,C,0.10543,9.030692263947093e-09,9.40357330864193e-08,7.009628579318102e-10,2.2659408512647182e-10,1.1435805015663764e-10
1336975,C,0.11048,1.1963469950105235e-09,1.7961472033925073e-07,1.500933645021402e-13,2.48103138360778e-13,1.1435805015663764e-10
1289982,C,0.11621,5.0962545899798876e-11,1.6462035578009858e-10,9.721058883697098e-15,1.7707301216985615e-14,1.1435805015663764e-10
1879649,C,0.11979,2.5146620612542935e-08,8.59083025366007e-08,1.6323436318724437e-15,1.4454879051256266e-15,1.1435805015663764e-10
1833339,C,0.13051,1.2725630270355525e-07,3.209245421197118e-07,4.706750398432532e-11,4.828553687788228e-11,1.7417904752677828e-10
1871023,C,0.1484,7.88231599349212e-11,1.2534968990972801e-09,3.974973968988724e-11,1.0589690217607616e-10,4.5485283985448685e-10
1299775,C,0.16008,3.1737448866955366e-08,4.6416411765511544e-08,1.5190313662951222e-10,1.0927360941454223e-10,7.094186584624199e-10
1303279,C,0.17273,7.027275091111948e-10,9.721657259028612e-09,2.1200122608440126e-10,1.0409239660767962e-10,1.0486805471662107e-09
1303496,C,0.17978,8.183188471660761e-10,1.5674949379531395e-09,1.632061469482399e-07,1.572477396899747e-07,1.280486512009623e-09
1339392,C,0.18148,1.1127926828899015e-09,2.0730181722193042e-08,3.0289750756633444e-09,2.4126966496247395e-09,1.3414948164275507e-09
1261193,C,0.19246,2.615181967550837e-05,2.883799258624184e-05,1.422646755419966e-11,4.9495086647688046e-11,1.7697347007994487e-09
1879208,C,0.19471,1.0263277571862969e-05,9.894546912099228e-05,3.902808809060032e-09,9.027365515392413e-09,1.864800530501471e-09
1253920,C,0.19555,4.414255380811284e-08,4.217369134350355e-07,5.801339956599643e-11,5.537652199582053e-11,1.9009293276805604e-09
1281119,C,0.19902,1.0582053464166252e-11,5.337848647724882e-08,1.2138286252193072e-09,1.7944190106313535e-09,2.053849218916084e-09
1782065,C,0.20173,3.408907944406152e-08,1.7199233585695569e-06,2.4997184738729176e-10,9.512953253053487e-10,2.177390310998031e-09
1283373,C,0.20753,6.37329824629713e-08,1.1839986599594957e-07,2.0993928493452884e-09,1.2159384704546752e-09,2.453919346189513e-09
1324509,C,0.21062,8.794932471716408e-08,6.252400656952167e-07,1.986762491121745e-09,3.250654219098744e-09,2.6079900210105962e-09
1791048,C,0.21094,2.6953083521372465e-10,1.4670514450680632e-08,2.77841882041852e-11,1.6148405376268897e-11,2.6242135902872112e-09
1257366,C,0.21136,8.409298305983583e-09,4.22531413955896e-08,4.0842107479515307e-10,9.501823174979068e-10,2.6455833663914115e-09
1887027,C,0.21303,1.0783835940186279e-10,5.490154793647164e-09,2.926532880417653e-06,4.04785219498809e-06,2.73141098478369e-09
1297501,C,0.21492,6.11894423191213e-08,1.1461486901421158e-07,1.4801775198866692e-11,1.364138563914722e-11,2.830197924295806e-09
1249851,C,0.21511,4.566886914425644e-10,7.332092475487518e-08,8.679123441059625e-10,5.505079876811615e-10,2.840225958967166e-09
1371126,C,0.21601,1.913545769285101e-09,1.4550860650359524e-08,7.850283985279407e-10,1.094415002275519e-09,2.887968137675742e-09
1304442,C,0.21711,3.3309740338930276e-08,1.1746016512289345e-07,1.1149772928064876e-11,2.5863064736188347e-11,2.9468600727711204e-09
1290816,C,0.21847,2.4928917280203183e-10,1.1147978017013482e-09,1.1381161432593329e-07,1.1273738970414297e-07,3.0204936954810343e-09
1304678,C,0.21883,1.57491159773579e-07,1.087133515057315e-07,1.0115630950667967e-10,5.0106495904838766e-11,3.040137041898367e-09
1302187,C,0.21942,1.584224078147798e-09,2.6645972065253185e-08,4.921171315526864e-11,7.165228864506878e-11,3.072467979020162e-09
1259352,C,0.21986,6.00751585717499e-09,3.338404074437078e-08,1.4634904711599023e-10,1.468666883283685e-10,3.0966905053332207e-09
1259246,C,0.22284,5.661393858575763e-09,1.579437818460375e-08,5.2008079797377615e-09,5.2576592500882035e-09,3.2632464202948966e-09
1879426,C,0.22941,2.461750212774861e-07,1.2991983016590362e-06,6.814482982313876e-08,6.151769772708315e-08,3.769937123847952e-09
1262201,C,0.23279,1.500228621117245e-08,2.4121337440379864e-08,1.9713417072486787e-10,2.18083266009075e-10,4.077568783654158e-09
1834104,C,0.23928,2.1635047757535992e-08,7.895416774361854e-08,4.530586745080938e-10,3.448624782955056e-10,4.702079705516694e-09
1366436,C,0.23954,1.3455441757146894e-07,2.4374019453940493e-07,2.3407334768228363e-09,1.5314576672688163e-09,4.728025273117732e-09
1368188,C,0.24003,4.7756689222028424e-09,9.122148633482688e-07,4.01233348850628e-09,1.7408867725619823e-09,4.777116728996136e-09
1780045,C,0.24283,7.620795303629891e-07,2.04767694463762e-06,6.918954983914567e-08,9.116574365716456e-08,5.062503270378239e-09
1246275,C,0.24605,4.6558223880014446e-08,1.2147146038200666e-07,9.543807751139534e-10,1.299905064462754e-09,5.4009327569298e-09
1302359,C,0.25308,1.39690828865022e-06,2.204321692279873e-06,1.3853061004771062e-08,1.4687058656808514e-08,6.177848464629091e-09
1279420,C,0.25691,1.3968549824885215e-10,1.6932575364069994e-09,7.949700081805249e-06,8.694026676216346e-06,6.6230798590216625e-09
1262232,C,0.26103,4.1013346226104304e-08,6.972768655748897e-08,7.184701991860697e-06,6.417559635876172e-06,7.119317404399167e-09
1261784,C,0.26523,1.242638051916564e-07,5.253997303968236e-07,5.81772114520928e-10,4.3560561563556533e-10,7.643641063644603e-09
1319870,C,0.26767,6.657862637192208e-10,6.312987584211095e-08,4.441472700324878e-08,4.96724424029394e-08,7.956802587309881e-09
1309288,C,0.26793,7.47738532653146e-07,6.950292748587923e-07,2.4942775241653376e-10,7.068870175986752e-10,7.990542913892522e-09
1968046,C,0.27255,1.3170085869475316e-07,8.424053928224791e-07,1.4691269440074536e-09,1.499555202248154e-09,8.601986640846768e-09
1260556,C,0.27437,1.4798266106243223e-09,1.39742699167469e-08,2.7334191670348325e-10,2.939764400211762e-10,8.849046994932723e-09
1547086,C,0.27578,7.195126079497621e-09,1.6243294121765987e-07,1.2146748930897818e-09,1.3524362285477307e-09,9.036786443242989e-09
1305756,C,0.27589,2.735677135375773e-07,6.625410801022851e-07,1.5120296682671447e-09,6.840321607082671e-10,9.051132982710428e-09
1297465,C,0.27784,1.681161681484363e-09,2.2847134416355223e-09,1.1699786725608349e-10,5.948746419912406e-10,9.307346827775808e-09
1290967,C,0.2811,6.80418460544969e-08,4.698180493924191e-07,8.908766659982435e-09,5.912143748859402e-09,9.743670121982588e-09
1902212,C,0.28169,5.215060496781156e-08,3.9644774301921483e-07,1.1615779365943667e-09,9.281774755497481e-10,9.823704686171725e-09
1302123,C,0.29156,8.884275423435e-10,1.4870231701781164e-08,7.583383834826794e-09,7.077813903556629e-09,1.121113240019052e-08
1547071,C,0.29911,1.1195502182921344e-08,7.171407126859135e-08,9.962243802939465e-05,0.0003424577251886,1.2334279569518629e-08
1294948,C,0.30246,7.303886579326191e-06,9.683075915661788e-06,4.1879644115292236e-08,4.4010552268158474e-08,1.2849799298512052e-08
1335717,C,0.30477,1.688559747093974e-07,9.279480873951946e-07,8.77655981746e-08,3.034043866961154e-08,1.3211424868806476e-08
1340954,C,0.30517,3.282147217196785e-07,1.5331303525456114e-06,0.0005896539407095,6.920872950336287e-05,1.3274553721106176e-08
1319821,C,0.3088,1.6818387934622586e-08,4.8709263643011944e-08,3.3021297884495057e-06,1.531146029716459e-06,1.3854326687688294e-08
1323831,C,0.31079,1.508893942753839e-07,6.314964200032413e-07,7.112909217561694e-10,4.2186104776683693e-10,1.417742237528566e-08
1880686,C,0.31406,3.657351474329274e-07,5.819425527301405e-07,3.396895763584978e-07,1.0929687735330665e-06,1.4716426083531732e-08
1943111,C,0.31562,3.042194408928229e-09,2.66256682484356e-08,3.033800109807396e-06,7.552787155788406e-06,1.49771083936907e-08
1929024,C,0.31564,3.2910404928709062e-09,1.9443929569318857e-07,7.321855104384084e-09,9.142746069463258e-09,1.4980465333176074e-08
1897267,C,0.3192,1.1472284146901349e-06,5.07198457063253e-06,1.0046617658632206e-06,1.7932733283017691e-06,1.558399327388931e-08
1366482,C,0.32154,1.0352124848295985e-08,3.9388190485795434e-08,1.54440620278254e-07,2.697540114352675e-07,1.5987185921139998e-08
1303215,C,0.32869,1.0543811593507032e-06,0.0001131955383918,1.541461967341079e-09,4.407401715424165e-09,1.7091814547076904e-08
1337687,C,0.32869,1.4584925676197372e-08,1.0520944922653604e-06,9.737105826609154e-10,1.1556476843524975e-09,1.7091814547076904e-08
1293783,C,0.32874,1.4990333591082584e-07,5.205758142886924e-07,7.46264012238915e-08,6.963505207223942e-08,1.709862708601773e-08
1316465,C,0.32909,7.661301372924475e-08,3.8814661868035444e-07,5.751783896197508e-10,5.982840305162527e-10,1.7146352866279964e-08
1449074,C,0.33186,1.6093234861334674e-08,1.7778670732472985e-07,1.5211603714081144e-08,6.310740244419449e-09,1.7526414595378003e-08
1339217,C,0.33191,3.540284743018709e-09,4.0555222933515533e-08,7.795882619627103e-10,6.30550201842876e-10,1.753331319455768e-08
1306141,C,0.33239,8.607620671558869e-05,0.0001670741198044,1.0114958868722687e-07,9.543130255503308e-08,1.7599608812059962e-08
1257356,C,0.33257,1.3799082154673892e-08,6.05177850540625e-08,1.8219704052482223e-09,2.443453549165243e-09,1.762450192085253e-08
1309492,C,0.33352,1.270858957463426e-07,1.7701876406483354e-06,1.688523284719569e-07,3.832905794536587e-07,1.7756173654687447e-08
1346956,C,0.33352,1.5644459462446547e-09,6.261901389466067e-09,1.4993470197373274e-07,3.667745745893351e-08,1.7756173654687447e-08
1257609,C,0.33389,1.188993774267384e-06,1.5068082052781318e-05,1.8745753614302233e-08,9.968617188779532e-09,1.7807588922465196e-08
1319066,C,0.33403,7.618894546268983e-09,3.076830020012247e-08,1.8186282703607177e-07,1.3899676225143429e-07,1.7827062732025402e-08
1309293,C,0.33472,3.642747571866028e-09,1.1845531654677755e-08,1.9475936518953654e-07,4.247932640312752e-07,1.7923196271975332e-08
1297318,C,0.33479,8.644254625448985e-09,3.0120886859777047e-08,1.1391571853201715e-06,1.3099450882165493e-06,1.7932963392858828e-08
1346966,C,0.33513,9.489195715180007e-10,4.1036974142349505e-09,9.853581316957506e-06,1.594069979214078e-05,1.7980441539076813e-08
1262163,C,0.3352,7.925756679131786e-09,3.6920635383903274e-08,5.6773412994908e-07,1.5918807230700073e-06,1.7990224243107654e-08
1246281,C,0.33549,1.3010961530142373e-08,1.8664879594952617e-07,1.446200086882726e-09,1.163495719415622e-09,1.8030780931243392e-08
1330530,C,0.33633,9.758235382272424e-09,9.472792446906365e-08,1.084916543823256e-06,9.5809813366e-07,1.8148513168235185e-08
1287437,C,0.33681,3.157277553331235e-07,4.05639712237318e-07,2.1879142135204818e-07,1.9937361790508799e-07,1.8215960744115717e-08
1871017,C,0.3372,1.9876858398479848e-08,2.595219655099269e-07,2.519644932605446e-07,6.520600398656985e-07,1.8270854013836573e-08
1909375,C,0.33753,3.1109976141366865e-08,1.2117020393490056e-07,1.639358260505801e-07,3.438452020244958e-07,1.8317366669595177e-08
1313057,C,0.33754,1.5076819703057102e-07,9.68364268300391e-07,5.6998388526530936e-08,2.3263370559759672e-08,1.8318777067055938e-08
1322819,C,0.33759,2.200322558792023e-09,2.2839064476217144e-08,2.42838510753889e-07,1.338828973930273e-07,1.8325829868808712e-08
1263197,C,0.33778,2.0706594167971666e-07,1.155959064776778e-06,1.3626068679246073e-08,2.510730868858493e-08,1.8352642895112225e-08
1300912,C,0.3378,3.5634706576502966e-09,1.8330961550564535e-08,1.853325164127899e-09,3.0935802983766275e-09,1.8355466459164452e-08
1723034,C,0.33784,3.383744850656326e-09,2.7528479733540783e-08,2.287711595316389e-07,5.731487627223972e-07,1.8361114238827863e-08
1262131,C,0.33802,3.539816407802293e-07,2.569897919661622e-06,1.1683149495009214e-07,3.668137044954743e-08,1.838653999805779e-08
1343337,C,0.33899,3.6737437473811494e-08,1.0729500852229636e-07,4.7448243415332194e-08,6.346036615474895e-08,1.8523859429196507e-08
1319614,C,0.3392,3.0017231923298247e-09,2.8060819357502846e-08,2.711985763477456e-10,4.97535591073677e-10,1.8553655651792185e-08
1643312,C,0.34037,2.4058759856254145e-07,2.679953088787991e-06,4.0055378391405555e-06,6.733880972375549e-06,1.8720101514791345e-08
1332819,C,0.3418,9.021397358180398e-09,1.4623562918438546e-07,1.6152115236559062e-05,1.1400333603259335e-05,1.8924544722639637e-08
1249805,C,0.34273,3.5900934506116894e-06,7.552736373507005e-06,1.2183616179957185e-07,6.757952217908959e-08,1.9058100143152803e-08
1301936,C,0.34304,5.729528183361568e-09,2.5308643359607812e-08,7.369004417581748e-07,3.183534388070856e-07,1.9102722974877853e-08
1332747,C,0.34305,2.493482223704193e-09,1.4817131962060609e-08,1.6324691185000116e-07,2.117553836225071e-07,1.9104163289809655e-08
1297365,C,0.34316,3.2647198334306273e-08,4.6977549104970275e-07,2.0136414596441256e-08,6.643825976359845e-09,1.9120010337638005e-08
1318661,C,0.34451,9.379532229991746e-10,1.9662208263817896e-09,8.999566558598938e-07,7.075518355487841e-07,1.931503192749814e-08
1921361,C,0.34459,1.3240015286869718e-08,5.947870090793336e-08,1.75582105477805e-07,1.460783815862049e-07,1.9326619820154904e-08
1309330,C,0.34472,0.0002000971451015,0.0003074184060334,2.9125410931099547e-09,4.3850181056186144e-09,1.934545755721734e-08
1256570,C,0.34548,7.307896212650874e-09,2.4375980958706505e-08,2.3690264470786662e-09,4.547967759939572e-09,1.9455769497574935e-08
1835110,C,0.3455,1.6365765153393468e-08,4.688223151615094e-08,1.7059636523199382e-08,8.289028149201326e-09,1.9458676678515403e-08
1432017,C,0.34579,3.467571202583486e-07,1.6671842722936492e-06,0.000110294251887,0.0005983477633075,1.9500855208502683e-08
1277715,C,0.34601,3.0908229501876133e-07,1.3540099419445203e-06,2.6720596138927472e-09,1.0296074747956934e-09,1.9532883174447557e-08
1658072,C,0.34721,3.815817713495092e-07,9.19018845414075e-07,1.212578783150158e-05,2.4073143387783626e-05,1.9708043778235162e-08
1593067,C,0.34776,1.2254269489108066e-05,2.4803109246298612e-05,1.2801392202892893e-07,1.630103512000109e-07,1.9788587024412952e-08
1326216,C,0.34832,3.5480036654752403e-09,1.8466859157616993e-08,5.2353017404981673e-08,9.534419457805933e-08,1.9870763447332284e-08
1295315,C,0.34886,8.174225986926017e-08,1.8565561460247998e-07,0.0001377051393918,0.0004120479571147,1.995016625914559e-08
1248677,C,0.35016,3.882511653703239e-11,1.9988454207939436e-10,1.3604471681114416e-08,1.4822754005752741e-08,2.0141970564775308e-08
1432027,C,0.35039,2.0933217393426406e-07,1.1072421249133729e-06,9.759771114209439e-11,1.9228390803183895e-10,2.017600070770481e-08
1256933,C,0.35284,5.262241805743044e-07,1.428967330346847e-06,6.413925270382358e-08,2.4591364108515732e-08,2.054027826849378e-08
1324562,C,0.35299,1.2862848969964229e-08,4.8245223884464175e-08,2.0271412556742565e-07,2.1928637092141458e-07,2.0562686854824492e-08
1295592,C,0.35631,5.206120615417569e-07,4.022234190761913e-06,4.395260464586565e-07,9.79629297899281e-07,2.106179116301117e-08
1324790,C,0.35723,2.424160434341951e-06,8.767103838698227e-06,8.557144682505183e-10,8.782409429569778e-10,2.1201156178583258e-08
1397029,C,0.35942,1.0442320648208512e-05,2.2128183506582457e-05,5.440002115217091e-07,2.8700386904266073e-07,2.1534754555441473e-08
1307830,C,0.35948,5.5882565602725896e-11,1.911007798063424e-10,2.7111210580961173e-07,2.709879812532534e-07,2.154393088725891e-08
1315950,C,0.35948,8.86003672490784e-11,2.3165262665407857e-10,8.71907344935222e-08,1.5365124247899494e-07,2.154393088725891e-08
1645158,C,0.36048,3.0104494685988053e-07,8.286979206338494e-07,1.0116125208443252e-07,9.938512242798026e-08,2.169715752328614e-08
1346137,C,0.36326,2.639459273561435e-10,2.087310163524425e-09,4.7333242914175524e-08,3.4469939377184606e-08,2.2125980427638268e-08
1330533,C,0.36444,4.906597085068211e-07,6.36024995932714e-06,2.890343403529326e-07,7.041887655613741e-07,2.2309267370369233e-08
1339402,C,0.36538,8.642885734406491e-07,2.4309561973002972e-06,1.7305954418377897e-07,9.922543022816803e-08,2.245581662501139e-08
1447133,C,0.3654,1.7228492509039102e-08,8.558958369898012e-08,2.1663065708930615e-05,1.582972662820874e-05,2.2458939906739618e-08
1920365,C,0.36549,1.5946451780318385e-07,3.040081543702817e-07,2.215095485527176e-07,2.697987354558757e-07,2.2472997362207012e-08
1299746,C,0.36571,9.673768189909988e-05,0.000214452439042,6.066522409555421e-07,4.095098388539996e-07,2.2507378546291963e-08
1299643,C,0.37678,3.985537805504756e-06,4.6741089420922095e-05,7.511159918009831e-09,2.52609532087689e-08,2.4273947241292544e-08
1315795,C,0.37813,3.999882939817816e-09,1.217664881296629e-07,1.1625577962395668e-05,1.7773977066488824e-05,2.4495635726259386e-08
1837096,C,0.37937,2.7478911243618045e-05,2.8262849223149123e-05,4.099275393729949e-09,6.124711257289213e-09,2.4700148603678996e-08
1948209,C,0.37942,2.5926108273963143e-08,1.9169228197396426e-07,2.5268874120208124e-06,1.8228226294156551e-06,2.4708412922736938e-08
1299785,C,0.38131,5.020526062446101e-06,1.7017465902626347e-05,6.240417977962123e-08,7.633147884557251e-08,2.50218178738721e-08
1324582,C,0.38185,1.0244110995303624e-08,8.843221288131681e-08,2.3565010571924712e-08,9.340565990173132e-09,2.5111724924486144e-08
1262135,C,0.38328,6.349832742291143e-07,2.3502991826610736e-06,6.104959276152045e-06,1.821451993234439e-05,2.5350590946820984e-08
1246314,C,0.38337,2.886886733508977e-05,3.9973554094300646e-05,4.805052788877533e-07,1.1988414977362278e-06,2.536566229326937e-08
1283272,C,0.38353,7.978034026100377e-09,2.6272757601942105e-07,1.2030276497581706e-07,9.21124107204376e-08,2.5392466856712343e-08
1291788,C,0.384,3.618422242389231e-06,6.305423218601814e-06,6.807671117407893e-07,8.121684513568885e-07,2.547128712344649e-08
1702096,C,0.38809,9.434657248620023e-08,2.040500813509964e-07,2.553426050097674e-07,2.206025629815693e-07,2.6162347350718853e-08
1702083,C,0.38884,2.2117059147643353e-08,4.3508978621258104e-08,1.1833223851330978e-06,1.176129360358866e-06,2.6290073458349105e-08
1643313,C,0.39044,1.958508840607348e-08,7.321535767919405e-08,4.3853868929947374e-10,1.197379364152874e-09,2.6563595333958256e-08
1307953,C,0.39146,4.2450916250670825e-08,2.816818184510101e-07,1.3170445814856672e-06,2.326379479414657e-06,2.6738704357755483e-08
1923155,C,0.39201,5.391559680133619e-09,3.544364857567069e-08,9.500470910500949e-08,9.735196992717984e-08,2.6833364618700962e-08
1291794,C,0.39512,6.684328858151503e-07,3.1956022278747204e-06,4.6633080121705134e-05,3.907009603911372e-05,2.7371772270379033e-08
1254762,C,0.39827,9.975792935134281e-08,1.1396547038608537e-07,1.5822126896807693e-05,1.5134045566232842e-05,2.792255641501172e-08
1920362,C,0.39835,2.93687103326813e-07,3.247795648528537e-07,2.0135183637012222e-06,9.09948150480374e-07,2.7936616022612852e-08
1335885,C,0.39932,7.590860815881659e-07,1.4636713847854043e-06,6.527685758186421e-09,9.535714729044373e-09,2.8107370345540556e-08
1581048,C,0.40194,6.627562011342867e-08,1.3911367124975598e-07,7.68710992468628e-08,6.001828571803931e-08,2.8571183437991354e-08
1257419,C,0.40361,2.422879723980838e-07,2.618935699090639e-07,2.802669635931629e-08,2.5128224187573372e-08,2.8868800713778754e-08
1304777,C,0.40476,7.921020843409993e-08,3.831058081382561e-07,1.7979742115887058e-08,3.0251820955017373e-08,2.9074643321689246e-08
1284601,C,0.40512,2.122185565678566e-08,8.360039261746928e-07,1.0757487665930589e-07,1.2315393035437686e-07,2.9139231294634155e-08
1308314,C,0.40647,1.1116685171505453e-08,1.0025459313097873e-07,3.0351511405746654e-08,6.241678589351884e-08,2.9382074415248087e-08
1719037,C,0.40746,9.304707693244579e-10,3.433366831789792e-09,2.236466585434167e-09,1.774657815087978e-09,2.9560799831809622e-08
1892217,C,0.40897,2.370324215643261e-09,7.208357957297739e-09,4.284527779837285e-09,2.109088513565435e-08,2.983444488440591e-08
1495047,C,0.41097,4.220413595767052e-08,4.955881972307926e-07,1.7960918472983186e-05,7.903193970715761e-06,3.0198829454939146e-08
1301963,C,0.41527,4.778379213946384e-07,4.6869094455500514e-07,2.2886250951074217e-07,4.6343731060695386e-07,3.098974574915771e-08
1289600,C,0.41962,4.064842656865453e-06,8.536647479315597e-06,2.1281716368593408e-07,3.791140540751382e-07,3.18002614739328e-08
1265426,C,0.42029,9.49340620544147e-08,2.354413759719023e-07,6.698972126557007e-05,0.0001069630806639,3.1926029394287825e-08
1338762,C,0.42054,9.390600911786376e-08,2.467171646483979e-07,1.3977384875463798e-07,3.383582105288251e-07,3.1973021309990297e-08
1306626,C,0.42089,3.943124800617444e-06,3.4297852143376304e-06,3.1033709496145972e-09,5.174267625864883e-09,3.2038868049860605e-08
1332721,C,0.42224,3.120327101106327e-07,3.92828152756988e-06,1.0574993072718031e-08,1.4836427403073056e-08,3.2293482821997285e-08
1257256,C,0.42235,1.7064859090626393e-07,9.278449269403144e-07,5.235128983788492e-06,2.7186118275878467e-06,3.231427361129864e-08
1567044,C,0.42273,7.226747278953083e-07,2.871685516275509e-06,2.185534468132003e-07,2.849248929712734e-07,3.2386147815973156e-08
1318659,C,0.42354,3.626821091176797e-09,3.054323122918301e-08,8.110264660553737e-06,1.8125195114274313e-05,3.253961984321894e-08
1264039,C,0.4246,1.5752727027493003e-09,2.0301682102081572e-08,7.674591438795659e-09,5.890445528560215e-09,3.274100779128212e-08
1280039,C,0.42569,3.790223685315462e-07,1.6646434812010394e-06,4.184960952042518e-09,2.8396322947039033e-09,3.297292450648887e-08
1335432,C,0.42692,7.367075064724693e-08,1.5201963222054528e-06,1.4261364961645118e-07,7.379297528075314e-08,3.325149788825158e-08
1655086,C,0.42781,1.9023975403914812e-06,1.002724172479734e-05,1.419184778987898e-08,9.760525682345272e-09,3.3453797961799553e-08
1293789,C,0.42857,1.7212065861809714e-06,2.900112474801934e-06,1.341789125809568e-09,1.849355935735117e-09,3.362703423293468e-08
1618042,C,0.42893,4.694612100613119e-08,1.395239614324018e-07,3.452503210294216e-08,6.196729088261003e-08,3.3709249669725834e-08
1810236,C,0.42926,4.683721771259685e-08,3.722183195475172e-07,2.2181259297717903e-09,2.3368752572638e-09,3.3784702003304407e-08
1290007,C,0.43112,3.778124735353152e-07,1.229394173407545e-06,2.2477647470171357e-08,1.406266982532428e-08,3.42115563305146e-08
1899442,C,0.43144,1.306449705701057e-07,8.995229223644033e-07,3.2164392674253854e-09,1.3214606691289951e-09,3.42852637992086e-08
1252521,C,0.43322,4.6218996075054376e-08,1.652256331788183e-07,1.8423827228898193e-07,1.339394782385964e-07,3.4696709238753964e-08
1277945,C,0.43369,2.806985150947556e-07,1.0815975598564652e-06,2.64326110370628e-09,2.476040242975135e-09,3.4805758873142185e-08
1861164,C,0.43446,4.342243842789332e-09,2.1571439757599353e-08,4.958150677483028e-09,2.204635184761974e-09,3.498478443011295e-08
1933168,C,0.43495,8.47733316170879e-08,2.701915120885978e-07,1.7882784988095593e-07,1.952565353415403e-07,3.509894888994834e-08
1297063,C,0.43516,5.07512539743496e-09,8.18030088001416e-08,3.413990210743853e-09,2.622476670812667e-09,3.5147933445448823e-08
1263930,C,0.43578,9.264494181612097e-08,3.3990201009665345e-07,1.854209166694595e-07,1.372246847826847e-07,3.529275380729478e-08
1308916,C,0.43769,3.2871092905599705e-07,1.0057807065082618e-06,3.39994179472833e-07,1.2388632056217933e-06,3.574076539744883e-08
1880304,C,0.44419,2.5919861842504373e-07,7.794202284341529e-07,1.0035184540414937e-07,2.23967767372567e-08,3.7286582718654894e-08
1904293,C,0.44623,6.042173191235011e-09,2.5553517406201876e-08,2.538923042633693e-06,1.923541931312055e-06,3.7778478540772624e-08
1340539,C,0.44766,3.3967292003001034e-08,6.763459256961054e-07,2.5996010464272288e-05,4.360600021089671e-05,3.8125209578913975e-08
1862183,C,0.44864,4.14546280659921e-07,8.652981034442749e-07,8.736948823029632e-08,7.627689610495178e-08,3.8363744124238825e-08
1389177,C,0.44895,4.441987511647567e-08,1.5274069720156188e-07,1.470491984556842e-05,1.0309526734628336e-05,3.8439353801839155e-08
1330964,C,0.45085,5.611639826104252e-08,1.368140631133443e-06,1.023338867319054e-09,1.5857078850356702e-09,3.8904394134931894e-08
1390164,C,0.45102,6.072040187696135e-08,2.3281538458239894e-07,6.253859359152539e-07,1.0924381031620698e-06,3.8946139289945974e-08
1392400,C,0.45205,8.072404615994446e-08,1.5305836864411836e-06,3.2832718495277565e-08,7.548117947554387e-08,3.91995444929173e-08
1262084,C,0.4536,1.1532936690819612e-05,1.6804790651544338e-05,1.0685786893733367e-07,1.3505373857016894e-07,3.95824311441889e-08
1512067,C,0.45394,3.942844454190893e-08,1.5247846946526297e-07,3.020138168544461e-06,4.569555654646039e-06,3.966666804862421e-08
1900865,C,0.45405,9.328730469423925e-08,5.825296778624809e-07,2.717166753038707e-05,0.0001482618532835,3.9693940335023764e-08
1306360,C,0.45478,1.7703395646973149e-07,9.86925622198407e-07,1.774204234032916e-07,8.433340877976293e-08,3.987516662359164e-08
1366475,C,0.45546,3.5273103547434486e-08,1.7799808356025362e-07,7.07811233816384e-09,8.635862810085414e-09,4.0044351474756554e-08
1310963,C,0.45919,1.6683366891895913e-07,1.9298706517347436e-07,1.0356159262986068e-08,7.078013044083213e-09,4.0978750594615235e-08
1253180,C,0.46154,2.525544864421664e-07,1.865671532476567e-06,1.4178772105722924e-07,1.9905502766600805e-07,4.1572980518207066e-08
1252970,C,0.46198,1.955254507876e-08,7.984937642679645e-08,3.183725338105049e-08,4.2194206034652297e-08,4.1684716011401495e-08
1889211,C,0.46351,2.4870638798562865e-05,9.59916272118155e-05,3.734586884633607e-09,2.832554442550747e-09,4.20744180889895e-08
1699105,C,0.4659,2.656504645534139e-07,5.773757066891402e-07,1.4350916201068626e-05,3.735789262452024e-05,4.2686796722731714e-08
1854103,C,0.4668,8.302395954401302e-06,1.4673056258607383e-05,8.990351205913796e-09,8.140383429424967e-09,4.291854628549337e-08
1254671,C,0.47065,1.354713735337022e-06,8.073522286453585e-06,1.2440328073163564e-09,4.406995786976126e-10,4.39170017603604e-08
1299758,C,0.47241,1.44563610597215e-06,3.973543008940594e-06,1.3995109139879295e-09,1.1839619769972627e-09,4.4377262376311736e-08
1265134,C,0.47304,2.456965536279746e-07,3.41254548322021e-06,4.196927142973632e-07,1.7315476520682134e-07,4.4542597880275415e-08
1936171,C,0.47336,7.711213137767242e-08,1.3769585066269735e-06,2.2925192778164368e-08,3.4172954893302985e-08,4.4626695551288156e-08
1261173,C,0.47377,1.6738234604700465e-06,3.617323876555428e-06,3.511068393609146e-07,5.265059290270768e-07,4.4734561604560474e-08
1702112,C,0.47547,2.6350430823705885e-10,7.507910100326166e-10,1.6603512236738622e-08,2.861565251825008e-08,4.5201450510979336e-08
1257775,C,0.47598,8.83913453084247e-08,2.50584481350494e-07,1.0094237759914495e-07,1.601909868143592e-07,4.5356343054271247e-08
1252513,C,0.47767,2.122625543510049e-07,3.1839191465941236e-06,8.948001429773318e-09,1.7211929900872846e-08,4.5871507963481654e-08
1562077,C,0.47842,5.32849773183087e-07,2.6005755420835583e-06,5.521007779163474e-07,8.802241573389359e-07,4.610106344462149e-08
1318052,C,0.48068,3.210915321363567e-07,2.179337064558402e-06,4.8623046863297435e-08,1.661290119143482e-07,4.67962551240285e-08
1309323,C,0.48309,4.908547458412346e-08,1.3410278201929596e-07,2.8795474505568082e-08,3.368607593938579e-08,4.7543319750400137e-08
1257335,C,0.4841,4.275242433837017e-06,7.5848377233650944e-06,4.8119452798838434e-08,6.077906077680559e-08,4.7858164115326146e-08
1285539,C,0.48417,1.6996565122024004e-05,2.542943027703356e-05,3.6778756392984915e-07,4.53332226199673e-07,4.788002351423055e-08
1878288,C,0.48449,9.15211124196884e-06,2.0630126177242033e-05,2.137126106390022e-07,4.2060676602918465e-07,4.7980015754328736e-08
1332689,C,0.48766,1.0391184264863249e-07,9.805901191301284e-07,5.5703293597280406e-09,2.803889384501673e-09,4.8976198310983585e-08
1319840,C,0.4897,3.657083504239026e-07,8.29161875544668e-07,1.962930379614195e-06,2.3895530222971993e-06,4.9622687720736725e-08
1811099,C,0.49007,5.347695380504996e-07,2.729773180313968e-06,4.4239777766372994e-08,4.8560594342164415e-08,4.974039728680113e-08
1292145,C,0.49245,1.7661591127051465e-06,2.5666962955353766e-06,3.5479361337823735e-06,3.02520959162942e-06,5.050088942029216e-08
1254070,C,0.49252,2.910772033818612e-08,9.179969575340905e-08,3.608308271389317e-06,7.228254735233513e-06,5.052334417921851e-08
1253895,C,0.49276,2.12483333275347e-08,1.0112818966480449e-07,1.116145978575652e-09,6.58382576504584e-10,5.0600369815291835e-08
1318689,C,0.49338,8.820562479640508e-06,1.2248179800195235e-05,1.6913254775559168e-06,6.043872440704087e-06,5.079962426191409e-08
1703072,C,0.49417,1.3656204954873037e-08,5.3008883794298126e-08,3.254848736395982e-07,5.600233303733625e-07,5.105408029043209e-08
1343208,C,0.495,4.092888656273316e-07,1.429239827372321e-06,7.587575198093979e-06,2.626235990628041e-05,5.1322104959844416e-08
1263936,C,0.49523,8.795262320096162e-07,3.3741864863428405e-06,4.8371630244909464e-09,1.067901394927388e-08,5.139650102109353e-08
1342906,C,0.49743,2.9783630935234185e-08,3.947719479685356e-07,1.8481541879198453e-07,1.8851874824758385e-07,5.211083818439452e-08
1253046,C,0.50134,6.351993511270139e-07,3.781463186610883e-06,5.827397206258832e-08,1.6126347398271738e-07,5.3392577132120233e-08
1341857,C,0.50314,6.364598242228514e-07,9.118192275659171e-06,3.35136337313317e-09,5.998783764321408e-09,5.398787046547788e-08
1346139,C,0.50323,1.8529651897760998e-07,6.106438483037373e-07,3.7559053272545954e-07,5.327264244155407e-07,5.40177217623768e-08
1293921,C,0.50492,8.419019742658974e-10,1.807328470078874e-07,7.362382189593554e-08,6.966143407889163e-08,5.457979482813749e-08
1254670,C,0.50495,2.0498750729290656e-08,5.6961144203923496e-08,1.3469464870306018e-06,9.02558204689824e-07,5.458979873588978e-08
1891261,C,0.50558,2.3235620384334482e-07,6.398091829806611e-07,1.291548133754755e-07,7.51974947728507e-08,5.4800092561445496e-08
1473027,C,0.50566,4.1440147006700065e-06,1.3276364132733262e-05,2.3146739741242635e-07,2.032803738609172e-07,5.4826825466966755e-08
1343759,C,0.50617,2.5655155010517906e-07,9.26966570398246e-07,5.084105849513697e-06,7.555303830676844e-06,5.4997400985028585e-08
1329663,C,0.50765,1.4441748797545617e-07,2.3517891977694617e-07,1.5023270292667835e-06,1.1857583575521384e-06,5.549390441014817e-08
1876204,C,0.51008,2.647659361081158e-07,3.466631573750297e-07,4.680234551976193e-09,4.413738570043968e-09,5.6313948275342764e-08
1256432,C,0.5113,6.765217825781632e-07,3.920290961573438e-06,1.487752701008178e-08,1.6967670681763688e-08,5.672792540941908e-08
1922405,C,0.51619,4.951660816596842e-07,1.7733620995943811e-06,3.29512059898911e-05,5.609818720466141e-05,5.8402443716967294e-08
1332614,C,0.51856,4.5238396199452335e-08,6.15944440710606e-07,6.499163814484128e-08,1.0936605562001672e-07,5.922278302041766e-08
1659122,C,0.51872,7.647234958707106e-08,1.7916864059405192e-06,4.914902021481876e-06,8.053200174953166e-06,5.927837073736378e-08
1252225,C,0.51956,3.004845868539349e-08,6.096009129233788e-08,3.0829235793183343e-06,1.2684984266446888e-05,5.9570634054951316e-08
1257602,C,0.52211,8.8888288900011e-08,5.271917949326273e-07,6.931130899602029e-07,6.378923560028751e-07,6.046226454084734e-08
1286881,C,0.5228,9.954482901141964e-07,2.12051899269152e-06,6.895925426710454e-08,7.740979878679122e-08,6.070466782930919e-08
1335671,C,0.52427,2.351246104573852e-07,1.9148186169582446e-06,9.132055316263008e-05,5.190539438346537e-05,6.122270932411764e-08
1514059,C,0.52427,2.6629970428254677e-07,1.8185996752255012e-06,0.0001262783669887,0.0001026154491884,6.122270932411764e-08
1294806,C,0.52535,5.1008789967300276e-08,3.401885123190281e-07,3.987074032141871e-06,2.609434168588183e-06,6.15248351677893e-08
1301922,C,0.52616,3.0906850506998484e-06,5.756827150125742e-06,5.199552373499058e-09,7.270325434569608e-09,6.162683815018885e-08
1261259,C,0.52723,1.6569552630916073e-07,6.90182846790251e-07,1.9710182530557416e-07,3.8733321646695924e-07,6.176171234773406e-08
1371206,C,0.52779,7.029940475355116e-07,1.7703395616139132e-06,4.2500753930969375e-08,3.4049040608525994e-08,6.18323594835372e-08
1304503,C,0.52971,2.800348704781723e-06,2.4643845782571603e-06,3.6277647372938316e-08,4.0778387325394096e-08,6.207488481101718e-08
1324544,C,0.52973,9.753272641382585e-08,2.9122504694440306e-07,5.2148088996611766e-08,3.8447208939484026e-08,6.207741361465431e-08
1490034,C,0.53002,1.7627593194545668e-05,3.1711059368447626e-05,1.643264511414612e-06,2.8864007666104164e-06,6.211408705561005e-08
1817269,C,0.53009,2.436744260644743e-08,2.3495898782772098e-07,1.601196262752079e-08,1.0820830286096896e-08,6.212294088800185e-08
1472020,C,0.53112,1.782728155389076e-07,1.5332466880206642e-06,2.0048893086436313e-08,3.822898585593713e-08,6.225329165580559e-08
1261233,C,0.53166,1.1255579750732837e-07,7.079808815593123e-07,7.290511508560044e-06,5.033562343948346e-06,6.232168547899413e-08
1550103,C,0.53166,1.8003904562269693e-07,1.0506733563629192e-06,2.8230989503139364e-08,5.6781476780149575e-08,6.232168547899413e-08
1346628,C,0.53191,1.1097201417377609e-06,7.200369872574929e-06,5.420251663455144e-06,1.7546694700336395e-05,6.235336200208557e-08
1337703,C,0.53225,5.112564347493485e-06,6.668035755876002e-06,0.0021219665163126,0.0023760190870913,6.239645498914446e-08
1295249,C,0.53251,2.2952434894271686e-06,2.4887262786628044e-06,1.5990237051746251e-06,1.0410257186516485e-06,6.242941849391144e-08
1323777,C,0.5329,3.305780345134641e-07,1.0444283920621762e-06,6.259426528445924e-08,6.944148660662187e-08,6.24788800726926e-08
1254000,C,0.533,3.147783419362926e-06,6.482637905602808e-06,1.0926759868889377e-07,1.2469698159310513e-07,6.249156568366148e-08
1297061,C,0.53387,5.971678113960526e-08,5.3973844214963e-07,9.43261821399646e-10,1.159751508755334e-09,6.260198483367861e-08
1470063,C,0.53547,2.422160579821222e-07,1.2262595298555766e-06,1.3647820948564522e-08,1.2999105786173885e-08,6.280530898483023e-08
1339425,C,0.53579,1.1469483210447058e-08,7.309449918305228e-08,2.152690216312991e-06,7.519443852571227e-06,6.28460133732723e-08
1289714,C,0.53582,7.159709934241414e-09,7.392716565649307e-08,1.3545250858408231e-08,2.8735994957446373e-08,6.284983008573285e-08
1254002,C,0.53591,2.0309190517195537e-05,3.3851013337707876e-05,2.2717526728283103e-08,1.1103941200644029e-08,6.286128091847376e-08
1313026,C,0.53696,2.2007314243457105e-07,1.0586504588411022e-06,7.773133098983541e-08,6.358789075612843e-08,6.299495103608908e-08
1644290,C,0.5373,1.0183277391626274e-06,1.8125588808235967e-06,7.856913576001735e-08,5.7560764981445905e-08,6.30382651216246e-08
1934253,C,0.53739,2.53213954126297e-07,1.0287208677388867e-06,1.0860249294617236e-08,9.797529021408461e-09,6.304973310655968e-08
1260568,C,0.53805,2.0434998723253015e-08,2.981334841154002e-07,2.279610332655468e-09,2.716902955471359e-09,6.313386353337443e-08
1474020,C,0.54148,2.126293701478573e-06,9.996605349215091e-06,2.172916338530962e-06,5.025789561828865e-06,6.357199005156792e-08
1324542,C,0.54154,1.5647478927274618e-07,6.528110119049357e-07,5.530077572891842e-07,4.0987916026859265e-07,6.357966755453757e-08
1324685,C,0.54183,8.174492022879028e-07,3.605863959909016e-06,7.506920948488266e-08,5.5918233286902635e-08,6.361678202064199e-08
1341000,C,0.54203,1.9083165347418155e-07,8.87092256566605e-07,9.173589648803317e-09,5.7861283978285765e-09,6.364238451390648e-08
1861210,C,0.54229,2.532316150386837e-07,6.966806990007108e-07,2.2214682915450448e-05,8.034263744902818e-05,6.367567545560763e-08
1876731,C,0.54291,5.541460848328416e-07,3.403320914647474e-06,6.453838757911835e-08,5.768318245605199e-08,6.37550966758729e-08
1367408,C,0.54306,1.275475736748602e-08,6.956055228584421e-07,3.45709957533198e-09,2.2530005869785974e-09,6.377431892370961e-08
1302055,C,0.54327,1.926866566651341e-07,5.705343674671754e-07,4.4502690557883866e-07,3.64171616754801e-07,6.380123493819332e-08
1322954,C,0.54327,1.3442650088375735e-09,3.3778653318094296e-08,8.586934293600605e-08,1.2024043463064505e-07,6.380123493819332e-08
1290995,C,0.54351,2.215518779250451e-05,8.235039834385518e-05,2.2819457239396862e-09,4.7902595632380614e-09,6.383200305119586e-08
1297353,C,0.54402,5.010268100537031e-06,2.570502890141511e-05,8.501644861061678e-08,4.418244531416159e-08,6.389740991863228e-08
1945116,C,0.54469,1.3386435117587526e-07,9.138864508953262e-07,2.4478096550945533e-07,1.6024281467035794e-07,6.398338749048708e-08
1389210,C,0.54865,4.4918024136412345e-07,1.2674093347496173e-06,7.751594497806824e-08,7.952637423860247e-08,6.44927339257474e-08
1297157,C,0.54888,8.82193666010619e-06,1.0929764920513463e-05,0.0001251386938457,0.0003011516111917,6.452237922623387e-08
1643316,C,0.54894,6.412880097895306e-07,3.984409980186605e-06,8.548227739395063e-06,1.109517994894272e-05,6.45301139031841e-08
1570024,C,0.55064,3.2443542025259186e-07,1.575619736902509e-06,1.5249780637382387e-08,1.5126076644172243e-08,6.474945572368293e-08
1306736,C,0.55145,1.625394344779675e-06,3.501440525071553e-06,9.432833162238298e-07,6.681484293572593e-07,6.485409655129511e-08
1315818,C,0.55218,7.06544233502079e-08,2.5230780594730575e-06,1.0052556921209091e-08,1.2146044085913451e-08,6.494847486409663e-08
1260551,C,0.55236,7.78789725719304e-06,9.640537128435856e-06,5.350859170668386e-07,1.0416316959724269e-06,6.497175677518025e-08
1896254,C,0.55283,7.156545801453139e-07,3.044560252150323e-06,0.0002238222502067,0.0008854961608371,6.50325681015461e-08
1252142,C,0.55288,1.2225667460239194e-06,2.158748707465407e-06,3.655653916657087e-07,4.401119705897625e-07,6.503903906559615e-08
1912020,C,0.55436,4.820627133536078e-08,2.3189919876467147e-07,6.0738342453683564e-09,6.3256080396537356e-09,6.523072539518476e-08
1260605,C,0.55534,2.450619131388611e-07,1.0277450618603132e-06,3.846321248435257e-09,5.4614177398204044e-09,6.535780804927151e-08
1504139,C,0.55644,1.9757181293741008e-08,7.545697339004372e-08,2.039559395521387e-09,1.195966374200826e-09,6.550059915781296e-08
1291842,C,0.55763,1.1905386497823977e-05,4.707357018174339e-05,2.470856318824613e-07,3.310252145553389e-07,6.565524863111038e-08
1326367,C,0.55797,1.02706695169024e-06,1.3069741310439833e-06,2.440019187302386e-07,1.3538317284617665e-07,6.569946768804359e-08
1810087,C,0.55943,5.995101994958853e-07,1.7774905332024148e-06,7.046294009471695e-08,6.164539169955192e-08,6.588951872484032e-08
1304779,C,0.55993,2.4133936608123094e-05,4.070472607959237e-05,3.522468263750422e-07,3.5768534425741725e-07,6.595466779375715e-08
1654105,C,0.56271,4.241879241298687e-06,1.4616956003883396e-05,4.969921813216651e-09,7.189702147123969e-09,6.631748370615162e-08
1319926,C,0.56341,3.210958626332606e-09,7.209270824813271e-08,9.761239946206015e-09,2.0777128506883997e-08,6.640899707299293e-08
1942106,C,0.56584,1.9792061669004738e-07,4.639560233421238e-07,1.0161256955668836e-06,2.503657474954442e-06,6.672716889603916e-08
1850154,C,0.56823,5.154132357626159e-07,2.215769994659703e-06,3.249378915805721e-05,5.5447673054883365e-05,6.704084502644846e-08
1345458,C,0.56872,3.410771127820286e-07,1.9273151384677615e-06,1.533537173275741e-08,2.5140160400423997e-08,6.710524605571643e-08
1326273,C,0.56949,1.265618641638288e-08,1.8766534572325199e-07,1.2296575387456225e-07,1.0907563413793337e-07,6.720651013957476e-08
1895233,C,0.57035,1.257509634037495e-05,2.575306767500736e-05,1.7005899352951586e-08,3.462690318137966e-08,6.731970054023526e-08
1448122,C,0.57688,1.2617649841279537e-08,1.2821474515243646e-07,1.8988135135372122e-08,2.1263685193562467e-08,6.85881869998836e-08
1335854,C,0.57869,1.6377064857559344e-07,4.210772982456562e-07,1.7569685724164778e-06,2.430919961184222e-06,6.922159197943826e-08
1330339,C,0.57914,4.30819073108664e-07,1.1730221129609517e-06,0.0004067501203688,0.0006348209776903,6.937952023129568e-08
1435033,C,0.5804,8.83746086545112e-08,1.2435516786880397e-06,5.180369222195247e-07,7.273320823777157e-07,6.982267667320927e-08
1262055,C,0.58072,1.2650311228524135e-06,2.3563451792259116e-06,6.688417694646099e-08,1.328592771657098e-07,6.993544899032565e-08
1927254,C,0.58091,4.472124866928152e-09,2.9881680922019978e-06,7.579830215638971e-07,1.037448020863986e-06,7.000245060843774e-08
1334265,C,0.58586,1.6101951900471272e-08,1.3967159026921447e-06,3.75672115659822e-07,1.0288149755241355e-06,7.175932397126328e-08
1294971,C,0.58822,1.2797221624360762e-08,4.0517630756171035e-08,9.254673930485836e-07,1.1557437556574088e-06,7.26046096725066e-08
1302073,C,0.58845,5.782247897215131e-07,1.3535098223117876e-06,3.186329983520182e-06,4.169352835939722e-06,7.268725389394989e-08
1370806,C,0.58895,1.6467507709555408e-08,7.828704103104755e-08,4.9889162045576126e-08,5.3447485139697724e-08,7.28670774225325e-08
1324536,C,0.58899,6.644265378469938e-07,8.18665701367404e-06,3.0877642467054205e-06,1.6694864434336871e-06,7.288147290218102e-08
1946322,C,0.59043,5.490970035914495e-05,0.0001019517417259,2.3380738362274958e-08,3.7027661131676116e-08,7.34006571090537e-08
1253997,C,0.59079,4.532329365664329e-07,5.3910993899759075e-06,1.8487256550040148e-08,1.7355699000624637e-08,7.353074108158728e-08
1260639,C,0.59141,2.4599785916681134e-06,3.7229208488867624e-06,1.3180079403883785e-06,1.0056604891395752e-06,7.375504456003828e-08
1896244,C,0.59156,1.7342619823596298e-07,5.425430872424844e-07,3.706234710121594e-09,4.543772355109938e-09,7.380936284985061e-08
1595110,C,0.59269,5.7934578726291465e-08,1.780616781317751e-07,9.466359067240228e-07,2.1814676684890656e-06,7.421920330079935e-08
1290191,C,0.59506,2.8465161698522593e-07,1.7805611539158844e-06,2.1276717307067157e-07,2.427278548704101e-07,7.50824658288426e-08
1319653,C,0.59552,2.3456583205955415e-06,6.226081638134657e-06,1.0449564004012469e-08,7.299966887987645e-09,7.525059731205597e-08
1251126,C,0.59788,5.537668858427625e-07,2.449224168425672e-06,9.3393198689012e-09,2.4818023137427567e-08,7.611614197501535e-08
1261236,C,0.59789,1.4280103036410986e-07,4.614879603787777e-07,3.1463342334211548e-06,3.2206944788692087e-06,7.61198200675841e-08
1339220,C,0.59992,1.3764421584078013e-08,3.3949916557363365e-08,3.098567752191844e-07,3.529287260823645e-07,7.686831288626237e-08
1252199,C,0.60498,2.731655914424496e-07,4.94940797758393e-07,2.463245751804136e-06,2.674373742998453e-06,7.874995443618943e-08
1254889,C,0.60551,9.042268840124468e-07,1.219345611516772e-06,1.5846615103432358e-07,1.653160121491573e-07,7.894835976675814e-08
1549078,C,0.60558,8.136668828331773e-08,3.987022515018485e-07,1.5513827002565972e-06,3.052880454262193e-06,7.897458290591461e-08
1335387,C,0.60582,4.450397200752231e-07,2.6284086275063133e-06,1.9748695873137992e-08,2.5136389565079554e-08,7.906452386916767e-08
1335675,C,0.60735,3.608328478384267e-07,1.6266865955257023e-06,2.1742478477169002e-07,1.5705679758101773e-07,7.963910077899666e-08
1929034,C,0.60827,4.597819871074649e-08,5.393817107451519e-07,2.509707876259172e-09,4.291154840909082e-09,7.998559950816663e-08
1246334,C,0.60861,1.5688768702830166e-05,3.931554139062226e-05,1.7600461827896946e-07,1.2405993847693466e-07,8.011384373398728e-08
1297377,C,0.60981,1.4019475038513833e-05,3.3580426170721265e-05,2.7078086204996428e-06,2.4361420301608575e-06,8.056729152087082e-08
1316461,C,0.60984,5.270298730317157e-08,1.2577326845713964e-06,7.19957999837722e-07,1.9471764911044435e-06,8.057864411103485e-08
1431108,C,0.61052,3.368196869189099e-06,1.1056092973289512e-05,3.274733837201273e-08,3.932657163162228e-08,8.08361840068413e-08
1261144,C,0.61069,3.0681401911449884e-07,7.234768932390697e-07,4.69916584691107e-07,4.063001727475691e-07,8.090063318535886e-08
1413048,C,0.61122,1.022603999405832e-06,5.081193716979002e-06,6.848634626873217e-05,0.0001343447913234,8.110172782075945e-08
1959025,C,0.61137,2.2049042829951625e-07,4.685363441190037e-07,3.1734213315065845e-05,0.000162279141969,8.115868671768534e-08
1644180,C,0.61154,0.0002566188919232,0.0003468215649841,1.413649519867549e-07,1.8296965259067706e-07,8.122326430533227e-08
1904321,C,0.61177,4.98210530595827e-07,1.1761964382786985e-06,9.59266116659854e-07,6.803298627467357e-07,8.131067486038294e-08
1289470,C,0.61207,2.0863095873600763e-09,1.1895656286512862e-08,3.5588017567484245e-08,2.9516002408011593e-08,8.142475927507735e-08
1644061,C,0.61287,2.350542957762647e-05,3.819575452195856e-05,9.981268272087973e-07,2.205722862129726e-06,8.172937538450555e-08
1332594,C,0.61302,3.4175785860381466e-07,3.062096268488433e-06,1.17251300989186e-05,3.069761954784266e-05,8.17865542209437e-08
1311113,C,0.61533,4.102690365990647e-06,1.3803069412809117e-05,6.1453579557271005e-09,1.0946042052136202e-08,8.266963320769093e-08
1316626,C,0.61601,6.197989496733235e-09,4.1574609178373834e-08,2.2240541420948017e-07,3.955557435951031e-07,8.29304905911245e-08
1387162,C,0.6175,4.170027231965004e-07,1.2160331235988833e-06,1.623267191553813e-06,2.3200578704246205e-06,8.350351177900359e-08
1261163,C,0.61854,1.331767930528765e-08,3.801814622479941e-08,1.9912693376779683e-08,3.0725574885669094e-08,8.390464197727971e-08
1812092,C,0.6187,1.115731167834111e-06,3.873824945117743e-06,1.3941062390845235e-08,1.9081577066021033e-08,8.396643962534783e-08
1338849,C,0.62002,1.5600711974745756e-07,7.580566429530395e-07,7.564767153878097e-07,5.173575451905439e-07,8.447713824984763e-08
1301915,C,0.62043,1.1883238417344122e-07,4.788704942772408e-07,5.529909148784119e-09,2.5534151142190206e-09,8.463607949553177e-08
1334253,C,0.62076,2.884592850551338e-06,4.333199603425483e-06,1.0688298608642836e-07,3.902946396317307e-08,8.476411631871891e-08
1335818,C,0.62253,8.661910472530751e-07,2.8093614780153554e-06,2.072389037998066e-07,1.8384476470263266e-07,8.54525108252491e-08
1598039,C,0.62292,4.908607094759684e-08,4.993163511552494e-07,6.34566074333146e-07,9.769605975092231e-07,8.56045652678173e-08
1267094,C,0.62318,1.8688275026659365e-07,1.85387808839035e-06,2.3941556835811992e-08,2.4292671755870373e-08,8.570600998665675e-08
1332632,C,0.6232,1.1341033023503071e-08,8.797507600758968e-08,3.949713490842361e-07,3.796825887830831e-07,8.571381591477266e-08
1833321,C,0.6248,1.385068180178862e-05,2.8517305357235437e-05,0.000230481117657,0.0015022036922608,8.633944184725205e-08
1280762,C,0.62617,9.082405382569341e-08,6.596648893870365e-07,6.328034214035043e-07,8.583312616709506e-07,8.674930630285418e-08
1251114,C,0.62632,5.163633096701973e-07,1.3728795052697058e-06,1.0108797669168302e-06,2.0763904062104253e-06,8.679185235950563e-08
1334858,C,0.62737,9.07876795838362e-07,8.752138857684796e-06,9.480040494054276e-06,3.071887671338659e-05,8.7089966817465e-08
1370308,C,0.62863,6.895801466108129e-07,1.2155533392590978e-05,8.535586710690634e-07,1.371343135119992e-06,8.744837882886389e-08
1315832,C,0.6291,3.415450173871604e-07,1.953192133902349e-06,1.5824949720528907e-06,1.489873204600087e-06,8.758226067052205e-08
1375087,C,0.62952,4.460546272100954e-06,1.2498204753614176e-05,2.6008106971336815e-09,2.3882914117003873e-09,8.770198640795141e-08
1311001,C,0.63094,1.8895263980010258e-07,2.146566060353645e-06,3.857999126248677e-07,2.9902188378723257e-07,8.810737905834264e-08
1280790,C,0.63211,5.845266186394109e-06,8.444092627593224e-06,2.4599637528099223e-08,3.103680864725893e-08,8.844210217092719e-08
1314289,C,0.63264,4.101497928523518e-07,1.3229693255408097e-06,7.880623330416975e-08,2.779355842210281e-07,8.859393772713125e-08
1290812,C,0.63503,6.629141080701867e-09,5.4903735095828065e-08,3.808684409897504e-08,8.513361009265582e-08,8.928024779028265e-08
1297580,C,0.63561,1.1754095382879403e-05,2.0166253548740332e-05,3.7556640539593486e-08,7.521680345494967e-08,8.944719931284782e-08
1900801,C,0.63579,1.273952243371809e-07,4.84193552141312e-07,5.186088223490413e-07,2.5235503949672296e-07,8.94990435638598e-08
1546021,C,0.63706,3.13678735418571e-08,3.328900717709876e-07,2.3619736443488464e-06,9.274979201420834e-06,8.986526040716029e-08
1340460,C,0.63779,1.724563097480526e-06,3.070087722097557e-06,4.277984494248107e-09,6.5453558817259145e-09,9.007610142249049e-08
1904352,C,0.64337,5.3233422835215155e-05,0.0001817698639923,4.168547762796485e-07,4.495480541572786e-07,9.16958969322747e-08
1420185,C,0.64453,1.1125748061418704e-06,4.1647687729465645e-06,0.0004580609702019,0.0006040424112201,9.203444087952232e-08
1473025,C,0.64649,2.2549880497992473e-06,4.0582895372327894e-06,3.7316542616036687e-06,5.6906866486390654e-06,9.260788088244225e-08
1370402,C,0.64766,2.9479055017275665e-07,1.3501143819488763e-06,1.8204274925407693e-06,2.7368662906316218e-06,9.295103831123237e-08
1334707,C,0.64922,6.403802560623362e-08,4.513200121205254e-07,1.824399900720753e-07,3.0589302409542457e-07,9.340956871717419e-08
1255139,C,0.64989,1.541883681365097e-07,3.914634666094632e-07,7.225568510346122e-09,7.642131871649851e-09,9.360684797249275e-08
1336925,C,0.64997,2.5715049167371646e-06,5.8034501314300895e-06,1.3253453466761042e-07,1.6123314271526105e-07,9.363041761215565e-08
1297064,C,0.65045,2.740202564657485e-07,1.7795286723903516e-06,2.93039954831259e-07,6.131892983048154e-07,9.377189775657765e-08
1391191,C,0.65069,8.087588895796342e-06,1.4361051141013064e-05,2.5663385765337515e-06,2.168369572689951e-06,9.384267788292169e-08
1265578,C,0.65135,3.67516102804763e-07,8.627376069663682e-07,1.193037225148672e-07,2.598225758588491e-07,9.403746091646597e-08
1281135,C,0.65195,2.2584907932649977e-06,5.569157291565607e-06,3.283833253198498e-09,3.981960770711838e-09,9.421471163834897e-08
1559124,C,0.65253,3.608769003002698e-06,6.673114797333352e-06,3.539653002138105e-06,3.5663454857374927e-06,9.438621264317509e-08
1340521,C,0.65356,3.499142742350148e-06,7.454651940709329e-06,3.69770348418669e-07,4.3925175373645547e-07,9.469115915769937e-08
1261587,C,0.65387,1.0508981072337982e-06,4.679728728961816e-06,8.167089894430028e-06,2.774159349282689e-05,9.478303546418097e-08
1833564,C,0.65461,3.352140527366231e-06,6.606949687802513e-06,1.2212308584385477e-08,8.374430328561561e-09,9.500253320353967e-08
1643213,C,0.65526,9.496918548418337e-08,2.3540978395370087e-06,5.0101074341753465e-08,8.340749949476168e-08,9.5195544698468e-08
1370391,C,0.65692,5.225529709775839e-07,6.74280030077321e-07,1.8790953477392991e-06,1.1203229721506948e-06,9.568935520265584e-08
1259667,C,0.65871,1.2358555215675705e-07,8.85343327224091e-07,1.8294397354589415e-08,5.71364649354899e-08,9.62232690623837e-08
1390173,C,0.65875,2.761764510799114e-07,6.867126448899229e-06,1.1581434051895162e-06,2.771050086512132e-06,9.623521706573148e-08
1642138,C,0.65971,3.2894174902913e-08,1.823735866194994e-07,3.6270106620931273e-07,5.657786105346307e-07,9.652219166907441e-08
1319776,C,0.6598,7.79853672027023e-06,3.2727157783080763e-05,1.243557109349129e-07,9.349335884223949e-08,9.654911744274293e-08
1314709,C,0.65988,2.5774891275453544e-05,3.2643675806843936e-05,2.006632373709532e-06,8.371603673800215e-07,9.657305461618916e-08
1263852,C,0.66083,1.8967229638906057e-08,2.121221489390503e-07,1.2374116246902592e-09,8.945994229704926e-10,9.685753536206447e-08
1261191,C,0.66147,1.982822212414507e-06,5.9655923504115975e-06,1.7430495672385613e-08,6.553803762311308e-08,9.704942142311187e-08
1434258,C,0.66195,2.589765001303996e-10,2.625345648785927e-09,8.77837058091738e-08,1.4510168474945037e-07,9.719346058176445e-08
1264038,C,0.66362,4.602318111519275e-07,3.637497871357641e-06,9.583800251891145e-08,7.54102213355015e-08,9.769542908036173e-08
1945100,C,0.6646,1.0318506742849845e-06,3.577936909687921e-06,4.57438733787805e-07,3.687101489290343e-07,9.799059939186622e-08
1250823,C,0.66487,3.892035215408034e-07,3.523487360628506e-06,3.1360295754634294e-08,1.2226118110437488e-08,9.807200005536049e-08
1295794,C,0.67098,2.442506954335631e-07,2.2023838336384994e-07,4.0698758290726e-06,5.2815793939367546e-06,9.992310269913448e-08
1326299,C,0.67382,1.224512218644672e-06,1.8703634520713931e-06,4.4264247139120775e-08,7.002275112438676e-08,1.0078940878068285e-07
1260645,C,0.67405,4.820542647022653e-07,3.896446151833097e-06,2.723794151520707e-07,3.430063790314293e-07,1.008597310420792e-07
1290593,C,0.67528,1.8718781610752468e-08,2.651518321972563e-07,1.3383328114935004e-08,1.6097208092048492e-08,1.0123782144274057e-07
1329168,C,0.67651,1.9170519863973903e-08,9.443329226003296e-07,1.0562963202194841e-08,3.11073863594189e-08,1.0162206792420965e-07
1548070,C,0.67651,1.970958634752913e-08,4.762867013333426e-07,4.7862982855358207e-08,1.04427576595382e-07,1.0162206792420965e-07
1336599,C,0.67747,3.714820323258475e-07,1.1633783929714855e-06,6.777723038036784e-09,5.085097770843725e-09,1.0192247332425915e-07
1319667,C,0.67756,8.292536930368006e-07,2.9481659562372854e-06,0.0015744517829406,0.0006290731420662,1.0195065906135957e-07
1311151,C,0.67765,6.240542037827019e-07,4.608730019665465e-06,4.469375057669309e-07,4.328114531244814e-07,1.019788486951764e-07
1310916,C,0.67923,3.349122702777981e-06,3.2263113282371454e-06,0.0003796391483108,0.0005762827995824,1.0247436806143449e-07
1332795,C,0.67984,4.562197794167399e-06,7.225753634490536e-06,1.6719152585642305e-07,1.344348043374629e-07,1.0266599750597417e-07
1334257,C,0.68005,3.5764096280204826e-07,1.1167426212040773e-06,0.0001206651164058,0.000228278001597,1.027320097190097e-07
1560099,C,0.68006,5.274689469386271e-07,3.0182733410184676e-06,9.056983160205169e-09,1.8116980472498506e-08,1.0273515368690777e-07
1263130,C,0.68017,9.84618079623441e-06,7.681667402069827e-06,5.903448456210337e-09,9.041812073127073e-09,1.0276974050890577e-07
1927203,C,0.68069,2.8923066287484313e-06,1.629330629519914e-05,5.410781922616536e-08,7.148782336606005e-08,1.0293332064952684e-07
1264606,C,0.6811,9.131701071894102e-06,2.4998693970227627e-05,1.1869135174982208e-05,2.2942565597470228e-05,1.0306238901602145e-07
1330559,C,0.68131,1.514856853203298e-07,6.246365742653028e-07,2.622268012543801e-07,3.958969578236548e-07,1.0312852852179004e-07
1256596,C,0.68138,5.2554942716872066e-08,7.587626260026147e-07,2.4975377112645348e-08,2.5736979084542978e-08,1.0315057973825965e-07
1320030,C,0.68141,5.519256862496682e-07,1.3313758182536163e-06,6.6432937929690785e-06,8.123573402489237e-06,1.031600309812187e-07
1277710,C,0.68179,1.8749113319316028e-06,8.105930708144952e-06,1.0824175567128225e-07,1.780512552444856e-07,1.0327978420118277e-07
1333489,C,0.68179,1.161719618193728e-07,2.981221816240277e-06,4.8342690723740875e-08,5.4034053755061646e-08,1.0327978420118277e-07
1346627,C,0.68193,1.2832993473131173e-08,1.514022621523524e-07,7.749141691728352e-07,7.421145109332334e-07,1.0332392131970877e-07
1295509,C,0.68363,2.7004432102677244e-07,2.675769765292771e-06,4.371143787307818e-07,5.726816514786758e-07,1.0386062444767457e-07
1341743,C,0.68422,2.438211990699927e-07,7.089990384637848e-07,6.359312146995629e-07,1.6089043988480191e-06,1.0404721699481205e-07
1251022,C,0.68428,1.6146813813251856e-06,1.6718083043413422e-05,5.357544638821585e-06,7.970564695576258e-06,1.0406620188906317e-07
1433114,C,0.68438,2.4818314870956877e-06,3.166338118050294e-06,1.782914360309335e-06,2.294774382879104e-06,1.0409784722809338e-07
1308589,C,0.68576,3.0971588994286075e-05,6.32853052131128e-05,5.579355024774562e-09,3.048253605124335e-09,1.0453504418160377e-07
1642178,C,0.68673,8.46015888921029e-07,1.813066814912762e-06,1.2186873151378173e-08,1.5609078618738986e-08,1.0484289759309353e-07
1896213,C,0.68688,1.4494849597743258e-08,1.4406446504034453e-07,2.299511394722264e-05,3.9352654477392256e-05,1.0489054420113792e-07
1950043,C,0.68828,5.304658526372034e-08,2.522510372770148e-07,6.975978034877215e-10,1.2658683755301868e-09,1.053357678437937e-07
1320009,C,0.69164,8.777084556779846e-07,1.5350244041290253e-06,2.958859239576282e-07,3.904798561354268e-07,1.064081516555233e-07
1277716,C,0.69313,8.690018145839235e-07,1.5682319977340275e-05,6.325558222519144e-05,0.0001629735859026,1.068854410583447e-07
1332709,C,0.69371,3.541825895674532e-08,1.376199410034341e-07,1.9194416223279375e-06,1.6494158341610194e-06,1.070715203541237e-07
1645208,C,0.69516,1.8636400179506093e-07,3.556419733316951e-07,2.2247058796389506e-07,1.874663357221174e-07,1.0753742661732064e-07
1449102,C,0.6983,4.847538827255296e-08,3.574893766266921e-07,1.7601486431062923e-06,2.6100077877027637e-06,1.0854982144183823e-07
1387174,C,0.69842,3.995956936285274e-06,6.507014981994125e-06,6.257873214949016e-07,4.158405287187631e-07,1.0858860578839507e-07
1904287,C,0.69904,1.7883364292840792e-08,1.2108920240279667e-06,2.337037743231185e-07,9.426782724076717e-08,1.087891019377895e-07
1324062,C,0.70325,2.964098491155335e-10,1.353786862477334e-09,2.183293621964937e-05,1.588211463631981e-05,1.1015542664122332e-07
1254150,C,0.70417,3.821366250977718e-07,8.174415949196347e-07,3.800516077019587e-05,2.261119066218744e-05,1.1045514115471287e-07
1262895,C,0.70548,1.269153347088555e-06,2.6886838524785644e-05,4.434749851964313e-07,5.67911651623336e-07,1.1088261124359621e-07
1891266,C,0.70836,8.121043555377373e-08,2.787991614722337e-07,4.253240296793523e-05,3.8512221667262406e-05,1.1182529543379913e-07
1265623,C,0.70978,5.038920420493134e-06,1.6702074791387114e-05,5.085328145590778e-09,4.001209457098799e-09,1.1229155983624361e-07
1563063,C,0.71552,2.4189440751902183e-06,4.278037503329671e-06,4.27067680190803e-08,4.0220372310772734e-08,1.1418620448778977e-07
1340493,C,0.71719,1.3609724286576506e-05,3.2781505434580253e-05,3.0990617358491674e-06,4.751328619347981e-06,1.1474041044125797e-07
1894320,C,0.7188,1.4703408536440798e-07,7.187678597303911e-07,1.8287928965823864e-07,2.3733688779762585e-07,1.1527597503691169e-07
1433040,C,0.71949,1.4039685890214064e-07,3.442815928815309e-07,6.131179479494496e-06,7.174322110120695e-06,1.1550588445465213e-07
1646092,C,0.7207,1.6388780503274396e-07,3.385588923069594e-07,3.88754752762703e-06,5.388099335609544e-06,1.1590961193780373e-07
1277995,C,0.72199,3.2818468412904307e-06,4.802876064726112e-06,4.363106402500063e-06,4.810628617571516e-06,1.1634080788232955e-07
1306067,C,0.7222,6.225932719710754e-08,2.361346416482755e-07,1.476755664639231e-05,1.4927761110745885e-05,1.1641107834045673e-07
1312818,C,0.72292,6.475071202985084e-08,3.7955427978064514e-07,1.6701491570798205e-08,5.995295379380677e-08,1.166521666897494e-07
1701088,C,0.72403,7.499184095817746e-07,2.313329597015276e-06,0.0010546838792694,0.00156564093181,1.1702433316651397e-07
1900856,C,0.72416,7.692207188772658e-06,3.552550955697711e-05,1.4240133349508e-05,2.2660179346961297e-05,1.170679590060965e-07
1335259,C,0.72701,4.786871953380089e-07,1.180640851883846e-06,2.4531069309359776e-06,2.501681428535579e-06,1.1898864531187495e-07
1263139,C,0.72737,3.076130554502747e-07,1.6054226879022044e-06,4.692021473126855e-07,7.920214625624418e-07,1.192833255822338e-07
1299712,C,0.73064,7.918376364149228e-08,1.6624262106716645e-07,1.3215224870395049e-06,3.746005088829957e-06,1.219766944115252e-07
1555053,C,0.73072,1.0315273295469783e-05,2.785222153941504e-05,3.116933864100541e-06,9.62415828206364e-06,1.220429640427365e-07
1290043,C,0.73488,1.3490086802157889e-05,2.9979327359842977e-05,1.8549662920537514e-07,1.4212995464045038e-07,1.2551378497074606e-07
1617030,C,0.73615,2.6019989454556043e-06,3.756338850628437e-06,6.086682364421922e-06,6.821057510389446e-06,1.265830826698946e-07
1297490,C,0.73677,9.816952703231841e-08,2.37804144348877e-07,5.270310070420816e-06,1.0014985865455945e-05,1.271067496040699e-07
1302185,C,0.73717,7.23988671868205e-08,3.113431544125599e-07,1.05334593290848e-08,9.607580996025192e-09,1.27445172898922e-07
1315947,C,0.73781,5.601396097255779e-07,3.424681184390832e-06,7.963396414272276e-08,4.7105085156415435e-08,1.2798758602370194e-07
1309376,C,0.74009,5.1016316190866235e-08,3.012466445000586e-07,4.0954640524910754e-06,2.651683184308846e-06,1.299292935605323e-07
1307783,C,0.74061,1.2473570698615124e-05,3.098252535696425e-05,7.160080680253646e-05,1.348341762956324e-05,1.3037418631758236e-07
1700109,C,0.74119,1.5613064162782424e-07,5.261394569532535e-07,2.726308357246848e-05,0.0001258174986596,1.3087130990089878e-07
1537077,C,0.7445,2.7486673849687365e-07,1.8603829901945357e-06,0.0008703539398613,0.0025282660389418,1.3372644665531545e-07
1257605,C,0.74535,4.594514993611643e-06,2.684233426735017e-05,1.2875780529246314e-07,1.675439661924443e-07,1.3446461059236433e-07
1898252,C,0.74571,2.6825867847483704e-05,4.036519602658609e-05,1.629122198500712e-06,1.8606746936144384e-06,1.347778571967179e-07
1250882,C,0.74658,1.0478913167894292e-07,1.517204312480844e-06,1.9174887203736788e-06,1.271110144196776e-06,1.355363744157133e-07
1295800,C,0.74855,1.1191154866718229e-07,6.775649333551167e-07,2.35255759946598e-07,3.533231150246208e-07,1.372618028463667e-07
1864046,C,0.7487,3.215946290906095e-08,1.1947772976196312e-06,6.233754562427147e-07,4.99396086856131e-07,1.3739362776293106e-07
1337549,C,0.74877,1.1366313727331855e-06,2.5521093521237296e-06,1.9672293842449017e-08,2.5473573054107773e-08,1.374551677101757e-07
1302027,C,0.74899,7.931175364944985e-07,1.9587856840963207e-06,3.7810581278917233e-07,7.625172640154499e-07,1.3764866867760844e-07
1933196,C,0.75011,0.0001016972901913,0.0001467832756394,3.1894587138033845e-08,2.1376414057385538e-08,1.3863587468039948e-07
1310964,C,0.75147,6.350145727857879e-07,8.904988102182919e-07,1.1375684661659445e-08,8.617840026641716e-09,1.3983936708182904e-07
1380167,C,0.75331,5.94626749903693e-06,4.2746742466050575e-05,2.460819373304264e-06,2.360058199258114e-06,1.414759002070505e-07
1929022,C,0.75356,3.641125953211756e-06,7.124473188156309e-06,8.115333566209775e-06,3.333599191375197e-06,1.4169898990147969e-07
1304506,C,0.75421,9.953306410586444e-07,4.0160221589975535e-06,6.330067541425606e-07,4.801487612161209e-07,1.4227984563406046e-07
1263788,C,0.75729,1.4966451906689706e-07,7.439268611716021e-07,4.638432397630832e-06,1.2866352715613554e-05,1.4504836120781366e-07
1536112,C,0.75888,4.2127330566940853e-08,6.078639904233514e-07,3.424279788462092e-07,1.1245033613054386e-06,1.464880026177259e-07
1552143,C,0.75991,5.847666608982071e-05,8.832630897228077e-05,8.673610131493228e-05,0.0001319332355675,1.4742439482252014e-07
1330350,C,0.76303,2.7384440316666712e-08,6.112997983056154e-08,8.367440263483653e-08,1.33312232250214e-07,1.5027905026196406e-07
1302399,C,0.76495,2.267172613632549e-06,1.5076350138325148e-05,1.4654541238929334e-08,7.396779768750211e-09,1.5204936716469692e-07
1700105,C,0.76518,3.716202250425565e-06,5.724867352222174e-06,3.1370899454926375e-08,3.263810018442855e-08,1.5226213165842985e-07
1881037,C,0.76584,7.465003289023919e-07,2.7677785211525455e-06,2.36980287432819e-06,4.3905478851405165e-06,1.528734991506719e-07
1280135,C,0.77082,7.072388369554002e-07,2.418366980321034e-06,1.775108411428695e-06,2.75516828947481e-06,1.5752603619647853e-07
1323740,C,0.77137,1.7748524644932155e-06,1.4274177655590094e-05,3.712761028844543e-06,2.7439588433697513e-06,1.5804414704689014e-07
1338940,C,0.77334,1.6109067596259774e-06,3.391244225006209e-06,5.542713686251739e-08,7.964633888210025e-08,1.5990690600230462e-07
1309215,C,0.77464,4.779379194152335e-06,1.4600945620221376e-05,5.675429833604746e-06,7.821970938559836e-06,1.611421148302988e-07
1316487,C,0.77627,5.609243474932226e-06,1.2323689328209658e-05,1.244846621298738e-07,1.5147349230980556e-07,1.620237964288446e-07
1330403,C,0.7765,7.914727493186501e-07,3.0097791533764477e-06,8.445276121321281e-09,2.0593991005497773e-08,1.6212146736572312e-07
1250852,C,0.77725,8.048087451975882e-07,2.1541297874718736e-06,7.134339069846314e-07,9.498796561453772e-07,1.624401640038279e-07
1590122,C,0.77952,3.540258349184604e-07,2.4433074808633036e-06,2.2603884977713502e-06,2.081847329718884e-06,1.6340665944016897e-07
1652139,C,0.78266,1.4447576399771993e-08,3.5676201538862816e-08,0.0001649450920229,0.0003802825869538,1.647482991637999e-07
1948295,C,0.78324,4.304904522134481e-07,1.8360789731751484e-06,3.3564276697046866e-07,6.002628895193616e-07,1.6499671813904106e-07
1320474,C,0.78842,3.3739432395845834e-08,2.2151994328500577e-07,4.804337125308823e-06,1.2868927387758458e-05,1.6722365618172328e-07
1332701,C,0.79167,1.0700971306079171e-06,2.6657397362987747e-06,2.274509617917965e-06,2.7731804190367936e-06,1.6862848741984576e-07
1347112,C,0.79318,9.111474253400481e-08,3.821428155797309e-07,3.86925575176549e-07,5.396048753488435e-07,1.6928319297790208e-07
1409129,C,0.79364,7.935956982443186e-08,6.51348590932701e-07,0.0001517858532844,0.0001213087508877,1.6948289177899125e-07
1271436,C,0.79511,2.3334992299873586e-06,6.214677271451859e-06,3.1220425251131065e-08,4.364792514841089e-08,1.7012184887399586e-07
1290176,C,0.7953,1.5528440222155455e-06,5.886317182027793e-06,2.0427998346232018e-07,2.203679182623684e-07,1.7020452289900813e-07
1303699,C,0.79547,1.0549087423318078e-05,1.3798504738428085e-05,7.215403524835357e-09,1.0372894898193285e-08,1.7027851141888697e-07
1325191,C,0.7981,3.346524056782214e-08,1.619229206444438e-07,2.1155486136159393e-07,3.163085539694031e-07,1.714252057647047e-07
1551083,C,0.80301,1.3682921787978672e-06,1.6132315993242895e-05,3.3992918631413755e-08,4.525413745265918e-08,1.735762906733365e-07
1330970,C,0.80669,1.3734123581951344e-06,1.3777025177116463e-05,1.001041164526038e-08,1.4865860159667033e-08,1.7519730228558607e-07
1315974,C,0.81174,1.4773451077621684e-06,4.10863365432343e-06,4.3041325524999034e-07,4.843234777389252e-07,1.7743405173229934e-07
1293832,C,0.81325,3.878508106015448e-06,1.4154445405935786e-05,0.0001806528045583,0.0003408104384912,1.7810561737242914e-07
1252595,C,0.8133,4.64210692113033e-06,8.508304557596264e-06,1.0072484950557662e-06,3.4088685965975247e-06,1.781278763422936e-07
1339227,C,0.82081,1.8536241836926785e-07,1.1124158663595103e-06,6.809885256763198e-08,7.874119061924366e-08,1.814869667058548e-07
1341271,C,0.82584,4.0270031414273595e-06,5.187997322724098e-06,3.253589589955731e-07,3.972496490017691e-07,1.838707646215301e-07
1336957,C,0.82961,1.2718591492575306e-07,9.858876439026152e-07,1.36755951070604e-08,9.927173926732437e-09,1.861053285668795e-07
1341227,C,0.83036,4.489163247321839e-08,2.220776868817708e-07,8.108486462921076e-08,2.0222362245947525e-07,1.8655148000990159e-07
1936293,C,0.83168,3.473589126306342e-07,3.1854430078800938e-06,6.3269259833489e-08,2.1309694390056254e-07,1.873380038706372e-07
1411114,C,0.83706,2.8818859244162034e-07,1.6211684222915604e-06,2.433413595861936e-06,3.930836277346646e-06,1.905607987984664e-07
1581017,C,0.83813,5.713876822021764e-09,4.689919408098449e-08,4.5764023776480016e-08,9.842527408347775e-08,1.9120504036430515e-07
1826039,C,0.83916,1.9488268912025255e-07,2.290830276287959e-06,4.2498253306870315e-08,8.13890970642169e-08,1.9182622510787505e-07
1946246,C,0.83936,5.202847884819271e-07,2.069316643087899e-06,6.656317606153611e-08,4.9712457239815587e-08,1.9194696030345776e-07
1253972,C,0.84019,5.756212660669244e-06,2.4343707422257703e-05,4.415779974452775e-07,4.560556600082568e-07,1.9244841726460969e-07
1257646,C,0.84094,1.317616786877159e-07,1.238209439447549e-06,1.6928008026786034e-07,1.6432501393437237e-07,1.9290210365292586e-07
1872097,C,0.84132,1.49946495895523e-06,6.558221941713467e-06,4.658045484054557e-08,3.8978159005619324e-08,1.931321752985877e-07
1322975,C,0.84634,1.026270347049846e-06,3.9326865778857e-06,3.4244897953863236e-06,4.137449248369989e-06,1.9618441348328642e-07
1508029,C,0.85279,8.001306736592255e-07,4.109597726761158e-06,1.5830522701779347e-05,1.88159817136861e-05,2.00141239746602e-07
1250858,C,0.85707,1.425097286034704e-06,2.049612857298321e-06,3.911315401659421e-06,3.605414101887354e-06,2.0278865922031257e-07
1912270,C,0.86642,5.59000554632374e-08,2.254523946929697e-07,2.0357699480878245e-07,2.505406488837594e-07,2.0863266506944507e-07
1302199,C,0.87001,6.329296497502142e-08,2.3377356576082953e-07,6.377453599582218e-06,3.8547589130101625e-05,2.108985695660459e-07
1295550,C,0.8727,1.926175389313046e-06,4.532112251966673e-06,1.187057721439863e-07,1.357619961557203e-07,2.1260444076280325e-07
1778026,C,0.87344,7.146210191372788e-07,2.019747497983716e-06,2.185495151852586e-05,2.3769248941896325e-05,2.1307491899658113e-07
1912066,C,0.87344,7.706913932042081e-07,2.230198578084494e-06,1.699407261177698e-05,1.8535814388791055e-05,2.1307491899658113e-07
1817265,C,0.87998,7.51555865354928e-07,2.363049079314864e-06,6.545450447212332e-07,5.954131113555848e-07,2.159267741230933e-07
1262231,C,0.88314,1.538944789449837e-07,3.168845208704208e-07,3.388644137828645e-05,4.983678532091177e-05,2.171101219882145e-07
1295527,C,0.88491,1.7286454710385092e-06,4.834694171933329e-06,1.5932717476161945e-07,1.5214881183737714e-07,2.17774359501028e-07
1252237,C,0.8858,4.860089625352834e-06,1.1391799176187096e-05,4.165371555457507e-07,6.370951996252309e-07,2.1810873796056947e-07
1936125,C,0.8953,1.0026379813079811e-06,7.91284383973843e-06,5.763116030053721e-05,7.665761135911383e-05,2.216939284072765e-07
1372115,C,0.89842,2.613521434668756e-07,7.794030262991723e-07,0.0003473555607704,0.0005906734453113,2.228777558735129e-07
1595118,C,0.90941,2.588182032696334e-07,1.2181350607555023e-06,8.656147811040827e-06,1.6532539987253537e-05,2.270728207687216e-07
1904300,C,0.91082,5.394699811739626e-07,4.936470855725064e-06,3.488456923930953e-06,1.6592568943052928e-05,2.2761387208956238e-07
1307843,C,0.92146,1.208704712724793e-07,8.234657636518029e-07,1.5558384993733883e-05,9.710262877977018e-06,2.3171745897944921e-07
1346612,C,0.92274,8.396160448399338e-07,3.4976668760469435e-06,9.408114606016382e-06,1.2041411300155516e-05,2.3221359405620678e-07
1339176,C,0.92537,0.0001109834688365,0.0002594944952251,4.9168670191721774e-06,1.576557333342508e-05,2.3325217015086674e-07
1309227,C,0.92576,5.967628759712082e-07,2.587687882910022e-06,5.748700965792757e-05,0.0001690958487547,2.3342224122413785e-07
1892072,C,0.92838,6.602929584963842e-08,5.907476003729257e-07,2.625941864625003e-07,9.723261608958282e-07,2.3456637674940673e-07
1370441,C,0.93733,7.231567956027598e-07,7.553558986810292e-06,1.8596631871049976e-05,2.2386005676644192e-05,2.384958767765183e-07
1256028,C,0.95521,1.6662380119980576e-06,6.902406356920623e-06,1.1834180035623252e-06,2.927179803505229e-06,2.4644383662935736e-07
1339246,C,0.95791,1.751946058044483e-07,4.958616228246292e-07,0.0001721922445737,0.0014676327585773,2.4765535322367034e-07
1309509,C,0.96296,3.532801245970095e-07,5.550859289118577e-06,4.969198157564452e-07,6.532421872654611e-07,2.499293120487987e-07
1250803,C,0.96329,5.6228498163127865e-06,1.4007759595684022e-05,1.953736702334111e-06,6.857086706141607e-06,2.500782691074755e-07
1254108,C,0.96689,9.085570984803135e-08,2.712244426020327e-07,5.723822265801668e-06,7.278982625444409e-06,2.517061377914143e-07
1339232,C,0.96859,5.053470543918996e-07,4.509511085612333e-06,0.0016400589166859,0.0025299866123983,2.524766893044966e-07
1252183,C,0.97242,4.6515086501486383e-08,3.3086790827316117e-07,7.060223028715656e-06,6.126826730783992e-05,2.5421701184321025e-07
1252665,C,0.97489,3.830171756501538e-07,3.1431413474655863e-06,0.0001566820767454,0.0003032374864749,2.553425313248747e-07
1255798,C,0.98024,2.0895021722148273e-05,6.375195519799136e-05,6.994738739697089e-07,1.7568923656403724e-06,2.5794321667507765e-07
1252671,C,0.98536,0.0001446592483813,0.0002729208423278,7.565206713507544e-06,5.230087796254774e-05,2.604475516223531e-07
1901899,C,0.98846,1.5509522087239213e-06,3.3632081809476684e-06,2.7156115490737424e-06,3.2825383764005235e-06,2.619697283941121e-07
1447146,C,1.00009,2.914353062512422e-07,1.929681192664419e-06,1.445835112685695e-05,2.7312341750239045e-05,2.677198778531706e-07
1309870,C,1.01382,9.502922657992004e-07,1.8146748214546168e-06,9.320414847363624e-06,1.2712056035305967e-05,2.7458866631905985e-07
1435094,C,1.017,1.4001406640522948e-05,2.995312670755848e-05,1.3101632982869843e-06,2.482630372072661e-06,2.761919525964203e-07
1430116,C,1.02144,3.1047302473487207e-06,9.862449189189752e-06,1.419179044105689e-05,2.595462456237968e-05,2.784383104985546e-07
1257228,C,1.02433,1.925832720252821e-06,1.3099590100333e-05,3.3959796400504305e-05,7.78483882818467e-05,2.7990535522753265e-07
1303722,C,1.02468,6.548482392031981e-08,8.189899186373167e-07,3.441514224304532e-06,1.3101380150999195e-06,2.800832866860344e-07
1263125,C,1.02868,0.0001160429463037,0.0001594077715577,2.6535821753916795e-08,1.5215086284676754e-08,2.834786458044661e-07
1924188,C,1.04136,4.416671343060206e-06,1.4128477666929664e-05,2.3013323473684306e-06,9.530927619355246e-07,2.947591418964081e-07
1255169,C,1.0468,4.083570806570801e-06,1.847266097958375e-05,0.0013378693930375,0.0026752936921618,2.996661890212997e-07
1337541,C,1.05479,5.518929378170057e-06,2.0570831799014983e-05,0.0067039857724029,0.0045256345231748,3.069468566635618e-07
1842087,C,1.08349,4.634198922894298e-06,1.5624657103963525e-05,9.87522184542181e-07,1.275851318859571e-06,3.294352777929974e-07
1446080,C,1.13057,7.970487181879097e-07,4.086120481095528e-06,2.679187676851749e-06,2.913059247832307e-06,3.477382918715503e-07
1257587,C,1.14418,1.10593461483846e-06,4.014378198212324e-06,6.366717999636287e-06,1.911963164511913e-06,3.477382918715503e-07
1317612,E,0.10442,1.2829013699503428e-10,5.269174791322698e-09,0.0,0.0,1.7910608355621797e-11
1330031,E,0.10563,1.1661793707068706e-11,6.925076035414915e-11,0.0,0.0,1.7910608355621797e-11
1257695,E,0.18383,1.352674669765493e-07,2.21037222392745e-07,4.824579863457935e-12,1.6594585855222386e-11,2.6667319581306037e-10
1273127,E,0.18937,3.367332798887126e-07,9.948871895728736e-07,5.811651937037456e-13,2.2119913153180594e-13,3.266591493898162e-10
1295844,E,0.19209,2.777316630483419e-11,4.283179562659366e-10,9.777989692001555e-10,8.395603524517223e-10,3.5833616994140415e-10
1550021,E,0.20587,2.5386652277814387e-10,8.095266429297632e-10,3.265973390870237e-13,1.877978789994749e-13,5.413391222329745e-10
1327978,E,0.20699,1.0630173510893372e-09,9.218206760212325e-09,1.794830589106584e-12,3.3779670129167996e-12,5.578660810249329e-10
1313230,E,0.21792,1.019877255563059e-09,6.770528482195676e-09,1.8314926955468457e-07,1.979501880237091e-07,7.32197354793794e-10
1919017,E,0.21849,4.692515000259332e-09,2.538789797320753e-07,9.544227222805176e-11,1.1762477620560584e-10,7.419380280982512e-10
1682020,E,0.21924,9.079756716145941e-09,3.729544538171401e-08,0.0003383962099409,0.0002101796761711,7.548527655138147e-10
1867019,E,0.22101,2.2630844124758413e-08,4.789152203768214e-08,6.716568773427913e-11,1.2237584889211316e-10,7.857733597655115e-10
1331123,E,0.22157,1.809286243882437e-09,3.730584159500149e-08,1.7516955854315615e-10,1.6084279035801742e-10,7.956853904023918e-10
1929063,E,0.22211,4.983580208073995e-10,4.784407745339406e-09,4.270260189816101e-09,4.753158763717173e-09,8.053022571538355e-10
1249137,E,0.22305,8.52852919595145e-08,4.695627529528957e-06,3.7156728248530486e-10,2.07311530657717e-10,8.22180530800631e-10
1641279,E,0.22398,1.236603736476957e-07,6.055160293450033e-07,1.0653932223161164e-08,4.272924908934868e-09,8.390515106179535e-10
1302648,E,0.23171,2.0010766874502376e-10,1.5770914539259061e-09,3.6096905305693756e-09,5.325211954386956e-09,1.087462930777235e-09
1275946,E,0.23212,1.2458988151213292e-09,1.3205205779610381e-08,3.2649773082878675e-08,1.8040715001565338e-08,1.102381390073889e-09
1860025,E,0.23532,1.1798725713467384e-09,6.448688939841492e-09,9.287106283638224e-11,1.3816948226890372e-10,1.22231034643052e-09
1927242,E,0.24576,1.6197428686851606e-09,4.3886003962705334e-09,7.042854332021487e-08,6.18157075910568e-08,1.6566269557008007e-09
1879256,E,0.24936,2.8427837624780633e-09,1.0599308068628543e-08,3.092604245809166e-10,1.1280842154992466e-10,1.8216708917457814e-09
1321450,E,0.25833,3.945081013492632e-07,2.542744243101259e-06,7.586399907111298e-10,1.0068350891719087e-09,2.266990872613778e-09
1303883,E,0.25904,1.2301452377977322e-09,7.750267051606353e-09,5.249231703441254e-10,3.4998928218274765e-10,2.304316831457988e-09
1300390,E,0.26765,2.1755477732465536e-08,2.3103673927550153e-07,1.0422040082679768e-08,6.211527796715714e-09,2.781218138345096e-09
1249970,E,0.26775,9.585700099741074e-09,6.440115782992817e-08,1.1662069145789473e-06,7.884919187695518e-07,2.787020367427832e-09
1560034,E,0.26891,6.167709988984895e-09,5.6721486094683234e-08,2.916578774746811e-10,2.5464943748643617e-10,2.8547680704237886e-09
1309874,E,0.27001,1.2071542995894004e-09,3.8640501637128487e-08,3.392130798667817e-07,3.308513717795985e-07,2.919763106414789e-09
1773078,E,0.27142,5.34754500568312e-08,1.2522047969700684e-07,1.9498778501311378e-07,1.5480950290105977e-07,3.0041448047862993e-09
1339756,E,0.27539,1.7088457879260454e-09,3.0612947867128834e-08,3.574312370786066e-06,1.011007340327443e-05,3.239398074626182e-09
1773339,E,0.28417,1.8482762238689608e-10,1.6312151866845786e-09,8.661799413348193e-09,1.1312550227767058e-08,3.6007337124860942e-09
1297927,E,0.28513,2.8029156168295778e-08,1.6275678313257308e-07,7.034059966820451e-08,5.490601315346821e-08,3.641400371905694e-09
1289288,E,0.29001,7.805352351399935e-10,2.7499843174155927e-09,5.16835038751303e-08,4.436571562175609e-08,3.851653365002255e-09
1371022,E,0.29082,4.104003518812157e-07,7.223345690608706e-07,6.818264135791903e-08,4.4961975484092026e-08,3.887122918470668e-09
1531089,E,0.29149,7.203690411612694e-10,5.371842128325841e-09,4.681854612193189e-08,2.492471677517988e-07,3.916584782613256e-09
1291090,E,0.29199,6.49480461565863e-10,7.798957963717325e-09,3.1322908148128036e-08,3.8117725365129016e-08,3.938643724899342e-09
1281668,E,0.30697,6.453391557524348e-10,3.861094087710083e-09,2.8511423897218723e-09,4.116666872741826e-09,4.628258877780354e-09
1338128,E,0.31184,1.2020301264558964e-10,4.5683381428175375e-10,3.143941535175705e-07,5.247104147398262e-07,4.86442938228149e-09
1791116,E,0.31193,1.1553823648654263e-09,7.540817108039551e-09,5.9823478844331855e-05,0.0001185531235737,4.868849234743987e-09
1850045,E,0.31314,7.281159009528689e-08,9.119069763301804e-07,8.286992142272155e-10,4.0465559532719403e-10,4.9284665769039e-09
1253119,E,0.31915,1.3918956629260121e-08,2.6492968536139857e-07,4.245960163133248e-05,6.994331477623778e-05,5.229958389816039e-09
1592028,E,0.3251,1.2644179986464947e-05,2.4782075631642263e-05,1.939067261964404e-09,1.3374209948496915e-09,5.538080183229698e-09
1370320,E,0.3307,8.473028943312115e-09,3.9249134131840274e-08,1.5279981445612962e-06,9.10046970064334e-07,5.882773447881261e-09
1323016,E,0.33485,1.5758464904100342e-07,2.163495970789659e-07,6.123785185269154e-07,5.354568904951352e-07,6.144928715759133e-09
1304145,E,0.33811,8.68187446604332e-08,7.117106921683197e-07,1.805640539515567e-07,6.48414528631326e-08,6.354870438176909e-09
1933035,E,0.34105,7.033268360196623e-07,4.495188686944164e-06,2.7829476482268076e-06,3.593206477628937e-06,6.547228503547641e-09
1336009,E,0.34175,2.575993566466189e-09,2.987224017073291e-08,1.0327146481678025e-07,9.363587311983455e-08,6.593450769287256e-09
1311394,E,0.34291,1.616825835003925e-07,7.240276690407003e-07,8.177180638525782e-07,7.458503620779159e-07,6.670405623786986e-09
1248925,E,0.34307,5.2223016632637535e-08,2.14675524763249e-07,5.0064725833311014e-08,9.000731827396597e-08,6.681055125647541e-09
1371048,E,0.34392,2.5951794944631596e-07,1.9338219741080076e-06,5.229978347656211e-09,6.1489444758082525e-09,6.737773033870168e-09
1291408,E,0.34721,7.13823790751488e-08,1.9851077513297359e-07,4.694262300777682e-07,7.472132920619445e-07,6.959564430084549e-09
1336150,E,0.3481,4.001242927050882e-08,8.224847786527158e-08,3.093608885588779e-07,2.3189256236256737e-07,7.0201799109220345e-09
1919042,E,0.34814,6.970093946854011e-07,6.700257284919661e-06,9.984087821705944e-09,1.5099997024988718e-08,7.022910373867373e-09
1258906,E,0.34918,8.403075117550132e-09,2.4105610896292667e-08,9.885069045484606e-10,2.1164948197804948e-09,7.094088755142625e-09
1291254,E,0.35021,7.671134770770778e-07,2.262128713494125e-06,7.183495875628994e-07,4.476592686861656e-07,7.164936455311755e-09
1773049,E,0.35023,4.584126227924114e-07,1.016500467579802e-06,3.3286576406445474e-08,2.8257225219675095e-08,7.166315622818459e-09
1328016,E,0.35071,2.670610017767781e-07,2.02985960099934e-06,8.045367530816587e-09,8.457462867796983e-09,7.199455460225506e-09
1257040,E,0.35177,1.4567849002308365e-07,3.436736421835032e-07,1.377155820460211e-06,2.0546658302713618e-06,7.272910091426242e-09
1247022,E,0.35763,5.974077125692064e-09,3.655092928092439e-07,3.576973616907972e-09,9.292415149790706e-09,7.685717121302446e-09
1331700,E,0.36025,1.8786818949612852e-08,7.633548275283444e-08,2.3402299488494048e-08,3.608302679393739e-08,7.873968736330871e-09
1500031,E,0.36606,1.6320698098174773e-06,9.553369796807638e-06,1.0080822716434243e-05,4.061777742631322e-06,8.299553223466399e-09
1344639,E,0.36672,1.1052130086803815e-09,1.0455959233985928e-08,1.9488365000693007e-07,7.112817377634416e-08,8.348606897444609e-09
1599030,E,0.36774,6.581547021287928e-10,6.719524832983075e-09,1.2532258209605354e-08,1.2728689850582208e-08,8.424701415959009e-09
1770386,E,0.36795,1.685566931007166e-10,4.591670716751477e-09,6.937576856177013e-09,3.296212184650141e-09,8.440410787781097e-09
1904092,E,0.36798,1.1395567296644255e-10,9.72695311796912e-10,8.014819448464674e-06,1.972012161571389e-05,8.442656178272532e-09
1249245,E,0.36834,6.145217526417012e-09,9.960806814044437e-08,3.158382896269818e-05,4.19736998710285e-05,8.469624157260144e-09
1343533,E,0.36843,1.1068717725710603e-06,2.1125457775325695e-06,1.7983318451490209e-10,2.363785515703381e-10,8.476372871166728e-09
1283936,E,0.36862,1.6965952598123263e-10,2.654346004484328e-09,4.9324771759580016e-06,9.565185392314738e-06,8.490628982234509e-09
1291957,E,0.37143,4.5371340762765384e-08,1.6146047939777094e-07,6.055063847827832e-11,3.769532143477136e-11,8.702867942268965e-09
1291511,E,0.37228,3.224376939112115e-07,1.642668307300644e-06,4.1828583278403406e-09,8.474599670077393e-09,8.767584470406996e-09
1318126,E,0.37298,5.937981276791131e-09,1.2544848636839856e-08,9.318804347211992e-08,1.363108076006083e-07,8.821060441862515e-09
1879532,E,0.37719,2.9447957781112757e-07,3.577862669438316e-07,6.051788770491881e-07,5.409433128686845e-07,9.14658962125456e-09
1289913,E,0.38495,4.72413088349057e-07,2.065515433874754e-06,1.2820643385633818e-09,2.248855802722832e-09,9.762913553638844e-09
1249090,E,0.3862,4.870685427949046e-06,5.581665093072327e-06,4.7716500788614646e-09,4.561102911137542e-09,9.864071571850812e-09
1338170,E,0.38676,2.0119107982481886e-07,4.2767978119112274e-07,1.4849306717192414e-07,1.5219873468375256e-07,9.909559472922151e-09
1257022,E,0.38683,3.142287686164802e-07,7.566842474490009e-07,3.395940049463114e-09,4.1973096047700716e-09,9.915252818195093e-09
1435067,E,0.39136,1.948644044438901e-10,5.636911868543651e-09,4.179581714386937e-08,2.8548456394148407e-08,1.0287170200486598e-08
1773237,E,0.39186,4.219671399302264e-07,9.888640606079048e-07,8.062688573482267e-08,4.1378809386482166e-08,1.0328640286505361e-08
1331130,E,0.39189,9.33287323008884e-09,2.8471986443433498e-08,1.3365524488320284e-05,1.1262296292808812e-05,1.0331131144421111e-08
1618036,E,0.39216,3.3035409361435223e-09,2.9669509371040323e-08,2.1457438840952484e-09,1.526758482264449e-09,1.0353562379690331e-08
1315910,E,0.39365,1.3302859342125193e-07,2.755928344228392e-07,4.6272824013830047e-08,5.2274397972256074e-08,1.047778708784638e-08
1431064,E,0.39494,6.631538560969966e-08,2.28925033357696e-07,5.232686518032545e-09,3.3971369378719262e-09,1.0585935659743865e-08
1336002,E,0.39496,5.572143464418672e-07,6.030510673310133e-07,2.276758646788271e-09,2.523671127270108e-09,1.058761675299414e-08
1291783,E,0.39821,1.2681589814480737e-08,2.8281933611384834e-07,5.337927508807698e-07,1.0651923142484217e-06,1.0862567497053386e-08
1265832,E,0.39876,1.1748684586459877e-07,2.2763852981333282e-07,8.575435632351921e-09,3.380583542800557e-08,1.090944631834074e-08
1300517,E,0.40031,2.005607655188423e-07,3.307005772084851e-07,2.1203344042686753e-08,5.3120276939809555e-08,1.1042102423991366e-08
1275873,E,0.40188,6.162348612764535e-10,3.6946206471419797e-09,1.0092981301594264e-08,4.786577902921761e-09,1.1177287469843909e-08
1408024,E,0.40228,6.556048325024047e-08,1.8604921223478861e-07,5.2534003125920993e-08,2.7414198962173382e-08,1.121186098957584e-08
1253131,E,0.40349,4.580397554591266e-08,1.321744459425132e-07,3.977714671102413e-06,1.1189262516849027e-05,1.1316770907553292e-08
1342778,E,0.40457,1.3360267483304308e-08,1.1341756463985313e-07,4.929163072708389e-07,2.483988454573571e-07,1.141082214044458e-08
1537020,E,0.40597,3.711703161913921e-07,4.395081595965795e-07,1.1282927265177142e-07,5.834439744906896e-07,1.1533319673400934e-08
1318266,E,0.40626,7.92416806591899e-08,5.524489178965226e-07,1.2416197273302507e-06,1.1006293522626934e-06,1.1558775930600165e-08
1341370,E,0.409,3.90735734656871e-10,5.5805483750532035e-09,8.402759722036981e-07,2.057109069977779e-06,1.1800678809169436e-08
1337971,E,0.41066,2.0331960457840906e-08,2.478672937404447e-07,2.621622969404828e-07,1.9814430313277042e-07,1.1948451706418497e-08
1260949,E,0.41568,4.2975261319410314e-08,1.2188384980216497e-07,1.030617479226832e-07,1.8394100979333325e-07,1.2400925932998188e-08
1306578,E,0.42044,3.7223960567295436e-08,3.4292263672487596e-08,5.7200234390465464e-08,7.906755365135666e-08,1.2837732103495377e-08
1876308,E,0.42147,1.7914176337622263e-09,1.5017254877333678e-08,9.24347342494391e-09,1.1567900112523018e-08,1.2933246068817412e-08
1306991,E,0.42199,1.5917606507792984e-08,1.823862957825245e-07,2.3932176009106625e-08,2.0522482488811985e-08,1.298160118445494e-08
1431072,E,0.42267,9.965111622057383e-08,7.007854971347652e-07,2.1397015561343668e-08,1.561156150123199e-08,1.3044970938561886e-08
1516019,E,0.42436,0.0001858829134147,0.0003184309833062,1.3211451340059446e-07,7.465618063055154e-08,1.3203131659491322e-08
1251225,E,0.43172,6.161913598899678e-09,1.2543791426517196e-08,1.8400913247368686e-07,4.1684866083197946e-07,1.3849482810123776e-08
1922297,E,0.43225,5.4283242347888365e-06,1.0943002933750672e-05,1.0798331221570829e-08,6.822938119796905e-09,1.3896255704540093e-08
1883111,E,0.43278,1.5195258827849792e-07,1.3828647507361629e-06,2.6905711135221713e-08,2.0595331894034253e-08,1.3943107447288573e-08
1908380,E,0.43668,2.267089091425992e-08,1.511844107813662e-07,2.3997126415274114e-07,2.9453062964328053e-07,1.4290290372095324e-08
1336008,E,0.43764,4.7710710479654125e-09,1.1883733207313349e-08,9.219183887911831e-06,6.8125112044259415e-06,1.4376405598842845e-08
1253148,E,0.43868,1.9804303240294417e-07,5.369656664353773e-07,1.0589118840085782e-08,1.1194289736975781e-08,1.4469989021382637e-08
1536026,E,0.44129,5.972037406446912e-08,1.341024678257039e-07,3.1699826985777033e-08,1.295700820652737e-08,1.4706184457556761e-08
1328105,E,0.44153,3.061254984885976e-07,8.557585623450693e-07,5.659623090288759e-06,6.8114469909444546e-06,1.4727999577162396e-08
1311247,E,0.44183,3.770031749600489e-09,3.5255605696116496e-08,4.163555680806318e-09,4.6764282847678e-09,1.4755291213283004e-08
1255008,E,0.4438,2.1690480250681156e-05,7.739821440094934e-05,8.942609008159406e-09,8.38124144338577e-09,1.4935133919269598e-08
1249956,E,0.44628,1.4269899635122047e-05,3.498777230778628e-05,1.7287333429065715e-10,8.566991290535934e-11,1.5163083785990653e-08
1367331,E,0.44684,3.75506651589263e-05,7.457722837157743e-05,1.2078386795154413e-10,1.6730740117191027e-10,1.521479526747845e-08
1450148,E,0.44736,5.201844923509592e-08,1.741865307473543e-07,4.7025783841003417e-08,2.9947615397881125e-08,1.5262891891978597e-08
1900662,E,0.44791,2.8885349760950894e-08,9.05744840506825e-08,3.2807746129842465e-08,2.4410751796819907e-08,1.5313845917401732e-08
1895036,E,0.45194,4.770510813195702e-06,1.2528970955029236e-05,1.3984744590093285e-07,1.5800782896227062e-07,1.5689790444536125e-08
1289346,E,0.45198,2.1912489233238253e-07,2.375966935709487e-06,1.3036801784564633e-06,1.302078155108919e-06,1.5693544752755905e-08
1290127,E,0.45222,2.6878237334913016e-08,1.8535923625465058e-07,4.639228672853899e-09,4.348027506314872e-09,1.5716080033560076e-08
1262252,E,0.45294,3.823976853411213e-07,2.9958646662137504e-06,3.348552226615695e-09,3.5111498525739493e-09,1.5783782885528402e-08
1253101,E,0.45332,5.993178343073569e-07,1.1763659024239837e-06,0.0003113895341682,0.0005096781805428,1.581957361236826e-08
1302110,E,0.45351,4.358404449907583e-09,1.3078700261579285e-08,1.3247807018201789e-08,2.5575833129780793e-08,1.5837484175634648e-08
1309694,E,0.45353,1.2285602037477893e-07,2.3026787826882336e-06,1.3990185059264111e-09,2.108609755359994e-09,1.5839370087552587e-08
1304193,E,0.45354,8.016143728605395e-08,4.339398177670571e-07,1.1400497226828117e-08,1.3533782623780352e-08,1.5840313085615263e-08
1334302,E,0.45463,1.6850949418598233e-08,1.1907669316897454e-07,1.4249161898627561e-09,8.306362029938881e-10,1.5943268153531728e-08
1339716,E,0.45682,6.976594496808286e-08,3.582100856216574e-07,3.942730773935592e-07,5.793101258295706e-07,1.615113098958327e-08
1915067,E,0.45699,8.264752663522623e-08,6.622553452290616e-07,3.0084026907407733e-07,5.855231027753961e-07,1.616732276908267e-08
1263244,E,0.45799,3.4459204820781394e-08,1.2125258594537224e-07,2.85530469246838e-06,4.0145028074445584e-06,1.626273273972034e-08
1879263,E,0.46192,2.4608081955800243e-08,1.759664923564565e-06,3.391094418708506e-06,3.6023048458829284e-06,1.6640413181272943e-08
1297742,E,0.46256,3.869356967202157e-07,2.336412096231811e-06,2.471573977710075e-05,4.4559205007266566e-05,1.6702328887257872e-08
1551020,E,0.46283,7.837226215932996e-06,2.005707968417205e-05,6.142308544111015e-10,4.96579287257821e-10,1.6728484059584782e-08
1484053,E,0.46322,2.926976351353633e-05,4.338616531281669e-05,1.811595532211591e-07,3.1900057934178025e-07,1.6766299878899804e-08
1596033,E,0.46937,8.01573171691862e-09,3.6067284728573165e-08,1.727089518892225e-08,2.7193966969667857e-08,1.7368271256434792e-08
1532056,E,0.47273,8.349423611147166e-09,2.4067396780467186e-08,3.080250542222825e-07,3.939668381195866e-07,1.7701637850589713e-08
1305785,E,0.47327,2.3626784629193882e-08,3.313156204817802e-07,1.1637619679460044e-08,8.999128051238333e-09,1.775551020063318e-08
1257102,E,0.4733,6.74062880177104e-07,1.5335978588426227e-06,2.225838902001148e-07,2.46236177592478e-07,1.775850550894526e-08
1403033,E,0.47435,3.9504641631784965e-08,2.0828481554898035e-07,5.271959622420787e-07,3.295425001046719e-07,1.7863500456154923e-08
1431096,E,0.4768,5.228479704559823e-07,4.400657221462671e-07,1.0502698532001765e-08,9.621395210104776e-09,1.821324230019056e-08
1302418,E,0.4778,3.121643393128689e-08,2.8687303019922433e-07,9.500643176898877e-08,1.4993690919295079e-07,1.8372316109759213e-08
1636093,E,0.47782,1.3954096189891288e-08,8.5952437797198e-08,2.306087475839796e-06,3.3236738138461717e-06,1.837550464083464e-08
1488029,E,0.47833,2.018494499878261e-09,7.32064700116096e-09,8.352380346702688e-06,8.849342385596821e-06,1.8456905660483818e-08
1249209,E,0.48312,3.961592364680744e-06,8.20411574518588e-06,2.402206099590469e-09,3.062675813396888e-09,1.923021633275232e-08
1248962,E,0.48342,4.1917448978050476e-08,2.1302745559991765e-07,5.024693105143308e-09,5.742109407727536e-09,1.9279177230319667e-08
1300441,E,0.48485,1.991787745840744e-07,7.581758137099412e-07,0.0003037220779318,0.0005922646254345,1.9513413051782913e-08
1302117,E,0.49238,1.607464943793011e-05,3.199424353506068e-05,1.718627119143198e-06,1.842435342219709e-06,2.077016922070529e-08
1376168,E,0.49239,1.2631365799271002e-08,1.0858538435544777e-07,4.979133207515368e-06,4.862224998426169e-05,2.0771864295006748e-08
1339703,E,0.49272,2.044130507787258e-06,2.500756250892552e-06,2.5467510282368777e-05,7.64040213627106e-05,2.0827840548845872e-08
1810037,E,0.4965,1.6259005574898489e-06,1.0239128389448673e-05,6.147881222681556e-07,2.556586313117426e-07,2.1474395802257106e-08
1312171,E,0.50043,1.4170209560715745e-08,8.426633987752017e-08,3.390005220502734e-06,4.187196991536071e-06,2.2157086692172387e-08
1264948,E,0.50394,1.2976783285159574e-08,7.603878911567656e-07,3.765891034825447e-05,5.509176900009177e-05,2.277584933231938e-08
1532057,E,0.50397,2.9559017451916126e-06,4.915130231839522e-06,2.6222041670541545e-07,4.261516371371671e-07,2.278117462879149e-08
1335472,E,0.50597,2.2681185838902055e-07,6.940161604671209e-07,5.63107769550394e-08,9.293354245290895e-08,2.3137598453908012e-08
1370944,E,0.50947,2.0804030237597492e-06,3.9743616285210326e-06,4.6598730747236435e-06,6.945090262341613e-06,2.3767997330418047e-08
1780122,E,0.50987,2.038767829200983e-05,3.919669594032523e-05,1.9267109485610382e-06,4.22916299295979e-06,2.3840582407462368e-08
1889022,E,0.51127,6.219540114421426e-07,2.249372241665445e-06,1.291517983814638e-07,1.0626406417813117e-07,2.4095501662834412e-08
1300470,E,0.51413,2.2723804951796605e-07,1.134994794861731e-06,1.8071162252602138e-08,6.042368374559269e-08,2.4620478710463233e-08
1370135,E,0.51615,5.646154090210238e-07,1.3224468035941444e-06,2.1957105559633787e-07,4.111858268672634e-07,2.4994675725945057e-08
1342647,E,0.51618,1.7817437441177884e-07,3.080808347771993e-07,7.523595516382994e-08,6.929084497839182e-08,2.5000254375764674e-08
1320066,E,0.5192,2.49726912929885e-08,3.836063120230213e-07,6.660006709558155e-07,6.790398930534416e-07,2.5565023876212367e-08
1312164,E,0.52327,3.1677861843392776e-08,1.5576848476664124e-07,1.308007289899088e-08,1.694620453939554e-08,2.6336132940292943e-08
1257144,E,0.52559,1.389951858495209e-07,7.564096628258489e-07,6.651814397951552e-08,2.7764283127903137e-08,2.6784457416701836e-08
1320126,E,0.52685,1.0952569038412883e-07,4.26087875749559e-07,2.324487598918783e-06,2.2883180944179684e-06,2.703536361996845e-08
1260889,E,0.52885,3.120586959721575e-08,8.436837070700471e-07,5.386744529712976e-06,1.452819957288211e-05,2.7436029359538342e-08
1302346,E,0.53042,6.214256399752205e-08,1.6715937026880846e-07,1.550969367727681e-07,3.02485188673963e-07,2.7752616773178365e-08
1574017,E,0.53287,4.6633352427714585e-08,2.269664931541115e-07,1.1619666931160793e-08,4.292474678298698e-09,2.825028276332272e-08
1536021,E,0.5341,6.930512424431555e-06,1.3953492115725124e-05,1.1892686887228969e-08,9.411163025949896e-09,2.8501798899085532e-08
1876305,E,0.53667,4.5232580297764186e-08,1.2478933250804698e-07,1.685265590771272e-07,2.348747756708827e-07,2.903092221335224e-08
1912110,E,0.53763,1.4968874441771224e-07,3.844590741071582e-07,1.6773704182183436e-08,1.8407990617491858e-08,2.9229819800609457e-08
1636043,E,0.53944,4.53327112105819e-07,2.929743640801879e-06,2.459494134060481e-08,7.510551512421408e-08,2.9606671640491923e-08
1252364,E,0.54134,1.890921198687195e-07,7.010812141716054e-07,6.374896640804082e-07,4.4276215060725914e-07,3.000485877461328e-08
1644213,E,0.54509,3.9010941131620935e-08,1.6305231076297012e-07,2.7269625752982367e-06,3.94659239922117e-06,3.079855976888571e-08
1641288,E,0.54529,1.3261716236490352e-07,4.881611577608367e-07,1.5480004182445415e-07,2.654870652604599e-07,3.084118151935438e-08
1306980,E,0.54674,1.6155979486255273e-06,7.435879488190908e-06,2.137347986418748e-09,2.103873003599681e-09,3.115107059141576e-08
1530098,E,0.54758,2.2872172738169146e-08,6.20764028795789e-08,2.148204535102525e-09,3.078655161131395e-09,3.133130117812344e-08
1899065,E,0.54762,4.367692247550661e-08,2.419515351540886e-07,3.390503251767913e-09,2.853584494047679e-09,3.133989655446224e-08
1291733,E,0.54784,9.613251370652e-09,7.89245405884086e-08,1.6199011781146366e-07,1.3354346271043774e-07,3.1387192196423165e-08
1258802,E,0.54947,3.934597110633165e-07,1.9765979113714625e-06,6.069736755438649e-08,1.1288512805022841e-07,3.1738720797559454e-08
1368111,E,0.55095,9.16175744106378e-07,2.6315553331799335e-06,9.454093614916191e-06,5.023126116668385e-06,3.2059595781992686e-08
1880545,E,0.55111,2.3969429341355527e-08,6.000366103441814e-08,7.70926588138325e-09,5.779087728409468e-09,3.2094381635921237e-08
1264963,E,0.55214,5.405595613529152e-09,2.6792969582062893e-08,4.649499025056086e-06,5.467695719826394e-06,3.2318767110367395e-08
1341426,E,0.55321,4.22475516844744e-08,6.173611045794147e-07,3.2646374937957434e-08,3.2722574327063076e-08,3.2552694363753993e-08
1444028,E,0.55372,5.855971058207313e-07,1.5074050407072255e-06,4.773957496966803e-05,3.587256305649874e-05,3.2664489251803315e-08
1321492,E,0.55467,3.701728660593866e-07,3.5162069006368493e-06,7.094911489435379e-08,5.6743919132796164e-08,3.2873245593127854e-08
1833067,E,0.55577,1.7558725827385817e-07,1.0278930746865736e-06,5.7441722373858767e-08,7.147249658060337e-08,3.31157941891092e-08
1635042,E,0.55833,1.1147157391248487e-07,4.846328217786341e-07,8.999952491361356e-07,5.293406680015956e-07,3.3683722620227524e-08
1295685,E,0.55929,1.5071063880145764e-07,5.037413421876373e-07,1.1795544704641984e-08,9.576990173922144e-09,3.389794065681813e-08
1249182,E,0.56017,9.885220143579906e-07,7.719982582864941e-06,5.199487776671823e-09,8.196030192824088e-09,3.4094903692928254e-08
1915087,E,0.56104,3.3836789687382183e-06,2.7047726058248263e-05,0.0002640619187072,0.0023590828190841,3.4290189391646126e-08
1263579,E,0.56161,1.1000105675381158e-07,9.527433396418194e-06,7.838158452692624e-10,1.922764459869651e-09,3.4418437571543576e-08
1262267,E,0.56215,4.150313170129731e-07,2.9329647699092904e-06,3.951559585380596e-09,8.026287102984741e-09,3.454015666222913e-08
1285317,E,0.56441,3.710852106114188e-07,1.9582329019420298e-06,4.178448201456625e-06,4.514051657373829e-06,3.5051904790658713e-08
1432141,E,0.56489,1.8246839232493778e-07,5.554837126414907e-07,2.155455236731961e-07,3.262494896116644e-07,3.5161079169622346e-08
1283855,E,0.56536,1.0279395232122837e-08,1.248589382147438e-07,3.542847076566668e-09,3.337102360037316e-09,3.5268143570002025e-08
1315890,E,0.56699,2.737137252241317e-07,5.990352194379398e-07,6.7028339966474835e-06,8.912080125333155e-06,3.564071303294015e-08
1328089,E,0.56864,9.140321326534831e-10,1.1713103166490076e-08,5.801174182608586e-10,5.966648629635664e-10,3.601984764532477e-08
1305807,E,0.56997,1.4739528799540556e-06,3.094586451021367e-06,1.4420567853660806e-06,1.6886517258331638e-06,3.6326913211101323e-08
1248936,E,0.57093,3.434239535742433e-07,8.33992944546259e-07,5.631541058741371e-08,4.2619480353817415e-08,3.654936439775003e-08
1291222,E,0.57106,1.9580605405757206e-06,1.411294422593788e-05,0.0001321513163316,0.0001183968758196,3.6579540197285434e-08
1290394,E,0.57153,3.4932040033356437e-06,2.691749620946985e-05,7.289567200443709e-09,6.471340119749568e-09,3.6688741205614745e-08
1302353,E,0.57193,9.484411655547712e-08,1.380047898454161e-06,5.974798093133049e-06,5.8638935382938475e-06,3.67818064348758e-08
1328103,E,0.57472,3.120104792791717e-08,7.701799737802061e-08,4.35598817112252e-08,4.5963742344483506e-08,3.7434215146938334e-08
1466032,E,0.57606,1.3787535975045937e-05,1.4577709842005962e-05,4.475480153531334e-07,4.866684174397154e-07,3.7601497805707126e-08
1255142,E,0.57675,7.032448668950601e-09,5.433595903320034e-07,5.099523012052067e-07,4.093218194363159e-07,3.7667636580913625e-08
1337228,E,0.57741,2.8859581925158013e-08,1.4942970960098434e-07,1.5472903283371133e-07,2.559399852371601e-07,3.7730954137921284e-08
1281691,E,0.57821,1.7312879510850645e-08,6.291460765544387e-08,7.1270637570365915e-06,1.55307388234646e-05,3.7807773978835966e-08
1910065,E,0.57875,1.0128405432443365e-06,4.679241462280433e-05,9.813050000348849e-08,1.6655511415793976e-07,3.785967153519209e-08
1501158,E,0.58049,1.8023717391551805e-08,1.335312842405533e-07,1.528629461610244e-06,2.8723714862618458e-06,3.8027139126110535e-08
1263580,E,0.58276,4.790714137346754e-06,7.467661198523399e-06,1.3909791655830613e-06,2.3715072164315175e-06,3.824617252860828e-08
1770206,E,0.58411,1.9581402898188752e-08,3.078957309217694e-07,4.298851413409923e-07,8.618714102719701e-07,3.8376732954310174e-08
1300531,E,0.58454,4.382950622577846e-08,1.6197077723957784e-07,2.591613780300008e-06,2.361126149549562e-06,3.8418365582615275e-08
1331719,E,0.58627,1.8884220035440636e-08,3.5474154487261266e-07,0.0001152163361774,0.0002212520858562,3.8586092365957926e-08
1302572,E,0.5874,1.9094393800418876e-08,6.575402508895878e-08,2.698732024034888e-07,5.835523468642632e-07,3.8695845258181775e-08
1257129,E,0.58817,8.162797523324804e-09,5.13113346352629e-08,1.505985483824541e-05,3.8814318052672433e-05,3.877072191902721e-08
1299439,E,0.59158,6.581838566583346e-05,0.0001107486686745,1.366231675896014e-06,1.7244821329972269e-06,3.910318851721812e-08
1341423,E,0.5971,1.1864284689918122e-06,2.1214775831003197e-06,1.2457019241919362e-06,4.794353217201648e-06,3.96443834706866e-08
1338223,E,0.59952,3.9877804195139e-06,1.0509440175143034e-05,0.0004076535545423,0.0007278379581359,3.9882819219459446e-08
1876301,E,0.60073,1.757939783283805e-07,2.471098373393453e-06,8.768534858791944e-08,4.441425352226828e-07,4.00023051706752e-08
1259330,E,0.60243,8.237137055151172e-08,7.153504843801064e-07,1.983924963064643e-05,8.30964213634821e-05,4.0170479926729767e-08
1574019,E,0.60433,4.09167137284385e-07,1.189031977814479e-06,1.4188955694678886e-09,2.067161169514264e-09,4.035885741638619e-08
1531033,E,0.60888,5.717365997607415e-09,7.0492701918234e-08,3.839582058171084e-06,2.708900571649056e-05,4.0811763107633425e-08
1891030,E,0.61377,1.958570789201249e-06,3.2386691121083577e-06,1.9112770313981096e-07,1.7025311752256113e-07,4.1301329698648573e-08
1498017,E,0.62127,6.42596948123217e-07,6.283191423399031e-06,2.003667765128286e-07,2.220971045913794e-07,4.2057870228278625e-08
1255130,E,0.62411,2.8751070842753644e-08,1.502688883173377e-07,1.508451735387868e-07,1.6381045963293632e-07,4.234613919007537e-08
1590044,E,0.62931,1.0726578484980765e-07,8.616566169441198e-07,1.0307968905376549e-06,1.2671451090373552e-06,4.368671048128093e-08
1313177,E,0.63498,1.749330270115829e-07,7.564596842291719e-07,7.330549767249976e-09,4.591119310211238e-09,4.5358818463504526e-08
1304183,E,0.63502,2.7706985027575958e-08,1.5493050899785141e-07,1.4048434597591163e-06,1.175564856981181e-06,4.5370726185951944e-08
1257839,E,0.64421,1.8026080094095658e-07,5.531243493769803e-07,4.005736283636824e-06,4.91751452265271e-06,4.8147951695568894e-08
1317496,E,0.64429,1.0789472958283091e-08,4.552309669188464e-08,5.3012514485823195e-08,8.355591050905137e-08,4.8172489944238346e-08
1878612,E,0.64488,8.944376533371626e-08,5.611974945047627e-07,2.8834538046087064e-06,1.729841454712014e-06,4.835365258516758e-08
1302719,E,0.64527,7.12467721387631e-07,1.0003399615101294e-06,4.761920555160416e-06,8.859384419699892e-06,4.84735908205684e-08
1876263,E,0.64639,6.596900517490593e-07,3.296847233209298e-06,3.6047440624350117e-09,2.296915461424437e-09,4.8818854779750885e-08
1370898,E,0.65069,1.9673221763973705e-07,2.548290633777492e-06,1.0202032071252657e-07,7.557250938479786e-08,5.0155803971889656e-08
1309551,E,0.65135,9.67075867001463e-08,2.793566275593784e-07,1.1330463149028016e-08,1.7023753966331382e-08,5.036260889077777e-08
1575019,E,0.65214,2.831020831822138e-07,1.7509481308281409e-06,9.168011085909401e-08,7.106104190619467e-08,5.0610707552230043e-08
1303753,E,0.65242,3.854959849843807e-06,3.67647484969784e-06,3.0071004550724076e-07,1.800985434743895e-07,5.069878757394933e-08
1890041,E,0.65258,4.173167280827257e-09,2.3910878161669763e-08,2.888023888941178e-09,4.965818828735589e-09,5.0749153396951084e-08
1284567,E,0.65483,2.1659090966987004e-06,7.430287140975705e-06,2.6141416040811977e-06,1.7596867335856529e-06,5.1460071028495226e-08
1370113,E,0.65553,2.786239737209848e-07,1.482836251819386e-06,1.3215159862154406e-06,1.0022679581745169e-06,5.16822539093769e-08
1574028,E,0.65589,2.885946046535589e-07,5.50953505824527e-06,1.4584505328424268e-07,3.041315525462847e-07,5.1796705757136446e-08
1287883,E,0.65718,1.323634385011899e-07,5.151987321718133e-07,1.8120426948121236e-06,3.8151301190453304e-06,5.2207864397087745e-08
1564017,E,0.65792,2.4857754179318773e-06,1.0962963933980051e-05,4.1781177580165923e-07,3.008996874332658e-07,5.244445648754549e-08
1333949,E,0.65927,1.9491902535969946e-07,4.393172864616054e-07,0.0007041048117298,3.716520842520601e-05,5.2877455159910345e-08
1639025,E,0.6619,2.555096214101356e-07,9.315859808669964e-07,9.026702365053988e-07,3.5011692402089218e-06,5.372611280018695e-08
1286337,E,0.66296,1.0313027364796446e-06,2.0262419165558973e-06,8.574872353453423e-06,1.4382859392458412e-05,5.407006757758021e-08
1910032,E,0.66455,1.1497602661880239e-07,6.727804479127489e-07,2.684982846131635e-06,4.288193624412983e-06,5.458805753672347e-08
1303658,E,0.66788,1.5478883966715782e-07,1.5035570047696328e-06,1.2496838178086456e-06,1.842559186580976e-06,5.5680905870118897e-08
1302738,E,0.67783,4.618348351199575e-09,8.025496125315257e-08,5.796107513946965e-08,5.371318402577775e-08,5.9216383885708967e-08
1433108,E,0.68283,1.0636352644597529e-07,7.541477152041052e-07,2.408449762540519e-07,1.123258567281569e-06,6.1298400979178e-08
1303910,E,0.68456,9.53308980551674e-09,1.9313191374139145e-08,1.1668765977196291e-08,1.4055758563843146e-08,6.202715518580477e-08
1313434,E,0.69071,1.6934940222246132e-08,1.8109871546875937e-06,4.663230893095096e-07,5.480908118362387e-07,6.465267838980775e-08
1260954,E,0.69873,3.508385943225652e-07,2.6965080586929083e-06,0.0030105285492245,0.0022776231763039,6.815829028246218e-08
1891055,E,0.70652,1.1706829635669217e-07,2.125081630090143e-07,3.954634835926877e-07,1.2155781532380604e-06,7.165197252851026e-08
1432102,E,0.71803,4.322173063501622e-08,3.257320143013572e-07,1.787952080801388e-06,3.870172361616296e-06,7.697382849562838e-08
1304841,E,0.74126,1.3168247898581209e-06,3.1325222826999395e-06,1.2496272589999468e-06,5.718089789071861e-07,8.604562593895123e-08
1304362,E,0.76177,5.882958796999166e-07,1.6909209824790908e-06,3.458064427449472e-07,3.803489326233906e-07,9.359086286149297e-08
1249178,E,0.76517,5.28040902659641e-08,1.343718624416725e-07,1.3507587782722114e-06,3.016553715473431e-06,9.487229442985544e-08
1576034,E,0.76675,2.4667701260031875e-06,1.1909992689090469e-05,1.1781211729215769e-06,1.557968127076855e-06,9.547074851311512e-08
1303881,E,0.77004,1.0635248756910116e-06,3.826257324342725e-06,5.671642178321161e-07,1.3303646315699106e-06,9.672293475768845e-08
1339327,E,0.7725,1.598248535473078e-07,2.062956795873742e-06,1.385848841867265e-06,2.4815922050799333e-06,9.76645506165735e-08
1307073,E,0.77464,1.558111286384284e-07,1.6127313862760992e-06,5.843383839323667e-07,1.0837345401864216e-06,9.848738968250205e-08
1343542,E,0.78512,3.242519231759672e-05,8.798263418580185e-05,6.521766381395543e-05,0.0001117074974533,1.0215768913941733e-07
1318158,E,0.78604,2.0520403844622085e-06,1.4923840699067786e-05,1.7049965343507726e-08,1.7300403988854104e-08,1.0248181845740535e-07
1302705,E,0.79229,4.7819618259610256e-08,1.0503807346446284e-06,3.2981205840090386e-08,5.111145499744069e-08,1.0469737460525677e-07
1334321,E,0.80326,1.7631653575119718e-06,5.52732173888551e-06,1.832128846294308e-05,2.62171185519149e-05,1.0864340911519021e-07
1309696,E,0.80954,1.9894390570709073e-08,6.004610585407165e-08,2.075479444366445e-06,2.4155813381337864e-06,1.1093525113695325e-07
1600036,E,0.81396,4.841510619387901e-07,3.346303527408742e-06,9.6296009617263e-07,1.5581360935989447e-06,1.1256264244236203e-07
1898053,E,0.81485,5.938477953071081e-07,1.1198327297792304e-06,3.526976008981411e-07,5.692412024479901e-07,1.1289176309626033e-07
