CID,zHD,rvar_gal_cl,rvar_gal_tot,rvar_cl_cl,rvar_cl_tot,var_zp
160099,0.10165,8.394960501632488e-08,2.408844214758836e-06,0.0,0.0,1.4105198673944453e-10
500057,0.38061,3.9464171022088925e-08,2.1220296740844654e-07,2.131057549298328e-11,3.269862658216869e-11,2.4884259183126402e-08
050251,0.38781,4.011740903427439e-08,5.97349546622142e-07,1.2502065861847387e-10,6.551759225332684e-11,2.6137605760609135e-08
040166,0.44013,1.1876883370808712e-07,2.3406738599094563e-06,5.041682529129031e-10,4.24536964098545e-10,3.590334957981766e-08
000190,0.10221,3.039894927867098e-11,1.2454992692756986e-10,1.1357079474118546e-13,3.9227264513879645e-14,3.1018909683452994e-10
120225,0.10713,1.4069672190029546e-08,2.5897159043387547e-08,4.920879758505387e-16,1.1045839595811002e-15,3.1018909683452994e-10
500038,0.10794,3.7130619200211343e-06,4.1068255459043026e-06,1.1119579029529406e-13,4.946758804591322e-14,3.1018909683452994e-10
120336,0.16122,6.905849658184086e-08,1.0125449471985579e-07,6.802786127737591e-08,6.264266383443469e-08,1.2784943121459145e-09
350233,0.16924,6.9314766832246125e-09,6.726173925382373e-09,2.210500415810017e-11,3.072721752212667e-11,1.5819340594888202e-09
370563,0.18527,1.9159603354431216e-10,1.981483248659722e-09,1.825963455951624e-08,1.729279539901953e-08,2.314080245024523e-09
000220,0.21972,7.1920180603666625e-09,1.566350760033756e-08,5.7074988484297966e-09,5.567861138525886e-09,4.405377029097919e-09
370098,0.22132,2.2806676105621378e-10,1.0602711576181908e-09,1.4194280317817957e-09,8.797290629641723e-10,4.5187248729712545e-09
480464,0.22132,2.515313389452523e-08,1.4737973136282497e-07,9.237320652440073e-08,1.6344075436397283e-07,4.5187248729712545e-09
030066,0.22542,6.742679359877506e-07,1.1537037223773104e-06,4.368861933507941e-08,9.871250006962775e-08,4.819548605445748e-09
000010,0.24585,5.948182880185645e-10,4.116070930740625e-09,2.232131755654361e-06,3.563823674524337e-06,6.656525634742551e-09
350192,0.30142,9.749777430734974e-09,6.699969807441335e-08,4.340061177203242e-09,7.408399693984224e-09,1.2069040352682645e-08
000420,0.31144,5.1083646435119515e-09,2.024843565564894e-08,1.2181125642010307e-07,2.315665633067665e-07,1.2995720468629665e-08
120085,0.32206,1.1764466484071866e-06,2.495531087669761e-06,1.6384942651184817e-09,1.8172778052034138e-09,1.4015302623209026e-08
05D2ab,0.32446,1.4022677149704407e-06,1.4814429204866155e-06,6.903003101969826e-09,4.722758487487812e-09,1.425105003552975e-08
120369,0.33047,3.313433418239501e-09,2.3314244612237503e-08,6.684547419135307e-09,1.0105559784765679e-08,1.4822889759982207e-08
580235,0.33147,1.1607649057329983e-05,1.1084389401049853e-05,2.738394509356812e-08,5.2725507694225044e-08,1.4918682301978794e-08
370344,0.33147,1.73854066511209e-09,1.845599402718079e-08,2.649009981547993e-08,5.330678968651093e-08,1.4918682301978794e-08
380318,0.33818,9.633343735261407e-10,6.8083211276011016e-09,2.490205722414476e-09,2.2712361919656577e-09,1.5569431078574e-08
380279,0.34939,4.10951057534947e-08,2.407980769228906e-07,3.8540859763321457e-07,2.637598257779042e-07,1.6687588033189942e-08
04D2mc,0.34949,8.217647968671614e-09,5.659791086095684e-08,3.803157726391608e-07,3.275884372648625e-07,1.669773714650237e-08
05D2ie,0.34949,9.496351422472139e-07,9.613700029369477e-07,2.1672540747258075e-08,2.314080504992478e-08,1.669773714650237e-08
000196,0.35059,1.4572188605496424e-08,1.5023571532418814e-07,9.109764130337204e-09,5.384535042707401e-09,1.6809581024238528e-08
05D2hc,0.35149,7.222939348675223e-07,2.6927096675489795e-06,3.0792935597157016e-08,2.5970818537857332e-08,1.6901367330525737e-08
120400,0.35149,2.455117011383438e-09,3.92770265874289e-09,3.773777613057794e-09,4.2042014699569115e-09,1.6901367330525737e-08
05D2mp,0.35519,8.509630682081514e-08,2.467543694515975e-07,9.27149306580007e-10,8.724315182483451e-10,1.7281336643813017e-08
04D2fs,0.3585,2.3358878166748166e-10,4.563510767741197e-10,2.04956438756549e-07,2.960942099913855e-07,1.7624834590210537e-08
04D2cf,0.37052,1.867302540023822e-07,8.495618130451781e-07,7.673924280586452e-09,1.0663372856442696e-08,1.890064597864586e-08
000199,0.37153,2.33404805312094e-07,1.6305307014803585e-06,1.6934832994616188e-08,1.3144637704982569e-08,1.9009878288955662e-08
590031,0.37852,4.932918129184814e-07,1.567352101228978e-06,3.4930666027985336e-08,3.4078916147043705e-08,1.985133812354087e-08
000011,0.38153,6.080496827888591e-08,2.8833284887202015e-07,1.164111762090842e-06,9.920073577754217e-07,2.025226929191118e-08
120086,0.39255,1.1064199480080195e-07,2.0292321184251537e-07,1.6602158940540194e-09,3.4525075058564277e-09,2.1754331603576716e-08
04D2fp,0.41657,2.826484332186853e-08,5.512948047882155e-08,1.6046109673438324e-08,1.656035225333351e-08,2.5214520240249143e-08
05D2dw,0.41857,1.0279237745468913e-07,4.1485577630556605e-07,2.038135479716164e-09,1.8820147698139056e-09,2.5514140952573935e-08
05D2cb,0.42859,6.10830724713889e-08,1.4433041857422672e-07,1.551901953500807e-08,1.0370331092529991e-08,2.706864020061687e-08
06D2gb,0.44361,1.332965307813622e-06,4.295663454855569e-06,6.501997366484892e-09,2.7511289206348156e-09,2.9559973417569392e-08
04D2gb,0.45162,3.6450253750016277e-06,5.6813863360269025e-06,8.699018110218574e-07,2.9624971202014496e-06,3.093340655740755e-08
120094,0.45162,1.0878565332870999e-07,1.3311599057247728e-07,2.6389470328141635e-07,1.4079636495163306e-07,3.093340655740755e-08
000215,0.46654,6.726267466347705e-08,4.833038276181822e-07,1.1695456777685428e-08,1.630906723321709e-08,3.35748074793416e-08
370367,0.47163,8.224121206347492e-07,1.7792746801006734e-06,4.6894409001742925e-09,7.368142252369809e-09,3.450068213422534e-08
05D2bv,0.47565,9.904096642059251e-07,3.984438558097407e-06,5.1290741139226256e-08,8.257173728473167e-08,3.5233385680517866e-08
05D2ac,0.48065,1.373403791269082e-07,1.5633495077932555e-06,7.990228236043746e-09,5.793063421182187e-09,3.6106883782178605e-08
120044,0.48164,2.472429276164824e-07,4.927787422697091e-07,3.265532434221883e-06,1.1041687302079367e-05,3.628110492676823e-08
06D2bk,0.50067,1.1724678847115434e-07,7.045454222538193e-07,2.49405494040616e-09,3.060101439817423e-09,3.9711518864342877e-08
05D2dy,0.51169,4.4886595033738693e-07,5.867541834198611e-07,2.4664688402170667e-08,3.570613840796114e-08,4.176885958711399e-08
04D2mj,0.51469,5.815259853102824e-07,1.0836942175827927e-06,3.1879842646458077e-07,4.664640810489659e-07,4.23379313392046e-08
04D2gc,0.52271,1.6741931500582896e-08,9.837931457124288e-08,1.089986907026872e-08,2.4531421665590617e-08,4.387815546479123e-08
06D2ca,0.53271,2.2767719498958242e-07,1.6078230835052387e-06,9.992079648796478e-09,7.851748550543343e-09,4.5567354931694784e-08
06D2cc,0.53372,1.1789972706999051e-08,8.141546783667436e-08,2.661816956664676e-05,9.595030202731914e-05,4.5731640531779024e-08
05D2eb,0.53572,6.766232367235617e-09,4.2487912114380115e-08,0.0005719293286928931,0.0022556148182720746,4.6057830834127064e-08
06D2ck,0.55375,2.693795661706819e-07,2.374515459936552e-06,1.5570858911880872e-08,1.704842000232207e-08,4.905076478883853e-08
05D2dt,0.57577,7.152489462593834e-08,4.868501957504489e-07,2.2501384239828857e-08,2.6904553540031356e-08,5.289707868021142e-08
04D2mh,0.59179,3.4406550714854675e-07,2.034988472677917e-06,5.6661736265134207e-08,7.762225464373128e-08,5.709903848852801e-08
05D2he,0.60981,4.18734390861829e-07,1.0386278964062858e-06,2.0875100252558363e-06,5.601446170958762e-06,6.201748723023041e-08
000202,0.61983,5.6853212313208104e-05,0.00010374028152142264,4.6602452061624505e-06,3.1856582509519827e-06,6.484028224956228e-08
04D2an,0.62183,1.0168247052432398e-06,2.3040367479496564e-06,1.4670319884214963e-07,1.756760763491355e-07,6.541123519551669e-08
05D2ci,0.63183,1.0842968764373054e-07,3.586763112432833e-07,5.121167776162425e-07,1.3127082458324656e-06,6.815787306791765e-08
05D2ec,0.64185,5.073224792021783e-08,7.098824181286442e-08,1.8954327975316098e-08,2.80977337100952e-08,7.089758788011229e-08
05D2bt,0.6819,1.3197982187321857e-05,1.3384141926327864e-05,2.471001294013389e-06,1.0416550409001107e-05,8.214986334043449e-08
05D2ck,0.69992,4.4560533290079765e-06,8.158442891434785e-06,3.976081848914778e-07,1.0184208848376006e-06,8.695430451729651e-08
04D2iu,0.70192,8.80175454529849e-08,4.426527643957896e-07,4.1343005631094705e-06,4.936539889296638e-06,8.749595614784139e-08
05D2le,0.70192,1.1003834866695881e-06,2.0187815638908646e-06,6.759694994124759e-05,9.023000181550979e-05,8.749595614784139e-08
04D2gp,0.73395,1.6305417781208395e-07,5.384344857734832e-07,2.9735595637893613e-07,3.210494517364366e-07,9.898338536937132e-08
05D2fq,0.73495,1.6081480237799144e-05,2.5401416239609037e-05,2.9786983788209628e-08,3.338797340287949e-08,9.956333062418158e-08
05D2ct,0.73596,3.311227679019512e-05,3.7864210435988366e-05,1.2551060505122897e-06,1.75790306681227e-06,1.001507948215336e-07
04D2ja,0.74196,5.141644027177902e-08,1.7119624133837017e-07,2.0277152684050374e-07,5.600043486932468e-07,1.0367630586489824e-07
04D2kr,0.74607,3.7947164562703922e-06,8.124540229544762e-06,2.0209415574279632e-05,4.338548592180201e-05,1.0612647546193652e-07
05D2nt,0.75899,8.673949080360225e-07,2.288112027114842e-06,1.4480322282325999e-06,9.976778395787244e-07,1.1401507462904578e-07
carter,1.5429,8.561546484677838e-05,0.00013975851563167549,1.2179242056092899e-05,5.2624527485678614e-05,5.33203157816079e-07
140181,0.10246,2.508440110827683e-12,3.763297984211929e-11,0.0,0.0,1.9406843620859508e-10
150254,0.27516,2.2632151408397833e-05,4.954154194983601e-05,3.6049012429504466e-11,1.617343871305108e-11,1.0705555293556205e-09
130755,0.29298,2.887095188900711e-07,8.86160153010303e-07,1.951660772594235e-14,1.440462274039974e-14,1.3577863252892888e-09
100405,0.10294,8.9474192485364e-13,7.974606269622397e-11,3.336061407445199e-14,1.12418072316664e-14,1.66441630793677e-10
090275,0.13955,5.3910583509058546e-12,6.139166458537685e-10,4.596635480986067e-07,6.791782276423042e-07,3.751961069119428e-10
440008,0.14652,4.542958293775931e-09,5.599759946059695e-09,4.243256073059492e-11,6.95054214567292e-11,5.048450419852461e-10
1316385,0.14737,6.743014890437315e-11,8.654017102316397e-10,1.5220357063557165e-11,1.4282685113158525e-11,5.219697229705353e-10
1299775,0.16004,2.124790235167542e-08,4.560621080271226e-08,6.791347518033002e-11,3.1498543840148403e-10,8.110867671232003e-10
1303279,0.1727,7.996571212872895e-10,1.522002800723586e-08,9.767307997264133e-11,1.9054387671313852e-10,1.1633602751292708e-09
1347120,0.17952,2.3783698844128054e-08,1.6232691385443067e-07,3.075574108885232e-08,3.528933233381859e-08,1.4091242164386026e-09
1303496,0.17975,9.597888010644157e-10,1.6065643251717446e-09,8.964289301811754e-08,2.0668367816419545e-07,1.4183372273514634e-09
1339392,0.18145,2.514343406878311e-09,1.7980980074584683e-08,5.712647824950773e-09,2.2464528514815635e-09,1.4873643489113952e-09
440643,0.18952,3.8777594801411423e-10,2.2386138800938672e-08,1.1223797125079273e-10,4.518723116211458e-11,1.8374113956972517e-09
1253920,0.19553,5.2307439183691235e-08,5.396525402097016e-07,4.390079563858859e-11,4.7689023599024726e-11,2.1221135696402395e-09
1302058,0.19782,6.696558565960253e-09,1.890905077285411e-08,2.7150414639007315e-09,1.607417879749283e-09,2.2359871620507483e-09
110460,0.19953,1.0363622400620806e-10,4.414429867949342e-10,4.6574425585957346e-09,3.6835153229209844e-09,2.322960195769455e-09
1283373,0.20751,8.580510933862383e-08,1.2494971238124511e-07,2.3662865709848168e-09,2.9538547949158952e-09,2.750774959860319e-09
1257366,0.21134,3.323816909820057e-09,1.5442546557331763e-08,1.6266143182406752e-09,6.352727429124505e-10,2.9689388564613046e-09
1249851,0.21507,5.60207242891667e-10,5.89415519771386e-06,7.655448616172957e-10,6.001880843995175e-10,3.189407721083869e-09
100206,0.2165,4.397229927347909e-09,3.3748343229224644e-08,5.066736149007318e-11,8.130067048638058e-11,3.2760243044749364e-09
1290816,0.21845,2.2863719426337782e-10,1.496322939582196e-09,1.4106479438179814e-07,1.0035634802640664e-07,3.3960079636509897e-09
1304678,0.21881,9.183653061068538e-08,1.9571364143248348e-07,7.279177605807983e-11,1.0208233555193364e-10,3.4183947519817474e-09
1302187,0.21941,3.1300172376753177e-09,3.2430585323298696e-08,7.154344741160452e-11,7.447174499850656e-11,3.4558695006345652e-09
1304442,0.22449,4.330528012766083e-08,2.532134401173923e-07,2.531646385458394e-11,6.658641307574427e-11,3.7813428797462596e-09
000006,0.23041,6.326485266503341e-13,4.025483493678171e-11,3.6636624694238945e-09,2.198396522673129e-09,4.274871927040037e-09
110536,0.23472,9.3424120243262e-09,3.0942404420549647e-07,1.2396591558906679e-10,1.1568062499349968e-10,4.660115646031311e-09
470008,0.2395,8.937314341478836e-08,2.844098557649429e-07,2.9263710234864525e-08,1.432805699526295e-08,5.10680478422718e-09
460064,0.24151,2.9171324563316108e-09,3.309859369055111e-08,6.207737468549745e-10,7.043670103233898e-10,5.300743146947423e-09
1330426,0.25952,1.8407553698142134e-09,9.547406250161693e-09,3.46203444734966e-08,8.327799435000933e-08,7.199746462446288e-09
110478,0.2646,4.842025833914005e-08,1.3527717316165316e-07,3.4866243389552452e-09,2.6815787550513337e-09,7.787856339908724e-09
1309288,0.26791,3.835611201213398e-07,5.464949791461632e-07,2.6194384153671807e-10,5.820402511761492e-10,8.1834757189119e-09
100213,0.27509,5.53314386593799e-09,2.397831407943745e-07,5.9320555157622096e-09,1.3902195854914553e-08,9.074085461846555e-09
1297465,0.27782,2.534279824458924e-09,2.893224113505705e-09,6.885330035780502e-11,9.434882313459815e-11,9.38663224927888e-09
350180,0.28949,3.016753591647883e-06,1.2834531194014608e-05,1.6506983297638851e-09,2.175978207572722e-09,1.0782344921894216e-08
120444,0.29945,5.571752766306672e-08,4.068891931617686e-08,1.5699803254328664e-09,1.3606869177196135e-09,1.2050028883916558e-08
460037,0.30251,2.0230051561648538e-08,1.5615097324516137e-07,5.818085143984305e-10,9.595758815056757e-10,1.245364262275902e-08
1335717,0.30476,2.9930309876675974e-07,1.1149256275988402e-06,6.200124873804625e-08,8.651370781510829e-08,1.275465907625289e-08
440005,0.30548,1.7625137527026952e-07,1.441744352499119e-06,3.604797015401513e-08,7.106876291701077e-08,1.28517435240262e-08
1319821,0.30878,1.5752738587922976e-08,2.227434665316121e-06,2.419690010783977e-06,3.660502447640849e-06,1.3301423653910382e-08
1337687,0.32868,4.812859186618765e-09,1.1159995665030773e-06,3.7939756654353744e-10,1.3138694607710227e-09,1.6283343988566628e-08
1316465,0.32907,9.506469805459804e-08,4.6093908371702727e-07,1.162763821969225e-09,5.114424186165195e-10,1.6354010530458958e-08
1306141,0.33237,5.901431122968107e-05,0.00012282035457234167,8.844555899887408e-08,1.6132463840039076e-07,1.695808302679586e-08
1309492,0.3335,1.8894422727289247e-07,1.4386534375862036e-06,2.1097945114571343e-07,2.4485281568596584e-07,1.716744998050955e-08
1346956,0.3335,1.3446926284474587e-09,4.166831809224342e-09,5.7203398702532714e-08,6.816756752961386e-08,1.716744998050955e-08
1346966,0.3351,8.363889422278174e-10,1.9423199360415736e-09,1.1580015924582619e-05,1.076020400339546e-05,1.7466095797928035e-08
470015,0.33749,2.0008112386791384e-07,3.823542544195557e-07,1.1020997032125063e-08,6.965380673862937e-09,1.7916994491859303e-08
1300912,0.33778,1.0005479005230885e-08,2.357404053108668e-08,3.058828266622269e-09,3.75394891644006e-09,1.797209696790051e-08
580276,0.33848,2.632456674684023e-07,1.6350071266451645e-06,2.995307082227617e-08,9.45317419751313e-08,1.810545151235146e-08
1343337,0.33897,3.178400232575829e-08,1.358403118992747e-07,7.311582302349947e-08,1.018697096289305e-07,1.8199092983343252e-08
1346387,0.34446,3.6882486155694914e-07,1.104506988773615e-05,5.969278532533747e-07,6.266532022609e-07,1.9264772728475864e-08
350606,0.34448,4.405607466174987e-09,1.1550181079898116e-08,1.97580595838155e-06,1.000678946248036e-06,1.926871041501778e-08
470110,0.34545,1.2468036676581312e-06,1.6284768541898017e-06,5.260153922550272e-06,4.625245963661434e-06,1.946017122770128e-08
440185,0.34949,1.360480810492803e-06,3.97094454164668e-06,3.720424136833801e-08,4.349626085807965e-08,2.026777623746108e-08
1248677,0.35015,1.2422837515342985e-10,5.391880689465651e-10,2.6532132070885148e-08,1.37348485143479e-08,2.040127196521225e-08
1307830,0.35946,9.033389239690567e-11,2.9410652835325476e-10,1.4103316763729924e-07,1.5897309906776263e-07,2.233105810331949e-08
1346137,0.36325,2.6838370766521266e-10,4.238332531321586e-09,3.0064434549828717e-08,1.761515028758948e-08,2.3141625749256886e-08
1299643,0.37676,6.461521700600775e-06,2.74959766392118e-05,1.7158610881834404e-08,1.8964779060970676e-08,2.606134177792793e-08
1299785,0.38129,9.605442089280111e-06,5.880329774056327e-05,7.481076602372647e-08,2.3612828322557124e-08,2.688065510664658e-08
580275,0.38248,1.3962408081614454e-06,2.514575296414939e-06,6.94335930163367e-06,2.3972512562573528e-05,2.7097986126067514e-08
1290779,0.38949,1.5571132526362313e-06,4.565440998852108e-06,2.4842972316905317e-08,2.9434583102639136e-08,2.8395989717405948e-08
1291794,0.3951,7.75556652497632e-07,3.411155745727658e-06,6.30035215860391e-05,4.907545814437714e-05,2.945663658396682e-08
1333438,0.39944,1.0086264652881738e-07,3.3315705242018917e-07,2.6647136027248052e-09,2.6384932281226695e-09,3.029051439226117e-08
1308314,0.40646,1.5133367916124414e-08,1.0319825129635599e-07,8.538235478034365e-08,2.9811095092023104e-08,3.1663959882821176e-08
1289600,0.4196,1.0707280486356208e-05,1.3994665109118709e-05,1.3075140799545167e-07,3.8068586420114325e-07,3.431661180231699e-08
1340454,0.41995,5.6143571513983803e-05,6.750878085551242e-05,1.3178423470195983e-07,9.131829282119431e-08,3.4388727181200134e-08
1306626,0.42088,3.0340482833439775e-06,3.7178046635360074e-06,4.8977649827277796e-09,5.4960294445215004e-09,3.4580715828594736e-08
1295256,0.44245,2.1174524329979974e-07,1.92658202818494e-07,1.345918881922464e-08,1.3649563667625653e-08,3.9895649328940804e-08
1253039,0.45346,3.87519813124418e-06,1.267751755536243e-05,6.376986971064772e-09,3.85396490331521e-09,4.2844242136838756e-08
1306360,0.45477,1.6097164535234792e-07,8.520839758057e-07,1.1513033258310656e-07,6.501990612787004e-08,4.320207108871015e-08
310146,0.47941,1.7218640420894598e-06,4.3725485540774584e-05,1.1688868728204603e-07,1.167853020623154e-07,4.968289840863619e-08
1306537,0.47946,4.641188250218667e-08,1.4025731395700118e-07,3.1030742004292555e-05,0.00022668819774606934,4.969161779002559e-08
1292145,0.49244,1.7748091365598778e-06,2.0688524217495732e-06,1.771751414212997e-06,3.2010179958907404e-06,5.1981048075773565e-08
1343208,0.49499,5.10606785006187e-07,2.219664605663808e-06,7.062127823091227e-06,1.6478001833359206e-05,5.243688010577985e-08
1343759,0.50615,1.8462434100309352e-07,5.333790417652998e-07,5.9416287165426495e-06,9.172061846823184e-06,5.4455227009654544e-08
450175,0.51941,3.6030811890597182e-09,7.157507855240632e-09,1.6273057240493385e-06,1.658632852276062e-06,5.69029171614809e-08
1322979,0.52937,1.4579428932623764e-05,3.4843731052369084e-05,2.4162738250266295e-08,2.1021392112347723e-08,5.939610950645197e-08
1337703,0.53225,3.6468367687065105e-06,7.581799914778405e-06,0.0022219872628474386,0.004501008761146317,6.035828297676948e-08
1289656,0.53942,4.281718931703493e-07,8.967834153049167e-06,3.155251689131359e-10,5.592162976306533e-10,6.27872749298831e-08
1324542,0.54152,1.9955163748362092e-07,4.2660028311474744e-07,7.766633400236532e-07,9.220715083303436e-07,6.350776723674477e-08
1339450,0.55046,9.225833011104226e-07,1.6709726802660249e-06,6.924325143311703e-06,2.2209640327333264e-06,6.662100126520103e-08
1335868,0.61941,1.206392116489194e-08,1.9221962153190396e-07,6.247190939948483e-08,1.1059734106497055e-07,8.727375470223237e-08
1334879,0.63934,3.239528178674745e-05,4.808803475683829e-05,3.6790158929676396e-09,2.7002270166896516e-09,9.386109268885104e-08
1334707,0.64962,7.917759080958303e-08,5.375044680099769e-07,1.5427802918155288e-07,1.1754970787043712e-07,9.756851856854228e-08
1262715,0.68935,7.28431565195837e-07,2.00774641302424e-06,1.5045940828525527e-05,3.3442502521191864e-05,1.1376139795483169e-07
1262214,0.68936,3.8204827120704406e-07,2.109118699966494e-06,6.4238046676466865e-09,1.0467467656149475e-08,1.1376616099490731e-07
1335718,0.69932,1.9609562033614935e-05,3.215353896893063e-05,2.4419981399027356e-07,2.433072332364946e-07,1.185596550388651e-07
1329166,0.73161,1.5061148962363208e-06,1.9141187811896425e-06,2.8464630428419585e-08,2.708208901104755e-08,1.3549286122502426e-07
1285160,0.7493,2.6480273091194616e-07,4.857190681915293e-07,7.68734625415945e-08,1.68207330312555e-07,1.4682566999395064e-07
1329196,0.76932,3.5158245002097743e-06,9.11006677548318e-06,1.0675380146268474e-06,1.7266165334856464e-06,1.6020012146846e-07
1325358,0.77929,3.078727510018279e-05,2.862257840750196e-05,8.186266957445796e-09,1.4205536670672273e-08,1.6562564584130138e-07
1309749,0.78928,4.80167044926374e-05,0.00010360049811765843,3.409375939813896e-08,6.524497439436244e-08,1.6920379902267406e-07
Ombo,0.97423,7.046290334893374e-07,2.686711317596214e-06,5.982416869304641e-07,1.226571035940978e-06,2.6021886206539183e-07
Aphrodite,1.29911,2.3502244515004875e-06,6.995564151709841e-06,0.00010990237808792037,0.0006502622471002969,5.315234007506136e-07
Thoth,1.3041,1.3635242914339727e-06,2.6426165297599677e-06,1.620977034590422e-05,3.932714988394741e-05,5.3287971109036e-07
Inanna,1.30611,6.508028804317399e-06,2.0568212741692776e-05,1.430646167079895e-07,3.8023567935781977e-07,5.334265287928107e-07
washington,1.3291,7.161059788759915e-07,3.6951558418996265e-06,9.556047384641378e-06,1.8257286959215838e-05,5.406532853207678e-07
Mcguire,1.35608,1.6430164844048485e-07,4.980765892949242e-07,0.0002446233607262381,0.000754029334515129,5.544010077771462e-07
Primo,1.54901,2.7297501783654613e-06,4.2453349479609424e-06,0.00010864804926756187,0.00038672020474513996,6.958403992677782e-07
13135,0.10361,2.995684869020632e-14,3.4817343455772026e-11,0.0,0.0,1.8898883836402394e-10
20064,0.10374,3.032937761886405e-14,1.1027874099495486e-11,0.0,0.0,1.8898883836402394e-10
13038,0.10507,2.5657316046887524e-14,2.9309054714096974e-11,0.0,0.0,1.8898883836402394e-10
18697,0.10661,1.6185081138116226e-14,8.890201072305416e-12,0.0,0.0,1.8898883836402394e-10
20625,0.10707,2.9850148233656106e-14,1.2964314211112177e-11,0.0,0.0,1.8898883836402394e-10
3256,0.10711,2.203355424071326e-14,3.830899703320559e-11,0.0,0.0,1.8898883836402394e-10
21034,0.10774,2.646419351196577e-14,7.662955076314382e-12,0.0,0.0,1.8898883836402394e-10
7147,0.10908,2.6037861883617847e-14,2.3309726973272714e-11,0.0,0.0,1.8898883836402394e-10
18650,0.11259,7.073817039744813e-14,6.58251978172662e-12,0.0,0.0,1.8898883836402394e-10
18612,0.11388,5.745453277206519e-14,6.317848261289655e-11,0.0,0.0,1.8898883836402394e-10
8719,0.1165,6.231273026808134e-14,5.2584361154639346e-11,0.0,0.0,1.8898883836402394e-10
5395,0.11653,5.225304805964284e-14,3.446399815094199e-11,0.0,0.0,1.8898883836402394e-10
2561,0.1176,5.528379810519761e-14,1.0384544345207408e-10,8.441133512579828e-10,1.6797145676414898e-09,1.8898883836402394e-10
16259,0.11792,5.543019552227667e-14,1.781405447040306e-11,1.1472679909850078e-09,2.9637522380744628e-09,1.8898883836402394e-10
1371,0.11818,1.0236524138851733e-13,1.6773830131166607e-10,1.7153093140466149e-09,1.961611300321248e-09,1.8898883836402394e-10
5549,0.12014,5.390333892175204e-14,7.695773657406741e-11,2.8778432458319186e-09,1.4542793513858502e-09,1.8898883836402394e-10
12860,0.12058,7.966567902763505e-14,1.26734291861995e-11,1.0517510572826124e-09,2.0497965535541716e-09,1.8898883836402394e-10
19953,0.12207,5.4406467702977736e-14,4.889858852994181e-11,2.2463406895623767e-09,3.537601598494274e-09,1.8898883836402394e-10
18835,0.12278,7.114039051158073e-14,3.511057676382746e-11,3.0633603160719424e-09,3.019127288852203e-09,1.8898883836402394e-10
2916,0.12316,7.412335867546086e-14,2.9191934545487366e-11,2.584089687408322e-09,3.82539393138857e-09,1.8898883836402394e-10
16021,0.12357,6.172583029012119e-14,3.982671587439393e-11,4.652998924612984e-09,2.7551466554840194e-09,1.8898883836402394e-10
13894,0.12377,1.0022406681399035e-13,3.902277934340641e-11,2.196307091922111e-09,2.0148556011953393e-09,1.8898883836402394e-10
6406,0.12393,6.01290650533629e-14,1.6355545284529803e-10,3.820249383310896e-09,3.005852612661895e-09,1.8898883836402394e-10
19543,0.12405,9.737850827984935e-14,2.5747311574616247e-10,4.198323011746827e-09,2.118705861729413e-09,1.8898883836402394e-10
13044,0.12472,5.726528607035187e-14,3.436134481532442e-11,2.572304274482706e-09,4.149854379452318e-09,1.8898883836402394e-10
15459,0.1256,7.107653566058465e-14,7.38246704492044e-11,4.520040853603013e-09,3.848753455808152e-09,1.9432303100801694e-10
2992,0.12623,6.484753908531299e-14,3.065876917986268e-11,3.6809007534576234e-09,1.6700207328645214e-09,2.0000382823171903e-10
16069,0.12706,1.13548345490875e-13,9.051131415306095e-11,2.259772864375679e-09,2.6761750795137743e-09,2.0761299403827298e-10
744,0.1271,5.6179357200332775e-14,2.6857258719636915e-11,1.3315866604639583e-09,2.1955849186635065e-09,2.079832888280577e-10
14871,0.1272,1.0422434625877655e-13,1.3704595464680055e-10,5.626921104630794e-09,2.091262972660208e-09,2.089104692520364e-10
18855,0.12732,7.125307465914015e-14,9.210886889524313e-11,4.196540894277441e-09,2.141378295088357e-09,2.1002580769492608e-10
22075,0.1292,6.877932756137096e-14,5.682161765458057e-11,2.615969506522688e-09,2.994839999703858e-09,2.2788711268053055e-10
1032,0.12921,7.775862912829061e-14,1.0079982463766374e-10,2.2819938950515817e-09,3.0124074824076174e-09,2.2798406827906574e-10
5751,0.1295,1.1614837937216298e-13,1.8648585869589143e-10,3.146204223132772e-09,4.008257014186199e-09,2.308047506502562e-10
18415,0.12958,9.380233674752808e-14,2.638749411436912e-10,4.862360641454565e-09,4.900182863683777e-09,2.3158592179035535e-10
18809,0.13169,7.887669963259578e-14,8.10062516376995e-11,4.589302279817739e-09,2.6664382169926435e-09,2.526657418463424e-10
15508,0.13372,1.0833519378855663e-13,1.6815655120495664e-10,4.281307482749084e-09,4.429415759014828e-09,2.7381282994720634e-10
14108,0.13477,8.622310993514371e-14,1.8261472369383891e-10,7.154249155092186e-09,5.138168431705351e-09,2.850844158740431e-10
15234,0.13535,9.084238551642284e-14,1.2795246267494704e-10,4.673487459991952e-09,9.3594738899062e-09,2.91408099347488e-10
17629,0.13658,1.6535972254556399e-13,2.2447110068989442e-10,5.32257342236456e-09,1.1092431945373252e-08,3.050482089254881e-10
19775,0.137,1.2430979861414043e-13,1.0476480187735318e-10,4.351368574374232e-09,6.921125577297342e-09,3.0977725808413233e-10
18602,0.13713,1.3542385736658778e-13,7.309955709702725e-11,4.981511827220682e-09,6.3955170190925715e-09,3.1124838329950477e-10
21062,0.13745,1.3696276861167687e-13,3.474162019757188e-10,4.765415649905278e-09,4.713435028901941e-09,3.148844615116734e-10
17366,0.13822,9.702649180063731e-14,6.72315736814977e-11,1.0949841016399361e-08,4.624232756763441e-09,3.2372030952645666e-10
15171,0.13826,9.30465789221993e-14,9.553968738868149e-11,7.74554039699462e-09,2.348893715628787e-09,3.241826551735406e-10
20084,0.13851,5.281812439271824e-14,1.1364625152195265e-10,5.321611125197746e-09,8.57262933016348e-09,3.2707979047512744e-10
12928,0.13875,9.65148909118673e-14,1.1344174061733515e-10,7.079164757603548e-09,5.092857798800942e-09,3.298731653430706e-10
1794,0.14082,1.6005009283928241e-13,1.6658423745829564e-10,5.52381686674264e-09,5.304438997271137e-09,3.5445903386727983e-10
17208,0.14104,1.0064695011646745e-13,2.14790189279232e-10,4.671654165479439e-09,1.1660892058570325e-08,3.57123968297774e-10
2635,0.14325,6.661829699344527e-14,5.3698441626124294e-11,6.448219839246017e-09,7.415856653723934e-09,3.8444814302826354e-10
17568,0.14345,1.0605537083963161e-13,6.292337517361375e-11,9.680118414222334e-09,6.024679250019658e-09,3.8697061493732117e-10
17497,0.14404,1.394487140501321e-13,2.1649525947445827e-10,5.348388577202625e-09,5.05890659295818e-09,3.9445996363769086e-10
8921,0.14423,1.0629966379850286e-13,6.967395440366992e-10,7.284899824147068e-09,7.0792048895601725e-09,3.968870677430627e-10
17605,0.14542,1.2864876362261178e-13,1.17002263579213e-10,6.940472837495548e-09,4.868699547324775e-09,4.122577206449576e-10
13796,0.14747,1.0952247642849608e-13,1.47380167517623e-10,9.338469927166724e-09,6.98824409425948e-09,4.3942139032157924e-10
14024,0.14771,1.0081142357458578e-13,2.0577718847684255e-10,1.0071420189969685e-08,8.78551761911038e-09,4.426581929753971e-10
14437,0.14806,1.6973832543837786e-13,1.6053917938330952e-10,1.4343629890578244e-08,1.4239346949354273e-08,4.4739982106337247e-10
13736,0.14898,1.7778026217641739e-13,2.8950687264327155e-10,7.333863680246114e-09,6.7099850855898425e-09,4.599839953790636e-10
2308,0.1494,2.02070235970814e-13,1.2450962461745115e-10,8.359277749246345e-09,9.64115313889164e-09,4.657869712059466e-10
2031,0.15195,1.8622271397468372e-13,1.1624240118155186e-10,5.760100764743245e-09,9.12936701940842e-09,5.018001792433357e-10
18323,0.15291,2.6514263938702423e-13,4.267269360018339e-10,6.236965651618933e-09,5.955997355761319e-09,5.157055106090378e-10
15132,0.15318,9.503631254279499e-14,1.0037292385682645e-10,1.2123226076057082e-08,1.3421214889722602e-08,5.19650625747371e-10
18740,0.15336,1.988204437514767e-13,3.9644797124517795e-10,4.378276964359386e-09,9.679606157850643e-09,5.222890538947358e-10
19353,0.15341,1.3332186575091411e-13,1.9355211579262895e-10,1.083076441363281e-08,6.8294205041255496e-09,5.230231362931555e-10
16073,0.15357,1.862170514891695e-13,2.4117191365417803e-10,1.3206846381797513e-08,9.466418215206863e-09,5.253756642481262e-10
5550,0.15511,9.017914028634553e-14,3.923559186006736e-10,1.3977687453741699e-08,6.225487876872472e-09,5.482886709293768e-10
16116,0.15526,1.390544527429328e-13,2.054322145496608e-10,1.0002130665529522e-08,1.0771452735939224e-08,5.505465940467023e-10
18030,0.15536,1.8001193318980274e-13,6.808487698049452e-10,1.0966648443409354e-08,5.610352063176863e-09,5.520544537136675e-10
19940,0.15601,2.0182419495460753e-13,5.477206492611378e-10,5.42983853739549e-09,6.1792000822222016e-09,5.619058045351772e-10
13354,0.15671,1.2431551975678057e-13,2.6707641701862786e-10,8.379662797080684e-09,5.722452389705196e-09,5.726123844363364e-10
16206,0.15856,2.1916454787629413e-13,3.546738241711821e-10,9.91560287024767e-09,2.705060362409834e-08,6.013947366422448e-10
14782,0.15931,1.8635393104438618e-13,3.915939116552496e-10,1.0418965162136963e-08,5.6585933260433455e-09,6.132643097466843e-10
15425,0.15948,1.5535078840744825e-13,2.703489178864612e-10,7.155816870348475e-09,5.125287644909483e-09,6.159708717135803e-10
3317,0.16008,1.4581706472169843e-13,4.166208077642432e-10,1.0860291214061792e-08,7.606977158348843e-09,6.255710772056662e-10
2689,0.16053,1.6894930212856723e-13,1.9618698840048178e-10,1.4376893127097607e-08,9.580420967878241e-09,6.328199477561659e-10
5103,0.16077,1.1323415618555962e-13,2.8062895473913173e-10,7.697126204439046e-09,1.4257340032805815e-08,6.367030859989331e-10
17825,0.16236,2.1376963695839726e-13,7.103518734460976e-10,6.351779417132687e-09,1.5741489856405505e-08,6.627288772835361e-10
19174,0.16375,1.8249310677318794e-13,6.648562702499605e-10,2.340734280659523e-08,8.68357103725562e-09,6.859080596909868e-10
3087,0.16448,1.9843688159589605e-13,4.5634006529765337e-10,2.3914648948384324e-08,1.8645641600072546e-08,6.982408624400659e-10
19616,0.16471,1.799232506740335e-13,1.5747564322911947e-10,7.883427712562775e-09,7.1027794607448784e-09,7.021493052843929e-10
20764,0.16495,1.1676653098928458e-13,4.23654365064453e-10,1.7139680027484658e-08,1.0889170277888996e-08,7.062393105078607e-10
20430,0.16603,3.041660300835343e-13,4.5016373873699177e-10,1.4289375907357474e-08,1.720602498296653e-08,7.247913184461135e-10
12843,0.16606,2.0002412296606884e-13,1.8709814598981625e-10,1.4989647281542496e-08,6.734302103923563e-09,7.253100853484825e-10
12853,0.16828,3.1680115366845356e-13,5.11801999480189e-10,8.762174350920483e-09,2.4980595850090674e-08,7.64213838397975e-10
17389,0.16971,1.9951579267292621e-13,2.8026409467839307e-10,2.0197199964512942e-08,1.635346011102803e-08,7.898116121354318e-10
12856,0.17042,2.2093758652529857e-13,7.282243258465071e-10,1.6821708881947407e-08,1.0754016757967742e-08,8.026776518459266e-10
19282,0.17256,7.716054793566948e-13,5.236094847369299e-10,3.321136249500849e-08,1.0250536062173621e-08,8.420858114090528e-10
3080,0.17331,1.0960289600986892e-12,3.449941960454925e-10,9.538266156095369e-09,2.904154002382223e-08,8.561205592474823e-10
15897,0.17374,1.0620069734988076e-12,4.5695945336803556e-10,1.1825355867575183e-08,1.1045468350501627e-08,8.642194627541048e-10
15648,0.17392,9.657580722952232e-13,4.457313265274754e-10,2.127967221016862e-08,1.0801208914946421e-08,8.676210222021658e-10
14421,0.17417,1.2974121091767044e-12,5.995825368078823e-10,1.1463634621928702e-08,1.4485108535358e-08,8.723564939567644e-10
16165,0.1742,1.303677528088462e-12,1.0685795161959407e-09,1.3001571419086405e-08,1.7365636657891034e-08,8.729256166372434e-10
5350,0.17438,1.6218182347214095e-12,6.914510518659547e-10,1.591331655477145e-08,2.0400947262547436e-08,8.763442500346393e-10
15583,0.17443,1.555161025051652e-12,7.958269338551904e-10,1.4791793984563878e-08,8.550604091135674e-09,8.772950561135915e-10
19969,0.17444,2.9450586924291063e-12,4.386810715410784e-10,1.084484657557929e-08,1.526510414702164e-08,8.774852791916848e-10
18604,0.17498,1.3417902283723497e-12,6.479568563969685e-10,2.394362197639205e-08,1.2167123400936973e-08,8.877879471572966e-10
14979,0.17666,4.561109630825336e-12,2.113099395920141e-10,2.307447932094686e-08,1.9987075878419965e-08,9.34600578113837e-10
17218,0.17713,3.1937195134520905e-12,7.929957464308715e-10,1.685548634475436e-08,5.862729759262895e-08,9.479612566786456e-10
14451,0.17737,3.8584356061061965e-12,5.96404236719301e-10,6.323159420878046e-09,2.0768279189401743e-08,9.548203035482466e-10
17220,0.17786,3.4061260573324237e-12,6.369323558637298e-10,1.1634204613355492e-08,2.032938852800869e-08,9.689009635475994e-10
5635,0.17852,2.7338560063238082e-12,8.24579139145642e-10,1.2196573475252582e-08,2.339751369060586e-08,9.88029653572442e-10
6936,0.17901,4.8944440789706174e-12,8.156218240258664e-10,7.4013241689764384e-09,1.109439062717002e-08,1.0023521999739209e-09
13045,0.17931,6.981659328154884e-12,4.600246239185193e-10,1.1564885797672815e-08,1.1147916132110435e-08,1.011171972905831e-09
2372,0.17973,5.60122727960981e-12,5.196300079329605e-10,9.064053707092298e-09,1.2501846828272915e-08,1.0235845586908942e-09
13254,0.18004,1.182205480709543e-11,2.969316939054041e-10,7.395889635835196e-09,1.5235303478219623e-08,1.032794799597935e-09
14284,0.1805,8.529140268627521e-12,2.1950182438986859e-10,1.2775031577048491e-08,1.5643677330328768e-08,1.0465376301258414e-09
17215,0.18092,6.162353414253536e-12,4.848584210649909e-10,1.177442106274512e-08,1.663439670891429e-08,1.0591647586327865e-09
15443,0.18136,7.349035784245521e-12,4.823200596467595e-10,1.6147083061982846e-08,1.4235161756474377e-08,1.0724743944258218e-09
17332,0.18217,5.380484730499391e-12,6.26618119287349e-10,2.4025858736337766e-08,1.647063731010927e-08,1.0971935353845945e-09
1580,0.18229,1.0723130049789011e-11,9.132466103915322e-10,1.1907858286785466e-08,1.604868421603459e-08,1.100879582889989e-09
15453,0.18252,1.1670370586558035e-11,9.711057104355628e-10,1.6454049255560285e-08,2.2388946975996697e-08,1.1079617848760275e-09
17391,0.1836,1.2526554837016925e-11,2.548067615002e-10,9.527290637110355e-09,9.64456636020005e-09,1.1415209985326946e-09
17168,0.18389,1.8509407913426712e-11,9.085423117884884e-10,1.1150869478859146e-08,2.1860193029374633e-08,1.1506175407986523e-09
20048,0.18402,1.3379346830871535e-11,8.113241943163998e-10,1.959984912332592e-08,1.3295119223689076e-08,1.154707019844543e-09
15421,0.18459,2.4571800601249506e-11,4.877120943728727e-10,2.4988917295904246e-08,1.0787774977958968e-08,1.1727234493865225e-09
8213,0.18484,2.4784295541719958e-11,1.0775089358387939e-09,1.3729238410688118e-08,8.865575723369171e-09,1.1806693910254949e-09
15461,0.18493,1.462655520743273e-11,5.372774553785861e-10,1.852884579349256e-08,1.0088202265707607e-08,1.1835364976499658e-09
6422,0.18515,6.49196167952378e-12,9.180816581665203e-10,2.3112156106764287e-08,1.3632070385604156e-08,1.1905596181780506e-09
16281,0.18522,1.0060053621536436e-11,6.885326698844275e-10,2.2074010464197672e-08,1.541943862726893e-08,1.1927986043968918e-09
15365,0.18667,2.0382677029971978e-11,9.294090974628573e-10,1.8639744005536328e-08,1.3156220967308062e-08,1.2396506460244353e-09
18807,0.18728,1.9945552008141435e-11,4.2772837392112526e-10,1.667937556887758e-08,1.8016180497769716e-08,1.2596305175257702e-09
5994,0.18809,1.5770146887287386e-11,7.610185938241092e-10,1.615748962741039e-08,4.2492285576414506e-08,1.2864080323535826e-09
12927,0.18906,1.0706144322471142e-11,8.053617496937949e-10,1.855700796109904e-08,1.153832021622205e-08,1.3188455105215067e-09
16100,0.18908,1.3960001520430486e-11,1.0190139193565973e-09,1.8495749856368635e-08,3.7213494565574125e-08,1.3195185741504042e-09
18787,0.18929,2.6430550094052875e-11,6.499981428918586e-10,8.513874079517947e-09,2.120595528792548e-08,1.3265961088105788e-09
18749,0.18948,1.8171732817036204e-11,7.299125452745473e-10,1.9122468299555926e-08,1.1224545024352603e-08,1.3330159043225048e-09
6304,0.18995,2.552804072776647e-11,1.2248813119702024e-09,1.1673298983665311e-08,3.373133239436911e-08,1.3489630288981438e-09
762,0.19025,2.2349210876011752e-11,9.768764843992086e-10,1.9504469635156342e-08,2.174622653235926e-08,1.359191623785289e-09
20687,0.19042,2.3462691133080205e-11,4.730650218226332e-10,1.2115608304045267e-08,1.514849350547757e-08,1.3650049763779926e-09
2440,0.19044,3.727538394474535e-11,8.656261508763456e-10,2.0509950998092734e-08,2.3604521910787878e-08,1.365689715800761e-09
16276,0.19413,4.019379231355613e-11,7.734591221975702e-10,1.169848159601664e-08,2.6823884775719505e-08,1.4949623830465623e-09
2246,0.19434,2.38522408729784e-11,1.0742297581921028e-09,1.366035590394323e-08,1.8985887170932717e-08,1.5024951449107304e-09
20821,0.19546,2.8640012486727578e-11,1.428077146758498e-09,9.9952858500373e-09,1.2333701501266269e-08,1.5429895855766826e-09
14984,0.19557,3.266731880120733e-11,1.213997072538686e-09,1.9242667481149514e-08,1.55596517616114e-08,1.5469957573879149e-09
15674,0.19568,8.365582054825681e-11,8.138838171682646e-10,1.323353102344741e-08,1.1154434565338115e-08,1.5510071232106207e-09
15129,0.19621,5.3678264081968e-11,8.342967329749308e-10,1.4632883787832569e-08,1.0482010012301038e-08,1.5704074150964856e-09
13070,0.19733,3.148478327260054e-11,1.9208400159457254e-09,1.0167055508772573e-08,3.093211336249193e-08,1.6118008919297782e-09
18804,0.19741,4.9578236420183e-11,1.0672876371209184e-09,1.4013524369145473e-08,1.7417174187253884e-08,1.6147781731897232e-09
15222,0.19817,3.7249119265635886e-11,5.546623169652482e-10,4.520653695025963e-08,1.3911304816069227e-08,1.6431993640381342e-09
13370,0.19861,5.158750638493707e-11,1.363587787361476e-09,1.294627042828627e-08,1.8842659980211967e-08,1.6597670615741045e-09
19658,0.19878,4.226721786133201e-11,1.4533645049761232e-09,1.8306868309072556e-08,7.478971574172804e-09,1.6661904744236298e-09
18768,0.19908,4.196688846277363e-11,7.024315038906675e-10,2.041328112874203e-08,2.0146281491655557e-08,1.6775561714921954e-09
19101,0.20077,1.1438616355625892e-10,1.2446414683511425e-09,2.4352882577519076e-08,3.586292930259547e-08,1.7423047490001445e-09
13152,0.20231,5.359824982879326e-11,6.754397915991576e-10,2.1803255177380116e-08,1.2948318679449391e-08,1.8023740167940572e-09
19913,0.20249,1.0116675122868784e-10,8.61675166257038e-10,3.131878745954205e-08,1.3378212827511131e-08,1.8094615490492216e-09
6780,0.20279,6.750821910989298e-11,1.1125694335780113e-09,1.551504971771672e-08,2.062028973427718e-08,1.8213050093219845e-09
14212,0.2032,5.326342446517829e-11,1.3183491585044127e-09,9.856417615989707e-09,2.6853869902521233e-08,1.8375535500723316e-09
15203,0.20329,7.553049925843261e-11,2.0830311368584964e-09,8.889890615139924e-09,1.2310154294337732e-08,1.8411299612059159e-09
16032,0.20331,1.2078093745010057e-10,9.221268715874837e-10,1.9552581412082844e-08,2.6004419468592163e-08,1.8419251914181926e-09
7243,0.20334,6.196207813151462e-11,1.3352523720569131e-09,1.666645638998985e-08,2.19573031947346e-08,1.8431183586800754e-09
15901,0.20382,5.422753359922634e-11,7.557690268030074e-10,1.3497944679821045e-08,1.44207906569736e-08,1.8622615759412993e-09
18965,0.20469,4.945802303877931e-11,1.6860937429470365e-09,3.227804020695107e-08,1.502471469852683e-08,1.8972107384859376e-09
17801,0.20523,6.66483254508907e-11,1.7442928022378015e-09,2.3231739399928607e-08,2.2413474189022866e-08,1.91906674033033e-09
15872,0.20562,1.283115030206389e-10,1.566079009399309e-09,1.6704518978169938e-08,1.6901081850052355e-08,1.934929476334857e-09
15201,0.20748,8.568760060130265e-11,1.3515337286220185e-09,1.3026693117364418e-08,1.673544045389778e-08,2.0114807455510637e-09
20376,0.2084,9.001017302067598e-11,6.463568847919943e-10,2.3899508040117553e-08,2.3717468108699053e-08,2.0498937482342442e-09
15467,0.20856,3.3780973693249064e-11,1.1336575054630716e-09,1.253210767448725e-08,1.2705668932446103e-08,2.0566113582580406e-09
15259,0.2087,1.0193483395134815e-10,1.6912102200225476e-09,4.596302700027343e-08,3.9419130220019686e-08,2.0624982814279793e-09
16482,0.20948,3.391861450727902e-11,2.0975276241960304e-09,2.0665437268533264e-08,2.760960283327205e-08,2.0954508708421093e-09
19149,0.21037,6.538176285299963e-11,1.4356451710386972e-09,1.2772463747116091e-08,1.5129020905131565e-08,2.133369622750175e-09
14157,0.21095,1.0120741122201657e-10,1.1343801840755666e-09,2.9040111235918845e-08,3.333651572981687e-08,2.158263711821037e-09
18940,0.21114,9.260478737707126e-11,1.2482955762405016e-09,1.993922895251821e-08,4.134537846459272e-08,2.1664500721942283e-09
7847,0.21174,1.1221562029159575e-10,1.6415700490391248e-09,4.0436071150759164e-08,2.0918170389903983e-08,2.192403470473955e-09
17811,0.212,8.980333589317383e-11,1.3844784450986956e-09,2.306189906865431e-08,1.6136407843984056e-08,2.2036979340106967e-09
18927,0.21225,9.724086687231574e-11,1.17255619874684e-09,2.259662480058347e-08,1.784606754614622e-08,2.2145853602469427e-09
13305,0.2135,3.223685979666289e-10,1.2856353708565333e-09,4.806372824742116e-08,2.904938581428015e-08,2.269424920003134e-09
8495,0.21365,9.454708760082047e-11,1.8988612573515336e-09,2.048679091435239e-08,2.1341946608633022e-08,2.2760507391742734e-09
6933,0.21398,1.536237721631773e-10,3.5968022594505717e-09,1.7238070708341243e-08,2.8114025784416736e-08,2.2906615385170627e-09
14019,0.21521,1.808125456821949e-10,2.4759680000321176e-09,1.107628356113365e-08,2.2103839098423414e-08,2.3455318017368374e-09
1316,0.21578,3.200067139494131e-10,3.7358500517655654e-09,1.7684685180496257e-08,3.7539835380546255e-08,2.3711796936088498e-09
17435,0.21689,2.4463312951647896e-10,2.8670393391092224e-09,1.112989830614059e-08,2.3553038302029094e-08,2.421525827669557e-09
7473,0.21692,3.2706357203294286e-10,1.0337023786408398e-09,1.920696458534903e-08,1.7719571919257086e-08,2.422893874293011e-09
20364,0.21742,2.3249392274514928e-10,1.8534045595530878e-09,1.4328746303940924e-08,3.385843095436185e-08,2.4457515279178757e-09
13641,0.21794,3.968615729432026e-10,2.781534014991738e-09,2.06262811349084e-08,2.1816187595973045e-08,2.4696373266827386e-09
9467,0.21897,8.321049134144324e-10,1.355563754317132e-09,1.165015226812883e-08,1.800571056072754e-08,2.5172922364466585e-09
5533,0.21898,4.672333160830636e-10,2.076632323807242e-09,3.068662289361195e-08,2.6743216951540024e-08,2.51775713761051e-09
15433,0.2195,6.284871871014684e-10,3.6342344030966684e-09,5.771128645271839e-08,4.135543460386064e-08,2.5419911497734255e-09
18466,0.21978,5.613965570447832e-10,1.8285020467234527e-09,1.687242442636979e-08,1.687660172356538e-08,2.555088310045529e-09
14331,0.2199,6.7338767993029e-10,2.1526536010283877e-09,1.3503223164919717e-08,1.9768621591460732e-08,2.5607116809057053e-09
19230,0.22017,5.151729091313125e-10,2.5711076265320914e-09,1.7337952710897727e-08,1.688184307572201e-08,2.5733868657286195e-09
7512,0.22066,6.004195228235057e-10,2.6994370252665964e-09,1.611931035682636e-08,3.830334266772732e-08,2.5964699066071248e-09
15354,0.22083,6.568436217224572e-10,3.0369150670105764e-09,2.2291737579167424e-08,7.879091624550112e-09,2.6045023898708746e-09
13025,0.22299,7.142071106756602e-10,2.387199478225337e-09,1.605575495834682e-08,1.8703521077731588e-08,2.7076423599001805e-09
14846,0.22349,5.585200102233985e-10,2.0572803839250016e-09,3.255525570179924e-08,1.2528072058102982e-08,2.731802808965061e-09
13727,0.22543,7.939555399383857e-10,4.370974275575461e-09,1.636085129231802e-08,6.190585871237844e-08,2.8197914364253787e-09
15229,0.22551,6.706605975345248e-10,1.8986639776414877e-09,2.819203067986765e-08,2.29802005336749e-08,2.822469469834571e-09
19992,0.22645,5.298503880153139e-10,1.8757388279779056e-09,1.6150134870447398e-08,2.3852349942850058e-08,2.8540315755347305e-09
13072,0.22928,1.289835967752408e-09,6.079152666768335e-09,2.545680386301487e-08,3.735898272934294e-08,2.950113149218145e-09
3452,0.22978,1.1982149061966727e-09,8.772835884773452e-09,1.1302699307422107e-08,4.61980343323537e-08,2.967254034242668e-09
21033,0.2302,7.881747399665573e-10,4.493979529927102e-09,2.730058114762347e-08,3.970164975286046e-08,2.9816907489162984e-09
19008,0.23086,1.5227488577683271e-09,3.4863957581169283e-09,1.723925798993032e-08,4.0117834084381755e-08,3.0044477990710927e-09
17875,0.23125,1.3170536261776461e-09,2.42084848631437e-09,1.471123376864567e-08,2.1464688435587547e-08,3.017935812076942e-09
15369,0.23282,1.7966368434270309e-09,3.5975423786518708e-09,1.9624938712227424e-08,1.3642861562148277e-08,3.0725392903544177e-09
12971,0.23395,3.03429348365626e-09,5.063800476064324e-09,1.9144575365151662e-08,2.2528117386223793e-08,3.1121428609897583e-09
19341,0.23556,1.3117762474816168e-09,4.609924435580778e-09,1.8254030292506284e-08,3.0537228147728e-08,3.169007259106087e-09
15287,0.23639,1.252093498656777e-09,5.36624408187394e-09,1.2662136419238912e-08,1.6817166714163863e-08,3.1985235571594944e-09
13511,0.23664,1.6198951532305974e-09,4.921469798665636e-09,3.498192904999217e-08,3.645478747249557e-08,3.2074408205915927e-09
12881,0.23685,2.8594258974317997e-09,7.317782373974447e-09,1.3835982536547071e-08,3.1544260873052884e-08,3.214940914688365e-09
16350,0.23693,3.1032245225086587e-09,1.037980675941059e-08,2.314100471794026e-08,1.60606407504588e-08,3.217800397255878e-09
20768,0.23746,3.19536939295594e-09,6.151253937576679e-09,2.8776225856747983e-08,1.9947314518688504e-08,3.2367765744065382e-09
17884,0.23789,2.0183235576290392e-09,9.173377234762091e-09,3.199460931266235e-08,5.708077171592368e-08,3.2522133336664748e-09
18486,0.23981,2.620933386534994e-09,6.623116975461358e-09,1.9507517622134874e-08,3.0464708561208066e-08,3.3215883205772024e-09
17223,0.24164,2.105402357330709e-09,6.551081046844335e-09,1.9173268611073578e-08,4.545008633255598e-08,3.388392832017451e-09
14481,0.2422,1.8780766978377643e-09,7.080646532684863e-09,1.0290014958050276e-08,3.3591459621987295e-08,3.4089686517469976e-09
20111,0.2428,3.3559942697081913e-09,8.610086379076754e-09,4.329088059568391e-08,1.4207839204747213e-08,3.4310832888090383e-09
20088,0.24329,5.3699716828570924e-09,1.1198729881399098e-08,3.43945987537393e-08,3.126712956175154e-08,3.4491966142690076e-09
13506,0.24354,1.8751194584014405e-09,6.268800438842242e-09,2.231617133552877e-08,2.3346089102733593e-08,3.4584564781814667e-09
19023,0.2441,1.7262688214719598e-09,1.1560812317161797e-08,1.2582667980383878e-08,1.8020232622280897e-08,3.479243617858969e-09
15466,0.24444,2.6593314577127352e-09,8.836181733370263e-09,2.775808595046723e-08,3.581024180925411e-08,3.4918947684073543e-09
3377,0.24459,2.5325072655569296e-09,1.7004374411239874e-08,3.6269921751806484e-08,3.859826516298443e-08,3.497483457235149e-09
20039,0.24553,3.399939174005903e-09,6.406945172372319e-09,1.202301035737434e-08,1.9863028960889706e-08,3.5326076546002545e-09
13835,0.24617,3.9321053356059255e-09,1.404238239273825e-08,2.2405468650850645e-08,4.5227151053064e-08,3.556622418438814e-09
15219,0.2465,4.461036559054232e-09,7.912875784330459e-09,1.568372148696021e-08,4.2306034400008814e-08,3.5690368184091975e-09
12977,0.24656,3.0005602270240066e-09,5.895170892440853e-09,3.8205447357160135e-08,1.5681626931160628e-08,3.5712963057653987e-09
3451,0.24846,2.634494607792655e-09,1.3607351494018662e-08,2.327729362779676e-08,4.4539513769008726e-08,3.643216548615055e-09
15161,0.24865,2.5293411902107147e-09,1.2751608726125373e-08,9.336789115693722e-09,3.92418922108256e-08,3.6504480067113114e-09
19990,0.24896,3.85775754597905e-09,2.1313858563892798e-08,3.130735824714367e-08,3.5230909647066144e-08,3.6622620936960247e-09
3199,0.24972,3.1630532777855398e-09,1.4403884169174994e-08,1.573828372596694e-08,1.1323943165831838e-08,3.691306416196433e-09
16106,0.24983,2.4730533053860075e-09,8.434958382770034e-09,2.3711308316494035e-08,3.2870093300482446e-08,3.695519703156093e-09
15868,0.24986,2.3491591433809217e-09,1.4916824881289386e-08,2.928967381646987e-08,1.6348529221067766e-08,3.6966691984961943e-09
13689,0.25043,1.9137473815145754e-09,8.99421038126978e-09,3.031848750184856e-08,3.0372245390869254e-08,3.7185435720994897e-09
5717,0.25051,3.066860028850617e-09,1.9547114729760435e-08,3.7483702180827715e-08,1.8408151277621875e-08,3.721618823455968e-09
16213,0.2509,4.216841245307607e-09,7.760684165705834e-09,1.6066925051528763e-08,3.301578289537642e-08,3.736628876331344e-09
17552,0.25199,3.89238233141567e-09,1.7504540312613837e-08,2.6358790699505795e-08,3.5263544104123164e-08,3.778740247750428e-09
9032,0.2526,5.755595612676189e-09,9.072884178961489e-09,3.5083061525600706e-08,5.423547620963949e-08,3.802410140783811e-09
17464,0.25358,3.95166574658795e-09,1.3573633421240251e-08,3.9065473587808964e-08,3.1504052615242155e-08,3.840591918302054e-09
5736,0.25407,3.6071233902110124e-09,1.2793850999905611e-08,2.9738368406062512e-08,2.0712766582269698e-08,3.859754336082597e-09
1112,0.2562,4.5130244024395235e-09,1.2280739795495273e-08,1.7105217439245164e-08,3.801472436617495e-08,3.943606371586205e-09
17340,0.25637,6.170127206990192e-09,2.6164201624848056e-08,2.5669500625984453e-08,7.524863820472296e-08,3.950337615619506e-09
9457,0.25683,6.160314542505475e-09,1.8275093688173824e-08,5.128686074502359e-08,1.9273718392429534e-08,3.968580348503357e-09
19207,0.25731,4.199966032525604e-09,2.1608653170277022e-08,3.018379120800943e-08,1.575850122100507e-08,3.9876610498716226e-09
18325,0.25736,4.56486428836121e-09,2.3719698861468797e-08,4.280569667251828e-08,2.0519469363945653e-08,3.989651254499066e-09
8046,0.25772,6.531698119014673e-09,3.202507850095619e-08,3.633262102627645e-08,2.6106208696982585e-08,4.003995385163383e-09
6108,0.25813,5.052135320348912e-09,1.8903736514735057e-08,3.819873570454243e-08,2.3541867381785017e-08,4.020363106623612e-09
12972,0.25948,5.669398691549039e-09,1.5907982801671117e-08,2.4776037839318712e-08,3.3785811630390134e-08,4.074492771088874e-09
15440,0.26141,1.1395178098169187e-08,2.868693531676253e-08,1.8517674666820573e-08,4.817630740508021e-08,4.152506780373045e-09
2017,0.26172,8.270499345130861e-09,1.9249816011652806e-08,2.375214780024042e-08,1.6304158494012365e-08,4.1651064850139106e-09
19702,0.26173,1.614786081053082e-08,2.048997189414713e-08,2.344140397681143e-08,4.011671681600719e-08,4.165513244873339e-09
1253,0.26175,7.398812731990532e-09,4.017947322697318e-08,2.5159159649645542e-08,3.280928090442647e-08,4.1663268241758025e-09
13655,0.26184,1.0686296847774434e-08,3.0637942196080995e-08,2.9252512454033033e-08,1.900185912790959e-08,4.169988914148113e-09
18945,0.262,9.734509998447129e-09,2.7498178962358795e-08,2.987243974818228e-08,3.471224031641837e-08,4.176503268500785e-09
13956,0.26303,9.630026912394601e-09,2.4122665922676314e-08,3.718861849369347e-08,5.247074543015059e-08,4.218561142155717e-09
12983,0.26408,7.629405548397043e-09,1.4910431529013508e-08,2.813813452942825e-08,2.916556932079125e-08,4.261652554551429e-09
2943,0.26419,8.47418476305015e-09,3.2840625763257364e-08,3.3269990702396476e-08,2.081246930915372e-08,4.266179564245896e-09
13099,0.26463,1.7042323770126063e-08,2.411093633957673e-08,4.437776512179151e-08,3.117274646228173e-08,4.284311634706802e-09
2422,0.26582,1.3514314546948603e-08,2.6301233504451282e-08,1.8535407269276212e-08,3.536443613073141e-08,4.333543264368728e-09
6315,0.26583,9.858132508040107e-09,2.2452302608544834e-08,2.430772035329538e-08,3.5413280517159676e-08,4.333958167196076e-09
18463,0.267,1.425791379953867e-08,2.5978071571368896e-08,6.241177644288927e-08,1.1490587089442198e-08,4.382638897784069e-09
14298,0.26887,1.353413995769543e-08,1.2803332643298692e-08,4.532508084546511e-08,5.3178119202109476e-08,4.461009377948429e-09
19002,0.27021,1.3114071002498797e-08,4.637170619455005e-08,3.9371114776286974e-08,3.735568886143951e-08,4.5175950521603644e-09
15356,0.27351,1.3459003070088366e-08,3.010122788052259e-08,1.7857777876071287e-08,3.3522159972743094e-08,4.65846838224029e-09
20227,0.27585,1.941909922205927e-08,2.8065916751588604e-08,1.8581844772132154e-08,2.3280964986445075e-08,4.7680035268017424e-09
19051,0.27631,1.6530458036819024e-08,5.44102908919769e-08,2.390311416004951e-08,4.5034255737807165e-08,4.792565353501078e-09
4000,0.27668,1.3773658023394565e-08,3.304104498180396e-08,3.658886020441261e-08,2.5735531235936537e-08,4.812367395604769e-09
4046,0.27776,2.278729576583034e-08,5.189011468183903e-08,2.4802438807740012e-08,1.1961629476602125e-08,4.870401449599684e-09
5957,0.27935,1.9780753535189057e-08,5.0646746764228345e-08,6.032412980419808e-08,4.2327744742861e-08,4.956473469636246e-09
6196,0.2799,2.5900750001824785e-08,3.7874855681014976e-08,5.6482643840178895e-08,3.9233675506662735e-08,4.986422306663592e-09
18485,0.28132,2.3871737057104806e-08,3.4473668857886736e-08,3.5327793053038577e-08,4.232722480825357e-08,5.064161865377254e-09
15584,0.28344,1.3994109331879516e-08,2.1631955034901354e-08,6.264090217735478e-08,3.6457359180586794e-08,5.1813427461071245e-09
14261,0.28446,3.0268505004537306e-08,4.5864508829403805e-08,3.7670590721341307e-08,4.13969059697331e-08,5.2381997804371995e-09
16072,0.28446,4.2021746770167555e-08,4.320629731545814e-08,3.555012974970271e-08,4.896729730780323e-08,5.2381997804371995e-09
17791,0.28478,3.1785492270515563e-08,5.278257192578838e-08,2.340104996772772e-08,2.788428112453387e-08,5.256101217692693e-09
20040,0.28665,2.6163233275171807e-08,6.237420931318553e-08,5.78921583766054e-08,1.757344520069061e-08,5.361323371980915e-09
20245,0.28734,4.148573364716023e-08,3.9951172638357904e-08,2.919882163671925e-08,5.455996675768031e-08,5.400412038197821e-09
17809,0.28758,2.5526179796904112e-08,4.893165733207189e-08,2.7920643328697095e-08,2.966375041842927e-08,5.414041376281223e-09
19128,0.28775,3.119729499292507e-08,6.953834762032009e-08,2.2294602088365654e-08,2.9131552455795065e-08,5.423705883386808e-09
2165,0.28894,3.016072909415989e-08,5.581565224887184e-08,5.626021911398113e-08,2.3637727834518752e-08,5.491598744901046e-09
2789,0.28901,2.5929100644145388e-08,5.0377675064674316e-08,5.337525192108654e-08,4.536058683446702e-08,5.495605593711605e-09
19596,0.29045,3.4973517653289706e-08,5.6492347972584514e-08,1.881587163218269e-08,5.2310322157413476e-08,5.578356412054791e-09
19027,0.29123,3.2288593974275327e-08,8.217040370478847e-08,2.0678061065356197e-08,4.081779215227703e-08,5.623437962471419e-09
12841,0.29215,2.1916954849824687e-08,3.395893329221028e-08,3.059027650527788e-08,2.5410204003105682e-08,5.676844273676284e-09
21006,0.29251,3.6711019289109014e-08,8.334930814423043e-08,5.697343087932673e-08,3.521883218731085e-08,5.697811103105738e-09
6249,0.29365,3.886371474100549e-08,5.284146914225555e-08,1.4300400205504524e-08,3.5408349545250736e-08,5.764461032774071e-09
19794,0.2958,4.256430067591493e-08,3.5438588924323e-08,2.1757836351156275e-08,4.239411316532273e-08,5.891215156825488e-09
1119,0.29647,1.64884119599836e-08,6.16519291513445e-08,1.574960850243032e-08,6.252130805425095e-08,5.930996998477926e-09
13610,0.29692,2.6285801162992572e-08,4.4374675341579493e-08,1.644679662417082e-08,1.699277222796986e-08,5.9577912948519695e-09
6137,0.29893,5.082657367695312e-08,4.625079896882848e-08,3.4796484007356056e-08,4.592046937121037e-08,6.078209750657543e-09
10550,0.29933,2.864395693061083e-08,1.0055787952314472e-07,1.2973452714799861e-08,2.318658643881067e-08,6.102317359826664e-09
14735,0.29947,3.86977443241059e-08,8.486943682177258e-08,3.046448208614584e-08,2.1798694285684662e-08,6.110766295383985e-09
5391,0.3003,2.1236011246850897e-08,8.921337734409819e-08,5.4573841783696206e-08,2.0041407267934763e-08,6.160976457895329e-09
7143,0.30365,3.8025408673948034e-08,5.4508433512798355e-08,2.752215424506615e-08,3.291837110512174e-08,6.365719852524263e-09
19818,0.30406,4.841377556313605e-08,6.216452413026544e-08,1.758278443636125e-08,2.7743644101164833e-08,6.391007859830753e-09
12883,0.30526,5.3488480773062165e-08,8.983634966920942e-08,4.034165511410961e-08,4.416723700060185e-08,6.465309610906986e-09
5966,0.30834,5.91440489219518e-08,5.732728196772994e-08,4.1094966239030746e-08,2.4149143953106886e-08,6.6579830024162114e-09
6699,0.30922,3.564487005601871e-08,6.806987497880009e-08,7.096510464722025e-08,2.7341819312805035e-08,6.713552144480279e-09
5844,0.30938,4.9204672205431534e-08,1.3444685817599113e-07,5.11861999684581e-08,4.123535956827024e-08,6.7236804359521466e-09
16211,0.30949,4.887386033555006e-08,1.245593356989448e-07,2.5113757530095722e-08,3.951724310964218e-08,6.730648064763507e-09
21042,0.30962,7.790382647100304e-08,5.7172793478818555e-08,3.086885046056978e-08,2.0050890854297727e-08,6.738887187255654e-09
15213,0.31061,3.5154556567941206e-08,1.6083023612797884e-07,3.69684263693098e-08,6.8368155419263e-08,6.801796601724621e-09
20142,0.3127,4.953729257540639e-08,5.732275490294632e-08,3.293505881371641e-08,9.247380199949418e-08,6.935565185283666e-09
19632,0.31387,4.748930778649893e-08,1.204067836557919e-07,5.6263549885042246e-08,2.0435334895932058e-08,7.011018707302338e-09
15383,0.31506,4.492851956657406e-08,1.0697829211155812e-07,5.959554822400019e-08,1.675908693013516e-08,7.088180780025472e-09
6649,0.3152,4.785505702656531e-08,7.251362421515748e-08,7.616391060697352e-08,4.162231105391557e-08,7.09728643431329e-09
15776,0.31593,4.709603424233084e-08,1.4373779539133148e-07,3.453019973999089e-08,1.567887872747116e-08,7.1448606140662e-09
6100,0.31623,4.4412847936280266e-08,8.15091833765074e-08,3.3986313233034415e-08,2.8572961756649934e-08,7.164457720332928e-09
7475,0.32276,6.15065891684152e-08,2.186496327728527e-07,2.18130188264941e-08,1.2918466546378583e-07,7.597671474928987e-09
18617,0.3258,7.488093676608259e-08,5.7455752673252944e-08,3.037737233886975e-08,4.765996688366979e-08,7.832460120482381e-09
14456,0.32804,6.740742478971527e-08,2.549364896140782e-07,1.6952459545541624e-08,3.269101522028256e-08,8.067935716797602e-09
6924,0.32871,7.769229723269065e-08,2.5307824752622915e-07,6.296687697153212e-08,3.102144677310309e-08,8.139045712259094e-09
13934,0.32941,9.385272417546753e-08,1.900367825265989e-07,2.2506107715963874e-08,3.542800565097299e-08,8.213673010470457e-09
13830,0.32995,6.81021852826148e-08,1.0587518303207612e-07,6.096727516787527e-08,6.992418390628458e-08,8.27147534090264e-09
4241,0.33063,5.47928759977551e-08,1.6273327842679643e-07,3.6262059567703775e-08,6.783947531872167e-08,8.344551764530071e-09
20106,0.33147,7.148150359441387e-08,1.95612828020505e-07,4.096585527605296e-08,3.6816626066103925e-08,8.435266356203609e-09
16093,0.3345,6.571242313008077e-08,2.0861424994706682e-07,3.237269680646455e-08,2.3419928434318484e-08,8.766561919256994e-09
2533,0.34111,1.1169500328039271e-07,1.4071858106458117e-07,2.75416538211253e-08,4.3785842015471555e-08,9.51143341156035e-09
20186,0.34968,1.7746432248894152e-07,2.4363048980065905e-07,3.494329975906198e-08,3.069143693347525e-08,1.0522384487526862e-08
1688,0.35774,1.228827042036909e-07,2.794061386251826e-07,5.624318622935706e-08,3.378058208858338e-08,1.1519754962529997e-08
15704,0.36962,1.0380954492692646e-07,3.497754728919727e-07,2.650913546699392e-08,3.0210887804928004e-08,1.307214798663637e-08
18091,0.36987,1.0627509382988573e-07,1.6271032990863951e-07,2.5635579826217106e-08,6.586874267419256e-08,1.310587004890222e-08
13136,0.37057,1.41829218844211e-07,1.9722122360391218e-07,3.1370995591021876e-08,8.527832736684212e-08,1.3200522925032272e-08
16232,0.37436,8.914239632517814e-08,5.216494879969874e-07,4.5821397552789757e-08,3.941675039763132e-08,1.371891444789886e-08
7779,0.37991,1.5852202315976076e-07,4.113675728643919e-07,9.276879631819018e-08,4.6475438938641015e-08,1.4354983437278267e-08
000137,0.11901,1.221870841193158e-11,2.112437569673662e-10,8.692485101188627e-11,2.135574352583162e-10,1.3808789439749105e-09
020096,0.22578,2.3454109108812137e-08,1.4957799804017163e-07,4.3790755682155224e-05,4.470915308751473e-05,3.950965301246188e-08
350050,0.40483,4.347301924814952e-06,2.4943049700446224e-05,1.3175049947965994e-05,1.7389643153958773e-05,1.4602193929884521e-07
490008,0.12086,2.293810012858038e-15,2.7575089928472928e-12,2.143210516817535e-06,4.287666624957106e-06,2.1357502567392252e-10
000236,0.19616,3.961979826273664e-11,3.369680198022067e-09,9.779958927743223e-09,7.306790230010471e-09,1.3498985615844054e-09
500100,0.31088,1.7376668633160301e-09,6.825172696045086e-08,1.0014589069669315e-10,1.0318523599077742e-10,3.6286476194198635e-09
370394,0.3309,2.096621010476079e-09,7.83456105770221e-09,1.0493589146065466e-09,4.282022905190595e-10,4.000056965814648e-09
470041,0.33189,1.3489866482461524e-08,2.232793117981176e-08,2.0754492940866777e-06,1.3477991362254138e-06,4.021734167612449e-09
110425,0.38092,9.965133811649962e-08,8.509671360276907e-08,6.392004313521945e-09,1.1032776155076094e-08,5.2558671513445365e-09
110734,0.40221,8.445919106416277e-10,3.6055473388440618e-09,9.438548445800034e-11,3.0835522879856375e-10,6.138952827674013e-09
110430,0.42094,4.374622841707316e-08,3.296663974580436e-07,6.024367228435939e-10,8.848359106987707e-10,6.9725267237643285e-09
110542,0.42703,1.2172487636305359e-08,1.7745237471530474e-08,2.598525839677102e-10,2.0904843775002044e-10,7.2096608852871915e-09
100101,0.42976,8.104622387295577e-06,1.9401205338434427e-05,7.900410219910765e-08,1.2907637306320402e-07,7.276429608114789e-09
350374,0.50098,1.239366485731968e-06,1.7075995441570717e-05,2.538135157303487e-07,3.6345744542721425e-07,9.751079672105746e-09
390259,0.12231,2.505662486643938e-06,5.53344436388418e-06,5.966014325013627e-11,1.6807416511823913e-11,1.695776527359001e-10
180166,0.14778,6.639083700040907e-13,8.445342439766314e-12,1.2553990552193596e-12,9.508713138074134e-13,5.538951575134169e-10
040780,0.23082,2.8386426385828262e-08,1.2489878449283606e-07,6.453958625008368e-12,1.2045398593692631e-11,3.2274279709368165e-09
390449,0.25022,2.4445004595843345e-07,4.5056757696155703e-07,4.181446691071346e-09,7.825106034383552e-09,4.281579467023459e-09
520019,0.26323,2.1874776554503984e-10,2.630649147523082e-09,5.114878750773535e-10,7.518005047425052e-10,5.071823983413031e-09
390264,0.29221,3.785713736524107e-08,8.186572810518083e-08,5.183532829321453e-05,6.077634156934922e-05,8.33517340214109e-09
150509,0.29293,6.443883706373929e-08,9.461578669049912e-08,4.823525288596353e-07,1.34997822881741e-06,8.448988796329963e-09
170428,0.3002,5.480205467592051e-09,2.8615466546646422e-08,2.3500379382660306e-08,3.174323580723359e-08,9.641448905843514e-09
520062,0.30818,2.2681859591482327e-07,2.7076814565223504e-07,2.7625903772745134e-10,1.4141962379938366e-10,1.1040957611700916e-08
040782,0.33751,8.297065024689503e-06,1.2606653118395603e-05,4.6196212906902547e-08,7.704601426325302e-08,1.698556007783372e-08
160198,0.3491,2.265514361769789e-06,2.906638071704588e-06,9.23948713073219e-07,5.228156838155208e-07,1.9678289619901203e-08
070955,0.34932,1.7500225408629687e-07,2.2550617226621528e-07,3.237909928682484e-07,1.0802133297085693e-06,1.97313178729994e-08
160197,0.35372,8.809601971961209e-09,2.9129630808543593e-08,6.992426246373949e-10,9.248485193628937e-10,2.080686708189753e-08
160070,0.35909,3.5548205169507506e-07,1.097117911570423e-06,6.560496413552821e-10,8.365366476112221e-10,2.2158198856454385e-08
510578,0.37023,7.472826679387597e-08,8.920847650315858e-07,3.040635882871401e-09,3.3543743566017765e-09,2.5097092150958704e-08
160200,0.4236,1.4178795523324943e-06,2.8089791910528817e-06,1.5782445101479075e-06,2.429652193008712e-06,3.641505905046329e-08
050003,0.427,1.781454110254045e-07,4.6615880409440795e-07,1.0811835012236597e-08,6.179933476589688e-09,3.727710276995334e-08
050201,0.55021,8.031506402462767e-07,6.905670295735585e-07,4.654288854740131e-05,4.861083417545156e-05,8.584696678389108e-08
050203,0.57619,7.156080357694969e-08,2.998658635576876e-07,0.0006643417597294719,0.0009871935891818165,9.829488739055744e-08
570062,0.12383,1.4175814335783748e-10,6.730062592946331e-08,1.8801993711354788e-13,8.781646898920413e-14,3.8918250815128375e-10
310574,0.23662,5.6976682952669034e-11,2.6229796619220233e-10,8.663290073369145e-13,5.271192180130614e-13,2.2636086930537564e-09
420087,0.2486,1.211420228492215e-07,3.0956291847608315e-07,4.0837165610497774e-09,7.804476104812783e-09,2.6591275367365714e-09
450082,0.24861,5.563474375295462e-08,1.617047583304867e-07,1.2790001435295287e-11,1.4137843538122505e-11,2.65947098156029e-09
310161,0.2526,4.893183803696235e-07,1.1066981296798515e-06,1.4091954961848117e-09,5.866611130078786e-10,2.798275247626367e-09
550041,0.25859,6.9501273475744205e-09,3.3622478042930206e-08,1.679662664532677e-09,3.846049872602147e-09,3.0132845272498233e-09
310051,0.27057,1.7980962739967314e-05,6.853125971547731e-05,6.535297685670127e-10,9.826043768550336e-10,3.467175242394519e-09
440162,0.41936,3.9576816200526506e-08,3.007470021488499e-07,4.52293230224572e-07,2.2886888318002717e-07,1.7089602630541413e-08
560054,0.47988,7.764953665290133e-07,1.7687516995833805e-06,2.9623617319975197e-08,1.844998952732369e-08,2.5750888460244395e-08
310091,0.50725,2.5065214757115763e-08,5.84748648396656e-08,3.064124085345342e-10,3.7527854010688454e-10,3.4543819391595614e-08
090201,0.50825,3.3476604178254325e-09,1.3301409742264571e-08,1.028386637661294e-06,1.4249187216524783e-06,3.4889492587346e-08
151034,0.13281,2.350177977875305e-09,1.0120325536914475e-05,0.0,0.0,2.9121199380221664e-10
520016,0.45106,3.964740678945116e-06,1.0722483951303866e-05,1.406035590026252e-09,1.8134169106925835e-09,4.5882066503541686e-08
1334084,0.13366,6.485552609112952e-09,7.395461308546065e-09,3.5442294443655735e-06,2.54325907920377e-06,2.5682029405609854e-10
1250017,0.18231,1.1391927680385972e-07,3.1301951456848417e-07,1.1047469640639368e-12,1.224682222549758e-12,6.030899945972679e-10
1296321,0.18458,2.9197661146704235e-10,2.5184894684328372e-09,2.3263478411110455e-10,1.127301703394066e-10,6.576455777661415e-10
1336453,0.18506,4.567844982546273e-11,2.7109965514528455e-09,5.244721789799594e-11,7.880390382317416e-11,6.694840773089903e-10
1316431,0.19828,3.657478109184496e-08,5.007954027285763e-07,2.3104397348913042e-09,2.6362198035797963e-09,1.0370437370216583e-09
1342255,0.21899,3.118472846389483e-09,5.98336398418416e-09,3.527653821878907e-11,4.077643247267627e-11,1.7738924822064667e-09
1315192,0.22726,2.3777100288590867e-09,1.2619537025057783e-07,3.416734920773188e-08,2.0049849338070767e-08,2.132440914599151e-09
1315259,0.22818,6.637191806711256e-11,7.528634773779064e-10,1.5763342408608093e-10,6.255702507569033e-11,2.1771725796155068e-09
1292336,0.23367,2.9069860413798603e-06,3.0640532288420585e-06,2.309032542460595e-10,4.83612309211227e-10,2.453756171010631e-09
1319366,0.23494,1.1549858300888775e-07,4.878654720156619e-06,2.2535252714328505e-09,2.2315883899382255e-09,2.520092936344548e-09
1298281,0.2352,2.3925549025436824e-09,2.0329525111981757e-08,8.305810642080838e-10,1.4387810668739063e-09,2.5337828009690317e-09
1336480,0.25616,3.157069051837067e-07,4.263842506822015e-07,1.1247159091067858e-09,1.5788567190718772e-09,3.7593893903781756e-09
1289664,0.25919,7.551973176305263e-09,1.4882914839611361e-08,5.423740152583944e-11,9.300661719794378e-11,3.956501890070063e-09
1335694,0.25923,1.6506706075579429e-06,1.0828054371303909e-05,1.827616737208319e-07,1.6787819165249758e-07,3.959137717152469e-09
1334087,0.2664,2.6441075661772772e-08,5.577013099484421e-08,1.0971979807083402e-09,1.0780201453436723e-09,4.44578893944308e-09
1292332,0.27276,2.1480005777783513e-08,5.051792577248709e-08,2.0963245877925735e-10,1.551446194018408e-10,4.901065042146294e-09
1263715,0.29196,3.03778110339283e-07,3.99941053678466e-07,5.842642545744981e-07,8.975680326482631e-07,6.873734519180517e-09
1263369,0.31262,1.0692333807881716e-08,2.5604913976910514e-07,3.027367405471533e-11,6.902566357265732e-11,9.446607237716953e-09
1334423,0.358,4.0176944517936796e-08,2.4099439741121125e-06,1.1185324240940863e-05,1.400529853092765e-05,1.5472500210053505e-08
1280217,0.35909,1.583867151614828e-10,7.733407218834627e-10,6.616315875571319e-08,9.852287822283652e-08,1.5626002162199425e-08
1294014,0.3628,1.0452116341673714e-08,2.069562361864642e-08,4.949437921787352e-08,6.001310607979544e-08,1.6154150472144e-08
1281886,0.38402,7.392527271294389e-08,2.6034600033201666e-07,1.8421697968453857e-08,1.8076022183250482e-08,1.946933503075187e-08
1296273,0.39706,2.9791909172093645e-05,2.4975980473161876e-05,0.00020790439322686285,0.0007767661548917482,2.1770427539706388e-08
1306390,0.4092,9.36387974131925e-09,3.318742334905133e-08,1.5571762929387308e-10,2.7267064734483337e-10,2.4028201697138804e-08
1307277,0.41123,7.032793998841243e-07,8.189048495816669e-06,1.7284300076499347e-07,4.1517604201666906e-07,2.4416605782349736e-08
1315296,0.41266,1.9283412072388217e-07,1.1492722381528336e-06,3.4244376094840253e-06,4.270383244068187e-06,2.4692080095763662e-08
1312274,0.42459,8.141615068640937e-08,6.794554692345122e-07,1.0314409827674452e-09,1.3263830113059303e-09,2.705048948036972e-08
1258940,0.42602,1.0725668538138456e-06,3.2527206329972103e-06,6.058501753642659e-09,6.780734745699609e-09,2.7346805427022205e-08
1306029,0.42903,2.3346954019927394e-07,2.953251569345804e-06,2.6479360675375043e-09,3.6553885425424846e-09,2.798127533457638e-08
1333246,0.43783,4.1614548657851924e-08,7.148387173627405e-08,1.1864343377950708e-08,1.8318254489135667e-08,2.987793511412537e-08
1316437,0.47204,2.499693394733809e-08,8.550801799379873e-08,2.1642049124604316e-09,2.258202779451053e-09,3.784201330256872e-08
1338430,0.51726,4.6549625088718045e-08,2.578712045835383e-07,1.989044848916927e-09,6.723343479936342e-09,5.0627406368621894e-08
1295921,0.524,8.195761601981509e-08,3.559981268334316e-07,7.389396684640892e-08,5.011837140090445e-08,5.2700842477487996e-08
1338471,0.53124,1.036109956656291e-05,1.4800951536123689e-05,1.932141543490524e-08,2.762908542434904e-08,5.4492518220457075e-08
1289555,0.56181,2.2009130699237163e-08,3.64334394621731e-08,1.2429117935262897e-09,1.3573978206799306e-09,6.204016874551509e-08
1330903,0.56437,5.530630409803499e-07,4.660504894118145e-06,5.073598962673107e-07,4.406287953550765e-07,6.269443195027896e-08
1332059,0.57891,1.9225756898263142e-08,6.183005826013332e-08,6.7232520477733946e-09,1.4320808199133622e-08,6.689673490649777e-08
1338387,0.5839,9.875793609521219e-08,9.413312273476365e-07,2.150111539935332e-09,2.021874402585983e-09,6.876883961548705e-08
1343871,0.63794,2.9083811358255308e-08,5.506774622393035e-07,1.424204734922772e-10,2.2883206284929977e-10,8.746342723851186e-08
000014,0.13614,2.1095267866759617e-08,3.0694142202372916e-08,7.83035419344355e-11,3.613461205989292e-11,2.1482984695959245e-10
340229,0.14123,1.986700090953109e-11,1.6151603678066808e-10,2.576456700554802e-07,3.1250052165434154e-07,2.531400372998479e-10
1317666,0.14134,1.180635096440458e-09,1.6875049020597268e-09,2.302019577848252e-09,2.9594945271122945e-09,2.540026382254444e-10
1296657,0.14638,1.1861208695139082e-06,3.4518420843145774e-06,8.412956802227407e-09,2.954852662200047e-09,2.950991096680073e-10
000038,0.1505,5.3286354372721633e-08,7.051718950175797e-07,6.977040052015688e-12,8.461631037721011e-12,3.3098190379173876e-10
440042,0.15921,6.630084462126127e-11,3.05806071612971e-10,1.6004070429205e-09,1.2545221086675622e-09,4.13616075800563e-10
310039,0.17169,1.4342066815817165e-10,1.2677136186843446e-08,3.1116630719470548e-09,3.937150978939233e-09,5.480504760911962e-10
330023,0.18078,2.9677237746868066e-11,3.1578685607807054e-10,1.252816276156999e-07,1.6764195852763325e-07,7.011847881306531e-10
1298893,0.19627,4.331729285559178e-08,1.023357950344856e-07,3.9422883586830764e-10,1.093446331566998e-09,1.0576502065203068e-09
1334620,0.19635,1.2170055930327463e-08,3.3810146055005324e-08,5.483592776868014e-10,4.297788973005626e-10,1.05968070544346e-09
550154,0.21015,3.586781863979658e-08,9.593570213449521e-08,7.183816698943862e-09,1.4625004929273438e-09,1.4390808252545398e-09
1292560,0.22493,1.3235946726286188e-06,3.858650904286365e-06,1.0736382375496005e-10,2.0021768275928338e-10,1.9096842747792417e-09
1336687,0.23391,2.487739288041621e-07,7.935834448327281e-07,1.3926619548803456e-09,2.369086133110751e-09,2.2724815174177846e-09
1279500,0.23481,5.327903775129909e-10,7.711967064061493e-08,2.7182811226434686e-08,2.0626702740578986e-08,2.3106159295620723e-09
1317277,0.23721,2.1647467521861856e-09,4.2746836032793545e-09,6.79335986492406e-08,7.673364732641109e-08,2.4138589842498346e-09
1334645,0.24711,2.434710694987655e-07,7.01124689210749e-07,2.998922004612985e-06,1.5200934790025091e-06,2.863587652755812e-09
120585,0.24909,3.205350658256782e-10,2.1797399051242463e-09,4.834603109476418e-10,4.864505253970946e-10,2.95814071469891e-09
000034,0.2533,1.4782504993669422e-09,2.8853526446923813e-09,1.9984177435203135e-08,2.5045759460110935e-08,3.1642897044168106e-09
1297026,0.25865,2.7383582935990013e-08,7.262012085583151e-08,2.4817943968655514e-09,2.370806590944042e-09,3.4362784686149345e-09
330022,0.26397,2.9382739994781015e-05,2.3883058614896026e-05,8.87527610024583e-10,7.313672394630581e-10,3.7178604949545436e-09
1317286,0.28207,1.767588166785783e-08,5.046958791819298e-08,3.519685151336373e-10,7.682281206880185e-10,4.6848551450396845e-09
310238,0.28405,7.079301652684529e-09,1.2658827248515174e-08,3.876543605548297e-09,3.2623769318710617e-09,4.784682136152762e-09
1334644,0.28814,1.6085036175645054e-09,3.056498171528045e-08,9.559170756967558e-10,8.876227690968798e-10,4.994222614499742e-09
1313594,0.28844,4.528429227053018e-07,1.4694601259592103e-06,4.772803030893467e-08,4.7034314420676455e-08,5.009769100153891e-09
1334597,0.28905,4.660172547129989e-08,5.3382669663012584e-08,6.186661520785359e-08,1.2102907198298521e-07,5.041454793456658e-09
570056,0.29008,4.336061544726562e-08,5.263419695751231e-07,2.2258993329718507e-10,2.2726353934593188e-10,5.095183591045862e-09
1303004,0.29504,2.5099599614447655e-07,5.217765459389505e-07,1.4035221284996602e-08,2.035314861108152e-08,5.35790418670299e-09
1293319,0.29695,8.78444413353657e-09,2.6071767886762973e-08,1.1058886490693484e-09,2.2597270912776116e-09,5.460834004482191e-09
1339002,0.30304,1.0593466933488739e-06,1.9876690614629543e-06,1.3092855847654836e-09,6.022433140806026e-10,5.795563065718997e-09
1287626,0.30404,5.383701954849006e-09,3.836042558176948e-08,1.2155376443043276e-08,2.576122905677352e-08,5.851478410213462e-09
1259412,0.30486,6.142732958380809e-08,2.1674113161820561e-07,7.908935604698722e-08,1.2332460869765253e-07,5.8975293033929615e-09
1300516,0.31052,3.0459727327098434e-08,1.844673662095265e-07,5.736602783093172e-11,7.018072635316668e-11,6.2203155644945735e-09
1337838,0.31203,1.3701076971225218e-07,1.542923903859514e-07,2.037902884532454e-09,4.310769936395212e-09,6.307883085600347e-09
1294743,0.31267,5.864725298772946e-06,7.31773441439822e-06,5.577755942595739e-10,1.3428144633801944e-09,6.345182483958493e-09
1283878,0.31296,1.8959404437112968e-07,6.393317463623797e-07,2.428343438511803e-06,1.2654738803017088e-06,6.362119973111721e-09
1341894,0.31303,5.445652464945156e-05,9.582611810545444e-05,4.662329300197234e-07,3.687104893849391e-07,6.366211714919652e-09
100163,0.31782,1.134852777505316e-07,1.825446953149e-07,2.884644673936591e-08,3.341430808343193e-08,6.649328334490582e-09
1345553,0.31804,3.1088219146477886e-06,4.582843933147581e-06,3.424021375541394e-07,4.7455483069008073e-07,6.662479540880227e-09
310188,0.31901,4.209078719675611e-07,5.204948523932276e-06,1.1821815493064546e-06,1.186886088064923e-06,6.7206193361528225e-09
440509,0.31901,1.6202584343783356e-08,1.1102467101070974e-07,5.683096868351582e-09,6.93070638345506e-09,6.7206193361528225e-09
330128,0.32104,5.07599425575382e-07,5.575699483239196e-07,1.2753368801004956e-07,1.2916686292868275e-07,6.843110743617485e-09
580104,0.32223,5.819319196101728e-09,1.3686015839181699e-08,1.4960312124086505e-07,1.9232138913699265e-07,6.915430357603623e-09
1261579,0.32223,5.1990577150969645e-09,1.261962710526116e-08,1.5123649707578258e-07,1.2028239209031829e-07,6.915430357603623e-09
1305626,0.32581,1.928236912822625e-06,9.571653589735473e-06,1.6519291434827085e-07,1.6258935569011786e-07,7.170434243639525e-09
1306073,0.32868,1.2375114274164887e-06,1.329686573474379e-06,2.0679368688613448e-08,2.986485805528113e-08,7.476381398262328e-09
540163,0.32952,8.023742838464432e-09,1.7513403901875616e-08,8.639222125284221e-08,1.0708049763909922e-07,7.567135990751727e-09
1301933,0.32968,1.5172321220645961e-06,5.137054201736106e-06,6.030528734826103e-08,5.812212302739261e-08,7.584484655722219e-09
1338675,0.33056,3.1427948486829174e-07,4.324139728126225e-06,7.671837616651639e-07,4.937957688468815e-07,7.680257387345226e-09
03D1fc,0.33103,8.201369695026646e-08,5.309627374748414e-07,2.8435079121441997e-07,3.4048797133979394e-07,7.73165490248155e-09
1314897,0.33671,2.8893437741338474e-10,3.279771638118594e-08,1.2190508650658044e-07,7.802079311663576e-08,8.366352066943209e-09
320258,0.34098,7.555985604140576e-07,1.1383633103242892e-06,3.425129534113456e-08,2.8614203898236134e-08,8.85997604465992e-09
1329312,0.34487,2.2415656719550394e-09,1.1023197954594682e-08,1.05164684124633e-06,1.4504939763431511e-06,9.321986199101026e-09
03D1bp,0.34602,1.4799281073927281e-08,3.290979426347014e-08,1.4860599733715073e-07,1.1112162122923817e-07,9.460818878284917e-09
330089,0.34881,2.0223583890859874e-08,1.025746507305621e-07,3.4640970811110025e-08,1.2172634461664521e-08,9.8019038791886e-09
560121,0.36499,2.342907469189574e-06,2.6331041561901425e-06,4.062818696492953e-08,3.21367043069288e-08,1.1899035185617615e-08
1308582,0.36713,8.721446650515837e-08,5.180837840113574e-08,1.5112651609044657e-07,2.0447908988762061e-07,1.2191616539118535e-08
04D1hd,0.36799,8.181767988881919e-10,3.4375935812279684e-09,2.343433805970044e-07,2.5284748919633174e-07,1.2310196935835895e-08
320469,0.37095,2.6447094560499766e-08,1.857748827323488e-07,2.747146374900593e-10,6.875689439986162e-10,1.2722721020818587e-08
1282736,0.37805,2.9899936260321613e-07,5.118013102769457e-07,6.374738669288425e-07,5.190435908071295e-07,1.3698197274876953e-08
320099,0.37997,6.407532773273823e-07,1.0546742134894795e-05,7.304678697700354e-10,1.6746938347562462e-09,1.39530586659118e-08
1343401,0.38291,7.225161311693656e-09,1.4379464849033151e-08,1.7330329533981568e-07,2.948086307964347e-07,1.4347867709220754e-08
580312,0.40293,1.1405453930378721e-07,4.2209750927023603e-07,9.366380093402842e-10,1.3085124961073828e-09,1.7182784883640758e-08
1329615,0.40368,6.838938235331229e-08,1.4227006447762995e-07,7.672974835531004e-08,1.4030782370642906e-07,1.7293951342957016e-08
450339,0.40935,6.574436023754384e-07,6.623401491082253e-06,6.529794092833624e-07,2.6435388268924485e-07,1.8145967908634228e-08
1345594,0.42249,1.859360835421548e-07,6.711693511087687e-07,7.312162566017258e-06,9.56641894510985e-06,2.0199233143184e-08
1302523,0.42399,9.211233064603431e-07,7.663406811737094e-06,1.19124821257796e-05,1.578237768431455e-05,2.0440620998139845e-08
1295027,0.42568,5.832293013968641e-07,4.162510170300158e-06,8.541245429753793e-09,8.550472496621562e-09,2.0656337733795192e-08
440236,0.42895,8.269913179078506e-09,1.9126018344929062e-08,4.631796928605247e-08,3.591428424126866e-08,2.090912610091189e-08
04D1rh,0.43494,3.77161484694904e-09,2.8784424372487435e-08,3.2284241900915056e-08,5.5577208553701674e-08,2.1376172388046692e-08
1310338,0.4389,9.286787623485354e-08,4.1352694986602805e-07,1.8229275686067963e-08,3.505392304908057e-08,2.168777010094451e-08
560027,0.43891,1.3639707901431027e-07,1.0342427341963752e-07,5.640681072060697e-08,8.164534182070803e-08,2.168855981783461e-08
1291080,0.44391,4.484580439348316e-08,2.428997109166589e-07,9.810858149958467e-05,0.0001311390699453408,2.2085219071853672e-08
1339149,0.46887,2.1039452361817514e-07,3.8305815648713645e-07,1.4073647685002832e-07,2.0086442890657368e-07,2.4119100481342574e-08
05D1ix,0.48888,2.4112700140896194e-06,5.1788068347940725e-06,3.7041169229429297e-09,2.1787146943926006e-09,2.7885581719555284e-08
1305504,0.49566,4.442694509799202e-08,5.388421470390978e-07,4.4621971327838177e-07,3.7552063864967734e-07,2.9548050303104202e-08
03D1ax,0.49579,2.1474312964999077e-07,2.186762177932985e-06,5.821450654647824e-09,7.698150198459486e-09,2.958039683209002e-08
1337272,0.50282,5.058247207747171e-07,2.4024055165905363e-06,2.5235098045404714e-09,4.274218271938307e-09,3.135594940940961e-08
03D1au,0.50316,2.055986860701049e-07,1.8600304181051555e-06,2.9968855377813965e-09,4.856060898005259e-09,3.14431343704843e-08
04D1pg,0.51387,2.531051786183249e-07,1.3080421308873817e-06,3.386546879340196e-05,2.6531804708599452e-05,3.4251418157349176e-08
1334470,0.51883,5.466822439653252e-07,5.69751525197872e-06,1.1135255795339822e-07,2.458435610051692e-07,3.5592677047345614e-08
310260,0.51885,8.413595154335417e-08,5.781309021472386e-07,1.9473186178469242e-05,1.3879315365639933e-05,3.5598137492987435e-08
1322229,0.5262,9.657333686006614e-06,6.012439104574484e-06,1.4187280876252445e-08,8.601403063688462e-09,3.764686003942175e-08
05D1ee,0.55782,7.365695958441851e-08,4.1426072468692015e-07,3.2950814384764445e-09,3.835183140620969e-09,4.7451514525859386e-08
05D1kl,0.55882,7.111094641345157e-07,2.746932966509578e-06,1.3220772074992315e-06,1.926395103281269e-06,4.77800815178267e-08
04D1hx,0.55882,1.4947821508869547e-08,1.616085864510101e-06,1.4708757321416613e-07,4.3290314202560356e-07,4.77800815178267e-08
1303952,0.56269,6.846667040731434e-08,2.417987234806607e-07,6.313200608424374e-07,6.371786278334751e-07,4.9062318402731736e-08
05D1cc,0.56283,7.827216961248097e-07,2.104576569401655e-06,8.569093059010723e-07,9.710755135417135e-07,4.910902244076303e-08
1338278,0.56437,8.34262717160151e-09,8.338671423049165e-08,9.69239487062184e-07,1.198337049025679e-06,4.962423331193599e-08
05D1dn,0.56481,3.7157855234667645e-06,2.2316347366144568e-05,8.166780462089712e-05,0.0005088957109398518,4.977193022353443e-08
05D1dx,0.57882,3.7827099539595833e-07,8.171863867667361e-07,4.740847500081268e-08,3.757371736379703e-08,5.425996629754628e-08
03D1aw,0.5808,1.2606768270194364e-06,1.1365754856609139e-05,1.713702304430872e-08,1.077263777290194e-08,5.4785164363859615e-08
04D1jg,0.58301,7.674294384948151e-09,6.416565505065786e-08,3.1419603814362277e-07,8.882267137223912e-07,5.537435765211848e-08
04D1kj,0.58382,1.5865230135345625e-07,1.0392995349409549e-06,5.194362140627304e-06,1.3653694636759501e-05,5.559109549973362e-08
04D1sa,0.58382,8.074412849795802e-08,1.940732510494455e-07,1.0733936025436639e-05,2.8461017554312744e-05,5.559109549973362e-08
05D1hm,0.58582,6.2085724849311455e-09,2.4037802267413502e-08,4.22027385642866e-07,4.873729422628345e-07,5.612806376508774e-08
04D1oh,0.58879,1.4197251811572514e-06,9.971624725122746e-06,5.140079879585854e-07,7.476722382371129e-07,5.693022369998303e-08
1338233,0.60155,4.708780718703987e-07,1.8547338701213318e-06,7.70679926680798e-08,3.338576793086828e-08,6.044129369662117e-08
1335564,0.60626,6.371914964108403e-06,1.4247162259192367e-05,7.39754694643328e-08,3.337699998164436e-08,6.176385358433022e-08
1332413,0.60878,1.246829230500824e-07,2.3032655853478201e-07,2.662224428977806e-05,2.1350970096949728e-05,6.247734312703482e-08
1295305,0.61177,5.709239711502201e-07,9.601732714745806e-06,5.233604278372675e-07,6.371318643147897e-07,6.332921915190339e-08
05D1ck,0.61577,5.11819800333538e-07,1.2017689643109553e-06,0.00033114964747294465,0.0007547256591214728,6.447787289441495e-08
1308957,0.61875,6.607039268614697e-07,1.917168679333126e-06,1.583978931508463e-07,1.7047371386088814e-07,6.534033041571483e-08
05D1cb,0.63077,4.5870434614776e-07,6.377951535070297e-07,1.74287636752918e-05,2.6867408561217266e-05,6.863687611240051e-08
1330642,0.63399,2.208783596558765e-06,3.11221393613452e-06,1.883437981012688e-06,1.5004029382825381e-06,6.946362381818436e-08
04D1pu,0.63777,8.804355236523983e-08,1.798356984652972e-07,7.76592484007064e-07,8.96729906839201e-07,7.044046916093832e-08
1337325,0.63873,2.3883625044137345e-07,9.249941573540284e-07,3.6047046481254096e-05,2.8849855652227387e-05,7.068964294867769e-08
1338266,0.64852,3.215866339856303e-06,3.732004111393581e-06,1.065304544057654e-06,1.2423216112328526e-06,7.325581557036837e-08
04D1sk,0.66213,9.371083987480469e-06,8.544755972971363e-06,3.2514387774063957e-07,4.999889387739198e-07,7.689930637230283e-08
03D1co,0.67773,8.852581826758623e-06,1.4546499597480054e-05,3.714531864390671e-07,2.446205661678962e-07,8.121411187337792e-08
05D1ke,0.68872,1.6746406612001198e-06,2.105150720997831e-06,2.1420491815613236e-07,2.532082644257003e-07,8.442549376095221e-08
04D1si,0.7007,5.4769915132813426e-08,3.196769082416658e-07,1.1216688910076271e-08,2.5806882286733305e-08,8.799709676493744e-08
1331993,0.71968,2.865649066127217e-07,2.218519512653679e-06,6.158935001895421e-07,2.24643106887772e-07,9.380708502808054e-08
04D1aj,0.71969,1.4766628430362724e-05,5.9675610525172397e-05,3.825860249962441e-06,9.102254447944133e-06,9.381019508970089e-08
1304127,0.72866,7.787149892501225e-06,1.8416454294245968e-05,1.4117810163948782e-07,1.996386866278929e-07,9.636902608906731e-08
04D1pp,0.73368,3.5726672388015054e-06,5.108481055643831e-06,7.880615278925518e-06,1.129401687483309e-05,9.761046720121557e-08
05D1eo,0.73568,4.159749019903755e-08,1.8783831852362458e-07,3.2332986879669545e-05,2.756384600803443e-05,9.810727850426528e-08
05D1if,0.76165,1.0647024538275716e-06,4.631217060478115e-06,5.5620983550109634e-08,7.034107810444037e-08,1.0467287917308523e-07
04D1qd,0.76566,5.269536412738118e-07,1.153209823956345e-06,2.1811963404374182e-05,3.9873203130876014e-05,1.0570561788851021e-07
04D1de,0.76666,7.759714310389412e-06,7.281134147327649e-06,3.096031493947007e-06,7.582125208885629e-06,1.059639484862779e-07
04D1pc,0.76865,4.612419339018096e-06,1.2198389026486412e-05,4.3229169858741643e-07,2.1437229224154974e-07,1.0647896434315494e-07
04D1ks,0.79662,3.4804504898823607e-07,1.181406373223145e-06,1.2551821917350512e-05,1.4098472513410312e-05,1.1309924693560027e-07
03D1fq,0.79863,2.710602196596345e-07,5.804345204919848e-06,4.91973711669106e-06,6.542259210473563e-06,1.1356683970846615e-07
SCP05D0,1.01242,1.2672917552501464e-06,1.1171305560563409e-05,1.3477937196540018e-07,1.897638420678831e-07,2.051414467491444e-07
SCP05D6,1.31317,9.631852170598797e-07,1.815430350327252e-06,0.0001107116578137235,0.00022867758506336464,3.8230069032662934e-07
190340,0.1384,1.4829313939053639e-09,6.701307375173943e-09,7.774785296326427e-14,1.816797925967183e-13,1.9157709681687046e-10
190230,0.1388,2.0119787298159e-11,9.227045862571386e-09,5.839960264847812e-13,1.7594266795726354e-12,1.9489792239939604e-10
420407,0.24523,3.410820129133063e-08,4.769446440454023e-08,2.1013599628588422e-11,1.2374302370214839e-11,1.997117527397333e-09
420414,0.29256,8.982809767845313e-10,5.240869840690721e-09,1.8558394841794753e-12,3.2109871550183576e-12,3.510264070666505e-09
570025,0.29855,3.9071625051631964e-06,2.9910768308910647e-05,2.60267749925753e-08,2.5709828475058258e-08,3.759656741713921e-09
430003,0.32851,1.2156280474218042e-08,5.657749288990688e-08,2.8652686077894263e-08,4.739393784621651e-08,5.153144189937105e-09
420417,0.36147,4.709893405849574e-06,1.2576174997023485e-05,2.41725079877475e-07,2.0470334469289284e-07,7.110500120336333e-09
550137,0.41939,2.385178423801347e-06,9.077473275645724e-06,1.2209421634274093e-09,6.615102217618345e-10,1.272710715689259e-08
190260,0.14359,1.5926397652356026e-12,1.2521020312458382e-08,0.0,0.0,2.9114702665063054e-10
530037,0.26859,5.268689491810869e-07,1.5125002150044238e-06,3.033627944214771e-10,3.6555530810764125e-10,7.067138530651971e-09
1293758,0.14803,6.772617825013887e-06,3.1258487415771574e-05,0.0,0.0,1.924329788215259e-11
1273127,0.18929,3.865107167562211e-07,1.2054632070493161e-06,1.4529097941790676e-13,1.3767101060986795e-13,8.544362448580898e-11
1327978,0.20691,1.2766834452264048e-09,7.225881849154655e-09,1.7008751854265665e-12,1.4013353379481313e-12,1.7019296896748036e-10
1303883,0.25904,2.896842054854688e-09,9.81105485493485e-09,2.844686953641645e-10,2.0258025563201741e-10,1.3122650334633507e-09
1338128,0.31179,8.296616645534683e-11,5.099641910528983e-10,3.683385633884251e-07,3.990288056304333e-07,4.729092934034054e-09
1336009,0.34169,8.168461260020567e-09,5.1160069103008664e-08,4.9955259879978015e-08,5.3996638852451656e-08,7.48328932618801e-09
1283936,0.36857,1.9696977059165407e-10,3.3338776981700057e-09,7.141982662319677e-06,9.027265810117144e-06,1.0298226710164189e-08
1341370,0.40895,5.480131850950412e-10,6.724901052350107e-09,1.4684396132881985e-06,1.9881767876477084e-06,1.7148263483109877e-08
1328105,0.44149,3.979849846667276e-07,6.569667052951907e-07,3.7676589299343497e-06,1.9483343430137183e-05,2.42444044631222e-08
1255502,0.14834,8.28424889102379e-11,9.393855841741405e-10,0.0,0.0,1.1214401772215216e-09
1345582,0.45885,4.225421917495984e-06,9.847912252511439e-06,1.882334021740532e-05,2.9006565913198328e-05,1.0920848345149596e-07
1306785,0.57542,1.4328074835280003e-08,8.488024789551711e-08,3.198744942413486e-05,2.0680820217151446e-05,1.9582547908316814e-07
1308568,0.64311,3.166242828757365e-07,6.358965960591725e-07,1.802233851405869e-08,1.4166631593548167e-08,2.6986003809609736e-07
460003,0.15084,5.626054333898904e-10,2.0751341379008405e-09,2.311817078293771e-12,6.388862170224724e-13,5.099966395752325e-10
360112,0.18086,2.7874711535352386e-07,1.684033708262791e-06,6.7233639280674875e-09,1.3883844183114119e-08,1.399108681344621e-09
470232,0.20083,3.434009022769275e-11,2.4004193867918404e-10,1.0481090280164196e-10,7.40386364569606e-11,2.2655260941377848e-09
460105,0.21084,3.9499310221750044e-08,2.6862279036482452e-05,1.0233376415948438e-06,2.4335886639885916e-06,2.778000867660982e-09
330083,0.22385,8.716249139708491e-11,1.2726633446723632e-09,2.848167998963641e-11,1.9873916225457033e-11,3.5220870909754873e-09
580300,0.24085,2.2068534292823086e-09,1.147343969757406e-08,7.23487774243609e-10,2.816218565307927e-10,4.358349778885558e-09
350080,0.28588,2.9888645684627645e-07,5.737415359601103e-07,1.5979231739844228e-08,1.1394801733419849e-08,7.342345155858196e-09
580270,0.29587,1.185189521526931e-06,2.244278873505641e-06,6.728011090276066e-10,2.0579879573500333e-09,8.411220757215225e-09
350078,0.30089,3.732007981544265e-07,6.261051168326232e-07,2.38912512554318e-07,3.4703492635054213e-07,8.975742825237209e-09
110716,0.31588,2.609837101584372e-06,1.6889368706451045e-06,1.0214104392802238e-09,6.056549725844893e-10,1.077054704188173e-08
480184,0.33089,6.139860253737663e-05,5.5150332102156544e-05,1.9790908104013494e-09,1.507030390487323e-09,1.2712904214219376e-08
470244,0.36091,1.351265239919168e-07,1.648213270563647e-07,5.9195881569887454e-08,1.7082464091253166e-07,1.7013583794645695e-08
350083,0.3679,1.354371707691982e-07,3.088178520354956e-07,7.668183065475083e-09,5.3066630560077475e-09,1.8104751740979812e-08
110719,0.42793,6.932218955836696e-06,9.168686552911098e-06,4.554397814416887e-09,6.045050415670766e-09,2.8892765043367578e-08
330106,0.53099,5.179997708177311e-07,8.886772367985862e-06,4.399788877691622e-07,3.540524910941183e-07,5.00537395467358e-08
110426,0.54097,9.301735533085851e-09,5.507947382560955e-08,3.6866438677778723e-06,1.9979661166595215e-06,5.3033194005494456e-08
110721,0.57831,8.266819924929551e-07,2.894355790049074e-06,2.1571999267678247e-09,4.817031091009116e-09,6.430934124496122e-08
390627,0.16061,5.539861320621903e-09,1.1873996563231566e-05,2.67344462728379e-11,2.7169109308221042e-11,4.930931844261982e-10
500504,0.19961,2.2739923224457825e-07,5.39865486646122e-07,8.56697822915375e-07,1.1285676472767802e-06,1.6102714444939933e-09
020176,0.26062,4.144038312795583e-06,3.823177056669714e-06,1.646169545317146e-10,2.61923779253881e-10,5.137741284831602e-09
380378,0.27141,5.6831173938401174e-08,2.0993650273470974e-07,1.9913072977661606e-07,3.7303421014992316e-07,5.924175898400592e-09
020090,0.41004,1.1468987264987075e-08,2.3931993130736265e-07,1.8991741106747978e-07,1.4058976581950306e-07,1.784382668686894e-08
050607,0.43935,1.5634790799846798e-07,5.318256009850537e-07,3.3574798698377257e-07,2.8170659232094536e-07,2.2059463069492153e-08
050005,0.52859,5.3622350358049865e-06,7.384616512358882e-06,1.534628531699147e-05,1.2601369953597713e-05,3.7262628138086654e-08
100090,0.17297,2.1309617625533202e-11,1.5275021456064647e-10,1.3403171720998834e-09,6.036283146362564e-10,3.6007897060938493e-09
370308,0.20087,1.1262498322071364e-06,9.103347341058116e-07,8.613905906243103e-09,7.919654805382769e-09,6.03445675161962e-09
120143,0.17378,1.7108170681120594e-09,3.5111949664606093e-09,0.0,0.0,4.525230092545166e-10
360145,0.19877,3.216919777572484e-06,3.0870512121433308e-06,3.158052425577844e-15,5.699578640075149e-15,1.0491362233071325e-09
370428,0.17791,3.546758842851437e-08,4.1838793663813536e-07,1.2839564482497762e-14,1.8629225637358095e-14,2.3443992789096284e-10
350235,0.26393,1.8446986112165633e-06,1.0702704018766934e-05,1.4965728331622023e-10,1.4957928903884798e-10,1.3404579389972425e-09
160039,0.27094,2.4688406911520172e-08,3.629334062154676e-07,2.2657021124847404e-07,2.050185956887532e-07,1.4411259030656173e-09
040201,0.27995,2.3384073782844635e-08,7.070048845164812e-08,4.103938127944918e-13,6.894829564955455e-13,1.7079507836599982e-09
130862,0.33298,5.559133144464115e-08,1.98545052162826e-07,1.6722997559094315e-10,3.023237434768936e-11,4.67831081454568e-09
500511,0.33498,2.615439092444258e-09,5.746359928682252e-09,6.3110554639408576e-09,5.45035677087864e-09,4.801144061327256e-09
420159,0.18073,1.5766073622212596e-08,1.692121292328171e-05,2.7603219497035014e-14,1.204066401759093e-14,4.19792518673688e-10
560150,0.1997,5.947749811885913e-10,7.85066412575074e-06,6.019730774924634e-11,9.149682654247206e-11,1.6479229104745444e-09
440050,0.28557,1.2256663209436784e-08,1.0561338210221183e-08,2.9596237522619734e-07,1.8263998477776238e-07,1.4060197479286105e-08
530112,0.31453,1.6736085273428303e-08,4.765726928232662e-08,9.256077246563541e-10,1.1189150998308765e-09,2.1340910114762873e-08
350548,0.18082,1.764149707558763e-08,1.361170255330937e-07,1.867990325839378e-10,3.17464956053848e-10,1.3544605647380156e-09
480064,0.24284,1.2928597427627912e-08,5.0823778332350914e-08,2.3534876289097667e-09,1.7914804206672751e-09,4.437984177080611e-09
110484,0.51095,2.5779732020050335e-07,7.016973088618064e-07,5.5286633867802114e-06,1.2666515823983521e-05,9.581184050354928e-08
1257695,0.18375,8.740836216794255e-08,1.9929663191504318e-07,1.667737867968254e-11,2.0953570270318846e-11,1.6747279383586356e-09
1331123,0.2215,6.136043992910768e-08,7.3192265337173934e-06,3.0622737005001874e-10,1.3351576117877784e-10,6.555461936561475e-09
1343533,0.36839,2.3031630021295893e-06,1.819845480909401e-06,1.8088176050828766e-10,1.7379563160959207e-10,4.4958578317295184e-08
1328066,0.44886,9.932365298347813e-08,1.3443178473327638e-07,2.3475130020929895e-09,2.3538338668455517e-09,7.846188568413861e-08
1317454,0.56879,3.1010720787332053e-06,4.7542805620584605e-06,2.8460312184937767e-08,3.145422706793329e-08,1.3246419150047634e-07
1302141,0.60876,2.164640225812078e-07,3.630906535366303e-07,1.0700682542838547e-06,1.3313670705721617e-06,1.582816619402818e-07
590002,0.20128,5.1617073602824446e-08,7.534034905531977e-08,1.0565022429960498e-07,1.028516498140781e-07,2.29382297737185e-08
490037,0.42348,5.293885155115524e-07,2.1652676671676087e-06,0.001138566740365136,0.004416462480184476,1.48073719527116e-07
110033,0.20483,7.80898857575669e-09,1.4714431143755994e-07,7.904834592218724e-08,1.6961538819465104e-07,7.993925616244782e-10
420352,0.38895,1.9137234030016719e-07,1.5572324982284275e-07,8.951052167869135e-10,5.668791147332124e-10,1.4601267782093578e-08
080723,0.4302,4.575163938576592e-05,9.48812624176884e-05,6.500701533078781e-07,1.2283335833996796e-06,2.064784163617583e-08
200132,0.20868,1.3793741285820253e-08,4.278243951334816e-08,1.4468099943190347e-11,2.43963462518211e-11,5.933875713984e-09
140152,0.20879,2.9340716905028893e-08,2.6398291265513926e-07,1.0357821555598581e-07,8.225698480846843e-08,2.580150832387044e-09
350047,0.23378,1.5152927288875786e-08,3.832944541782171e-08,9.962439434610247e-11,4.3899153841523174e-10,3.514983882339467e-09
000174,0.24511,2.3970239058285533e-07,8.177701799277596e-07,3.698990497899996e-08,2.773404742986132e-08,3.9085124921306575e-09
150457,0.30352,8.728117017619021e-09,1.1558707195014939e-08,5.983547445470149e-08,3.127478396249015e-08,6.919130240319318e-09
350027,0.30581,3.203906970972649e-07,7.241685364005661e-07,2.8388089106317827e-09,3.5763272146423655e-09,7.0822459887867876e-09
340334,0.30681,3.8030226605588735e-06,5.624301356762538e-06,4.899700804775668e-10,8.00357006964007e-10,7.154071689211123e-09
040150,0.38185,1.7124156882561683e-08,2.2680197356361407e-08,1.5605235969181296e-09,8.661788576092396e-09,1.3337109117013671e-08
110567,0.2144,1.923551038744094e-05,0.00014275347146684155,3.9756597909588574e-09,8.305975364687597e-09,2.02941350431562e-08
550096,0.22449,3.5010512912168904e-09,7.624423373992183e-07,5.327479578917069e-08,3.008016124825445e-08,2.372242347499295e-08
180561,0.22865,1.5939552741117762e-09,7.753968211482746e-08,3.727278119060653e-11,6.110964950308089e-11,1.523575328523266e-09
560152,0.24862,2.2891233412742725e-05,0.00010034275540021061,1.37370324552881e-10,1.7575098264160075e-10,2.4093690261146164e-09
080646,0.31822,4.677967755256626e-08,2.007732110522902e-07,2.7388960566098755e-09,4.536930163109909e-09,7.655649543749834e-09
530251,0.4114,4.26698899428126e-07,4.7111470419001904e-07,2.848666137714037e-10,3.2589092917049114e-10,2.1945027279497904e-08
360140,0.23092,7.564230058353982e-09,1.2001697619019432e-08,7.927289044005128e-09,5.884441766343144e-09,3.1918558121244504e-09
170078,0.32096,2.441936448114009e-06,2.7369422407209075e-06,1.960212506136509e-08,3.457688066007605e-08,1.2040163542884045e-08
360139,0.386,1.4086992495738106e-08,6.87419836789466e-07,1.311677748646914e-07,7.519298924191353e-08,2.030513824814517e-08
510597,0.46104,1.223963332152315e-07,6.544364115963513e-07,2.6150049046922934e-07,2.1172002915807503e-07,3.389473241094456e-08
510457,0.50306,0.00010099866112761729,0.0001044113567175854,1.761694662997084e-07,1.8994930231829726e-07,4.373497707546738e-08
430004,0.23162,4.912220171268861e-06,2.3605541273812597e-05,2.9548734916018642e-08,2.6900692980085443e-08,6.749331964223121e-09
420196,0.29853,1.629277481215457e-08,1.8922465433354327e-07,2.3888311279364236e-10,9.15033226942659e-11,1.6954937511945822e-08
570022,0.30152,2.7189611533640263e-09,6.271278795645769e-09,1.644350237569356e-10,1.6903416671042606e-10,1.7446444095973623e-08
550059,0.3185,1.0857729299010108e-08,1.0150583005050328e-07,4.430410059781939e-08,4.5865050272045585e-08,2.0370858326553438e-08
530219,0.32848,6.575050001469804e-08,2.004736194895358e-07,3.172904561968565e-11,2.1774767465319935e-11,2.214717610659909e-08
310090,0.34696,1.9193599818721316e-06,4.133385867098106e-06,6.10644908990187e-10,1.1901290140675447e-09,2.5453532490459778e-08
550202,0.42036,1.3669399091808924e-05,2.869364464204555e-05,3.930806807579034e-08,3.9098215276432845e-08,4.8425061983650244e-08
1302648,0.23164,2.851281133405647e-10,1.745911175390635e-09,5.534179074189268e-09,3.5308955312309457e-09,3.042540922791653e-09
1275946,0.23205,2.645348406134483e-09,1.833492801120241e-08,1.8717769642732953e-08,6.49730602459069e-08,3.0643779348074953e-09
1289288,0.28995,6.326250577504371e-10,2.6250335278354435e-09,4.716520585563409e-08,4.240838907524781e-08,7.441616043165593e-09
1291090,0.29193,1.4356813834845582e-09,9.504782569886467e-09,2.922562855268526e-08,3.203236558898199e-08,7.676722562271792e-09
1281668,0.30691,7.974374338621477e-10,6.856335145922551e-09,1.644065716918518e-09,2.526123786543952e-09,9.573933315656531e-09
1258906,0.34912,2.3534728567937975e-08,4.6935708250750655e-08,5.495786199350848e-10,1.0767101184903902e-09,1.7305877238358337e-08
1336008,0.4376,7.660198580923881e-09,1.8656869282737795e-08,6.534195998942738e-06,1.3834147734751499e-05,3.8411996440517516e-08
1320166,0.44891,6.99260313277606e-07,1.899484508618323e-06,7.096679653549465e-09,9.535104624532077e-09,4.2107923133114504e-08
1335472,0.50593,2.787977724021641e-07,1.6516042211137986e-06,7.271678735492651e-08,8.810110099177665e-08,6.823426775531147e-08
1337117,0.55384,2.468093087994477e-05,6.259643696288494e-05,2.5413608377702648e-08,1.512493097115089e-08,9.738928960211934e-08
1285317,0.56437,2.9076059108365294e-07,1.5915996028533334e-06,5.24494088667349e-06,3.2679622303595162e-06,1.0420958375378009e-07
510251,0.2402,1.3541028342939813e-07,2.8585970677130273e-07,3.0806316131138624e-11,4.934246422634862e-11,6.836996341424359e-09
520077,0.25019,1.5510112216192193e-08,2.6186365854737355e-08,2.1010683147150554e-10,2.9900510948412686e-10,8.6351367554835e-09
520023,0.26818,1.6644526336940092e-06,6.53373279670783e-07,3.721859995796706e-11,4.626434352005867e-11,1.2402026303587348e-08
050291,0.32548,1.4866075579798285e-06,2.3192129946739385e-06,1.715680512118778e-06,2.1595089417236228e-06,4.814032710156162e-08
050301,0.34717,9.142970530644596e-07,4.033030289784002e-07,1.1759147834957144e-08,6.4539969408742566e-09,6.593087606610177e-08
050293,0.36017,2.0580693439785962e-05,3.1909919695947155e-05,7.201484401732815e-06,1.733934224149114e-05,7.793175450933107e-08
180313,0.51016,1.0216015686966194e-06,1.3643978239482532e-06,1.2971115216468429e-07,3.0070014882365557e-07,2.487111613328664e-07
510550,0.24122,3.7067772170641506e-10,2.8603190538542063e-09,4.685879502068905e-10,8.263476135454125e-10,1.986297414250654e-08
510638,0.2702,1.8894822003491585e-07,1.3502286287179137e-06,9.131342442814254e-09,7.620464693276278e-09,2.6702527742545516e-08
050296,0.35099,3.3180498617421275e-05,7.320051799646783e-05,2.2213061362172255e-07,2.0827167624514189e-07,7.473075409103819e-08
05D3mq,0.2466,1.2943440606004515e-11,2.1886447582400223e-10,2.819920861539169e-10,4.4662538357933085e-10,1.8453930479010177e-09
04D3ez,0.2636,3.127198658415901e-05,3.9954509342643634e-05,1.1305374251176715e-09,1.2827750032665779e-09,2.2426998165281465e-09
06D3fp,0.2686,4.0197888856454826e-10,5.5976924497880195e-09,7.292189325127532e-11,7.637900751067612e-11,2.3669206374967235e-09
520188,0.2806,2.941494306180306e-08,4.694535390898714e-06,8.940340964771583e-12,3.719918113404942e-12,2.8100365160848154e-09
06D3dt,0.28266,5.187315313613102e-10,3.798330396517844e-07,1.038209827885781e-08,1.96319701579504e-08,2.9164277044369535e-09
500301,0.3256,1.8622437237170153e-06,4.965114345851588e-06,6.683186834938461e-12,7.77238588534354e-12,5.561316867164466e-09
04D3kr,0.33762,1.541603692477876e-07,2.5431903052828115e-07,1.961363587478771e-07,8.499286515414423e-08,5.976487336071788e-09
04D3nh,0.34061,4.616287540319259e-08,1.0598537201546901e-07,6.291979379674322e-12,8.181788453683406e-12,6.082082897557789e-09
04D3fk,0.35842,2.558868997601846e-09,3.621775785508276e-08,4.334345710541281e-08,1.0966115966710126e-07,6.730223532257517e-09
05D3jr,0.37062,4.387723290702349e-06,5.593291834212199e-06,2.276534927280436e-10,1.3818604555285252e-10,7.193139976187757e-09
390471,0.37062,1.00191114196777e-07,2.855048074968782e-07,4.862920574048272e-09,4.304023933354401e-09,7.193139976187757e-09
06D3ed,0.40463,7.490403757555203e-09,5.842081915219314e-07,3.4531722200009643e-10,2.9085441680377817e-10,1.0245559313596172e-08
520071,0.41161,1.471971451376891e-08,6.092520440204604e-08,8.169618725060883e-11,1.295473369417587e-10,1.0993724460765367e-08
05D3cf,0.41965,3.477379415413771e-07,1.0792809071351783e-06,1.9667352079364953e-07,7.976605924702507e-08,1.1888179756904917e-08
06D3df,0.44263,5.7472637993468415e-09,2.0019974449151345e-08,2.3463616920299233e-08,2.9797664705763196e-08,1.4834907691092437e-08
040137,0.44764,1.1643452429415623e-07,1.5267568954054316e-06,2.1293457634591808e-08,1.471030215098614e-08,1.5534015825611378e-08
04D3gt,0.45163,5.161639379062166e-07,1.6211685821863227e-06,2.3460500065781026e-08,6.974151036072759e-08,1.610230458324813e-08
380199,0.46064,3.452414995094572e-08,1.276590502983053e-06,2.551447011167358e-09,4.712749492660407e-09,1.7423139226092543e-08
05D3lc,0.46164,4.918085969705909e-07,1.1336157318196353e-06,2.1209963855020537e-10,1.167459539033244e-10,1.7572945305783493e-08
05D3mx,0.47065,2.6411259990610355e-06,6.0240343017522195e-06,1.7352983577593345e-11,9.716958156529043e-12,1.895161621897784e-08
05D3dd,0.48064,7.572681393097395e-06,3.896908738336953e-05,1.7150589225256928e-08,6.991021773311732e-09,2.0205112181816152e-08
06D3el,0.51968,6.652205480043568e-07,8.735592963031446e-07,4.610296100041186e-08,5.9258431726027874e-08,2.4368419940904005e-08
04D3hn,0.55267,2.099472948068988e-05,3.753438272283216e-05,3.372745747996064e-11,2.4171163487960023e-11,2.7919260114274347e-08
06D3et,0.57668,2.756944673683429e-07,1.996196555658839e-07,3.903630555245375e-11,4.795443280105827e-11,3.072436074046308e-08
05D3jq,0.57967,1.058406219161182e-07,1.304948956827156e-07,1.57163688116371e-09,1.7835543900738331e-09,3.1264420132006335e-08
05D3gp,0.58067,6.297437645299706e-09,3.12498209437205e-08,4.586071587449152e-08,1.392383862535339e-07,3.144609197649828e-08
05D3lr,0.60067,6.097449488865189e-07,4.825467181169508e-06,1.5262189911503532e-09,2.9726726285770444e-09,3.51900524885635e-08
04D3do,0.61071,3.934808054313175e-08,4.9004938387758e-07,1.4238736749824592e-08,1.640813102567297e-08,3.714888757347261e-08
04D3co,0.6207,1.0090459231336321e-05,3.283387692986348e-05,2.3226739007149007e-07,3.570003004768775e-07,3.9150624036071596e-08
04D3cy,0.64371,4.201064233974172e-06,5.915795054171761e-06,3.849496813630961e-08,1.655991585514563e-07,4.336910121916629e-08
05D3ax,0.64371,5.796187509313351e-06,6.785977493298259e-06,4.305732140272141e-09,4.960634767704193e-09,4.336910121916629e-08
05D3lb,0.6477,7.278505130125644e-08,1.868256604788676e-07,1.0113436996369549e-08,9.43279286341807e-09,4.409884057710701e-08
05D3kt,0.6487,3.199900628483706e-08,1.4218654877352857e-07,2.843310247721279e-07,2.537939316285346e-07,4.4282686801807336e-08
05D3hs,0.6647,2.2421437645965308e-07,6.116669236882738e-07,1.2473217978709626e-09,1.415390673631727e-09,4.7276236451358065e-08
05D3mh,0.67072,2.434858377522861e-08,1.1133849232287839e-06,2.7326222256271374e-08,4.2441811570158556e-08,4.842790683644527e-08
06D3cc,0.68372,3.5440185042947147e-07,2.96173252612356e-07,0.00012328281371953422,0.00022640548152657238,5.0956550162676304e-08
06D3em,0.69072,6.885720557986052e-06,9.988065533319592e-06,8.079953637706559e-08,6.136959624231235e-08,5.234327130017411e-08
05D3gv,0.71571,2.134276296158421e-06,3.333734309432528e-06,4.90030654049728e-09,3.4434247845020813e-09,5.744572901034032e-08
05D3jh,0.71874,2.8889000745855836e-06,7.028759285983199e-06,6.760410072166846e-05,0.00011894092561968765,5.8080522441428635e-08
06D3gh,0.72074,2.651084657540844e-07,6.745620234772425e-07,6.833111611796785e-05,0.0002338552453125644,5.8501439048239334e-08
06D3do,0.72674,3.573892977201882e-06,1.4515339176867066e-05,1.8085854150519806e-06,1.5104470767132177e-06,6.013115587079867e-08
06D3bz,0.72774,1.1115133651791864e-07,8.937066090493852e-07,5.862720269507453e-07,1.0196140856776875e-06,6.055161016338785e-08
05D3jk,0.73675,2.9371834542551305e-06,8.311486118770508e-06,1.5590309989012795e-07,1.6007162365819972e-07,6.440596089788146e-08
04D3fq,0.74276,1.8295352761476525e-06,6.755504461749678e-06,8.520882757316892e-08,6.883584078803509e-08,6.704307023270612e-08
05D3jb,0.74573,1.7959609987361124e-05,1.864696347266797e-05,1.1954311871136176e-06,1.9847868552617894e-06,6.836580159440542e-08
04D3ks,0.75074,3.5397237763713787e-06,4.102219331224529e-06,6.701563274536793e-11,3.576317164722343e-11,7.062635794753469e-08
05D3mn,0.76076,1.8077184830925496e-07,5.599850624312043e-07,1.497508428334477e-06,2.0845267362428678e-06,7.525777442227914e-08
05D3hh,0.76674,2.3273046590605833e-05,6.951443115361488e-05,3.263754054312163e-08,2.8842583644192887e-08,7.809191185910482e-08
500004,0.25063,3.901591863513721e-11,6.104450706522643e-10,1.473942867831625e-13,4.691083799000147e-13,4.244974207659781e-10
050580,0.45068,8.936205281938752e-09,3.789664137273727e-07,5.5928147505400345e-09,2.058340905325036e-09,1.5609319812352424e-08
370498,0.26094,8.125030032603736e-10,1.3065629586165361e-09,4.764244304771338e-07,4.093217745887171e-07,3.5208288755946504e-09
160066,0.53111,8.921403453433494e-07,2.510245521161536e-06,4.408161857726764e-09,6.057520215773124e-09,6.375965413670507e-08
1337649,0.26162,7.244649215355846e-10,6.833646859255609e-09,1.5669160418761457e-09,1.0177456186036774e-09,2.2450208721966494e-09
1266657,0.32118,5.326646397504399e-09,3.0216355020990795e-08,7.152104816485629e-10,5.188733945087876e-10,4.70589714410982e-09
420258,0.27456,1.3983893408229955e-08,6.546507336025055e-08,2.8338755608639663e-13,5.272758518536766e-13,5.420749340502608e-10
100358,0.36623,3.728131843214825e-09,3.657871044522109e-08,2.565958519079265e-08,2.2409480716046617e-08,1.3687021212914982e-08
091869,0.28854,7.91090527622351e-10,2.778618207950158e-09,8.008603240527346e-06,9.976673362666806e-06,2.725774955019326e-08
1310395,0.28907,1.2459992724818452e-08,7.18628596423505e-08,1.3109136913706178e-10,2.5189901928810573e-10,8.637474517957532e-09
350630,0.30538,2.7410134136506354e-09,2.750208466120353e-07,5.105663718134633e-10,8.631215865990786e-10,2.1911128160381077e-09
000142,0.43683,9.669615131073032e-08,1.6608300863559737e-07,1.3025680631915097e-10,1.0382849335812991e-10,6.993812374547219e-09
030006,0.50285,1.8958071172953192e-08,5.6861981204091676e-08,3.2305441169102025e-10,4.817557726090634e-10,1.633610107827524e-08
560087,0.30652,2.77670924058576e-10,4.095413725011371e-09,5.488543161795283e-11,5.344990560606242e-11,1.2052817975019459e-08
1308326,0.32632,9.027876587268323e-11,1.9014741428041757e-09,7.558933794564754e-09,8.381603941195985e-09,6.047827101404067e-09
050303,0.32842,2.490326153015251e-08,1.1384036755950675e-07,1.0126244637643643e-10,6.467612990242014e-11,1.3943928779826593e-08
160126,0.36034,3.109640868203083e-06,5.867528364763683e-06,0.0,0.0,7.344618045698181e-09
190209,0.36656,1.2095169024354675e-08,4.8795363304722764e-08,2.023287933127574e-08,8.994271300830244e-09,1.9152272707779658e-08
550218,0.38744,1.561344439614549e-10,1.3898271036666562e-09,3.011548271963171e-09,4.7201995678412834e-09,2.2945627568182954e-08
1291957,0.37138,4.381368575998497e-08,2.358442546592934e-07,3.42568923474744e-11,4.575138319732729e-11,7.890643246231682e-09
1338170,0.38672,1.305918176778139e-07,4.521619942266282e-07,2.3322855250451786e-07,4.410084215293579e-07,8.820140591953161e-09
1290127,0.45218,3.141235205920412e-08,1.5061514687718547e-07,6.528260149048057e-09,6.0589141910292476e-09,1.740429087730015e-08
1253101,0.45328,3.118456868201509e-07,9.228830001105635e-07,0.00036275304016265017,0.0007118649216173473,1.7693289978514412e-08
1334302,0.45458,1.711959442554588e-08,1.0063862224999725e-07,2.5589554086158243e-10,4.911507488732863e-10,1.8037902420558563e-08
1306980,0.54881,1.3859378173653357e-06,6.495250288430047e-06,1.8523377867780572e-09,2.776079261844743e-09,4.423469166468038e-08
1337228,0.57737,3.327983692603919e-08,1.6165649684191782e-07,2.8820864842981354e-08,9.176090030257246e-08,5.145657877392444e-08
1306991,0.42195,2.4074421828034236e-08,1.411436204205533e-07,1.5958446922279198e-08,2.6260152975387784e-08,7.991590198631168e-08
510266,0.44067,1.6307544480115056e-08,1.0672715586645592e-07,1.2271822767806454e-08,1.0835577355857258e-08,1.442096294922642e-07
370329,0.47786,2.5935440668912343e-08,2.8019808738147236e-08,2.0901437439121024e-08,2.2892532055842945e-08,3.7686229569901867e-08
520041,0.54545,7.890368191839662e-08,1.3490655206119508e-07,7.585637727016176e-08,1.4028974738907792e-07,4.862746453331913e-08
Elvis,0.83981,4.986595494115203e-07,2.6242339611010744e-06,1.2241591553297248e-09,1.3453862687564892e-09,1.7608864770129735e-07
Spock,0.83981,1.0150356890364442e-06,2.0071753125935006e-06,5.111146170914599e-10,2.918706863729989e-10,1.7608864770129735e-07
Manipogo,0.85482,6.509627779567217e-07,4.306749569871886e-06,2.3740841934880296e-09,9.926832544112621e-10,1.8638519638649789e-07
Vilas,0.93585,8.206704598557288e-07,2.71043426557376e-06,2.233698143991265e-09,3.868463518275963e-09,2.6106201707146845e-07
Eagle,1.01988,6.475893146185455e-05,0.00021592731029095982,1.4510150971132072e-09,2.1530741684900526e-09,3.1776908935112533e-07
Ferguson,1.02088,1.670443236028476e-05,4.439093084768532e-05,2.0526312623160317e-07,6.641691305579574e-07,3.1826257836294983e-07
Strolger,1.02789,3.455801896293493e-07,1.9417517215550635e-06,2.6551932075095923e-08,2.946393060155594e-08,3.2161528778726407e-07
Gabi,1.12092,7.008986156999894e-07,4.543711927342672e-06,7.364941554528778e-08,4.206347233569109e-08,3.7222116935110356e-07
Lancaster,1.23597,1.4275260228896256e-06,8.654474394197555e-06,3.174560211772631e-07,6.144980399559359e-07,4.6980054011679926e-07
Borg,1.34101,8.018922248007236e-06,1.5315896827410842e-05,3.7420625483721336e-08,1.969088546167233e-07,5.710581886974526e-07
Sasquatch,1.39103,1.9208989977911303e-05,5.1852997228213415e-05,6.799345034270507e-08,2.00206508225512e-07,5.839105136771244e-07
SCP06U4,1.04817,2.2508301995709874e-05,4.9631259342040254e-05,6.341562606830213e-05,8.390402822735303e-05,1.5877617478802264e-06
SCP06H5,1.23225,4.5340929609872996e-05,6.046956927457752e-05,3.012624344087899e-08,2.982968786500129e-08,8.092137053473255e-07
SCP06G4,1.35136,4.709352999185094e-06,9.632170273086499e-06,9.757753797979118e-08,1.488810649840311e-07,4.473155649564619e-07
SCP06K0,1.41633,2.8056666316833235e-05,7.502491785840669e-05,4.038307055178836e-06,4.335681280663612e-06,1.8736788694753835e-06
