CID,sample,row_index,region,zHD,MU,MUERR,PROBIA,HOST_RA,HOST_DEC,HOST_LOGMASS,clipped,cluster_targeted,cluster_tier_ok,kappa_raw,kappa_ext,kappa_gal_ext,kappa_cl_ext,gamma,dmu_pred,zbin,rand_mean,rand_sig,n_rand_ok,area_frac,area_flag,frac_nir,hr
13135,SDSS,745,4,0.10361,19.0808,0.123462,1.0,-9.0,-9.0,,False,False,True,8.752250730235348e-06,-0.00042175629661402026,-6.616804141744802e-05,-0.0003555882551965723,0.0001385048821794405,0.0009192582958512954,0.125,0.0004305085473442556,0.00019441647994143863,200,1.0,False,0.0,0.029715685375666656
20064,SDSS,746,4,0.10374,18.9549,0.194592,1.0,-9.0,-9.0,,False,False,True,8.752250730235348e-06,-0.00042175629661402026,-6.616804141744802e-05,-0.0003555882551965723,0.0001385048821794405,0.0009192582958512954,0.125,0.0004305085473442556,0.00019441647994143863,200,1.0,False,0.0,-0.09908393573476476
13038,SDSS,747,4,0.10507,19.1765,0.234634,1.0,-9.0,-9.0,,False,False,True,8.752250730235348e-06,-0.00042175629661402026,-6.616804141744802e-05,-0.0003555882551965723,0.0001385048821794405,0.0009192582958512954,0.125,0.0004305085473442556,0.00019441647994143863,200,1.0,False,0.0,0.09304706741162844
18697,SDSS,748,4,0.10661,19.0081,0.193664,1.0,-9.0,-9.0,,False,False,True,8.752250730235348e-06,-0.00042175629661402026,-6.616804141744802e-05,-0.0003555882551965723,0.0001385048821794405,0.0009192582958512954,0.125,0.0004305085473442556,0.00019441647994143863,200,1.0,False,0.0,-0.10903635091526115
20625,SDSS,749,4,0.10707,19.2094,0.14869,1.0,-9.0,-9.0,,False,False,True,8.752250730235348e-06,-0.00042175629661402026,-6.616804141744802e-05,-0.0003555882551965723,0.0001385048821794405,0.0009192582958512954,0.125,0.0004305085473442556,0.00019441647994143863,200,1.0,False,0.0,0.0822917758878921
3256,SDSS,750,4,0.10711,19.1765,0.208727,1.0,-9.0,-9.0,,False,False,True,8.752250730235348e-06,-0.00042175629661402026,-6.616804141744802e-05,-0.0003555882551965723,0.0001385048821794405,0.0009192582958512954,0.125,0.0004305085473442556,0.00019441647994143863,200,1.0,False,0.0,0.04852657562225088
21034,SDSS,752,4,0.10774,19.2454,0.178023,1.0,-9.0,-9.0,,False,False,True,8.752250730235348e-06,-0.00042175629661402026,-6.616804141744802e-05,-0.0003555882551965723,0.0001385048821794405,0.0009192582958512954,0.125,0.0004305085473442556,0.00019441647994143863,200,1.0,False,0.0,0.10383989385070064
7147,SDSS,754,4,0.10908,19.1486,0.130417,1.0,-9.0,-9.0,,False,False,True,8.752250730235348e-06,-0.00042175629661402026,-6.616804141744802e-05,-0.0003555882551965723,0.0001385048821794405,0.0009192582958512954,0.125,0.0004305085473442556,0.00019441647994143863,200,1.0,False,0.0,-0.021610286677482715
18650,SDSS,756,4,0.11259,19.3684,0.160952,1.0,-9.0,-9.0,,False,False,True,8.752250730235348e-06,-0.00042175629661402026,-6.616804141744802e-05,-0.0003555882551965723,0.0001385048821794405,0.0009192582958512954,0.125,0.0004305085473442556,0.00019441647994143863,200,1.0,False,0.0,0.12469367303099671
18612,SDSS,757,4,0.11388,19.1346,0.193044,1.0,-9.0,-9.0,,False,False,True,8.752250730235348e-06,-0.00042175629661402026,-6.616804141744802e-05,-0.0003555882551965723,0.0001385048821794405,0.0009192582958512954,0.125,0.0004305085473442556,0.00019441647994143863,200,1.0,False,0.0,-0.13557404306176596
8719,SDSS,758,4,0.1165,19.2878,0.157601,1.0,-9.0,-9.0,,False,False,True,8.752250730235348e-06,-0.00042175629661402026,-6.616804141744802e-05,-0.0003555882551965723,0.0001385048821794405,0.0009192582958512954,0.125,0.0004305085473442556,0.00019441647994143863,200,1.0,False,0.0,-0.03526894616148385
5395,SDSS,759,4,0.11653,19.3772,0.18377,1.0,-9.0,-9.0,,False,False,True,8.752250730235348e-06,-0.00042175629661402026,-6.616804141744802e-05,-0.0003555882551965723,0.0001385048821794405,0.0009192582958512954,0.125,0.0004305085473442556,0.00019441647994143863,200,1.0,False,0.0,0.053531920799070154
2561,SDSS,760,4,0.1176,19.3197,0.23811,1.0,-9.0,-9.0,,False,False,True,8.752250730235348e-06,-0.00042175629661402026,-6.616804141744802e-05,-0.0003555882551965723,0.0001385048821794405,0.0009192582958512954,0.125,0.0004305085473442556,0.00019441647994143863,200,1.0,False,0.0,-0.02524245149679788
16259,SDSS,761,4,0.11792,19.3558,0.212712,1.0,-9.0,-9.0,,False,False,True,8.752250730235348e-06,-0.00042175629661402026,-6.616804141744802e-05,-0.0003555882551965723,0.0001385048821794405,0.0009192582958512954,0.125,0.0004305085473442556,0.00019441647994143863,200,1.0,False,0.0,0.004530624925944528
1371,SDSS,762,4,0.11818,19.1627,0.124156,1.0,-9.0,-9.0,,False,False,True,8.752250730235348e-06,-0.00042175629661402026,-6.616804141744802e-05,-0.0003555882551965723,0.0001385048821794405,0.0009192582958512954,0.125,0.0004305085473442556,0.00019441647994143863,200,1.0,False,0.0,-0.19369807410836887
5549,SDSS,764,4,0.12014,19.3428,0.198366,1.0,-9.0,-9.0,,False,False,True,8.752250730235348e-06,-0.00042175629661402026,-6.616804141744802e-05,-0.0003555882551965723,0.0001385048821794405,0.0009192582958512954,0.125,0.0004305085473442556,0.00019441647994143863,200,1.0,False,0.0,-0.05192126949978276
12860,SDSS,765,4,0.12058,19.5396,0.250808,1.0,-9.0,-9.0,,False,False,True,8.752250730235348e-06,-0.00042175629661402026,-6.616804141744802e-05,-0.0003555882551965723,0.0001385048821794405,0.0009192582958512954,0.125,0.0004305085473442556,0.00019441647994143863,200,1.0,False,0.0,0.13635670844647035
19953,SDSS,767,4,0.12207,19.3415,0.15559,1.0,-9.0,-9.0,,False,False,True,8.752250730235348e-06,-0.00042175629661402026,-6.616804141744802e-05,-0.0003555882551965723,0.0001385048821794405,0.0009192582958512954,0.125,0.0004305085473442556,0.00019441647994143863,200,1.0,False,0.0,-0.09038565039288587
18835,SDSS,769,4,0.12278,19.4323,0.14204,1.0,-9.0,-9.0,,False,False,True,8.752250730235348e-06,-0.00042175629661402026,-6.616804141744802e-05,-0.0003555882551965723,0.0001385048821794405,0.0009192582958512954,0.125,0.0004305085473442556,0.00019441647994143863,200,1.0,False,0.0,-0.01311820226842658
2916,SDSS,770,4,0.12316,19.3437,0.273311,1.0,-9.0,-9.0,,False,False,True,8.752250730235348e-06,-0.00042175629661402026,-6.616804141744802e-05,-0.0003555882551965723,0.0001385048821794405,0.0009192582958512954,0.125,0.0004305085473442556,0.00019441647994143863,200,1.0,False,0.0,-0.10893068921318177
16021,SDSS,771,4,0.12357,19.3634,0.159899,1.0,-9.0,-9.0,,False,False,True,8.752250730235348e-06,-0.00042175629661402026,-6.616804141744802e-05,-0.0003555882551965723,0.0001385048821794405,0.0009192582958512954,0.125,0.0004305085473442556,0.00019441647994143863,200,1.0,False,0.0,-0.09698908845452098
13894,SDSS,772,4,0.12377,19.5479,0.332272,1.0,-9.0,-9.0,,False,False,True,8.752250730235348e-06,-0.00042175629661402026,-6.616804141744802e-05,-0.0003555882551965723,0.0001385048821794405,0.0009192582958512954,0.125,0.0004305085473442556,0.00019441647994143863,200,1.0,False,0.0,0.08373512930882027
6406,SDSS,774,4,0.12393,19.3974,0.143276,1.0,-9.0,-9.0,,False,False,True,8.752250730235348e-06,-0.00042175629661402026,-6.616804141744802e-05,-0.0003555882551965723,0.0001385048821794405,0.0009192582958512954,0.125,0.0004305085473442556,0.00019441647994143863,200,1.0,False,0.0,-0.0697813574504133
19543,SDSS,775,4,0.12405,19.582,0.21988,1.0,-9.0,-9.0,,False,False,True,8.752250730235348e-06,-0.00042175629661402026,-6.616804141744802e-05,-0.0003555882551965723,0.0001385048821794405,0.0009192582958512954,0.125,0.0004305085473442556,0.00019441647994143863,200,1.0,False,0.0,0.11255868575621247
13044,SDSS,776,4,0.12472,19.5086,0.12294,1.0,-9.0,-9.0,,False,False,True,8.752250730235348e-06,-0.00042175629661402026,-6.616804141744802e-05,-0.0003555882551965723,0.0001385048821794405,0.0009192582958512954,0.125,0.0004305085473442556,0.00019441647994143863,200,1.0,False,0.0,0.026578340502957876
15459,SDSS,777,4,0.1256,19.8887,0.297722,1.0,-9.0,-9.0,,False,False,True,8.886040346783734e-06,-0.0004281692842209484,-6.770857545695475e-05,-0.00036046070876399373,0.0001385048821794405,0.00093335988038052,0.125,0.00043705532456773217,0.0001971410819733192,200,1.0,False,0.0,0.3902513208305292
2992,SDSS,778,4,0.12623,19.2426,0.292103,1.0,-9.0,-9.0,,False,False,True,9.026519444159545e-06,-0.00043490292120822334,-6.932613619843687e-05,-0.00036557678500978656,0.0001385048821794405,0.0009481665441362066,0.125,0.0004439294406523829,0.00020000191410679395,200,1.0,False,0.0,-0.2675424532332508
16069,SDSS,779,4,0.12706,19.5595,0.258272,1.0,-9.0,-9.0,,False,False,True,9.211595080384814e-06,-0.00044377422073114075,-7.145720828642121e-05,-0.00037231701244471967,0.0001385048821794405,0.0009676737360683011,0.125,0.0004529858158115256,0.00020377094691756214,200,1.0,False,0.0,0.03403511609696591
744,SDSS,780,4,0.1271,19.4319,0.279584,1.0,-9.0,-9.0,,False,False,True,9.220514388154702e-06,-0.00044420175323826915,-7.155991055572159e-05,-0.0003726418426825476,0.0001385048821794405,0.0009686138417035823,0.125,0.0004534222676264238,0.00020395258705302078,200,1.0,False,0.0,-0.0943009306929527
14871,SDSS,781,4,0.1272,19.4899,0.157206,1.0,-9.0,-9.0,,False,False,True,9.242812657579438e-06,-0.0004452705845060907,-7.181666622897278e-05,-0.000373453918277118,0.0001385048821794405,0.0009709641057917867,0.125,0.00045451339716367015,0.00020440668739166761,200,1.0,False,0.0,-0.03814009356556641
18855,SDSS,782,4,0.12732,19.5311,0.174841,1.0,-9.0,-9.0,,False,False,True,9.26957058088911e-06,-0.00044655318202747613,-7.212477303687406e-05,-0.00037442840899060213,0.0001385048821794405,0.0009737844226976313,0.125,0.00045582275260836526,0.00020495160779804365,200,1.0,False,0.0,0.0008547077313386126
22075,SDSS,783,4,0.1292,19.5017,0.148545,1.0,-9.0,-9.0,,False,False,True,9.688778046074063e-06,-0.00046664720986251836,-7.695177969399524e-05,-0.0003896954301685232,0.0001385048821794405,0.0010179693875558699,0.125,0.00047633598790859243,0.00021348869416460306,200,1.0,False,0.0,-0.06284025466249704
1032,SDSS,784,4,0.12921,19.5873,0.211075,1.0,-9.0,-9.0,,False,False,True,9.691007873016533e-06,-0.00046675409298930034,-7.697745526132032e-05,-0.0003897766377279801,0.0001385048821794405,0.00101820441396469,0.125,0.00047644510086231685,0.00021353410419846765,200,1.0,False,0.0,0.02257858474534641
5751,SDSS,785,4,0.1295,19.58,0.248982,1.0,-9.0,-9.0,,False,False,True,9.755672854348256e-06,-0.0004698537036659824,-7.77220467137486e-05,-0.0003921316569522339,0.0001385048821794405,0.0010250201798204823,0.125,0.0004796093765203307,0.00021485099518054332,200,1.0,False,0.0,0.01003066054911256
18415,SDSS,786,4,0.12958,19.5899,0.140171,1.0,-9.0,-9.0,,False,False,True,9.77351146988804e-06,-0.0004707087686802395,-7.79274512523495e-05,-0.0003927813174278901,0.0001385048821794405,0.0010269003910910453,0.125,0.00048048228015012755,0.00021521427545146074,200,1.0,False,0.0,0.01848490408478637
18809,SDSS,787,4,0.13169,19.549,0.13184,1.0,-9.0,-9.0,,False,False,True,1.0244004954749871e-05,-0.0004932611084312706,-8.334499595794821e-05,-0.0004099161124733225,0.0001385048821794405,0.0010764909633521529,0.125,0.0005035051133860205,0.0002247957925969076,200,1.0,False,0.0,-0.06024679409655692
15508,SDSS,790,4,0.13372,19.5904,0.155367,1.0,-9.0,-9.0,,False,False,True,1.0696659824071917e-05,-0.0005149583831680447,-8.855713612494603e-05,-0.00042640124704309873,0.0001385048821794405,0.0011242013243426973,0.125,0.0005256550429921167,0.00023401402947143706,200,1.0,False,0.0,-0.054709671699033346
14108,SDSS,791,4,0.13477,19.9836,0.19752,1.0,-9.0,-9.0,,False,False,True,1.0930791653031595e-05,-0.0005261811114801692,-9.125307069408282e-05,-0.00043492804078608643,0.0001385048821794405,0.0011488790972688408,0.125,0.0005371119031332008,0.00023878208302722818,200,1.0,False,0.0,0.32014098033235766
15234,SDSS,792,4,0.13535,19.8245,0.312165,1.0,-9.0,-9.0,,False,False,True,1.1060121615695036e-05,-0.0005323803328335331,-9.274225359893933e-05,-0.00043963807923459383,0.0001385048821794405,0.0011625106289804247,0.125,0.0005434404544492282,0.0002414158649913794,200,1.0,False,0.0,0.15096269209465146
17629,SDSS,794,4,0.13658,19.5945,0.193696,1.0,-9.0,-9.0,,False,False,True,1.1334390329619233e-05,-0.0005455269574277363,-9.590034837992818e-05,-0.0004496266090478081,0.0001385048821794405,0.0011914188772653358,0.125,0.0005568613477573555,0.0002470012991567347,200,1.0,False,0.0,-0.10027659793081883
19775,SDSS,795,4,0.137,19.7565,0.222665,1.0,-9.0,-9.0,,False,False,True,1.1428043061203105e-05,-0.000550016048752586,-9.69787222075829e-05,-0.00045303732654500316,0.0001385048821794405,0.0012012899864357932,0.125,0.0005614440918137891,0.00024890852057905116,200,1.0,False,0.0,0.05451211185668453
18602,SDSS,796,4,0.13713,19.7086,0.257725,1.0,-9.0,-9.0,,False,False,True,1.1457030811455252e-05,-0.0005514055294007537,-9.731250458280934e-05,-0.0004540930248179445,0.0001385048821794405,0.0012043453297504586,0.125,0.000562862560212209,0.00024949885101929194,200,1.0,False,0.0,0.0043842552145284
21062,SDSS,797,4,0.13745,20.0981,0.228804,1.0,-9.0,-9.0,,False,False,True,1.1528385273614388e-05,-0.0005548257894577821,-9.813412273721291e-05,-0.0004566916667205692,0.0001385048821794405,0.0012118661748327115,0.125,0.0005663541747313965,0.00025095197210296157,200,1.0,False,0.0,0.388408742715672
17366,SDSS,798,4,0.13822,19.6327,0.125613,1.0,-9.0,-9.0,,False,False,True,1.1700081948184825e-05,-0.000563055790220007,-0.00010011114142124663,-0.00046294464879876034,0.0001385048821794405,0.001229963208311884,0.125,0.0005747558721681918,0.00025444854471054176,200,1.0,False,0.0,-0.09011778949452792
15171,SDSS,799,4,0.13826,19.6973,0.157441,1.0,-9.0,-9.0,,False,False,True,1.1709001255954714e-05,-0.0005634833227271353,-0.00010021384369054703,-0.0004632694790365883,0.0001385048821794405,0.0012309033139471653,0.125,0.00057519232398309,0.0002546301848460004,200,1.0,False,0.0,-0.02619780895153684
20084,SDSS,801,4,0.13851,19.7871,0.31794,1.0,-9.0,-9.0,,False,False,True,1.1764746929516543e-05,-0.0005661554008966887,-0.00010085573287367484,-0.00046529966802301393,0.0001385048821794405,0.0012367789741676756,0.125,0.0005779201478262053,0.0002557654356926173,200,1.0,False,0.0,0.05935625131043648
12928,SDSS,802,4,0.13875,19.7469,0.173939,1.0,-9.0,-9.0,,False,False,True,1.1818262776135901e-05,-0.0005687205959394602,-0.00010147194648947759,-0.0004672486494499827,0.0001385048821794405,0.0012424196079793659,0.125,0.0005805388587155962,0.00025685527650536966,200,1.0,False,0.0,0.015086915397805547
1794,SDSS,805,4,0.14082,19.9245,0.182028,1.0,-9.0,-9.0,,False,False,True,1.2279836953227835e-05,-0.0005908454031833626,-0.00010678678892577583,-0.0004840586142575869,0.0001385048821794405,0.0012910700746051914,0.125,0.0006031252401365904,0.0002662551535153578,200,1.0,False,0.0,0.157860712301005
17208,SDSS,806,4,0.14104,20.0305,0.201715,1.0,-9.0,-9.0,,False,False,True,1.2328893145962245e-05,-0.0005931968319725697,-0.00010735165140692827,-0.0004858451805656415,0.0001385048821794405,0.0012962406555992404,0.125,0.0006055257251185319,0.0002672541742603807,200,1.0,False,0.0,0.26018767696085005
2635,SDSS,809,4,0.14325,19.794,0.158316,1.0,-9.0,-9.0,,False,False,True,1.2821684900248804e-05,-0.0006168180029914221,-0.00011302595178577806,-0.0005037920512056441,0.0001385048821794405,0.001348181491948552,0.125,0.0006296396878916709,0.00027728979174447424,200,1.0,False,0.0,-0.012914223853609906
17568,SDSS,810,4,0.14345,20.2624,0.369665,1.0,-9.0,-9.0,,False,False,True,1.2866281439098269e-05,-0.0006189556655270649,-0.00011353946313228035,-0.0005054162023947846,0.0001385048821794405,0.0013528820201249604,0.125,0.0006318219469661632,0.0002781979924217678,200,1.0,False,0.0,0.45219958041712954
17497,SDSS,812,4,0.14404,19.8226,0.168444,1.0,-9.0,-9.0,,False,False,True,1.2997841228704185e-05,-0.0006252617700072112,-0.00011505432160446201,-0.0005102074484027492,0.0001385048821794405,0.0013667485782453649,0.125,0.0006382596112359154,0.0002808771844197838,200,1.0,False,0.0,0.0027302850524362782
8921,SDSS,813,4,0.14423,19.763,0.239442,1.0,-9.0,-9.0,,False,False,True,1.3040207940611172e-05,-0.0006272925494160718,-0.00011554215738363913,-0.0005117503920324326,0.0001385048821794405,0.0013712140800129528,0.125,0.000640332757356683,0.00028173997506321266,200,1.0,False,0.0,-0.05997564808493311
17605,SDSS,814,4,0.14542,19.8988,0.208421,1.0,-9.0,-9.0,,False,False,True,1.3305557346765474e-05,-0.0006400116415031462,-0.00011859754989532748,-0.0005214140916078188,0.0001385048821794405,0.001399182222662582,0.125,0.0006533171988499116,0.0002871437690931092,200,1.0,False,0.0,0.05645824618701295
13796,SDSS,818,4,0.14747,19.7142,0.169668,1.0,-9.0,-9.0,,False,False,True,1.3762671869972465e-05,-0.0006619226824934844,-0.00012386104119697553,-0.0005380616412965089,0.0001385048821794405,0.0014473626364707671,0.125,0.0006756853543634569,0.000296452826035368,200,1.0,False,0.0,-0.1611576768732627
14024,SDSS,819,4,0.14771,19.881,0.186845,1.0,-9.0,-9.0,,False,False,True,1.3816187716591824e-05,-0.0006644878775362561,-0.00012447725481277825,-0.0005400106227234777,0.0001385048821794405,0.0014530032702824575,0.125,0.0006783040652528478,0.0002975426668481203,200,1.0,False,0.0,0.0018052184186315174
14437,SDSS,822,4,0.14806,19.7852,0.155606,1.0,-9.0,-9.0,,False,False,True,1.389423165957838e-05,-0.0006682287869736306,-0.00012537589966915718,-0.0005428528873044735,0.0001385048821794405,0.0014612291945911714,0.125,0.000682123018633209,0.000299132018033384,200,1.0,False,0.0,-0.09958009763176906
13736,SDSS,824,4,0.14898,19.9076,0.172844,1.0,-9.0,-9.0,,False,False,True,1.409937573828591e-05,-0.0006780620346375874,-0.0001277380518630675,-0.0005503239827745199,0.0001385048821794405,0.00148285162420265,0.125,0.0006921614103758733,0.0003033097411489343,200,1.0,False,0.0,0.008197298804869581
2308,SDSS,825,4,0.1494,19.8574,0.173123,1.0,-9.0,-9.0,,False,False,True,1.4193028469869782e-05,-0.0006825511259624372,-0.00012881642569072222,-0.000553734700271715,0.0001385048821794405,0.0014927227333731072,0.125,0.000696744154432307,0.00030521696257125076,200,1.0,False,0.0,-0.04865012586903833
2031,SDSS,828,4,0.15195,19.7947,0.156456,1.0,-9.0,-9.0,,False,False,True,1.4761634340200428e-05,-0.0007098063232918824,-0.0001353636953586259,-0.0005744426279332565,0.00035085924739984917,0.001552654467622313,0.17500000000000004,0.0007245679576320829,0.0003167965212067434,200,1.0,False,0.0,-0.1308494780528273
18323,SDSS,829,4,0.15291,20.0709,0.171081,1.0,-9.0,-9.0,,False,False,True,1.4975697726677847e-05,-0.0007200671034629676,-0.00013782854982183666,-0.0005822385536411309,0.00035085924739984917,0.0015752170028690725,0.17500000000000004,0.0007350428011896454,0.00032115588445775237,200,1.0,False,0.0,0.1304590863459614
15132,SDSS,830,4,0.15318,19.9645,0.124868,1.0,-9.0,-9.0,,False,False,True,1.5035903054124624e-05,-0.0007229529478860855,-0.00013852179013961472,-0.0005844311577464707,0.00035085924739984917,0.001581562715907224,0.17500000000000004,0.0007379888509402101,0.00032238195537209865,200,1.0,False,0.0,0.019886641832645116
18740,SDSS,831,4,0.15336,19.8461,0.157633,1.0,-9.0,-9.0,,False,False,True,1.5076039939089138e-05,-0.0007248768441681637,-0.0001389839503514667,-0.0005858928938166971,0.00035085924739984917,0.0015857931912659914,0.17500000000000004,0.0007399528841072529,0.0003231993359816628,200,1.0,False,0.0,-0.10129116429193295
19353,SDSS,832,4,0.15341,20.0034,0.177329,1.0,-9.0,-9.0,,False,False,True,1.5087189073801503e-05,-0.0007254112598020744,-0.00013911232818809225,-0.0005862989316139822,0.00035085924739984917,0.0015869683233100931,0.17500000000000004,0.000740498448875876,0.0003234263861509862,200,1.0,False,0.0,0.055237764584948015
16073,SDSS,833,4,0.15357,20.1109,0.173378,1.0,-9.0,-9.0,,False,False,True,1.5122866304881077e-05,-0.000727121389830589,-0.00013952313726529411,-0.0005875982525652947,0.00035085924739984917,0.0015907287458512202,0.17500000000000004,0.00074224425613547,0.0003241529466928211,200,1.0,False,0.0,0.16027191702939428
5550,SDSS,834,4,0.15511,19.9546,0.165696,1.0,-9.0,-9.0,,False,False,True,1.5466259654021937e-05,-0.000743581391355038,-0.00014347717463336138,-0.0006001042167216766,0.00035085924739984917,0.0016269228128095638,0.17500000000000004,0.0007590476510090599,0.00033114609190798127,200,1.0,False,0.0,-0.019639667513697598
16116,SDSS,835,4,0.15526,20.025,0.155517,1.0,-9.0,-9.0,,False,False,True,1.5499707058159036e-05,-0.0007451846382567701,-0.00014386230814323808,-0.000601322330113532,0.00035085924739984917,0.0016304482089418704,0.17500000000000004,0.0007606843453149292,0.00033182724241595155,200,1.0,False,0.0,0.048472242614248776
18030,SDSS,836,4,0.15536,20.1464,0.173773,1.0,-9.0,-9.0,,False,False,True,1.5522005327583763e-05,-0.0007462534695245914,-0.00014411906381648918,-0.0006021344057081023,0.00035085924739984917,0.0016327984730300743,0.17500000000000004,0.0007617754748521752,0.0003322813427545983,200,1.0,False,0.0,0.16834799838224138
19940,SDSS,837,4,0.15601,19.7174,0.177159,1.0,-9.0,-9.0,,False,False,True,1.5666944078844518e-05,-0.0007532008727654305,-0.00014578797569262154,-0.0006074128970728089,0.00035085924739984917,0.0016480751896034015,0.17500000000000004,0.0007688678168442751,0.0003352329949558023,200,1.0,False,0.0,-0.2705372681382203
13354,SDSS,838,4,0.15671,19.9557,0.208548,1.0,-9.0,-9.0,,False,False,True,1.5823031964817634e-05,-0.00076068269164018,-0.00014758526540537933,-0.0006130974262348007,0.00035085924739984917,0.0016645270382208302,0.17500000000000004,0.0007765057236049976,0.00033841169732632965,200,1.0,False,0.0,-0.042839934289826895
16206,SDSS,839,4,0.15856,19.8264,0.161473,1.0,-9.0,-9.0,,False,False,True,1.6235549949175168e-05,-0.0007804560700948758,-0.0001523352453605252,-0.0006281208247343505,0.00035085924739984917,0.0017080069238526072,0.17500000000000004,0.0007966916200440509,0.000346812553591295,200,1.0,False,0.0,-0.19994943115358074
14782,SDSS,841,4,0.15931,19.6973,0.141359,1.0,-9.0,-9.0,,False,False,True,1.6402786969860653e-05,-0.0007884723046035361,-0.00015426091290990861,-0.0006342113916936275,0.00035085924739984917,0.0017256339045141384,0.17500000000000004,0.0008048750915733968,0.0003502183061311458,200,1.0,False,0.0,-0.34023718119278734
15425,SDSS,842,4,0.15948,19.8378,0.140474,1.0,-9.0,-9.0,,False,False,True,1.6440694027882695e-05,-0.0007902893177588324,-0.00015469739755443552,-0.0006355919202043969,0.00035085924739984917,0.0017296293534640854,0.17500000000000004,0.0008067300117867151,0.0003509902767068453,200,1.0,False,0.0,-0.20226622284645066
3317,SDSS,844,4,0.16008,19.9756,0.165527,1.0,-9.0,-9.0,,False,False,True,1.657448364443108e-05,-0.0007967023053657607,-0.00015623793159394225,-0.0006404643737718183,0.00035085924739984917,0.0017437309379933102,0.17500000000000004,0.0008132767890101917,0.00035371487873872586,200,1.0,False,0.0,-0.07337214842958793
2689,SDSS,845,4,0.16053,19.9527,0.215367,1.0,-9.0,-9.0,,False,False,True,1.667482585684237e-05,-0.0008015120460709569,-0.0001573933321235723,-0.0006441187139473844,0.00035085924739984917,0.0017543071263902289,0.17500000000000004,0.0008181868719277993,0.0003557583302626364,200,1.0,False,0.0,-0.10293113442036293
5103,SDSS,847,4,0.16077,19.9632,0.207521,1.0,-9.0,-9.0,,False,False,True,1.6728341703461726e-05,-0.0008040772411137282,-0.00015800954573937497,-0.0006460676953743531,0.00035085924739984917,0.0017599477602019183,0.17500000000000004,0.0008208055828171899,0.00035684817107538855,200,1.0,False,0.0,-0.09597546122781274
17825,SDSS,849,4,0.16236,20.0722,0.222431,1.0,-9.0,-9.0,,False,False,True,1.7082884187314955e-05,-0.0008210716582720882,-0.00016209196094406787,-0.0006589796973280203,0.00035085924739984917,0.0017973169592043646,0.17500000000000004,0.0008381545424594032,0.00036406836645987227,200,1.0,False,0.0,-0.010332461540351041
19174,SDSS,850,4,0.16375,20.0277,0.199176,1.0,-9.0,-9.0,,False,False,True,1.7392830132318723e-05,-0.0008359284128948054,-0.0001656608648022585,-0.0006702675480925468,0.00035085924739984917,0.0018299856300304023,0.17500000000000004,0.0008533212430271241,0.00037038036116706236,200,1.0,False,0.0,-0.0750770003715646
3087,SDSS,851,4,0.16448,20.0104,0.197482,1.0,-9.0,-9.0,,False,False,True,1.7555607499119254e-05,-0.0008437308811499013,-0.00016753518121699168,-0.0006761956999329096,0.00035085924739984917,0.0018471425578742923,0.17500000000000004,0.0008612864886490206,0.0003736952936391837,200,1.0,False,0.0,-0.10294480360715873
19616,SDSS,852,4,0.16471,20.0763,0.136814,1.0,-9.0,-9.0,,False,False,True,1.760689351879614e-05,-0.0008461891930658905,-0.00016812571926546927,-0.0006780634738004212,0.00035085924739984917,0.0018525481652771618,0.17500000000000004,0.0008637960865846867,0.00037473972441807134,200,1.0,False,0.0,-0.04036530863315611
20764,SDSS,853,4,0.16495,20.0652,0.148483,1.0,-9.0,-9.0,,False,False,True,1.7660409365415498e-05,-0.0008487543881086621,-0.00016874193288127202,-0.00068001245522739,0.00035085924739984917,0.0018581887990888524,0.17500000000000004,0.0008664147974740776,0.0003758295652308237,200,1.0,False,0.0,-0.05492556847348616
20430,SDSS,854,4,0.16603,20.2408,0.240376,1.0,-9.0,-9.0,,False,False,True,1.7901230675202596e-05,-0.0008602977658011329,-0.00017151489415238413,-0.0006887828716487486,0.00035085924739984917,0.001883571651241457,0.17500000000000004,0.0008781989964763355,0.00038073384888820877,200,1.0,False,0.0,0.10516123055412742
12843,SDSS,855,4,0.16606,19.9287,0.191603,1.0,-9.0,-9.0,,False,False,True,1.7907920156030015e-05,-0.0008606184151814794,-0.00017159192085435947,-0.0006890264943271198,0.00035085924739984917,0.0018842767304679184,0.17500000000000004,0.0008785263353375094,0.00038087007898980277,200,1.0,False,0.0,-0.20736834484965902
12853,SDSS,856,4,0.16828,20.0227,0.163613,1.0,-9.0,-9.0,,False,False,True,1.8402941737259048e-05,-0.000884346469327114,-0.00017729189680053443,-0.0007070545725265795,0.00035085924739984917,0.0019364525932260505,0.17500000000000004,0.0009027494110643731,0.0003909511065077611,200,1.0,False,0.0,-0.14495752397864356
17389,SDSS,858,4,0.16971,20.4191,0.273568,1.0,-9.0,-9.0,,False,False,True,1.8721806990032702e-05,-0.0008996307564569596,-0.00018096350292802547,-0.000718667253528934,0.00035085924739984917,0.001970061369687369,0.17500000000000004,0.0009183525634469923,0.0003974447413504099,200,1.0,False,0.0,0.23129988540278015
12856,SDSS,859,4,0.17042,20.2212,0.129908,1.0,-9.0,-9.0,,False,False,True,1.888012470294829e-05,-0.0009072194584584913,-0.00018278646820810845,-0.0007244329902503828,0.00035085924739984917,0.0019867482447136187,0.17500000000000004,0.0009260995831614396,0.0004006688537548019,200,1.0,False,0.0,0.023457805021955172
19282,SDSS,862,4,0.17256,20.2491,0.175342,1.0,-9.0,-9.0,,False,False,True,1.9357307668637544e-05,-0.0009300924475898689,-0.00018828103961568247,-0.0007418114079741863,0.00035085924739984917,0.002037043896201187,0.17500000000000004,0.0009494497552585064,0.0004103866010018428,200,1.0,False,0.0,0.02162366311853582
3080,SDSS,865,4,0.17331,20.1341,0.129054,1.0,-9.0,-9.0,,False,False,True,1.9524544689323025e-05,-0.0009381086820985292,-0.00019020670716506587,-0.0007479019749334632,0.00035085924739984917,0.0020546708768627185,0.17500000000000004,0.0009576332267878522,0.0004137923535416936,200,1.0,False,0.0,-0.10371580995958872
15897,SDSS,866,4,0.17374,20.2873,0.181179,1.0,-9.0,-9.0,,False,False,True,1.9620427247849375e-05,-0.0009427046565501614,-0.00019131075656004577,-0.0007513938999901154,0.00035085924739984917,0.0020647770124419965,0.17500000000000004,0.0009623250837980107,0.0004157449849978748,200,1.0,False,0.0,0.0435750355112743
15648,SDSS,868,4,0.17392,20.3456,0.317382,1.0,-9.0,-9.0,,False,False,True,1.966056413281389e-05,-0.0009446285528322396,-0.00019177291677189776,-0.0007528556360603418,0.00035085924739984917,0.0020690074878007636,0.17500000000000004,0.0009642891169650535,0.0004165623656074389,200,1.0,False,0.0,0.09940548556033925
14421,SDSS,869,4,0.17417,20.3204,0.134443,1.0,-9.0,-9.0,,False,False,True,1.971630980637572e-05,-0.0009473006310017931,-0.00019241480595502556,-0.0007548858250467675,0.00035085924739984917,0.002074883148021274,0.17500000000000004,0.0009670169408081688,0.00041769761645405585,200,1.0,False,0.0,0.07077950706226567
16165,SDSS,870,4,0.1742,20.0787,0.151928,1.0,-9.0,-9.0,,False,False,True,1.9722999287203134e-05,-0.0009476212803821397,-0.00019249183265700092,-0.0007551294477251385,0.00035085924739984917,0.002075588227247735,0.17500000000000004,0.0009673442796693428,0.00041783384655564985,200,1.0,False,0.0,-0.17133130208389266
5350,SDSS,871,4,0.17438,20.2523,0.181979,1.0,-9.0,-9.0,,False,False,True,1.9763136172167655e-05,-0.0009495451766642182,-0.000192953992868853,-0.0007565911837953651,0.00035085924739984917,0.002079818702606503,0.17500000000000004,0.0009693083128363858,0.00041865122716521413,200,1.0,False,0.0,-0.00019477212175920793
15583,SDSS,872,4,0.17443,20.3016,0.22939,1.0,-9.0,-9.0,,False,False,True,1.977428530688002e-05,-0.0009500795922981289,-0.0001930823707054785,-0.0007569972215926502,0.00035085924739984917,0.0020809938346506053,0.17500000000000004,0.0009698538776050089,0.00041887827733453747,200,1.0,False,0.0,0.04842135154860096
19969,SDSS,873,4,0.17444,20.2319,0.160388,1.0,-9.0,-9.0,,False,False,True,1.9776515133822495e-05,-0.000950186475424911,-0.00019310804627280364,-0.0007570784291521073,0.00035085924739984917,0.002081228861059426,0.17500000000000004,0.0009699629905587336,0.0004189236873684022,200,1.0,False,0.0,-0.02141540177692057
18604,SDSS,874,4,0.17498,20.4904,0.18,1.0,-9.0,-9.0,,False,False,True,1.989692578871604e-05,-0.0009559581642711464,-0.00019449452690835966,-0.0007614636373627866,0.00035085924739984917,0.0020939202871357275,0.17500000000000004,0.0009758550900598624,0.0004213758291970947,200,1.0,False,0.0,0.22971075480114303
14979,SDSS,875,4,0.17666,20.2634,0.132749,1.0,-9.0,-9.0,,False,False,True,2.086096767272835e-05,-0.0009724813230369144,-0.00020337749463261354,-0.0007691038284043007,0.00035085924739984917,0.002130352885870676,0.17500000000000004,0.0009933422907096427,0.00043234259057238153,200,1.0,False,0.0,-0.020095141081270848
17218,SDSS,876,4,0.17713,20.2565,0.173535,1.0,-9.0,-9.0,,False,False,True,2.113265661740297e-05,-0.0009770990426036226,-0.0002058780125826821,-0.0007712210300209404,0.00035085924739984917,0.0021405350524858176,0.17500000000000004,0.0009982316992210255,0.00043542192335223215,200,1.0,False,0.0,-0.03333916209065556
14451,SDSS,877,4,0.17737,20.2241,0.135602,1.0,-9.0,-9.0,,False,False,True,2.127139139766234e-05,-0.0009794570270632182,-0.00020715487281250427,-0.0007723021542507138,0.00035085924739984917,0.002145734456714825,0.17500000000000004,0.0010007284184608805,0.00043699434860151746,200,1.0,False,0.0,-0.06897261163004863
17220,SDSS,878,4,0.17786,20.0864,0.255935,1.0,-9.0,-9.0,,False,False,True,2.1554641574025234e-05,-0.0009842712453348927,-0.00020976179578172455,-0.0007745094495531679,0.00035085924739984917,0.002156349907015717,0.17500000000000004,0.001005825886908918,0.00044020471681880844,200,1.0,False,0.0,-0.2132615926157799
5635,SDSS,880,4,0.17852,20.7139,0.206103,1.0,-9.0,-9.0,,False,False,True,2.1936162219738545e-05,-0.000990755702598781,-0.0002132731614137358,-0.000777482541185045,0.00035085924739984917,0.0021706482686454907,0.17500000000000004,0.0010126918648185196,0.00044452888625434354,200,1.0,False,0.0,0.4053901483996112
6936,SDSS,881,4,0.17901,20.388,0.155005,1.0,-9.0,-9.0,,False,False,True,2.2219412396101438e-05,-0.0009955699208704556,-0.00021588008438295613,-0.0007796898364874992,0.00035085924739984917,0.002181263718946382,0.17500000000000004,0.001017789333266557,0.0004477392544716346,200,1.0,False,0.0,0.07294068669361288
13045,SDSS,883,4,0.17931,20.2825,0.228237,1.0,-9.0,-9.0,,False,False,True,2.239283087142566e-05,-0.00099851740144495,-0.0002174761596702339,-0.000781041241774716,0.00035085924739984917,0.0021877629742326423,0.17500000000000004,0.0010209102323163756,0.0004497047860332413,200,1.0,False,0.0,-0.03656094596998492
2372,SDSS,885,4,0.17973,20.2989,0.172535,1.0,-9.0,-9.0,,False,False,True,2.2635616736879576e-05,-0.0010026438742492426,-0.00021971066507242283,-0.0007829332091768196,0.00035085924739984917,0.0021968619316334067,0.17500000000000004,0.0010252794909861222,0.00045245653021949077,200,1.0,False,0.0,-0.025752761787707565
13254,SDSS,887,4,0.18004,20.7449,0.266717,1.0,-9.0,-9.0,,False,False,True,2.2814815828047942e-05,-0.0010056896041762203,-0.00022135994286927654,-0.0007843296613069436,0.00035085924739984917,0.0022035778287625425,0.17500000000000004,0.0010285044200042683,0.00045448757949981776,200,1.0,False,0.0,0.41612775141667036
14284,SDSS,888,4,0.1805,20.1158,0.134945,1.0,-9.0,-9.0,,False,False,True,2.3080724156878413e-05,-0.0010102090743904456,-0.00022380725830976905,-0.0007864018160806762,0.00035085924739984917,0.0022135433535348087,0.17500000000000004,0.001033289798547324,0.0004575013945609482,200,1.0,False,0.0,-0.21907287055698907
17215,SDSS,893,4,0.18092,20.3683,0.206231,1.0,-9.0,-9.0,,False,False,True,2.3323510022332327e-05,-0.001014335547194738,-0.000226041763711958,-0.0007882937834827798,0.00035085924739984917,0.002222642310935573,0.17500000000000004,0.0010376590572170703,0.00046025313874719764,200,1.0,False,0.0,0.0278696355668442
15443,SDSS,895,4,0.18136,20.2338,0.13131,1.0,-9.0,-9.0,,False,False,True,2.3577857119474518e-05,-0.0010186585187039966,-0.00022838267413329867,-0.0007902758445706977,0.00035085924739984917,0.0022321745520220877,0.17500000000000004,0.001042236375823471,0.0004631359183708875,200,1.0,False,0.0,-0.1124396222580517
17332,SDSS,897,4,0.18217,20.3333,0.199241,1.0,-9.0,-9.0,,False,False,True,2.4046087002849928e-05,-0.001026616716255132,-0.00023269207740894872,-0.0007939246388461831,0.00035085924739984917,0.002249722541294991,0.17500000000000004,0.001050662803257982,0.0004684428535872258,200,1.0,False,0.0,-0.02359968449748727
1580,SDSS,898,4,0.18229,20.2729,0.147406,1.0,-9.0,-9.0,,False,False,True,2.411545439297962e-05,-0.00102779570848493,-0.00023333050752385987,-0.00079446520096107,0.00035085924739984917,0.0022523222434094954,0.17500000000000004,0.0010519111628779095,0.0004692290662118686,200,1.0,False,0.0,-0.08557519603988716
15453,SDSS,900,4,0.18252,20.5291,0.175251,1.0,-9.0,-9.0,,False,False,True,2.424840855739485e-05,-0.0010300554435920424,-0.00023455416524410607,-0.0007955012783479361,0.00035085924739984917,0.0022573050057956277,0.17500000000000004,0.0010543038521494373,0.0004707359737424337,200,1.0,False,0.0,0.1676077722335554
17391,SDSS,901,4,0.1836,20.3465,0.29295,1.0,-9.0,-9.0,,False,False,True,2.487271506856207e-05,-0.0010406663736602232,-0.00024030003627830627,-0.000800366337381917,0.00035085924739984917,0.002280702324826166,0.17500000000000004,0.0010655390887287853,0.0004778118873642182,200,1.0,False,0.0,-0.02911197022684696
17168,SDSS,903,4,0.18389,20.499,0.195575,1.0,-9.0,-9.0,,False,False,True,2.5040352928042145e-05,-0.0010435156048822344,-0.00024184290905600797,-0.0008016726958262264,0.00035085924739984917,0.0022869849382695503,0.17500000000000004,0.0010685559578102765,0.00047971190120710467,200,1.0,False,0.0,0.11960979361963077
20048,SDSS,904,4,0.18402,20.543,0.216702,1.0,-9.0,-9.0,,False,False,True,2.5115500934015974e-05,-0.0010447928464645156,-0.00024253454168049498,-0.0008022583047840203,0.00035085924739984917,0.00228980128222693,0.17500000000000004,0.0010699083473985314,0.00048056363155046756,200,1.0,False,0.0,0.16191790268298314
15421,SDSS,906,4,0.18459,20.5361,0.140077,1.0,-9.0,-9.0,,False,False,True,2.544499603713201e-05,-0.0010503930595560553,-0.0002455670847263229,-0.0008048259748297325,0.00035085924739984917,0.002302149867270825,0.17500000000000004,0.0010758380555931874,0.00048429814151752055,200,1.0,False,0.0,0.14761272767662328
8213,SDSS,907,4,0.18484,20.4018,0.2755,1.0,-9.0,-9.0,,False,False,True,2.5589511433235526e-05,-0.0010528492933681343,-0.000246897147465721,-0.0008059521459024132,0.00035085924739984917,0.002307565913342708,0.17500000000000004,0.0010784388048013698,0.0004859360844855262,200,1.0,False,0.0,0.010071560098449133
15461,SDSS,908,4,0.18493,20.36,0.132133,1.0,-9.0,-9.0,,False,False,True,2.5641536975832798e-05,-0.0010537335375404827,-0.0002473759700519044,-0.0008063575674885781,0.00035085924739984917,0.0023095156899285867,0.17500000000000004,0.0010793750745163155,0.0004865257439540083,200,1.0,False,0.0,-0.03289426093418178
6422,SDSS,910,4,0.18515,20.3817,0.158153,1.0,-9.0,-9.0,,False,False,True,2.5768710524403895e-05,-0.0010558950232951122,-0.0002485464252625748,-0.0008073485980325373,0.00035085924739984917,0.002314281810471844,0.17500000000000004,0.001081663733819516,0.0004879671337658532,200,1.0,False,0.0,-0.014041822888153128
16281,SDSS,911,4,0.18522,20.2897,0.170059,1.0,-9.0,-9.0,,False,False,True,2.580917483531287e-05,-0.0010565827687624941,-0.0002489188428296062,-0.0008076639259328877,0.00035085924739984917,0.002315798303371971,0.17500000000000004,0.001082391943597807,0.0004884257577968947,200,1.0,False,0.0,-0.10694720459068228
15365,SDSS,913,4,0.18667,20.5029,0.141963,1.0,-9.0,-9.0,,False,False,True,2.664736413271329e-05,-0.0010708289248725514,-0.0002566332067181155,-0.0008141957181544359,0.00035085924739984917,0.0023472113705888965,0.17500000000000004,0.0010974762890052646,0.0004979258270113274,200,1.0,False,0.0,0.08756976030742415
18807,SDSS,914,4,0.18728,20.5164,0.134017,1.0,-9.0,-9.0,,False,False,True,2.699998169920588e-05,-0.0010768221353740237,-0.00025987855980224694,-0.0008169435755717766,0.00035085924739984917,0.0023604265230042928,0.17500000000000004,0.0011038221170732295,0.0005019224078532613,200,1.0,False,0.0,0.09325035000023242
5994,SDSS,915,4,0.18809,20.4921,0.189553,1.0,-9.0,-9.0,,False,False,True,2.7468211582581288e-05,-0.0010847803329251593,-0.000264187963077897,-0.0008205923698472622,0.00035085924739984917,0.0023779745122771956,0.17500000000000004,0.0011122485445077405,0.0005072293430695995,200,1.0,False,0.0,0.058603763102911946
12927,SDSS,916,4,0.18906,20.1854,0.147113,1.0,-9.0,-9.0,,False,False,True,2.802893131946295e-05,-0.0010943105201160251,-0.00026934860650676184,-0.0008249619136092633,0.00035085924739984917,0.0023989887710361042,0.17500000000000004,0.0011223394514354881,0.0005135845617854616,200,1.0,False,0.0,-0.2604321593791037
16100,SDSS,917,4,0.18908,20.5559,0.254842,1.0,-9.0,-9.0,,False,False,True,2.8040492551151222e-05,-0.0010945070188209914,-0.00026945501152591357,-0.0008250520072950777,0.00035085924739984917,0.0023994220547218542,0.17500000000000004,0.0011225475113721425,0.0005137155972229019,200,1.0,False,0.0,0.10981411206149595
18787,SDSS,919,4,0.18929,20.8878,0.198697,1.0,-9.0,-9.0,,False,False,True,2.816188548387819e-05,-0.001096570255223138,-0.0002705722642270081,-0.0008259979909961295,0.00035085924739984917,0.002403971533422237,0.17500000000000004,0.0011247321407070162,0.0005150914693160268,200,1.0,False,0.0,0.4390514692269851
18749,SDSS,920,4,0.18948,20.4883,0.207448,1.0,-9.0,-9.0,,False,False,True,2.8271717184916863e-05,-0.0010984369929203177,-0.0002715831119089507,-0.000826853881011367,0.00035085924739984917,0.0024080877284368683,0.17500000000000004,0.0011267087101052345,0.0005163363059717109,200,1.0,False,0.0,0.037144779321955715
6304,SDSS,922,4,0.18995,20.4756,0.223097,1.0,-9.0,-9.0,,False,False,True,2.854340612959148e-05,-0.001103054712487026,-0.00027408362985901927,-0.0008289710826280066,0.00035085924739984917,0.0024182698950520097,0.17500000000000004,0.0011315981186166175,0.0005194156387515616,200,1.0,False,0.0,0.018501024390442003
762,SDSS,923,4,0.19025,20.6277,0.155666,1.0,-9.0,-9.0,,False,False,True,2.87168246049157e-05,-0.0011060021930615206,-0.00027567970514629696,-0.0008303224879152233,0.00035085924739984917,0.0024247691503382703,0.17500000000000004,0.0011347190176664362,0.0005213811703131683,200,1.0,False,0.0,0.16681429030574416
20687,SDSS,924,4,0.19042,20.4362,0.293734,1.0,-9.0,-9.0,,False,False,True,2.8815095074266095e-05,-0.001107672432053734,-0.0002765841478090877,-0.0008310882842446463,0.00035085924739984917,0.0024284520616671508,0.17500000000000004,0.0011364875271280001,0.0005224949715314122,200,1.0,False,0.0,-0.02682905983765614
2440,SDSS,925,4,0.19044,20.6652,0.152469,1.0,-9.0,-9.0,,False,False,True,2.8826656305954378e-05,-0.0011078689307587003,-0.0002766905528282396,-0.0008311783779304607,0.00035085924739984917,0.0024288853453529016,0.17500000000000004,0.0011366955870646548,0.0005226260069688526,200,1.0,False,0.0,0.20191889839912472
16276,SDSS,926,4,0.19413,20.5453,0.217185,1.0,-9.0,-9.0,,False,False,True,3.095970355244233e-05,-0.0011441229418249841,-0.00029632227886175624,-0.0008478006629632278,0.00035085924739984917,0.002508826185373904,0.17500000000000004,0.0011750826453774264,0.0005468020451766159,200,1.0,False,0.0,0.03593345582673614
2246,SDSS,927,4,0.19434,20.6257,0.220354,1.0,-9.0,-9.0,,False,False,True,3.10810964851693e-05,-0.0011461861782271305,-0.00029743953156285074,-0.0008487466466642797,0.00035085924739984917,0.0025133756640742864,0.17500000000000004,0.0011772672747122999,0.0005481779172697408,200,1.0,False,0.0,0.11373528163971237
20821,SDSS,928,4,0.19546,20.8813,0.403052,1.0,-9.0,-9.0,,False,False,True,3.172852545971306e-05,-0.0011571901057052436,-0.0003033982126353544,-0.0008537918930698891,0.00035085924739984917,0.0025376395504763246,0.17500000000000004,0.0011889186311649566,0.0005555159017664059,200,1.0,False,0.0,0.3555222988516318
14984,SDSS,930,4,0.19557,20.6552,0.194065,1.0,-9.0,-9.0,,False,False,True,3.179211223399861e-05,-0.0011582708485825583,-0.0003039834402406895,-0.0008542874083418686,0.00035085924739984917,0.0025400226107479534,0.17500000000000004,0.001190062960816557,0.0005562365966723284,200,1.0,False,0.0,0.12806963907629745
15674,SDSS,931,4,0.19568,20.705,0.210601,1.0,-9.0,-9.0,,False,False,True,3.1855699008284156e-05,-0.001159351591459873,-0.0003045686678460247,-0.0008547829236138481,0.00035085924739984917,0.002542405671019582,0.17500000000000004,0.001191207290468157,0.0005569572915782509,200,1.0,False,0.0,0.17651768665253423
15129,SDSS,933,4,0.19621,20.5217,0.155637,1.0,-9.0,-9.0,,False,False,True,3.2162071648023616e-05,-0.0011645588071414802,-0.0003073884008535488,-0.0008571704062879312,0.00035085924739984917,0.0025538876886919753,0.17500000000000004,0.0011967208787895037,0.0005604297306704229,200,1.0,False,0.0,-0.01328637601442771
13070,SDSS,936,4,0.19733,20.5488,0.138981,1.0,-9.0,-9.0,,False,False,True,3.280950062256739e-05,-0.0011755627346195935,-0.00031334708192605254,-0.0008622156526935408,0.00035085924739984917,0.0025781515750940144,0.17500000000000004,0.001208372235242161,0.0005677677151670881,200,1.0,False,0.0,0.00012275760772319406
18804,SDSS,937,4,0.19741,20.4402,0.128057,1.0,-9.0,-9.0,,False,False,True,3.285574554932052e-05,-0.001176348729439459,-0.00031377270200266,-0.0008625760274367986,0.00035085924739984917,0.002579884709837017,0.17500000000000004,0.0012092044749887794,0.00056829185691685,200,1.0,False,0.0,-0.10945239456428645
15222,SDSS,939,4,0.19817,20.5031,0.180536,1.0,-9.0,-9.0,,False,False,True,3.329507235347523e-05,-0.0011838156802281784,-0.0003178160927304304,-0.0008659995874977479,0.00035085924739984917,0.0025963494898955434,0.17500000000000004,0.0012171107525816537,0.0005732712035395872,200,1.0,False,0.0,-0.05579805924170976
13370,SDSS,941,4,0.19861,21.0716,0.237064,1.0,-9.0,-9.0,,False,False,True,3.3549419450617414e-05,-0.0011881386517374373,-0.0003201570031517711,-0.000867981648585666,0.00035085924739984917,0.0026058817309820587,0.17500000000000004,0.0012216880711880547,0.0005761539831632772,200,1.0,False,0.0,0.5073642436158108
19658,SDSS,943,4,0.19878,20.636,0.172401,1.0,-9.0,-9.0,,False,False,True,3.364768991996781e-05,-0.0011898088907296507,-0.00032106144581456184,-0.0008687474449150888,0.00035085924739984917,0.0026095646423109397,0.17500000000000004,0.0012234565806496186,0.000577267784381521,200,1.0,False,0.0,0.06970489530235803
18768,SDSS,944,4,0.19908,20.7686,0.215956,1.0,-9.0,-9.0,,False,False,True,3.382110839529204e-05,-0.0011927563713041455,-0.0003226575211018397,-0.0008700988502023056,0.00035085924739984917,0.0026160638975972,0.17500000000000004,0.0012265774796994375,0.0005792333159431277,200,1.0,False,0.0,0.19867474191694237
19101,SDSS,948,4,0.20077,20.4307,0.193097,1.0,-9.0,-9.0,,False,False,True,3.479803247295183e-05,-0.0012093605118737984,-0.00033164874522017114,-0.0008777117666536272,0.0010745699610107914,0.002652676369043133,0.22500000000000003,0.0012441585443467502,0.0005903058104068459,200,1.0,False,0.0,-0.16593949445562456
13152,SDSS,952,4,0.20231,20.3654,0.196276,1.0,-9.0,-9.0,,False,False,True,3.5688247312949506e-05,-0.001224490912156204,-0.0003398419316948637,-0.0008846489804613402,0.0010745699610107914,0.002686039212845936,0.22500000000000003,0.0012601791594691535,0.0006003955390897606,200,1.0,False,0.0,-0.24964995035928067
19913,SDSS,953,4,0.20249,20.7419,0.157404,1.0,-9.0,-9.0,,False,False,True,3.579229839814405e-05,-0.0012262594005009008,-0.0003407995768672304,-0.0008854598236336704,0.0010745699610107914,0.002689938766017692,0.22500000000000003,0.001262051698899045,0.0006015748580267248,200,1.0,False,0.0,0.12470668567091908
6780,SDSS,954,4,0.20279,20.5843,0.182984,1.0,-9.0,-9.0,,False,False,True,3.596571687346827e-05,-0.0012292068810753954,-0.00034239565215450813,-0.0008868112289208872,0.0010745699610107914,0.0026964380213039523,0.22500000000000003,0.0012651725979488638,0.0006035403895883315,200,1.0,False,0.0,-0.03646165629986681
14212,SDSS,955,4,0.2032,20.7128,0.144119,1.0,-9.0,-9.0,,False,False,True,3.620272212307804e-05,-0.0012332351045272047,-0.0003445769550471211,-0.0008886581494800834,0.0010745699610107914,0.0027053203368618416,0.22500000000000003,0.0012694378266502827,0.0006062266160558607,200,1.0,False,0.0,0.08716953427601143
15203,SDSS,956,4,0.20329,20.6292,0.164646,1.0,-9.0,-9.0,,False,False,True,3.6254747665675305e-05,-0.001234119348699553,-0.00034505577763330447,-0.0008890635710662486,0.0010745699610107914,0.0027072701134477194,0.22500000000000003,0.0012703740963652284,0.0006068162755243427,200,1.0,False,0.0,0.0025019931281919407
16032,SDSS,957,4,0.20331,20.6747,0.171689,1.0,-9.0,-9.0,,False,False,True,3.626630889736359e-05,-0.0012343158474045195,-0.0003451621826524563,-0.000889153664752063,0.0010745699610107914,0.0027077033971334703,0.22500000000000003,0.001270582156301883,0.0006069473109617832,200,1.0,False,0.0,0.04776482139979893
7243,SDSS,958,4,0.20334,20.6805,0.214434,1.0,-9.0,-9.0,,False,False,True,3.628365074489601e-05,-0.001234610595461969,-0.00034532179018118404,-0.0008892888052807848,0.0010745699610107914,0.0027083533226620964,0.22500000000000003,0.0012708942462068649,0.0006071438641179439,200,1.0,False,0.0,0.053209104451078015
15901,SDSS,959,4,0.20382,20.6511,0.169342,1.0,-9.0,-9.0,,False,False,True,3.656112030541478e-05,-0.0012393265643811603,-0.00034787551064082854,-0.0008914510537403318,0.0010745699610107914,0.0027187521311201135,0.22500000000000003,0.001275887684686575,0.0006102887146165148,200,1.0,False,0.0,0.01812425513859867
18965,SDSS,960,4,0.20469,20.6279,0.157717,1.0,-9.0,-9.0,,False,False,True,3.706403388385503e-05,-0.0012478742580471949,-0.00035250412897393414,-0.0008953701290732605,0.0010745699610107914,0.002737599971450268,0.22500000000000003,0.0012849382919310499,0.0006159887561451745,200,1.0,False,0.0,-0.015347903360065914
17801,SDSS,962,4,0.20523,20.9131,0.226108,1.0,-9.0,-9.0,,False,False,True,3.737618713943862e-05,-0.0012531797230812848,-0.0003553770644910341,-0.0008978026585902508,0.0010745699610107914,0.0027492986309655366,0.22500000000000003,0.0012905559102207235,0.0006195267129560665,200,1.0,False,0.0,0.26349665669466676
15872,SDSS,963,4,0.20562,20.5596,0.172847,1.0,-9.0,-9.0,,False,False,True,3.7601631157360115e-05,-0.001257011447828128,-0.0003574519623644952,-0.0008995594854636327,0.0010745699610107914,0.0027577476628376754,0.22500000000000003,0.001294613078985488,0.0006220819039861554,200,1.0,False,0.0,-0.09458372916181174
15201,SDSS,965,4,0.20748,21.063,0.332572,1.0,-9.0,-9.0,,False,False,True,3.86768257043703e-05,-0.0012752858273899945,-0.00036734762914561746,-0.0009079381982443771,0.0010745699610107914,0.0027980430456124895,0.22500000000000003,0.001313962653094365,0.0006342681996681173,200,1.0,False,0.0,0.3870817707895215
20376,SDSS,967,4,0.2084,20.4769,0.270839,1.0,-9.0,-9.0,,False,False,True,3.9208642362031264e-05,-0.001284324767818445,-0.00037224226002660263,-0.000912082507791842,0.0010745699610107914,0.002817974095157021,0.22500000000000003,0.0013235334101804762,0.0006402958297903782,200,1.0,False,0.0,-0.20970181627513879
15467,SDSS,968,4,0.20856,20.6228,0.144273,1.0,-9.0,-9.0,,False,False,True,3.930113221553751e-05,-0.001285896757458175,-0.00037309350017981745,-0.0009128032572783577,0.0010745699610107914,0.002821440364643027,0.22500000000000003,0.0013251978896737127,0.0006413441132899017,200,1.0,False,0.0,-0.06565535887271051
15259,SDSS,970,4,0.2087,20.6109,0.195843,1.0,-9.0,-9.0,,False,False,True,3.938206083735548e-05,-0.0012872722483929394,-0.0003738383353138804,-0.0009134339130790588,0.0010745699610107914,0.0028244733504432813,0.22500000000000003,0.0013266543092302948,0.0006422613613519849,200,1.0,False,0.0,-0.07917612570016869
16482,SDSS,972,4,0.20948,20.5883,0.260744,1.0,-9.0,-9.0,,False,False,True,3.9832948873198467e-05,-0.0012949356978866253,-0.0003779881310608027,-0.0009169475668258227,0.0010745699610107914,0.0028413714141875585,0.22500000000000003,0.0013347686467598237,0.0006473717434121626,200,1.0,False,0.0,-0.11078767145575324
19149,SDSS,974,4,0.21037,20.2013,0.184063,1.0,-9.0,-9.0,,False,False,True,4.0347423683327e-05,-0.0013036798902576262,-0.00038272315441306004,-0.000920956735844566,0.0010745699610107914,0.002860652538203464,0.22500000000000003,0.0013440273139409531,0.0006532028203782627,200,1.0,False,0.0,-0.5080320952020043
14157,SDSS,976,4,0.21095,20.553,0.153359,1.0,-9.0,-9.0,,False,False,True,4.068269940228717e-05,-0.001309378352701649,-0.00038580889996846376,-0.0009235694527331852,0.0010745699610107914,0.002873217765090234,0.22500000000000003,0.0013500610521039362,0.0006570028480640357,200,1.0,False,0.0,-0.1629866003151717
18940,SDSS,977,4,0.21114,20.7022,0.161016,1.0,-9.0,-9.0,,False,False,True,4.0792531103325833e-05,-0.001311245090398829,-0.00038681974765040637,-0.0009244253427484225,0.0010745699610107914,0.0028773339601048655,0.22500000000000003,0.0013520376215021548,0.00065824768471972,200,1.0,False,0.0,-0.015962830764180865
7847,SDSS,979,4,0.21174,20.7146,0.228911,1.0,-9.0,-9.0,,False,False,True,4.11393680539743e-05,-0.0013171400515478182,-0.0003900118982249621,-0.0009271281533228563,0.0010745699610107914,0.0028903324706773866,0.22500000000000003,0.0013582794196017925,0.0006621787478429338,200,1.0,False,0.0,-0.010423220692864107
17811,SDSS,980,4,0.212,20.6606,0.192614,1.0,-9.0,-9.0,,False,False,True,4.1289664065921945e-05,-0.0013196945347123802,-0.000391395163473936,-0.000928299371238444,0.0010745699610107914,0.0028959651585921454,0.22500000000000003,0.0013609841987783022,0.0006638822085296594,200,1.0,False,0.0,-0.06739045293421936
18927,SDSS,981,4,0.21225,20.6844,0.242226,1.0,-9.0,-9.0,,False,False,True,4.1434179462025464e-05,-0.001322150768524459,-0.00039272522621333416,-0.0009294255423111247,0.0010745699610107914,0.002901381204664029,0.22500000000000003,0.0013635849479864844,0.0006655201514976651,200,1.0,False,0.0,-0.046440376578573084
13305,SDSS,982,4,0.2135,20.7688,0.16306,1.0,-9.0,-9.0,,False,False,True,4.2156756442543065e-05,-0.001334431937584853,-0.0003993755399103249,-0.0009350563976745282,0.0010745699610107914,0.0029284614350234468,0.22500000000000003,0.001376588694027396,0.0006737098663376932,200,1.0,False,0.0,0.02375658176535839
8495,SDSS,983,4,0.21365,20.7554,0.188405,1.0,-9.0,-9.0,,False,False,True,4.224346568020519e-05,-0.0013359056778721008,-0.00040017357755396383,-0.0009357321003181368,0.0010745699610107914,0.0029317110626665773,0.22500000000000003,0.0013781491435523058,0.0006746926321184967,200,1.0,False,0.0,0.008657407154334777
6933,SDSS,984,4,0.21398,20.6344,0.195634,1.0,-9.0,-9.0,,False,False,True,4.243422600306183e-05,-0.0013391479065040447,-0.0004019292603699694,-0.0009372186461340753,0.0010745699610107914,0.0029388602434814643,0.22500000000000003,0.0013815821325071065,0.0006768547168362641,200,1.0,False,0.0,-0.11607688252222542
14019,SDSS,987,4,0.21521,21.2111,0.227836,1.0,-9.0,-9.0,,False,False,True,4.314524175189116e-05,-0.001351232576859473,-0.0004084731690478083,-0.0009427594078116644,0.0010745699610107914,0.0029655071901551313,0.22500000000000003,0.001394377818611364,0.0006849133962388519,200,1.0,False,0.0,0.446751333837682
1316,SDSS,988,4,0.21578,20.9723,0.257304,1.0,-9.0,-9.0,,False,False,True,4.347473685500718e-05,-0.0013568327899510125,-0.00041150571209363606,-0.0009453270778573763,0.0010745699610107914,0.002977855775199026,0.22500000000000003,0.0014003075268060195,0.0006886479062059048,200,1.0,False,0.0,0.20154788043856814
17435,SDSS,990,4,0.21689,20.8142,0.188459,1.0,-9.0,-9.0,,False,False,True,4.411638521370681e-05,-0.0013677384680766426,-0.0004174111906565638,-0.0009503272774200785,0.0010745699610107914,0.0030019030197581892,0.22500000000000003,0.0014118548532903493,0.0006959203729838498,200,1.0,False,0.0,0.03102292093406706
7473,SDSS,991,4,0.21692,20.8402,0.183323,1.0,-9.0,-9.0,,False,False,True,4.413372706123923e-05,-0.001368033216134092,-0.00041757079818529165,-0.0009504624179488003,0.0010745699610107914,0.0030025529452868153,0.22500000000000003,0.0014121669431953312,0.0006961169261400106,200,1.0,False,0.0,0.056687930884258886
20364,SDSS,992,4,0.21742,20.8865,0.268256,1.0,-9.0,-9.0,,False,False,True,4.442275785344627e-05,-0.0013729456837582497,-0.000420230923664088,-0.0009527147600941617,0.0010745699610107914,0.003013385037430583,0.22500000000000003,0.001417368441611696,0.000699392812076022,200,1.0,False,0.0,0.0974110834909469
13641,SDSS,993,4,0.21794,20.7412,0.17274,1.0,-9.0,-9.0,,False,False,True,4.472334987734158e-05,-0.0013780546500873736,-0.000422997454162036,-0.0009550571959253374,0.0010745699610107914,0.0030246504132601,0.22500000000000003,0.001422777999964715,0.0007027997334494735,200,1.0,False,0.0,-0.053676227626514195
9467,SDSS,996,4,0.21897,20.9395,0.23921,1.0,-9.0,-9.0,,False,False,True,4.531875330928809e-05,-0.0013881743333931382,-0.0004284773126483564,-0.0009596970207447819,0.0010745699610107914,0.003046964523076261,0.22500000000000003,0.0014334930867024264,0.0007095480584776568,200,1.0,False,0.0,0.13319817018204122
5533,SDSS,997,4,0.21898,20.8762,0.21715,1.0,-9.0,-9.0,,False,False,True,4.532453392513223e-05,-0.0013882725827456216,-0.00042853051515793236,-0.0009597420675876891,0.0010745699610107914,0.0030471811649191364,0.22500000000000003,0.0014335971166707538,0.0007096135761963771,200,1.0,False,0.0,0.06978748662273676
15433,SDSS,1000,4,0.2195,20.8568,0.157737,1.0,-9.0,-9.0,,False,False,True,4.562512594902755e-05,-0.0013933815490747457,-0.0004312970456558805,-0.0009620845034188651,0.0010745699610107914,0.0030584465407486544,0.22500000000000003,0.0014390066750237733,0.0007130204975698288,200,1.0,False,0.0,0.04463839398674824
18466,SDSS,1002,4,0.21978,20.8352,0.171261,1.0,-9.0,-9.0,,False,False,True,4.57869831926635e-05,-0.001396132530944274,-0.0004327867159240065,-0.0009633458150202674,0.0010745699610107914,0.0030645125123491637,0.22500000000000003,0.0014419195141369375,0.0007148549936939952,200,1.0,False,0.0,0.01994796054858145
14331,SDSS,1003,4,0.2199,20.9857,0.218533,1.0,-9.0,-9.0,,False,False,True,4.585635058279319e-05,-0.001397311523174072,-0.00043342514603891764,-0.0009638863771351542,0.0010745699610107914,0.0030671122144636685,0.22500000000000003,0.0014431678737568652,0.000715641206318638,200,1.0,False,0.0,0.1691246071376719
19230,SDSS,1004,4,0.22017,20.6698,0.241441,1.0,-9.0,-9.0,,False,False,True,4.601242721058499e-05,-0.001399964255691117,-0.0004348616137974676,-0.0009651026418936494,0.0010745699610107914,0.0030729615442213025,0.22500000000000003,0.001445976682901702,0.0007174101847240839,200,1.0,False,0.0,-0.14975049012938496
7512,SDSS,1005,4,0.22066,20.9346,0.22365,1.0,-9.0,-9.0,,False,False,True,4.629567738694789e-05,-0.0014047784739627913,-0.00043746853676668795,-0.0009673099371961035,0.0010745699610107914,0.0030835769945221944,0.22500000000000003,0.0014510741513497393,0.000720620552941375,200,1.0,False,0.0,0.10965889404707257
15354,SDSS,1006,4,0.22083,20.8268,0.265452,1.0,-9.0,-9.0,,False,False,True,4.639394785629828e-05,-0.0014064487129550052,-0.00043837297942947873,-0.0009680757335255263,0.0010745699610107914,0.003087259905851075,0.22500000000000003,0.0014528426608113034,0.0007217343541596189,200,1.0,False,0.0,-8.7251531971054e-06
13025,SDSS,1010,4,0.22299,21.0727,0.27993,1.0,-9.0,-9.0,,False,False,True,4.764256087863269e-05,-0.0014276705730913665,-0.0004498647214978787,-0.0009778058515934876,0.0010745699610107914,0.0031340545439121495,0.22500000000000003,0.0014753131339699992,0.0007358861814031877,200,1.0,False,0.0,0.2222769439307159
14846,SDSS,1011,4,0.22349,20.8981,0.165084,1.0,-9.0,-9.0,,False,False,True,4.7931591670839736e-05,-0.0014325830407155241,-0.000452524846976675,-0.000980058193738849,0.0010745699610107914,0.0031448866360559167,0.22500000000000003,0.0014805146323863638,0.0007391620673391989,200,1.0,False,0.0,0.04224091402538849
13727,SDSS,1017,4,0.22543,20.8799,0.186984,1.0,-9.0,-9.0,,False,False,True,5.06219138523338e-05,-0.0014500231321891897,-0.0004619193717200898,-0.0009881037604691,0.0010745699610107914,0.0031833233755435477,0.22500000000000003,0.0015006450460415236,0.0007509715622346157,200,1.0,False,0.0,0.0030553533381942367
15229,SDSS,1018,4,0.22551,20.9326,0.19559,1.0,-9.0,-9.0,,False,False,True,5.0960043934013606e-05,-0.001450507679026159,-0.00046217257093821994,-0.000988335108087939,0.0010745699610107914,0.0031843882725134925,0.22500000000000003,0.0015014677229601727,0.0007513280867683202,200,1.0,False,0.0,0.05489356984521637
19992,SDSS,1020,4,0.22645,21.1382,0.199257,1.0,-9.0,-9.0,,False,False,True,5.493307239375185e-05,-0.0014562011043605467,-0.0004651476617512498,-0.0009910534426092969,0.0010745699610107914,0.0031969008119103444,0.22500000000000003,0.0015111341767542986,0.0007555172500393497,200,1.0,False,0.0,0.2503887946486218
13072,SDSS,1024,4,0.22928,20.9699,0.200596,1.0,-9.0,-9.0,,False,False,True,6.689442403317618e-05,-0.0014733419487183302,-0.00047410458409260527,-0.000999237364625725,0.0010745699610107914,0.003234571542222142,0.22500000000000003,0.0015402363727515065,0.0007681293054191512,200,1.0,False,0.0,0.051900088764590346
3452,SDSS,1025,4,0.22978,20.8821,0.186118,1.0,-9.0,-9.0,,False,False,True,6.900773704367514e-05,-0.0014763703664493876,-0.00047568707920591876,-0.0010006832872434684,0.0010745699610107914,0.0032412271482842965,0.22500000000000003,0.0015453781034930627,0.0007703575837548051,200,1.0,False,0.0,-0.04119766416392051
21033,SDSS,1026,4,0.2302,20.8753,0.225836,1.0,-9.0,-9.0,,False,False,True,7.07829199724942e-05,-0.0014789142373434752,-0.00047701637510110217,-0.001001897862242373,0.0010745699610107914,0.0032468178573765065,0.22500000000000003,0.0015496971573159693,0.0007722293375567544,200,1.0,False,0.0,-0.052439523938531185
19008,SDSS,1029,4,0.23086,20.8519,0.202919,1.0,-9.0,-9.0,,False,False,True,7.357249314635296e-05,-0.001482911748748471,-0.00047910526865067626,-0.0010038064800977945,0.0010745699610107914,0.0032556032573785518,0.22500000000000003,0.001556484241894824,0.0007751706649598177,200,1.0,False,0.0,-0.0828044329345195
17875,SDSS,1031,4,0.23125,21.0639,0.187823,1.0,-9.0,-9.0,,False,False,True,7.522087729454218e-05,-0.0014852739145786956,-0.000480339614839061,-0.0010049342997396345,0.0010745699610107914,0.003260794630107032,0.22500000000000003,0.0015604947918732377,0.0007769087220616278,200,1.0,False,0.0,0.12508861040968372
15369,SDSS,1035,4,0.23282,20.5811,0.17888,1.0,-9.0,-9.0,,False,False,True,8.185668014750896e-05,-0.0014947831462542149,-0.00048530864949486587,-0.001009474496759349,0.0010745699610107914,0.003281693233142199,0.22500000000000003,0.0015766398264017239,0.0007839055160355811,200,1.0,False,0.0,-0.37417983709461905
12971,SDSS,1039,4,0.23395,20.8859,0.21239,1.0,-9.0,-9.0,,False,False,True,8.663276755123674e-05,-0.0015016273703264043,-0.0004888850884509548,-0.0010127422818754493,0.0010745699610107914,0.0032967349028426704,0.22500000000000003,0.001588260137877641,0.0007889414250741593,200,1.0,False,0.0,-0.08116933816619448
19341,SDSS,1044,4,0.23556,20.9806,0.212494,1.0,-9.0,-9.0,,False,False,True,9.343763544504351e-05,-0.0015113788754204083,-0.0004939807227158249,-0.0010173981527045834,0.0010745699610107914,0.003318165954362809,0.22500000000000003,0.001604816510865452,0.000796116481314965,200,1.0,False,0.0,-0.0031759235882374247
15287,SDSS,1045,4,0.23639,21.1275,0.153376,1.0,-9.0,-9.0,,False,False,True,9.694573504247185e-05,-0.001516406048853963,-0.0004966076646039256,-0.0010197983842500375,0.0010745699610107914,0.003329214260425987,0.22500000000000003,0.001613351783896435,0.0007998154233521506,200,1.0,False,0.0,0.13515266176932544
13511,SDSS,1047,4,0.23664,21.2144,0.191234,1.0,-9.0,-9.0,,False,False,True,9.800239154772133e-05,-0.0015179202577194919,-0.0004973989121605823,-0.0010205213455589093,0.0010745699610107914,0.0033325420634570642,0.22500000000000003,0.0016159226492672132,0.0008009295625199776,200,1.0,False,0.0,0.21947637556764493
12881,SDSS,1048,4,0.23685,20.866,0.235106,1.0,-9.0,-9.0,,False,False,True,9.8889983012131e-05,-0.001519192193166536,-0.0004980635601081741,-0.0010211286330583616,0.0010745699610107914,0.003335337418003169,0.22500000000000003,0.001618082176178667,0.0008018654394209523,200,1.0,False,0.0,-0.1310857564078381
16350,SDSS,1049,4,0.23693,20.9749,0.208496,1.0,-9.0,-9.0,,False,False,True,9.92281130938108e-05,-0.001519676740003505,-0.0004983167593263044,-0.0010213599806772006,0.0010745699610107914,0.003336402314973114,0.22500000000000003,0.0016189048530973159,0.0008022219639546569,200,1.0,False,0.0,-0.023008958474861004
20768,SDSS,1051,4,0.23746,21.4835,0.304522,1.0,-9.0,-9.0,,False,False,True,0.00010146822488493978,-0.0015228868627984256,-0.0004999942041464169,-0.0010228926586520089,0.0010745699610107914,0.003343457257398998,0.22500000000000003,0.0016243550876833654,0.0008045839389904502,200,1.0,False,0.0,0.48014382466803
17884,SDSS,1052,4,0.23789,20.9787,0.170143,1.0,-9.0,-9.0,,False,False,True,0.00010328567407396881,-0.0015254913020471348,-0.0005013551499438666,-0.001024136152103268,0.0010745699610107914,0.0033491810786124513,0.22500000000000003,0.0016287769761211036,0.0008065002583591125,200,1.0,False,0.0,-0.029067343519841245
18486,SDSS,1054,4,0.23981,20.877,0.178758,1.0,-9.0,-9.0,,False,False,True,0.00011140079603428501,-0.0015371204261343946,-0.000507431931178991,-0.0010296884949554032,0.0010745699610107914,0.003374738605891127,0.22500000000000003,0.0016485212221686795,0.0008150568471680238,200,1.0,False,0.0,-0.15037401242816612
17223,SDSS,1059,4,0.24164,20.919,0.260278,1.0,-9.0,-9.0,,False,False,True,0.00011913552165271135,-0.0015482044350300637,-0.0005132238632937192,-0.0010349805717363445,0.0010745699610107914,0.0033990981240786143,0.22500000000000003,0.001667339956682775,0.0008232123458765173,200,1.0,False,0.0,-0.12692670599911066
14481,SDSS,1060,4,0.2422,21.311,0.219703,1.0,-9.0,-9.0,,False,False,True,0.00012150243222447025,-0.0015515962628888478,-0.0005149962578206305,-0.0010366000050682173,0.0010745699610107914,0.003406552402868228,0.22500000000000003,0.001673098695113318,0.0008257080176124498,200,1.0,False,0.0,0.2594219757581621
20111,SDSS,1061,4,0.2428,21.1687,0.218194,1.0,-9.0,-9.0,,False,False,True,0.00012403840783706895,-0.0015552303641661162,-0.0005168952519566069,-0.0010383351122095095,0.0010745699610107914,0.0034145391301428135,0.22500000000000003,0.0016792687720031852,0.0008283819516152345,200,1.0,False,0.0,0.11108040929272905
20088,SDSS,1063,4,0.24329,20.9986,0.140544,1.0,-9.0,-9.0,,False,False,True,0.00012610945458735803,-0.0015581982135425524,-0.0005184460971676543,-0.0010397521163748981,0.0010745699610107914,0.003421061624083726,0.22500000000000003,0.0016843076681299105,0.0008305656643841754,200,1.0,False,0.0,-0.06394328553438539
13506,SDSS,1064,4,0.24354,21.285,0.305126,1.0,-9.0,-9.0,,False,False,True,0.00012716611109260762,-0.0015597124224080812,-0.0005192373447243111,-0.00104047507768377,0.0010745699610107914,0.003424389427114804,0.22500000000000003,0.0016868785335006887,0.0008316798035520024,200,1.0,False,0.0,0.21994816338948214
19023,SDSS,1065,4,0.2441,21.0426,0.241308,1.0,-9.0,-9.0,,False,False,True,0.0001295330216643664,-0.001563104250266865,-0.0005210097392512224,-0.0010420945110156425,0.0010745699610107914,0.003431843705904417,0.22500000000000003,0.0016926372719312315,0.0008341754752879348,200,1.0,False,0.0,-0.028062345802350393
15466,SDSS,1066,4,0.24444,20.9534,0.220053,1.0,-9.0,-9.0,,False,False,True,0.00013097007451150566,-0.0015651635743239838,-0.0005220858359282756,-0.001043077738395708,0.0010745699610107914,0.003436369518026682,0.22500000000000003,0.0016961336488354895,0.0008356907045561795,200,1.0,False,0.0,-0.12066291202887652
3377,SDSS,1067,4,0.24459,20.8733,0.184175,1.0,-9.0,-9.0,,False,False,True,0.00013160406841465538,-0.001566072099643301,-0.00052256058446227,-0.001043511515181031,0.0010745699610107914,0.0034383661998453286,0.22500000000000003,0.0016976761680579564,0.0008363591880568757,200,1.0,False,0.0,-0.20226176912424504
20039,SDSS,1070,4,0.24553,21.1052,0.217801,1.0,-9.0,-9.0,,False,False,True,0.00013557709687439355,-0.0015717655249776886,-0.0005255356752752996,-0.0010462298497023888,0.0010745699610107914,0.00345087873924218,0.22500000000000003,0.0017073426218520821,0.0008405483513279051,200,1.0,False,0.0,0.02026473453396011
13835,SDSS,1072,4,0.24617,21.0943,0.146956,1.0,-9.0,-9.0,,False,False,True,0.00013828213752783224,-0.0015756418996734419,-0.0005275612690203411,-0.0010480806306531006,0.0010745699610107914,0.0034593979150017388,0.22500000000000003,0.001713924037201274,0.0008434005475975422,200,1.0,False,0.0,0.0030017813286990526
15219,SDSS,1073,4,0.2465,21.125,0.16921,1.0,-9.0,-9.0,,False,False,True,0.0001396769241147616,-0.0015776406553759397,-0.0005286057157951281,-0.0010490349395808115,0.0010745699610107914,0.0034637906150027614,0.22500000000000003,0.0017173175794907012,0.0008448712112990738,200,1.0,False,0.0,0.030426868543262656
12977,SDSS,1074,4,0.24656,21.0299,0.213035,1.0,-9.0,-9.0,,False,False,True,0.00013993052167602147,-0.0015780040655036663,-0.0005287956152087256,-0.0010492084502949405,0.0010745699610107914,0.00346458928773022,0.22500000000000003,0.0017179345871796879,0.0008451386046993523,200,1.0,False,0.0,-0.06526813381216795
3451,SDSS,1077,4,0.24846,20.95,0.175101,1.0,-9.0,-9.0,,False,False,True,0.00014796111111591763,-0.0015895120528816838,-0.0005348090966393178,-0.001054702956242366,0.0010745699610107914,0.0034898805907664088,0.22500000000000003,0.0017374731639976013,0.0008536060623748374,200,1.0,False,0.0,-0.16394084884957733
15161,SDSS,1081,4,0.24865,21.0726,0.176269,1.0,-9.0,-9.0,,False,False,True,0.00014876417005990736,-0.0015906628516194855,-0.000535410444782377,-0.0010552524068371085,0.0010745699610107914,0.003492409721070028,0.22500000000000003,0.0017394270216793929,0.000854452808142386,200,1.0,False,0.0,-0.043210801053635894
19990,SDSS,1082,4,0.24896,21.174,0.178589,1.0,-9.0,-9.0,,False,False,True,0.0001500744241264166,-0.0015925404706127408,-0.0005363915917526315,-0.0010561488788601095,0.0010745699610107914,0.003496536196828563,0.22500000000000003,0.0017426148947391573,0.0008558343407104913,200,1.0,False,0.0,0.05514106344170616
3199,SDSS,1084,4,0.24972,21.4203,0.218948,1.0,-9.0,-9.0,,False,False,True,0.00015328665990237519,-0.0015971436655639478,-0.0005387969843248682,-0.0010583466812390796,0.0010745699610107914,0.00350665271804304,0.22500000000000003,0.001750430325466323,0.0008592213237806855,200,1.0,False,0.0,0.2939830619806189
16106,SDSS,1085,4,0.24983,21.0431,0.205026,1.0,-9.0,-9.0,,False,False,True,0.0001537515887646849,-0.00159780991746478,-0.0005391451332497973,-0.001058664784214983,0.0010745699610107914,0.003508116951376714,0.22500000000000003,0.001751561506229465,0.0008597115450145294,200,1.0,False,0.0,-0.08429464370126266
15868,SDSS,1086,4,0.24986,21.1385,0.161473,1.0,-9.0,-9.0,,False,False,True,0.00015387838754531486,-0.0015979916225286436,-0.000539240082956596,-0.0010587515395720478,0.0010745699610107914,0.003508516287740443,0.22500000000000003,0.0017518700100739586,0.0008598452417146686,200,1.0,False,0.0,0.010811512836500895
13689,SDSS,1089,4,0.25043,21.1615,0.177575,1.0,-9.0,-9.0,,False,False,True,0.0001562875643772836,-0.001601444018742049,-0.0005410441273857736,-0.0010603998913562753,0.003403921516980178,0.0035161036786512997,0.275,0.0017577315831193326,0.0008623854790173139,200,1.0,False,0.0,0.0229703171100946
5717,SDSS,1090,4,0.25051,21.3162,0.186783,1.0,-9.0,-9.0,,False,False,True,0.00015662569445896361,-0.0016019285655790184,-0.0005412973266039038,-0.0010606312389751143,0.003403921516980178,0.0035171685756212445,0.275,0.0017585542600379819,0.0008627420035510187,200,1.0,False,0.0,0.17688854550049007
16213,SDSS,1092,4,0.2509,21.1343,0.200797,1.0,-9.0,-9.0,,False,False,True,0.00015827407860715285,-0.001604290731409243,-0.0005425316727922885,-0.0010617590586169544,0.003403921516980178,0.0035223599483497257,0.275,0.0017625648100163959,0.0008644800606528288,200,1.0,False,0.0,-0.008819283284537032
17552,SDSS,1093,4,0.25199,21.2168,0.205582,1.0,-9.0,-9.0,,False,False,True,0.00016288110097004052,-0.0016108926820629474,-0.0005459815121393123,-0.001064911169923635,0.003403921516980178,0.003536869169565223,0.275,0.0017737737830329878,0.0008693377074245545,200,1.0,False,0.0,0.0630673186283746
9032,SDSS,1095,4,0.2526,21.1536,0.257739,1.0,-9.0,-9.0,,False,False,True,0.00016545934284284931,-0.0016145873516948371,-0.0005479121561775548,-0.001066675195517282,0.003403921516980178,0.0035449890089610525,0.275,0.0017800466945376864,0.0008720562069940522,200,1.0,False,0.0,-0.0060537503851624975
17464,SDSS,1097,4,0.25358,20.7773,0.261432,1.0,-9.0,-9.0,,False,False,True,0.00016960143634342755,-0.0016205230504477094,-0.0005510138465996498,-0.0010695092038480595,0.003403921516980178,0.0035580339968428777,0.275,0.001790124486791137,0.0008764236325319341,200,1.0,False,0.0,-0.3918386208444166
5736,SDSS,1098,4,0.25407,21.2016,0.165575,1.0,-9.0,-9.0,,False,False,True,0.00017167248309371653,-0.0016234908998241455,-0.0005525646918106973,-0.001070926208013448,0.003403921516980178,0.003564556490783788,0.275,0.0017951633829178621,0.0008786073453008751,200,1.0,False,0.0,0.02773166559795918
1112,SDSS,1100,4,0.2562,21.3063,0.27033,1.0,-9.0,-9.0,,False,False,True,0.00018067519651844213,-0.001636391959358449,-0.0005593061209934135,-0.0010770858383650354,0.003403921516980178,0.003592909372608568,0.275,0.0018170671558768912,0.0008880998110107608,200,1.0,False,0.0,0.11196955711929939
17340,SDSS,1101,4,0.25637,21.1199,0.205546,1.0,-9.0,-9.0,,False,False,True,0.00018139372294201177,-0.0016374216213870085,-0.0005598441693319402,-0.0010775774520550682,0.003403921516980178,0.0035951722786697017,0.275,0.0018188153443290203,0.0008888574256448832,200,1.0,False,0.0,-0.0760567740733888
9457,SDSS,1102,4,0.25683,21.2493,0.250287,1.0,-9.0,-9.0,,False,False,True,0.00018333797091167094,-0.0016402077656995809,-0.0005613000648361888,-0.0010789077008633923,0.003403921516980178,0.0036012954362468846,0.275,0.0018235457366112518,0.0008909074417136849,200,1.0,False,0.0,0.04894756628700585
19207,SDSS,1103,4,0.25731,21.3246,0.248499,1.0,-9.0,-9.0,,False,False,True,0.00018536675140174986,-0.0016431150467213957,-0.0005628192601449698,-0.001080295786576426,0.003403921516980178,0.003607684818066553,0.275,0.0018284817981231456,0.0008930465889159126,200,1.0,False,0.0,0.11966855594068541
18325,SDSS,1104,4,0.25736,21.2411,0.191714,1.0,-9.0,-9.0,,False,False,True,0.00018557808270279973,-0.0016434178884945014,-0.0005629775096563012,-0.0010804403788382002,0.003403921516980178,0.003608350378672768,0.275,0.0018289959711973011,0.000893269416749478,200,1.0,False,0.0,0.035692030616837164
8046,SDSS,1105,4,0.25772,21.3558,0.223687,1.0,-9.0,-9.0,,False,False,True,0.00018709966807035913,-0.001645598349260863,-0.000564116906137887,-0.0010814814431229756,0.003403921516980178,0.0036131424150375206,0.275,0.001832698017331222,0.0008948737771511489,200,1.0,False,0.0,0.14696357646332905
6108,SDSS,1106,4,0.25813,21.275,0.229632,1.0,-9.0,-9.0,,False,False,True,0.0001888325847389684,-0.0016480816518003299,-0.0005654145521308043,-0.0010826670996695255,0.003403921516980178,0.003618600012008488,0.275,0.0018369142365392982,0.0008967009653863854,200,1.0,False,0.0,0.06226434453542588
12972,SDSS,1112,4,0.25948,21.2708,0.232277,1.0,-9.0,-9.0,,False,False,True,0.00019453852986731554,-0.0016562583796741839,-0.0005696872889367511,-0.0010865710907374327,0.003403921516980178,0.0036365701483763056,0.275,0.0018507969095414994,0.0009027173168926508,200,1.0,False,0.0,0.04526581002830192
15440,SDSS,1116,4,0.26141,21.194,0.205762,1.0,-9.0,-9.0,,False,False,True,0.00020269591808784164,-0.0016679480721160647,-0.0005757957200741417,-0.0010921523520419226,0.003403921516980178,0.0036622607877762237,0.275,0.0018706439902039062,0.0009113184712682751,200,1.0,False,0.0,-0.04972469831468991
2017,SDSS,1118,4,0.26172,21.4344,0.25753,1.0,-9.0,-9.0,,False,False,True,0.00020400617215435114,-0.0016698256911093202,-0.0005767768670443963,-0.0010930488240649238,0.003403921516980178,0.003666387263534761,0.275,0.0018738318632636713,0.0009127000038363807,200,1.0,False,0.0,0.187765105967217
19702,SDSS,1119,4,0.26173,21.428,0.231725,1.0,-9.0,-9.0,,False,False,True,0.00020404843841456121,-0.0016698862594639414,-0.0005768085169466627,-0.0010930777425172788,0.003403921516980178,0.0036665203756560036,0.275,0.0018739346978785027,0.000912744569403094,200,1.0,False,0.0,0.18127128182656896
1253,SDSS,1120,4,0.26175,21.139,0.224408,1.0,-9.0,-9.0,,False,False,True,0.00020413297093498095,-0.0016700073961731835,-0.0005768718167511953,-0.0010931355794219883,0.003403921516980178,0.0036667865998984894,0.275,0.0018741403671081644,0.0009128337005365199,200,1.0,False,0.0,-0.10791635649920912
13655,SDSS,1121,4,0.26184,21.4405,0.247658,1.0,-9.0,-9.0,,False,False,True,0.00020451336727687094,-0.0016705525113647742,-0.0005771566658715918,-0.0010933958454931822,0.003403921516980178,0.0036679846089896777,0.275,0.001875065878641645,0.0009132347906369377,200,1.0,False,0.0,0.1927394352524461
18945,SDSS,1122,4,0.262,21.4686,0.215206,1.0,-9.0,-9.0,,False,False,True,0.00020518962744023062,-0.0016715216050387123,-0.0005776630643078522,-0.0010938585407308601,0.003403921516980178,0.0036701144029295672,0.275,0.0018767112324789429,0.0009139478397043471,200,1.0,False,0.0,0.21933928365368963
13956,SDSS,1123,4,0.26303,22.0111,0.513925,1.0,-9.0,-9.0,,False,False,True,0.00020954305224185838,-0.0016777601455646898,-0.0005809230042412781,-0.0010968371413234118,0.003403921516980178,0.0036838249514176058,0.275,0.0018873031978065482,0.000918538093075794,200,1.0,False,0.0,0.7522023119480794
12983,SDSS,1128,4,0.26408,21.3812,0.380088,1.0,-9.0,-9.0,,False,False,True,0.00021398100956390625,-0.0016841198227999098,-0.000584246243979237,-0.001099873578820673,0.003403921516980178,0.0036978017241481313,0.275,0.0018981008323638161,0.0009232174775806673,200,1.0,False,0.0,0.11251410681621814
2943,SDSS,1129,4,0.26419,21.2544,0.236921,1.0,-9.0,-9.0,,False,False,True,0.00021444593842621609,-0.0016847860747007427,-0.0005845943929041659,-0.0011001916817965766,0.003403921516980178,0.0036992659574818063,0.275,0.0018992320131269588,0.0009237076988145112,200,1.0,False,0.0,-0.015309238403857743
13099,SDSS,1131,4,0.26463,21.4189,0.255049,1.0,-9.0,-9.0,,False,False,True,0.0002163056538754552,-0.0016874510823040728,-0.000585986988603882,-0.001101464093700191,0.003403921516980178,0.003705122890816502,0.275,0.001903756736179528,0.0009256685837498867,200,1.0,False,0.0,0.14510132111783938
2422,SDSS,1132,4,0.26582,21.3557,0.218063,1.0,-9.0,-9.0,,False,False,True,0.00022133533884044292,-0.001694658716503989,-0.0005897533269735686,-0.0011049053895304205,0.003403921516980178,0.0037209632332444315,0.275,0.001915994055344432,0.0009309718861887432,200,1.0,False,0.0,0.07087269361620678
6315,SDSS,1133,4,0.26583,21.0714,0.204333,1.0,-9.0,-9.0,,False,False,True,0.00022137760510065288,-0.0016947192848586101,-0.0005897849768758349,-0.0011049343079827753,0.003403921516980178,0.0037210963453656754,0.275,0.0019160968899592631,0.0009310164517554563,200,1.0,False,0.0,-0.21351979013218078
18463,SDSS,1135,4,0.267,21.2933,0.203116,1.0,-9.0,-9.0,,False,False,True,0.00022632275754522056,-0.0017018057823492841,-0.0005934880154409889,-0.0011083177669082953,0.003403921516980178,0.0037366704635511177,0.275,0.0019281285398945046,0.0009362306230608867,200,1.0,False,0.0,-0.0024182203338502677
14298,SDSS,1140,4,0.26887,21.3509,0.215471,1.0,-9.0,-9.0,,False,False,True,0.0002342265482044868,-0.001713132064663438,-0.000599406547164782,-0.001113725517498656,0.003403921516980178,0.0037615624302235772,0.275,0.0019473586128679248,0.0009445643840362325,200,1.0,False,0.0,0.03801336310569163
19002,SDSS,1142,4,0.27021,21.2559,0.16264,1.0,-9.0,-9.0,,False,False,True,0.00023989022707262417,-0.0017212482241826714,-0.0006036476340684628,-0.0011176005901142086,0.003403921516980178,0.003779399454470153,0.275,0.0019611384512552956,0.0009505361699757852,200,1.0,False,0.0,-0.06922129368935166
15356,SDSS,1147,4,0.27351,21.2191,0.206932,1.0,-9.0,-9.0,,False,False,True,0.00025383809294191745,-0.0017412357812076487,-0.0006140921018163328,-0.0011271436793913157,0.003403921516980178,0.0038233264544803767,0.275,0.001995073874149566,0.0009652428069911012,200,1.0,False,0.0,-0.1359136218587755
20227,SDSS,1151,4,0.27585,21.4101,0.211862,1.0,-9.0,-9.0,,False,False,True,0.0002648714889569911,-0.001756558351375601,-0.0006198509483296873,-0.0011367074030459135,0.003403921516980178,0.00385695967330215,0.275,0.002021429840332592,0.0009765248104172169,200,1.0,False,0.0,0.03409160837702267
19051,SDSS,1152,4,0.27631,21.4219,0.178025,1.0,-9.0,-9.0,,False,False,True,0.00026743435094774655,-0.0017599666187303365,-0.000620415401382408,-0.0011395512173479282,0.003403921516980178,0.003864427644911578,0.275,0.002027400969678083,0.0009790368076330982,200,1.0,False,0.0,0.041783826964217716
4000,SDSS,1153,4,0.27668,21.5974,0.270893,1.0,-9.0,-9.0,,False,False,True,0.00026949578341857136,-0.0017627080511678406,-0.0006208694179682919,-0.0011418386331995486,0.003403921516980178,0.0038704344916408997,0.275,0.002032203834586412,0.0009810573271328284,200,1.0,False,0.0,0.2139843323233324
4046,SDSS,1154,4,0.27776,21.3656,0.243246,1.0,-9.0,-9.0,,False,False,True,0.0002755129376577361,-0.001770710070174611,-0.0006221946555703319,-0.0011485154146042792,0.003403921516980178,0.0038879679902021668,0.275,0.002046223007832347,0.0009869550597266365,200,1.0,False,0.0,-0.027423320655929968
5957,SDSS,1156,4,0.27935,21.4507,0.162102,1.0,-9.0,-9.0,,False,False,True,0.00028437152584317283,-0.0017824908203790222,-0.0006241456998177792,-0.0011583451205612427,0.003403921516980178,0.003913781196417364,0.275,0.002066862346222195,0.0009956378327119642,200,1.0,False,0.0,0.04359481252740331
6196,SDSS,1157,4,0.2799,21.2526,0.197483,1.0,-9.0,-9.0,,False,False,True,0.0002874358173538584,-0.0017865659226509883,-0.0006248205893373366,-0.0011617453333136515,0.003403921516980178,0.003922710292906898,0.275,0.0020740017400048467,0.000998641307643996,200,1.0,False,0.0,-0.15935900958111923
18485,SDSS,1160,4,0.28132,21.3694,0.172665,1.0,-9.0,-9.0,,False,False,True,0.000295347260890538,-0.0017970870957895193,-0.0006265630313696483,-0.001170524064419871,0.003403921516980178,0.0039457635965707855,0.275,0.0020924343566800572,0.0010063957338321506,200,1.0,False,0.0,-0.0550499985863437
15584,SDSS,1163,4,0.28344,21.4066,0.18239,1.0,-9.0,-9.0,,False,False,True,0.0003071587118044538,-0.0018127947627287345,-0.0006291644236995782,-0.001183630339029156,0.003403921516980178,0.003980181204857715,0.275,0.0021199534745331883,0.0010179727644792549,200,1.0,False,0.0,-0.03639035095237993
14261,SDSS,1165,4,0.28446,21.2901,0.184598,1.0,-9.0,-9.0,,False,False,True,0.0003128415796969979,-0.001820352225124017,-0.0006304160369903936,-0.0011899361881336232,0.003403921516980178,0.003996740620165577,0.275,0.0021331938048210148,0.0010235428452622952,200,1.0,False,0.0,-0.16176502380298438
16072,SDSS,1166,4,0.28446,21.4389,0.205322,1.0,-9.0,-9.0,,False,False,True,0.0003128415796969979,-0.001820352225124017,-0.0006304160369903936,-0.0011899361881336232,0.003403921516980178,0.003996740620165577,0.275,0.0021331938048210148,0.0010235428452622952,200,1.0,False,0.0,-0.012965023802982993
17791,SDSS,1167,4,0.28478,21.8605,0.350286,1.0,-9.0,-9.0,,False,False,True,0.00031462444021230585,-0.0018227231937186154,-0.0006308086999835906,-0.0011919144937350247,0.003403921516980178,0.0040019357308503966,0.275,0.002137347633930921,0.0010252903215863863,200,1.0,False,0.0,0.4058568338053031
20040,SDSS,1170,4,0.28665,21.3859,0.215826,1.0,-9.0,-9.0,,False,False,True,0.00032504303134863735,-0.0018365785414433005,-0.0006331033243500854,-0.0012034752170932152,0.003403921516980178,0.004032294658914811,0.275,0.002161621572791938,0.0010355021363552942,200,1.0,False,0.0,-0.08492039361852029
20245,SDSS,1171,4,0.28734,21.3161,0.248937,1.0,-9.0,-9.0,,False,False,True,0.0003288873243347701,-0.0018416909424754035,-0.0006339500039291663,-0.001207740938546237,0.003403921516980178,0.004043496616328953,0.275,0.0021705782668101736,0.0010392701321791157,200,1.0,False,0.0,-0.16066487166858232
17809,SDSS,1172,4,0.28758,21.2849,0.237355,1.0,-9.0,-9.0,,False,False,True,0.00033022446972125126,-0.0018434691689213523,-0.000634244501174064,-0.001209224667747288,0.003403921516980178,0.004047392949342568,0.275,0.0021736936386426036,0.0010405807394221842,200,1.0,False,0.0,-0.19392941977854414
19128,SDSS,1173,4,0.28775,21.6223,0.225614,1.0,-9.0,-9.0,,False,False,True,0.00033117161437000865,-0.0018447287459872328,-0.0006344531033892001,-0.0012102756425980328,0.003403921516980178,0.004050152851893879,0.275,0.0021759003603572416,0.0010415090862193575,200,1.0,False,0.0,0.14200915654427695
2165,SDSS,1177,4,0.28894,21.6903,0.22442,1.0,-9.0,-9.0,,False,False,True,0.0003378016269113102,-0.0018535457854483958,-0.0006359133188951513,-0.0012176324665532446,0.003403921516980178,0.00406947216975305,0.275,0.002191347412359706,0.0010480075137995716,200,1.0,False,0.0,0.19980150791162024
2789,SDSS,1178,4,0.28901,21.4898,0.226897,1.0,-9.0,-9.0,,False,False,True,0.00033819162764903393,-0.0018540644348284641,-0.0006359992139249131,-0.001218065220903551,0.003403921516980178,0.004070608600215355,0.275,0.002192256062477498,0.0010483897742454664,200,1.0,False,0.0,-0.001297729628432403
19596,SDSS,1184,4,0.29045,21.5331,0.229265,1.0,-9.0,-9.0,,False,False,True,0.00034621449996792,-0.0018647337935041577,-0.0006377661973942994,-0.001226967596109858,0.003403921516980178,0.004093986598297044,0.275,0.0022109482934720777,0.0010562534177038767,200,1.0,False,0.0,0.029704808434126522
19027,SDSS,1185,4,0.29123,21.231,0.217476,1.0,-9.0,-9.0,,False,False,True,0.0003505602224739834,-0.0018705130294534912,-0.000638723313440217,-0.0012317897160132741,0.003403921516980178,0.004106649680591291,0.275,0.0022210732519274746,0.0010605128912438491,200,1.0,False,0.0,-0.2790327762750974
12841,SDSS,1188,4,0.29215,21.4975,0.482974,1.0,-9.0,-9.0,,False,False,True,0.00035568594645549417,-0.0018773295641629623,-0.0006398522195456583,-0.0012374773446173037,0.003403921516980178,0.004121585623810148,0.275,0.0022330155106184565,0.0010655368856756114,200,1.0,False,0.0,-0.020340607124167815
21006,SDSS,1190,4,0.29251,21.3848,0.227227,1.0,-9.0,-9.0,,False,False,True,0.0003576916645352156,-0.0018799969038318855,-0.0006402939654130051,-0.0012397029384188804,0.003403921516980178,0.004127430123330569,0.275,0.002237688568367101,0.0010675027965402137,200,1.0,False,0.0,-0.13608965225141653
6249,SDSS,1194,4,0.29365,21.604,0.203047,1.0,-9.0,-9.0,,False,False,True,0.00036404310512100065,-0.0018884434794501433,-0.0006416928273262694,-0.0012467506521238734,0.003403921516980178,0.0041459377051452405,0.275,0.002252486584571144,0.0010737281809447886,200,1.0,False,0.0,0.07347789850015567
19794,SDSS,1196,4,0.2958,21.7679,0.306727,1.0,-9.0,-9.0,,False,False,True,0.0003760216992082264,-0.0019043734246951016,-0.0006443310318118115,-0.00126004239288329,0.003403921516980178,0.004180842355058872,0.275,0.002280395123903328,0.001085469037497276,200,1.0,False,0.0,0.2193052499133055
1119,SDSS,1198,4,0.29647,21.7408,0.365057,1.0,-9.0,-9.0,,False,False,True,0.0003797545634121525,-0.0019093376401900421,-0.0006451531699538177,-0.0012641844702362243,0.003403921516980178,0.004191719618055213,0.275,0.0022890922036021945,0.001089127816050842,200,1.0,False,0.0,0.18659815150584527
13610,SDSS,1199,4,0.29692,21.4065,0.200814,1.0,-9.0,-9.0,,False,False,True,0.0003822617110118045,-0.001912671814776196,-0.0006457053522880009,-0.0012669664624881953,0.003403921516980178,0.004199025242455741,0.275,0.0022949335257880007,0.0010915852046315955,200,1.0,False,0.0,-0.15146122998582265
6137,SDSS,1203,4,0.29893,21.6665,0.253616,1.0,-9.0,-9.0,,False,False,True,0.00039346030362358286,-0.0019275644612610178,-0.0006481717667140194,-0.0012793926945469983,0.003403921516980178,0.004231657031444762,0.275,0.0023210247648846006,0.0011025615402922928,200,1.0,False,0.0,0.09181098762070143
10550,SDSS,1204,4,0.29933,21.7583,0.340612,1.0,-9.0,-9.0,,False,False,True,0.00039568887926771793,-0.0019305281720042658,-0.0006486625954555155,-0.0012818655765487502,0.003403921516980178,0.004238150919800788,0.275,0.002326217051271984,0.0011047458856974068,200,1.0,False,0.0,0.18029450019998897
14735,SDSS,1206,4,0.29947,21.4805,0.184499,1.0,-9.0,-9.0,,False,False,True,0.00039646888074316533,-0.001931565470764403,-0.0006488343855150394,-0.0012827310852493636,0.003403921516980178,0.004240423780725397,0.275,0.0023280343515075684,0.0011055104065891969,200,1.0,False,0.0,-0.09866530134836445
5391,SDSS,1208,4,0.3003,21.6265,0.245709,1.0,-9.0,-9.0,,False,False,True,0.0004010931752047455,-0.001937715170556643,-0.000649852855153644,-0.0012878623154029987,0.006268942820618768,0.004253898599064147,0.32500000000000007,0.0023388083457613887,0.0011100429233048084,200,1.0,False,0.0,0.010160158712831789
7143,SDSS,1215,4,0.30365,21.8248,0.195672,1.0,-9.0,-9.0,,False,False,True,0.0004197574962243763,-0.0019625362480313454,-0.0006539635458636748,-0.0013085727021676706,0.006268942820618768,0.004308284914045852,0.32500000000000007,0.002382293744255722,0.0011283368160726376,200,1.0,False,0.0,0.1809266256036107
19818,SDSS,1217,4,0.30406,21.4522,0.180508,1.0,-9.0,-9.0,,False,False,True,0.0004220417862596148,-0.001965574051543175,-0.0006544666453237083,-0.0013111074062194664,0.006268942820618768,0.004314941149610777,0.32500000000000007,0.00238761583780279,0.0011305757701128795,200,1.0,False,0.0,-0.19502381686247397
12883,SDSS,1220,4,0.30526,21.3394,0.30552,1.0,-9.0,-9.0,,False,False,True,0.0004287275131920198,-0.001974465183772919,-0.0006559391315481972,-0.0013185260522247221,0.006268942820618768,0.0043344228146788505,0.32500000000000007,0.002403192696964939,0.0011371288063282213,200,1.0,False,0.0,-0.3176060133239393
5966,SDSS,1228,4,0.30834,21.7003,0.252626,1.0,-9.0,-9.0,,False,False,True,0.0004458875456518597,-0.0019972857564959307,-0.000659718512857718,-0.0013375672436382118,0.006268942820618768,0.004384425755020239,0.32500000000000007,0.00244317330214779,0.001153948265947599,200,1.0,False,0.0,0.018348347688483445
6699,SDSS,1230,4,0.30922,21.793,0.24918,1.0,-9.0,-9.0,,False,False,True,0.0004507904120689567,-0.002003805920131076,-0.0006607983360890096,-0.0013430075840420658,0.006268942820618768,0.004398712309403493,0.32500000000000007,0.0024545963322000325,0.0011587538258388498,200,1.0,False,0.0,0.10396338834374638
5844,SDSS,1231,4,0.30938,21.7227,0.269028,1.0,-9.0,-9.0,,False,False,True,0.0004516818423266108,-0.0020049914044283747,-0.0006609946675856081,-0.0013439967368427668,0.006268942820618768,0.004401309864745903,0.32500000000000007,0.0024566732467549857,0.0011596275640008953,200,1.0,False,0.0,0.03237721964400427
16211,SDSS,1232,4,0.30949,21.7647,0.299213,1.0,-9.0,-9.0,,False,False,True,0.00045229470062874784,-0.002005806424882768,-0.0006611296454895197,-0.0013446767793932485,0.006268942820618768,0.00440309568404381,0.32500000000000007,0.002458101125511516,0.0011602282589873014,200,1.0,False,0.0,0.07349333580479786
21042,SDSS,1233,4,0.30962,21.467,0.255756,1.0,-9.0,-9.0,,False,False,True,0.0004530189877130919,-0.0020067696308743244,-0.0006612891648305059,-0.001345480466043818,0.006268942820618768,0.004405206197759517,0.32500000000000007,0.002459788618587416,0.0011609381712439637,200,1.0,False,0.0,-0.22525087931773094
15213,SDSS,1235,4,0.31061,21.7432,0.219739,1.0,-9.0,-9.0,,False,False,True,0.000458534712432326,-0.0020141048149638634,-0.000662503965965709,-0.0013516008489981538,0.006268942820618768,0.0044212785714406785,0.32500000000000007,0.0024726395273961892,0.0011663444261216206,200,1.0,False,0.0,0.043010309400546363
20142,SDSS,1242,4,0.3127,21.3709,0.204424,1.0,-9.0,-9.0,,False,False,True,0.00047017902017293145,-0.0020295902035973347,-0.0006650685461400266,-0.0013645216574573074,0.006268942820618768,0.004455209138100906,0.32500000000000007,0.002499769223770266,0.001177757630863341,200,1.0,False,0.0,-0.3459727639493874
19632,SDSS,1245,4,0.31387,21.7698,0.212727,1.0,-9.0,-9.0,,False,False,True,0.00047669760393202645,-0.0020382590575213355,-0.0006665042202089033,-0.0013717548373124318,0.006268942820618768,0.0044742037615422775,0.32500000000000007,0.0025149566614533618,0.0011841468411732995,200,1.0,False,0.0,0.04363292441041685
15383,SDSS,1247,4,0.31506,21.7664,0.226199,1.0,-9.0,-9.0,,False,False,True,0.00048332761647332836,-0.0020470760969824985,-0.0006679644357148544,-0.0013791116612676439,0.006268942820618768,0.00449352307940145,0.32500000000000007,0.002530403713455827,0.0011906452687535135,200,1.0,False,0.0,0.030812581329484688
6649,SDSS,1248,4,0.3152,21.6307,0.218301,1.0,-9.0,-9.0,,False,False,True,0.0004841076179487755,-0.0020481133957426356,-0.0006681362257743782,-0.0013799771699682568,0.006268942820618768,0.0044957959403260596,0.32500000000000007,0.002532221013691411,0.0011914097896453032,200,1.0,False,0.0,-0.10599352767702933
15776,SDSS,1250,4,0.31593,21.68,0.226031,1.0,-9.0,-9.0,,False,False,True,0.000488174768499322,-0.002053522167849063,-0.0006690319882276087,-0.0013844901796214542,0.006268942820618768,0.004507647286575805,0.32500000000000007,0.002541696936348385,0.0011953962200096364,200,1.0,False,0.0,-0.062453736787180615
6100,SDSS,1251,4,0.31623,21.9449,0.272758,1.0,-9.0,-9.0,,False,False,True,0.0004898462002324234,-0.0020557449509064993,-0.0006694001097837309,-0.001386344841122768,0.006268942820618768,0.004512517702842823,0.32500000000000007,0.002545591151138923,0.001197034479063472,200,1.0,False,0.0,0.20008262608256863
7475,SDSS,1264,4,0.32276,21.6786,0.210177,1.0,-9.0,-9.0,,False,False,True,0.0005262276976229278,-0.002104127528790025,-0.0006774128889886567,-0.0014267146398013679,0.006268942820618768,0.004618530430254923,0.32500000000000007,0.002630355226412953,0.0012326939178019572,200,1.0,False,0.0,-0.11715805549597072
18617,SDSS,1268,4,0.3258,21.9109,0.269927,1.0,-9.0,-9.0,,False,False,True,0.0005431693456936337,-0.002125524809090531,-0.0006813275273760404,-0.0014441972817144902,0.006268942820618768,0.00466499204687919,0.32500000000000007,0.0026686941547841648,0.001251595791019005,200,1.0,False,0.0,0.0917516372941943
14456,SDSS,1271,4,0.32804,21.7472,0.169699,1.0,-9.0,-9.0,,False,False,True,0.0005556618941915735,-0.0021389662094778174,-0.0006845923201940541,-0.001454373889283763,0.006268942820618768,0.004693260404004675,0.32500000000000007,0.002694628103669391,0.0012702705000745536,200,1.0,False,0.0,-0.08905433431042234
6924,SDSS,1277,4,0.32871,21.6746,0.220549,1.0,-9.0,-9.0,,False,False,True,0.0005593985046797967,-0.002142986628343658,-0.0006855688430458709,-0.0014574177852977868,0.006268942820618768,0.004701715671537744,0.32500000000000007,0.0027023851330234545,0.0012758562389438473,200,1.0,False,0.0,-0.1667498348156972
13934,SDSS,1279,4,0.32941,22.1579,0.309396,1.0,-9.0,-9.0,,False,False,True,0.0005633024260854026,-0.0021471870659646847,-0.0006865890908015001,-0.0014605979751631843,0.006268942820618768,0.004710549533139459,0.32500000000000007,0.0027104894920500873,0.0012816920855237058,200,1.0,False,0.0,0.31123677355825624
13830,SDSS,1282,4,0.32995,21.5914,0.208068,1.0,-9.0,-9.0,,False,False,True,0.0005663140225982989,-0.002150427403558049,-0.0006873761390701286,-0.0014630512644879198,0.006268942820618768,0.004717364226375067,0.32500000000000007,0.0027167414261563476,0.0012861940243138828,200,1.0,False,0.0,-0.259354987319885
4241,SDSS,1285,4,0.33063,21.9159,0.229507,1.0,-9.0,-9.0,,False,False,True,0.0005701064033923161,-0.0021545078286756177,-0.0006883672368898827,-0.0014661405917857347,0.006268942820618768,0.004725945691931018,0.32500000000000007,0.0027246142320679336,0.0012918631324200312,200,1.0,False,0.0,0.060001239714008024
20106,SDSS,1290,4,0.33147,21.9805,0.284201,1.0,-9.0,-9.0,,False,False,True,0.0005747911090790435,-0.00215954835382085,-0.000689591534196638,-0.0014699568196242117,0.006268942820618768,0.004736546325853075,0.32500000000000007,0.0027343394628998935,0.0012988661483158618,200,1.0,False,0.0,0.11826067984509656
16093,SDSS,1297,4,0.3345,21.8674,0.234169,1.0,-9.0,-9.0,,False,False,True,0.0005916895117347388,-0.0021777302480947246,-0.000694007749481719,-0.0014837224986130049,0.006268942820618768,0.00477478432678621,0.32500000000000007,0.002769419759829463,0.0013241270270829657,200,1.0,False,0.0,-0.01758760593106993
2533,SDSS,1310,4,0.34111,21.8111,0.25367,1.0,-9.0,-9.0,,False,False,True,0.0006285536838648198,-0.002217394380487565,-0.0007036418032884473,-0.0015137525771991174,0.006268942820618768,0.004858201219910967,0.32500000000000007,0.002845948064352385,0.0013792340926442046,200,1.0,False,0.0,-0.12285809855098542
20186,SDSS,1327,4,0.34968,22.2343,0.286414,1.0,-9.0,-9.0,,False,False,True,0.0006763488359305975,-0.0022688197382192813,-0.0007161325508109376,-0.0015526871874083433,0.006268942820618768,0.004966352925520523,0.32500000000000007,0.002945168574149879,0.0014506815286290482,200,1.0,False,0.0,0.23814364785056305
1688,SDSS,1335,4,0.35774,22.1044,0.290713,1.0,-9.0,-9.0,,False,False,True,0.0007212997024008626,-0.0023171847771128206,-0.0007278799749686122,-0.0015893048021442084,0.009445866713935828,0.005068068531963118,0.3750000000000001,0.0030384844795136833,0.0015178771335342804,200,1.0,False,0.0,0.08154729970926418
15704,SDSS,1356,4,0.36962,22.1968,0.242857,1.0,-9.0,-9.0,,False,False,True,0.0007875548256845781,-0.002388472204166822,-0.0007451950368784355,-0.0016432771672883865,0.009445866713935828,0.005217991783146494,0.3750000000000001,0.0031760270298514,0.0016169197869181707,200,1.0,False,0.0,0.09175094001706093
18091,SDSS,1357,4,0.36987,21.9655,0.253612,1.0,-9.0,-9.0,,False,False,True,0.0007889490833294372,-0.0023899723604600457,-0.0007455594110768745,-0.0016444129493831709,0.009445866713935828,0.005221146733718535,0.3750000000000001,0.003178921443789483,0.0016190040178395485,200,1.0,False,0.0,-0.14125230209565837
13136,SDSS,1361,4,0.37057,22.3865,0.255207,1.0,-9.0,-9.0,,False,False,True,0.0007928530047350436,-0.002394172798081073,-0.000746579658832504,-0.001647593139248569,0.009445866713935828,0.00522998059532025,0.3750000000000001,0.0031870258028161166,0.001624839864419408,200,1.0,False,0.0,0.27498429847858935
16232,SDSS,1369,4,0.37436,22.2192,0.233228,1.0,-9.0,-9.0,,False,False,True,0.0008139899506311111,-0.002416915167486348,-0.0007521035716808397,-0.0016648115958055078,0.009445866713935828,0.005277809645992388,0.3750000000000001,0.003230905118117459,0.001656436805187501,200,1.0,False,0.0,0.08203803145156748
7779,SDSS,1373,4,0.37991,22.0429,0.218255,1.0,-9.0,-9.0,,False,False,True,0.0008470858073616995,-0.00244345766959054,-0.0007581833711533234,-0.0016852742984372166,0.009445866713935828,0.005330472313241725,0.3750000000000001,0.00329054347695224,0.0016944015720766707,200,1.0,False,0.0,-0.13138618780049066
000014,PS1MD,793,12,0.13614,19.7241,0.204855,1.0,35.878,-4.6363,,False,False,True,0.0021757949292169005,0.0017119696160974697,0.0018408129021421917,-0.00012884328604472207,0.000538546896134959,-0.0037417733330864286,0.125,0.00046382531311943073,0.0003056400700454104,497,1.0,False,0.947535052012664,0.03690047071641073
340229,PS1MD,807,12,0.14123,19.7877,0.210706,1.0,35.879,-2.8604,,False,False,True,0.0007533295867829925,0.00025724285786961646,-0.00032722874549403135,0.0005844716033636479,0.0024841857420196418,-0.000563050928042844,0.125,0.000496086728913376,0.0003346114999987043,497,1.0,False,0.0,0.014219835416461825
1317666,DES,808,12,0.14134,19.8707,0.259463,1.0,36.7711,-5.0031,,False,False,True,0.00047070882518313186,-2.6075105250349042e-05,-0.00030769220319608554,0.0002816170979457365,0.0003237078061598754,5.620690496103368e-05,0.125,0.0004967839304334809,0.0003352376016283433,497,1.0,False,0.9580008399832003,0.09538764976037567
1296657,DES,815,12,0.14638,19.9327,0.205643,1.0,36.2552,-6.2786,,False,False,True,0.004128935075662515,0.0036002066392169544,0.003752405785570394,-0.00015219914635343994,0.0032369389937731336,-0.007847069795181391,0.125,0.0005287284364455604,0.0003639244399318015,497,1.0,False,0.0,0.07484316987175871
000038,PS1MD,826,12,0.1505,19.8528,0.167881,1.0,35.0957,-4.6725,,False,False,True,0.002035489330068171,0.001480647527596863,0.001637644570729416,-0.00015699704313255284,0.004439774959664707,-0.003227596591262443,0.17500000000000004,0.0005548418024713079,0.0003873747918782791,497,1.0,False,0.9887029288702929,-0.050089317551993626
440042,PS1MD,840,12,0.15921,20.1737,0.282399,1.0,35.9021,-3.294,,False,False,True,3.690985842525374e-05,-0.0005731376280470881,-0.0003916752309357527,-0.00018146239711133542,0.00023824217893629945,0.0012504147591069434,0.17500000000000004,0.0006100474864723419,0.0004369506572796918,497,1.0,False,0.0,0.13765166946686927
310039,PS1MD,861,12,0.17169,20.2073,0.21301,1.0,36.2156,-3.3448,,False,False,True,0.00015186590397342083,-0.0005372822640526418,-0.00038149060233482867,-0.00015579166171781296,0.0006248017091701291,0.001173198820997663,0.17500000000000004,0.0006891481680260626,0.000507984733078731,497,1.0,False,0.0,-0.008129892882827712
330023,PS1MD,890,12,0.18078,20.4636,0.177112,1.0,35.7981,-2.7801,,False,False,True,0.0006958489886477687,-7.13334000933335e-05,-0.0004894734603785663,0.00041814006028523276,0.002389255361832698,0.00015615446542087408,0.17500000000000004,0.0007671823887411022,0.000569840762664396,497,1.0,False,0.0,0.12502079658410617
1298893,DES,934,12,0.19627,20.5867,0.253215,1.0,35.724,-6.2568,,False,False,True,0.0024338062357373885,0.0015137209497680863,-0.00019286469170064717,0.0017065856414687336,0.0022219985484891107,-0.0032924207509030558,0.17500000000000004,0.0009200852859693023,0.0006851208329165645,497,1.0,False,0.0,0.05097834475033715
1334620,DES,935,12,0.19635,20.6397,0.292175,1.0,35.7529,-6.2642,,False,False,True,0.001931900406126747,0.001011025434439029,-0.0004029695396229958,0.001413994974062025,0.0006805353395326664,-0.0021998786594165987,0.17500000000000004,0.0009208749716877179,0.0006857162109423988,497,1.0,False,0.0,0.1029982975079873
550154,PS1MD,973,12,0.21015,20.8949,0.146409,1.0,36.3556,-3.5962,,False,False,True,0.0008251244839516226,-0.0002319712741627682,6.927776612892318e-05,-0.0003012490402916912,0.0006808818380154652,0.0005154250989176708,0.22500000000000003,0.0010570957581143908,0.0007884189203988174,497,1.0,False,0.0,0.1880964844860708
1292560,DES,1015,12,0.22493,20.8596,0.158331,1.0,35.0558,-5.3611,,False,False,True,0.0015371880416405947,0.00033419784704894146,0.0007790682933830527,-0.0004448704463341113,0.0043199655578018345,-0.0007327647392342566,0.22500000000000003,0.0012029901945916533,0.0008984150106717063,497,1.0,False,0.8338068181818182,-0.011852065425518362
1336687,DES,1038,12,0.23391,20.9258,0.290889,1.0,35.6058,-6.1499,,False,False,True,0.0013086840997536095,-6.972130817684864e-06,0.0004174660228933989,-0.00042443815371108365,0.004495420245341034,6.445260979575512e-06,0.22500000000000003,0.0013156562305712944,0.0009843500970144132,497,1.0,False,0.0,-0.04085291265915442
1279500,DES,1041,12,0.23481,21.0254,0.165515,1.0,36.9257,-4.3149,,False,False,True,0.0010161452834540684,-0.00031082155933702654,-2.5378844482292417e-05,-0.000285442714854734,0.001758232092903152,0.0006856607631383106,0.22500000000000003,0.001326966842791095,0.000992977786970989,497,1.0,False,0.9629798903107861,0.049393437457496414
1317277,DES,1050,12,0.23721,20.9715,0.202153,1.0,35.9031,-5.4815,,False,False,True,0.0002772087823656904,-0.0010799196930115402,-0.0008179334794773243,-0.0002619862135342156,0.0005714226783306435,0.002361148611255655,0.22500000000000003,0.0013571284753772306,0.0010159849601885248,497,1.0,False,0.7526289434151227,-0.029288138714416875
1334645,DES,1076,12,0.24711,20.9453,0.134755,1.0,36.3796,-5.879,,False,False,True,0.004110810659022152,0.0026292654492271134,-0.00018718431032307102,0.002816449759550185,0.004774593071126824,-0.005723194164641309,0.22500000000000003,0.001481545209795039,0.00111088954971086,497,1.0,False,0.0,-0.15531608147774972
120585,PS1MD,1083,12,0.24909,21.0637,0.165166,1.0,35.7735,-3.6103,,False,False,True,0.00011396255760614641,-0.0013924659990724544,-0.0008268817645246025,-0.0005655842345478516,0.0009975212912648045,0.0030442134669519355,0.22500000000000003,0.0015064285566786008,0.0011298704676153274,497,1.0,False,0.0,-0.05643614090649135
000034,PS1MD,1096,12,0.2533,21.1158,0.154711,1.0,36.0664,-3.1865,,False,False,True,0.00037034375783385966,-0.0011889933293395872,-0.000818518070400687,-0.00037047525893889994,0.0012199202878542604,0.0026036277133240147,0.275,0.001559337087173447,0.0011702288839677546,497,1.0,False,0.0,-0.05063212632142729
1297026,DES,1108,12,0.25865,21.257,0.147331,1.0,35.821,-5.1821,,False,False,True,0.00032955397147766774,-0.0012970184216690387,-0.0007040862167427312,-0.0005929322049263074,0.0023834499713094068,0.002836749146726443,0.275,0.0016265723931467063,0.0012215157075985115,497,1.0,False,0.9970014992503748,0.039327217026071046
330022,PS1MD,1127,12,0.26397,21.0505,0.204064,1.0,35.3241,-2.9491,,False,False,True,0.010046551438260123,0.008353120759547483,0.009002542153167488,-0.0006494213936200045,0.016591719437078586,-0.018489949331229553,0.275,0.00169343067871264,0.0012725149415640491,497,1.0,False,0.0,-0.21716215328936792
1317286,DES,1161,12,0.28207,21.3456,0.164427,1.0,36.0079,-6.8106,,False,False,True,0.0007589620190985943,-0.0011826836691446263,-0.000801310380649588,-0.00038137328849503825,0.0016655445106409932,0.0025914877216157033,0.275,0.0019416456882432208,0.0014401848305288626,497,1.0,False,0.0,-0.08542382163017144
310238,PS1MD,1164,12,0.28405,21.3205,0.151751,1.0,35.5268,-3.2333,,False,False,True,0.0002443101022843596,-0.0017280289951165516,-0.0009233792183815194,-0.0008046497767350321,0.0006055079787396928,0.003784044038445419,0.275,0.001972339097400911,0.0014575295060117567,497,1.0,False,0.0,-0.12780129878460308
1334644,DES,1174,12,0.28814,21.4545,0.186062,1.0,35.1072,-5.7725,,False,False,True,0.006455201573011154,0.004419460433461278,0.005266511952114483,-0.0008470515186532054,0.0004612193809714922,-0.009750853697717068,0.275,0.0020357411395498758,0.0014933576488021785,497,1.0,False,0.010158472165786265,-0.029140504287133735
1313594,DES,1175,12,0.28844,21.496,0.135178,1.0,34.8329,-5.7894,,False,False,True,0.0028079626604505716,0.0007675710043616524,0.001187118525671869,-0.00041954752131021644,0.0016355158251541643,-0.0016422057125789445,0.275,0.002040391656088919,0.0014959856299359498,497,1.0,False,0.015157722244981565,0.009785687596079602
1334597,DES,1179,12,0.28905,21.4233,0.165869,1.0,35.8313,-4.0678,,False,False,True,0.002937986544586487,0.0008881388382015118,0.0013452790293626846,-0.0004571401911611724,0.0027602854797448835,-0.0019289992015101287,0.275,0.0020498477063849753,0.0015013291915746193,497,1.0,False,0.44501278772378516,-0.06814009077295587
570056,PS1MD,1183,12,0.29008,21.4768,0.232933,1.0,37.0067,-3.495,,False,False,True,0.0018574480301833032,-0.00020836644965238973,0.0006446130169943823,-0.0008529794666467718,0.0015904817481382073,0.0004828291537636101,0.275,0.002065814479835693,0.001510351926800569,497,1.0,False,0.0,-0.02344082284846301
1303004,DES,1195,12,0.29504,21.509,0.171668,1.0,35.2946,-6.4631,,False,False,True,0.0014649653890937133,-0.0006777376308541722,0.00022957618967183553,-0.0009073138205260078,0.0023608375752318736,0.0014987619438612447,0.275,0.0021427030199478855,0.0015538012148789296,497,1.0,False,0.0,-0.03322021243654212
1293319,DES,1200,12,0.29695,21.4975,0.208762,1.0,36.0024,-6.4977,,False,False,True,0.00031073903290909486,-0.0018615722756707028,-0.0009791659342044089,-0.000882406341466294,0.0024388119965864964,0.0040751788118002065,0.275,0.0021723113085797977,0.001570532694763943,497,1.0,False,0.0,-0.060711667881839085
1339002,DES,1213,12,0.30304,21.5674,0.273372,1.0,35.8305,-6.5263,,False,False,True,0.0025992220442850253,0.00033250524996263726,0.001284561660081934,-0.0009520564101192973,0.0029762586683874455,-0.0006950875085900213,0.32500000000000007,0.002266716794322388,0.0016238807117795098,497,1.0,False,0.0,-0.07148081192083958
1287626,DES,1216,12,0.30404,21.466,0.220442,1.0,35.9318,-5.9612,,False,False,True,0.0005016199143666685,-0.0017805986017525328,-0.0009573465182607145,-0.0008232520834918183,0.0027290055401402395,0.0039014667852399565,0.32500000000000007,0.002282218516119201,0.0016326406488920823,497,1.0,False,0.0,-0.18106047769317649
1259412,DES,1219,12,0.30486,21.6488,0.137489,1.0,36.3454,-5.3241,,False,False,True,0.0010140523649953019,-0.0012808775629972865,-0.0008844782102421506,-0.00039639935275513605,0.0029308174989815883,0.0028150874374068794,0.32500000000000007,0.0022949299279925884,0.0016398237973243922,497,1.0,False,0.8994881340158213,-0.004949242356670082
1300516,DES,1234,12,0.31052,21.3667,0.335336,1.0,34.5464,-5.0101,,False,False,True,0.00036959756607201,-0.0020130721072905396,-0.0009772593191334077,-0.0010358127881571323,0.0017087334445602324,0.004414705214675873,0.32500000000000007,0.0023826696733625498,0.0016894050413815533,497,1.0,False,0.8908400569530137,-0.33276894917282757
1337838,DES,1239,12,0.31203,21.6973,0.158158,1.0,35.496,-6.4982,,False,False,True,0.0010688393746319182,-0.0013372378986438184,-0.0003010888338644132,-0.0010361490647794052,0.002558324875103676,0.002942102610940291,0.32500000000000007,0.0024060772732757366,0.0017026325464215373,497,1.0,False,0.0,-0.014235872757720015
1294743,DES,1241,12,0.31267,21.7822,0.278167,1.0,36.1025,-4.6749,,False,False,True,0.006743057759047743,0.0043270593838220465,0.005333202317858821,-0.0010061429340367748,0.008824443176704342,-0.009471291617835303,0.32500000000000007,0.0024159983752256972,0.001708238906173584,497,1.0,False,0.9715617715617716,0.06556597482769141
1283878,DES,1243,12,0.31296,21.7665,0.2017,1.0,37.1332,-4.0413,,False,False,True,0.0038414195180575023,0.0014209256435107295,-0.0007571276366750203,0.002178053280185749,0.005527624979577443,-0.0030885070855582696,0.32500000000000007,0.002420493874546773,0.0017107792879362301,497,1.0,False,0.4583145561063542,0.0475590544435068
1341894,DES,1244,12,0.31303,21.7531,0.174721,1.0,35.3025,-4.6502,,False,False,True,0.012147523175293546,0.009725944180220996,0.009914636961790409,-0.00018869278156941462,0.01394332447758453,-0.021434567980249133,0.32500000000000007,0.0024215789950725493,0.0017113924835341098,497,1.0,False,0.9549514563106796,0.03360250810845818
100163,PS1MD,1252,12,0.31782,21.8208,0.194052,1.0,35.4423,-5.1516,,False,False,True,0.0010913176585320172,-0.0014045145839472668,-0.0006422773454599965,-0.0007622372384872703,0.004211812123232651,0.0030803065288231755,0.32500000000000007,0.002495832242479284,0.0017533525823033326,497,1.0,False,0.98227969348659,0.06348990541733776
1345553,DES,1253,12,0.31804,21.8242,0.165019,1.0,35.3447,-4.668,,False,False,True,0.0029234189993927228,0.0004241763781181406,0.0006206845625091975,-0.0001965081843910573,0.0024875952689701057,-0.0008877096570551746,0.32500000000000007,0.002499242621274582,0.0017552797684680986,497,1.0,False,0.9492667459373761,0.06516591240148237
310188,PS1MD,1256,12,0.31901,21.888,0.17561,1.0,35.2776,-4.5196,,False,False,True,0.006099163429783642,0.0035848841383661506,0.0023159405266885494,0.001268943611677601,0.01091033992271055,-0.007897094697074645,0.32500000000000007,0.0025142792914174916,0.0017637769074672943,497,1.0,False,0.9726882559500585,0.12137781390379096
440509,PS1MD,1257,12,0.31901,21.6411,0.20208,1.0,34.8496,-5.4304,,False,False,True,0.00048306629610021145,-0.00203121299531728,-0.0010249443519362877,-0.0010062686433809924,0.0020107846944530283,0.004456958205422447,0.32500000000000007,0.0025142792914174916,0.0017637769074672943,497,1.0,False,0.9904378459989934,-0.12552218609620916
330128,PS1MD,1259,12,0.32104,21.7016,0.154025,1.0,36.8228,-3.8213,,False,False,True,0.002490585526293619,-5.516226037140248e-05,0.0004907571324539901,-0.000545919392825393,0.0007261688869180284,0.00016386321338869667,0.32500000000000007,0.0025457477866650214,0.0017815595798058165,497,1.0,False,0.0012903225806451613,-0.08083353507735005
580104,PS1MD,1262,12,0.32223,21.6098,0.155864,1.0,36.1196,-4.9673,,False,False,True,0.0008974591562280358,-0.0016667356793751932,-0.0011474285458322629,-0.0005193071335429307,0.0018114176238514432,0.0036668421645842447,0.32500000000000007,0.002564194835603229,0.001791983904969778,497,1.0,False,0.9205443371378402,-0.1818592673011107
1261579,DES,1263,12,0.32223,21.6244,0.136121,1.0,36.1196,-4.9673,,False,False,True,0.0008974591562280358,-0.0016667356793751932,-0.0011474285458322629,-0.0005193071335429307,0.0018114176238514432,0.0036668421645842447,0.32500000000000007,0.002564194835603229,0.001791983904969778,497,1.0,False,0.9205443371378402,-0.1672592673011092
1305626,DES,1269,12,0.32581,21.7948,0.13912,1.0,35.6546,-4.1333,,False,False,True,0.008814433156972867,0.006192114203015326,0.006642236055213837,-0.00045012185219851157,0.009652037552497888,-0.013581017906140254,0.32500000000000007,0.002622318953957541,0.0018264869278639096,497,1.0,False,0.6692527562270314,-0.02442497040839734
1306073,DES,1276,12,0.32868,21.847,0.141621,1.0,36.8506,-3.7494,,False,False,True,0.0022667436238018395,-0.00040937666542038625,0.0005116435938499896,-0.0009210202592703766,0.005000134295751109,0.0009121025813054887,0.32500000000000007,0.0026761202892222257,0.001862762300277392,497,1.0,False,0.0,0.00587811610564478
540163,PS1MD,1280,12,0.32952,21.9861,0.16024,1.0,36.0723,-3.3093,,False,False,True,0.0007680530097638489,-0.0019238140117309667,-0.001183578884513078,-0.0007402351272178891,0.0023192498738002993,0.004226840402990441,0.32500000000000007,0.0026918670214948156,0.0018733794824471906,497,1.0,False,0.0,0.13860276305306804
1301933,DES,1281,12,0.32968,21.8501,0.111583,1.0,36.6637,-4.9708,,False,False,True,0.004059490460231434,0.0013646240611608876,0.0020231690656678596,-0.0006585450045069722,0.007307052726751381,-0.0029842428436545245,0.32500000000000007,0.0026948663990705468,0.0018754018028604856,497,1.0,False,0.9570747217806042,0.0013901171061117754
1338675,DES,1284,12,0.33056,21.9144,0.21272,1.0,36.7437,-4.9677,,False,False,True,0.0035027444603444183,0.0007913814846073472,0.0008180160207677482,-2.663453616040079e-05,0.002074669073863541,-0.0016801428482909053,0.32500000000000007,0.002711362975737071,0.0018865245651336093,497,1.0,False,0.9392426133999168,0.05903029305887094
03D1fc,SNLS,1288,12,0.33103,21.7568,0.134432,1.0,36.4316,-4.1441,,False,False,True,0.001991022059442271,-0.000729151587923511,-0.000264097184146663,-0.000465054403776848,0.004686731654614874,0.0016113902554432992,0.32500000000000007,0.002720173647365782,0.0018924651313476633,497,1.0,False,0.9690966719492868,-0.1021199332731694
1314897,DES,1300,12,0.33671,21.7837,0.182251,1.0,36.6066,-4.1552,,False,False,True,0.0008394223196966939,-0.001987229231607558,-0.0013464705885625153,-0.0006407586430450431,0.003026037426787101,0.004365494717863322,0.32500000000000007,0.0028266515513042517,0.0019642575060196408,497,1.0,False,0.9650637073571722,-0.11775950318378428
320258,PS1MD,1309,12,0.34098,21.8057,0.192415,1.0,34.748,-4.8807,,False,False,True,0.001959130161302877,-0.0009475672790537088,0.00015610069853166258,-0.0011036679775853718,0.005287953221408117,0.002086665056741474,0.32500000000000007,0.002906697440356586,0.002018228182049454,497,1.0,False,0.9361167002012073,-0.12730349613422867
1329312,DES,1314,12,0.34487,21.9803,0.169534,1.0,36.2633,-5.5418,,False,False,True,0.0025899291033899203,-0.00038969070427663944,-0.0013908059908237036,0.0010011152865470642,0.0037470019938313,0.0008937013872560347,0.32500000000000007,0.0029796198076665597,0.0020673958470976924,497,1.0,False,0.1799709724238026,0.018876751724046757
03D1bp,SNLS,1316,12,0.34602,22.0788,0.13399,1.0,36.6572,-4.8388,,False,False,True,0.0008955512011871026,-0.002105626632805027,-0.00129810827339139,-0.000807518359413637,0.0033039078886585643,0.004624910918857217,0.32500000000000007,0.0030011778339921295,0.0020819312750682507,497,1.0,False,0.9603836530442035,0.10903192033902406
330089,PS1MD,1319,12,0.34881,22.1191,0.21674,1.0,36.1903,-4.8221,,False,False,True,0.0008542949580313944,-0.0021991845224375527,-0.001036044877294515,-0.0011631396451430383,0.0009951017339320089,0.004840918815337223,0.32500000000000007,0.003053479480468947,0.0021171954872750845,497,1.0,False,0.9196924391285776,0.12919299115990376
560121,PS1MD,1348,12,0.36499,22.2096,0.290313,1.0,36.3388,-4.3953,,False,False,True,0.0044693477242847505,0.001112556186469953,0.0023344934455787124,-0.0012219372591087594,0.012517116133036662,-0.002520182110267796,0.3750000000000001,0.0033567915378147975,0.002321702639069554,497,1.0,False,0.9881342062193126,0.13628978575016154
1308582,DES,1351,12,0.36713,21.9558,0.149493,1.0,37.1372,-4.3728,,False,False,True,0.0010954859239227976,-0.002301422288967409,-0.0014501867116063847,-0.0008512355773610244,0.003226495620290219,0.005067954524459968,0.3750000000000001,0.003396908212890207,0.0023487511745973765,497,0.75,True,0.7383309759547383,-0.13222616385440128
04D1hd,SNLS,1353,12,0.36799,22.2169,0.156057,1.0,36.5368,-4.1096,,False,False,True,0.0009962960124721319,-0.002416733854887632,-0.0016448869737115748,-0.000771846881176057,0.004158116806006932,0.005311909531514829,0.3750000000000001,0.003413029867359764,0.002359621146818838,497,1.0,False,0.8856447688564477,0.12298236209192843
320469,PS1MD,1364,12,0.37095,22.1568,0.389586,1.0,34.4183,-4.8371,,False,False,True,0.000945968776269426,-0.0025225495762413717,-0.0009004842972662838,-0.0016220652789750878,0.0006895071457751952,0.0055614053786110906,0.3750000000000001,0.0034685183525107978,0.0023970340744647978,497,1.0,False,0.9911090313523632,0.04270194953103263
1282736,DES,1371,12,0.37805,22.1068,0.221544,1.0,35.8093,-6.2681,,False,False,True,0.0024379801127286504,-0.0011610901449722014,-0.0007434386176846199,-0.0004176515272875812,0.001884518512486495,0.0026016476852735787,0.3750000000000001,0.0035990702577008518,0.002491070161364008,497,1.0,False,0.0,-0.05510099152061792
320099,PS1MD,1374,12,0.37997,22.1624,0.161555,1.0,36.0675,-3.916,,False,False,True,0.004114494745881659,0.00048103435448102047,0.002147791062935376,-0.001666756708454355,0.0043097929295155294,-0.0010012571751894447,0.3750000000000001,0.0036334603914006387,0.0025180421334165784,497,1.0,False,0.18791946308724833,-0.012284771925035125
1343401,DES,1381,12,0.38291,22.1148,0.204813,1.0,34.5721,-5.6549,,False,False,True,0.0008932978178368841,-0.002792822465791554,-0.0016570328073323998,-0.001135789658459154,0.003482612926652869,0.006144375588198463,0.3750000000000001,0.003686120283628438,0.002559342965622077,497,1.0,False,0.4063588850174216,-0.07934413261081012
580312,PS1MD,1395,12,0.40293,22.2948,0.289144,1.0,35.2534,-4.8171,,False,False,True,0.0011107876500923263,-0.0029339214234682717,-0.0011010644663749696,-0.0018328569570933019,0.0030805228008312117,0.006472173020949713,0.42500000000000016,0.004044709073560598,0.0028405819658785716,497,1.0,False,0.9761036857027137,-0.05213483335399248
1329615,DES,1396,12,0.40368,22.363,0.212116,1.0,35.4427,-5.6398,,False,False,True,0.0006523021052900197,-0.0034058406142470576,-0.0019107202106195102,-0.0014951204036275471,0.0045117650925593335,0.007489353066367101,0.42500000000000016,0.004058142719537077,0.0028511178924616066,497,0.95,False,0.16600616468516072,0.01135172769029692
450339,PS1MD,1403,12,0.40935,22.4531,0.273629,1.0,36.2874,-3.3534,,False,False,True,0.008020623824023222,0.003860922740903959,0.004885013684504115,-0.0010240909436001545,0.006874335220078837,-0.008386221151348633,0.42500000000000016,0.004159701083119263,0.0029307694974293553,497,1.0,False,0.0,0.06607951621116127
1345594,DES,1422,12,0.42249,22.4266,0.274122,1.0,33.8987,-5.5998,,False,False,True,0.006377592493980538,0.0019825339333533545,-0.0007758827155419164,0.0027584166488952722,0.010017842014677984,-0.004328480916613286,0.42500000000000016,0.004395058560627184,0.0031153589311641366,497,1.0,False,0.4188295165394402,-0.040671951989096886
1302523,DES,1425,12,0.42399,22.4734,0.131426,1.0,36.3176,-4.6598,,False,False,True,0.012280187281242572,0.00785826142866243,0.0038077685331284385,0.004050492895533993,0.015197163681021732,-0.01735414708290766,0.42500000000000016,0.004421925852580143,0.0031364307843302075,497,1.0,False,0.9317548746518106,-0.002884734103073206
1295027,DES,1427,12,0.42568,22.4509,0.193594,1.0,35.4327,-6.9406,,False,False,True,0.004978750556358659,0.0005258913560038415,0.0025969655602461838,-0.0020710742042423414,0.006661942965412777,-0.0010857996129343649,0.42500000000000016,0.004452859200354818,0.0031541215966332603,497,1.0,False,0.0,-0.035503604415342824
440236,PS1MD,1433,12,0.42895,22.3913,0.191504,1.0,37.1019,-4.4246,,False,False,True,0.0007187037312330437,-0.0037959137688293653,-0.002204340673070392,-0.0015915730957589721,0.003480887851049975,0.008363145296891632,0.42500000000000016,0.004514617500062409,0.0031709641700596127,497,0.7,True,0.9078850405305822,-0.1145768455542323
04D1rh,SNLS,1437,12,0.43494,22.5298,0.181679,1.0,36.9464,-4.2538,,False,False,True,0.0006343315374487814,-0.003993415080426615,-0.002153816625237959,-0.0018395984551886559,0.005132763306964325,0.008783166063423452,0.42500000000000016,0.004627746617875397,0.0032018164681708824,497,1.0,False,0.979982206405694,-0.011391725154140765
1310338,DES,1442,12,0.4389,22.2149,0.209461,1.0,35.042,-6.3767,,False,False,True,0.0019875869617246075,-0.0027149495236865884,-0.0008672708995269825,-0.0018476786241596052,0.0047360849979768745,0.006010825328993558,0.42500000000000016,0.004702536485411196,0.003222212979109218,497,1.0,False,0.0,-0.34939020545625243
560027,PS1MD,1443,12,0.43891,22.4152,0.278656,1.0,35.8506,-3.0839,,False,False,True,0.0014604904261970907,-0.003242234922515964,-0.0018662716002009671,-0.001375963322314995,0.0037254850000806783,0.00717000263668397,0.42500000000000016,0.004702725348713055,0.0032222644854499713,497,1.0,False,0.0,-0.1491482884169314
1291080,DES,1451,12,0.44391,22.5539,0.289089,1.0,35.6846,-6.0636,,False,False,True,0.0201296491700904,0.015332492170448306,-0.0012584963005528777,0.016590988471001183,0.01273815362958213,-0.033809247208212295,0.42500000000000016,0.004797156999642093,0.0032480176558266575,497,1.0,False,0.0,-0.03933620127443037
1339149,DES,1472,12,0.46887,22.5101,0.232472,1.0,35.555,-5.8717,,False,False,True,0.0017922253550400635,-0.00347633444603979,-0.0014552370896315312,-0.0020210973564082587,0.003289928520520235,0.0077100246174769795,0.4750000000000001,0.005268559801079853,0.0033765774823470737,497,1.0,False,0.0,-0.20228958033763356
05D1ix,SNLS,1485,12,0.48888,22.8312,0.197899,1.0,36.0832,-4.67,,False,False,True,0.00509264373365902,-0.0005549555747264966,0.0019175875563903996,-0.0024725431311168958,0.008229492128651558,0.0013066985669486861,0.4750000000000001,0.0056475993083855165,0.003641626737593306,497,1.0,False,0.9703016241299304,0.01166718998444771
1305504,DES,1488,12,0.49566,22.8923,0.117866,1.0,36.0584,-5.1646,,False,False,True,0.0026960778510390334,-0.00308011983891334,-0.001470957374944063,-0.0016091624639692774,0.0038283593843403013,0.006871788769714305,0.4750000000000001,0.005776197689952373,0.003755673307298693,497,1.0,False,0.9211229946524064,0.03739461070038963
03D1ax,SNLS,1489,12,0.49579,22.8287,0.151559,1.0,36.0972,-4.7207,,False,False,True,0.006506552116480768,0.0007278886758493837,-0.002408458386441483,0.003136347062290867,0.0035113989472385933,-0.0014938415767160526,0.4750000000000001,0.0057786634406313845,0.003757860040936112,497,1.0,False,0.9675925925925926,-0.026879179429715738
1337272,DES,1493,12,0.50282,22.908,0.216875,1.0,34.1284,-5.6806,,False,False,True,0.003795915130765399,-0.00211608851966171,0.000561578892103635,-0.002677667411765344,0.001064596953603706,0.004793064429958218,0.5250000000000001,0.005912003650427109,0.0038761118676365353,497,1.0,False,0.3727810650887574,0.048520519577625876
03D1au,SNLS,1496,12,0.50316,22.8914,0.227088,1.0,36.0432,-4.0375,,False,False,True,0.002685140343508401,-0.003233312193309966,-0.0005444990854276545,-0.0026888131078823107,0.007206885821163725,0.007190338948322925,0.5250000000000001,0.005918452536818367,0.0038818310171497847,497,1.0,False,0.5028997514498758,0.03018220235071628
04D1pg,SNLS,1505,12,0.51387,23.0037,0.358645,1.0,36.7673,-4.1753,,False,False,True,0.012523621086581506,0.006402028628438502,-0.0009174279135813258,0.0073194565420198286,0.009750465322881737,-0.01394840156143799,0.5250000000000001,0.006121592458143004,0.0040619842268171434,497,1.0,False,0.9730082716586852,0.08828245685991537
1334470,DES,1509,12,0.51883,22.9419,0.248961,1.0,35.0537,-4.9472,,False,False,True,0.0037116673919943733,-0.0025040029382093396,-8.30142362785724e-05,-0.0024209887019307668,0.009828572460861159,0.0055581329043545655,0.5250000000000001,0.006215670330203713,0.004145416525598665,497,1.0,False,0.9614035087719298,0.0017403722731549887
310260,PS1MD,1510,12,0.51885,22.9294,0.207812,1.0,36.1689,-5.1043,,False,False,True,0.009399255269574698,0.003183205593112676,-0.0018664794078119974,0.0050496850009246735,0.013009477679815752,-0.006956886553845389,0.5250000000000001,0.006216049676462022,0.004145752946158268,497,1.0,False,0.8831168831168831,-0.010858943146426825
1322229,DES,1515,12,0.5262,22.9172,0.221632,1.0,35.9264,-4.0189,,False,False,True,0.006111051196450132,-0.00024551385534398156,0.002544814170766686,-0.002790328026110667,0.013802873958340319,0.0005276591976988154,0.5250000000000001,0.006356565051794114,0.004271541992110737,497,1.0,False,0.36230706742485785,-0.05931567637756113
05D1ee,SNLS,1539,12,0.55782,23.1859,0.193312,1.0,36.1948,-4.0005,,False,False,True,0.0011001824596405842,-0.005885262255920707,-0.002701084760180243,-0.0031841774957404633,0.0003961589791028083,0.01306791840434364,0.5750000000000002,0.006985444715561291,0.0048601937162058,497,1.0,False,0.498948254101809,0.05032119046426935
05D1kl,SNLS,1540,12,0.55882,23.4801,0.382347,1.0,36.1397,-4.319,,False,False,True,0.006746751613661216,-0.0002585817693183919,0.0011871196131699032,-0.0014457013824882947,0.013780570536153357,0.0006102479106882379,0.5750000000000002,0.007005333382979608,0.004878810152767946,497,1.0,False,0.9496587030716723,0.33988709689138724
04D1hx,SNLS,1541,12,0.55882,23.0445,0.35519,1.0,36.1771,-4.7903,,False,False,True,0.0026266079837423996,-0.004378725399237208,-0.0020913605378947257,-0.0022873648613424818,0.0024530763180651326,0.00978684028092908,0.5750000000000002,0.007005333382979608,0.004878810152767946,497,0.975,False,0.9202867988190637,-0.09571290310861365
1303952,DES,1543,12,0.56269,23.3486,0.263864,1.0,35.8718,-6.9219,,False,False,True,0.0027331757456720133,-0.004349126780216482,-0.002372859740704637,-0.0019762670395118446,0.011422364097985272,0.009591946760590634,0.5750000000000002,0.007082302525888495,0.0049508557622634525,497,1.0,False,0.0,0.1905266816754743
05D1cc,SNLS,1544,12,0.56283,23.1766,0.233154,1.0,36.6299,-4.1648,,False,False,True,0.003918416602888948,-0.0031666703364381116,-0.001750736259476358,-0.0014159340769617536,0.0061910536320147315,0.007114770858778277,0.5750000000000002,0.00708508693932706,0.004953462063382153,497,1.0,False,0.9658997534921939,0.017882746382901254
1338278,DES,1547,12,0.56437,23.1439,0.295284,1.0,34.43,-4.976,,False,False,True,0.002063155718060915,-0.005052559769090352,-0.0033065626000900617,-0.0017459971690002895,0.006260959574488223,0.011228943557599867,0.5750000000000002,0.007115715487151267,0.004982131375687858,497,1.0,False,0.9295977011494253,-0.02189056698090504
05D1dn,SNLS,1548,12,0.56481,23.2343,0.190849,1.0,36.111,-4.9916,,False,False,True,0.03492392679013728,0.027799460289321957,0.006541280129100065,0.02125818016022189,0.028938083995678206,-0.06232256291081944,0.5750000000000002,0.007124466500815327,0.004990322607775203,497,1.0,False,0.9206698986337594,0.06649183730446388
05D1dx,SNLS,1557,12,0.57882,23.1742,0.212684,1.0,36.9458,-4.0325,,False,False,True,0.0035312145216112073,-0.003871128357081362,-0.0008021334952038502,-0.0030689948618775123,0.01402316047102269,0.008495745047755486,0.5750000000000002,0.007402342878692569,0.005219356472253876,497,1.0,False,0.5971001757469244,-0.057085164932901125
03D1aw,SNLS,1561,12,0.5808,23.4531,0.238297,1.0,36.0616,-4.5172,,False,False,True,0.01171989494820851,0.004278568431654293,0.007528469902896646,-0.0032499014712423524,0.010668908857314667,-0.009243357824237738,0.5750000000000002,0.007441326516554217,0.005239743410552984,497,1.0,False,0.9328223624887286,0.2129612957161118
04D1jg,SNLS,1562,12,0.58301,23.2878,0.165845,1.0,36.5523,-4.1348,,False,False,True,0.0017957179990193473,-0.00568912055777439,-0.003358117759923665,-0.002331002797850724,0.005105643201834636,0.01264860878328871,0.5750000000000002,0.007484838556793737,0.005262498528553505,497,1.0,False,0.9378280177634235,0.03781300933645575
04D1kj,SNLS,1564,12,0.58382,23.2235,0.196641,1.0,36.9694,-4.1803,,False,False,True,0.008187131872053253,0.0006863454634070242,-0.0019174534882001396,0.0026037989516071638,0.011363721974071025,-0.0014047816374294295,0.5750000000000002,0.007500786408646229,0.005270838639675867,497,1.0,False,0.961250550418318,-0.030087690392329242
04D1sa,SNLS,1565,12,0.58382,23.3959,0.182769,1.0,36.984,-4.1761,,False,False,True,0.010577882322276935,0.003077095913630706,-0.002546041770771636,0.005623137684402342,0.006746507487034844,-0.006540966904579566,0.5750000000000002,0.007500786408646229,0.005270838639675867,497,1.0,False,0.9513415188722146,0.1423123096076704
05D1hm,SNLS,1567,12,0.58582,23.454,0.371991,1.0,36.9426,-4.7173,,False,False,True,0.001651671527391818,-0.0058884922932358735,-0.0037278526782883116,-0.0021606396149475623,0.008635032468626192,0.013031584582935941,0.5750000000000002,0.007540163820627692,0.005291431506644663,497,1.0,False,0.8914903196758217,0.1915419231612663
04D1oh,SNLS,1569,12,0.58879,23.2491,0.218369,1.0,36.2598,-4.2362,,False,False,True,0.005748119438493348,-0.0018505198389268196,-0.001636576462610475,-0.0002139433763163447,0.01161391552618336,0.004140239381635108,0.5750000000000002,0.0075986392774201675,0.005322011914093327,497,1.0,False,0.9746233148295004,-0.026477794265887773
1338233,DES,1573,12,0.60155,23.5032,0.393855,1.0,35.1227,-5.5293,,False,False,True,0.0033037549020035637,-0.00454611226385834,-0.0012108822471223442,-0.0033352300167359956,0.006418874075653232,0.010178943305913724,0.6250000000000002,0.007849867165861904,0.005453394405354247,497,1.0,False,0.5307625649913345,0.16251215022528792
1335564,DES,1575,12,0.60626,23.3628,0.273748,1.0,35.1281,-6.4465,,False,False,True,0.007251344214889966,-0.0006912567561882842,0.0024854597991974,-0.003176716555385686,0.002474016499302188,0.0018008274945786051,0.6250000000000002,0.00794260097107825,0.005501890607065762,497,1.0,False,0.0,0.0018489771086135955
1332413,DES,1578,12,0.60878,23.3649,0.229166,1.0,36.2749,-5.853,,False,False,True,0.01162025044411739,0.0036280339339424972,-0.0031869699703892256,0.006815003904331722,0.016959173267620625,-0.00795408148757466,0.6250000000000002,0.007992216510174894,0.0055278376194464445,497,1.0,False,0.0,-0.006831157549805952
1295305,DES,1582,12,0.61177,23.448,0.162208,1.0,36.2434,-4.2509,,False,False,True,0.004130722547074358,-0.0039203631940128245,-0.0020219225010282543,-0.0018984406929845707,0.008945394183526514,0.008786193776045292,0.6250000000000002,0.008051085741087182,0.005558623955564796,497,1.0,False,0.976078431372549,0.06353298191768725
05D1ck,SNLS,1583,12,0.61577,23.4555,0.346221,1.0,36.1035,-4.7128,,False,False,True,0.03410850230411188,0.02597866173906177,-0.0033792636625623053,0.029357925401624078,0.014494766316962815,-0.057578382251137525,0.6250000000000002,0.00812984056505011,0.005599809689502388,497,1.0,False,0.9664804469273743,0.05408723222715944
1308957,DES,1584,12,0.61875,23.4634,0.387817,1.0,35.1339,-6.624,,False,False,True,0.004217217880323921,-0.003971295028578569,-0.0010368873744627787,-0.002934407654115791,0.003547901292726579,0.008972691260986043,0.6250000000000002,0.00818851290890249,0.005630493061285895,497,1.0,False,0.0,0.0494305372845984
05D1cb,SNLS,1591,12,0.63077,23.4102,0.201051,1.0,36.7377,-4.1176,,False,False,True,0.010938839050827797,0.0025043867661338776,-0.003156135920429457,0.005660522686563334,0.017280071466661866,-0.005502912729524422,0.6250000000000002,0.00843445228469392,0.005755867929963573,497,1.0,False,0.8954602249062891,-0.05384033869122168
1330642,DES,1594,12,0.63399,23.3442,0.145119,1.0,37.0406,-4.0471,,False,False,True,0.007459019845921445,-0.0010440094893764459,0.00043475766042610966,-0.0014787671498025577,0.009700089649691013,0.0025036567105999885,0.6250000000000002,0.00850302933529789,0.005789921890668704,497,1.0,False,0.643621766280107,-0.13309939894517858
04D1pu,SNLS,1595,12,0.63777,23.2768,0.442055,1.0,36.8686,-4.7449,,False,False,True,0.0027874084284630384,-0.005796124401022122,-0.0036679185684450276,-0.0021282058325770956,0.01525049177801091,0.01273058488499941,0.6250000000000002,0.00858353282948516,0.005829898279322553,497,1.0,False,0.9163346613545816,-0.21598276392422538
1337325,DES,1598,12,0.63873,23.5274,0.26025,1.0,35.135,-4.6525,,False,False,True,0.009843079317737567,0.0012391011563953197,-0.0028127166319677844,0.004051817788363103,0.015927204372639638,-0.0026694664179382314,0.6250000000000002,0.008603978161342247,0.005840051012948928,497,1.0,False,0.9888705688375927,0.030698879166811636
1338266,DES,1605,12,0.64852,23.7867,0.271027,1.0,34.905,-5.8691,,False,False,True,0.007531698763659721,-0.0012807791881834238,0.0007488409682326197,-0.002029620156416046,0.007870397368857559,0.0030691518693911866,0.6250000000000002,0.008812477951843145,0.005943587744409562,497,1.0,False,0.0,0.2503573410298278
04D1sk,SNLS,1608,12,0.66213,23.7263,0.278466,1.0,36.0949,-4.3536,,False,False,True,0.006601821212355096,-0.0025005119130035985,0.0009622873009447501,-0.00346279921394835,0.016365734222481176,0.005557613978489903,0.6750000000000002,0.009102333125358695,0.006087523895091811,497,1.0,False,0.9444444444444444,0.09301044637775933
03D1co,SNLS,1611,12,0.67773,23.9721,0.310626,1.0,36.5677,-4.9351,,False,False,True,0.009583512686071225,0.0001507278495823626,0.003308660413736263,-0.0031579325641538985,0.011075423769495739,-7.800457063780047e-05,0.6750000000000002,0.009432784836488862,0.006240397942656662,497,1.0,False,0.9542670477746019,0.278012699323119
05D1ke,SNLS,1615,12,0.68872,23.5607,0.224893,1.0,36.6929,-4.8625,,False,False,True,0.00458140429344325,-0.005078251504702418,-0.0014990393645661015,-0.003579212140136316,0.007762173269376958,0.011440384181045007,0.6750000000000002,0.009659655798145667,0.006307883637391106,497,1.0,False,0.9603796945934792,-0.17541953533469182
04D1si,SNLS,1626,12,0.7007,23.664,0.221555,1.0,36.2033,-4.569,,False,False,True,0.0016395310383582643,-0.00826743268705297,-0.0040274645483977505,-0.0042399681386552195,0.005086458829154192,0.018456136639897952,0.7250000000000002,0.009906963725411234,0.006381448571232658,497,1.0,False,0.9542697153523099,-0.056082542834035805
1331993,DES,1632,12,0.71968,23.9108,0.202759,1.0,35.9718,-4.4593,,False,False,True,0.004961513246700888,-0.005337262203209549,-0.0018895647994135634,-0.003447697403795985,0.006192601348910885,0.012087641906740257,0.7250000000000002,0.010298775449910437,0.006497998024013347,497,1.0,False,0.9624413145539906,0.12077037143390756
04D1aj,SNLS,1633,12,0.71969,23.717,0.34116,1.0,36.4748,-4.9946,,False,False,True,0.02278816013985726,0.012489178255950773,0.012415750196155697,7.342805979507466e-05,0.03579076334285297,-0.02856366717707364,0.7250000000000002,0.010298981883906487,0.006498059430468975,497,1.0,False,0.9392931392931393,-0.07306601219261422
1304127,DES,1638,12,0.72866,23.752,0.282209,1.0,35.1805,-6.9511,,False,False,True,0.009761615037344608,-0.0007260608657815009,0.002898982564614276,-0.003625043430395777,0.011896398601019927,0.0018956340256598876,0.7250000000000002,0.010487675903126109,0.006566253230335193,497,1.0,False,0.0,-0.07050783619786782
04D1pp,SNLS,1641,12,0.73368,23.7315,0.194032,1.0,36.302,-4.7016,,False,False,True,0.012206184769922322,0.001610047285392685,0.0012455911323088938,0.0003644561530837904,0.01080788855136381,-0.00319842451818525,0.7250000000000002,0.010596137484529637,0.006615063776531662,497,1.0,False,0.9307974335472043,-0.10899632832861383
05D1eo,SNLS,1644,12,0.73568,23.9277,0.255688,1.0,36.3464,-4.6427,,False,False,True,0.013476097057332236,0.002836747787382868,-0.004972074583729854,0.007808822371112721,0.018311912617609654,-0.006140254162259596,0.7250000000000002,0.010639349269949368,0.0066345102092792586,497,1.0,False,0.9425022999080037,0.08006994036437975
05D1if,SNLS,1657,12,0.76165,23.878,0.238347,1.0,36.1239,-4.5703,,False,False,True,0.006338525669189834,-0.004861928634434752,-0.00024530776961898936,-0.004616620864815764,0.007989752898972231,0.011105505566867966,0.7750000000000002,0.011200454303624586,0.006887022138506806,497,1.0,False,0.947539461467038,-0.03781793771625064
04D1qd,SNLS,1658,12,0.76566,23.9839,0.223812,1.0,36.6378,-4.1072,,False,False,True,0.011769961949869265,0.00048286801647811836,-0.004855164048708722,0.005338032065186839,0.02695737404551872,-0.0013367263706649674,0.7750000000000002,0.011287093933391147,0.0069260122361657385,497,1.0,False,0.8678485092667204,0.05430279741694943
04D1de,SNLS,1659,12,0.76666,24.1694,0.2487,1.0,36.6496,-4.4226,,False,False,True,0.012937881175804588,0.0016291813497035738,0.00287870948611649,-0.0012495281364129172,0.010457360366846543,-0.00317923636951847,0.7750000000000002,0.011308699826101014,0.006935735452539537,497,1.0,False,0.9769681742043551,0.23637743522130816
04D1pc,SNLS,1662,12,0.76865,24.0399,0.310504,1.0,36.6037,-4.3994,,False,False,True,0.006790603957420976,-0.004561091595172672,-0.0007684705285768145,-0.0037926210665958603,0.01056069216696472,0.010400341267700902,0.7750000000000002,0.011351695552593648,0.006955084653123397,497,1.0,False,0.9890350877192983,0.10007379236719882
04D1ks,SNLS,1669,12,0.79662,23.6496,0.371115,1.0,36.0396,-4.9787,,False,False,True,0.011049398760692306,-0.0009152422394006314,-0.003953439532912543,0.0030381972935119086,0.010736176784144114,0.002462080252117499,0.7750000000000002,0.011964641000092938,0.007377500278913075,497,1.0,False,0.9365148861646234,-0.3840913126039165
03D1fq,SNLS,1670,12,0.79863,24.1808,0.286876,1.0,36.7319,-4.3022,,False,False,True,0.009174019442045505,-0.0028348516014272285,-0.0018587591794843907,-0.0009760924219428405,0.02151270293035839,0.0062761747812046555,0.7750000000000002,0.012008871043472733,0.0074110318763067045,497,1.0,False,0.9786212914485166,0.1404867750725327
SCP05D0,SNAP,1676,12,1.01242,24.8647,0.36609,1.0,35.4253,-3.3648,,False,True,True,0.012218537544675084,-0.004565131654658723,0.0022781975301896865,-0.0068433291848484104,0.015601452702919051,0.010760901564570692,1.0250000000000004,0.016783669199333807,0.010156075501430207,497,1.0,False,0.0,-0.13516633040617976
SCP05D6,SNAP,1687,12,1.31317,25.5337,0.315195,1.0,35.4437,-3.3823,,False,True,True,0.026236887774192797,0.0034154887598170716,-0.005091451053587499,0.008506939813404571,0.013402367636580344,-0.006215362046931572,1.3250000000000006,0.022821399014375725,0.013931018058074106,497,1.0,False,0.0,-0.015334670633196351
100405,PS1MD,744,3,0.10294,18.9285,0.184283,1.0,53.6285,-27.3206,,False,False,True,2.7652296007099507e-05,-0.0004264720437368373,-0.0003781037198179552,-4.8368323918882055e-05,0.00028139885968045175,0.0009303940046324887,0.125,0.0004541243397439368,0.0002839454597793739,497,1.0,False,0.8062654575432812,-0.10758517358322467
090275,PS1MD,804,3,0.13955,19.7683,0.143245,1.0,54.0721,-28.0515,,False,False,True,0.0006537439715484811,-2.9988950803082857e-05,-0.0004948689832106494,0.00046488003240756647,6.6038703593755e-05,6.290266187967053e-05,0.125,0.000683732922351564,0.00042998762144276894,497,1.0,False,0.9645075421472937,0.02297004094083005
440008,PS1MD,816,3,0.14652,19.905,0.185624,1.0,52.6735,-28.8632,,False,False,True,0.0032676581809206267,0.00247393406813778,-0.0005243874265853873,0.0029983214947231674,0.00023672702519354633,-0.005387725751938342,0.125,0.0007937241127828466,0.0004999473373736186,497,1.0,False,0.9830004249893752,0.04488852990658626
1316385,DES,817,3,0.14737,19.7624,0.19564,1.0,53.526,-27.6321,,False,False,True,8.26151076859852e-05,-0.0007245225649055544,-0.0005585570332807005,-0.0001659655316248539,7.992607000759089e-05,0.001585425397042521,0.125,0.0008071376725915396,0.0005084790100481125,497,1.0,False,0.9778270509977827,-0.11135715545655972
1299775,DES,843,3,0.16004,19.7898,0.269298,1.0,53.4389,-29.6767,,False,False,True,0.00038087559330140727,-0.00062620302373265,-0.0005329061280426984,-9.329689568995155e-05,0.000785002553723082,0.0013759205997011831,0.17500000000000004,0.0010070786170340573,0.0006356511192079208,497,1.0,False,0.0,-0.25857939187222123
1303279,DES,863,3,0.1727,20.0146,0.149932,1.0,54.9068,-27.813,,False,False,True,0.00015436229892600305,-0.0010524994559645878,-0.0006865984283935273,-0.00036590102757106025,0.0005072584775998665,0.002306515484527122,0.17500000000000004,0.0012068617548905908,0.0007627228557480295,497,1.0,False,0.0,-0.21480955020447487
1347120,DES,884,3,0.17952,20.2979,0.279272,1.0,52.8899,-28.9121,,False,False,True,0.001473882120260554,0.00015764014251250734,0.0002600100754574056,-0.00010236993294489803,0.0010034854411410236,-0.0003242498549110135,0.17500000000000004,0.0013162419777480467,0.0008379629740812851,497,1.0,False,0.9912510936132983,-0.023958377908510395
1303496,DES,886,3,0.17975,20.3432,0.207177,1.0,53.8482,-29.5918,,False,False,True,0.0006419008399701433,-0.0006780600499147675,-0.0008268815962314953,0.00014882154631672785,0.002502171327979548,0.0014889106895995185,0.17500000000000004,0.0013199608898849108,0.0008406168492216658,497,1.0,False,0.0,0.018281265129281868
1339392,DES,896,3,0.18145,20.1423,0.233619,1.0,54.1245,-28.5698,,False,False,True,0.000273142597037405,-0.0010743059042938965,-0.0007451433589416591,-0.00032916254535223763,0.00017057990855648463,0.0023581053338957866,0.17500000000000004,0.0013474485013313016,0.0008602324480853523,497,1.0,False,0.9484251968503937,-0.20512626165084333
440643,PS1MD,921,3,0.18952,20.5094,0.237114,1.0,53.6036,-26.7739,,False,False,True,0.00019625638370186993,-0.0012816774260837691,-0.0008123386032683354,-0.00046933882281543365,0.000830354656644452,0.0028116325966251075,0.17500000000000004,0.001477933809785639,0.0009533488497500282,497,1.0,False,0.0,0.057738393969426274
1253920,DES,929,3,0.19553,20.4581,0.154272,1.0,54.6293,-27.0428,,False,False,True,0.00103564459422337,-0.0005394660066168628,-3.276990218573951e-05,-0.0005066961044311235,0.0009908293407543895,0.001201170931989193,0.17500000000000004,0.0015751106008402328,0.0010226957610269432,497,1.0,False,0.0,-0.06853856652495359
1302058,DES,938,3,0.19782,20.239,0.187234,1.0,53.3964,-29.1906,,False,False,True,0.00032427538116944996,-0.0012878626492073913,-0.0008532615928778518,-0.0004346010563295398,0.0012543472410622303,0.0028263805075229207,0.17500000000000004,0.0016121380303768412,0.0010491191265550853,497,1.0,False,0.2993258426966292,-0.3156442899311147
110460,PS1MD,945,3,0.19953,20.5981,0.252789,1.0,53.8448,-27.8403,,False,False,True,0.0001389590349024637,-0.0015008282987528066,-0.0010470755245948994,-0.00045375277415790724,0.0011812201014109766,0.0032917362538862002,0.17500000000000004,0.0016397873336552703,0.0010688501112944408,497,0.925,False,0.9819277108433735,0.022739035355001894
1283373,DES,966,3,0.20751,20.8195,0.146505,1.0,54.9467,-26.7304,,False,False,True,0.0002988230127643909,-0.0014699944028568781,-0.0009200207507162413,-0.0005499736521406369,0.0016958347473885063,0.0032278919923560447,0.22500000000000003,0.001768817415621269,0.0011609280400780976,497,1.0,False,0.0,0.14323269961024482
1257366,DES,978,3,0.21134,20.8885,0.264746,1.0,53.8996,-26.9693,,False,False,True,0.000716315133952306,-0.0011144302533393612,-0.0010498526802181286,-6.4577573121233e-05,0.00233903835607123,0.0024554180899900822,0.22500000000000003,0.0018307453872916672,0.0012051208304592266,497,1.0,False,0.0,0.1680483637368832
1249851,DES,986,3,0.21507,20.6295,0.477123,1.0,55.218,-29.4,,False,False,True,0.0003741415669806673,-0.0015169148736610223,-0.0008986052525297766,-0.0006183096211312458,0.000771303228819967,0.003335601087102722,0.22500000000000003,0.0018910564406416895,0.0012481597620836679,497,1.0,False,0.0,-0.13327348043324233
100206,PS1MD,989,3,0.2165,20.5723,0.138936,1.0,52.5182,-28.2567,,False,False,True,0.00020183911719071898,-0.001712339255432346,-0.0010692519649254423,-0.000643087290506904,0.0006284373764233597,0.0037609898861977738,0.22500000000000003,0.001914178372623065,0.001264659942304298,497,1.0,False,0.91921726041144,-0.20651829111696057
1290816,DES,994,3,0.21845,20.9686,0.202626,1.0,54.1725,-27.84,,False,False,True,0.0005216361329292488,-0.001424072146941147,-0.001228807710197044,-0.00019526443674410356,0.0034767885994283028,0.0031239193685234706,0.22500000000000003,0.0019457082798703957,0.001287160188059703,497,1.0,False,0.972457627118644,0.16806018781210968
1304678,DES,995,3,0.21881,20.8886,0.24612,1.0,54.8701,-27.6439,,False,False,True,0.0005876912201061677,-0.0013638379657175813,-0.0006982339313355626,-0.000665604034382019,0.0024797035215995563,0.002999465804200737,0.22500000000000003,0.001951529185823749,0.0012913140795837777,497,1.0,False,0.0,0.08406974524944405
1302187,DES,999,3,0.21941,20.7518,0.20721,1.0,52.1619,-27.1421,,False,False,True,0.00032450486023720583,-0.0016367258355087988,-0.0009753885327359518,-0.0006613373027728471,8.519631273683719e-05,0.0035985829308412703,0.22500000000000003,0.0019612306957460046,0.0012982372321239024,497,1.0,False,0.966900702106319,-0.05936747562934369
1304442,DES,1013,3,0.22449,20.8763,0.195353,1.0,52.1631,-28.1083,,False,False,True,0.0001977093247880895,-0.0018456608216330123,-0.001148913903423806,-0.0006967469182092068,0.0008085013212815225,0.0040542293102256936,0.22500000000000003,0.002043370146421102,0.001356853256963624,497,1.0,False,0.9775853285787061,0.009602609843416047
000006,PS1MD,1027,3,0.23041,21.0532,0.258704,1.0,53.3665,-28.3715,,False,False,True,0.0001646896978233039,-0.001992846514307043,-0.00139453345649894,-0.0005983130578081032,0.001218133629146732,0.004375235596497256,0.22500000000000003,0.002157536212130347,0.0014398253231647001,497,1.0,False,0.9954841946813848,0.12324236284415963
110536,PS1MD,1040,3,0.23472,20.9382,0.326877,1.0,54.3325,-26.9017,,False,False,True,0.0005602142841616295,-0.0016817053404653282,-0.0009474724610829387,-0.0007342328793823895,0.000692794676321375,0.003703773132779567,0.22500000000000003,0.0022419196246269576,0.0015012387494116302,497,1.0,False,0.0,-0.03687269419051359
470008,PS1MD,1053,3,0.2395,20.6529,0.206653,1.0,53.0828,-29.0138,,False,False,True,0.001231805761667889,-0.0011036991789065852,-0.0005452381499369151,-0.0005584610289696705,0.0011132391842665114,0.0024505859537557965,0.22500000000000003,0.002335504940574474,0.0015693492314209866,497,1.0,False,0.9628406275805119,-0.3713182210068238
460064,PS1MD,1058,3,0.24151,20.8684,0.182146,1.0,53.7742,-26.7649,,False,False,True,0.00033327651716167717,-0.0020415812445539077,-0.0012240472286071684,-0.0008175340159467398,0.0013811507408601304,0.0044887118664548795,0.22500000000000003,0.002374857761715585,0.0015979898315964692,497,1.0,False,0.0,-0.17621305765172562
1330426,DES,1113,3,0.25952,21.189,0.167819,1.0,53.9704,-28.6924,,False,False,True,0.0005874145511084014,-0.002140052319438728,-0.0015149690520824906,-0.0006250832673562376,0.001352200212052947,0.0047152165747579135,0.275,0.0027274668705471296,0.0018546153087907178,497,1.0,False,0.6348,-0.036912464654458924
110478,PS1MD,1130,3,0.2646,21.2623,0.196115,1.0,53.5803,-27.5689,,False,False,True,0.000741241739789901,-0.0020856840020989417,-0.0010957736362209227,-0.0009899103658780194,0.0009060673566108234,0.004601278025572849,0.275,0.0028269257418888426,0.0019270005072441767,497,1.0,False,0.9795117698343505,-0.011220053418148761
1309288,DES,1136,3,0.26791,21.2573,0.200253,1.0,54.6449,-29.1944,,False,False,True,0.0005935445823437696,-0.002298186054061031,-0.0012158399678066504,-0.001082346086254381,0.0022400658133810997,0.005060991198619476,0.275,0.0028917306364048007,0.0019741648786774334,497,1.0,False,0.0,-0.046786759460114305
100213,PS1MD,1149,3,0.27509,21.5239,0.237894,1.0,53.0671,-27.1943,,False,False,True,0.0008582129554107884,-0.002173902269550791,-0.0011052233047053246,-0.0010686789648454667,0.002451718789588386,0.004793974026933727,0.275,0.0030321152249615795,0.0020763609018149922,497,1.0,False,0.9758981355161437,0.15469228851134267
1297465,DES,1155,3,0.27782,21.6657,0.175971,1.0,51.7953,-27.8221,,False,False,True,7.561265613240041e-05,-0.0030042137497391444,-0.0018536438120980473,-0.0011505699376410975,0.00054118950715513,0.006606096205336947,0.275,0.0030798264058715446,0.0021118577119097286,497,1.0,False,0.7862823061630219,0.2721439351780833
350180,PS1MD,1181,3,0.28949,21.7235,0.254687,1.0,53.4627,-28.1376,,False,False,True,0.006818973835633247,0.003535195238838884,0.00469374994966288,-0.0011585547108239967,0.004160144450008168,-0.0076699215892599894,0.275,0.0032837785967943633,0.00226359682319382,497,0.9,False,0.9920582395764395,0.2282968278402651
120444,PS1MD,1205,3,0.29945,21.7683,0.194112,1.0,51.682,-27.9362,,False,False,True,0.00025873208281689404,-0.0031991136794951437,-0.0019220429798339047,-0.0012770706996612395,0.0014117970479675455,0.007043639201063573,0.275,0.003457845762312038,0.0023931016688141754,497,1.0,False,0.4651898734177215,0.18930035385790325
460037,PS1MD,1212,3,0.30251,21.6364,0.223122,1.0,54.727,-27.5411,,False,False,True,0.0011662987823110294,-0.002345025446515475,-0.0010277068659306438,-0.0013173185805848316,0.003136196276362558,0.005184182474635653,0.32500000000000007,0.0035113242288265043,0.0024328893021071762,497,1.0,False,0.10959507042253522,0.0018645463516900537
1335717,DES,1218,3,0.30476,21.7881,0.241296,1.0,52.8599,-28.3531,,False,False,True,0.0023463103054833043,-0.0012043363251920724,-0.0002080127910342438,-0.0009963235341578286,0.005026860622478014,0.002688449541543198,0.32500000000000007,0.0035506466306753767,0.0024621449148226177,497,1.0,False,0.9948207171314741,0.13516556841052427
440005,PS1MD,1222,3,0.30548,21.7511,0.224608,1.0,52.9893,-28.8836,,False,False,True,0.003516348693884311,-4.688110538270465e-05,0.0009914054089041639,-0.0010382865142868688,0.0029399380487370864,0.00018564168478958296,0.32500000000000007,0.0035632297992670156,0.002471506710891559,497,1.0,False,0.9816160752458315,0.09230444607267749
1319821,DES,1229,3,0.30878,21.7424,0.150006,1.0,53.3579,-29.4719,,False,False,True,0.005734827566725845,0.0021139249114138156,0.00019765868167003538,0.0019162662297437798,0.004418946787105486,-0.004540212679635261,0.32500000000000007,0.003620902655312029,0.0025144149428742075,497,1.0,False,0.0,0.05690353153006774
1337687,DES,1275,3,0.32868,21.8186,0.148043,1.0,55.0471,-26.9756,,False,False,True,0.002199603982179923,-0.0017734789104433086,-0.00026401429065523244,-0.0015094646197880764,0.003688206784992864,0.0039535686091969535,0.32500000000000007,0.003973082892623232,0.002782278298197721,497,1.0,False,0.0,-0.022521883894356533
1316465,DES,1278,3,0.32907,21.8036,0.16293,1.0,52.7975,-27.9593,,False,False,True,0.0008610776682531149,-0.0031192869283103307,-0.0015881409863783926,-0.0015311459419319385,0.004024725816819173,0.006876871568875681,0.32500000000000007,0.0039803645965634455,0.0027883151266253816,497,1.0,False,0.9128014842300557,-0.04048374383693735
1306141,DES,1293,3,0.33237,21.724,0.156927,1.0,54.8978,-28.9108,,False,False,True,0.030735188132076176,0.026693209117557064,0.027834625915378657,-0.001141416797821594,0.005737292274312602,-0.058927734340920995,0.32500000000000007,0.0040419790145191144,0.0028393959825517524,497,1.0,False,0.0,-0.1450162809622956
1309492,DES,1295,3,0.3335,21.7495,0.139304,1.0,53.3008,-28.0249,,False,False,True,0.0041849043387817515,0.00012182705387175658,0.001004391541447961,-0.0008825644875762044,0.006610805970618969,-0.00020955127017757702,0.32500000000000007,0.004063077284909995,0.002856887305944722,497,0.825,True,0.9404888416578109,-0.12800110073580875
1346956,DES,1296,3,0.3335,21.7836,0.174041,1.0,54.3435,-28.8264,,False,False,True,0.0005299971343257877,-0.003533080150584207,-0.002362242129711432,-0.001170838020872775,0.0011662648493035645,0.0077970631839116315,0.32500000000000007,0.004063077284909995,0.002856887305944722,497,1.0,False,0.12095323741007194,-0.09390110073581007
1346966,DES,1299,3,0.3351,21.7712,0.175867,1.0,55.3407,-29.1493,,False,False,True,0.006348897300103451,0.0022559463580028296,-0.002322093246565624,0.0045780396045684525,0.007197247321281597,-0.00487522140624045,0.32500000000000007,0.004092950942100621,0.002881653781545386,497,1.0,False,0.0,-0.11826956224787857
470015,PS1MD,1301,3,0.33749,21.9148,0.277342,1.0,54.1486,-28.6251,,False,False,True,0.0020397119214974036,-0.0020978627960317174,-0.001584009323519062,-0.000513853472512656,0.0015401301049764236,0.0046724040078379644,0.32500000000000007,0.004137574717529121,0.0029186487044738792,497,1.0,False,0.8061104582843713,0.007550794754958533
1300912,DES,1304,3,0.33778,21.9007,0.232298,1.0,52.0379,-27.5329,,False,False,True,0.0004251426712714327,-0.003717846646623489,-0.002162924656186424,-0.0015549219904370656,0.0012863393526675434,0.008202251359556474,0.32500000000000007,0.004142989317894922,0.0029231376281764997,497,1.0,False,0.9765411893071467,-0.008698625431261688
580276,PS1MD,1306,3,0.33848,21.8601,0.198585,1.0,53.5214,-28.8077,,False,False,True,0.0028186014998500043,-0.001337457543065816,-6.782394592676688e-05,-0.00126963359713905,0.005909397982106637,0.002981061842611968,0.32500000000000007,0.00415605904291582,0.00293397296125179,497,1.0,False,0.25992961287078936,-0.05447984429466183
1343337,DES,1307,3,0.33897,21.8025,0.355487,1.0,54.5592,-28.7099,,False,False,True,0.0011033396042951155,-0.003061868246135335,-0.00182729750369138,-0.0012345707424439552,0.006790728296212477,0.006729760967756041,0.32500000000000007,0.004165207850430451,0.002941557694404493,497,1.0,False,0.37557125051931867,-0.11570079316111795
1346387,DES,1312,3,0.34446,22.0551,0.150058,1.0,52.695,-28.6493,,False,False,True,0.008142668880813836,0.0038749570441480464,0.003945660049352753,-7.070300520470763e-05,0.004014146080105633,-0.00845750422891432,0.32500000000000007,0.004267711836665789,0.0030265376638092733,497,1.0,False,0.9986541049798116,0.09665810356363344
350606,PS1MD,1313,3,0.34448,22.0384,0.297982,1.0,54.2033,-26.7605,,False,False,True,0.0022316794291610672,-0.0020364058282196047,-0.0022924034813278354,0.00025599765310823047,0.006553797057858,0.004488346992457868,0.32500000000000007,0.004268085257380672,0.003026847244754282,497,1.0,False,0.0,0.07981259547643269
470110,PS1MD,1315,3,0.34545,21.9503,0.228622,1.0,52.0706,-28.6233,,False,False,True,0.005985127105455109,0.0016989309434026203,-0.00012659549506022433,0.0018255264384628442,0.01139474214749309,-0.003731542591860197,0.32500000000000007,0.0042861961620524885,0.0030418619205871836,497,1.0,False,0.9312883435582822,-0.01533516431157659
440185,PS1MD,1326,3,0.34949,21.8996,0.204053,1.0,54.3495,-28.44,,False,False,True,0.001524265445941577,-0.0028373617005172454,-0.0015235996969838652,-0.0013137620035333808,0.001712588611520075,0.006292826476730614,0.32500000000000007,0.004361627146458822,0.0031043972714788625,497,1.0,False,0.9943227899432279,-0.09519278427939462
1248677,DES,1328,3,0.35015,21.9337,0.144515,1.0,53.6462,-28.127,,False,False,True,0.00024171442083171217,-0.004132235609218245,-0.002601958050072714,-0.0015302775591455307,0.0009015217585563947,0.009113361325107741,0.3750000000000001,0.004373950030049957,0.0031146134426641367,497,0.925,False,0.9918032786885246,-0.03530235282857313
1307830,DES,1341,3,0.35946,22.1683,0.152092,1.0,53.2945,-27.9578,,False,False,True,0.0007468869127371943,-0.003800890460090723,-0.00270084772008056,-0.0011000427400101628,0.005842303608396298,0.008368269825028285,0.3750000000000001,0.004547777372827917,0.0032587233725655026,497,0.85,True,0.9571713147410359,0.13339143141439896
1346137,DES,1347,3,0.36325,22.111,0.2134,1.0,53.2592,-26.8541,,False,False,True,0.00036758575575695444,-0.00425095484254126,-0.0026652948901058986,-0.0015856599524353618,0.0027323185510480887,0.009376905545132487,0.3750000000000001,0.004618540598298215,0.003317388961644577,497,1.0,False,0.0904997748761819,0.04971422260105036
1299643,DES,1370,3,0.37676,22.1625,0.152336,1.0,55.1026,-26.7221,,False,False,True,0.00972103916361236,0.004850109186018608,0.0066236066980691535,-0.001773497512050545,0.00772846142431392,-0.01054785217935972,0.3750000000000001,0.004870929977593753,0.0035239273008736433,497,1.0,False,0.0,0.009222018311533083
1299785,DES,1377,3,0.38129,22.2019,0.202337,1.0,53.9115,-28.3193,,False,False,True,0.019698325569798864,0.014742445971104268,0.016259388487383637,-0.0015169425162793698,0.004801827640697035,-0.03229619475942193,0.3750000000000001,0.0049558795986945955,0.003587397578820343,497,1.0,False,0.970325011775789,0.018461134674264974
580275,PS1MD,1380,3,0.38248,22.1196,0.263796,1.0,54.1391,-28.6139,,False,False,True,0.008916304955823906,0.0039381096729990675,0.0001262473738446305,0.0038118622991544374,0.005933062899951027,-0.00854020621189217,0.3750000000000001,0.0049781952828248386,0.003604070786492875,497,1.0,False,0.8397790055248618,-0.07170671866425231
1290779,DES,1388,3,0.38949,22.291,0.190269,1.0,54.7233,-27.9051,,False,False,True,0.0038648213301544694,-0.001244830209605668,0.000490128706355493,-0.001734958915961161,0.0037032641838768373,0.00284959626475754,0.3750000000000001,0.005109651539760137,0.0037022885896730883,497,0.975,False,0.19272908366533864,0.05380213649996441
1291794,DES,1390,3,0.3951,22.2147,0.20185,1.0,55.1693,-28.7119,,False,False,True,0.02315738389530921,0.017942529844649353,0.004296419606106973,0.01364611023854238,0.01676905031678338,-0.03969663270250426,0.3750000000000001,0.005214854050659856,0.003780890854415028,497,1.0,False,0.0,-0.05867421851078796
1333438,DES,1392,3,0.39944,22.4589,0.286551,1.0,52.3525,-28.9967,,False,False,True,0.0007935937042707028,-0.004502646959099452,-0.0024590964982626334,-0.0020435504608368195,0.0024534950312330088,0.009953592936627547,0.3750000000000001,0.005296240663370155,0.0038416990235736765,497,1.0,False,0.9648014440433214,0.15786525543263258
1308314,DES,1400,3,0.40646,22.4384,0.166642,1.0,53.4156,-28.9407,,False,False,True,0.0012450187991838411,-0.004182865647879008,-0.0023083071348141016,-0.001874558513064907,0.0017692300097352177,0.009272504427883858,0.42500000000000016,0.005427884447062849,0.003940056937742733,497,1.0,False,0.39345794392523364,0.06935136489686768
1289600,DES,1414,3,0.4196,22.6132,0.222992,1.0,52.0477,-27.8629,,False,False,True,0.00467507929703062,-0.000999215309251891,0.0006184580836413661,-0.0016176733928932568,0.0029434932786017607,0.0023444820661083655,0.42500000000000016,0.005674294606282511,0.0041241627770848156,497,1.0,False,0.9856938483547926,0.16337705456106744
1340454,DES,1416,3,0.41995,22.1864,0.293175,1.0,54.7539,-27.8432,,False,False,True,0.011581256938695748,0.0059003988959043414,0.007705664564647219,-0.0018052656687428774,0.01851836681507645,-0.013122325909660783,0.42500000000000016,0.005680858042791406,0.004129066661694384,497,1.0,False,0.09913793103448276,-0.26554209540643103
1306626,DES,1418,3,0.42088,22.3648,0.174351,1.0,54.8773,-27.239,,False,False,True,0.0030434843702916155,-0.002654813660937711,-0.0004350912126522195,-0.002219722448285493,0.006307918877672928,0.0059205890057951556,0.42500000000000016,0.0056982980312293265,0.0041420969836569515,497,1.0,False,0.0,-0.09276499513383017
1295256,DES,1448,3,0.44245,22.5993,0.17077,1.0,53.7194,-27.8328,,False,False,True,0.001440958739729521,-0.004671044432727878,-0.002342561563888005,-0.002328482868839874,0.0011594168087113428,0.010372096697844863,0.42500000000000016,0.006112003172457399,0.004401833349042438,497,0.85,True,0.9754232659748772,0.014467545338227816
1253039,DES,1462,3,0.45346,22.6333,0.141558,1.0,54.4186,-27.5274,,False,False,True,0.008217394651335261,0.0018931135573788732,0.004426318012338421,-0.002533204454959548,0.0076906950295822585,-0.003994117823455793,0.4750000000000001,0.006324281093956388,0.004529291063894901,497,1.0,False,0.8052120141342756,0.006381067200892042
1306360,DES,1464,3,0.45477,22.631,0.282863,1.0,53.6767,-26.487,,False,False,True,0.002717121043662234,-0.003632417459664153,-0.0014832198410378995,-0.0021491976186262538,0.0058422073005753705,0.008093576758760303,0.4750000000000001,0.006349538503326387,0.004544456332419581,497,1.0,False,0.0,-0.003289558601195287
310146,PS1MD,1479,3,0.47941,22.6165,0.202088,1.0,52.4866,-28.7419,,False,False,True,0.006194022343097693,-0.0006297584497927484,0.001272922774719262,-0.0019026812245120104,0.006731322847588673,0.0015483353976717181,0.4750000000000001,0.0068237807928904414,0.0048266253292056065,497,1.0,False,0.9845950704225352,-0.15284823814217952
1306537,DES,1480,3,0.47946,22.7577,0.197147,1.0,55.041,-27.5592,,False,False,True,0.01445881703400506,0.007634081609830982,-0.0031990557373870942,0.010833137347218077,0.018397834038418284,-0.016927170773570074,0.4750000000000001,0.006824735424174078,0.004827169269967715,497,1.0,False,0.0,-0.011915634981242042
1292145,DES,1486,3,0.49244,23.0253,0.334315,1.0,53.6305,-29.6489,,False,False,True,0.0071378738289409015,6.531612353495413e-05,0.00025805924714812807,-0.00019274312361317308,0.02155033592197974,-0.0004685703870316721,0.4750000000000001,0.007072557705405947,0.004968376291810809,497,1.0,False,0.0,0.18713700990433402
1343208,DES,1487,3,0.49499,22.8291,0.162788,1.0,52.8465,-28.5442,,False,False,True,0.009956599121463829,0.0028353552205924544,-0.00019957371293808073,0.0030349289335305342,0.0070143594650195805,-0.0060430997622643035,0.4750000000000001,0.007121243900871374,0.004996117270678288,497,1.0,False,0.9782790309106099,-0.022330146889873892
1343759,DES,1498,3,0.50615,22.8513,0.149287,1.0,51.979,-28.5644,,False,False,True,0.005988964861772791,-0.0013453527416061074,-0.0026614766882213,0.0013161239466151936,0.008871049995709248,0.0031081949581723087,0.5250000000000001,0.007334317603378899,0.005117524848780672,497,1.0,False,0.9310344827586207,-0.025157431791590412
450175,PS1MD,1511,3,0.51941,22.9908,0.313952,1.0,53.2864,-28.0844,,False,False,True,0.0019834271112163663,-0.005604058708582764,-0.004269092901058727,-0.001334965807524036,0.0024915551402275764,0.012480872661980816,0.5250000000000001,0.00758748581979913,0.005261777938891568,497,0.775,True,0.9550561797752809,0.04776168612974335
1322979,DES,1517,3,0.52937,23.0383,0.138414,1.0,52.0693,-28.0637,,False,False,True,0.012914809211012871,0.005132956089913146,0.008180973593218347,-0.003048017503305199,0.01682322788875209,-0.011311805163796915,0.5250000000000001,0.007781853121099726,0.005400424811011224,497,1.0,False,0.9532163742690059,0.046293984284152045
1337703,DES,1521,3,0.53225,22.7291,0.220331,1.0,54.8836,-26.7243,,False,False,True,0.07086318169893992,0.06302357072234466,-0.0016195035790360982,0.06464307430138075,0.011191263013225391,-0.1424019037852232,0.5250000000000001,0.007839610976595263,0.005451720639239648,497,1.0,False,0.0,-0.2769037141929183
1289656,DES,1527,3,0.53942,23.0808,0.24298,1.0,54.3017,-27.3554,,False,False,True,0.004202895115145795,-0.0037805088558602413,-0.0004471830838524201,-0.0033333257720078208,0.003322907682306201,0.008516587542885097,0.5250000000000001,0.007983403971006036,0.005579425878266662,497,1.0,False,0.691117984975696,0.04025543120890579
1324542,DES,1529,3,0.54152,23.277,0.240962,1.0,53.8952,-29.048,,False,False,True,0.003455247696327347,-0.004570271377644185,-0.002687860760193776,-0.00188241061745041,0.004650722570672256,0.010236282960847692,0.5250000000000001,0.008025519073971532,0.005616829086349889,497,1.0,False,0.0,0.22642078221550993
1339450,DES,1535,3,0.55046,23.1574,0.375291,1.0,53.621,-29.169,,False,False,True,0.005331754710271601,-0.002873054373467335,-0.002663185093025185,-0.00020986928044214922,0.014955568476712791,0.0063766001850538295,0.5750000000000002,0.008204809083738936,0.005776059886475621,497,1.0,False,0.0,0.05617149501023526
1335868,DES,1585,3,0.61941,23.4418,0.273973,1.0,55.0891,-26.5127,,False,False,True,0.0014843798716892601,-0.008075258548199392,-0.004584728752052406,-0.003490529796146987,0.008653923920011132,0.017914160468444698,0.6250000000000002,0.009559638419888652,0.006597028299583878,497,1.0,False,0.0,0.025057304512854543
1334879,DES,1599,3,0.63934,23.537,0.16971,1.0,52.4089,-28.2164,,False,False,True,0.021138125003078535,0.011153698759202912,0.015270905550580888,-0.004117206791377977,0.025646447476323875,-0.024989687485625155,0.6250000000000002,0.009984426243875622,0.006876396430917899,497,1.0,False,0.9413031771674745,0.037812005468430054
1334707,DES,1607,3,0.64962,23.5275,0.147114,1.0,51.7764,-28.6278,,False,False,True,0.003120976130794669,-0.007090125943473502,-0.003836540774043678,-0.003253585169429824,0.006326753766759623,0.01584435059244109,0.6250000000000002,0.010211102074268171,0.007042028823622791,497,1.0,False,0.7827140549273021,-0.013261036216879959
1262715,DES,1616,3,0.68935,23.6005,0.154427,1.0,53.37,-28.4427,,False,False,True,0.009152451578679353,-0.001956216911262543,-0.004781787356248875,0.0028255704449863302,0.02178169657338869,0.004194107841691136,0.6750000000000002,0.011108668489941896,0.0076979365897662504,497,1.0,False,0.9968960165545784,-0.13800950924417235
1262214,DES,1617,3,0.68936,23.7914,0.270648,1.0,53.5027,-28.6602,,False,False,True,0.0032903523697900413,-0.007818551613459637,-0.004275844190253424,-0.0035427074232062157,0.00879437692336416,0.017391789454178477,0.6750000000000002,0.01110890398324968,0.007698108703115747,497,1.0,False,0.7439429928741093,0.05285257154390709
1335718,DES,1624,3,0.69932,23.8577,0.153542,1.0,52.3094,-28.3854,,False,False,True,0.01533462019057531,0.003991164872773095,0.00819730608178885,-0.0042061412090157535,0.005152626364982202,-0.008351523748332923,0.6750000000000002,0.011343455317802214,0.00786953359921441,497,1.0,False,0.924009324009324,0.08164446993770912
1329166,DES,1640,3,0.73161,23.9269,0.194559,1.0,52.3035,-28.9116,,False,False,True,0.002645938990304046,-0.009458330570482171,-0.004667072993439946,-0.004791257577042225,0.0051168432635485825,0.021164036087616057,0.7250000000000002,0.012104269560786217,0.008409928553102273,497,1.0,False,0.9665071770334929,0.09380683471581508
1285160,DES,1652,3,0.7493,23.9242,0.160977,1.0,52.3989,-28.6476,,False,False,True,0.002723861001286248,-0.009798083720143734,-0.005060869506620096,-0.004737214213523637,0.006189697752852669,0.021927905397356857,0.7250000000000002,0.012521944721429982,0.008673292435463928,497,1.0,False,0.9479073909171861,0.02848053995931609
1329196,DES,1663,3,0.76932,23.9638,0.160486,1.0,53.0758,-28.9065,,False,False,True,0.006593692518833889,-0.0064009405415496375,-0.002946528174516249,-0.003454412367033387,0.005563172357044114,0.014560481726342483,0.7750000000000002,0.012994633060383527,0.008971344720646538,497,1.0,False,0.9775993237531699,0.02168694940762106
1325358,DES,1665,3,0.77929,23.7865,0.309918,1.0,52.2841,-28.9516,,False,False,True,0.006805276903037419,-0.0064193310925355985,-0.001037693666315378,-0.005381637426220221,0.007777825700419876,0.014585233613893168,0.7750000000000002,0.013224607995573017,0.00910340635288015,497,1.0,False,0.9657777777777777,-0.18941695693709337
1309749,DES,1668,3,0.78928,23.9465,0.163342,1.0,52.5384,-27.3174,,False,False,True,0.018317410614042753,0.004869563246093826,0.010135316621494198,-0.0052657533754003685,0.011969819060354889,-0.010318459770227044,0.7750000000000002,0.013447847367948927,0.00921401671694292,497,1.0,False,0.9967259120673526,-0.06287147793718861
Ombo,HST,1675,3,0.97423,24.8581,0.199702,1.0,53.1056,-27.7508,,False,False,True,0.007950183369296574,-0.009519020905714584,-0.0036305793514286302,-0.0058884415542859525,0.006017086652818586,0.021791478271183176,0.9750000000000003,0.01746920427501116,0.011384046021325983,497,1.0,False,0.9978127734033246,0.0
Aphrodite,HST,1684,3,1.29911,25.6111,0.273963,1.0,53.1563,-27.7796,,False,False,True,0.034345582552280596,0.010749352284622399,-0.005558387638023323,0.016307739922645725,0.036714850550858345,-0.024202481551262048,1.2750000000000004,0.023596230267658197,0.016788701187049955,497,1.0,False,0.9986270022883296,0.0
Thoth,HST,1685,3,1.3041,25.4676,0.315363,1.0,53.1033,-27.7716,,False,False,True,0.013023022434412557,-0.01065435127380878,-0.006941577932706801,-0.003712773341101981,0.031770766579384054,0.024009875427498127,1.3250000000000006,0.023677373708221337,0.016828093649777373,497,1.0,False,0.998223011994669,-0.06312090250109934
Inanna,HST,1686,3,1.30611,25.7667,0.444343,1.0,53.1847,-27.9184,,False,False,True,0.011197370200033918,-0.012512688541360152,-0.0038355109655761437,-0.008677177575784008,0.022584193237426893,0.028600446392169313,1.3250000000000006,0.02371005874139407,0.016843961154803848,497,0.9,False,0.9691548426896978,0.23190954815569312
washington,CANDELS,1688,3,1.3291,25.6215,0.23681,1.0,53.0869,-27.8282,,False,False,True,0.010903655840024801,-0.013176359572057327,-0.009072584937426437,-0.004103774634630889,0.006483120965616933,0.030630922080366742,1.3250000000000006,0.02408001541208213,0.017028674766824466,497,1.0,False,0.9784644194756554,0.04060649954513265
Mcguire,HST,1691,3,1.35608,25.5564,0.236747,1.0,53.0418,-27.8305,,False,False,True,0.035261673089825696,0.010768518835791701,-0.012156758093637306,0.022925276929429007,0.03622600060776523,-0.023989040586296362,1.3750000000000004,0.024493154254033995,0.01726287855179015,497,1.0,False,0.9752293577981651,0.08820496337794739
Primo,CANDELS,1695,3,1.54901,26.04,0.232206,1.0,53.1584,-27.7775,,False,False,True,0.030585425316910594,0.0034816701124780955,-0.006771920078138285,0.01025359019061638,0.03482609545955895,-0.007258676247517512,1.5250000000000004,0.0271037552044325,0.019292180944149695,497,1.0,False,0.9986282578875172,0.054353616004910066
000190,PS1MD,742,1,0.10221,19.1555,0.185457,1.0,148.988,2.2635,,False,False,True,3.0034010946815107e-05,-0.0005349516788997832,-0.0004033723682590118,-0.00013157931064077132,0.00013953088214071135,0.001166899918485456,0.125,0.0005649856898465983,0.0003803511063901488,500,1.0,False,0.0,0.13586296207819598
120225,PS1MD,751,1,0.10713,19.5271,0.467763,1.0,150.818,3.4749,,False,False,True,0.008571933335158672,0.008006947645312073,0.008138526955952845,-0.00013157931064077132,0.0041017903840484355,-0.017480397861807728,0.125,0.0005649856898465983,0.0003803511063901488,500,1.0,False,0.0,0.39869409026868025
500038,PS1MD,753,1,0.10794,19.1487,0.185149,1.0,150.193,2.5513,,False,False,True,0.009611409511873259,0.00904642382202666,0.009176126700560198,-0.00012970287853353773,0.006428068816969544,-0.01978545593030767,0.125,0.0005649856898465983,0.0003803511063901488,500,1.0,False,0.9094488188976378,0.0028423955558912212
120336,PS1MD,848,1,0.16122,20.0576,0.244838,1.0,149.082,1.4095,,False,False,True,0.004451791149716636,0.003388928666985441,0.003333639470290951,5.5289196694489776e-05,0.004336880797504367,-0.0073868645214316695,0.17500000000000004,0.0010628624827311948,0.000791872516961369,500,1.0,False,0.0,-0.008207762766222466
350233,PS1MD,857,1,0.16924,20.2625,0.180867,1.0,149.466,3.4824,,False,False,True,0.0001152804160045535,-0.0010578242500213532,-0.0006756726342992184,-0.0003821516157221347,0.0006316411042079051,0.002313622271573709,0.17500000000000004,0.0011731046660259066,0.0008829934919139141,500,1.0,False,0.0,0.08130264072373429
370563,PS1MD,912,1,0.18527,20.5352,0.136717,1.0,150.952,2.646,,False,False,True,0.001975621385474711,0.0005783294165424841,-0.0008186343807050102,0.0013969637972474943,0.0011834109036315662,-0.0012552784707615685,0.17500000000000004,0.001397291968932227,0.0010637656440916116,500,1.0,False,0.02133544053733702,0.13790628925126905
000220,PS1MD,1001,1,0.21972,20.8086,0.121352,1.0,150.537,2.7186,,False,False,True,0.0003621471151721182,-0.0015215737282286129,-0.0009804758388161073,-0.0005410978894125054,0.0007827171107197118,0.0033377916852249247,0.22500000000000003,0.001883720843400731,0.0014506276013120036,500,1.0,False,0.8942868247182277,-0.005990111345209045
370098,PS1MD,1007,1,0.22132,20.7911,0.140687,1.0,150.006,2.4311,,False,False,True,9.07114368250737e-05,-0.0018156011685248473,-0.001166353422752621,-0.0006492477457722261,0.00042113196053586107,0.003977410154481051,0.22500000000000003,0.001906312605349921,0.0014685950652177401,500,1.0,False,0.9534224382341029,-0.041084409934530275
480464,PS1MD,1008,1,0.22132,20.8058,0.202968,1.0,149.8,3.2216,,False,False,True,0.0009978376210391681,-0.000908474984310753,-0.0007533507938474371,-0.00015512419046331588,0.002693808321439285,0.001999256157201771,0.22500000000000003,0.001906312605349921,0.0014685950652177401,500,1.0,False,0.0,-0.026384409934529004
030066,PS1MD,1016,1,0.22542,20.8961,0.171928,1.0,150.183,3.404,,False,False,True,0.002609593026122869,0.000643575792053248,0.0010076364056227944,-0.000364060613569546,0.008241237042119676,-0.0014426246025627948,0.22500000000000003,0.001966017234069621,0.0015156179814932581,500,1.0,False,0.0,0.019363096215556822
000010,PS1MD,1071,1,0.24585,21.1788,0.165167,1.0,149.749,3.1575,,False,False,True,0.0038540770631823743,0.0015113901564628202,-0.0011341908474905126,0.0026455810039533326,0.003986691791942889,-0.00329375523752801,0.22500000000000003,0.002342686906719554,0.001792772786355587,500,1.0,False,0.0,0.09068134007442569
350192,PS1MD,1210,1,0.30142,21.6055,0.189791,1.0,148.716,1.9617,,False,False,True,0.0009102788541655031,-0.0023700667437081715,-0.0011936755975459732,-0.0011763911461621984,0.002480291277573973,0.005221280719132056,0.32500000000000007,0.0032803455978736747,0.0024328380797670637,500,1.0,False,0.0,-0.020076580112128907
000420,PS1MD,1237,1,0.31144,21.7593,0.139148,1.0,149.82,1.6135,,False,False,True,0.0008741441581719592,-0.002557987231305218,-0.0018475428829256744,-0.0007104443483795435,0.004369600493849597,0.005622930366076822,0.32500000000000007,0.0034321313894771772,0.002525610066559447,500,1.0,False,0.5850492390331244,0.05247256962621057
120085,PS1MD,1261,1,0.32206,21.4741,0.197428,1.0,150.471,2.0426,,False,False,True,0.0014865851991446514,-0.002106420951493125,-0.0007503317583901856,-0.0013560891931029399,0.003873319554314843,0.004650498430300176,0.32500000000000007,0.0035930061506377767,0.0026239372621417937,500,1.0,False,0.9814066289409863,-0.31624323917760616
05D2ab,SNLS,1265,1,0.32446,21.8169,0.123552,1.0,150.462,2.1063,,False,False,True,0.001685553789231763,-0.0019438082396343983,-0.0006208482893231783,-0.0013229599503112198,0.003001683994771811,0.004304731449576742,0.32500000000000007,0.0036293620288661613,0.0026461580973016464,500,1.0,False,0.9833200953137411,0.008036818988642468
120369,PS1MD,1283,1,0.33047,21.9776,0.128807,1.0,150.995,2.2624,,False,False,True,0.000417081266508625,-0.003305781516115088,-0.0019920720831882992,-0.0013137094329267887,0.0012941746217958084,0.007277419384064167,0.32500000000000007,0.003722862782623713,0.0026991331602583993,500,1.0,False,0.0,0.1229106570145074
580235,PS1MD,1289,1,0.33147,21.7771,0.217018,1.0,150.235,2.5796,,False,False,True,0.007750464365604642,0.0040120036522394,0.005050416921109904,-0.001038413268870504,0.008764837668654733,-0.00876545112527634,0.32500000000000007,0.003738460713365242,0.002707903795550133,500,1.0,False,0.91112828438949,-0.08513932015490192
370344,PS1MD,1291,1,0.33147,21.8482,0.163826,1.0,150.174,1.8316,,False,False,True,0.0006712908212507478,-0.0030671698921144945,-0.0019154728276542315,-0.0011516970644602632,0.003467822048015112,0.006746280039132667,0.32500000000000007,0.003738460713365242,0.002707903795550133,500,1.0,False,0.9851007887817704,-0.014039320154904202
380318,PS1MD,1305,1,0.33818,21.892,0.20951,1.0,150.413,3.2498,,False,False,True,0.0003194235061061857,-0.0035236993225347193,-0.00209568560795079,-0.0014280137145839295,0.001724315090082388,0.0077547304371914675,0.32500000000000007,0.003843122828640905,0.00276675475835767,500,1.0,False,0.0,-0.020360538826061626
380279,PS1MD,1323,1,0.34939,21.9503,0.166428,1.0,149.827,2.9349,,False,False,True,0.0024157633717390168,-0.0016022122605144334,-0.0009453361867687925,-0.0006568760737456407,0.0026014046053817286,0.0035811797947359423,0.32500000000000007,0.00401797563225345,0.00286507357997801,500,1.0,False,0.12188473520249221,-0.04377484090867904
04D2mc,SNLS,1324,1,0.34949,21.752,0.224702,1.0,150.148,1.7842,,False,False,True,0.0016677268161590189,-0.0023518086091685844,-0.00186542664307248,-0.00048638196609610516,0.0016687835367806198,0.005213226354246184,0.32500000000000007,0.004019535425327603,0.002865950643507184,500,1.0,False,0.9802718106093818,-0.24279278427939524
05D2ie,SNLS,1325,1,0.34949,22.1226,0.169292,1.0,150.262,2.6581,,False,False,True,0.0024835125787038407,-0.0015360228466237626,-0.00024886562683371864,-0.0012871572197900448,0.0055106602740403274,0.003399496109047536,0.32500000000000007,0.004019535425327603,0.002865950643507184,500,1.0,False,0.9185788304959289,0.12780721572060436
000196,PS1MD,1329,1,0.35059,21.9812,0.160871,1.0,150.115,2.694,,False,False,True,0.00754810513146228,0.0035114119823189934,-0.0019228547487620262,0.0054342667310810205,0.005013596305960601,-0.007643101960950891,0.3750000000000001,0.004036693149143286,0.0028755983423280917,500,1.0,False,0.9070813038591232,0.009046470549925863
05D2hc,SNLS,1331,1,0.35149,22.2268,0.207758,1.0,150.019,1.886,,False,False,True,0.006804381779266795,0.002753650492456133,0.004079706994351215,-0.0013260565018950819,0.002632247350462586,-0.005950590832756246,0.3750000000000001,0.004050731286810662,0.0028834919140906523,500,1.0,False,0.974910394265233,0.248212286423577
120400,PS1MD,1332,1,0.35149,22.0813,0.136315,1.0,149.628,2.8718,,False,False,True,0.0006281624221421486,-0.0034225688646685134,-0.002337133866579815,-0.0010854349980886986,0.00533586659622598,0.0075300349894256765,0.3750000000000001,0.004050731286810662,0.0028834919140906523,500,1.0,False,0.3115646258503401,0.10271228642357506
05D2mp,SNLS,1334,1,0.35519,22.2117,0.221402,1.0,149.786,2.204,,False,False,True,0.0009668952306215074,-0.003141548399932814,-0.0017669184700955837,-0.0013746299298372303,0.002345465868835171,0.006936531241927431,0.3750000000000001,0.004108443630554321,0.0029159432646700687,500,1.0,False,0.9911231184870706,0.20682013028314833
04D2fs,SNLS,1338,1,0.3585,21.8954,0.287731,1.0,150.092,1.7654,,False,False,True,0.0007582756138095764,-0.003401797167499207,-0.0024630764646960857,-0.0009387207028031211,0.004935723786751294,0.00748619589381319,0.3750000000000001,0.004160072781308783,0.002944974067485709,500,1.0,False,0.9795361527967258,-0.13278632683621433
04D2cf,SNLS,1359,1,0.37052,22.1229,0.160993,1.0,150.484,1.8795,,False,False,True,0.0029068804706531494,-0.0014406794381688188,8.223721051344411e-05,-0.0015229166486822629,0.005018956061846527,0.0032244239011910425,0.3750000000000001,0.004347559908821968,0.0030503971036923544,500,1.0,False,0.9564676616915423,0.01172426420276202
000199,PS1MD,1366,1,0.37153,22.1312,0.11347,1.0,151.231,2.5909,,False,False,True,0.003503799480166701,-0.0008595143387042127,0.0005933926377565645,-0.001452906976460777,0.0068740774488083075,0.0019346014511803528,0.3750000000000001,0.0043633138188709135,0.0030592554453370063,500,1.0,False,0.0,0.013165199817528679
590031,PS1MD,1372,1,0.37852,22.1741,0.180392,1.0,149.073,2.0023,,False,False,True,0.003291973981601269,-0.0012002045975791648,0.00023802328355744962,-0.001438227881136614,0.004739152907002798,0.0027079090504388533,0.3750000000000001,0.004492178579180434,0.003129206228928216,500,1.0,False,0.0,0.009064081635227046
000011,PS1MD,1378,1,0.38153,22.4245,0.217312,1.0,149.976,2.4119,,False,False,True,0.002368378553732489,-0.0021877111678671505,-0.0018941393741456858,-0.0002935717937214649,0.0061827505868862955,0.004837862553049218,0.3750000000000001,0.0045560897215996396,0.0031629974801151385,500,1.0,False,0.9530386740331491,0.23947250628144096
120086,PS1MD,1389,1,0.39255,22.2212,0.235747,1.0,150.789,2.1434,,False,False,True,0.002605813444722875,-0.0021842632501191776,-0.00033910008880846595,-0.0018451631613107123,0.003922937655974216,0.004867651314448475,0.3750000000000001,0.004790076694842053,0.0032867116289788893,500,1.0,False,0.5459533607681756,-0.03579001332967729
04D2fp,SNLS,1410,1,0.41657,22.4765,0.146745,1.0,149.867,2.321,,False,False,True,0.0010321614102323062,-0.004267930447702555,-0.0023128519144075496,-0.0019550785332950052,0.005005634320630435,0.009421180576460087,0.42500000000000016,0.005300091857934861,0.0035563680587163927,500,1.0,False,0.9620398773006135,0.045091979783592376
05D2dw,SNLS,1411,1,0.41857,22.3644,0.200288,1.0,149.634,2.0322,,False,False,True,0.002376427122626679,-0.0029661306106697812,-0.0008282374302246132,-0.002137893180445168,0.003480160681368442,0.0066024792541081135,0.42500000000000016,0.00534255773329646,0.003578820717312355,500,1.0,False,0.9845511482254697,-0.07917702271917536
05D2cb,SNLS,1432,1,0.42859,22.6295,0.402639,1.0,149.852,2.3282,,False,False,True,0.001758952220203459,-0.003788390834653564,-0.001708696685969789,-0.0020796941486837753,0.006629324691667153,0.008365674753353163,0.42500000000000016,0.005547343054857023,0.003694603878831166,500,1.0,False,0.9619916381603952,0.12576020548003453
06D2gb,SNLS,1450,1,0.44361,22.54,0.180208,1.0,150.198,1.9854,,False,False,True,0.009908936277136578,0.004076014354663744,0.0012683263245061019,0.0028076880301576403,0.0064660641396254645,-0.008849455441487877,0.42500000000000016,0.005832921922472834,0.003877010541581739,500,1.0,False,0.997539975399754,-0.05151151239643058
04D2gb,SNLS,1457,1,0.45162,22.3362,0.223723,1.0,150.594,1.8942,,False,False,True,0.005329081056679565,-0.0006561369196949112,0.00031094192990941284,-0.0009670788496043254,0.002641447116435977,0.0016031839243393197,0.4750000000000001,0.005985217976374476,0.003974285998880813,500,1.0,False,0.9443950177935944,-0.2803326283399016
120094,PS1MD,1458,1,0.45162,22.7393,0.152341,1.0,150.526,2.0878,,False,False,True,0.002075744126876176,-0.0039094738494983,-0.002423441611457684,-0.0014860322380406182,0.002565373472992334,0.008697345624211088,0.4750000000000001,0.005985217976374476,0.003974285998880813,500,1.0,False,0.9862847922549415,0.12276737166009688
000215,PS1MD,1470,1,0.46654,22.795,0.133213,1.0,150.81,3.1442,,False,False,True,0.0021447533838047095,-0.004124142136166832,-0.0017965039930709728,-0.00232763814309586,0.007942599527071324,0.009120977181969126,0.4750000000000001,0.0062688955199715415,0.0041554782364466285,500,1.0,False,0.0,0.09536349008740863
370367,PS1MD,1475,1,0.47163,22.7268,0.209178,1.0,149.222,1.9779,,False,False,True,0.002798190872179012,-0.0035674820403467557,-0.0010620014547251858,-0.0025054805856215712,0.006667392625413537,0.007934237258983654,0.4750000000000001,0.006365672912525768,0.004217292478350784,500,1.0,False,0.2593305117352828,-0.0006197094094942966
05D2bv,SNLS,1477,1,0.47565,22.685,0.175042,1.0,150.571,2.2406,,False,False,True,0.007018113168871943,0.0005765574269246728,0.002876025912630259,-0.0022994684857055876,0.011010587698954086,-0.0011899852200738907,0.4750000000000001,0.00644155574194727,0.004263955668017602,500,1.0,False,0.9319804584742578,-0.06416477371878238
05D2ac,SNLS,1483,1,0.48065,22.7218,0.136578,1.0,149.747,2.4895,,False,False,True,0.0022823862180251374,-0.0042500019084584836,-0.0017377604197505564,-0.0025122414887079293,0.002977222180748924,0.009468543980275801,0.4750000000000001,0.006532388126483621,0.004308086906021365,500,1.0,False,0.8963310580204779,-0.05417198235664167
120044,PS1MD,1484,1,0.48164,23.0525,0.209151,1.0,148.792,1.7302,,False,False,True,0.006189144427098977,-0.0003612285115228422,-0.0022938872031316284,0.0019326586916087844,0.007982673364500268,0.0009253565924068688,0.4750000000000001,0.006550372938621819,0.0043168248911461095,500,1.0,False,0.0,0.2712511892404422
06D2bk,SNLS,1491,1,0.50067,23.004,0.252376,1.0,149.679,2.172,,False,False,True,0.002044095486469876,-0.004851985507697292,-0.0021050325064015654,-0.002746953001295727,0.003861928075613042,0.010796381081497775,0.5250000000000001,0.006896080994167168,0.004484788382988428,500,1.0,False,0.9803120356612184,0.15553844393269206
05D2dy,SNLS,1504,1,0.51169,23.1355,0.225672,1.0,150.242,2.1831,,False,False,True,0.0023985240143590734,-0.004697751555326212,-0.002085622761088142,-0.0026121287942380703,0.008411354790021653,0.010417476399008474,0.5250000000000001,0.007096275569685285,0.004582053631548721,500,1.0,False,0.9861619861619861,0.2310281090350414
04D2mj,SNLS,1507,1,0.51469,23.0729,0.402018,1.0,150.152,2.5771,,False,False,True,0.003872997320951007,-0.003277777679456089,-0.001806049410682058,-0.0014717282687740315,0.00794198513517859,0.00733341339198702,0.5250000000000001,0.007150775000407096,0.004608532374350979,500,1.0,False,0.9258252427184466,0.15337657983884218
04D2gc,SNLS,1513,1,0.52271,23.0966,0.272593,1.0,150.414,1.8831,,False,False,True,0.0013610341918518004,-0.005935435953351602,-0.0031308239764235224,-0.0028046119769280795,0.001998829652687618,0.01319176948466861,0.5250000000000001,0.0072964701452034025,0.0046793188801090135,500,1.0,False,0.9662107803700724,0.13724028214432654
06D2ca,SNLS,1522,1,0.53271,22.9942,0.293113,1.0,149.79,2.3025,,False,False,True,0.0027034928540449173,-0.004777690185365177,-0.001872430129096686,-0.002905260056268491,0.007984895719648803,0.010617324073728306,0.5250000000000001,0.007481183039410094,0.004762174403432564,500,1.0,False,0.9604499274310595,-0.01403284770517682
06D2cc,SNLS,1523,1,0.53372,22.9119,0.272484,1.0,149.862,2.4514,,False,False,True,0.011404241459968495,0.0039043109784429753,-0.003491014704966131,0.0073953256834091066,0.020582521088917557,-0.008799954998653194,0.5250000000000001,0.007499930481525519,0.004770380609720632,500,1.0,False,0.9500998003992016,-0.1012208947200855
05D2eb,SNLS,1526,1,0.53572,22.9604,0.20776,1.0,150.061,2.4074,,False,False,True,0.07427750268745195,0.06674044855817311,-0.0038867104845492734,0.07062715904272238,0.029213290356231696,-0.15204312776318354,0.5250000000000001,0.007537054129278839,0.004786630523162352,500,1.0,False,0.9545454545454546,-0.0623745338624489
06D2ck,SNLS,1537,1,0.55375,23.237,0.205365,1.0,150.367,1.8636,,False,False,True,0.004135605691087273,-0.003736118122687735,-0.0007036746629717457,-0.0030324434597159876,0.004450894559437423,0.008428576309284163,0.5750000000000002,0.007871723813775008,0.004933123492839449,500,1.0,False,0.9823914823914824,0.1203632670342241
05D2dt,SNLS,1551,1,0.57577,23.3385,0.211441,1.0,150.35,1.8577,,False,False,True,0.0021201839432970497,-0.006159621971981635,-0.0030023731865146575,-0.0031572487854669754,0.004797825560401904,0.01372565015056839,0.5750000000000002,0.008279805915278684,0.005114545011548206,500,1.0,False,0.987936772046589,0.12090912602446018
04D2mh,SNLS,1571,1,0.59179,23.1978,0.254399,1.0,149.941,2.141,,False,False,True,0.004292145373318168,-0.004271512974268457,-0.0011868550049183128,-0.003084657969350141,0.004492525754721339,0.009633863100720137,0.5750000000000002,0.008563658347586624,0.005296927268711431,500,1.0,False,0.990191707534552,-0.09096650472636832
05D2he,SNLS,1579,1,0.60981,23.4346,0.320347,1.0,150.361,2.3177,,False,False,True,0.005098369655565179,-0.003784578381796043,-0.002902341694085608,-0.0008822366877104331,0.013377162034188709,0.008427375195227156,0.6250000000000002,0.008882948037361222,0.0055020788463694395,500,1.0,False,0.9303867403314917,0.05847487553284675
000202,PS1MD,1586,1,0.61983,23.5027,0.15249,1.0,150.539,1.8992,,False,False,True,0.017599430957482762,0.008538942260213579,0.008320077655590268,0.00021886460462330936,0.010023423484038499,-0.01855164311674127,0.6250000000000002,0.009060488697269184,0.005616153142048309,500,1.0,False,0.9455550829434284,0.08419398296993047
04D2an,SNLS,1588,1,0.62183,23.3364,0.274297,1.0,150.218,2.0412,,False,False,True,0.004390859068021698,-0.004705066886714146,-0.0015980788390453074,-0.003106988047668837,0.009863457627291542,0.010536027509141632,0.6250000000000002,0.009095925954735844,0.005638922462543095,500,1.0,False,0.996232733361239,-0.09048722489725752
05D2ci,SNLS,1592,1,0.63183,23.0581,0.325833,1.0,150.008,2.2159,,False,False,True,0.002915479922508805,-0.0063570859728812,-0.003980322080353999,-0.0023767638925272,0.008406064127899534,0.01417337466974646,0.6250000000000002,0.009272565895390005,0.005777818228805268,500,1.0,False,0.9921422663358147,-0.41031222663458583
05D2ec,SNLS,1600,1,0.64185,23.5946,0.255519,1.0,149.859,2.0136,,False,False,True,0.001457993526902793,-0.007991311506619928,-0.004425652636387364,-0.003565658870232563,0.008123446608697144,0.017750538118443758,0.6250000000000002,0.009449305033522721,0.005928641078094429,500,1.0,False,0.9877991553261379,0.08520287754472927
05D2bt,SNLS,1612,1,0.6819,23.5846,0.23784,1.0,150.418,2.5662,,False,False,True,0.01960372188964541,0.009423322213825792,0.00915616472095885,0.0002671574928669405,0.016911263093004995,-0.020680612121169235,0.6750000000000002,0.010180399675819619,0.0064939347442294305,500,1.0,False,0.9725274725274725,-0.12551217812154106
05D2ck,SNLS,1625,1,0.69992,23.8617,0.294144,1.0,150.188,2.5729,,False,False,True,0.009408983326905028,-0.001153685423498925,0.0014110801871214636,-0.0025647656106203886,0.014500440243327143,0.0027528234753766284,0.6750000000000002,0.010562668750403953,0.006667119689626764,500,1.0,False,0.9207882534775889,0.08340134173293211
04D2iu,SNLS,1628,1,0.70192,23.6432,0.461925,1.0,150.305,2.415,,False,False,True,0.007210680392267908,-0.0033944155584228735,-0.0037695138580322385,0.0003750982996093633,0.01471199795679155,0.007649767000701559,0.7250000000000002,0.010605095950690781,0.006686341104210263,500,1.0,False,0.9554140127388535,-0.08143302249731688
05D2le,SNLS,1629,1,0.70192,23.7903,0.251306,1.0,150.479,2.0929,,False,False,True,0.018098436565534788,0.007493340614844007,-0.003907161632568845,0.01140050224741285,0.022709669751262377,-0.016595196343116146,0.7250000000000002,0.010605095950690781,0.006686341104210263,500,1.0,False,0.9867256637168141,0.06566697750268136
04D2gp,SNLS,1642,1,0.73395,23.967,0.387349,1.0,149.835,2.5089,,False,False,True,0.0028314100651268986,-0.008460054554112428,-0.004873040799539266,-0.003587013754573162,0.003719463377384408,0.018960891357136106,0.7250000000000002,0.011291464619239326,0.007013887736797707,500,1.0,False,0.9308176100628931,0.12553952508053146
05D2fq,SNLS,1643,1,0.73495,24.0007,0.222986,1.0,149.785,2.602,,False,False,True,0.010120991445646701,-0.0011924573945131314,0.0030730201442176093,-0.004265477538730741,0.010695775645399907,0.002959796954399071,0.7250000000000002,0.011313448840159833,0.0070257013131433885,500,1.0,False,0.9474157303370786,0.15567158502931167
05D2ct,SNLS,1645,1,0.73596,23.9145,0.424782,1.0,150.426,2.1238,,False,False,True,0.01587877075132607,0.004543117848036529,0.0069639506161464195,-0.0024208327681098894,0.025767711371276557,-0.010266933353291197,0.7250000000000002,0.011335652903289542,0.007037633025252527,500,1.0,False,0.9743788819875776,0.0658727090680401
04D2ja,SNLS,1647,1,0.74196,24.2283,0.324017,1.0,149.702,1.7717,,False,False,True,0.002933344091368182,-0.008534214137444398,-0.004765289536737627,-0.0037689246007067702,0.008116411913011875,0.019068627194906512,0.7250000000000002,0.01146755822881258,0.00710851448332662,500,1.0,False,0.9986301369863013,0.3583908559538088
04D2kr,SNLS,1650,1,0.74607,23.7287,0.253305,1.0,150.156,1.7119,,False,False,True,0.018707818790384627,0.007149905413588764,-0.0007310519638978261,0.007880957377486592,0.018526527668430454,-0.01563494698680118,0.7250000000000002,0.011557913376795863,0.007157068282107375,500,1.0,False,0.9000920810313076,-0.1556916902180333
05D2nt,SNLS,1654,1,0.75899,23.9939,0.231584,1.0,150.243,2.3727,,False,False,True,0.006656958771690294,-0.005184990739398512,-0.0024452133466445255,-0.0027397773927539857,0.00441236974961896,0.011850527530295495,0.7750000000000002,0.011841949511088806,0.00730969968849359,500,1.0,False,0.9603047313552526,0.08726113791340251
carter,CANDELS,1694,1,1.5429,25.8372,0.370031,1.0,150.061,2.1924,,False,False,True,0.043290042860749126,0.01571088577974144,0.017908126790413616,-0.0021972410106721775,0.034840611340430684,-0.034935914071559104,1.5250000000000004,0.027579157081007687,0.017295383477589153,500,1.0,False,0.9912645590682196,-0.138025009577742
05D3mq,SNLS,1075,39,0.2466,21.1377,0.152782,1.0,214.752,52.3851,,False,False,True,0.004179036156075477,0.002688614999999365,-0.000986596718556625,0.00367521171855599,0.00024038146627104376,-0.005856526288280999,0.22500000000000003,0.0014904211560761117,0.000960570936449075,500,1.0,False,0.0,0.04213527245369181
04D3ez,SNLS,1125,39,0.2636,21.1467,0.175278,1.0,214.783,53.072,,False,False,True,0.013387443800074972,0.0117308523472028,0.012187397074990426,-0.0004565447277876266,0.006901752625001487,-0.02570292442018291,0.275,0.0016565914528721723,0.001058938104076002,500,1.0,False,0.0,-0.11751576392838721
06D3fp,SNLS,1139,39,0.2686,21.2023,0.238883,1.0,215.077,52.8972,,False,False,True,8.838286511560656e-05,-0.0016170822044612892,-0.0011084701732408824,-0.0005086120312204067,0.0009026018232077008,0.0035418534960131236,0.275,0.0017054650695768959,0.001087869623966275,500,1.0,False,0.0,-0.10811461471557045
520188,PS1MD,1159,39,0.2806,21.4133,0.150697,1.0,215.524,52.5446,,False,False,True,0.002029754025656976,0.0001987708423663527,0.0007512476782632863,-0.0005524768358969335,0.001758025018458952,-0.00040509784119275444,0.275,0.0018309831832906234,0.0011853346607783436,500,1.0,False,0.0,-0.004823850682138935
06D3dt,SNLS,1162,39,0.28266,21.491,0.296127,1.0,214.34,52.4528,,False,False,True,0.00076767650073501,-0.001086466925720482,-0.00067799388394614,-0.00040847304177434154,0.0011040568407111604,0.0023921325293691648,0.275,0.001854143426455492,0.0012075652579544498,500,1.0,False,0.0,0.0548161295747223
500301,PS1MD,1267,39,0.3256,22.0095,0.253854,1.0,215.548,52.6318,,False,False,True,0.0035988501015132087,0.001261947353898276,0.0019521267619130147,-0.0006901794080147385,0.006187384923696777,-0.0027477224318677336,0.32500000000000007,0.0023369027476149327,0.0016675306394733707,500,1.0,False,0.0,0.1918842488511668
04D3kr,SNLS,1303,39,0.33762,21.8947,0.174019,1.0,214.15,52.4789,,False,False,True,0.0014501648317387177,-0.0010217149886713613,-0.0007570156797082328,-0.00026469930896312854,0.002653143649249975,0.0022615715365020997,0.32500000000000007,0.002471879820410079,0.001728653715478042,500,1.0,False,0.0,-0.013512949979098833
04D3nh,SNLS,1308,39,0.34061,21.9207,0.190519,1.0,215.611,52.3334,,False,False,True,0.0006291419045323088,-0.001876313743469908,-0.0011387258876521412,-0.0007375878558177667,0.0007845302612680037,0.004128146590838636,0.32500000000000007,0.0025054556480022167,0.0017438582077620663,500,1.0,False,0.0,-0.009584703598669732
04D3fk,SNLS,1337,39,0.35842,21.9893,0.214298,1.0,214.609,52.5285,,False,False,True,0.0007505916606834096,-0.001954859134280668,-0.0015223989409315305,-0.00043246019334913777,0.0020491802580601196,0.004302998695720643,0.3750000000000001,0.0027054507949640775,0.001834424096584296,500,1.0,False,0.0,-0.03832538659457179
05D3jr,SNLS,1362,39,0.37062,22.02,0.281113,1.0,214.87,52.8648,,False,False,True,0.00531590256520524,0.0024734534101662226,0.003289321949787755,-0.0008158685396215335,0.008559750747573234,-0.005411183696235663,0.3750000000000001,0.0028424491550390176,0.001896462493194694,500,1.0,False,0.0,-0.09185562467085966
390471,PS1MD,1363,39,0.37062,21.8168,0.133144,1.0,214.52,53.014,,False,False,True,0.001832250696407038,-0.0010101984586319795,-0.0003217760138009547,-0.0006884224448310257,0.005315886660751698,0.002227245162559557,0.3750000000000001,0.0028424491550390176,0.001896462493194694,500,1.0,False,0.0,-0.2950556246708586
06D3ed,SNLS,1397,39,0.40463,22.4217,0.163837,1.0,214.699,52.7566,,False,False,True,0.0010811538537460709,-0.0022117557296757653,-0.001245733790643246,-0.0009660219390325197,0.0006253230018917554,0.004886569448867838,0.42500000000000016,0.003292909583421836,0.002263355839632475,500,1.0,False,0.0,0.06409305406105416
520071,PS1MD,1408,39,0.41161,22.5601,0.146641,1.0,215.504,53.6193,,False,False,True,0.0006019253349489097,-0.0027855136066660853,-0.0017750800964203193,-0.001010433510245766,0.003329290330626276,0.00612740816968379,0.42500000000000016,0.0033874389416149947,0.0023445388097412044,500,1.0,False,0.0,0.15910750579226385
05D3cf,SNLS,1415,39,0.41965,22.5451,0.234205,1.0,214.223,52.3451,,False,False,True,0.0023403927232891223,-0.0011559310377919183,-0.0005538419791345913,-0.0006020890586573276,0.0050822763539540875,0.002569850019714339,0.42500000000000016,0.0034963237610810406,0.0024380504257403715,500,1.0,False,0.0,0.09497421805429353
06D3df,SNLS,1449,39,0.44263,22.6509,0.137065,1.0,215.572,52.9577,,False,False,True,0.0005991685042920775,-0.0032117147348173086,-0.002274978235409521,-0.0009367364994077882,0.00252484438539942,0.007074306310810465,0.42500000000000016,0.003810883239109386,0.0027235002929220124,500,1.0,False,0.0,0.06503006915242805
040137,PS1MD,1452,39,0.44764,22.6022,0.222321,1.0,214.46,52.801,,False,False,True,0.0021222224054682918,-0.0017574609576679742,-0.0007611779660473665,-0.0009962829916206075,0.002052934919011654,0.003916627750491532,0.42500000000000016,0.003879683363136266,0.0027869352186238325,500,1.0,False,0.0,-0.012389429608592784
04D3gt,SNLS,1459,39,0.45163,22.4632,0.304189,1.0,215.636,52.6469,,False,False,True,0.004016847899984527,8.2371623701105e-05,0.0010026794123768638,-0.0009203077886757587,0.00782352993313931,-0.00014882741351662093,0.4750000000000001,0.003934476276283422,0.002837455249272588,500,1.0,False,0.0,-0.1533891824194803
380199,PS1MD,1466,39,0.46064,22.7491,0.189025,1.0,215.233,53.0089,,False,False,True,0.001996922327014875,-0.002061284312039442,-0.0008928054464064899,-0.0011684788656329522,0.0032774559750360054,0.004580562571819758,0.4750000000000001,0.004058206639054317,0.0029515368222413326,500,1.0,False,0.0,0.08202508537566977
05D3lc,SNLS,1468,39,0.46164,22.7309,0.135783,1.0,215.596,52.4789,,False,False,True,0.0024379120028683587,-0.0016340271958719624,-0.0004150946773320988,-0.001218932518539864,0.003276353389338648,0.003652294723814683,0.4750000000000001,0.004071939198740321,0.002964198484058063,500,1.0,False,0.0,0.05827881807685109
05D3mx,SNLS,1474,39,0.47065,22.7605,0.178608,1.0,215.538,52.2192,,False,False,True,0.01088963649795579,0.006693966936444574,0.007965483535894515,-0.0012715165994499418,0.008415931995321818,-0.014617021320819884,0.4750000000000001,0.004195669561511217,0.0030782800570268065,500,1.0,False,0.0,0.03840762727398406
05D3dd,SNLS,1482,39,0.48064,22.7511,0.158073,1.0,215.627,52.6068,,False,False,True,0.012845616923065344,0.008510119752182403,0.009667611590064497,-0.001157491837882095,0.0123580126694515,-0.01871672754685995,0.4750000000000001,0.004335497170882941,0.0031784518386957345,500,1.0,False,0.0,-0.02481862912772137
06D3el,SNLS,1512,39,0.51968,23.0375,0.194591,1.0,214.255,52.2324,,False,False,True,0.002608783864135452,-0.002281101897839016,-0.0011068861839823117,-0.0011742157138567044,0.007906615424997649,0.005040563945932832,0.5250000000000001,0.004889885761974468,0.003490588771318146,500,1.0,False,0.0,0.09312263940434623
04D3hn,SNLS,1536,39,0.55267,22.9408,0.242653,1.0,215.529,52.2286,,False,False,True,0.016082999568557424,0.010700017463543588,0.012333221203139006,-0.0016332037395954183,0.0212983202705564,-0.023771206343523192,0.5750000000000002,0.005382982105013836,0.0037362588316573824,500,1.0,False,0.0,-0.17078826336797912
06D3et,SNLS,1553,39,0.57668,23.1733,0.164644,1.0,215.52,52.3384,,False,False,True,0.0010107334808407088,-0.004733983468097463,-0.002988228883526872,-0.0017457545845705894,0.004550523661789216,0.010466403188587946,0.5750000000000002,0.005744716948938172,0.003919461744963483,500,1.0,False,0.0,-0.048383885457878154
05D3jq,SNLS,1559,39,0.57967,23.1393,0.229578,1.0,215.439,53.0299,,False,False,True,0.0010639072955878372,-0.00472489024358486,-0.0030262181233721474,-0.001698672120212711,0.0007915892385985491,0.010471668377512382,0.5750000000000002,0.005788797539172697,0.003953758979250473,500,1.0,False,0.0,-0.09578943441813799
05D3gp,SNLS,1560,39,0.58067,23.32,0.261104,1.0,215.676,52.7247,,False,False,True,0.0009481859942538395,-0.004855354217238096,-0.0036606523807116175,-0.0011947018365264773,0.0029806063266803926,0.01074719215022496,0.5750000000000002,0.005803540211491935,0.003965229626169199,500,1.0,False,0.0,0.08044171137316063
05D3lr,SNLS,1572,39,0.60067,23.3586,0.277528,1.0,215.551,53.1843,,False,False,True,0.005857881877865904,-0.0002405117800108065,0.0015442992071408972,-0.001784810987151703,0.007543628227435395,0.000665158609320534,0.6250000000000002,0.00609839365787671,0.004194642564543711,500,1.0,False,0.0,0.021714743747987156
04D3do,SNLS,1580,39,0.61071,23.4156,0.182249,1.0,214.442,52.2676,,False,False,True,0.002084197459755056,-0.00416221262820681,-0.0024615744517365304,-0.0017006381764702791,0.004432065186728288,0.009254279864104459,0.6250000000000002,0.006246410087961866,0.0043098078596077154,500,1.0,False,0.0,0.035641255622836876
04D3co,SNLS,1587,39,0.6207,23.4458,0.266773,1.0,214.458,52.9636,,False,False,True,0.013932052899029074,0.007538363514598012,0.008543965051496091,-0.0010056015368980784,0.014092435560493718,-0.016554340674772294,0.6250000000000002,0.006393689384431062,0.004424399622325785,500,1.0,False,0.0,0.0236450008432369
04D3cy,SNLS,1602,39,0.64371,23.5462,0.308662,1.0,214.552,52.6583,,False,False,True,0.007592751731682664,0.0008373291515703877,0.002302455085611655,-0.0014651259340412663,0.012835362363978104,-0.0018006117356217464,0.6250000000000002,0.0067554225801122764,0.004656667328635753,500,1.0,False,0.0,0.029262074261494134
05D3ax,SNLS,1603,39,0.64371,23.5504,0.315374,1.0,214.823,52.6875,,False,False,True,0.006731787806222169,-2.3634773890107187e-05,0.0019267636986835066,-0.0019503984725736127,0.009706654126557416,0.00016508396118659723,0.6250000000000002,0.0067554225801122764,0.004656667328635753,500,1.0,False,0.0,0.033462074261495
05D3lb,SNLS,1604,39,0.6477,23.566,0.287168,1.0,214.382,53.1679,,False,False,True,0.0011226012704561878,-0.005696443726640956,-0.0038119194969266266,-0.0018845242297143303,0.007845541118639079,0.012575871955398443,0.6250000000000002,0.006819044997097144,0.0046956810250009156,500,1.0,False,0.0,0.032955695349231984
05D3kt,SNLS,1606,39,0.6487,23.4805,0.309502,1.0,214.974,52.743,,False,False,True,0.0011920804654414426,-0.005642909999571708,-0.004202906796504965,-0.0014400032030667438,0.0028996904682235505,0.012515427653173782,0.6250000000000002,0.006834990465013151,0.004705458893764114,500,1.0,False,0.0,-0.05656615530028991
05D3hs,SNLS,1609,39,0.6647,23.6168,0.232426,1.0,215.307,52.9038,,False,False,True,0.0020266776489040136,-0.0050634403027652475,-0.002983537487759695,-0.0020799028150055524,0.0027400459721310957,0.01127797119806212,0.6750000000000002,0.007090117951669261,0.004861904793975292,500,1.0,False,0.0,-0.02659921959090807
05D3mh,SNLS,1610,39,0.67072,23.8147,0.273465,1.0,214.749,52.6676,,False,False,True,0.001944823589831721,-0.0052412860786919015,-0.0033938665583861244,-0.001847419520305778,0.0025541970682350958,0.011672075132501462,0.6750000000000002,0.007186109668523622,0.004920767563929749,500,1.0,False,0.0,0.147765303669635
06D3cc,SNLS,1613,39,0.68372,23.9186,0.406839,1.0,214.382,52.9125,,False,False,True,0.023340472359403803,0.01594224234593453,-0.003919680631198696,0.019861922977133226,0.0183428205305406,-0.035289980288313566,0.6750000000000002,0.007398230013469272,0.005047600923343586,500,1.0,False,0.0,0.20152314906584054
06D3em,SNLS,1618,39,0.69072,23.6613,0.425,1.0,214.848,53.023,,False,False,True,0.009881987458217709,0.0023682624681594464,0.00036115375306132545,0.0020071087150981197,0.01505262588372306,-0.005206097265629778,0.6750000000000002,0.007513724990058262,0.005115822089370126,500,1.0,False,0.0,-0.08239953548090452
05D3gv,SNLS,1630,39,0.71571,23.7414,0.244445,1.0,215.247,53.1789,,False,False,True,0.005726851582698724,-0.002199190473782229,0.00010859100643769923,-0.002307781480219928,0.014562729609351914,0.004860295623754219,0.7250000000000002,0.007926042056480953,0.005359371652084873,500,1.0,False,0.0,-0.03414678560877105
05D3jh,SNLS,1631,39,0.71874,23.6209,0.186486,1.0,214.356,52.6188,,False,False,True,0.026116851090564035,0.01814081620850242,0.0013133519716930402,0.016827464236809378,0.027136232351270106,-0.040617742176334154,0.7250000000000002,0.007976034882061616,0.005388901671093504,500,1.0,False,0.0,-0.16570739510044985
06D3gh,SNLS,1635,39,0.72074,23.7929,0.303977,1.0,214.631,52.4429,,False,False,True,0.018894225261545397,0.010885191814744068,-0.004581813987025131,0.015467005801769197,0.023411055485843428,-0.0242856480712391,0.7250000000000002,0.008009033446801329,0.005408393432815373,500,1.0,False,0.0,-0.000983589891190191
06D3do,SNLS,1636,39,0.72674,23.8281,0.246891,1.0,214.247,52.8825,,False,False,True,0.01480466731629987,0.006694920902742582,0.007182843552301239,-0.0004879226495586573,0.018607148178176963,-0.014803160405994498,0.7250000000000002,0.008109746413557288,0.005483208726229532,500,1.0,False,0.0,0.012503783725106403
06D3bz,SNLS,1637,39,0.72774,23.755,0.25567,1.0,214.292,53.0248,,False,False,True,0.004548530454761803,-0.0035787021794048968,-0.0024939620733209706,-0.001084740106083925,0.007565526932764931,0.008051351184682465,0.7250000000000002,0.0081272326341667,0.0055023454164287175,500,1.0,False,0.0,-0.06419820846271873
05D3jk,SNLS,1646,39,0.73675,23.739,0.213187,1.0,214.198,52.5925,,False,False,True,0.007918754414723422,-0.00036602906713407296,0.0014903810286872946,-0.0018564100958213664,0.01862030639178492,0.0007000782661579705,0.7250000000000002,0.008284783481857495,0.0056747669951233825,500,1.0,False,0.0,-0.11243893864173626
04D3fq,SNLS,1648,39,0.74276,23.8295,0.326063,1.0,214.241,52.3795,,False,False,True,0.005803962954726295,-0.002585912712993763,-0.0005284510013829902,-0.0020574617116107725,0.004630168513282839,0.005946655100518035,0.7250000000000002,0.008389875667720058,0.005789778503220491,500,1.0,False,0.0,-0.04323418351807929
05D3jb,SNLS,1649,39,0.74573,23.9145,0.193302,1.0,215.542,52.8781,,False,False,True,0.01014023681638446,0.0016984270734544515,0.002225377721823225,-0.0005269506483687727,0.013339876980758484,-0.0036110216553938423,0.7250000000000002,0.008441809742930009,0.005846614473112074,500,1.0,False,0.0,0.03130345689791058
04D3ks,SNLS,1653,39,0.75074,23.6482,0.317571,1.0,215.64,52.1852,,False,False,True,0.003123604224936761,-0.0054058114832463994,-0.002810412034472313,-0.0025953994487740843,0.007941049785508638,0.012061115602162952,0.7750000000000002,0.00852941570818316,0.005942489291009994,500,1.0,False,0.0,-0.22977107405817665
05D3mn,SNLS,1655,39,0.76076,23.8137,0.199341,1.0,214.689,52.3231,,False,False,True,0.004266135330992545,-0.004438492307696915,-0.003973421600804584,-0.00046507070689233085,0.009237849008304553,0.009942497138880488,0.7750000000000002,0.00870462763868946,0.006134238926805839,500,1.0,False,0.0,-0.0990501946308473
05D3hh,SNLS,1660,39,0.76674,24.1093,0.268898,1.0,214.792,52.9593,,False,False,True,0.03035845965988552,0.021549264421951778,0.023927799354107823,-0.0023785349321560436,0.014968165684264534,-0.047653079825253984,0.7750000000000002,0.008809195237933741,0.006248676334196971,500,1.0,False,0.0,0.17600359280864208
1334084,DES,789,11,0.13366,19.5736,0.28243,1.0,41.734,-0.6906,,False,False,True,0.003009224514664264,0.002490148370379709,-0.00031272527099439514,0.002802873641374104,0.0032750749401139023,-0.005427741538408666,0.125,0.000519076144284555,0.00035834361586063686,500,1.0,False,0.0,-0.07045705025227295
1250017,DES,899,11,0.18231,20.4355,0.150029,1.0,43.1937,-0.1275,,False,False,True,0.0006597606367923707,-0.0001486569540615695,-5.762997490998999e-05,-9.102697915157975e-05,0.0022401957380407543,0.0003253699983674582,0.17500000000000004,0.0008084175908539402,0.0005491311294205998,500,1.0,False,0.0,0.07676231264245793
1296321,DES,905,11,0.18458,20.6854,0.281171,1.0,40.9169,-0.7619,,False,False,True,0.00010313034164222322,-0.0007344841146242632,-0.000630355270482898,-0.00010412884414136535,0.000345631233892913,0.0016052169080824044,0.17500000000000004,0.0008376144562664864,0.0005734307184683347,500,1.0,False,0.0,0.2970424593922123
1336453,DES,909,11,0.18506,20.4905,0.157021,1.0,40.9697,-1.2293,,False,False,True,6.742429798160373e-05,-0.0007763639448038352,-0.0006700875333851429,-0.00010627641141869242,8.912067464636702e-05,0.001696450341817728,0.17500000000000004,0.0008437882427854389,0.0005785689575621291,500,1.0,False,0.0,0.09592270778650637
1316431,DES,940,11,0.19828,20.6349,0.172306,1.0,42.2394,-0.4084,,False,False,True,0.00045280382022085363,-0.0005610207929407356,-0.0004077558679186354,-0.00015326492502210055,0.001111435383835249,0.001229598577945402,0.17500000000000004,0.0010138246131615892,0.0007200846259370443,500,1.0,False,0.0,0.07466648432281865
1342255,DES,998,11,0.21899,20.7766,0.127998,1.0,40.7435,-0.2674,,False,False,True,0.00017493492903134154,-0.0011052628483125525,-0.0008571262822808011,-0.0002481365660317517,0.0004524775431515707,0.0024181029548826422,0.22500000000000003,0.001280197777343894,0.0009417782335047063,500,1.0,False,0.0,-0.029923192247053806
1315192,DES,1021,11,0.22726,20.844,0.226887,1.0,42.9859,-0.5231,,False,False,True,0.0009694432369297213,-0.0004262051259485601,-0.0003211264924559763,-0.00010507863349258417,0.0012469361784013522,0.0009392070857711303,0.22500000000000003,0.0013956483628782814,0.0010325795162115818,500,1.0,False,0.0,-0.0524873612645001
1315259,DES,1022,11,0.22818,20.9706,0.181397,1.0,40.8641,-1.6036,,False,False,True,0.001113195211983687,-0.00029798309019344487,-0.001084269921172379,0.0007862868309789336,0.0004429134761290723,0.0006478943265342107,0.22500000000000003,0.001411178302177132,0.0010433533868291604,500,1.0,False,0.0,0.06429295012682007
1292336,DES,1036,11,0.23367,20.9327,0.253626,1.0,40.9988,-0.9061,,False,False,True,0.0047652066886757155,0.0032613551617695713,0.002308509690229891,0.0009528454715396805,0.00337309286811634,-0.00712815059675612,0.22500000000000003,0.0015038515269061444,0.0011076452886666678,500,1.0,False,0.0,-0.03145297270521735
1319366,DES,1042,11,0.23494,20.905,0.181242,1.0,41.4955,-1.0881,,False,False,True,0.003524295911933853,0.0019990063166477725,0.0023184792524759304,-0.0003194729358281577,0.001636026336316923,-0.00433702326009709,0.22500000000000003,0.0015252895952860802,0.0011225179144104993,500,1.0,False,0.0,-0.07235489800361333
1298281,DES,1043,11,0.2352,20.9099,0.273826,1.0,40.2679,-0.9553,,False,False,True,0.0007962886888999066,-0.0007333898022749794,-0.0009086872853451527,0.00017529748307017347,0.0004318574332942574,0.0016099331634487548,0.22500000000000003,0.001529678491174886,0.0011255627039328585,500,1.0,False,0.0,-0.0701494958328473
1336480,DES,1099,11,0.25616,21.3928,0.192289,1.0,41.7246,-1.1646,,False,False,True,0.0014938866927093706,-0.00038960432857846564,9.084957787480253e-05,-0.00048045390645326823,0.006272642568737553,0.0008461438028235287,0.275,0.0018834910212878362,0.0013710195823507373,500,1.0,False,0.0,0.1988523684899706
1289664,DES,1110,11,0.25919,21.0349,0.176551,1.0,40.8968,-1.1299,,False,False,True,0.0002484145191079173,-0.0016862240196533081,-0.0011753583824270827,-0.000510865637226225,0.0008506612760540168,0.00369631048478779,0.275,0.0019346385387612253,0.0014065030910151537,500,1.0,False,0.0,-0.18789008285460349
1335694,DES,1111,11,0.25923,21.1725,0.16069,1.0,42.845,-0.6485,,False,False,True,0.010241048024028017,0.008305734270514667,0.008186148799756463,0.00011958547075820245,0.013130460131569769,-0.018272826363818707,0.275,0.00193531375351335,0.0014069715201724402,500,1.0,False,0.0,-0.05066874933590078
1334087,DES,1134,11,0.2664,21.0371,0.263599,1.0,41.0084,-0.4674,,False,False,True,0.00060312364123629,-0.0014532223565952786,-0.0009089553348437717,-0.0005442670217515065,0.0018770826525740102,0.003190519278747715,0.275,0.0020563459978315685,0.001490937446615961,500,1.0,False,0.0,-0.25308604763364334
1292332,DES,1146,11,0.27276,21.2885,0.171085,1.0,41.1435,-1.2851,,False,False,True,0.00046184508559922607,-0.00170186005782005,-0.0010909397156132852,-0.0006109203422067647,0.0010991952581935489,0.003735602853114077,0.275,0.002163705143419276,0.0015654176826244393,500,1.0,False,0.0,-0.05974933926062938
1263715,DES,1187,11,0.29196,21.5123,0.170069,1.0,41.6099,-1.5799,,False,False,True,0.0031123943901747893,0.0005450833304209979,-0.0006571165289906522,0.0012021998594116503,0.0027637921259311745,-0.0011495819694923972,0.275,0.0025673110597537914,0.0018538789765220338,500,1.0,False,0.0,-0.003929986661780087
1263369,DES,1240,11,0.31262,21.7035,0.147254,1.0,43.2295,-0.5418,,False,False,True,0.00063545767693223,-0.0023774490061619956,-0.0013060468265841984,-0.0010714021795777972,0.0012586984491462895,0.005230999283321363,0.32500000000000007,0.0030129066830942254,0.0021733162721653517,500,1.0,False,0.0,-0.012736080079936242
1334423,DES,1336,11,0.358,22.1009,0.213552,1.0,42.2137,-0.1522,,False,False,True,0.009060999682795352,0.005145491022809036,-0.0008005790730363747,0.005946070095845411,0.011277851746263159,-0.011270290395993116,0.3750000000000001,0.0039155086599863154,0.002781411531044474,500,1.0,False,0.0,0.07622145628650052
1280217,DES,1339,11,0.35909,21.9002,0.304482,1.0,40.8943,-1.5184,,False,False,True,0.0004995392295173187,-0.0034369631505809734,-0.0022866402077058347,-0.0011503229428751387,0.0028359814633320676,0.007567188311062817,0.3750000000000001,0.003936502380098292,0.002795174606549671,500,1.0,False,0.0,-0.13211967907838934
1294014,DES,1346,11,0.3628,21.9922,0.208254,1.0,42.8035,-0.6691,,False,False,True,0.0006398881821125958,-0.0033680698875411383,-0.002051385722110084,-0.001316684165431054,0.003958672918634714,0.007413701026061506,0.3750000000000001,0.004007958069653734,0.002842019569966438,500,1.0,False,0.0,-0.06596731215952538
1281886,DES,1382,11,0.38402,22.2652,0.200026,1.0,41.7252,-1.0099,,False,False,True,0.0015238095280503887,-0.002929916759860204,-0.0013577762452158639,-0.0015721405146443402,0.006349677252503008,0.00644261238048926,0.3750000000000001,0.004453726287910593,0.003120042870759337,500,1.0,False,0.0,0.06374504030242896
1296273,DES,1391,11,0.39706,22.006,0.166358,1.0,41.0798,-0.4504,,False,False,True,0.04262773708072071,0.03786927288094844,0.0114236449825395,0.02644562789840894,0.017595969512022767,-0.08463244845656571,0.3750000000000001,0.004758464199772268,0.0032992747339155603,500,1.0,False,0.0,-0.2799008772511015
1306390,DES,1402,11,0.4092,22.4875,0.36265,1.0,43.3164,-0.0301,,False,False,True,0.0005443112505961057,-0.004497858336446155,-0.0023728094542522123,-0.0021250488821939425,0.0017360726926123984,0.009931464153374201,0.42500000000000016,0.005042169587042261,0.0034661362997680557,500,1.0,False,0.0,0.10140940119535115
1307277,DES,1406,11,0.41123,22.409,0.316941,1.0,41.7388,-0.2355,,False,False,True,0.011660429966435463,0.00657082035170308,0.007757761605744688,-0.0011869412540416082,0.008023498144371862,-0.014317263634863426,0.42500000000000016,0.005089609614732383,0.003494038192575351,500,1.0,False,0.0,0.010351779648360215
1315296,DES,1409,11,0.41266,22.5363,0.329022,1.0,40.3016,-0.7644,,False,False,True,0.0055015495910014055,0.00037852163164001865,-0.0006474053773622402,0.0010259270090022593,0.007211505557105594,-0.000731771932044243,0.42500000000000016,0.005123027959361387,0.0035136932205134955,500,1.0,False,0.0,0.12884036707823665
1312274,DES,1426,11,0.42459,22.4953,0.193961,1.0,42.611,-0.3617,,False,False,True,0.0023959151668988565,-0.003005910590661133,-0.0007321467595054389,-0.002273763831155694,0.0021785282127283223,0.006701742332621141,0.42500000000000016,0.005401825757559989,0.0036776683836617884,500,1.0,False,0.0,0.015418470749089985
1258940,DES,1428,11,0.42602,22.4987,0.173359,1.0,42.7148,-0.5251,,False,False,True,0.003430593185996133,-0.0020040843080697686,0.00025470412919784743,-0.0022587884372676156,0.005823794003343106,0.004489560041507258,0.42500000000000016,0.005434677494065902,0.0036977564432384797,500,1.0,False,0.0,0.010265171550756357
1306029,DES,1434,11,0.42903,22.5736,0.249299,1.0,40.8416,-1.9578,,False,False,True,0.003256786937184649,-0.002246560617443261,4.677850423352552e-05,-0.002293339121676786,0.0032413280549036688,0.005046689607017391,0.42500000000000016,0.00550334755462791,0.0037404060832065917,500,1.0,False,0.0,0.06724848130560458
1333246,DES,1441,11,0.43783,22.629,0.355854,1.0,41.384,-0.0616,,False,False,True,0.0009683382534242572,-0.00473577226895969,-0.002426197218623547,-0.002309575050336142,0.005221982701327963,0.010454927837405122,0.42500000000000016,0.005704110522383947,0.0038650960605220025,500,1.0,False,0.0,0.07093181765152336
1316437,DES,1476,11,0.47204,22.7844,0.255487,1.0,42.5626,-0.745,,False,False,True,0.0009176132513647417,-0.0055669633081708,-0.0028027662283049834,-0.0027641970798658157,0.0014387054241372635,0.012338768730638773,0.4750000000000001,0.006484576559535542,0.004349828347335664,500,1.0,False,0.0,0.05475458058353133
1338430,DES,1508,11,0.51726,22.8402,0.188517,1.0,40.6393,-1.2547,,False,False,True,0.0010130925352234237,-0.006407593452178337,-0.003273013113542011,-0.003134580338636326,0.005393235266317009,0.01420491304850123,0.5250000000000001,0.007420685987401761,0.005031272521371844,500,1.0,False,0.0,-0.09215210905997334
1295921,DES,1514,11,0.524,22.9244,0.368248,1.0,42.6149,-0.8718,,False,False,True,0.0022677254702907048,-0.005291489377611209,-0.002434998257344573,-0.0028564911202666353,0.00672637155568797,0.011768141175953019,0.5250000000000001,0.0075592148479019135,0.005133266137533163,500,1.0,False,0.0,-0.041313557111084365
1338471,DES,1520,11,0.53124,23.2723,0.379971,1.0,41.2916,-1.5649,,False,False,True,0.009823281250661802,0.0021224858929480726,0.005148019445868729,-0.003025533552920656,0.006527441857313535,-0.004417975693697292,0.5250000000000001,0.007700795357713729,0.005219794929901822,500,1.0,False,0.0,0.2711970610945584
1289555,DES,1542,11,0.56181,23.0407,0.226224,1.0,40.7331,-1.3929,,False,False,True,0.00048324058886402104,-0.0078104720019075684,-0.004311833697353745,-0.003498638304553824,0.004061720601102309,0.017335583284640504,0.5750000000000002,0.00829371259077159,0.005569567700706934,500,1.0,False,0.0,-0.1133222545030403
1330903,DES,1546,11,0.56437,23.2351,0.205824,1.0,41.1163,-0.645,,False,False,True,0.006651663910881645,-0.0016917008917521677,0.0005652215428301102,-0.002256922434582277,0.015530038490434895,0.003770707101748148,0.5750000000000002,0.008343364802633813,0.005598858452858099,500,1.0,False,0.0,0.06930943301909558
1332059,DES,1558,11,0.57891,23.2787,0.230108,1.0,40.8651,-1.2774,,False,False,True,0.001767406417629928,-0.006860081944290563,-0.003426352225819825,-0.003433729718470739,0.013267392264146737,0.015111356855540374,0.5750000000000002,0.008627488361920491,0.0057834563587226065,500,1.0,False,0.0,0.047011779761858816
1338387,DES,1566,11,0.5839,23.1669,0.197532,1.0,40.4513,-0.3686,,False,False,True,0.0034036302726930356,-0.005323339683436578,-0.0016717805111036797,-0.0036515591723328975,0.0038084167311305287,0.011959620732096388,0.5750000000000002,0.008726969956129614,0.005863822968656559,500,1.0,False,0.0,-0.08704305823142384
1343871,DES,1596,11,0.63794,23.6107,0.309645,1.0,43.5025,-0.3703,,False,False,True,0.0009787409947094765,-0.008857759898257999,-0.004677645606400422,-0.004180114291857577,0.0017890201586553164,0.01975218002264651,0.6250000000000002,0.009836500892967476,0.006612995812735495,500,1.0,False,0.0,0.11722295095233032
390259,PS1MD,768,8,0.12231,19.3589,0.22956,1.0,242.396,53.8672,,False,False,True,0.004029654193470836,0.003529857940213463,0.003529991985207458,-1.340449939946599e-07,0.0035673643851815997,-0.0076881153810762284,0.125,0.0004997962532573732,0.00029118520973428063,500,1.0,False,0.0,-0.07756832007269326
180166,PS1MD,820,8,0.14778,19.908,0.168022,1.0,242.843,55.0642,,False,False,True,6.5595442035644585e-06,-0.0007460989794445375,-0.0006802422591135345,-6.585672033100299e-05,0.00012136405131607659,0.001634198659396512,0.125,0.0007526585236481019,0.0005262580913931443,500,1.0,False,0.0,0.027687163605534526
040780,PS1MD,1028,8,0.23082,20.8187,0.295617,1.0,243.62,54.7258,,False,False,True,0.0007403387289445628,-0.0009569727838282297,-0.0006164269575367307,-0.000340545826291499,0.0006801958993061184,0.0021157623323991423,0.22500000000000003,0.0016973115127727925,0.001270320426297487,500,1.0,False,0.0,-0.11558284302468619
390449,PS1MD,1088,8,0.25022,21.1234,0.216542,1.0,242.951,54.4558,,False,False,True,0.0014966205669763796,-0.000516730699254717,-0.00012531863257840125,-0.00039141206667631535,0.0035048774550555458,0.0011584392387705132,0.275,0.0020133512662310967,0.0014631437842918035,500,1.0,False,0.0,-0.013076431493792522
520019,PS1MD,1124,8,0.26323,21.3858,0.167936,1.0,241.861,54.4578,,False,False,True,0.00021380960600022138,-0.002011483783555233,-0.0014775949367310534,-0.0005338888468241795,0.0007122206372332561,0.0044198441870298205,0.275,0.0022252933895554544,0.0015924547063281987,500,1.0,False,0.0,0.12503510652180785
390264,PS1MD,1189,8,0.29221,21.1699,0.291222,1.0,243.373,53.9909,,False,False,True,0.017709221639959985,0.014829403764863129,-0.0013832260984560866,0.016212629863319217,0.006112448826228273,-0.03253176228380805,0.275,0.002879817875096856,0.0020414668013638915,500,1.0,False,0.0,-0.34844902270694694
150509,PS1MD,1192,8,0.29293,21.4928,0.172198,1.0,241.234,54.8781,,False,False,True,0.0016816096366451812,-0.0012175692870129138,-0.0011461478006904295,-7.142148632248392e-05,0.0022367122476817827,0.0026909000273015364,0.275,0.002899178923658095,0.002055357486707678,500,1.0,False,0.0,-0.03164248510736818
170428,PS1MD,1207,8,0.3002,21.7307,0.196309,1.0,243.619,54.003,,False,False,True,0.0009931078138772894,-0.002101563919558876,-0.001395498137990002,-0.0007060657815688733,0.00198970814520625,0.004632982586896971,0.32500000000000007,0.0030946717334361653,0.00219561482344286,500,1.0,False,0.0,0.11518641741855937
520062,PS1MD,1227,8,0.30818,21.9488,0.137016,1.0,244.451,54.6334,,False,False,True,0.0006086530920964291,-0.002700603596226806,-0.0015403627885337788,-0.001160240807693027,0.004343560745422008,0.0059302310926453525,0.32500000000000007,0.0033092566883232352,0.002349569919336499,500,1.0,False,0.0,0.26813853283429584
040782,PS1MD,1302,8,0.33751,21.7568,0.235699,1.0,242.077,54.9081,,False,False,True,0.009815577511272187,0.005718309582730646,0.007029117455365887,-0.0013108078726352407,0.005252242788101661,-0.012459115588537191,0.32500000000000007,0.0040972679285415405,0.00291423747126364,500,1.0,False,0.0,-0.15059749605223907
160198,PS1MD,1320,8,0.3491,21.9969,0.156289,1.0,242.905,53.9703,,False,False,True,0.0045980427977908795,0.0001897481551915636,0.0006328105087424676,-0.00044306235355090376,0.009376886743762173,-0.0004163192302758349,0.32500000000000007,0.004408294642599316,0.0031367411129946433,500,1.0,False,0.0,0.00490827268021795
070955,PS1MD,1322,8,0.34932,21.8876,0.155629,1.0,241.475,55.1978,,False,False,True,0.0023996136135759107,-0.00201458490107627,-0.00200348550977805,-1.1099391298220263e-05,0.003141162997633827,0.0044740538024949815,0.32500000000000007,0.0044141985146521805,0.003140964650628881,500,1.0,False,0.0,-0.10597216719071803
160197,PS1MD,1333,8,0.35372,22.1127,0.190035,1.0,241.617,53.8718,,False,False,True,0.003213240305121477,-0.0013190356505880106,-0.002305980397413885,0.0009869447468258746,0.003920514116654157,0.0029625788997702717,0.3750000000000001,0.004532275955709488,0.0032254354033136434,500,1.0,False,0.0,0.11823538780953775
160070,PS1MD,1340,8,0.35909,22.1899,0.168965,1.0,243.192,54.8737,,False,False,True,0.002851522251389021,-0.001824861853974501,6.936885569081052e-05,-0.0018942307096653115,0.004282676745990458,0.00406458335177221,0.3750000000000001,0.004676384105363522,0.003328528117385731,500,1.0,False,0.0,0.1575803209216105
510578,PS1MD,1358,8,0.37023,22.1264,0.186837,1.0,241.233,53.9121,,False,False,True,0.0017700794727607907,-0.00320525524473419,-0.0011134215019247148,-0.002091833742809475,0.0024251980035498357,0.007094409378073329,0.3750000000000001,0.004975334717494981,0.0035423927048648814,500,1.0,False,0.0,0.01719690553829529
160200,PS1MD,1424,8,0.4236,22.5873,0.399906,1.0,242.608,54.1496,,False,False,True,0.0059877017328912735,-0.0003387887522858877,-0.0009142246645522322,0.0005754359122663441,0.0075646432019076644,0.0008467733687805203,0.42500000000000016,0.006326490485177161,0.004267028184255696,500,1.0,False,0.0,0.11335572730325096
050003,PS1MD,1429,8,0.427,22.56,0.227945,1.0,242.219,55.0048,,False,False,True,0.0013249889390132108,-0.0050847037086704855,-0.002355647050505537,-0.0027290566581649484,0.004389069210251182,0.011235023559044441,0.42500000000000016,0.006409692647683696,0.004317238861237227,500,1.0,False,0.0,0.06571891014475652
050201,PS1MD,1533,8,0.55021,23.0723,0.19401,1.0,241.703,54.9809,,False,False,True,0.014342581854907617,0.004954766031399549,-0.0023535306322618756,0.007308296663661423,0.013910050678187943,-0.010784351099631238,0.5750000000000002,0.009387815823508068,0.006551601589836314,500,1.0,False,0.0,-0.027754115834299504
050203,PS1MD,1552,8,0.57619,23.2357,0.200291,1.0,242.793,55.1223,,False,False,True,0.05222637558577699,0.04224263445510401,-0.004174095135046781,0.04641672959015079,0.0042876609846505525,-0.09436317351530119,0.5750000000000002,0.009983741130672977,0.007010523781806834,500,1.0,False,0.0,0.016219283503182063
460003,PS1MD,827,17,0.15084,19.9157,0.131373,1.0,128.835,43.8555,,False,False,True,0.0015696939871738078,0.0008754490188386753,0.00101707518483415,-0.00014162616599547472,0.0021422942675508616,-0.0019007462384465347,0.17500000000000004,0.0006942449683351325,0.0005049735832572854,500,1.0,False,0.0,0.007478970962903524
360112,PS1MD,892,17,0.18086,20.3621,0.244722,1.0,130.673,43.5966,,False,False,True,0.0021681537461248315,0.0010657809891914908,0.001283910625350631,-0.00021812963615914035,0.0031678708350405403,-0.0023171045113163096,0.17500000000000004,0.0011023727569333408,0.0008363936517408654,500,1.0,False,0.0,0.022462826794104065
470232,PS1MD,949,17,0.20083,20.7308,0.251511,1.0,129.546,45.2023,,False,False,True,5.3740905068738505e-05,-0.0013411857216922402,-0.0009027816710800495,-0.0004384040506121908,0.0006396325599192294,0.002933458842746706,0.22500000000000003,0.0013949266267609787,0.0010643134158080682,500,1.0,False,0.0,0.13344076181876136
460105,PS1MD,975,17,0.21084,20.7102,0.221376,1.0,129.37,44.0453,,False,False,True,0.0032500648207063575,0.0017084950173317254,-6.668745956457244e-05,0.0017751824768962982,0.007020007941958559,-0.0037387937712915153,0.22500000000000003,0.001541569803374632,0.0011785586255382984,500,1.0,False,0.0,-0.004525845477910736
330083,PS1MD,1012,17,0.22385,20.7632,0.170696,1.0,129.496,43.2977,,False,False,True,7.59686905600429e-05,-0.0016561932934083578,-0.0010858633694299158,-0.000570329923978442,0.0003374268318027472,0.0036260238798039696,0.22500000000000003,0.0017321619839684005,0.001327043158864002,500,1.0,False,0.0,-0.09656604743368985
580300,PS1MD,1056,17,0.24085,21.1486,0.164535,1.0,130.334,44.7877,,False,False,True,0.00015041370579888257,-0.001803925921497654,-0.0011706493737771958,-0.0006332765477204581,0.0011619275649873016,0.003952279587310702,0.22500000000000003,0.0019543396272965366,0.0014762028618868729,500,1.0,False,0.0,0.11066635656908391
350080,PS1MD,1169,17,0.28588,21.418,0.171088,1.0,130.635,43.9989,,False,False,True,0.0017033293129831149,-0.0008572229070262832,-0.0002355841556236644,-0.0006216387514026185,0.0010839349983935425,0.001912352851025628,0.275,0.002560552220009398,0.0019160304219738437,500,1.0,False,0.0,-0.04617104537833945
580270,PS1MD,1197,17,0.29587,21.7459,0.163566,1.0,130.2,44.5906,,False,False,True,0.0027243445346654743,1.3379684242757067e-05,0.0008684236688846561,-0.0008550439846418988,0.0028360388301356455,1.611675382301274e-05,0.275,0.0027109648504227172,0.0020507584886104,500,1.0,False,0.0,0.19671888407150553
350078,PS1MD,1209,17,0.30089,21.9199,0.293486,1.0,130.663,43.7841,,False,False,True,0.0026563886571268898,-0.00013015891648650345,2.313325374594835e-05,-0.00015329217023245202,0.004364702889824798,0.0003218148102323371,0.32500000000000007,0.0027865475736133932,0.002118459679252593,500,1.0,False,0.0,0.29869040996338075
110716,PS1MD,1249,17,0.31588,21.9503,0.231736,1.0,128.986,43.4945,,False,False,True,0.004606546010155177,0.0015943042093250004,0.002549209057775001,-0.0009549048484499999,0.012788949148096338,-0.003580272916758019,0.32500000000000007,0.003012241800830176,0.0023206192106722105,500,1.0,False,0.0,0.2082404047591698
480184,PS1MD,1286,17,0.33089,21.9056,0.237926,1.0,129.736,43.3139,,False,False,True,0.016705457187215337,0.013462529199541195,0.014520283547682776,-0.0010577543481415808,0.014140420043301377,-0.029685483233561676,0.32500000000000007,0.0032429279876741413,0.0025212005289365876,500,1.0,False,0.0,0.047737092416393866
470244,PS1MD,1344,17,0.36091,22.1798,0.195675,1.0,130.408,43.7715,,False,False,True,0.0012808127041830705,-0.002438014108502778,-0.0016747106635826867,-0.0007633034449200913,0.003721506817806394,0.0053781840772108265,0.3750000000000001,0.0037188268126858485,0.0029166405156143813,500,1.0,False,0.0,0.13476955133996432
350083,PS1MD,1352,17,0.3679,22.0097,0.163359,1.0,130.138,44.3739,,False,False,True,0.0016441428666742965,-0.002185494498537596,-0.000953499934521161,-0.0012319945640164353,0.006507932767079337,0.004803935401746113,0.3750000000000001,0.0038296373652118923,0.003008716648421769,500,1.0,False,0.0,-0.0836016872733331
110719,PS1MD,1431,17,0.42793,23.0227,0.237078,1.0,129.923,43.9644,,False,False,True,0.0052175794608667345,0.00047848376866699554,0.002000338995596718,-0.0015218552269297232,0.0070876513752540565,-0.0009781965724332316,0.42500000000000016,0.004739095692199739,0.003800839712706152,500,1.0,False,0.0,0.5228824825140422
330106,PS1MD,1518,17,0.53099,22.6272,0.232749,1.0,130.009,43.7419,,False,False,True,0.010316131576086844,0.004042579220217108,0.005222477760888645,-0.0011798985406715375,0.011896190747127767,-0.008829222591211355,0.5250000000000001,0.006273552355869736,0.005002686255739814,500,1.0,False,0.0,-0.372688520749555
110426,PS1MD,1528,17,0.54097,23.0261,0.23188,1.0,130.013,44.8943,,False,False,True,0.0031372654849186974,-0.003302615982068835,-0.0037617958640836597,0.0004591798820148263,0.0045767928894613905,0.007373896557517261,0.5250000000000001,0.006439881466987533,0.005149426861578654,500,1.0,False,0.0,-0.021854646466980043
110721,PS1MD,1556,17,0.57831,23.1982,0.23966,1.0,130.216,44.1143,,False,False,True,0.0023593347852414893,-0.004701756342025723,-0.002592363032493422,-0.0021093933095323015,0.0026138150788333134,0.010464364606453305,0.5750000000000002,0.007061091127267213,0.0056705088504014605,500,1.0,False,0.0,-0.030800063450770316
Elvis,HST,1671,58,0.83981,24.107,0.210118,1.0,189.451,62.2265,,False,False,True,0.0035685706825765123,-0.00546014358176523,-0.0024418739257499626,-0.0030182696560152687,0.010214315305211802,0.012185179028547858,0.8250000000000003,0.009028714264341743,0.005934452758280296,200,1.0,False,0.0,0.03579747407250081
Spock,HST,1672,58,0.83981,23.9482,0.389488,1.0,189.277,62.2533,,False,False,True,0.005514720151501011,-0.003513994112840732,-0.00048798943299234714,-0.003026004679848385,0.00644497493735284,0.008011475470373172,0.8250000000000003,0.009028714264341743,0.005934452758280296,200,1.0,False,0.0,-0.12300252592749858
Manipogo,HST,1673,58,0.85482,24.3638,0.298695,1.0,189.145,62.2636,,False,False,True,0.001810638756490442,-0.007467906842296556,-0.004398343367279515,-0.0030695634750170417,0.004609054306409919,0.016675263530304366,0.8750000000000002,0.009278545598786998,0.006105492549934096,200,1.0,False,0.0,0.0
Vilas,HST,1674,58,0.93585,24.2801,0.238415,1.0,189.371,62.1911,,False,False,True,0.004539154833543274,-0.006209498228865784,-0.0026526958774146844,-0.0035568023514510995,0.007818493051443135,0.014006788899902943,0.9250000000000003,0.010748653062409057,0.007225815069201144,200,1.0,False,0.0,0.0
Eagle,HST,1677,58,1.01988,25.0227,0.224284,1.0,189.337,62.2282,,False,False,True,0.031438275459537604,0.019157722260625374,0.0231797797061386,-0.004022057445513228,0.011501070579649823,-0.0420920626276999,1.0250000000000004,0.01228055319891223,0.007972064843578862,200,1.0,False,0.0,0.0034440681807542672
Ferguson,HST,1678,58,1.02088,24.7176,0.474703,1.0,189.105,62.2566,,False,False,True,0.020170684581160954,0.007871786422358295,0.011273572534385278,-0.0034017861120269827,0.021622246296750962,-0.01730809547029635,1.0250000000000004,0.01229889815880266,0.007978252670390333,200,1.0,False,0.0,-0.3042444089057713
Strolger,HST,1679,58,1.02789,25.2834,0.352352,1.0,189.086,62.1807,,False,False,True,0.003652068825709942,-0.008776009574163784,-0.004935515252458864,-0.0038404943217049156,0.007380922507982231,0.019753193819417675,1.0250000000000004,0.012428078399873725,0.008020165681421621,200,1.0,False,0.0,0.2434804728435428
Gabi,HST,1681,58,1.12092,25.1875,0.221994,1.0,189.058,62.2021,,False,False,True,0.00675510610259814,-0.007353584780755203,-0.003211236997889405,-0.004142347782865801,0.020046959919695302,0.01641844240787002,1.1250000000000004,0.014108690883353344,0.008628107200899902,200,1.0,False,0.0,0.0
Lancaster,HST,1683,58,1.23597,25.652,0.2724,1.0,189.236,62.2148,,False,False,True,0.011111755314756945,-0.00485009192329919,-0.0008775241426060513,-0.00397256778069314,0.018293013474188578,0.011172803327089538,1.2250000000000005,0.015961847238056135,0.009693302224905682,200,1.0,False,0.0,0.09584706092583245
Borg,HST,1689,58,1.34101,25.5011,0.305203,1.0,189.288,62.1914,,False,False,True,0.019173201199825442,0.0017288765132058015,0.00657184929223574,-0.0048429727790299405,0.016366672818796998,-0.0031271507801288317,1.3250000000000006,0.01744432468661964,0.010686984501696051,200,1.0,False,0.0,-0.10336211919224611
Sasquatch,HST,1692,58,1.39103,25.5414,0.37337,1.0,189.225,62.1397,,False,False,True,0.024972008381134784,0.006891471006507836,0.011819787393459347,-0.00492831638695151,0.020315613521602414,-0.014695174148677353,1.3750000000000004,0.018080537374626948,0.010806576827813006,200,1.0,False,0.0,0.005996231183985429
1302648,DES,1033,36,0.23164,20.8345,0.235724,1.0,10.0026,-44.0541,,False,False,True,0.00024064473605977718,-0.0015746315728445088,-0.0007121406537733575,-0.0008624909190711513,0.00037643890884159236,0.003451496804792065,0.22500000000000003,0.0018152763089042858,0.0012507288903734189,500,1.0,False,0.9496139780577001,-0.10841193058847748
1275946,DES,1034,36,0.23205,20.9515,0.157205,1.0,10.404,-43.6378,,False,False,True,0.00037007414170391056,-0.0014527181422749975,-0.0006508742597729117,-0.0008018438825020855,0.0019866877977128988,0.0031839229954680483,0.22500000000000003,0.001822792283978908,0.0012552712948516787,500,1.0,False,0.7329136690647482,0.0042841388854030805
1289288,DES,1182,36,0.28995,21.4863,0.270091,1.0,10.1789,-43.9483,,False,False,True,0.0007802979722771617,-0.002102642821244599,-0.0011639637540407548,-0.000938679067203844,0.002183237569397646,0.004625758228225875,0.275,0.0028829407935217605,0.001982916072285269,500,1.0,False,0.8752855185015989,-0.012831647080022672
1291090,DES,1186,36,0.29193,21.5076,0.175644,1.0,9.4631,-43.7215,,False,False,True,0.0004014893236221988,-0.0025175820716983955,-0.0011355632520466433,-0.0013820188196517521,0.002489209306653644,0.0055260022361915545,0.275,0.0029190713953205945,0.0020162648627387956,500,1.0,False,0.9979270315091211,-0.00837558949487423
1281668,DES,1226,36,0.30691,21.7043,0.147609,1.0,9.4105,-43.9203,,False,False,True,0.00025073120066301574,-0.002941691919378044,-0.0012649565103923855,-0.0016767354089856582,0.0006900010895874135,0.0064668436951786324,0.32500000000000007,0.0031924231200410598,0.0022685703581902202,500,1.0,False,0.9460721868365181,0.03390142807080528
1258906,DES,1321,36,0.34912,22.029,0.204259,1.0,10.262,-44.3941,,False,False,True,0.0004048910596324985,-0.0035431247252026964,-0.0014876014525573356,-0.002055523272645361,0.00292590260951618,0.007794777148008841,0.32500000000000007,0.003948015784835195,0.0029062485900549473,500,1.0,False,0.9478798586572438,0.036864558178755745
1336008,DES,1440,36,0.4376,22.3723,0.163932,1.0,10.3212,-43.8862,,False,False,True,0.0072213779982065514,0.001022453130824193,-0.0024316166771442297,0.003454069807968423,0.013600616816845002,-0.0022808201771646365,0.42500000000000016,0.006198924867382358,0.004435584488738583,500,1.0,False,0.6598440545808967,-0.1844288855996189
1320166,DES,1454,36,0.44891,22.7345,0.213951,1.0,9.3464,-43.8719,,False,False,True,0.004400810294987835,-0.0021592378474414326,0.0013621397588614928,-0.003521377606302926,0.006326119265301397,0.004852858971130771,0.42500000000000016,0.006560048142429268,0.004640444725191165,500,1.0,False,0.9446790540540541,0.1126780726896436
1335472,DES,1497,36,0.50593,22.826,0.164502,1.0,9.5553,-44.0495,,False,False,True,0.0035280748577267073,-0.004832377878311196,-0.00043676683980756756,-0.004395611038503628,0.0051853743046494935,0.010837136197077338,0.5250000000000001,0.008360452736037903,0.005855922768577406,500,1.0,False,0.9077822762033289,-0.04933900666889751
1337117,DES,1538,36,0.55384,22.8297,0.175342,1.0,10.1815,-43.6449,,False,False,True,0.010893313120400809,0.0010101352427262008,0.006352507644559257,-0.005342372401833057,0.013206644945686723,-0.001988827782986112,0.5750000000000002,0.009883177877674608,0.006845967434100594,500,1.0,False,0.9753303964757709,-0.2873570190343219
1285317,DES,1545,36,0.56437,23.1398,0.219457,1.0,9.4725,-43.3145,,False,False,True,0.007290377956875598,-0.0029310065822309344,-0.0006405308896842267,-0.0022904756925467094,0.01593557961266847,0.0065911844515366864,0.5750000000000002,0.010221384539106532,0.0070402116550768445,500,1.0,False,0.9930244145490782,-0.02599056698090259
490008,PS1MD,766,7,0.12086,19.3818,0.30142,1.0,131.449,44.4206,,False,False,True,0.0036767324762903126,0.003162586018511548,-8.877857177865307e-05,0.003251364590290201,0.004300487619098265,-0.006897409632136826,0.125,0.0005141464577787647,0.0003267835871597869,500,1.0,False,0.0,-0.026851132340340367
000236,PS1MD,932,7,0.19616,20.4758,0.121857,1.0,131.58,44.0731,,False,False,True,0.000955119855459494,-0.00010593093557770099,0.0001328537247236272,-0.00023878466030132818,0.0012086241972547062,0.00023979552616217124,0.17500000000000004,0.001061050791037195,0.0008215529689510098,500,1.0,False,0.0,-0.05857348358449975
500100,PS1MD,1236,7,0.31088,21.793,0.180631,1.0,131.639,45.3562,,False,False,True,0.0006674057856608418,-0.00126100447584586,-0.0004866641949622546,-0.0007743402808836051,0.001561755196324759,0.0027786519246656817,0.32500000000000007,0.0019284102615067017,0.0013469683773979875,500,1.0,False,0.0,0.09064924453339138
370394,PS1MD,1287,7,0.3309,21.743,0.210322,1.0,132.379,45.0022,,False,False,True,0.00028316443898832846,-0.0017746727075670606,-0.001013580916722375,-0.0007610917908446855,0.000735367541959386,0.0039010220785277703,0.32500000000000007,0.002057837146555389,0.00141422363256578,500,1.0,False,0.0,-0.11493842315626815
470041,PS1MD,1292,7,0.33189,21.7619,0.141445,1.0,131.337,44.7548,,False,False,True,0.002718938041779122,0.0006549884665864062,-0.0010831068020777054,0.0017380952686641112,0.0033178768112499895,-0.0013947280084101446,0.32500000000000007,0.0020639495751927158,0.0014180504517845032,500,1.0,False,0.0,-0.10350402036877462
110425,PS1MD,1376,7,0.38092,22.1981,0.199616,1.0,132.012,44.4493,,False,False,True,0.0005653443611110115,-0.0018012314980968436,-0.001094722650366929,-0.0007065088477299151,0.0013539129975164862,0.0039689619167654205,0.3750000000000001,0.002366575859207855,0.001621090242914438,500,1.0,False,0.0,0.0171120907642966
110734,PS1MD,1394,7,0.40221,22.2265,0.197688,1.0,131.069,45.3442,,False,False,True,0.00016336791405598404,-0.002334320542335932,-0.0014870506595705104,-0.0008472698827654217,0.0007210205774305473,0.005133798777005864,0.42500000000000016,0.002497688456391916,0.0017519921272189942,500,1.0,False,0.0,-0.11590224670998582
110430,PS1MD,1419,7,0.42094,22.475,0.248656,1.0,132.249,44.8657,,False,False,True,0.0014020512093088557,-0.0012109843088612406,-0.0003605225516929078,-0.000850461757168333,0.00399219020030224,0.0026801922958179804,0.42500000000000016,0.0026130355181700963,0.001867153813129014,500,1.0,False,0.0,0.017072634758477655
110542,PS1MD,1430,7,0.42703,22.5818,0.196477,1.0,131.82,45.2976,,False,False,True,0.0001736310486184977,-0.002480163954787146,-0.0016165342083155436,-0.0008636297464716028,0.001151452474723356,0.0054554901682658564,0.42500000000000016,0.002653795003405644,0.001898639102790182,500,1.0,False,0.0,0.08734014032792471
100101,PS1MD,1435,7,0.42976,22.6689,0.196222,1.0,132.141,43.9852,,False,False,True,0.0057092368836964644,0.003034252331129318,0.0034538278154676635,-0.00041957548433834606,0.004794645969679474,-0.006628730762470352,0.42500000000000016,0.0026749845525671466,0.0019074104969978892,500,1.0,False,0.0,0.15822089705825004
350374,PS1MD,1492,7,0.50098,22.8635,0.281843,1.0,131.336,44.239,,False,False,True,0.0074860034593777075,0.004222556704905287,0.004310981125532422,-8.842442062713591e-05,0.012093881933154384,-0.009272658949506308,0.5250000000000001,0.003263446754472421,0.0022080624619908572,500,1.0,False,0.0,0.013447075324031388
570062,PS1MD,773,9,0.12383,19.5712,0.147879,1.0,353.102,0.2956,,False,False,True,0.00023368385365451854,-0.000382993709666903,-0.0003756041099181875,-7.389599748715506e-06,0.00027889511019619953,0.0008385115725994103,0.125,0.0006166775633214216,0.00044112498690923114,500,1.0,False,0.0,0.10590351622159827
310574,PS1MD,1046,9,0.23662,21.0106,0.154383,1.0,352.986,0.5363,,False,False,True,3.536950574889773e-05,-0.001396932907028194,-0.0012714771326710437,-0.00012545577435714995,0.00021312588093485674,0.0030559131526177,0.22500000000000003,0.0014323024127770917,0.0010638629359682786,500,1.0,False,0.0,0.015882385622873755
420087,PS1MD,1078,9,0.2486,21.2382,0.214234,1.0,352.767,0.1062,,False,False,True,0.0008803490430790646,-0.0006687445660068305,-0.0006206880410416875,-4.8056524965142485e-05,0.0014179778358676602,0.0014732429701355045,0.22500000000000003,0.001549093609085895,0.0011530671135577888,500,1.0,False,0.0,0.12288116329240867
450082,PS1MD,1079,9,0.24861,21.1746,0.193762,1.0,353.356,0.3105,,False,False,True,0.0006169121146407834,-0.0009322789829228319,-0.000779676154543338,-0.00015260282837949336,0.0022230166099720524,0.00204165438418095,0.22500000000000003,0.0015491910975636153,0.001153141574473974,500,1.0,False,0.0,0.059182763092387514
310161,PS1MD,1094,9,0.2526,21.2092,0.164293,1.0,352.966,-0.6604,,False,False,True,0.002051078139914392,0.0004629891397404163,0.0006280355207606923,-0.00016504638102027598,0.004942565819485614,-0.0010021840280716823,0.275,0.0015880890001739758,0.0011828514800317491,500,1.0,False,0.0,0.04954624961483582
550041,PS1MD,1107,9,0.25859,21.2133,0.207532,1.0,352.54,-0.8664,,False,False,True,0.0004457511703962044,-0.0012007334279321735,-0.001170991398590964,-2.9742029341209178e-05,0.00316785187728114,0.0026263712290876306,0.275,0.0016464845983283779,0.0012274535688265042,500,1.0,False,0.0,-0.003803583657421466
310051,PS1MD,1143,9,0.27057,21.2609,0.207561,1.0,353.412,-0.5525,,False,False,True,0.012373565802035146,0.010610290007397966,0.010824883617416627,-0.00021459361001866133,0.006965631421682438,-0.023237589674183712,0.275,0.001763275794637181,0.0013166577464160144,500,1.0,False,0.0,-0.06749864558369274
440162,PS1MD,1412,9,0.41936,22.4333,0.190697,1.0,353.266,-0.9127,,False,False,True,0.0021380241477787607,-0.0019045146819544243,-0.0021059876520999822,0.00020147297014555835,0.005520370897454618,0.004199559405723377,0.42500000000000016,0.004042538829733185,0.0029231492119409187,500,1.0,False,0.0,-0.015068862092018399
560054,PS1MD,1481,9,0.47988,22.6426,0.236258,1.0,353.296,-0.3364,,False,False,True,0.004308938041645591,-0.0008295776812525012,0.0003587582683529855,-0.0011883359496054871,0.004213369636546099,0.0019139844629037627,0.4750000000000001,0.005138515722898092,0.0035882369250263245,500,1.0,False,0.0,-0.12926073766190094
310091,PS1MD,1499,9,0.50725,22.9828,0.178949,1.0,353.126,-0.1047,,False,False,True,0.00048652170280374864,-0.005271743382758961,-0.003609011178989815,-0.001662732203769147,0.0031556379291224823,0.011620864686207634,0.5250000000000001,0.00575826508556271,0.004155948711882544,500,1.0,False,0.0,0.10075728349126284
090201,PS1MD,1501,9,0.50825,22.7663,0.182324,1.0,353.328,-0.9507,,False,False,True,0.0023654261750865315,-0.0034154822923784306,-0.003809687978010486,0.00039420568563205516,0.008068694276883882,0.007527633733952594,0.5250000000000001,0.005780908467464962,0.004176690830510831,500,1.0,False,0.0,-0.12081038263385163
1293758,DES,821,15,0.14803,19.9755,0.183004,1.0,8.4839,-43.3497,,False,False,True,0.012241839607041512,0.012073692146862722,0.012073716519846263,-2.4372983540704e-08,0.0005296852664862804,-0.02660668614451685,0.125,0.000168147460178789,8.46700388005754e-05,500,1.0,False,0.6239476145930777,0.09119815859931518
1273127,DES,918,15,0.18929,20.6829,0.227356,1.0,8.5563,-43.2759,,False,False,True,0.0017351590536635463,0.001413371775635075,0.0014475000991933367,-3.4128323558261864e-05,0.000578966585094313,-0.003079179763508553,0.17500000000000004,0.0003217872780284714,0.00018858983763597113,500,1.0,False,0.8214629451395573,0.23415146922698662
1327978,DES,964,15,0.20691,20.6695,0.278525,1.0,8.28,-44.1402,,False,False,True,0.00013364794979812476,-0.00030557927136157334,-0.00022085159745936742,-8.47276739022059e-05,0.0004294821164084409,0.000668181606466903,0.22500000000000003,0.0004392272211596981,0.0002755713170777901,500,1.0,False,0.07227138643067847,0.00022304568913628434
1303883,DES,1109,15,0.25904,21.2888,0.161457,1.0,8.8633,-44.9171,,False,False,True,0.00023211618106060058,-0.0009649316066094992,-0.0004999613204984582,-0.00046497028611104104,0.00043376375427122527,0.002115658862290489,0.275,0.0011970477876700998,0.0007526150972741085,500,1.0,False,0.9423170140571983,0.06743039847875658
1338128,DES,1238,15,0.31179,21.7847,0.209189,1.0,8.0837,-43.7408,,False,False,True,0.0009238071954671737,-0.0013397667348962914,-0.001073041456855754,-0.0002667252780405373,0.003484283449359739,0.002954884195198913,0.32500000000000007,0.002263573930363465,0.0014912026950665291,500,1.0,False,0.0,0.07507843054681337
1336009,DES,1311,15,0.34169,21.9592,0.319871,1.0,8.9162,-44.8937,,False,False,True,0.0008793297585768988,-0.0019807251396540375,-0.000879431835050552,-0.0011012933046034854,0.003226540042503239,0.004371901743665639,0.32500000000000007,0.002860054898230936,0.0018987168538244156,500,1.0,False,0.946225949679329,0.020987009523132004
1283936,DES,1355,15,0.36857,22.21,0.344494,1.0,8.8776,-44.3713,,False,False,True,0.00433971592670765,0.0009629815273413563,-0.0015158627984213472,0.0024788443257627037,0.009295212658140303,-0.002087836791790308,0.3750000000000001,0.0033767343993662937,0.002233050110892646,500,1.0,False,0.969428444838281,0.1121162528623288
1341370,DES,1401,15,0.40895,22.4472,0.2385,1.0,8.9639,-44.6767,,False,False,True,0.0023961205538281546,-0.001848068502855195,-0.0017970367858669016,-5.103171698829338e-05,0.009193359606740767,0.004086451375690609,0.42500000000000016,0.00424418905668335,0.0029043985733090043,500,1.0,False,0.9442559379544353,0.06265991478596446
1328105,DES,1447,15,0.44149,22.4293,0.181576,1.0,8.1871,-43.5769,,False,False,True,0.0063809409741289085,0.0014022644803773528,-0.0009680850180816538,0.0023703494984590075,0.01258461053726349,-0.0030613518516435477,0.42500000000000016,0.004978676493751556,0.003459170459112396,500,1.0,False,0.0,-0.14999258567203444
190340,PS1MD,800,13,0.1384,19.7699,0.121281,1.0,334.134,0.4733,,False,False,True,0.00019419937261157749,-0.00023729622226937187,-0.00017123097139259622,-6.606525087677565e-05,0.0002872491414893879,0.0005189524846702817,0.125,0.00043149559488094935,0.00030949725105151144,500,1.0,False,0.0,0.044023577268042235
190230,PS1MD,803,13,0.1388,19.7937,0.127924,1.0,333.937,0.4225,,False,False,True,0.0030367411347825574,0.00260157587860071,0.002667229792975891,-6.565391437518051e-05,0.00021057693712188495,-0.005688771256949009,0.125,0.0004351652561818474,0.0003121681617329737,500,1.0,False,0.0,0.061039969220629875
420407,PS1MD,1069,13,0.24523,21.2427,0.179625,1.0,333.949,-0.3155,,False,False,True,0.0005599979462510585,-0.0008542033083668257,-0.0005841871115103848,-0.0002700161968564408,0.0031727478584015313,0.0018647666876748395,0.22500000000000003,0.0014142012546178842,0.000999279122016824,500,1.0,False,0.0,0.16075265906362207
420414,PS1MD,1191,13,0.29256,21.4422,0.223209,1.0,334.276,0.0287,,False,False,True,0.0001538406674700549,-0.001741301644256691,-0.0013213136107351048,-0.00041998803352158605,4.665163951893686e-05,0.003819060419424853,0.275,0.0018951423117267458,0.0013248139625371119,500,1.0,False,0.0,-0.0791128560302878
570025,PS1MD,1202,13,0.29855,21.4009,0.271544,1.0,335.06,0.3776,,False,False,True,0.00988704470037527,0.007935231783960588,0.008097375249572745,-0.0001621434656121562,0.005836174210308753,-0.017333712814592193,0.275,0.0019518129164146818,0.0013710683319430642,500,1.0,False,0.0,-0.1706345425471225
430003,PS1MD,1274,13,0.32851,21.681,0.294415,1.0,333.38,-0.4529,,False,False,True,0.0005605028071258871,-0.0016872940459914123,-0.0013869088358961154,-0.00030038521009529654,0.0015839100961636866,0.0037098787452910327,0.32500000000000007,0.0022477968531172993,0.0016051704255214878,500,1.0,False,0.0,-0.15882979787075904
420417,PS1MD,1345,13,0.36147,21.8629,0.286753,1.0,333.495,-0.1916,,False,False,True,0.009355800921304315,0.006678454000663877,0.006620696658775008,5.775734188886983e-05,0.014793092584623201,-0.01476630609028413,0.3750000000000001,0.0026773469206404377,0.0018855370747265412,500,1.0,False,0.0,-0.1860294933885846
550137,PS1MD,1413,13,0.41939,22.2074,0.220996,1.0,334.754,0.0297,,False,False,True,0.008191071723532149,0.00465294430050641,0.0056057247039332896,-0.0009527804034268801,0.009164205038941772,-0.010171343408304945,0.42500000000000016,0.003538127423025739,0.002522608486952818,500,1.0,False,0.0,-0.24115066489942183
510251,PS1MD,1055,37,0.2402,21.1317,0.262843,1.0,244.494,55.7428,,False,False,True,0.00045806193207583796,-0.001514328561355153,-0.0013037395810182233,-0.0002105889803369297,0.001842132944777189,0.0033399754889303903,0.22500000000000003,0.001972390493430991,0.001169358485788289,200,1.0,False,0.0,0.10036116277371593
520077,PS1MD,1087,37,0.25019,21.3435,0.222865,1.0,244.663,55.6842,,False,False,True,0.0003164401797785605,-0.0018288364683998102,-0.0015671363745109162,-0.0002617000938888939,0.0007699980388975974,0.004032322885698844,0.275,0.0021452766481783706,0.0013141641263924157,200,1.0,False,0.0,0.20731702039976077
520023,PS1MD,1137,37,0.26818,21.2093,0.230467,1.0,245.239,55.1548,,False,False,True,0.001716177166637199,-0.0007404330074576222,-0.0003435363266682081,-0.00039689668078941425,0.004119428444704003,0.001659701509482916,0.275,0.002456610174094821,0.0015749302399527987,200,1.0,False,0.0,-0.09726467130338796
050291,PS1MD,1266,37,0.32548,21.9743,0.19137,1.0,244.566,55.3847,,False,False,True,0.007601041579519553,0.00346818366420363,0.002054951422263423,0.001413232241940207,0.0122475147968824,-0.007630054971090153,0.32500000000000007,0.004132857915315923,0.003102912409384538,200,1.0,False,0.0,0.15760423434635448
050301,PS1MD,1318,37,0.34717,21.8644,0.242775,1.0,244.724,55.7829,,False,False,True,0.0018971846312616468,-0.0028165085223280217,-0.00135348109270831,-0.0014630274296197113,0.003975896598224369,0.006259633750110606,0.32500000000000007,0.0047136931535896685,0.0036312773528361054,200,1.0,False,0.0,-0.11368724270214195
050293,PS1MD,1342,37,0.36017,21.934,0.189244,1.0,244.449,55.3023,,False,False,True,0.02594106532663134,0.020879245935256578,0.01736025117395466,0.0035189947613019188,0.02043001255947473,-0.0463343296096094,0.3750000000000001,0.005061819391374762,0.003947955281138105,200,1.0,False,0.0,-0.1058695224789367
180313,PS1MD,1502,37,0.51016,22.8415,0.141859,1.0,244.319,55.3794,,False,False,True,0.004682662736037924,-0.004063113222763221,-0.0011653057977489443,-0.0028978074250142765,0.01341048818391137,0.009032398961057599,0.5250000000000001,0.008745775958801145,0.007052817328314509,200,1.0,False,0.0,-0.05526364318184501
140152,PS1MD,971,31,0.20879,20.6268,0.157351,1.0,162.393,57.6157,,False,False,True,0.0011477673060424467,-0.0002675015055042711,-0.0001606158361859417,-0.00010688566931832931,0.0029684855998895077,0.0005914448177380708,0.22500000000000003,0.0014152688115467178,0.0011358148688028074,500,1.0,False,0.0,-0.06431751414261538
350047,PS1MD,1037,31,0.23378,21.1618,0.194504,1.0,163.262,58.1363,,False,False,True,0.00015947664921418675,-0.001502440735702912,-0.0009045636776673246,-0.0005978770580355872,0.0007696479097427963,0.003288249671669477,0.22500000000000003,0.0016619173849170988,0.0013257043189074539,500,1.0,False,0.0,0.196500926212199
000174,PS1MD,1068,31,0.24511,21.0806,0.207796,1.0,162.029,56.8502,,False,False,True,0.002387784069698048,0.0006039549364804317,0.0009848667100737659,-0.00038091177359333425,0.0029796599432776157,-0.0013018494626169793,0.22500000000000003,0.0017838291332176164,0.0013979471542463367,500,1.0,False,0.0,-0.00015122300051456303
150457,PS1MD,1214,31,0.30352,21.6674,0.139941,1.0,161.353,57.2179,,False,False,True,0.0007218737096287427,-0.0016628046580394425,-0.00136159929903361,-0.00030120535900583247,0.002399124501828876,0.003653828481956998,0.32500000000000007,0.0023846783676681853,0.0018599906236752052,500,1.0,False,0.0,0.024589835414377946
350027,PS1MD,1223,31,0.30581,21.6921,0.163275,1.0,163.119,57.8072,,False,False,True,0.0012028063953949254,-0.0012042926406431614,-0.00046051762986086867,-0.0007437750107822923,0.00406100733036316,0.0026458949405737775,0.32500000000000007,0.002407099036038087,0.0018817871809515634,500,1.0,False,0.0,0.030622370757384575
340334,PS1MD,1225,31,0.30681,21.907,0.237566,1.0,163.263,57.8064,,False,False,True,0.0027597115270890085,0.0003428218061732359,0.001148813427625159,-0.0008059916214519232,0.006275695457634323,-0.0007369899545882283,0.32500000000000007,0.0024168897209157726,0.0018913053282338158,500,1.0,False,0.0,0.2374111987814441
040150,PS1MD,1379,31,0.38185,22.3085,0.197057,1.0,162.098,57.1482,,False,False,True,0.00039220128143242555,-0.0028513604396205074,-0.0018831510976507115,-0.0009682093419697958,0.000905835474437466,0.006270853357324653,0.3750000000000001,0.003243561721052933,0.0025823544602759747,500,1.0,False,0.0,0.12135577840710361
390627,PS1MD,846,18,0.16061,20.1712,0.258956,1.0,212.627,53.9,,False,False,True,0.0036176614478464516,0.002823300702168835,0.0028437063060948926,-2.0405603926057477e-05,0.00236264863417289,-0.006144553645267689,0.17500000000000004,0.0007943607456776165,0.0004965345830988913,500,1.0,False,0.0,0.11438687320650211
500504,PS1MD,946,18,0.19961,20.4234,0.244669,1.0,212.459,53.4778,,False,False,True,0.002884334896254407,0.001532675222251058,0.0005131383129576509,0.001019536909293407,0.0019040482728850067,-0.003377816210044852,0.17500000000000004,0.001351659674003349,0.0008972935541098513,500,1.0,False,0.0,-0.15292611928138575
020176,PS1MD,1114,18,0.26062,21.2503,0.169147,1.0,211.862,53.3429,,False,False,True,0.004704891458650734,0.0024099474531821077,0.0030626606647045983,-0.0006527132115224901,0.0084983341655826,-0.005271494932702996,0.275,0.002294944005468626,0.0016027696785302628,500,1.0,False,0.0,0.014006077442425142
380378,PS1MD,1145,18,0.27141,21.3147,0.120414,1.0,213.525,53.4648,,False,False,True,0.0022199401036326746,-0.00022971553751837803,-0.00014796895468137134,-8.174658283700603e-05,0.00040604395448387256,0.0005503854852411325,0.275,0.0024496556411510526,0.0017210717443501406,500,1.0,False,0.0,-0.021330131332056152
020090,PS1MD,1405,18,0.41004,22.4306,0.278663,1.0,212.879,53.5796,,False,False,True,0.002026566878165258,-0.0023486537914109186,-0.0017306576675336052,-0.0006179961238773136,0.0010142589928253298,0.0052328902323846085,0.42500000000000016,0.004375220669576177,0.002986957204821481,500,1.0,False,0.0,0.03930612622924924
050607,PS1MD,1444,18,0.43935,22.5732,0.200978,1.0,213.514,53.3622,,False,False,True,0.0027425816307280926,-0.00213411944228013,-0.0014446520041987575,-0.0006894674380813727,0.0031814026877585912,0.0047751279824327225,0.42500000000000016,0.0048767010730082225,0.0033211039632547725,500,1.0,False,0.0,0.00629728308432943
050005,PS1MD,1516,18,0.52859,22.8325,0.186889,1.0,211.812,53.9976,,False,False,True,0.012597056567644187,0.006002051742060915,0.002052564823761001,0.003949486918299916,0.00550584947521105,-0.012992911635345345,0.5250000000000001,0.0065950048255832725,0.004316400591817617,500,1.0,False,0.0,-0.15570263023820213
1291957,DES,1365,53,0.37138,22.081,0.165922,1.0,7.2,-43.5623,,False,False,True,0.0012992227143151804,-0.0006666623323672567,0.0001781307970999482,-0.0008447931294672052,0.004412560179265099,0.0014735732839913753,0.3750000000000001,0.001965885046682437,0.0012562359050936058,200,1.0,False,0.0,-0.03601722245316446
1338170,DES,1384,53,0.38672,22.1261,0.269458,1.0,6.6699,-42.9641,,False,False,True,0.0019061805665353507,-0.0002057446654938561,6.663419572115054e-05,-0.0002723788612150062,0.0025826685950001414,0.0004858744899008515,0.3750000000000001,0.002111925232029207,0.0013281672027236381,200,1.0,False,0.0,-0.09305642061477208
1290127,DES,1460,53,0.45218,22.7429,0.318935,1.0,6.6908,-43.434,,False,False,True,0.0011821835209594063,-0.0016529253791678848,-0.0005796169908133429,-0.0010733083883545417,0.00484318732590422,0.003645658593823527,0.4750000000000001,0.002835108900127291,0.0018657058116059383,200,1.0,False,0.0,0.12320214346064595
1253101,DES,1461,53,0.45328,22.5423,0.206024,1.0,7.4651,-43.1378,,False,False,True,0.04292277890419639,0.04007300623419294,0.0008961204956340761,0.03917688573855886,0.0068076142108430505,-0.0890498334505851,0.4750000000000001,0.0028497726700034576,0.0018811321047983297,200,1.0,False,0.0,-0.08360462064296137
1334302,DES,1463,53,0.45458,22.5343,0.207487,1.0,7.3673,-43.3882,,False,False,True,0.0009893717035283224,-0.001877730876328786,-0.0007435237678808563,-0.0011342071084479294,0.0020712387589117177,0.004154389172236109,0.4750000000000001,0.0028671025798571084,0.0018993631785711549,200,1.0,False,0.0,-0.09892176764291272
1306980,DES,1532,53,0.54881,22.9165,0.377591,1.0,7.0361,-43.2916,,False,False,True,0.007066424216962156,0.002908340820155766,0.004386768270932021,-0.001478427450776255,0.00719302128478379,-0.006302878116143006,0.5250000000000001,0.00415808339680639,0.002974380327553312,200,1.0,False,0.0,-0.1686312161978692
1337228,DES,1554,53,0.57737,23.392,0.289693,1.0,7.5248,-43.0341,,False,False,True,0.0009668586709522817,-0.0036295613646245145,-0.0023252870555615923,-0.0013042743090629213,0.0012937795392878994,0.008031260914455357,0.5750000000000002,0.004596420035576796,0.0032080080665087495,200,1.0,False,0.0,0.16721669565581257
430004,PS1MD,1032,35,0.23162,20.948,0.225294,1.0,351.113,-0.7542,,False,False,True,0.008770554163021905,0.0071581272062960465,0.0072686394093732535,-0.00011051220307720631,0.00497482794884044,-0.015641857248422736,0.22500000000000003,0.001612426956725858,0.0011618375070743849,200,1.0,False,0.0,0.0052981978289318755
420196,PS1MD,1201,35,0.29853,22.0175,0.23116,1.0,351.761,-1.0284,,False,False,True,0.0005639312713175388,-0.001712486136723528,-0.0013260860917907302,-0.00038640004493279816,0.0004241016266472395,0.0037632269690752187,0.275,0.002276417408041067,0.0018414634132638869,200,1.0,False,0.0,0.4461315851043866
570022,PS1MD,1211,35,0.30152,21.8556,0.20427,1.0,351.124,-0.4843,,False,False,True,0.0005039798399354504,-0.0018144771931866313,-0.001741869999572016,-7.260719361461553e-05,0.001433740171887167,0.003984459814361129,0.32500000000000007,0.002318457033122082,0.0018679638163505063,200,1.0,False,0.0,0.22920025659737994
550059,PS1MD,1255,35,0.3185,22.0815,0.326812,1.0,351.303,-1.0245,,False,False,True,0.000652851503297297,-0.0019043456080440604,-0.0017323531576574113,-0.00017199245038664935,0.0009624690005978487,0.0041854800904558695,0.32500000000000007,0.0025571971113413573,0.002018457744247096,200,1.0,False,0.0,0.31886476507352374
530219,PS1MD,1273,35,0.32848,22.098,0.277388,1.0,351.529,-0.3194,,False,False,True,0.0007213210948569056,-0.001980018146106206,-0.0015385202790989278,-0.0004414978670072786,0.0038398580726898804,0.004339455351200247,0.32500000000000007,0.002701339240963112,0.00210462234648405,200,1.0,False,0.0,0.25839828159790873
310090,PS1MD,1317,35,0.34696,22.1633,0.36936,1.0,351.308,-0.6051,,False,False,True,0.009060497403143592,0.006079028761885966,0.002007769753771803,0.004071259008114162,0.001814276719720327,-0.01327348847625729,0.32500000000000007,0.0029814686412576266,0.0022562594039897766,200,1.0,False,0.0,0.18673000049880847
550202,PS1MD,1417,35,0.42036,22.5813,0.343127,1.0,351.8,-0.7829,,False,False,True,0.014542518264359728,0.010379090755683051,0.010930662290375261,-0.0005515715346922094,0.009551231198118078,-0.02275914247195435,0.42500000000000016,0.004163427508676676,0.0031120752556341234,200,1.0,False,0.0,0.1268775634302487
1257695,DES,902,27,0.18375,20.427,0.149144,1.0,7.6016,-42.2982,,False,False,True,0.0007146186542862344,-5.231565203771716e-05,5.289153207440017e-05,-0.00010520718411211738,0.0024105031879473548,0.00011499742539090169,0.17500000000000004,0.0007669343063239516,0.0005787448381383044,200,1.0,False,0.0,0.0494330762866715
1331123,DES,1009,27,0.2215,20.9407,0.163954,1.0,8.0363,-42.5542,,False,False,True,0.00027646611208952,-0.001289574430627505,-0.00073617783832097,-0.0005533965923065349,0.000570997727783907,0.0028246327268315993,0.22500000000000003,0.0015660405427170248,0.0011450294263958523,200,1.0,False,0.0,0.10654362116656929
1343533,DES,1354,27,0.36839,22.2949,0.335343,1.0,7.3584,-42.2673,,False,False,True,0.003583962393540124,-0.0009033573376608438,0.0009305905888964947,-0.001833947926557339,0.0026211335736008013,0.0020713009562561115,0.3750000000000001,0.004487319731200968,0.0029986189593643993,200,1.0,False,0.0,0.19824649410508505
1328066,DES,1453,27,0.44886,22.6323,0.220164,1.0,7.3173,-42.0522,,False,False,True,0.0005193251712740056,-0.005381280284824676,-0.0031428379977604284,-0.002238442287064246,0.003114127623875634,0.011876795564393547,0.42500000000000016,0.005900605456098681,0.00396136051588693,200,1.0,False,0.0,0.010762455108370383
1317454,DES,1549,27,0.56879,22.9877,0.260944,1.0,8.0244,-42.6662,,False,False,True,0.005259242342932307,-0.0029691887131732715,-7.672002974267508e-05,-0.0028924686834305964,0.006482942446424627,0.006722613315972032,0.5750000000000002,0.008228431056105578,0.005147119417703065,200,1.0,False,0.0,-0.19829101519080902
1302141,DES,1577,27,0.60876,23.1752,0.349285,1.0,7.8305,-42.5014,,False,False,True,0.003093273843597832,-0.005885374516165152,-0.004139588131415805,-0.0017457863847493466,0.00833386457287651,0.01309903790293816,0.6250000000000002,0.008978648359762984,0.005626396039033903,200,1.0,False,0.0,-0.1964457679217782
370428,PS1MD,879,22,0.17791,20.3947,0.128745,1.0,184.375,47.5482,,False,False,True,0.0014238277423387212,0.0009122620775922053,0.0009124830655214672,-2.2098792926206008e-07,0.0017644312604410477,-0.0019818994893206193,0.17500000000000004,0.0005115656647465159,0.0003423740117846237,500,1.0,False,0.0,0.09436701413610017
350235,PS1MD,1126,22,0.26393,21.3058,0.165516,1.0,184.35,48.3462,,False,False,True,0.005858403402280594,0.004687247560133625,0.0046825045266536795,4.7430334799453414e-06,0.005599395223806522,-0.010223225183838835,0.275,0.0011711558421469697,0.0008186751306218678,500,1.0,False,0.0,0.038510213678343994
160039,PS1MD,1144,22,0.27094,21.2357,0.163916,1.0,184.975,48.1403,,False,False,True,0.0018403275959682226,0.0006138259007418137,-0.0003431731657185642,0.0009569990664603782,0.0026663460008774895,-0.001319304806965064,0.275,0.0012265016952264088,0.000848859794979652,500,1.0,False,0.0,-0.09606283182484794
040201,PS1MD,1158,22,0.27995,21.3134,0.150935,1.0,184.46,47.4468,,False,False,True,0.001378659836091462,4.2079371792894636e-05,-0.0004990637639483028,0.0005411431357411978,0.0008595192797595258,-7.873299233764498e-05,0.275,0.0013365804642985674,0.0009241078897131429,500,0.975,False,0.0,-0.09899982831847161
130862,PS1MD,1294,22,0.33298,22.0769,0.199859,1.0,184.002,47.9204,,False,False,True,0.00048362539372879686,-0.001667754765847263,-0.0012242246195479003,-0.00044353014629936306,0.002210928484037478,0.003677565444860034,0.32500000000000007,0.00215138015957606,0.001529429765393976,500,1.0,False,0.0,0.20330010470910018
500511,PS1MD,1298,22,0.33498,21.7721,0.16973,1.0,184.696,47.6473,,False,False,True,0.00025149132798335267,-0.0019261301310307087,-0.0015479688046979869,-0.0003781613263327219,0.0033621877955534304,0.004231286566704351,0.32500000000000007,0.0021776214590140614,0.001549377949586172,500,1.0,False,0.0,-0.11647376611039598
360140,PS1MD,1030,34,0.23092,21.0428,0.224673,1.0,185.618,47.7162,,False,False,True,0.0003095893505484161,-0.0009120095500657916,-0.000409990832705912,-0.0005020187173598797,0.0013600693592537216,0.0019934727451343726,0.22500000000000003,0.0012215989006142077,0.0007989813279576383,200,1.0,False,0.0,0.10746330915042196
170078,PS1MD,1258,34,0.32096,21.9785,0.20553,1.0,186.183,47.6681,,False,False,True,0.006008606309220021,0.0035311001779972403,0.004414602687565041,-0.0008835025095677998,0.004884854483564274,-0.0076780617394737165,0.32500000000000007,0.0024775061312227805,0.0015517837183631699,200,1.0,False,0.0,0.1966878176578671
360139,PS1MD,1383,34,0.386,22.2687,0.149698,1.0,185.739,47.5675,,False,False,True,0.001677847573559515,-0.0016417669181611658,-0.0006414857035445273,-0.0010002812146166378,0.003612551421510713,0.003632716630402033,0.3750000000000001,0.003319614491720681,0.002015199158800211,200,1.0,False,0.0,0.05425271366437918
510597,PS1MD,1467,34,0.46104,22.7632,0.228663,1.0,185.821,47.8228,,False,False,True,0.0023073252092092097,-0.0019472887642329809,-0.0007720442160356518,-0.0011752445481973289,0.010837407914327125,0.004232380525071253,0.4750000000000001,0.0042546139734421905,0.0026036410048601044,200,1.0,False,0.0,0.09390522866510487
510457,PS1MD,1495,34,0.50306,22.8954,0.310109,1.0,186.389,48.1369,,False,False,True,0.02647454002512259,0.021653410018851387,0.02254094184024025,-0.0008875318213888619,0.0275918907785198,-0.04842508405064222,0.5250000000000001,0.004821130006271203,0.0029575319804008553,200,1.0,False,0.0,0.03469335759195563
160099,PS1MD,741,0,0.10165,19.0452,0.16334,1.0,214.667,54.1831,,False,False,True,0.003743812505960525,0.0034715363959937945,0.0034715363959937945,0.0,0.003398401688639094,-0.007564760244946448,0.125,0.00027227610996673044,0.00016795951103730267,200,1.0,False,0.0,0.03825643596744738
500057,PS1MD,1375,0,0.38061,22.2084,0.186096,1.0,214.473,53.8417,,False,False,True,0.0008048098354982219,-0.002978014682683234,-0.0019894023714774004,-0.0009886123112058326,0.0041225957422078114,0.006616895426267394,0.3750000000000001,0.003782824518181456,0.0022308858860608074,200,1.0,False,0.0,0.02946729757890771
050251,PS1MD,1386,0,0.38781,22.3772,0.282606,1.0,214.327,53.9783,,False,False,True,0.0013614835386966087,-0.002535458430656989,-0.0015188296789381544,-0.0010166287517188344,0.0034488480961247696,0.005672780774692817,0.3750000000000001,0.0038969419693535975,0.0022863772987243187,200,1.0,False,0.0,0.15092995296470596
040166,PS1MD,1445,0,0.44013,22.8871,0.44109,1.0,214.12,54.0536,,False,False,True,0.0036018203347247825,-0.0011175327588182735,0.00016859188833150606,-0.0012861246471497798,0.0065415133365499005,0.0026317988437153817,0.42500000000000016,0.004719353093543056,0.0026796772036877955,200,1.0,False,0.0,0.3156748395618828
180561,PS1MD,1023,33,0.22865,20.9074,0.307057,1.0,334.462,1.4684,,False,False,True,0.00035173888953300404,-0.0004440706378301353,-0.0004428383560681168,-1.232281762018371e-06,0.0003163948455808878,0.000973508524834897,0.22500000000000003,0.0007958095273631393,0.0005520100231922683,200,1.0,False,0.0,-0.003909471226300639
560152,PS1MD,1080,33,0.24862,21.1127,0.260166,1.0,334.8,1.1602,,False,False,True,0.01177450910082299,0.01070984619823373,0.0107279284384653,-1.808224023157018e-05,0.0011767212805587658,-0.02353558337629564,0.22500000000000003,0.0010646629025892595,0.0006941713082683509,200,1.0,False,0.0,-0.002815633441954731
080646,PS1MD,1254,33,0.31822,21.7669,0.151096,1.0,334.622,0.9415,,False,False,True,0.0010801143144823601,-0.0009084542005320976,-0.000817983363632194,-9.047083689990393e-05,0.0010830226136256606,0.0020098931005005927,0.32500000000000007,0.0019885685150144577,0.0012373883419323137,200,1.0,False,0.0,0.006456193789520968
530251,PS1MD,1407,33,0.4114,22.5805,0.241171,1.0,334.634,1.1149,,False,False,True,0.0014733607891131981,-0.0016673918869597748,-0.001308151301504652,-0.00035924058545512246,0.003686291244154065,0.0036909429386026947,0.42500000000000016,0.003140752676072973,0.00209499533553178,200,1.0,False,0.0,0.18080277637155728
1255502,DES,823,16,0.14834,19.7709,0.140105,1.0,33.9046,-4.2092,,False,False,True,0.0002666191174885177,-0.0005954674364725813,-0.0003169216112573093,-0.00027854582521527203,0.00012112699672589354,0.0013030550783764152,0.125,0.0008620865539610991,0.00047293288228560104,200,1.0,False,0.4715203426124197,-0.11833944817255232
1345582,DES,1465,16,0.45885,22.7149,0.250735,1.0,33.7065,-4.6747,,False,False,True,0.014701951262943588,0.006230985304649517,0.00020667403735306813,0.006024311267296451,0.02496187032998478,-0.0139580499333943,0.4750000000000001,0.008470965958294071,0.004587425361144649,200,1.0,False,0.058707449432659105,0.057781075675969684
1306785,DES,1550,16,0.57542,22.9382,0.452062,1.0,33.7937,-4.5222,,False,False,True,0.009741218415535251,-0.001205905301353628,-0.004005185525336298,0.002799280223982666,0.013772676989431664,0.003004057713214426,0.5750000000000002,0.01094712371688888,0.006272432368363131,200,1.0,False,0.33590402742073694,-0.27781500821111854
1308568,DES,1601,16,0.64311,23.1079,0.406947,1.0,33.8732,-5.0525,,False,False,True,0.0020194354288427885,-0.010374886732946748,-0.0035693171694012146,-0.0068055695635455314,0.006415705916366519,0.023318249529178083,0.6250000000000002,0.012394322161789536,0.007209895651170077,200,1.0,False,0.5778443113772455,-0.40660768136048536
420159,PS1MD,889,24,0.18073,20.2505,0.130991,1.0,333.685,1.2178,,False,False,True,0.00569239133482784,0.00524633555057906,0.0053509349685835405,-0.00010459941800448064,0.00028054122364728367,-0.011768809203633393,0.17500000000000004,0.00044605578424877985,0.00028975593822177777,200,1.0,False,0.0,-0.08741775074659607
560150,PS1MD,947,24,0.1997,20.6435,0.169412,1.0,333.961,1.2276,,False,False,True,0.002642339151487443,0.0017143282485029203,0.0021840187408282965,-0.000469690492325376,0.0004270749456297168,-0.003727775986237902,0.17500000000000004,0.0009280109029845226,0.0005740945759149721,200,1.0,False,0.0,0.06608851144660101
440050,PS1MD,1168,24,0.28557,21.4516,0.184018,1.0,333.867,1.5495,,False,False,True,0.0008258248813851467,-0.001974629732907688,-0.0009300525584758223,-0.0010445771744318657,0.0032521434976020168,0.004347851117055778,0.275,0.002800454614292835,0.0016769136816954602,200,1.0,False,0.0,-0.009889354175117897
530112,PS1MD,1246,24,0.31453,21.8721,0.153352,1.0,333.569,0.9209,,False,False,True,0.0005695202024224259,-0.002808067610422667,-0.0007882949318488096,-0.0020197726785738577,0.002907808342459755,0.006189074896048296,0.32500000000000007,0.003377587812845093,0.0020659578947676152,200,1.0,False,0.0,0.14070412045010947
110033,PS1MD,961,29,0.20483,20.5897,0.200513,1.0,34.9031,-3.5292,,False,False,True,0.0011219035508363158,0.0005048659844818964,0.0003550634798246833,0.0001498025046572132,0.001650981698297994,-0.0010939124556955592,0.22500000000000003,0.0006170375663544195,0.00039633666212649177,200,1.0,False,0.0,-0.05519710431794406
420352,PS1MD,1387,29,0.38895,22.13,0.197743,1.0,35.1822,-3.9625,,False,False,True,0.0008962447741763274,-0.0023390484371200435,-0.0008946039431397514,-0.0014444444939802914,0.0041388741943545635,0.005135882491161757,0.3750000000000001,0.003235293211296371,0.001709064108921427,200,1.0,False,0.08344923504867872,-0.10369013619382265
080723,PS1MD,1436,29,0.4302,22.5824,0.163569,1.0,34.9864,-3.9606,,False,False,True,0.01913872163774277,0.015235544665377323,0.015781389471748584,-0.0005458448063712573,0.018530982784437346,-0.03378375710024671,0.42500000000000016,0.003903176972365446,0.002033725248539399,200,1.0,False,0.09932659932659933,0.06911579949899517
140181,PS1MD,743,2,0.10246,18.9981,0.197718,1.0,183.738,46.845,,False,False,True,1.291413567227486e-05,-0.0004194146080144822,-0.0004194146080144822,0.0,5.729459940374779e-05,0.0009149065208837703,0.125,0.00043232874368675703,0.00019701189619346945,200,1.0,False,0.0,-0.027182474407340063
150254,PS1MD,1150,2,0.27516,21.2756,0.240354,1.0,183.211,47.1458,,False,False,True,0.010528069161768466,0.009554430896690384,0.00954464115805364,9.789738636743858e-06,0.012064534798427555,-0.021018923004435794,0.275,0.0009736382650780825,0.00046272141280819505,200,1.0,False,0.0,-0.09423481651576444
130755,PS1MD,1193,2,0.29298,21.5738,0.201757,1.0,183.732,46.5759,,False,False,True,0.0010724770666148868,-1.168796386021671e-05,-7.081659928797734e-06,-4.606303931418787e-06,0.00029558335563561176,3.718884448795402e-05,0.275,0.0010841650304751036,0.0005211115668049859,200,1.0,False,0.0,0.04893487268596623
000137,PS1MD,763,6,0.11901,19.3099,0.210657,1.0,161.159,57.8111,,False,False,True,3.4933436406497175e-05,-0.000648091440014755,-0.0006033291438129636,-4.476229620179145e-05,0.000234552511343417,0.0014129939916788172,0.125,0.0006830248764212523,0.0005255242989577945,200,1.0,False,0.0,-0.06279946943004705
020096,PS1MD,1019,6,0.22578,20.7335,0.17388,1.0,161.314,58.1927,,False,False,True,0.014348170731830015,0.010868003081630365,-0.00031518416165001676,0.011183187243280383,0.011963741681427408,-0.023926918342099993,0.22500000000000003,0.00348016765019965,0.002811037282302114,200,1.0,False,0.0,-0.1471128578316046
350050,PS1MD,1398,6,0.40483,22.0843,0.200221,1.0,161.08,58.0762,,False,False,True,0.02288361619555046,0.014702468994702967,0.011170933577361404,0.003531535417341563,0.016073704195913908,-0.032445393271473645,0.42500000000000016,0.008181147200847493,0.005404108424131513,200,1.0,False,0.0,-0.2745597447463054
510550,PS1MD,1057,38,0.24122,21.0761,0.127834,1.0,243.275,55.6117,,False,False,True,0.00012803068910393383,-0.0025756023059860167,-0.002429147981862013,-0.0001464543241240035,0.0001981762790126359,0.005677106933177175,0.22500000000000003,0.0027036329950899506,0.0019931369316987003,200,1.0,False,0.0,0.03441975097886302
510638,PS1MD,1141,38,0.2702,21.3833,0.195143,1.0,243.469,56.0842,,False,False,True,0.0028670012896018053,-0.00037331830105449696,-2.7391283614774335e-05,-0.000345927017439723,0.0011258650160904013,0.0008977467831593564,0.275,0.0032403195906563023,0.0023109533851874984,200,1.0,False,0.0,0.05826980154282517
050296,PS1MD,1330,38,0.35099,22.0002,0.159103,1.0,243.451,55.6085,,False,False,True,0.020676533098622562,0.014984407460464286,0.01624018489286205,-0.0012557774323977665,0.022843340521544662,-0.033319035178346515,0.3750000000000001,0.0056921256381582755,0.003866025196271798,200,1.0,False,0.0,0.02518494476161954
350630,PS1MD,1221,46,0.30538,21.6524,0.131087,1.0,162.404,58.9533,,False,False,True,0.0008208400290221386,-0.00012482776808103854,-0.00013579891860595402,1.097115052491548e-05,0.0014330783649918223,0.00027991521370483285,0.32500000000000007,0.0009456677971031772,0.0006619838088712135,200,1.0,False,0.0,-0.0055822743211106154
000142,PS1MD,1439,46,0.43683,22.7521,0.179784,1.0,162.309,58.4672,,False,False,True,0.0009971397775941709,-0.001020976979968742,-0.0010221871609901456,1.2101810214031593e-06,0.0002888485131596219,0.0022494415639241314,0.42500000000000016,0.002018116757562913,0.001182692891206172,200,1.0,False,0.0,0.19985963198038104
030006,PS1MD,1494,46,0.50285,22.8173,0.311707,1.0,162.525,58.7774,,False,False,True,0.0005036011926999547,-0.0025277114776390735,-0.001938685126857063,-0.0005890263507820103,0.003211055962952336,0.005551128556743352,0.5250000000000001,0.003031312670339028,0.0018075453564586473,200,1.0,False,0.0,-0.04233290574672505
350548,PS1MD,891,25,0.18082,20.3861,0.131234,1.0,128.848,44.9136,,False,False,True,0.0005237055624612468,-0.0006734727231473183,-0.00024999863349687245,-0.0004234740896504459,0.0008387863658927168,0.0014769487738569968,0.17500000000000004,0.0011971782856085651,0.0005204729704294264,200,1.0,False,0.0,0.046991757171287465
480064,PS1MD,1062,25,0.24284,21.3204,0.257709,1.0,128.796,44.4482,,False,False,True,0.0006254756901766504,-0.0013601725888285378,-0.000562122883864079,-0.0007980497049644591,0.001139484284741438,0.0029911800519499664,0.22500000000000003,0.0019856482790051883,0.0009421235775715866,200,1.0,False,0.0,0.26237813013071704
110484,PS1MD,1503,25,0.51095,22.8053,0.237556,1.0,129.186,44.5547,,False,False,True,0.007403796337128664,0.0010312746093971703,-0.0017974737812752263,0.002828748390672398,0.014310567824911073,-0.002297817677638243,0.5250000000000001,0.006372521727731494,0.00437748422049812,200,1.0,False,0.0,-0.09544642762556715
100090,PS1MD,864,20,0.17297,20.4733,0.251121,1.0,131.828,43.4081,,False,False,True,7.236370454735771e-05,-0.0008555717415874288,-0.0007437550215802771,-0.00011181672000715173,0.0003486234580646937,0.0018684206454293434,0.17500000000000004,0.0009279354461347865,0.0008486212000762588,200,1.0,False,0.0,0.240166235052264
370308,PS1MD,950,20,0.20087,20.5142,0.314972,1.0,131.317,43.3857,,False,False,True,0.003167367194487394,0.0019237585201979344,0.0004585301104403969,0.0014652284097575372,0.006231809741792432,-0.004202577908070143,0.22500000000000003,0.0012436086742894596,0.0010985860686919882,200,1.0,False,0.0,-0.08363895631056534
420258,PS1MD,1148,43,0.27456,21.4869,0.291821,1.0,352.428,0.7054,,False,False,True,0.0006578754935567435,8.594990148226046e-05,8.871256841287483e-05,-2.7626669306142415e-06,0.00020039903895706975,-0.0001796349578834966,0.275,0.000571925592074483,0.0003292643114734111,200,1.0,False,0.0,0.12244516765190831
100358,PS1MD,1349,43,0.36623,21.883,0.224608,1.0,352.444,0.5905,,False,False,True,0.0005258684265480168,-0.0021269064841868456,-0.00162505576443206,-0.0005018507197547865,0.0017341141090605246,0.004693690606676551,0.3750000000000001,0.0026527749107348626,0.0016545102727342966,200,1.0,False,0.0,-0.19884693726807606
151034,PS1MD,788,10,0.13281,19.5311,0.119156,1.0,185.137,46.6661,,False,False,True,0.0040781097129647705,0.00370989458502526,0.00370989458502526,0.0,0.00034457323675695674,-0.008180300326825074,0.125,0.00036821512793951036,0.0002413346198962159,200,1.0,False,0.0,-0.09799698329811352
520016,PS1MD,1456,10,0.45106,22.6751,0.211716,1.0,185.338,46.9708,,False,False,True,0.0041431867455584415,-0.00043685861049064766,0.0012595842153608943,-0.0016964428258515413,0.004815822656816856,0.0010284893401474125,0.4750000000000001,0.004580045356049089,0.0030292595301011772,200,1.0,False,0.0,0.06173626875709537
190209,PS1MD,1350,51,0.36656,21.9797,0.153297,1.0,333.082,1.0359,,False,False,True,0.0004614203733394356,-0.0022124048463287374,-0.0016774316541635545,-0.0005349731921651836,0.0013280815610406736,0.004855039415601637,0.3750000000000001,0.002673825219668173,0.0019571547055754236,200,1.0,False,0.0,-0.10441428821700065
550218,PS1MD,1385,51,0.38744,22.3037,0.272138,1.0,332.927,0.9013,,False,False,True,0.00017471233567002584,-0.0027781811689977574,-0.002133110141368531,-0.0006450710276292268,0.0012600453478087148,0.006093324634452123,0.3750000000000001,0.002952893504667783,0.002142224431201514,200,1.0,False,0.0,0.07984258490650127
120143,PS1MD,867,21,0.17378,20.0963,0.149076,1.0,163.682,58.6266,,False,False,True,0.00011778798815586234,-0.0002751500481210094,-0.0002751500481210094,0.0,0.0009940221714740515,0.0005996102698305856,0.17500000000000004,0.00039293803627687176,0.0003008398275676901,200,1.0,False,0.0,-0.147973959539595
360145,PS1MD,942,21,0.19877,20.6351,0.209756,1.0,163.669,59.019,,False,False,True,0.003740661773276447,0.0031564212996956506,0.0031470382023656342,9.38309733001663e-06,0.003298144515925941,-0.006876567612474911,0.17500000000000004,0.0005842404735807961,0.00045806903918678833,200,1.0,False,0.0,0.06892598810798113
590002,PS1MD,951,28,0.20128,20.6045,0.215266,1.0,149.545,0.8783,,False,False,True,0.0015307986846861649,-0.001319442541622497,-0.0008854698917721778,-0.0004339726498503191,0.002888732578203434,0.0029047829928750915,0.22500000000000003,0.002850241226308662,0.00214187907098975,200,1.0,False,0.0,0.0017490452673209513
490037,PS1MD,1423,28,0.42348,22.3425,0.1845,1.0,149.957,0.8166,,False,False,True,0.0662005788100274,0.058289536666484384,-0.00030732664767454997,0.058596863314158934,0.004966319300868218,-0.13131390138302995,0.42500000000000016,0.007911042143543021,0.005441943026660952,200,1.0,False,0.0,-0.13072372672424126
110567,PS1MD,985,32,0.2144,20.7649,0.297682,1.0,52.7131,-26.46,,False,False,True,0.020319985253856993,0.017869544088406693,0.018616380482705534,-0.0007468363942988428,0.005812266289419969,-0.03934766243315854,0.22500000000000003,0.002450441165450302,0.0020146530740133106,200,1.0,False,0.0,0.009678108723243099
550096,PS1MD,1014,32,0.22449,20.6919,0.244287,1.0,52.7766,-26.3979,,False,False,True,0.0007209821164884398,-0.001893537563853587,-0.0012628814332547986,-0.0006306561305987881,0.0022188660109966132,0.004169805754378407,0.22500000000000003,0.0026145196803420267,0.002178183806522981,200,1.0,False,0.0,-0.17479739015658408
1337649,DES,1117,42,0.26162,21.1652,0.22392,1.0,43.4044,0.5102,,False,False,True,0.0002169561014483665,-0.0008101767163811646,-0.0006384635561686162,-0.0001717131602125485,0.0010756334118531838,0.0017719846861887802,0.275,0.0010271328178295311,0.0006700777376091281,200,1.0,False,0.0,-0.08049647005001766
1266657,DES,1260,42,0.32118,21.9391,0.292199,1.0,43.2731,0.5575,,False,False,True,0.00015523481323531923,-0.0013024871075433125,-0.0010499113710044604,-0.00025257573653885194,0.0016863568463031558,0.0028498583794390013,0.32500000000000007,0.0014577219207786317,0.0009701440247829552,200,1.0,False,0.0,0.15557944256362752
370498,PS1MD,1115,41,0.26094,21.3598,0.183961,1.0,186.266,46.8062,,False,False,True,0.0011642601502178005,-9.903046706696774e-05,-0.0008384281601197978,0.0007393976930528303,0.002002605827982359,0.00022645055307752822,0.275,0.0012632906172847683,0.0008391458604551465,200,1.0,False,0.0,0.12049363368511216
160066,PS1MD,1519,41,0.53111,23.2579,0.288005,1.0,186.588,46.5959,,False,False,True,0.0035491188075839992,-0.001917913814521794,0.00021753465891325352,-0.002135448473435048,0.005154614452818716,0.004292729160670446,0.5250000000000001,0.005467032622105793,0.003570984573943363,200,1.0,False,0.0,0.25742849134208673
500004,PS1MD,1091,40,0.25063,21.0479,0.186331,1.0,213.023,51.6739,,False,False,True,3.6918245164610206e-05,-0.0005434522772732485,-0.0005357803406072548,-7.671936665993795e-06,0.0005120334624753935,0.0011957681312833382,0.275,0.0005803705224378587,0.0002913751604945959,200,1.0,False,0.0,-0.09258367851146239
050580,PS1MD,1455,40,0.45068,22.3916,0.155357,1.0,212.991,52.0718,,False,False,True,0.0012871301608669563,-0.001840563542435034,-0.001518119806904641,-0.000322443735530393,0.004543460869593669,0.00412500960503385,0.4750000000000001,0.0031276937033019904,0.001766879724958855,200,1.0,False,0.0,-0.2196113143365067
190260,PS1MD,811,14,0.14359,19.8605,0.126647,1.0,333.967,-0.8252,,False,False,True,0.00043011579519798614,7.922279758444586e-05,9.923631274656112e-05,-2.0013515162115223e-05,9.801299660746391e-05,-0.0001710547313607337,0.125,0.0003508929976135403,0.00024130769844776453,200,1.0,False,0.0,0.048001799923067356
530037,PS1MD,1138,14,0.26859,21.326,0.189225,1.0,333.671,-1.0504,,False,False,True,0.003345477288879093,0.0017979266261791106,0.0021138827386796965,-0.000315956112500586,0.006743804876508584,-0.003941454602640088,0.275,0.0015475506626999823,0.001188876657240151,200,1.0,False,0.0,0.015676985826485395
SCP06G4,SNAP,1690,61,1.35136,25.2962,0.317314,1.0,217.328,34.6437,,False,True,True,0.01165718019948625,-0.00609748417198068,-0.0029552878503215814,-0.0031421963216590933,0.015197786547849576,0.014044883192097509,1.3750000000000004,0.01775466437146693,0.009458494224309319,200,1.0,False,0.0,-0.16278464871735207
510266,PS1MD,1446,55,0.44067,22.3834,0.157885,1.0,214.033,51.7321,,False,False,True,0.0059964813231987435,-0.00037721594224141876,0.0020275205984012206,-0.0024047365406426402,0.00539080351452775,0.0008553429119934879,0.42500000000000016,0.006373697265440162,0.005370467940361721,200,1.0,False,0.0,-0.19115170333821385
SCP06U4,SNAP,1680,59,1.04817,25.1699,0.488011,1.0,356.373,-36.546,,False,True,True,0.03393656175786531,0.00882211821058404,0.005439202226155956,0.003382915984428088,0.03814878800466282,-0.02036963616381312,1.0250000000000004,0.02511444354728127,0.01781999858518645,200,1.0,False,0.0,0.07836801461467402
520041,PS1MD,1530,57,0.54545,23.3103,0.18949,1.0,184.138,45.962,,False,False,True,0.0014557959080821479,-0.0029661932754590494,-0.002836294887939528,-0.00012989838751952128,0.0060119997831400524,0.006535453313198875,0.5250000000000001,0.004421989183541197,0.003118572254520318,200,1.0,False,0.0,0.24103985519312293
370329,PS1MD,1478,56,0.47786,22.9739,0.226675,1.0,151.309,1.7007,,False,False,True,0.0008837487064268868,-0.0029704388451348386,-0.002061642055933678,-0.0009087967892011596,0.0013659701878128178,0.006548016717216756,0.4750000000000001,0.0038541875515617254,0.0027454045082611384,200,1.0,False,0.0,0.21285404816205833
SCP06H5,SNAP,1682,60,1.23225,25.0677,0.609899,1.0,218.626,34.4492,,False,True,True,0.0319527835776022,0.012731448321768885,0.018478659883573258,-0.005747211561804375,0.0038378062661493704,-0.02730055701738874,1.2250000000000005,0.019221335255833315,0.012721742847167887,200,1.0,False,0.0,-0.48048566601911874
050303,PS1MD,1272,49,0.32842,22.0549,0.307244,1.0,241.437,56.0744,,False,False,True,0.0004362361418255082,-0.0021322504732151294,-0.002074735190811657,-5.751528240347333e-05,6.383090719186994e-05,0.004689135711980777,0.32500000000000007,0.002568486615040638,0.0016699657948489124,200,1.0,False,0.0,0.21575449842367042
1306991,DES,1420,54,0.42195,22.2806,0.269472,1.0,8.4681,-42.0948,,False,False,True,0.0013412233040135384,-0.005003072715285987,-0.0026871424992331366,-0.00231593021605285,0.001734545636698201,0.011105376316356632,0.42500000000000016,0.006344296019299525,0.003997896996830027,200,1.0,False,0.0,-0.18342004966548575
160126,PS1MD,1343,50,0.36034,21.8261,0.2287,1.0,163.283,57.2013,,False,False,True,0.003987998006884212,0.0023406781512587144,0.0024781822680151025,-0.00013750411675638724,0.008380555269265113,-0.005148964121514094,0.3750000000000001,0.0016473198556254977,0.001211991587899702,200,1.0,False,0.0,-0.21495601036304984
1308326,DES,1270,48,0.32632,21.7974,0.154865,1.0,42.2701,0.5823,,False,False,True,0.00022034953199151654,-0.00161359454090967,-0.0009621556036498574,-0.0006514389372598126,0.0013863041912464394,0.003533937384309923,0.32500000000000007,0.0018339440729011865,0.0010998024460242143,200,1.0,False,0.0,-0.025729078493640513
560087,PS1MD,1224,47,0.30652,21.6429,0.199749,1.0,352.676,-1.556,,False,False,True,0.000199304902034542,-0.002385100744552181,-0.0019086015698664346,-0.00047649917468574587,0.0008363323111912507,0.005239609241841082,0.32500000000000007,0.002584405646586723,0.0015525989807429383,200,1.0,False,0.0,-0.024339083776489558
200132,PS1MD,969,30,0.20868,20.8504,0.237981,1.0,334.494,-0.6969,,False,False,True,0.00033182119649438564,-0.0011577609023813728,-0.0011383745505462502,-1.9386351835122472e-05,0.0023757118189526505,0.002536287033697969,0.22500000000000003,0.0014895820988757584,0.0010893920978219294,200,1.0,False,0.0,0.16055535058938747
1310395,DES,1180,45,0.28907,21.449,0.275906,1.0,36.5343,-6.76,,False,False,True,0.0007271089374789986,-0.0013958291970602292,-0.0009364783541348395,-0.0004593508429253902,0.0012287462088080474,0.003078442093142439,0.275,0.002122938134539228,0.001314342004042946,200,1.0,False,0.0,-0.042611254902623366
091869,PS1MD,1176,44,0.28854,21.4928,0.1632,1.0,351.908,-1.7625,,False,False,True,0.00671193013229239,0.0032540339993737083,-0.001211978461116402,0.004466012460490111,0.005917272409345182,-0.0070910960769178175,0.275,0.003457896132918682,0.002334855436646728,200,1.0,False,0.0,0.0057283020974035325
SCP06K0,SNAP,1693,62,1.41633,25.2049,0.735281,1.0,219.535,34.2384,,False,True,True,0.03585126435297416,0.007543493711144156,0.01631085977956027,-0.008767366068416115,0.0038357922937932456,-0.014863001960680522,1.4250000000000003,0.028307770641830002,0.01935809324016903,200,1.0,False,0.0,0.0
