CID,row_index,sample,HOST_RA,HOST_DEC,zHD,MU,MUERR,HOST_LOGMASS,PROBIA,clipped,is_calibrator,cluster_targeted
1994DRichmond,4,LOWZ/JRK07,188.51,7.7016,0.00299,11.5227,0.880798,,1.0,False,False,False
1980N,21,LOWZ/JRK07,50.7513,-37.2139,0.00482,11.9946,0.557951,,1.0,False,False,False
2007on,23,CSP,54.7125,-35.5753,0.00483,12.3995,0.564078,,1.0,False,False,False
1992A,25,LOWZ/JRK07,54.1142,-34.9587,0.00483,12.087,0.561941,,1.0,False,False,False
2007on,26,SOUSA,54.7125,-35.5753,0.00483,12.5105,0.573808,,1.0,False,False,False
2011B,29,SOUSA,133.952,78.2174,0.00538,12.3982,0.513692,,1.0,False,False,False
2018aoz,30,LOSS1,177.758,-28.7441,0.00548,12.4752,0.500704,,1.0,False,False,False
2016coj,31,LOSS1,182.028,65.1772,0.0057,12.6587,0.468851,,1.0,False,False,False
SN2016coj,32,FOUND,182.028,65.1772,0.0057,12.6455,0.482914,,1.0,False,False,False
2007gi,35,LOWZ/JRK07,180.348,61.8927,0.00587,12.4873,0.490624,,1.0,False,False,False
2015bp,37,SOUSA,226.375,1.634,0.00592,13.2155,0.486307,,1.0,False,False,False
1981D,41,LOWZ/JRK07,50.6599,-37.2327,0.00616,11.6549,0.524297,,1.0,False,False,False
2006dd,42,LOWZ/JRK07,50.6734,-37.2036,0.00616,11.9327,0.451429,,1.0,False,False,False
2007le,47,LOSS2,354.702,-6.5226,0.0063,12.8224,0.533308,,1.0,False,False,False
2007le,48,CSP,354.702,-6.5226,0.0063,12.8313,0.536656,,1.0,False,False,False
2007le,49,CFA4p2,354.702,-6.5226,0.0063,12.7673,0.537482,,1.0,False,False,False
1998dm,50,LOSS2,21.5582,-6.1039,0.00631,13.5803,0.562254,,1.0,False,False,False
2014bv,51,SOUSA,186.129,75.5357,0.00634,13.1471,0.481811,,1.0,False,False,False
1997br,54,CFA2,200.177,-22.0367,0.00665,12.4791,0.530482,,1.0,False,False,False
2011iv,55,CSP,54.714,-35.5922,0.00668,11.9687,0.419839,,1.0,False,False,False
1996X,57,CFA1,199.505,-26.8459,0.00676,12.7203,0.414586,,1.0,False,False,False
1992G,61,LOWZ/JRK07,159.077,37.3212,0.00692,13.1875,0.438804,,1.0,False,False,False
2008Q,70,LOSS2,21.2385,9.5504,0.0075,13.0782,0.372866,,1.0,False,False,False
2008Q,71,SOUSA,21.2385,9.5504,0.0075,13.0468,0.395732,,1.0,False,False,False
2003kf,72,CFA3S,91.1476,-12.6286,0.00795,13.3888,0.361712,,1.0,False,False,False
2012hr,75,SOUSA,95.4103,-59.7141,0.00814,13.4562,0.366561,,1.0,False,False,False
1996Z,79,CFA1,144.187,-21.1476,0.00817,13.1925,0.490044,,1.0,False,False,False
1995D,80,CFA1,145.228,5.1406,0.00818,13.231,0.341596,,1.0,False,False,False
1991M,81,LOWZ/JRK07,239.645,17.458,0.00821,13.9608,0.462045,,1.0,False,False,False
2013gh,82,LOSS1,330.591,-18.9168,0.00838,13.268,0.464828,,1.0,False,False,False
2013gh,83,SOUSA,330.591,-18.9168,0.00838,13.4392,0.484113,,1.0,False,False,False
PSNJ0717457,87,FOUND,109.44,23.3446,0.00861,13.4693,0.382481,,1.0,False,False,False
2005am,88,LOSS2,139.052,-16.3044,0.00863,13.1214,0.337245,,1.0,False,False,False
2005am,89,CSP,139.052,-16.3044,0.00863,13.1415,0.330194,,1.0,False,False,False
2005am,90,CFA3K,139.052,-16.3044,0.00863,13.082,0.336798,,1.0,False,False,False
2019ein,92,LOWZ/JRK07,208.371,40.2754,0.00883,13.6086,0.325919,,1.0,False,False,False
2002er,93,LOSS2,257.875,7.9958,0.00906,13.546,0.36787,,1.0,False,False,False
2002er,94,LOWZ/JRK07,257.875,7.9958,0.00906,13.4968,0.408634,,1.0,False,False,False
2013cs,98,SOUSA,198.812,-17.9654,0.00935,13.0823,0.400458,,1.0,False,False,False
2002dj,103,LOSS2,198.251,-19.519,0.00957,13.648,0.308368,,1.0,False,False,False
2002dj,104,CFA3S,198.251,-19.519,0.00957,13.6124,0.333397,,1.0,False,False,False
1998es,105,CFA2,24.3233,5.8807,0.00966,13.5499,0.35687,,1.0,False,False,False
1998es,106,LOSS2,24.3233,5.8807,0.00966,13.6635,0.371852,,1.0,False,False,False
PTF10icb,107,SOUSA,193.705,58.8819,0.00993,14.2223,0.3719,,1.0,False,False,False
2013E,111,SOUSA,150.023,-34.2337,0.01016,13.5264,0.3475,,1.0,False,False,False
1999ac,112,LOSS2,241.812,7.9723,0.01017,13.6652,0.364224,,1.0,False,False,False
1999ac,113,CFA2,241.812,7.9723,0.01017,13.7144,0.34081,,1.0,False,False,False
2009an,114,LOSS1,185.697,65.8512,0.01026,14.0848,0.305101,,1.0,False,False,False
2009an,115,CFA4p2,185.697,65.8512,0.01026,13.9723,0.297865,,1.0,False,False,False
2004S,117,LOSS2,101.431,-31.2312,0.01042,13.8706,0.316076,,1.0,False,False,False
1997do,121,CFA2,111.677,47.0933,0.01073,13.8551,0.363667,,1.0,False,False,False
ASASSN-16jf,124,FOUND,339.247,-25.232,0.01096,14.3179,0.313698,,1.0,False,False,False
iPTF13ebh,125,SOUSA,35.4999,33.2705,0.01114,14.4807,0.341421,,1.0,False,False,False
iPTF13ebh,126,CSP,35.4999,33.2705,0.01114,14.3839,0.293983,,1.0,False,False,False
2010ko,127,SOUSA,83.206,-14.0961,0.01122,14.5817,0.352878,,1.0,False,False,False
2013ex,128,LOSS1,83.1942,-14.0459,0.01122,14.1806,0.282135,,1.0,False,False,False
2013ex,129,SOUSA,83.1942,-14.0459,0.01122,14.2417,0.32405,,1.0,False,False,False
2009ab,130,CSP,64.1516,2.7642,0.01155,14.3303,0.27987,,1.0,False,False,False
2011ao,131,SOUSA,178.463,33.3629,0.01195,14.2444,0.30029,,1.0,False,False,False
2001cz,132,LOWZ/JRK07,191.876,-39.58,0.01213,14.6253,0.345327,,1.0,False,False,False
2009kk,133,CFA4p3,57.4345,-3.2644,0.0122,14.4493,0.265296,,1.0,False,False,False
2010Y,134,CFA4p3,162.766,65.7797,0.01233,14.4873,0.252697,,1.0,False,False,False
2008R,135,CSP,45.9738,-11.9943,0.01246,14.5756,0.263736,,1.0,False,False,False
2002ha,136,LOSS2,311.827,0.3127,0.01258,14.455,0.239241,,1.0,False,False,False
2002ha,137,CFA3S,311.827,0.3127,0.01258,14.4716,0.248635,,1.0,False,False,False
2009kq,138,LOSS1,129.063,28.0671,0.01259,14.3344,0.258654,,1.0,False,False,False
2009kq,139,CFA4p3,129.063,28.0671,0.01259,14.2648,0.264818,,1.0,False,False,False
2001bt,140,LOWZ/JRK07,288.445,-59.2897,0.01279,14.4962,0.415783,,1.0,False,False,False
2001ep,141,LOSS2,74.2511,-4.7612,0.01283,14.3835,0.286107,,1.0,False,False,False
2001ep,142,CFA3S,74.2511,-4.7612,0.01283,14.2498,0.330021,,1.0,False,False,False
2013gy,143,LOSS1,55.5703,-4.7218,0.01303,14.4825,0.238258,,1.0,False,False,False
2013gy,144,SOUSA,55.5703,-4.7218,0.01303,14.5077,0.285948,,1.0,False,False,False
AT2017cfd,145,FOUND,130.204,73.4875,0.01304,14.3222,0.291315,,1.0,False,False,False
2017cfd,146,LOSS1,130.204,73.4875,0.01304,14.3143,0.283503,,1.0,False,False,False
2007hj,149,LOSS2,345.449,15.5865,0.01325,14.7152,0.302491,,1.0,False,False,False
2007hj,150,CSP,345.449,15.5865,0.01325,14.7316,0.298179,,1.0,False,False,False
2007hj,151,CFA4p2,345.449,15.5865,0.01325,14.6717,0.303407,,1.0,False,False,False
2008hv,152,SOUSA,136.892,3.3923,0.01375,14.544,0.27654,,1.0,False,False,False
2008hv,153,CSP,136.892,3.3923,0.01375,14.5153,0.231206,,1.0,False,False,False
2008hv,154,CFA4p2,136.892,3.3923,0.01375,14.519,0.234204,,1.0,False,False,False
1997E,155,CFA2,101.909,74.4975,0.01376,14.5119,0.287526,,1.0,False,False,False
2007cv,156,SOUSA,159.439,-27.0825,0.01386,14.4211,0.34431,,1.0,False,False,False
1992al,157,LOWZ/JRK07,311.485,-51.3944,0.01388,14.4438,0.231964,,1.0,False,False,False
1999dk,158,LOWZ/JRK07,22.8622,14.2849,0.01389,14.5523,0.287538,,1.0,False,False,False
1999dk,159,LOSS2,22.8622,14.2849,0.01389,14.4121,0.294973,,1.0,False,False,False
ASASSN-16dn,160,FOUND,162.206,-20.2639,0.01411,14.5676,0.249416,,1.0,False,False,False
ASASSN-16la,161,FOUND,37.3226,18.0879,0.01424,14.5914,0.264112,,1.0,False,False,False
2005kc,162,CSP,338.531,5.5684,0.01442,14.7657,0.306005,,1.0,False,False,False
2005kc,163,CFA3K,338.531,5.5684,0.01442,14.7719,0.351302,,1.0,False,False,False
2007ca,164,LOSS2,202.774,-15.1018,0.01442,15.0836,0.369731,,1.0,False,False,False
2007ca,165,CSP,202.774,-15.1018,0.01442,14.9251,0.395988,,1.0,False,False,False
2007ca,166,CFA3K,202.774,-15.1018,0.01442,14.999,0.396317,,1.0,False,False,False
2006N,167,CFA3K,92.1302,64.7236,0.01446,14.6548,0.238994,,1.0,False,False,False
2006td,168,CFA3K,29.5657,36.3494,0.0145,14.9197,0.364029,,1.0,False,False,False
2013gq,169,LOSS1,124.473,23.4696,0.01453,14.4996,0.214608,,1.0,False,False,False
2004eo,170,CSP,308.226,9.9285,0.0146,14.6296,0.24785,,1.0,False,False,False
2003gt,171,LOSS2,308.246,9.872,0.01462,14.6723,0.242429,,1.0,False,False,False
2005bo,172,CSP,192.421,-11.0965,0.01463,14.5023,0.389571,,1.0,False,False,False
2005bo,173,LOSS2,192.421,-11.0965,0.01463,14.4659,0.391891,,1.0,False,False,False
2001fe,174,CFA3S,144.488,25.4948,0.01467,14.6386,0.239175,,1.0,False,False,False
2013fa,175,LOSS1,310.973,12.5144,0.01472,14.5364,0.396434,,1.0,False,False,False
2000dm,176,LOSS2,274.746,16.2482,0.01484,14.7579,0.268869,,1.0,False,False,False
PSNJ2043531,177,FOUND,310.972,12.5085,0.01492,14.9372,0.371694,,1.0,False,False,False
2011df,178,LOSS1,291.89,54.3865,0.01493,14.5994,0.276241,,1.0,False,False,False
2005el,179,LOSS2,77.953,5.1943,0.01499,14.721,0.227971,,1.0,False,False,False
2005el,180,CFA3K,77.953,5.1943,0.01499,14.6731,0.23013,,1.0,False,False,False
2001cn,181,LOWZ/JRK07,281.574,-65.7616,0.01515,14.6347,0.293747,,1.0,False,False,False
2005de,182,LOSS2,270.597,26.0521,0.01519,14.9263,0.2654,,1.0,False,False,False
SN2017jl,183,FOUND,14.3829,30.1852,0.01525,14.5176,0.300982,,1.0,False,False,False
ASASSN-16ad,184,FOUND,24.8836,33.8268,0.01529,14.7804,0.343245,,1.0,False,False,False
ATLAS16cxr,185,FOUND,272.027,25.4088,0.01542,15.0896,0.371909,,1.0,False,False,False
iPTF16auf,186,FOUND,217.788,27.236,0.01543,14.8214,0.313702,,1.0,False,False,False
2008bc,187,CSP,144.63,-63.9738,0.01546,14.7801,0.22485,,1.0,False,False,False
2011im,188,SOUSA,341.105,-0.1672,0.01549,15.0202,0.339288,,1.0,False,False,False
1999ej,189,LOSS2,20.7391,33.4661,0.0155,15.0051,0.271187,,1.0,False,False,False
1999ej,190,CFA2,20.7391,33.4661,0.0155,14.9582,0.256655,,1.0,False,False,False
2001en,191,LOSS2,21.3454,34.0251,0.0155,14.7464,0.285045,,1.0,False,False,False
2001en,192,CFA3S,21.3454,34.0251,0.0155,14.6322,0.312769,,1.0,False,False,False
2001V,193,CFA3S,179.354,25.2025,0.01557,14.5372,0.28932,,1.0,False,False,False
2001V,194,LOWZ/JRK07,179.354,25.2025,0.01557,14.5542,0.289137,,1.0,False,False,False
2008ec,195,LOSS2,345.819,8.8722,0.01562,14.9202,0.262981,,1.0,False,False,False
2008ec,196,SOUSA,345.819,8.8722,0.01562,14.8772,0.333218,,1.0,False,False,False
2008eo,197,LOSS1,10.4668,32.9903,0.01565,15.0787,0.277402,,1.0,False,False,False
2009nq,198,CFA4p3,348.821,19.0229,0.01576,14.9127,0.285607,,1.0,False,False,False
2005al,199,CSP,207.501,-30.5762,0.01578,14.7456,0.218273,,1.0,False,False,False
2013hn,200,SOUSA,207.247,-30.2907,0.01578,14.8167,0.289124,,1.0,False,False,False
2001bf,201,LOSS2,270.392,26.2506,0.01581,14.7396,0.237761,,1.0,False,False,False
2001bf,202,CFA3S,270.392,26.2506,0.01581,14.6474,0.217323,,1.0,False,False,False
ASASSN-15oh,203,FOUND,337.675,39.2932,0.01587,15.1386,0.26899,,1.0,False,False,False
1994S,204,CFA1,187.841,29.1344,0.01588,14.7757,0.223197,,1.0,False,False,False
1999aa,205,LOSS2,126.925,21.4874,0.0159,14.9133,0.241388,,1.0,False,False,False
1999aa,206,CFA2,126.925,21.4874,0.0159,14.8793,0.207724,,1.0,False,False,False
2002cs,207,LOSS2,281.75,45.7055,0.0159,14.7799,0.27117,,1.0,False,False,False
iPTF14bdn,208,SOUSA,202.687,32.7618,0.01603,14.8532,0.280284,,1.0,False,False,False
2007ss,209,CFA4p2,190.275,50.3913,0.01652,15.1607,0.345316,,1.0,False,False,False
2010kg,210,SOUSA,70.035,7.35,0.01652,14.7469,0.333638,,1.0,False,False,False
2013fw,211,LOSS1,318.437,13.576,0.01656,14.9078,0.216439,,1.0,False,False,False
2013Q,212,SOUSA,356.783,29.4865,0.01657,14.7196,0.414401,,1.0,False,False,False
iPTF13dge,213,SOUSA,75.8962,1.5715,0.01662,15.0263,0.260521,,1.0,False,False,False
2007fs,214,LOSS1,330.418,-21.5082,0.01666,15.0878,0.196174,,1.0,False,False,False
SN2016gfr,215,FOUND,274.898,23.7862,0.01671,14.6455,0.243894,,1.0,False,False,False
ASASSN-16ip,216,FOUND,36.8407,-23.9287,0.01678,14.9149,0.244992,,1.0,False,False,False
PSNJ0107203,219,FOUND,16.8346,32.3997,0.01682,14.7143,0.283124,,1.0,False,False,False
1998ef,220,LOSS2,15.862,32.2368,0.0169,14.588,0.288048,,1.0,False,False,False
1998ef,221,CFA2,15.862,32.2368,0.0169,14.6445,0.26318,,1.0,False,False,False
ASASSN-15ti,222,FOUND,46.2858,37.9,0.01692,15.2364,0.309138,,1.0,False,False,False
ASASSN-15od,223,FOUND,35.8049,-4.5172,0.01698,15.0879,0.226785,,1.0,False,False,False
1996bv,224,CFA1,94.0542,57.0525,0.01699,14.8225,0.296588,,1.0,False,False,False
1997Y,225,CFA2,191.381,54.7381,0.01705,14.9443,0.212756,,1.0,False,False,False
2001da,226,LOSS2,358.387,8.1174,0.01718,14.769,0.307813,,1.0,False,False,False
2001da,227,CFA3S,358.387,8.1174,0.01718,14.9473,0.324206,,1.0,False,False,False
ASASSN-15kx,228,FOUND,334.049,37.4738,0.0172,15.3554,0.21815,,1.0,False,False,False
2000dk,229,LOSS2,16.848,32.4064,0.0173,14.8906,0.281398,,1.0,False,False,False
2000dk,230,CFA2,16.848,32.4064,0.0173,14.8987,0.255715,,1.0,False,False,False
2007fb,231,LOSS1,359.218,5.5088,0.01733,15.1479,0.220048,,1.0,False,False,False
2007fb,232,CFA4p2,359.218,5.5088,0.01733,15.2571,0.229657,,1.0,False,False,False
2006ef,233,LOSS2,31.0813,-8.7284,0.01734,15.108,0.218624,,1.0,False,False,False
2008C,234,CSP,104.298,20.4371,0.01737,15.057,0.26217,,1.0,False,False,False
2008C,235,CFA4p2,104.298,20.4371,0.01737,15.0139,0.261032,,1.0,False,False,False
2004fz,236,LOSS2,30.2767,31.8789,0.01743,14.5269,0.329528,,1.0,False,False,False
2006ax,237,CFA3K,171.014,-12.2914,0.01747,15.0698,0.198413,,1.0,False,False,False
2006ax,238,CSP,171.014,-12.2914,0.01747,15.0603,0.195968,,1.0,False,False,False
1998V,239,CFA2,275.656,15.7021,0.01752,14.8935,0.229836,,1.0,False,False,False
2013gs,240,SOUSA,142.787,46.3848,0.01776,14.9691,0.319272,,1.0,False,False,False
2008L,241,LOSS2,49.3194,41.3827,0.01778,15.0834,0.208373,,1.0,False,False,False
2008L,242,CFA3K,49.3194,41.3827,0.01778,14.9934,0.211714,,1.0,False,False,False
2009le,243,CSP,32.3214,-23.4124,0.01784,15.0409,0.245119,,1.0,False,False,False
2009le,244,CFA4p3,32.3214,-23.4124,0.01784,14.9888,0.221228,,1.0,False,False,False
2000dr,245,LOSS2,15.4335,-15.5692,0.0179,15.0445,0.317767,,1.0,False,False,False
2007as,246,CSP,141.9,-80.1776,0.01802,15.0131,0.232649,,1.0,False,False,False
1992bo,247,LOWZ/JRK07,20.4925,-34.212,0.01808,15.3548,0.199653,,1.0,False,False,False
2010ai,248,CFA4p3,194.85,27.9964,0.01826,15.7262,0.216805,,1.0,False,False,False
ASASSN-17co,249,FOUND,272.336,18.2983,0.01826,14.9475,0.279266,,1.0,False,False,False
PS15coh,250,FOUND,33.9935,12.2372,0.01839,15.1863,0.225289,,1.0,False,False,False
2009gf,251,CFA4p2,213.905,14.2802,0.01855,15.239,0.25393,,1.0,False,False,False
2009gf,252,SOUSA,213.905,14.2802,0.01855,15.323,0.29501,,1.0,False,False,False
2016ffh,253,LOSS1,227.956,46.251,0.01865,15.3641,0.237454,,1.0,False,False,False
ATLAS16cpu,254,FOUND,227.956,46.251,0.01865,15.3186,0.238466,,1.0,False,False,False
2000cu,255,LOSS2,291.087,-25.9846,0.01866,15.3536,0.276155,,1.0,False,False,False
2011fs,256,LOSS1,334.331,35.5806,0.01875,15.2936,0.213816,,1.0,False,False,False
2011fs,257,SOUSA,334.331,35.5806,0.01875,15.2336,0.319886,,1.0,False,False,False
ASASSN-16cs,258,FOUND,102.653,31.1124,0.01905,15.1756,0.280109,,1.0,False,False,False
2006kf,259,CSP,55.4603,8.1569,0.01947,15.5217,0.193529,,1.0,False,False,False
2006kf,260,CFA3K,55.4603,8.1569,0.01947,15.5555,0.193658,,1.0,False,False,False
2008hs,261,SOUSA,36.3734,41.8431,0.01975,15.504,0.46583,,1.0,False,False,False
2008hs,262,CFA4p2,36.3734,41.8431,0.01975,15.4863,0.432674,,1.0,False,False,False
2007au,263,LOSS2,107.942,49.8537,0.01976,15.4335,0.405343,,1.0,False,False,False
2016W,264,FOUND,37.6655,42.236,0.01995,15.1118,0.29449,,1.0,False,False,False
2002kf,265,CFA3S,99.3138,49.8528,0.02001,15.4324,0.202483,,1.0,False,False,False
1992bc,266,LOWZ/JRK07,46.3169,-39.5596,0.02006,15.2591,0.197651,,1.0,False,False,False
2009ds,267,CSP,177.267,-9.7291,0.02019,15.2542,0.232329,,1.0,False,False,False
2009ds,268,CFA4p2,177.267,-9.7291,0.02019,15.449,0.190556,,1.0,False,False,False
2006ej,269,LOSS2,9.749,-9.0157,0.02023,15.3465,0.186364,,1.0,False,False,False
2006ej,270,SOUSA,9.749,-9.0157,0.02023,15.2482,0.29433,,1.0,False,False,False
2006ej,271,CSP,9.749,-9.0157,0.02023,15.323,0.187974,,1.0,False,False,False
2006ej,272,CFA3K,9.749,-9.0157,0.02023,15.3952,0.185881,,1.0,False,False,False
2002jy,273,CFA3S,20.3178,40.4987,0.02024,15.7458,0.185763,,1.0,False,False,False
2016hpw,274,CNIa0.02,317.283,-18.1039,0.02034,15.5635,0.240313,,1.0,False,False,False
ATLAS16dqf,275,FOUND,317.283,-18.1039,0.02034,15.3219,0.374851,,1.0,False,False,False
2005ki,276,CFA3K,160.118,9.2023,0.02035,15.3179,0.185756,,1.0,False,False,False
2005ki,277,CSP,160.118,9.2023,0.02035,15.3126,0.175653,,1.0,False,False,False
2005ki,278,LOSS1,160.118,9.2023,0.02035,15.2401,0.188829,,1.0,False,False,False
ASASSN-15lg,279,FOUND,198.887,3.5007,0.02044,15.4022,0.212886,,1.0,False,False,False
2001dl,280,LOSS2,320.257,9.1807,0.02049,15.8733,0.374812,,1.0,False,False,False
PSNJ1602512,281,FOUND,240.714,47.2248,0.02052,15.303,0.33281,,1.0,False,False,False
2007st,282,CSP,27.177,-48.6494,0.02056,15.1638,0.215471,,1.0,False,False,False
ASASSN-17bs,283,FOUND,268.026,21.566,0.02056,15.3117,0.24804,,1.0,False,False,False
2010A,284,CFA4p3,38.1644,0.6195,0.02081,15.2333,0.32934,,1.0,False,False,False
2003W,285,LOSS2,146.706,16.0438,0.02082,15.421,0.229315,,1.0,False,False,False
2003W,286,CFA3S,146.706,16.0438,0.02082,15.3819,0.253074,,1.0,False,False,False
2001br,287,LOSS2,277.607,34.1036,0.0209,15.5588,0.299007,,1.0,False,False,False
ASASSN-16lc,288,CNIa0.02,292.252,-51.971,0.02096,15.4426,0.214804,,1.0,False,False,False
AT2016eoa,289,FOUND,5.3461,22.4354,0.02106,15.4163,0.229102,,1.0,False,False,False
ASASSN-16lg,290,FOUND,267.051,17.6256,0.02116,15.122,0.201286,,1.0,False,False,False
2004bw,291,LOSS2,225.945,-3.3046,0.02116,15.5664,0.194561,,1.0,False,False,False
2008Z,292,LOSS2,145.814,36.2844,0.02118,15.865,0.309511,,1.0,False,False,False
2008Z,293,CFA4p2,145.814,36.2844,0.02118,15.9526,0.302902,,1.0,False,False,False
2007bc,294,LOSS2,169.811,20.809,0.02131,15.5031,0.178554,,1.0,False,False,False
2007bc,295,CSP,169.811,20.809,0.02131,15.4814,0.175108,,1.0,False,False,False
2007bc,296,CFA3K,169.811,20.809,0.02131,15.4889,0.185801,,1.0,False,False,False
SN2016ajf,297,FOUND,49.9771,41.565,0.02134,15.5097,0.338897,,1.0,False,False,False
2009dc,298,CSP,237.801,25.7078,0.02137,15.0938,0.19717,,1.0,False,False,False
2018fop,299,CNIa0.02,18.8255,-6.859,0.02151,15.3369,0.197339,,1.0,False,False,False
ASASSN-15uv,300,FOUND,126.784,27.8116,0.02153,15.3584,0.392396,,1.0,False,False,False
ASASSN-18da,301,CNIa0.02,52.3194,-23.9786,0.0217,15.5179,0.193993,,1.0,False,False,False
2006et,302,CFA3K,10.6909,-23.5584,0.02183,15.5053,0.282159,,1.0,False,False,False
2006et,303,CSP,10.6909,-23.5584,0.02183,15.5212,0.252205,,1.0,False,False,False
1999dg,304,LOSS2,227.868,13.4849,0.02197,15.6059,0.244964,,1.0,False,False,False
2001cp,305,LOSS2,257.761,5.8411,0.02198,15.7124,0.215286,,1.0,False,False,False
1995ak,306,CFA1,41.4535,3.2306,0.02203,15.4209,0.246309,,1.0,False,False,False
2009na,307,CFA4p3,161.756,26.5439,0.02205,15.4947,0.197256,,1.0,False,False,False
ASASSN-18iu,308,CNIa0.02,269.418,50.0386,0.02207,15.6317,0.184059,,1.0,False,False,False
ATLAS16dpb,309,FOUND,44.3919,5.9782,0.02215,15.7951,0.287366,,1.0,False,False,False
SNF20080514-002,310,LOSS2,202.303,11.2724,0.02219,15.7606,0.214466,,1.0,False,False,False
2006dm,311,LOSS2,355.449,-3.669,0.02228,15.5529,0.178146,,1.0,False,False,False
2006dm,312,SOUSA,355.449,-3.669,0.02228,15.5704,0.256694,,1.0,False,False,False
2008ia,313,CSP,132.647,-61.2779,0.02231,15.6715,0.167677,,1.0,False,False,False
2004bg,314,LOSS2,170.256,21.3398,0.02234,15.5197,0.197164,,1.0,False,False,False
2004bg,315,CFA3S,170.256,21.3398,0.02234,15.6174,0.202689,,1.0,False,False,False
2002cu,316,LOSS2,272.71,31.109,0.02236,15.5284,0.223034,,1.0,False,False,False
2006cp,317,CFA3K,184.812,22.4273,0.02239,15.5184,0.301448,,1.0,False,False,False
2006cp,318,LOSS2,184.812,22.4273,0.02239,15.6073,0.241616,,1.0,False,False,False
2000fa,319,LOSS2,108.874,23.4284,0.0224,15.506,0.287454,,1.0,False,False,False
2000fa,320,CFA2,108.874,23.4284,0.0224,15.5467,0.253838,,1.0,False,False,False
ASASSN-16bn,321,CNIa0.02,47.6437,4.2697,0.02241,15.7862,0.21282,,1.0,False,False,False
ASASSN-17aj,322,FOUND,173.294,-10.2218,0.02255,15.4776,0.241638,,1.0,False,False,False
AT2017cfb,323,FOUND,208.528,9.4128,0.02266,15.5908,0.218888,,1.0,False,False,False
2006bq,324,CFA3K,279.995,39.9824,0.0227,15.6163,0.201499,,1.0,False,False,False
2002ef,325,LOSS2,357.873,-13.3796,0.02273,15.4319,0.357306,,1.0,False,False,False
2010cr,326,SOUSA,202.354,11.7962,0.02295,16.0155,0.303676,,1.0,False,False,False
ASASSN-15il,327,FOUND,239.284,-12.6733,0.02295,15.6054,0.19945,,1.0,False,False,False
2000cn,328,LOSS2,269.418,27.8328,0.02298,15.7462,0.266,,1.0,False,False,False
2000cn,329,CFA2,269.418,27.8328,0.02298,15.7182,0.235743,,1.0,False,False,False
2017hoq,330,CNIa0.02,79.8345,-17.6116,0.02303,15.732,0.188819,,1.0,False,False,False
2009jb,331,SOUSA,260.925,30.4973,0.02307,15.5136,0.339266,,1.0,False,False,False
2014ai,332,LOSS1,139.934,33.7637,0.02313,15.7695,0.269874,,1.0,False,False,False
ASASSN-14fa,333,SOUSA,43.0961,-31.8217,0.02316,15.63,0.273642,,1.0,False,False,False
2004at,334,LOSS2,164.688,59.4867,0.02321,15.6638,0.17647,,1.0,False,False,False
PS15cku,335,FOUND,21.0939,3.5876,0.02325,15.8007,0.22811,,1.0,False,False,False
2007ci,336,LOSS2,176.441,19.7705,0.02331,15.3948,0.265593,,1.0,False,False,False
2007ci,337,CFA3K,176.441,19.7705,0.02331,15.1771,0.278115,,1.0,False,False,False
2009al,338,LOSS1,162.842,8.5785,0.02342,15.7321,0.281287,,1.0,False,False,False
2009al,339,CSP,162.842,8.5785,0.02342,15.7551,0.220042,,1.0,False,False,False
2009al,340,CFA4p2,162.842,8.5785,0.02342,15.7253,0.22378,,1.0,False,False,False
2009cz,341,SOUSA,138.75,29.7353,0.02343,15.6052,0.258869,,1.0,False,False,False
2009cz,342,CSP,138.75,29.7353,0.02343,15.6052,0.168487,,1.0,False,False,False
ASASSN-15nr,343,FOUND,261.674,13.9098,0.02344,15.5801,0.262385,,1.0,False,False,False
2004bk,344,LOSS2,204.37,4.1031,0.02352,15.5861,0.214185,,1.0,False,False,False
2018enc,345,CNIa0.02,229.869,-9.8806,0.02354,15.7468,0.216038,,1.0,False,False,False
2007qe,346,LOSS2,358.554,27.4093,0.02357,15.7876,0.2048,,1.0,False,False,False
2007qe,347,CFA3K,358.554,27.4093,0.02357,15.6979,0.257717,,1.0,False,False,False
ATLAS17bas,348,FOUND,166.898,22.8514,0.02357,15.3185,0.260349,,1.0,False,False,False
ASASSN-15tz,349,FOUND,40.287,43.6802,0.02365,15.7013,0.272706,,1.0,False,False,False
2010ao,350,LOSS1,205.921,3.9,0.02369,15.69,0.208056,,1.0,False,False,False
2006sr,351,CFA3K,0.8959,23.1962,0.02388,15.7419,0.178773,,1.0,False,False,False
ASASSN-15jt,352,FOUND,197.038,27.8264,0.0239,15.636,0.402793,,1.0,False,False,False
ASASSN-16em,353,FOUND,203.057,84.6783,0.0239,15.741,0.276066,,1.0,False,False,False
2000ca,354,LOWZ/JRK07,203.846,-34.1603,0.02391,15.6463,0.188406,,1.0,False,False,False
1998eg,355,CFA2,339.876,8.6059,0.02401,15.8488,0.193136,,1.0,False,False,False
PS1-14xw,356,SOUSA,253.24,2.3935,0.02411,15.8519,0.309153,,1.0,False,False,False
2010gp,357,SOUSA,253.239,2.3879,0.02411,15.2181,0.39756,,1.0,False,False,False
2000bh,358,LOWZ/JRK07,185.313,-21.9988,0.02412,15.6252,0.222434,,1.0,False,False,False
2007F,359,LOSS1,195.813,50.6188,0.02417,15.6891,0.206529,,1.0,False,False,False
2007F,360,CFA3K,195.813,50.6188,0.02417,15.831,0.181558,,1.0,False,False,False
1993H,361,LOWZ/JRK07,208.209,-30.7079,0.02428,15.9273,0.230676,,1.0,False,False,False
AT2016bln,362,FOUND,203.689,13.8539,0.02429,15.8241,0.193541,,1.0,False,False,False
2006ac,363,LOSS2,190.437,35.0686,0.02432,15.7341,0.182157,,1.0,False,False,False
2006ac,364,CFA3K,190.437,35.0686,0.02432,15.7,0.196215,,1.0,False,False,False
ASASSN-15sf,365,FOUND,2.865,-6.4273,0.02432,15.9787,0.23365,,1.0,False,False,False
2005bg,366,CSP,184.322,16.3716,0.02434,15.7572,0.200135,,1.0,False,False,False
2009D,367,CSP,58.5951,-19.1817,0.02453,15.755,0.159749,,1.0,False,False,False
2009D,368,LOSS1,58.5951,-19.1817,0.02453,15.8216,0.208209,,1.0,False,False,False
2009D,369,CFA4p2,58.5951,-19.1817,0.02453,15.6963,0.168725,,1.0,False,False,False
PS16ccn,370,FOUND,273.122,31.2799,0.02457,15.9254,0.187175,,1.0,False,False,False
2008bf,371,LOSS2,181.012,20.2452,0.02462,15.8531,0.234003,,1.0,False,False,False
2008bf,372,CSP,181.012,20.2452,0.02462,15.7991,0.229679,,1.0,False,False,False
2008bf,373,CFA3K,181.012,20.2452,0.02462,15.6368,0.232409,,1.0,False,False,False
1994M,374,CFA1,187.786,0.6054,0.02464,15.6998,0.212083,,1.0,False,False,False
2004br,375,LOSS2,187.783,0.6132,0.02464,15.554,0.180451,,1.0,False,False,False
ASASSN-16hz,376,FOUND,348.94,-1.3396,0.02466,15.5582,0.316446,,1.0,False,False,False
2003he,377,LOSS2,359.738,-2.2481,0.02491,15.8332,0.239027,,1.0,False,False,False
2001cj,378,LOSS2,200.437,31.2468,0.02494,15.9443,0.226892,,1.0,False,False,False
Gaia16agf,379,FOUND,98.5373,-25.1846,0.02509,15.9622,0.267166,,1.0,False,False,False
2007cq,380,SOUSA,333.668,5.0803,0.0251,15.5839,0.286774,,1.0,False,False,False
2007cq,381,CFA3K,333.668,5.0803,0.0251,15.5952,0.179903,,1.0,False,False,False
2003it,382,CFA3S,1.452,27.4527,0.0251,15.826,0.204219,,1.0,False,False,False
2007cq,383,LOSS2,333.668,5.0803,0.0251,15.756,0.174816,,1.0,False,False,False
AT2017cfc,384,FOUND,208.163,-2.0022,0.02512,15.7746,0.188272,,1.0,False,False,False
2011dn,385,SOUSA,299.648,2.6045,0.02513,15.2053,0.332169,,1.0,False,False,False
2007sw,386,CFA4p2,183.404,46.4934,0.02517,15.6587,0.305292,,1.0,False,False,False
2012bh,387,LOSS1,183.406,46.4835,0.02517,15.9459,0.236747,,1.0,False,False,False
370356,388,PS1MD,183.406,46.4835,0.02517,15.9747,0.202583,,1.0,False,False,False
2002he,389,LOSS2,124.995,62.8203,0.02519,15.8609,0.152945,,1.0,False,False,False
2002he,390,CFA3S,124.995,62.8203,0.02519,15.8615,0.172727,,1.0,False,False,False
2018jjd,391,CNIa0.02,66.0835,-31.9874,0.02521,15.7312,0.183307,,1.0,False,False,False
2002bf,392,CFA3S,153.926,55.6685,0.02525,15.6911,0.239204,,1.0,False,False,False
2002bf,393,LOWZ/JRK07,153.926,55.6685,0.02525,15.6533,0.267708,,1.0,False,False,False
ASASSN-16bq,394,FOUND,212.86,1.286,0.02534,15.9352,0.174626,,1.0,False,False,False
PS15ahs,395,FOUND,269.874,43.3901,0.02534,15.9444,0.183966,,1.0,False,False,False
PSNJ0153424,396,FOUND,28.4267,29.9363,0.02556,15.9298,0.23216,,1.0,False,False,False
SN2017hn,397,FOUND,196.914,6.3376,0.02557,15.8091,0.188251,,1.0,False,False,False
1992ag,398,LOWZ/JRK07,201.041,-23.8788,0.02585,15.5134,0.343633,,1.0,False,False,False
SN2017ms,399,FOUND,156.676,36.6805,0.02591,15.8651,0.198351,,1.0,False,False,False
PSNJ2352371,400,FOUND,358.155,14.5525,0.02596,16.1484,0.198664,,1.0,False,False,False
2005M,401,LOSS2,144.385,23.2007,0.02598,16.0401,0.177503,,1.0,False,False,False
2005M,402,CSP,144.385,23.2007,0.02598,15.8551,0.196395,,1.0,False,False,False
2005M,403,CFA3K,144.385,23.2007,0.02598,15.582,0.347266,,1.0,False,False,False
SN2017mf,404,FOUND,214.129,39.5864,0.02598,16.0581,0.176679,,1.0,False,False,False
2005mc,405,CSP,126.776,21.646,0.02626,16.0325,0.287644,,1.0,False,False,False
2005mc,406,CFA3K,126.776,21.646,0.02626,16.0899,0.322102,,1.0,False,False,False
ASASSN-15uu,407,FOUND,25.9859,17.0626,0.02632,15.7693,0.371366,,1.0,False,False,False
2005ms,408,CFA3K,132.31,36.13,0.02669,16.055,0.177546,,1.0,False,False,False
1999gp,409,CFA2,37.9131,39.3812,0.02691,16.0158,0.181374,,1.0,False,False,False
1999gp,410,LOSS2,37.9131,39.3812,0.02691,16.0362,0.204105,,1.0,False,False,False
ASASSN-15mf,411,FOUND,213.595,2.9755,0.02695,15.8654,0.179348,,1.0,False,False,False
ASASSN-17at,412,FOUND,174.64,25.3971,0.02713,15.9983,0.184798,,1.0,False,False,False
SNF20071021-000,413,LOSS2,3.7493,16.335,0.02714,16.0694,0.214364,,1.0,False,False,False
2013fn,414,SOUSA,315.099,-14.4978,0.0273,16.0362,0.297685,,1.0,False,False,False
2002eb,415,LOSS2,334.772,24.5944,0.02731,16.0143,0.170229,,1.0,False,False,False
2007co,416,LOSS2,275.765,29.8971,0.02731,16.0907,0.229204,,1.0,False,False,False
2007co,417,SOUSA,275.765,29.8971,0.02731,15.8588,0.345538,,1.0,False,False,False
2007co,418,CFA3K,275.765,29.8971,0.02731,15.974,0.260248,,1.0,False,False,False
1992P,419,LOWZ/JRK07,190.704,10.3601,0.02736,16.06,0.218475,,1.0,False,False,False
2007su,420,CFA4p2,334.787,13.1779,0.0274,16.0512,0.351818,,1.0,False,False,False
ASASSN-15fa,421,FOUND,257.442,62.9743,0.02741,16.2706,0.223713,,1.0,False,False,False
2005na,422,CSP,105.403,14.1333,0.02748,15.86,0.170601,,1.0,False,False,False
2005na,423,CFA3K,105.403,14.1333,0.02748,15.9008,0.184895,,1.0,False,False,False
2005na,424,LOSS2,105.403,14.1333,0.02748,15.8587,0.168141,,1.0,False,False,False
ASASSN-16av,425,FOUND,177.868,22.0261,0.02773,16.0937,0.288615,,1.0,False,False,False
2006gj,426,CSP,49.3992,-1.6917,0.02803,16.4728,0.320564,,1.0,False,False,False
2010ii,427,LOSS1,339.555,35.4917,0.02805,15.8776,0.182787,,1.0,False,False,False
2006ev,428,CSP,322.747,13.9892,0.0281,16.4209,0.214662,,1.0,False,False,False
PSNJ0252467,429,FOUND,43.1946,46.9464,0.02816,16.1083,0.188706,,1.0,False,False,False
2009aa,430,CSP,170.926,-22.2707,0.02819,16.0644,0.171301,,1.0,False,False,False
2011hb,431,SOUSA,351.981,8.7794,0.0282,16.0344,0.291687,,1.0,False,False,False
2005eq,432,LOSS2,47.2055,-7.0332,0.02823,16.2531,0.160842,,1.0,False,False,False
2005eq,433,CSP,47.2055,-7.0332,0.02823,16.3033,0.157926,,1.0,False,False,False
2005eq,434,CFA3K,47.2055,-7.0332,0.02823,16.305,0.158705,,1.0,False,False,False
2003U,435,CFA3S,260.69,62.164,0.02833,16.0135,0.17548,,1.0,False,False,False
2009ad,436,CFA4p2,75.8891,6.6599,0.02844,16.119,0.158011,,1.0,False,False,False
2009ad,437,CSP,75.8891,6.6599,0.02844,16.0891,0.15418,,1.0,False,False,False
2002el,438,LOSS2,314.125,-18.5595,0.02849,15.8519,0.179717,,1.0,False,False,False
2008ar,439,LOSS2,186.158,10.8382,0.02849,16.1838,0.178289,,1.0,False,False,False
2008ar,440,CSP,186.158,10.8382,0.02849,16.0383,0.176186,,1.0,False,False,False
2008ar,441,CFA4p2,186.158,10.8382,0.02849,16.106,0.178209,,1.0,False,False,False
AT2017ns,442,FOUND,42.2932,14.6008,0.02849,15.9433,0.365609,,1.0,False,False,False
2004gs,443,CSP,129.597,17.6277,0.02857,16.3466,0.233453,,1.0,False,False,False
SN2017ckx,444,FOUND,117.045,28.2307,0.02858,16.4066,0.249928,,1.0,False,False,False
2007is,445,CFA4p2,251.811,40.2436,0.02866,16.0919,0.209647,,1.0,False,False,False
2013bs,446,LOSS1,259.342,41.0667,0.02866,16.1575,0.200097,,1.0,False,False,False
1998ab,447,CFA2,192.197,41.9245,0.02873,15.6957,0.226143,,1.0,False,False,False
1993ah,448,LOWZ/JRK07,357.959,-27.9618,0.02888,16.0233,0.65456,,1.0,False,False,False
2006qo,449,CFA3K,120.035,56.3688,0.02898,16.2249,0.274049,,1.0,False,False,False
ASASSN-15la,450,FOUND,213.213,35.7112,0.02902,15.8028,0.21699,,1.0,False,False,False
1996C,451,CFA1,207.702,49.3186,0.02913,16.2622,0.249362,,1.0,False,False,False
PS16cvc,452,FOUND,318.097,14.7793,0.02915,16.4418,0.181346,,1.0,False,False,False
ASASSN-15fs,453,FOUND,284.67,43.4689,0.02917,15.9861,0.183851,,1.0,False,False,False
2003ch,454,CFA3S,109.491,9.693,0.02919,16.3494,0.167829,,1.0,False,False,False
ASASSN-16ay,455,FOUND,108.059,7.2395,0.02938,16.3692,0.298748,,1.0,False,False,False
PSNJ0859349,456,FOUND,134.895,45.9259,0.02938,16.219,0.224134,,1.0,False,False,False
ASASSN-16fs,457,FOUND,221.777,11.5949,0.02944,16.0231,0.178889,,1.0,False,False,False
LSQ12gdj,458,SOUSA,358.681,-25.6761,0.02947,15.8409,0.271354,,1.0,False,False,False
2000cw,459,LOSS2,356.855,28.3877,0.02949,16.3549,0.222602,,1.0,False,False,False
2002de,460,LOSS2,244.127,35.7084,0.0295,16.1108,0.282455,,1.0,False,False,False
ASASSN-16aj,461,FOUND,65.4509,-15.7554,0.02953,16.2124,0.175805,,1.0,False,False,False
ASASSN-16br,462,FOUND,236.376,-13.1528,0.02956,16.2534,0.188976,,1.0,False,False,False
AT2017zd,463,FOUND,203.176,-21.8011,0.02969,16.0251,0.192235,,1.0,False,False,False
ASASSN-16hh,464,CNIa0.02,31.1559,21.5861,0.02978,16.2485,0.188445,,1.0,False,False,False
ATLAS17ajn,465,FOUND,176.111,-28.4574,0.02978,16.2586,0.188868,,1.0,False,False,False
Gaia16bba,466,FOUND,15.398,17.1013,0.0299,16.1824,0.183358,,1.0,False,False,False
1997dg,467,CFA2,355.059,26.2033,0.02996,16.608,0.19062,,1.0,False,False,False
2004ef,468,LOSS2,340.542,19.9946,0.03012,16.2665,0.19422,,1.0,False,False,False
2004ef,469,CSP,340.542,19.9946,0.03012,16.2308,0.197459,,1.0,False,False,False
2004ef,470,CFA3K,340.542,19.9946,0.03012,16.2231,0.231922,,1.0,False,False,False
ASASSN-15nq,471,FOUND,259.33,33.4621,0.03023,16.2655,0.163802,,1.0,False,False,False
AT2017lm,472,FOUND,45.3849,-15.016,0.03031,16.3012,0.214581,,1.0,False,False,False
ASASSN-16fo,473,FOUND,203.149,-5.2725,0.03036,16.2273,0.171694,,1.0,False,False,False
ASASSN-16es,474,CNIa0.02,177.727,2.3069,0.03047,16.2815,0.256833,,1.0,False,False,False
AT2016cyt,475,FOUND,317.399,15.1255,0.03059,16.1056,0.162287,,1.0,False,False,False
2013fy,476,SOUSA,324.363,-47.0319,0.03075,16.0992,0.342093,,1.0,False,False,False
ASASSN-15uw,477,FOUND,38.893,-6.0629,0.03076,16.3554,0.21095,,1.0,False,False,False
ASASSN-16hr,478,FOUND,336.382,38.9844,0.03083,16.2118,0.277436,,1.0,False,False,False
PS15cwx,479,FOUND,78.6992,7.0504,0.03086,16.1634,0.182859,,1.0,False,False,False
1990O,480,LOWZ/JRK07,258.901,16.322,0.03091,16.2396,0.164272,,1.0,False,False,False
2001ba,481,LOWZ/JRK07,174.507,-32.3308,0.03096,16.3951,0.204901,,1.0,False,False,False
2009eu,482,LOSS1,247.171,39.5535,0.03108,16.6694,0.398388,,1.0,False,False,False
2009fv,483,LOSS1,247.434,40.8116,0.03108,16.153,0.33102,,1.0,False,False,False
2009fv,484,CFA4p2,247.434,40.8116,0.03108,16.0844,0.37432,,1.0,False,False,False
SNF20080909-030,485,LOSS2,330.454,13.0553,0.0311,16.312,0.181727,,1.0,False,False,False
2008gg,486,LOSS1,21.346,-18.1724,0.03114,16.417,0.235291,,1.0,False,False,False
2008gg,487,CSP,21.346,-18.1724,0.03114,16.2879,0.182914,,1.0,False,False,False
1999cc,488,CFA2,240.675,37.3596,0.03116,16.3347,0.166924,,1.0,False,False,False
AT2017wb,489,FOUND,165.331,70.6649,0.03117,16.2774,0.282294,,1.0,False,False,False
MASTEROTJ08,490,FOUND,128.237,-3.8579,0.03118,16.4145,0.17243,,1.0,False,False,False
2007bd,491,LOSS1,127.889,-1.1994,0.0312,16.2427,0.17387,,1.0,False,False,False
2007bd,492,CSP,127.889,-1.1994,0.0312,16.3263,0.146208,,1.0,False,False,False
2007bd,493,CFA3K,127.889,-1.1994,0.0312,16.2311,0.151414,,1.0,False,False,False
2006bt,494,LOSS2,239.127,20.046,0.03121,16.519,0.222596,,1.0,False,False,False
2006bt,495,CSP,239.127,20.046,0.03121,16.4898,0.225151,,1.0,False,False,False
2006bt,496,CFA3K,239.127,20.046,0.03121,16.5337,0.21497,,1.0,False,False,False
2006bw,497,CFA3K,218.486,3.7988,0.03132,16.3701,0.319748,,1.0,False,False,False
ASASSN-15hg,498,FOUND,148.452,9.1939,0.03143,16.3931,0.194347,,1.0,False,False,False
ATLAS17axb,499,FOUND,205.847,-19.9437,0.03143,16.3072,0.183588,,1.0,False,False,False
2010gn,500,SOUSA,259.458,40.8811,0.03147,16.6589,0.272567,,1.0,False,False,False
CSS160428,501,FOUND,200.78,52.6491,0.03148,16.4487,0.162055,,1.0,False,False,False
2000dn,502,LOSS2,346.274,-3.2003,0.03148,16.454,0.218912,,1.0,False,False,False
2006en,503,LOSS2,347.521,30.2233,0.03162,16.3944,0.192354,,1.0,False,False,False
2006en,504,CFA3K,347.521,30.2233,0.03162,16.4317,0.186128,,1.0,False,False,False
2008bq,505,CSP,100.26,-38.0386,0.03166,16.4749,0.175991,,1.0,False,False,False
ASASSN-16oz,506,FOUND,135.056,-13.634,0.03192,16.2062,0.274741,,1.0,False,False,False
2006az,507,CFA3K,183.061,56.1794,0.03201,16.2366,0.146203,,1.0,False,False,False
010026,508,PS1MD,160.674,58.8438,0.03236,16.4216,0.200299,,1.0,False,False,False
AT2017po,509,FOUND,240.965,39.9901,0.03255,16.323,0.194953,,1.0,False,False,False
2007ai,510,CSP,243.224,-21.6302,0.0326,16.6032,0.257396,,1.0,False,False,False
2007ai,511,CFA3K,243.224,-21.6302,0.0326,16.6047,0.293379,,1.0,False,False,False
2007ux,512,CSP,152.333,14.9924,0.03264,16.6278,0.188113,,1.0,False,False,False
2007ux,513,CFA4p2,152.333,14.9924,0.03264,16.4126,0.273194,,1.0,False,False,False
ASASSN-15pr,514,FOUND,346.664,-12.5728,0.03264,16.6552,0.19632,,1.0,False,False,False
2008gl,515,CFA4p2,20.2284,4.8053,0.03272,16.4108,0.153695,,1.0,False,False,False
2008gl,516,LOSS1,20.2284,4.8053,0.03272,16.3836,0.167699,,1.0,False,False,False
2008gl,517,CSP,20.2284,4.8053,0.03272,16.3901,0.145945,,1.0,False,False,False
SN2016hpx,518,FOUND,90.8194,-26.8986,0.03282,16.3799,0.202232,,1.0,False,False,False
SN2017cii,519,FOUND,248.333,23.7313,0.03289,16.5851,0.176607,,1.0,False,False,False
2006te,520,CFA3K,122.929,41.5547,0.0329,16.4718,0.151157,,1.0,False,False,False
2006os,521,CSP,43.7542,16.0097,0.03294,16.5462,0.324902,,1.0,False,False,False
2004as,522,LOSS2,171.413,22.8304,0.03296,16.4794,0.218528,,1.0,False,False,False
2004as,523,CFA3S,171.413,22.8304,0.03296,16.6377,0.22412,,1.0,False,False,False
ASASSN-16bc,524,FOUND,181.357,-21.4004,0.03298,16.3634,0.165831,,1.0,False,False,False
2008gp,525,CSP,50.753,1.3619,0.03333,16.4113,0.148513,,1.0,False,False,False
2008gp,526,LOSS1,50.753,1.3619,0.03333,16.4738,0.160376,,1.0,False,False,False
2010ag,527,CFA4p3,255.973,31.5017,0.03335,16.5629,0.19712,,1.0,False,False,False
2005iq,528,CFA3K,359.635,-18.7092,0.03341,16.6117,0.148553,,1.0,False,False,False
2005iq,529,CSP,359.635,-18.7092,0.03341,16.5986,0.141058,,1.0,False,False,False
PS15bsq,530,FOUND,355.467,-8.6379,0.03371,16.5267,0.1574,,1.0,False,False,False
2004L,531,CFA3S,156.767,16.0187,0.03373,16.576,0.272338,,1.0,False,False,False
2003gn,532,LOSS2,338.465,20.8024,0.03375,16.7699,0.241513,,1.0,False,False,False
2003cq,533,CFA3S,179.059,60.522,0.03378,16.5746,0.257715,,1.0,False,False,False
2006S,534,CFA3K,191.413,35.0868,0.03393,16.6559,0.175145,,1.0,False,False,False
2011dl,535,LOSS1,244.521,21.5511,0.03403,16.5057,0.311799,,1.0,False,False,False
2006gr,536,LOSS2,338.095,30.8287,0.03428,16.6658,0.205651,,1.0,False,False,False
2006gr,537,CFA3K,338.095,30.8287,0.03428,16.6848,0.209584,,1.0,False,False,False
ASASSN-16dw,538,FOUND,202.503,-27.9739,0.03437,16.5307,0.215389,,1.0,False,False,False
2007ba,539,CSP,229.178,7.3966,0.03441,16.572,0.339534,,1.0,False,False,False
ATLAS17ajs,540,FOUND,171.977,27.3458,0.03451,16.7227,0.357064,,1.0,False,False,False
1996bl,541,CFA1,9.0749,11.3946,0.03459,16.4818,0.153296,,1.0,False,False,False
2003kc,542,CFA3S,146.643,30.6553,0.03479,16.6036,0.203994,,1.0,False,False,False
2003iv,543,CFA3S,42.5302,12.8462,0.03491,16.6588,0.163417,,1.0,False,False,False
ASASSN-15jl,544,FOUND,230.671,50.9766,0.03512,16.6286,0.167159,,1.0,False,False,False
1992bg,545,LOWZ/JRK07,115.486,-62.5194,0.03515,16.6407,0.209934,,1.0,False,False,False
2005eu,546,LOSS2,36.9303,28.1768,0.03516,16.5482,0.482576,,1.0,False,False,False
2005eu,547,CFA3K,36.9303,28.1768,0.03516,16.5508,0.4813,,1.0,False,False,False
2008at,548,CFA4p2,156.801,71.4157,0.03522,16.5819,0.33312,,1.0,False,False,False
ASASSN-15tg,549,FOUND,5.171,25.229,0.03529,16.608,0.166424,,1.0,False,False,False
2007hu,550,CFA4p2,254.125,27.9779,0.03551,16.7375,0.373848,,1.0,False,False,False
PTSS-16efw,551,FOUND,263.908,8.809,0.03568,16.981,0.186511,,1.0,False,False,False
2016fbk,552,LOSS1,26.0272,34.3827,0.03576,16.7061,0.223548,,1.0,False,False,False
AT2016fbk,553,FOUND,26.0272,34.3827,0.03576,16.9015,0.22873,,1.0,False,False,False
1994T,554,CFA1,200.378,-2.149,0.03583,16.6795,0.202439,,1.0,False,False,False
ASASSN-15mi,555,FOUND,210.815,41.6041,0.03585,16.2985,0.202534,,1.0,False,False,False
ASASSN-15ss,556,FOUND,93.1391,-14.2575,0.03599,16.7379,0.185228,,1.0,False,False,False
2001ck,557,LOSS2,219.459,30.4839,0.03616,16.6056,0.221845,,1.0,False,False,False
PS15bbn,558,FOUND,315.99,13.3684,0.03624,16.9315,0.185288,,1.0,False,False,False
ASASSN-15lu,559,FOUND,200.304,40.2657,0.03635,16.7505,0.183273,,1.0,False,False,False
2008hj,560,CSP,1.008,-11.1687,0.03682,16.6752,0.154255,,1.0,False,False,False
2008hj,561,CFA4p2,1.008,-11.1687,0.03682,16.6306,0.183129,,1.0,False,False,False
2000dg,562,LOSS2,1.5575,8.8882,0.03697,16.8218,0.288021,,1.0,False,False,False
2002G,563,LOSS2,196.98,34.0851,0.03702,16.5526,0.306981,,1.0,False,False,False
2002G,564,CFA3S,196.98,34.0851,0.03702,16.6757,0.317324,,1.0,False,False,False
2006mo,565,CFA3K,11.6606,36.3327,0.03702,16.8165,0.17293,,1.0,False,False,False
2008ei,566,LOSS2,334.388,33.2559,0.03702,16.827,0.335728,,1.0,False,False,False
2002hu,567,CFA3S,34.5836,37.4663,0.03705,16.7107,0.164362,,1.0,False,False,False
2000cf,568,CFA2,238.234,65.9369,0.03707,16.7945,0.164133,,1.0,False,False,False
2001eh,569,LOSS2,24.5504,41.6552,0.03725,16.7537,0.13249,,1.0,False,False,False
2001eh,570,CFA3S,24.5504,41.6552,0.03725,16.7397,0.146711,,1.0,False,False,False
ASASSN-16db,571,FOUND,167.357,29.5732,0.0373,16.6168,0.187759,,1.0,False,False,False
AT2016hns,572,FOUND,324.921,24.4065,0.0374,16.7259,0.16144,,1.0,False,False,False
ASASSN-15bc,573,FOUND,61.561,-8.8856,0.03753,16.696,0.261217,,1.0,False,False,False
2007jg,574,LOSS1,52.4617,0.0568,0.03756,17.0803,0.169106,,1.0,False,False,False
2007jg,575,CSP,52.4617,0.0568,0.03756,16.9655,0.169201,,1.0,False,False,False
AT2016cvw,576,FOUND,341.553,10.5588,0.03787,16.7533,0.204884,,1.0,False,False,False
2002eu,577,LOSS2,27.4317,32.6286,0.0379,16.8094,0.160756,,1.0,False,False,False
2008gb,578,CFA4p2,44.488,46.8657,0.03796,16.8359,0.197034,,1.0,False,False,False
2007O,579,LOSS2,224.022,45.4047,0.03818,16.6408,0.149302,,1.0,False,False,False
2007O,580,CFA3K,224.022,45.4047,0.03818,16.6087,0.150297,,1.0,False,False,False
2008fr,581,CFA4p2,17.9548,14.6408,0.03828,16.8611,0.234604,,1.0,False,False,False
SN2017ciy,582,FOUND,256.029,25.0529,0.03834,17.2647,0.244319,,1.0,False,False,False
2008O,583,CSP,104.394,-45.8123,0.03847,16.9724,0.310014,,1.0,False,False,False
2009bv,584,CFA4p2,196.835,35.7844,0.03848,17.0034,0.147524,,1.0,False,False,False
2008051,585,CFA4p2,229.995,4.9046,0.03873,16.7595,0.168197,,1.0,False,False,False
ASASSN-15np,586,FOUND,226.511,7.5615,0.03884,16.773,0.21784,,1.0,False,False,False
2010dw,587,CFA4p3,230.668,-5.9211,0.03902,16.7595,0.202924,,1.0,False,False,False
ASASSN-15pn,588,FOUND,60.8598,-5.492,0.03909,16.9432,0.219165,,1.0,False,False,False
1999aw,589,LOWZ/JRK07,165.402,-6.1088,0.0391,16.9595,0.181523,,1.0,False,False,False
2008dr,590,LOSS2,332.715,2.1082,0.04014,17.031,0.145415,,1.0,False,False,False
PS15cze,591,FOUND,56.8476,0.8772,0.04035,17.2956,0.233076,,1.0,False,False,False
2003fa,592,LOSS2,266.032,40.881,0.04056,16.7637,0.14091,,1.0,False,False,False
2003fa,593,CFA3S,266.032,40.881,0.04056,16.8288,0.142444,,1.0,False,False,False
SN2016glz,594,FOUND,1.4732,8.4302,0.04077,16.7388,0.208725,,1.0,False,False,False
PS16axi,595,FOUND,162.03,0.1635,0.04089,16.8733,0.166662,,1.0,False,False,False
SN2017coa,596,FOUND,132.48,56.099,0.04095,17.1574,0.305998,,1.0,False,False,False
2009do,597,CFA4p2,188.743,50.8512,0.04099,16.7873,0.144749,,1.0,False,False,False
2001az,598,CFA3S,248.615,76.0297,0.04101,17.0623,0.148357,,1.0,False,False,False
2007jh,599,CSP,54.0064,1.1034,0.04167,17.3071,0.278818,,1.0,False,False,False
1992bl,600,LOWZ/JRK07,348.805,-44.7433,0.04222,16.9571,0.206282,,1.0,False,False,False
2014bj,601,LOSS1,290.663,43.8908,0.04258,17.2576,0.425631,,1.0,False,False,False
2006cf,602,CFA3K,163.511,46.0267,0.04268,17.0401,0.148584,,1.0,False,False,False
2006cz,603,CFA3K,222.153,-4.7419,0.04268,16.6608,0.29325,,1.0,False,False,False
2007kk,604,LOSS1,55.5969,39.2418,0.04285,16.9991,0.17345,,1.0,False,False,False
2007kk,605,CFA4p2,55.5969,39.2418,0.04285,16.9541,0.164312,,1.0,False,False,False
AT2016htm,606,FOUND,38.0109,-26.6659,0.04289,16.9488,0.160264,,1.0,False,False,False
ASASSN-16ct,607,FOUND,228.476,4.7573,0.04306,16.9927,0.205288,,1.0,False,False,False
SN2016ayg,608,FOUND,112.572,25.0321,0.04349,17.1635,0.163855,,1.0,False,False,False
2007nq,609,CSP,14.3899,-1.3886,0.04349,16.9607,0.149773,,1.0,False,False,False
2007nq,610,CFA4p2,14.3899,-1.3886,0.04349,17.0352,0.164424,,1.0,False,False,False
MASTERJ0134,611,FOUND,23.5627,-17.8121,0.04369,17.0064,0.175714,,1.0,False,False,False
ASASSN-15mg,612,FOUND,233.094,41.8504,0.04408,17.0768,0.179185,,1.0,False,False,False
AT2016cvv,613,FOUND,290.12,54.2087,0.04438,17.2939,0.229619,,1.0,False,False,False
2005ku,614,CSP,344.927,-0.0137,0.04439,17.0386,0.247611,,1.0,False,False,False
1992bh,615,LOWZ/JRK07,74.8628,-58.8304,0.0444,17.298,0.269174,,1.0,False,False,False
2006gt,616,CSP,14.0721,-1.6294,0.04464,17.2584,0.284996,,1.0,False,False,False
2006hx,617,CSP,18.4888,0.3717,0.04487,17.2035,0.160073,,1.0,False,False,False
PS16cqa,618,FOUND,234.779,9.2946,0.04521,17.4336,0.303723,,1.0,False,False,False
PSNJ1204051,619,FOUND,181.021,14.0681,0.04545,17.2011,0.1944,,1.0,False,False,False
2005hc,620,CFA3K,29.1998,-0.2137,0.04575,17.2104,0.171419,,1.0,False,False,False
2005hc,621,CSP,29.1998,-0.2137,0.04575,17.2609,0.149515,,1.0,False,False,False
SN2016esh,622,FOUND,241.06,16.6902,0.04583,16.9049,0.180751,,1.0,False,False,False
PS17tn,623,FOUND,145.807,41.3173,0.0459,17.1281,0.194137,,1.0,False,False,False
2008050,624,CFA4p2,204.198,5.1418,0.04625,17.0106,0.216428,,1.0,False,False,False
AT2016ews,625,FOUND,225.652,23.3528,0.04631,17.2864,0.156917,,1.0,False,False,False
2005lz,626,CFA3K,32.7073,34.9828,0.04643,17.0717,0.193143,,1.0,False,False,False
360156,627,PS1MD,150.807,1.8953,0.04656,17.2551,0.207815,,1.0,False,False,False
2004gu,628,CSP,191.603,11.9489,0.04664,17.2183,0.192203,,1.0,False,False,False
2008cf,629,CSP,211.886,-26.5518,0.04682,17.2256,0.145717,,1.0,False,False,False
2008cf,630,CFA4p2,211.886,-26.5518,0.04682,17.2327,0.180924,,1.0,False,False,False
AT2017yk,631,FOUND,146.133,-12.3082,0.04691,17.5052,0.279376,,1.0,False,False,False
2016afk,632,FOUND,155.625,15.0966,0.04738,17.3112,0.227553,,1.0,False,False,False
PS16fa,633,FOUND,154.819,4.7617,0.0476,17.3479,0.159417,,1.0,False,False,False
PS15aii,634,FOUND,191.19,9.7597,0.04777,17.3416,0.142856,,1.0,False,False,False
PS17akj,635,FOUND,207.455,-3.08,0.04777,17.3097,0.207053,,1.0,False,False,False
ATLAS16agv,636,FOUND,250.29,50.9724,0.04819,17.2446,0.16366,,1.0,False,False,False
ASASSN-15pm,637,FOUND,24.6504,-4.6798,0.04837,17.1205,0.152367,,1.0,False,False,False
1995ac,638,CFA1,341.392,-8.7513,0.0486,17.0773,0.133124,,1.0,False,False,False
AT2016gmg,639,FOUND,320.924,33.1147,0.04865,17.388,0.179443,,1.0,False,False,False
1990af,640,LOWZ/JRK07,323.747,-62.7371,0.04934,17.3467,0.200877,,1.0,False,False,False
PS16el,641,FOUND,162.802,19.3625,0.0494,17.2161,0.174923,,1.0,False,False,False
2006cq,642,CFA3K,201.105,30.9563,0.04944,17.3298,0.165914,,1.0,False,False,False
1993ag,643,LOWZ/JRK07,150.894,-35.4626,0.04985,17.3872,0.242899,,1.0,False,False,False
PS15asb,644,FOUND,215.085,-9.3009,0.04989,17.2184,0.183555,,1.0,False,False,False
1998dx,645,CFA2,272.8,49.8613,0.05018,17.3163,0.153455,,1.0,False,False,False
PS16dnp,646,FOUND,344.915,2.1498,0.05023,17.6053,0.160978,,1.0,False,False,False
2007kh,647,CFA4p2,48.8004,43.1703,0.05032,17.2873,0.452607,,1.0,False,False,False
ASASSN-17eb,648,FOUND,234.642,13.3478,0.05044,17.2091,0.200082,,1.0,False,False,False
PS15brr,649,FOUND,358.356,-15.6545,0.05049,17.2931,0.189043,,1.0,False,False,False
2008hu,650,CSP,122.312,-18.6536,0.05052,17.4506,0.130602,,1.0,False,False,False
AT2016cor,651,FOUND,236.13,16.3035,0.05066,17.5993,0.30135,,1.0,False,False,False
PS16fbb,652,FOUND,1.7631,-20.6968,0.05106,17.6274,0.166181,,1.0,False,False,False
2003ic,653,CFA3S,10.4593,-9.3053,0.05126,17.14,0.199631,,1.0,False,False,False
ASASSN-16hc,654,FOUND,209.768,33.139,0.05151,17.3332,0.154491,,1.0,False,False,False
1993O,655,LOWZ/JRK07,202.785,-33.2152,0.05194,17.5229,0.226579,,1.0,False,False,False
2006ot,656,CSP,33.7702,-20.7662,0.05202,17.6149,0.206551,,1.0,False,False,False
2006ot,657,CFA3K,33.7702,-20.7662,0.05202,17.2903,0.297607,,1.0,False,False,False
AT2016htn,658,FOUND,32.8711,-16.5102,0.05222,17.5881,0.216572,,1.0,False,False,False
PS16evk,659,FOUND,338.344,-1.357,0.05262,17.6614,0.205745,,1.0,False,False,False
PS16n,660,FOUND,75.9333,3.4125,0.05309,17.5222,0.159497,,1.0,False,False,False
2010dt,661,CFA4p3,250.811,32.6751,0.05316,17.5944,0.170074,,1.0,False,False,False
2006lu,662,CSP,138.824,-25.6001,0.05346,17.6101,0.131065,,1.0,False,False,False
PS16bby,663,FOUND,215.075,-22.189,0.05468,17.5797,0.176852,,1.0,False,False,False
PS16ayd,664,FOUND,216.826,-1.6753,0.05469,17.6051,0.147136,,1.0,False,False,False
SN2017cpu,665,FOUND,211.969,9.642,0.05502,17.3903,0.173333,,1.0,False,False,False
490007,666,PS1MD,184.268,46.6275,0.05541,17.6146,0.19249,,1.0,False,False,False
AT2017oz,667,FOUND,211.673,30.3188,0.05614,17.5579,0.191265,,1.0,False,False,False
2006py,668,CSP,340.425,-0.1369,0.05653,17.6568,0.18307,,1.0,False,False,False
PS16aer,669,FOUND,163.742,14.2716,0.05693,17.7863,0.174228,,1.0,False,False,False
2005hj,670,CSP,21.7017,-1.2381,0.05708,17.7373,0.169312,,1.0,False,False,False
2008eq,671,LOSS1,255.03,23.1324,0.05728,17.8157,0.21967,,1.0,False,False,False
2006ob,672,CSP,27.9506,0.2633,0.05824,17.7291,0.135485,,1.0,False,False,False
2006ob,673,CFA3K,27.9506,0.2633,0.05824,17.6794,0.144234,,1.0,False,False,False
SN2016gmb,674,FOUND,8.6861,-6.1589,0.0583,17.7015,0.180838,,1.0,False,False,False
2001ah,675,CFA3S,167.624,55.1608,0.05886,17.7272,0.213869,,1.0,False,False,False
2001ah,676,LOSS2,167.624,55.1608,0.05886,17.893,0.251358,,1.0,False,False,False
LSQ13crf,677,SOUSA,47.7093,1.4219,0.05974,17.0471,0.616925,,1.0,False,False,False
SN2017cjv,678,FOUND,152.69,-3.7775,0.06092,17.779,0.175525,,1.0,False,False,False
2008bz,679,CSP,189.741,11.1295,0.06099,17.9101,0.120944,,1.0,False,False,False
2008bz,680,CFA4p2,189.741,11.1295,0.06099,17.9395,0.158283,,1.0,False,False,False
SN2016hhv,681,FOUND,353.952,20.7088,0.06121,17.8853,0.196159,,1.0,False,False,False
2008go,682,LOSS1,332.687,-20.7881,0.06137,17.7078,0.194277,,1.0,False,False,False
2008go,683,CSP,332.687,-20.7881,0.06137,17.7161,0.139395,,1.0,False,False,False
2006oa,684,CFA3K,320.929,-0.8435,0.06153,17.8217,0.181317,,1.0,False,False,False
1992bs,685,LOWZ/JRK07,52.3749,-37.2718,0.06372,18.0987,0.204745,,1.0,False,False,False
SN2016aqb,686,FOUND,170.493,-13.9837,0.06384,17.7667,0.153498,,1.0,False,False,False
PS16bnz,687,FOUND,155.154,-2.4668,0.06446,17.8256,0.15205,,1.0,False,False,False
2007ae,688,CFA3K,255.467,79.0318,0.06533,17.8321,0.150634,,1.0,False,False,False
PS15cms,689,FOUND,149.646,0.743,0.06627,18.1087,0.201511,,1.0,False,False,False
6057,690,SDSS,-9.0,-9.0,0.06654,17.9097,0.294956,,1.0,False,False,False
SN2016ixf,691,FOUND,159.936,15.0347,0.06711,18.1707,0.192528,,1.0,False,False,False
AT2016aj,692,FOUND,70.6025,-21.7244,0.06725,17.9814,0.201202,,1.0,False,False,False
PS15bjg,693,FOUND,343.793,-0.4102,0.06786,18.2405,0.188576,,1.0,False,False,False
CSS160129,694,FOUND,115.123,10.9333,0.06844,17.9851,0.189306,,1.0,False,False,False
2006al,695,CFA3K,159.868,5.1834,0.06886,18.1683,0.15702,,1.0,False,False,False
PTSS17-niq,696,FOUND,215.069,15.3417,0.06897,18.0287,0.172038,,1.0,False,False,False
1993B,697,LOWZ/JRK07,158.717,-34.4417,0.07023,18.0414,0.276366,,1.0,False,False,False
2008Y,698,LOSS1,169.877,54.4628,0.07056,18.0431,0.225296,,1.0,False,False,False
2008Y,699,CFA4p2,169.877,54.4628,0.07056,18.0245,0.210599,,1.0,False,False,False
PS17yt,700,FOUND,150.992,49.0412,0.07073,18.2257,0.174101,,1.0,False,False,False
PS16em,701,FOUND,163.892,-3.3663,0.07083,18.2284,0.446252,,1.0,False,False,False
2006on,702,CFA3K,328.994,-1.0702,0.07089,18.2013,0.246335,,1.0,False,False,False
470043,703,PS1MD,128.994,44.7675,0.0709,18.4761,0.5011,,1.0,False,False,False
ATLAS16bwu,704,FOUND,18.5927,-13.1531,0.07091,18.1182,0.226654,,1.0,False,False,False
PS15bdr,705,FOUND,253.706,36.7252,0.07116,18.1022,0.194143,,1.0,False,False,False
PS15bwh,706,FOUND,352.644,-18.8915,0.07158,17.9964,0.158791,,1.0,False,False,False
370566,707,PS1MD,159.985,58.4149,0.07167,18.1625,0.207205,,1.0,False,False,False
PS15mt,708,FOUND,148.684,23.1981,0.07193,18.3088,0.178788,,1.0,False,False,False
2007jd,709,CSP,44.9724,1.1607,0.07222,18.3789,0.197861,,1.0,False,False,False
PS15atx,710,FOUND,195.827,-23.0658,0.07252,18.3695,0.303565,,1.0,False,False,False
Gaia16aki,711,FOUND,239.794,14.6416,0.07393,18.3005,0.174425,,1.0,False,False,False
1992ae,712,LOWZ/JRK07,322.075,-61.5504,0.0744,18.1816,0.220406,,1.0,False,False,False
PS17bii,713,FOUND,171.409,7.3336,0.07446,18.1971,0.190211,,1.0,False,False,False
7876,714,SDSS,-9.0,-9.0,0.0752,18.2233,0.177722,,1.0,False,False,False
2005ir,715,CSP,19.1825,0.7946,0.0752,18.3126,0.152624,,1.0,False,False,False
2010hs,716,LOSS1,36.4131,24.7649,0.0756,18.5612,0.287885,,1.0,False,False,False
AT2016gsu,717,FOUND,17.1024,21.1516,0.07575,18.2931,0.215486,,1.0,False,False,False
370333,718,PS1MD,164.38,57.2977,0.07588,18.3812,0.196478,,1.0,False,False,False
PS15bif,719,FOUND,305.074,-23.7435,0.07845,18.3185,0.147949,,1.0,False,False,False
Gaia16acv,720,FOUND,179.957,54.8022,0.07859,18.5785,0.143561,,1.0,False,False,False
17186,721,SDSS,-9.0,-9.0,0.07875,18.7624,0.237723,,1.0,False,False,False
2007hx,722,CSP,31.6128,-0.8995,0.07875,18.8412,0.178084,,1.0,False,False,False
560033,723,PS1MD,353.599,-0.6831,0.07895,18.3458,0.502614,,1.0,False,False,False
12779,724,SDSS,-9.0,-9.0,0.07906,18.5313,0.236664,,1.0,False,False,False
PS15bzz,725,FOUND,9.4247,1.7628,0.07931,18.277,0.14472,,1.0,False,False,False
350316,726,PS1MD,131.469,43.8188,0.07991,18.3473,0.155478,,1.0,False,False,False
2005ag,727,CSP,224.182,9.3285,0.08009,18.4138,0.116193,,1.0,False,False,False
12950,728,SDSS,-9.0,-9.0,0.08167,18.4685,0.217982,,1.0,False,False,False
130308,729,PS1MD,213.238,52.7437,0.08245,18.5662,0.215925,,1.0,False,False,False
12898,730,SDSS,-9.0,-9.0,0.08282,18.4244,0.264262,,1.0,False,False,False
12781,731,SDSS,-9.0,-9.0,0.08309,18.7409,0.193241,,1.0,False,False,False
SN2016glp,732,FOUND,354.058,23.696,0.0841,18.7156,0.219943,,1.0,False,False,False
3592,733,SDSS,-9.0,-9.0,0.08572,18.5876,0.125696,,1.0,False,False,False
SN2016grz,734,FOUND,28.8874,33.8229,0.08704,18.5954,0.215122,,1.0,False,False,False
1241,735,SDSS,-9.0,-9.0,0.0887,18.5242,0.251737,,1.0,False,False,False
590194,736,PS1MD,130.237,44.5243,0.09039,18.6672,0.215354,,1.0,False,False,False
370066,737,PS1MD,130.349,43.0544,0.09089,18.7739,0.165363,,1.0,False,False,False
300105,738,PS1MD,351.71,-0.7301,0.09205,18.9072,0.264969,,1.0,False,False,False
iPTF17dz,739,FOUND,126.107,24.9978,0.09293,18.9696,0.492553,,1.0,False,False,False
010010,740,PS1MD,150.859,1.0294,0.0995,19.1847,0.192832,,1.0,False,False,False
160099,741,PS1MD,214.667,54.1831,0.10165,19.0452,0.16334,,1.0,False,False,False
000190,742,PS1MD,148.988,2.2635,0.10221,19.1555,0.185457,,1.0,False,False,False
140181,743,PS1MD,183.738,46.845,0.10246,18.9981,0.197718,,1.0,False,False,False
100405,744,PS1MD,53.6285,-27.3206,0.10294,18.9285,0.184283,,1.0,False,False,False
13135,745,SDSS,-9.0,-9.0,0.10361,19.0808,0.123462,,1.0,False,False,False
20064,746,SDSS,-9.0,-9.0,0.10374,18.9549,0.194592,,1.0,False,False,False
13038,747,SDSS,-9.0,-9.0,0.10507,19.1765,0.234634,,1.0,False,False,False
18697,748,SDSS,-9.0,-9.0,0.10661,19.0081,0.193664,,1.0,False,False,False
20625,749,SDSS,-9.0,-9.0,0.10707,19.2094,0.14869,,1.0,False,False,False
3256,750,SDSS,-9.0,-9.0,0.10711,19.1765,0.208727,,1.0,False,False,False
120225,751,PS1MD,150.818,3.4749,0.10713,19.5271,0.467763,,1.0,False,False,False
21034,752,SDSS,-9.0,-9.0,0.10774,19.2454,0.178023,,1.0,False,False,False
500038,753,PS1MD,150.193,2.5513,0.10794,19.1487,0.185149,,1.0,False,False,False
7147,754,SDSS,-9.0,-9.0,0.10908,19.1486,0.130417,,1.0,False,False,False
020027,755,PS1MD,186.336,46.0152,0.11001,19.3171,0.177701,,1.0,False,False,False
18650,756,SDSS,-9.0,-9.0,0.11259,19.3684,0.160952,,1.0,False,False,False
18612,757,SDSS,-9.0,-9.0,0.11388,19.1346,0.193044,,1.0,False,False,False
8719,758,SDSS,-9.0,-9.0,0.1165,19.2878,0.157601,,1.0,False,False,False
5395,759,SDSS,-9.0,-9.0,0.11653,19.3772,0.18377,,1.0,False,False,False
2561,760,SDSS,-9.0,-9.0,0.1176,19.3197,0.23811,,1.0,False,False,False
16259,761,SDSS,-9.0,-9.0,0.11792,19.3558,0.212712,,1.0,False,False,False
1371,762,SDSS,-9.0,-9.0,0.11818,19.1627,0.124156,,1.0,False,False,False
000137,763,PS1MD,161.159,57.8111,0.11901,19.3099,0.210657,,1.0,False,False,False
5549,764,SDSS,-9.0,-9.0,0.12014,19.3428,0.198366,,1.0,False,False,False
12860,765,SDSS,-9.0,-9.0,0.12058,19.5396,0.250808,,1.0,False,False,False
490008,766,PS1MD,131.449,44.4206,0.12086,19.3818,0.30142,,1.0,False,False,False
19953,767,SDSS,-9.0,-9.0,0.12207,19.3415,0.15559,,1.0,False,False,False
390259,768,PS1MD,242.396,53.8672,0.12231,19.3589,0.22956,,1.0,False,False,False
18835,769,SDSS,-9.0,-9.0,0.12278,19.4323,0.14204,,1.0,False,False,False
2916,770,SDSS,-9.0,-9.0,0.12316,19.3437,0.273311,,1.0,False,False,False
16021,771,SDSS,-9.0,-9.0,0.12357,19.3634,0.159899,,1.0,False,False,False
13894,772,SDSS,-9.0,-9.0,0.12377,19.5479,0.332272,,1.0,False,False,False
570062,773,PS1MD,353.102,0.2956,0.12383,19.5712,0.147879,,1.0,False,False,False
6406,774,SDSS,-9.0,-9.0,0.12393,19.3974,0.143276,,1.0,False,False,False
19543,775,SDSS,-9.0,-9.0,0.12405,19.582,0.21988,,1.0,False,False,False
13044,776,SDSS,-9.0,-9.0,0.12472,19.5086,0.12294,,1.0,False,False,False
15459,777,SDSS,-9.0,-9.0,0.1256,19.8887,0.297722,,1.0,False,False,False
2992,778,SDSS,-9.0,-9.0,0.12623,19.2426,0.292103,,1.0,False,False,False
16069,779,SDSS,-9.0,-9.0,0.12706,19.5595,0.258272,,1.0,False,False,False
744,780,SDSS,-9.0,-9.0,0.1271,19.4319,0.279584,,1.0,False,False,False
14871,781,SDSS,-9.0,-9.0,0.1272,19.4899,0.157206,,1.0,False,False,False
18855,782,SDSS,-9.0,-9.0,0.12732,19.5311,0.174841,,1.0,False,False,False
22075,783,SDSS,-9.0,-9.0,0.1292,19.5017,0.148545,,1.0,False,False,False
1032,784,SDSS,-9.0,-9.0,0.12921,19.5873,0.211075,,1.0,False,False,False
5751,785,SDSS,-9.0,-9.0,0.1295,19.58,0.248982,,1.0,False,False,False
18415,786,SDSS,-9.0,-9.0,0.12958,19.5899,0.140171,,1.0,False,False,False
18809,787,SDSS,-9.0,-9.0,0.13169,19.549,0.13184,,1.0,False,False,False
151034,788,PS1MD,185.137,46.6661,0.13281,19.5311,0.119156,,1.0,False,False,False
1334084,789,DES,41.734,-0.6906,0.13366,19.5736,0.28243,,1.0,False,False,False
15508,790,SDSS,-9.0,-9.0,0.13372,19.5904,0.155367,,1.0,False,False,False
14108,791,SDSS,-9.0,-9.0,0.13477,19.9836,0.19752,,1.0,False,False,False
15234,792,SDSS,-9.0,-9.0,0.13535,19.8245,0.312165,,1.0,False,False,False
000014,793,PS1MD,35.878,-4.6363,0.13614,19.7241,0.204855,,1.0,False,False,False
17629,794,SDSS,-9.0,-9.0,0.13658,19.5945,0.193696,,1.0,False,False,False
19775,795,SDSS,-9.0,-9.0,0.137,19.7565,0.222665,,1.0,False,False,False
18602,796,SDSS,-9.0,-9.0,0.13713,19.7086,0.257725,,1.0,False,False,False
21062,797,SDSS,-9.0,-9.0,0.13745,20.0981,0.228804,,1.0,False,False,False
17366,798,SDSS,-9.0,-9.0,0.13822,19.6327,0.125613,,1.0,False,False,False
15171,799,SDSS,-9.0,-9.0,0.13826,19.6973,0.157441,,1.0,False,False,False
190340,800,PS1MD,334.134,0.4733,0.1384,19.7699,0.121281,,1.0,False,False,False
20084,801,SDSS,-9.0,-9.0,0.13851,19.7871,0.31794,,1.0,False,False,False
12928,802,SDSS,-9.0,-9.0,0.13875,19.7469,0.173939,,1.0,False,False,False
190230,803,PS1MD,333.937,0.4225,0.1388,19.7937,0.127924,,1.0,False,False,False
090275,804,PS1MD,54.0721,-28.0515,0.13955,19.7683,0.143245,,1.0,False,False,False
1794,805,SDSS,-9.0,-9.0,0.14082,19.9245,0.182028,,1.0,False,False,False
17208,806,SDSS,-9.0,-9.0,0.14104,20.0305,0.201715,,1.0,False,False,False
340229,807,PS1MD,35.879,-2.8604,0.14123,19.7877,0.210706,,1.0,False,False,False
1317666,808,DES,36.7711,-5.0031,0.14134,19.8707,0.259463,,1.0,False,False,False
2635,809,SDSS,-9.0,-9.0,0.14325,19.794,0.158316,,1.0,False,False,False
17568,810,SDSS,-9.0,-9.0,0.14345,20.2624,0.369665,,1.0,False,False,False
190260,811,PS1MD,333.967,-0.8252,0.14359,19.8605,0.126647,,1.0,False,False,False
17497,812,SDSS,-9.0,-9.0,0.14404,19.8226,0.168444,,1.0,False,False,False
8921,813,SDSS,-9.0,-9.0,0.14423,19.763,0.239442,,1.0,False,False,False
17605,814,SDSS,-9.0,-9.0,0.14542,19.8988,0.208421,,1.0,False,False,False
1296657,815,DES,36.2552,-6.2786,0.14638,19.9327,0.205643,,1.0,False,False,False
440008,816,PS1MD,52.6735,-28.8632,0.14652,19.905,0.185624,,1.0,False,False,False
1316385,817,DES,53.526,-27.6321,0.14737,19.7624,0.19564,,1.0,False,False,False
13796,818,SDSS,-9.0,-9.0,0.14747,19.7142,0.169668,,1.0,False,False,False
14024,819,SDSS,-9.0,-9.0,0.14771,19.881,0.186845,,1.0,False,False,False
180166,820,PS1MD,242.843,55.0642,0.14778,19.908,0.168022,,1.0,False,False,False
1293758,821,DES,8.4839,-43.3497,0.14803,19.9755,0.183004,,1.0,False,False,False
14437,822,SDSS,-9.0,-9.0,0.14806,19.7852,0.155606,,1.0,False,False,False
1255502,823,DES,33.9046,-4.2092,0.14834,19.7709,0.140105,,1.0,False,False,False
13736,824,SDSS,-9.0,-9.0,0.14898,19.9076,0.172844,,1.0,False,False,False
2308,825,SDSS,-9.0,-9.0,0.1494,19.8574,0.173123,,1.0,False,False,False
000038,826,PS1MD,35.0957,-4.6725,0.1505,19.8528,0.167881,,1.0,False,False,False
460003,827,PS1MD,128.835,43.8555,0.15084,19.9157,0.131373,,1.0,False,False,False
2031,828,SDSS,-9.0,-9.0,0.15195,19.7947,0.156456,,1.0,False,False,False
18323,829,SDSS,-9.0,-9.0,0.15291,20.0709,0.171081,,1.0,False,False,False
15132,830,SDSS,-9.0,-9.0,0.15318,19.9645,0.124868,,1.0,False,False,False
18740,831,SDSS,-9.0,-9.0,0.15336,19.8461,0.157633,,1.0,False,False,False
19353,832,SDSS,-9.0,-9.0,0.15341,20.0034,0.177329,,1.0,False,False,False
16073,833,SDSS,-9.0,-9.0,0.15357,20.1109,0.173378,,1.0,False,False,False
5550,834,SDSS,-9.0,-9.0,0.15511,19.9546,0.165696,,1.0,False,False,False
16116,835,SDSS,-9.0,-9.0,0.15526,20.025,0.155517,,1.0,False,False,False
18030,836,SDSS,-9.0,-9.0,0.15536,20.1464,0.173773,,1.0,False,False,False
19940,837,SDSS,-9.0,-9.0,0.15601,19.7174,0.177159,,1.0,False,False,False
13354,838,SDSS,-9.0,-9.0,0.15671,19.9557,0.208548,,1.0,False,False,False
16206,839,SDSS,-9.0,-9.0,0.15856,19.8264,0.161473,,1.0,False,False,False
440042,840,PS1MD,35.9021,-3.294,0.15921,20.1737,0.282399,,1.0,False,False,False
14782,841,SDSS,-9.0,-9.0,0.15931,19.6973,0.141359,,1.0,False,False,False
15425,842,SDSS,-9.0,-9.0,0.15948,19.8378,0.140474,,1.0,False,False,False
1299775,843,DES,53.4389,-29.6767,0.16004,19.7898,0.269298,,1.0,False,False,False
3317,844,SDSS,-9.0,-9.0,0.16008,19.9756,0.165527,,1.0,False,False,False
2689,845,SDSS,-9.0,-9.0,0.16053,19.9527,0.215367,,1.0,False,False,False
390627,846,PS1MD,212.627,53.9,0.16061,20.1712,0.258956,,1.0,False,False,False
5103,847,SDSS,-9.0,-9.0,0.16077,19.9632,0.207521,,1.0,False,False,False
120336,848,PS1MD,149.082,1.4095,0.16122,20.0576,0.244838,,1.0,False,False,False
17825,849,SDSS,-9.0,-9.0,0.16236,20.0722,0.222431,,1.0,False,False,False
19174,850,SDSS,-9.0,-9.0,0.16375,20.0277,0.199176,,1.0,False,False,False
3087,851,SDSS,-9.0,-9.0,0.16448,20.0104,0.197482,,1.0,False,False,False
19616,852,SDSS,-9.0,-9.0,0.16471,20.0763,0.136814,,1.0,False,False,False
20764,853,SDSS,-9.0,-9.0,0.16495,20.0652,0.148483,,1.0,False,False,False
20430,854,SDSS,-9.0,-9.0,0.16603,20.2408,0.240376,,1.0,False,False,False
12843,855,SDSS,-9.0,-9.0,0.16606,19.9287,0.191603,,1.0,False,False,False
12853,856,SDSS,-9.0,-9.0,0.16828,20.0227,0.163613,,1.0,False,False,False
350233,857,PS1MD,149.466,3.4824,0.16924,20.2625,0.180867,,1.0,False,False,False
17389,858,SDSS,-9.0,-9.0,0.16971,20.4191,0.273568,,1.0,False,False,False
12856,859,SDSS,-9.0,-9.0,0.17042,20.2212,0.129908,,1.0,False,False,False
590005,860,PS1MD,151.018,1.2155,0.17124,20.2894,0.274175,,1.0,False,False,False
310039,861,PS1MD,36.2156,-3.3448,0.17169,20.2073,0.21301,,1.0,False,False,False
19282,862,SDSS,-9.0,-9.0,0.17256,20.2491,0.175342,,1.0,False,False,False
1303279,863,DES,54.9068,-27.813,0.1727,20.0146,0.149932,,1.0,False,False,False
100090,864,PS1MD,131.828,43.4081,0.17297,20.4733,0.251121,,1.0,False,False,False
3080,865,SDSS,-9.0,-9.0,0.17331,20.1341,0.129054,,1.0,False,False,False
15897,866,SDSS,-9.0,-9.0,0.17374,20.2873,0.181179,,1.0,False,False,False
120143,867,PS1MD,163.682,58.6266,0.17378,20.0963,0.149076,,1.0,False,False,False
15648,868,SDSS,-9.0,-9.0,0.17392,20.3456,0.317382,,1.0,False,False,False
14421,869,SDSS,-9.0,-9.0,0.17417,20.3204,0.134443,,1.0,False,False,False
16165,870,SDSS,-9.0,-9.0,0.1742,20.0787,0.151928,,1.0,False,False,False
5350,871,SDSS,-9.0,-9.0,0.17438,20.2523,0.181979,,1.0,False,False,False
15583,872,SDSS,-9.0,-9.0,0.17443,20.3016,0.22939,,1.0,False,False,False
19969,873,SDSS,-9.0,-9.0,0.17444,20.2319,0.160388,,1.0,False,False,False
18604,874,SDSS,-9.0,-9.0,0.17498,20.4904,0.18,,1.0,False,False,False
14979,875,SDSS,-9.0,-9.0,0.17666,20.2634,0.132749,,1.0,False,False,False
17218,876,SDSS,-9.0,-9.0,0.17713,20.2565,0.173535,,1.0,False,False,False
14451,877,SDSS,-9.0,-9.0,0.17737,20.2241,0.135602,,1.0,False,False,False
17220,878,SDSS,-9.0,-9.0,0.17786,20.0864,0.255935,,1.0,False,False,False
370428,879,PS1MD,184.375,47.5482,0.17791,20.3947,0.128745,,1.0,False,False,False
5635,880,SDSS,-9.0,-9.0,0.17852,20.7139,0.206103,,1.0,False,False,False
6936,881,SDSS,-9.0,-9.0,0.17901,20.388,0.155005,,1.0,False,False,False
300179,882,PS1MD,351.142,0.227,0.17911,20.5142,0.19965,,1.0,False,False,False
13045,883,SDSS,-9.0,-9.0,0.17931,20.2825,0.228237,,1.0,False,False,False
1347120,884,DES,52.8899,-28.9121,0.17952,20.2979,0.279272,,1.0,False,False,False
2372,885,SDSS,-9.0,-9.0,0.17973,20.2989,0.172535,,1.0,False,False,False
1303496,886,DES,53.8482,-29.5918,0.17975,20.3432,0.207177,,1.0,False,False,False
13254,887,SDSS,-9.0,-9.0,0.18004,20.7449,0.266717,,1.0,False,False,False
14284,888,SDSS,-9.0,-9.0,0.1805,20.1158,0.134945,,1.0,False,False,False
420159,889,PS1MD,333.685,1.2178,0.18073,20.2505,0.130991,,1.0,False,False,False
330023,890,PS1MD,35.7981,-2.7801,0.18078,20.4636,0.177112,,1.0,False,False,False
350548,891,PS1MD,128.848,44.9136,0.18082,20.3861,0.131234,,1.0,False,False,False
360112,892,PS1MD,130.673,43.5966,0.18086,20.3621,0.244722,,1.0,False,False,False
17215,893,SDSS,-9.0,-9.0,0.18092,20.3683,0.206231,,1.0,False,False,False
370595,894,PS1MD,150.498,1.3251,0.18126,20.4055,0.224342,,1.0,False,False,False
15443,895,SDSS,-9.0,-9.0,0.18136,20.2338,0.13131,,1.0,False,False,False
1339392,896,DES,54.1245,-28.5698,0.18145,20.1423,0.233619,,1.0,False,False,False
17332,897,SDSS,-9.0,-9.0,0.18217,20.3333,0.199241,,1.0,False,False,False
1580,898,SDSS,-9.0,-9.0,0.18229,20.2729,0.147406,,1.0,False,False,False
1250017,899,DES,43.1937,-0.1275,0.18231,20.4355,0.150029,,1.0,False,False,False
15453,900,SDSS,-9.0,-9.0,0.18252,20.5291,0.175251,,1.0,False,False,False
17391,901,SDSS,-9.0,-9.0,0.1836,20.3465,0.29295,,1.0,False,False,False
1257695,902,DES,7.6016,-42.2982,0.18375,20.427,0.149144,,1.0,False,False,False
17168,903,SDSS,-9.0,-9.0,0.18389,20.499,0.195575,,1.0,False,False,False
20048,904,SDSS,-9.0,-9.0,0.18402,20.543,0.216702,,1.0,False,False,False
1296321,905,DES,40.9169,-0.7619,0.18458,20.6854,0.281171,,1.0,False,False,False
15421,906,SDSS,-9.0,-9.0,0.18459,20.5361,0.140077,,1.0,False,False,False
8213,907,SDSS,-9.0,-9.0,0.18484,20.4018,0.2755,,1.0,False,False,False
15461,908,SDSS,-9.0,-9.0,0.18493,20.36,0.132133,,1.0,False,False,False
1336453,909,DES,40.9697,-1.2293,0.18506,20.4905,0.157021,,1.0,False,False,False
6422,910,SDSS,-9.0,-9.0,0.18515,20.3817,0.158153,,1.0,False,False,False
16281,911,SDSS,-9.0,-9.0,0.18522,20.2897,0.170059,,1.0,False,False,False
370563,912,PS1MD,150.952,2.646,0.18527,20.5352,0.136717,,1.0,False,False,False
15365,913,SDSS,-9.0,-9.0,0.18667,20.5029,0.141963,,1.0,False,False,False
18807,914,SDSS,-9.0,-9.0,0.18728,20.5164,0.134017,,1.0,False,False,False
5994,915,SDSS,-9.0,-9.0,0.18809,20.4921,0.189553,,1.0,False,False,False
12927,916,SDSS,-9.0,-9.0,0.18906,20.1854,0.147113,,1.0,False,False,False
16100,917,SDSS,-9.0,-9.0,0.18908,20.5559,0.254842,,1.0,False,False,False
1273127,918,DES,8.5563,-43.2759,0.18929,20.6829,0.227356,,1.0,False,False,False
18787,919,SDSS,-9.0,-9.0,0.18929,20.8878,0.198697,,1.0,False,False,False
18749,920,SDSS,-9.0,-9.0,0.18948,20.4883,0.207448,,1.0,False,False,False
440643,921,PS1MD,53.6036,-26.7739,0.18952,20.5094,0.237114,,1.0,False,False,False
6304,922,SDSS,-9.0,-9.0,0.18995,20.4756,0.223097,,1.0,False,False,False
762,923,SDSS,-9.0,-9.0,0.19025,20.6277,0.155666,,1.0,False,False,False
20687,924,SDSS,-9.0,-9.0,0.19042,20.4362,0.293734,,1.0,False,False,False
2440,925,SDSS,-9.0,-9.0,0.19044,20.6652,0.152469,,1.0,False,False,False
16276,926,SDSS,-9.0,-9.0,0.19413,20.5453,0.217185,,1.0,False,False,False
2246,927,SDSS,-9.0,-9.0,0.19434,20.6257,0.220354,,1.0,False,False,False
20821,928,SDSS,-9.0,-9.0,0.19546,20.8813,0.403052,,1.0,False,False,False
1253920,929,DES,54.6293,-27.0428,0.19553,20.4581,0.154272,,1.0,False,False,False
14984,930,SDSS,-9.0,-9.0,0.19557,20.6552,0.194065,,1.0,False,False,False
15674,931,SDSS,-9.0,-9.0,0.19568,20.705,0.210601,,1.0,False,False,False
000236,932,PS1MD,131.58,44.0731,0.19616,20.4758,0.121857,,1.0,False,False,False
15129,933,SDSS,-9.0,-9.0,0.19621,20.5217,0.155637,,1.0,False,False,False
1298893,934,DES,35.724,-6.2568,0.19627,20.5867,0.253215,,1.0,False,False,False
1334620,935,DES,35.7529,-6.2642,0.19635,20.6397,0.292175,,1.0,False,False,False
13070,936,SDSS,-9.0,-9.0,0.19733,20.5488,0.138981,,1.0,False,False,False
18804,937,SDSS,-9.0,-9.0,0.19741,20.4402,0.128057,,1.0,False,False,False
1302058,938,DES,53.3964,-29.1906,0.19782,20.239,0.187234,,1.0,False,False,False
15222,939,SDSS,-9.0,-9.0,0.19817,20.5031,0.180536,,1.0,False,False,False
1316431,940,DES,42.2394,-0.4084,0.19828,20.6349,0.172306,,1.0,False,False,False
13370,941,SDSS,-9.0,-9.0,0.19861,21.0716,0.237064,,1.0,False,False,False
360145,942,PS1MD,163.669,59.019,0.19877,20.6351,0.209756,,1.0,False,False,False
19658,943,SDSS,-9.0,-9.0,0.19878,20.636,0.172401,,1.0,False,False,False
18768,944,SDSS,-9.0,-9.0,0.19908,20.7686,0.215956,,1.0,False,False,False
110460,945,PS1MD,53.8448,-27.8403,0.19953,20.5981,0.252789,,1.0,False,False,False
500504,946,PS1MD,212.459,53.4778,0.19961,20.4234,0.244669,,1.0,False,False,False
560150,947,PS1MD,333.961,1.2276,0.1997,20.6435,0.169412,,1.0,False,False,False
19101,948,SDSS,-9.0,-9.0,0.20077,20.4307,0.193097,,1.0,False,False,False
470232,949,PS1MD,129.546,45.2023,0.20083,20.7308,0.251511,,1.0,False,False,False
370308,950,PS1MD,131.317,43.3857,0.20087,20.5142,0.314972,,1.0,False,False,False
590002,951,PS1MD,149.545,0.8783,0.20128,20.6045,0.215266,,1.0,False,False,False
13152,952,SDSS,-9.0,-9.0,0.20231,20.3654,0.196276,,1.0,False,False,False
19913,953,SDSS,-9.0,-9.0,0.20249,20.7419,0.157404,,1.0,False,False,False
6780,954,SDSS,-9.0,-9.0,0.20279,20.5843,0.182984,,1.0,False,False,False
14212,955,SDSS,-9.0,-9.0,0.2032,20.7128,0.144119,,1.0,False,False,False
15203,956,SDSS,-9.0,-9.0,0.20329,20.6292,0.164646,,1.0,False,False,False
16032,957,SDSS,-9.0,-9.0,0.20331,20.6747,0.171689,,1.0,False,False,False
7243,958,SDSS,-9.0,-9.0,0.20334,20.6805,0.214434,,1.0,False,False,False
15901,959,SDSS,-9.0,-9.0,0.20382,20.6511,0.169342,,1.0,False,False,False
18965,960,SDSS,-9.0,-9.0,0.20469,20.6279,0.157717,,1.0,False,False,False
110033,961,PS1MD,34.9031,-3.5292,0.20483,20.5897,0.200513,,1.0,False,False,False
17801,962,SDSS,-9.0,-9.0,0.20523,20.9131,0.226108,,1.0,False,False,False
15872,963,SDSS,-9.0,-9.0,0.20562,20.5596,0.172847,,1.0,False,False,False
1327978,964,DES,8.28,-44.1402,0.20691,20.6695,0.278525,,1.0,False,False,False
15201,965,SDSS,-9.0,-9.0,0.20748,21.063,0.332572,,1.0,False,False,False
1283373,966,DES,54.9467,-26.7304,0.20751,20.8195,0.146505,,1.0,False,False,False
20376,967,SDSS,-9.0,-9.0,0.2084,20.4769,0.270839,,1.0,False,False,False
15467,968,SDSS,-9.0,-9.0,0.20856,20.6228,0.144273,,1.0,False,False,False
200132,969,PS1MD,334.494,-0.6969,0.20868,20.8504,0.237981,,1.0,False,False,False
15259,970,SDSS,-9.0,-9.0,0.2087,20.6109,0.195843,,1.0,False,False,False
140152,971,PS1MD,162.393,57.6157,0.20879,20.6268,0.157351,,1.0,False,False,False
16482,972,SDSS,-9.0,-9.0,0.20948,20.5883,0.260744,,1.0,False,False,False
550154,973,PS1MD,36.3556,-3.5962,0.21015,20.8949,0.146409,,1.0,False,False,False
19149,974,SDSS,-9.0,-9.0,0.21037,20.2013,0.184063,,1.0,False,False,False
460105,975,PS1MD,129.37,44.0453,0.21084,20.7102,0.221376,,1.0,False,False,False
14157,976,SDSS,-9.0,-9.0,0.21095,20.553,0.153359,,1.0,False,False,False
18940,977,SDSS,-9.0,-9.0,0.21114,20.7022,0.161016,,1.0,False,False,False
1257366,978,DES,53.8996,-26.9693,0.21134,20.8885,0.264746,,1.0,False,False,False
7847,979,SDSS,-9.0,-9.0,0.21174,20.7146,0.228911,,1.0,False,False,False
17811,980,SDSS,-9.0,-9.0,0.212,20.6606,0.192614,,1.0,False,False,False
18927,981,SDSS,-9.0,-9.0,0.21225,20.6844,0.242226,,1.0,False,False,False
13305,982,SDSS,-9.0,-9.0,0.2135,20.7688,0.16306,,1.0,False,False,False
8495,983,SDSS,-9.0,-9.0,0.21365,20.7554,0.188405,,1.0,False,False,False
6933,984,SDSS,-9.0,-9.0,0.21398,20.6344,0.195634,,1.0,False,False,False
110567,985,PS1MD,52.7131,-26.46,0.2144,20.7649,0.297682,,1.0,False,False,False
1249851,986,DES,55.218,-29.4,0.21507,20.6295,0.477123,,1.0,False,False,False
14019,987,SDSS,-9.0,-9.0,0.21521,21.2111,0.227836,,1.0,False,False,False
1316,988,SDSS,-9.0,-9.0,0.21578,20.9723,0.257304,,1.0,False,False,False
100206,989,PS1MD,52.5182,-28.2567,0.2165,20.5723,0.138936,,1.0,False,False,False
17435,990,SDSS,-9.0,-9.0,0.21689,20.8142,0.188459,,1.0,False,False,False
7473,991,SDSS,-9.0,-9.0,0.21692,20.8402,0.183323,,1.0,False,False,False
20364,992,SDSS,-9.0,-9.0,0.21742,20.8865,0.268256,,1.0,False,False,False
13641,993,SDSS,-9.0,-9.0,0.21794,20.7412,0.17274,,1.0,False,False,False
1290816,994,DES,54.1725,-27.84,0.21845,20.9686,0.202626,,1.0,False,False,False
1304678,995,DES,54.8701,-27.6439,0.21881,20.8886,0.24612,,1.0,False,False,False
9467,996,SDSS,-9.0,-9.0,0.21897,20.9395,0.23921,,1.0,False,False,False
5533,997,SDSS,-9.0,-9.0,0.21898,20.8762,0.21715,,1.0,False,False,False
1342255,998,DES,40.7435,-0.2674,0.21899,20.7766,0.127998,,1.0,False,False,False
1302187,999,DES,52.1619,-27.1421,0.21941,20.7518,0.20721,,1.0,False,False,False
15433,1000,SDSS,-9.0,-9.0,0.2195,20.8568,0.157737,,1.0,False,False,False
000220,1001,PS1MD,150.537,2.7186,0.21972,20.8086,0.121352,,1.0,False,False,False
18466,1002,SDSS,-9.0,-9.0,0.21978,20.8352,0.171261,,1.0,False,False,False
14331,1003,SDSS,-9.0,-9.0,0.2199,20.9857,0.218533,,1.0,False,False,False
19230,1004,SDSS,-9.0,-9.0,0.22017,20.6698,0.241441,,1.0,False,False,False
7512,1005,SDSS,-9.0,-9.0,0.22066,20.9346,0.22365,,1.0,False,False,False
15354,1006,SDSS,-9.0,-9.0,0.22083,20.8268,0.265452,,1.0,False,False,False
370098,1007,PS1MD,150.006,2.4311,0.22132,20.7911,0.140687,,1.0,False,False,False
480464,1008,PS1MD,149.8,3.2216,0.22132,20.8058,0.202968,,1.0,False,False,False
1331123,1009,DES,8.0363,-42.5542,0.2215,20.9407,0.163954,,1.0,False,False,False
13025,1010,SDSS,-9.0,-9.0,0.22299,21.0727,0.27993,,1.0,False,False,False
14846,1011,SDSS,-9.0,-9.0,0.22349,20.8981,0.165084,,1.0,False,False,False
330083,1012,PS1MD,129.496,43.2977,0.22385,20.7632,0.170696,,1.0,False,False,False
1304442,1013,DES,52.1631,-28.1083,0.22449,20.8763,0.195353,,1.0,False,False,False
550096,1014,PS1MD,52.7766,-26.3979,0.22449,20.6919,0.244287,,1.0,False,False,False
1292560,1015,DES,35.0558,-5.3611,0.22493,20.8596,0.158331,,1.0,False,False,False
030066,1016,PS1MD,150.183,3.404,0.22542,20.8961,0.171928,,1.0,False,False,False
13727,1017,SDSS,-9.0,-9.0,0.22543,20.8799,0.186984,,1.0,False,False,False
15229,1018,SDSS,-9.0,-9.0,0.22551,20.9326,0.19559,,1.0,False,False,False
020096,1019,PS1MD,161.314,58.1927,0.22578,20.7335,0.17388,,1.0,False,False,False
19992,1020,SDSS,-9.0,-9.0,0.22645,21.1382,0.199257,,1.0,False,False,False
1315192,1021,DES,42.9859,-0.5231,0.22726,20.844,0.226887,,1.0,False,False,False
1315259,1022,DES,40.8641,-1.6036,0.22818,20.9706,0.181397,,1.0,False,False,False
180561,1023,PS1MD,334.462,1.4684,0.22865,20.9074,0.307057,,1.0,False,False,False
13072,1024,SDSS,-9.0,-9.0,0.22928,20.9699,0.200596,,1.0,False,False,False
3452,1025,SDSS,-9.0,-9.0,0.22978,20.8821,0.186118,,1.0,False,False,False
21033,1026,SDSS,-9.0,-9.0,0.2302,20.8753,0.225836,,1.0,False,False,False
000006,1027,PS1MD,53.3665,-28.3715,0.23041,21.0532,0.258704,,1.0,False,False,False
040780,1028,PS1MD,243.62,54.7258,0.23082,20.8187,0.295617,,1.0,False,False,False
19008,1029,SDSS,-9.0,-9.0,0.23086,20.8519,0.202919,,1.0,False,False,False
360140,1030,PS1MD,185.618,47.7162,0.23092,21.0428,0.224673,,1.0,False,False,False
17875,1031,SDSS,-9.0,-9.0,0.23125,21.0639,0.187823,,1.0,False,False,False
430004,1032,PS1MD,351.113,-0.7542,0.23162,20.948,0.225294,,1.0,False,False,False
1302648,1033,DES,10.0026,-44.0541,0.23164,20.8345,0.235724,,1.0,False,False,False
1275946,1034,DES,10.404,-43.6378,0.23205,20.9515,0.157205,,1.0,False,False,False
15369,1035,SDSS,-9.0,-9.0,0.23282,20.5811,0.17888,,1.0,False,False,False
1292336,1036,DES,40.9988,-0.9061,0.23367,20.9327,0.253626,,1.0,False,False,False
350047,1037,PS1MD,163.262,58.1363,0.23378,21.1618,0.194504,,1.0,False,False,False
1336687,1038,DES,35.6058,-6.1499,0.23391,20.9258,0.290889,,1.0,False,False,False
12971,1039,SDSS,-9.0,-9.0,0.23395,20.8859,0.21239,,1.0,False,False,False
110536,1040,PS1MD,54.3325,-26.9017,0.23472,20.9382,0.326877,,1.0,False,False,False
1279500,1041,DES,36.9257,-4.3149,0.23481,21.0254,0.165515,,1.0,False,False,False
1319366,1042,DES,41.4955,-1.0881,0.23494,20.905,0.181242,,1.0,False,False,False
1298281,1043,DES,40.2679,-0.9553,0.2352,20.9099,0.273826,,1.0,False,False,False
19341,1044,SDSS,-9.0,-9.0,0.23556,20.9806,0.212494,,1.0,False,False,False
15287,1045,SDSS,-9.0,-9.0,0.23639,21.1275,0.153376,,1.0,False,False,False
310574,1046,PS1MD,352.986,0.5363,0.23662,21.0106,0.154383,,1.0,False,False,False
13511,1047,SDSS,-9.0,-9.0,0.23664,21.2144,0.191234,,1.0,False,False,False
12881,1048,SDSS,-9.0,-9.0,0.23685,20.866,0.235106,,1.0,False,False,False
16350,1049,SDSS,-9.0,-9.0,0.23693,20.9749,0.208496,,1.0,False,False,False
1317277,1050,DES,35.9031,-5.4815,0.23721,20.9715,0.202153,,1.0,False,False,False
20768,1051,SDSS,-9.0,-9.0,0.23746,21.4835,0.304522,,1.0,False,False,False
17884,1052,SDSS,-9.0,-9.0,0.23789,20.9787,0.170143,,1.0,False,False,False
470008,1053,PS1MD,53.0828,-29.0138,0.2395,20.6529,0.206653,,1.0,False,False,False
18486,1054,SDSS,-9.0,-9.0,0.23981,20.877,0.178758,,1.0,False,False,False
510251,1055,PS1MD,244.494,55.7428,0.2402,21.1317,0.262843,,1.0,False,False,False
580300,1056,PS1MD,130.334,44.7877,0.24085,21.1486,0.164535,,1.0,False,False,False
510550,1057,PS1MD,243.275,55.6117,0.24122,21.0761,0.127834,,1.0,False,False,False
460064,1058,PS1MD,53.7742,-26.7649,0.24151,20.8684,0.182146,,1.0,False,False,False
17223,1059,SDSS,-9.0,-9.0,0.24164,20.919,0.260278,,1.0,False,False,False
14481,1060,SDSS,-9.0,-9.0,0.2422,21.311,0.219703,,1.0,False,False,False
20111,1061,SDSS,-9.0,-9.0,0.2428,21.1687,0.218194,,1.0,False,False,False
480064,1062,PS1MD,128.796,44.4482,0.24284,21.3204,0.257709,,1.0,False,False,False
20088,1063,SDSS,-9.0,-9.0,0.24329,20.9986,0.140544,,1.0,False,False,False
13506,1064,SDSS,-9.0,-9.0,0.24354,21.285,0.305126,,1.0,False,False,False
19023,1065,SDSS,-9.0,-9.0,0.2441,21.0426,0.241308,,1.0,False,False,False
15466,1066,SDSS,-9.0,-9.0,0.24444,20.9534,0.220053,,1.0,False,False,False
3377,1067,SDSS,-9.0,-9.0,0.24459,20.8733,0.184175,,1.0,False,False,False
000174,1068,PS1MD,162.029,56.8502,0.24511,21.0806,0.207796,,1.0,False,False,False
420407,1069,PS1MD,333.949,-0.3155,0.24523,21.2427,0.179625,,1.0,False,False,False
20039,1070,SDSS,-9.0,-9.0,0.24553,21.1052,0.217801,,1.0,False,False,False
000010,1071,PS1MD,149.749,3.1575,0.24585,21.1788,0.165167,,1.0,False,False,False
13835,1072,SDSS,-9.0,-9.0,0.24617,21.0943,0.146956,,1.0,False,False,False
15219,1073,SDSS,-9.0,-9.0,0.2465,21.125,0.16921,,1.0,False,False,False
12977,1074,SDSS,-9.0,-9.0,0.24656,21.0299,0.213035,,1.0,False,False,False
05D3mq,1075,SNLS,214.752,52.3851,0.2466,21.1377,0.152782,,1.0,False,False,False
1334645,1076,DES,36.3796,-5.879,0.24711,20.9453,0.134755,,1.0,False,False,False
3451,1077,SDSS,-9.0,-9.0,0.24846,20.95,0.175101,,1.0,False,False,False
420087,1078,PS1MD,352.767,0.1062,0.2486,21.2382,0.214234,,1.0,False,False,False
450082,1079,PS1MD,353.356,0.3105,0.24861,21.1746,0.193762,,1.0,False,False,False
560152,1080,PS1MD,334.8,1.1602,0.24862,21.1127,0.260166,,1.0,False,False,False
15161,1081,SDSS,-9.0,-9.0,0.24865,21.0726,0.176269,,1.0,False,False,False
19990,1082,SDSS,-9.0,-9.0,0.24896,21.174,0.178589,,1.0,False,False,False
120585,1083,PS1MD,35.7735,-3.6103,0.24909,21.0637,0.165166,,1.0,False,False,False
3199,1084,SDSS,-9.0,-9.0,0.24972,21.4203,0.218948,,1.0,False,False,False
16106,1085,SDSS,-9.0,-9.0,0.24983,21.0431,0.205026,,1.0,False,False,False
15868,1086,SDSS,-9.0,-9.0,0.24986,21.1385,0.161473,,1.0,False,False,False
520077,1087,PS1MD,244.663,55.6842,0.25019,21.3435,0.222865,,1.0,False,False,False
390449,1088,PS1MD,242.951,54.4558,0.25022,21.1234,0.216542,,1.0,False,False,False
13689,1089,SDSS,-9.0,-9.0,0.25043,21.1615,0.177575,,1.0,False,False,False
5717,1090,SDSS,-9.0,-9.0,0.25051,21.3162,0.186783,,1.0,False,False,False
500004,1091,PS1MD,213.023,51.6739,0.25063,21.0479,0.186331,,1.0,False,False,False
16213,1092,SDSS,-9.0,-9.0,0.2509,21.1343,0.200797,,1.0,False,False,False
17552,1093,SDSS,-9.0,-9.0,0.25199,21.2168,0.205582,,1.0,False,False,False
310161,1094,PS1MD,352.966,-0.6604,0.2526,21.2092,0.164293,,1.0,False,False,False
9032,1095,SDSS,-9.0,-9.0,0.2526,21.1536,0.257739,,1.0,False,False,False
000034,1096,PS1MD,36.0664,-3.1865,0.2533,21.1158,0.154711,,1.0,False,False,False
17464,1097,SDSS,-9.0,-9.0,0.25358,20.7773,0.261432,,1.0,False,False,False
5736,1098,SDSS,-9.0,-9.0,0.25407,21.2016,0.165575,,1.0,False,False,False
1336480,1099,DES,41.7246,-1.1646,0.25616,21.3928,0.192289,,1.0,False,False,False
1112,1100,SDSS,-9.0,-9.0,0.2562,21.3063,0.27033,,1.0,False,False,False
17340,1101,SDSS,-9.0,-9.0,0.25637,21.1199,0.205546,,1.0,False,False,False
9457,1102,SDSS,-9.0,-9.0,0.25683,21.2493,0.250287,,1.0,False,False,False
19207,1103,SDSS,-9.0,-9.0,0.25731,21.3246,0.248499,,1.0,False,False,False
18325,1104,SDSS,-9.0,-9.0,0.25736,21.2411,0.191714,,1.0,False,False,False
8046,1105,SDSS,-9.0,-9.0,0.25772,21.3558,0.223687,,1.0,False,False,False
6108,1106,SDSS,-9.0,-9.0,0.25813,21.275,0.229632,,1.0,False,False,False
550041,1107,PS1MD,352.54,-0.8664,0.25859,21.2133,0.207532,,1.0,False,False,False
1297026,1108,DES,35.821,-5.1821,0.25865,21.257,0.147331,,1.0,False,False,False
1303883,1109,DES,8.8633,-44.9171,0.25904,21.2888,0.161457,,1.0,False,False,False
1289664,1110,DES,40.8968,-1.1299,0.25919,21.0349,0.176551,,1.0,False,False,False
1335694,1111,DES,42.845,-0.6485,0.25923,21.1725,0.16069,,1.0,False,False,False
12972,1112,SDSS,-9.0,-9.0,0.25948,21.2708,0.232277,,1.0,False,False,False
1330426,1113,DES,53.9704,-28.6924,0.25952,21.189,0.167819,,1.0,False,False,False
020176,1114,PS1MD,211.862,53.3429,0.26062,21.2503,0.169147,,1.0,False,False,False
370498,1115,PS1MD,186.266,46.8062,0.26094,21.3598,0.183961,,1.0,False,False,False
15440,1116,SDSS,-9.0,-9.0,0.26141,21.194,0.205762,,1.0,False,False,False
1337649,1117,DES,43.4044,0.5102,0.26162,21.1652,0.22392,,1.0,False,False,False
2017,1118,SDSS,-9.0,-9.0,0.26172,21.4344,0.25753,,1.0,False,False,False
19702,1119,SDSS,-9.0,-9.0,0.26173,21.428,0.231725,,1.0,False,False,False
1253,1120,SDSS,-9.0,-9.0,0.26175,21.139,0.224408,,1.0,False,False,False
13655,1121,SDSS,-9.0,-9.0,0.26184,21.4405,0.247658,,1.0,False,False,False
18945,1122,SDSS,-9.0,-9.0,0.262,21.4686,0.215206,,1.0,False,False,False
13956,1123,SDSS,-9.0,-9.0,0.26303,22.0111,0.513925,,1.0,False,False,False
520019,1124,PS1MD,241.861,54.4578,0.26323,21.3858,0.167936,,1.0,False,False,False
04D3ez,1125,SNLS,214.783,53.072,0.2636,21.1467,0.175278,,1.0,False,False,False
350235,1126,PS1MD,184.35,48.3462,0.26393,21.3058,0.165516,,1.0,False,False,False
330022,1127,PS1MD,35.3241,-2.9491,0.26397,21.0505,0.204064,,1.0,False,False,False
12983,1128,SDSS,-9.0,-9.0,0.26408,21.3812,0.380088,,1.0,False,False,False
2943,1129,SDSS,-9.0,-9.0,0.26419,21.2544,0.236921,,1.0,False,False,False
110478,1130,PS1MD,53.5803,-27.5689,0.2646,21.2623,0.196115,,1.0,False,False,False
13099,1131,SDSS,-9.0,-9.0,0.26463,21.4189,0.255049,,1.0,False,False,False
2422,1132,SDSS,-9.0,-9.0,0.26582,21.3557,0.218063,,1.0,False,False,False
6315,1133,SDSS,-9.0,-9.0,0.26583,21.0714,0.204333,,1.0,False,False,False
1334087,1134,DES,41.0084,-0.4674,0.2664,21.0371,0.263599,,1.0,False,False,False
18463,1135,SDSS,-9.0,-9.0,0.267,21.2933,0.203116,,1.0,False,False,False
1309288,1136,DES,54.6449,-29.1944,0.26791,21.2573,0.200253,,1.0,False,False,False
520023,1137,PS1MD,245.239,55.1548,0.26818,21.2093,0.230467,,1.0,False,False,False
530037,1138,PS1MD,333.671,-1.0504,0.26859,21.326,0.189225,,1.0,False,False,False
06D3fp,1139,SNLS,215.077,52.8972,0.2686,21.2023,0.238883,,1.0,False,False,False
14298,1140,SDSS,-9.0,-9.0,0.26887,21.3509,0.215471,,1.0,False,False,False
510638,1141,PS1MD,243.469,56.0842,0.2702,21.3833,0.195143,,1.0,False,False,False
19002,1142,SDSS,-9.0,-9.0,0.27021,21.2559,0.16264,,1.0,False,False,False
310051,1143,PS1MD,353.412,-0.5525,0.27057,21.2609,0.207561,,1.0,False,False,False
160039,1144,PS1MD,184.975,48.1403,0.27094,21.2357,0.163916,,1.0,False,False,False
380378,1145,PS1MD,213.525,53.4648,0.27141,21.3147,0.120414,,1.0,False,False,False
1292332,1146,DES,41.1435,-1.2851,0.27276,21.2885,0.171085,,1.0,False,False,False
15356,1147,SDSS,-9.0,-9.0,0.27351,21.2191,0.206932,,1.0,False,False,False
420258,1148,PS1MD,352.428,0.7054,0.27456,21.4869,0.291821,,1.0,False,False,False
100213,1149,PS1MD,53.0671,-27.1943,0.27509,21.5239,0.237894,,1.0,False,False,False
150254,1150,PS1MD,183.211,47.1458,0.27516,21.2756,0.240354,,1.0,False,False,False
20227,1151,SDSS,-9.0,-9.0,0.27585,21.4101,0.211862,,1.0,False,False,False
19051,1152,SDSS,-9.0,-9.0,0.27631,21.4219,0.178025,,1.0,False,False,False
4000,1153,SDSS,-9.0,-9.0,0.27668,21.5974,0.270893,,1.0,False,False,False
4046,1154,SDSS,-9.0,-9.0,0.27776,21.3656,0.243246,,1.0,False,False,False
1297465,1155,DES,51.7953,-27.8221,0.27782,21.6657,0.175971,,1.0,False,False,False
5957,1156,SDSS,-9.0,-9.0,0.27935,21.4507,0.162102,,1.0,False,False,False
6196,1157,SDSS,-9.0,-9.0,0.2799,21.2526,0.197483,,1.0,False,False,False
040201,1158,PS1MD,184.46,47.4468,0.27995,21.3134,0.150935,,1.0,False,False,False
520188,1159,PS1MD,215.524,52.5446,0.2806,21.4133,0.150697,,1.0,False,False,False
18485,1160,SDSS,-9.0,-9.0,0.28132,21.3694,0.172665,,1.0,False,False,False
1317286,1161,DES,36.0079,-6.8106,0.28207,21.3456,0.164427,,1.0,False,False,False
06D3dt,1162,SNLS,214.34,52.4528,0.28266,21.491,0.296127,,1.0,False,False,False
15584,1163,SDSS,-9.0,-9.0,0.28344,21.4066,0.18239,,1.0,False,False,False
310238,1164,PS1MD,35.5268,-3.2333,0.28405,21.3205,0.151751,,1.0,False,False,False
14261,1165,SDSS,-9.0,-9.0,0.28446,21.2901,0.184598,,1.0,False,False,False
16072,1166,SDSS,-9.0,-9.0,0.28446,21.4389,0.205322,,1.0,False,False,False
17791,1167,SDSS,-9.0,-9.0,0.28478,21.8605,0.350286,,1.0,False,False,False
440050,1168,PS1MD,333.867,1.5495,0.28557,21.4516,0.184018,,1.0,False,False,False
350080,1169,PS1MD,130.635,43.9989,0.28588,21.418,0.171088,,1.0,False,False,False
20040,1170,SDSS,-9.0,-9.0,0.28665,21.3859,0.215826,,1.0,False,False,False
20245,1171,SDSS,-9.0,-9.0,0.28734,21.3161,0.248937,,1.0,False,False,False
17809,1172,SDSS,-9.0,-9.0,0.28758,21.2849,0.237355,,1.0,False,False,False
19128,1173,SDSS,-9.0,-9.0,0.28775,21.6223,0.225614,,1.0,False,False,False
1334644,1174,DES,35.1072,-5.7725,0.28814,21.4545,0.186062,,1.0,False,False,False
1313594,1175,DES,34.8329,-5.7894,0.28844,21.496,0.135178,,1.0,False,False,False
091869,1176,PS1MD,351.908,-1.7625,0.28854,21.4928,0.1632,,1.0,False,False,False
2165,1177,SDSS,-9.0,-9.0,0.28894,21.6903,0.22442,,1.0,False,False,False
2789,1178,SDSS,-9.0,-9.0,0.28901,21.4898,0.226897,,1.0,False,False,False
1334597,1179,DES,35.8313,-4.0678,0.28905,21.4233,0.165869,,1.0,False,False,False
1310395,1180,DES,36.5343,-6.76,0.28907,21.449,0.275906,,1.0,False,False,False
350180,1181,PS1MD,53.4627,-28.1376,0.28949,21.7235,0.254687,,1.0,False,False,False
1289288,1182,DES,10.1789,-43.9483,0.28995,21.4863,0.270091,,1.0,False,False,False
570056,1183,PS1MD,37.0067,-3.495,0.29008,21.4768,0.232933,,1.0,False,False,False
19596,1184,SDSS,-9.0,-9.0,0.29045,21.5331,0.229265,,1.0,False,False,False
19027,1185,SDSS,-9.0,-9.0,0.29123,21.231,0.217476,,1.0,False,False,False
1291090,1186,DES,9.4631,-43.7215,0.29193,21.5076,0.175644,,1.0,False,False,False
1263715,1187,DES,41.6099,-1.5799,0.29196,21.5123,0.170069,,1.0,False,False,False
12841,1188,SDSS,-9.0,-9.0,0.29215,21.4975,0.482974,,1.0,False,False,False
390264,1189,PS1MD,243.373,53.9909,0.29221,21.1699,0.291222,,1.0,False,False,False
21006,1190,SDSS,-9.0,-9.0,0.29251,21.3848,0.227227,,1.0,False,False,False
420414,1191,PS1MD,334.276,0.0287,0.29256,21.4422,0.223209,,1.0,False,False,False
150509,1192,PS1MD,241.234,54.8781,0.29293,21.4928,0.172198,,1.0,False,False,False
130755,1193,PS1MD,183.732,46.5759,0.29298,21.5738,0.201757,,1.0,False,False,False
6249,1194,SDSS,-9.0,-9.0,0.29365,21.604,0.203047,,1.0,False,False,False
1303004,1195,DES,35.2946,-6.4631,0.29504,21.509,0.171668,,1.0,False,False,False
19794,1196,SDSS,-9.0,-9.0,0.2958,21.7679,0.306727,,1.0,False,False,False
580270,1197,PS1MD,130.2,44.5906,0.29587,21.7459,0.163566,,1.0,False,False,False
1119,1198,SDSS,-9.0,-9.0,0.29647,21.7408,0.365057,,1.0,False,False,False
13610,1199,SDSS,-9.0,-9.0,0.29692,21.4065,0.200814,,1.0,False,False,False
1293319,1200,DES,36.0024,-6.4977,0.29695,21.4975,0.208762,,1.0,False,False,False
420196,1201,PS1MD,351.761,-1.0284,0.29853,22.0175,0.23116,,1.0,False,False,False
570025,1202,PS1MD,335.06,0.3776,0.29855,21.4009,0.271544,,1.0,False,False,False
6137,1203,SDSS,-9.0,-9.0,0.29893,21.6665,0.253616,,1.0,False,False,False
10550,1204,SDSS,-9.0,-9.0,0.29933,21.7583,0.340612,,1.0,False,False,False
120444,1205,PS1MD,51.682,-27.9362,0.29945,21.7683,0.194112,,1.0,False,False,False
14735,1206,SDSS,-9.0,-9.0,0.29947,21.4805,0.184499,,1.0,False,False,False
170428,1207,PS1MD,243.619,54.003,0.3002,21.7307,0.196309,,1.0,False,False,False
5391,1208,SDSS,-9.0,-9.0,0.3003,21.6265,0.245709,,1.0,False,False,False
350078,1209,PS1MD,130.663,43.7841,0.30089,21.9199,0.293486,,1.0,False,False,False
350192,1210,PS1MD,148.716,1.9617,0.30142,21.6055,0.189791,,1.0,False,False,False
570022,1211,PS1MD,351.124,-0.4843,0.30152,21.8556,0.20427,,1.0,False,False,False
460037,1212,PS1MD,54.727,-27.5411,0.30251,21.6364,0.223122,,1.0,False,False,False
1339002,1213,DES,35.8305,-6.5263,0.30304,21.5674,0.273372,,1.0,False,False,False
150457,1214,PS1MD,161.353,57.2179,0.30352,21.6674,0.139941,,1.0,False,False,False
7143,1215,SDSS,-9.0,-9.0,0.30365,21.8248,0.195672,,1.0,False,False,False
1287626,1216,DES,35.9318,-5.9612,0.30404,21.466,0.220442,,1.0,False,False,False
19818,1217,SDSS,-9.0,-9.0,0.30406,21.4522,0.180508,,1.0,False,False,False
1335717,1218,DES,52.8599,-28.3531,0.30476,21.7881,0.241296,,1.0,False,False,False
1259412,1219,DES,36.3454,-5.3241,0.30486,21.6488,0.137489,,1.0,False,False,False
12883,1220,SDSS,-9.0,-9.0,0.30526,21.3394,0.30552,,1.0,False,False,False
350630,1221,PS1MD,162.404,58.9533,0.30538,21.6524,0.131087,,1.0,False,False,False
440005,1222,PS1MD,52.9893,-28.8836,0.30548,21.7511,0.224608,,1.0,False,False,False
350027,1223,PS1MD,163.119,57.8072,0.30581,21.6921,0.163275,,1.0,False,False,False
560087,1224,PS1MD,352.676,-1.556,0.30652,21.6429,0.199749,,1.0,False,False,False
340334,1225,PS1MD,163.263,57.8064,0.30681,21.907,0.237566,,1.0,False,False,False
1281668,1226,DES,9.4105,-43.9203,0.30691,21.7043,0.147609,,1.0,False,False,False
520062,1227,PS1MD,244.451,54.6334,0.30818,21.9488,0.137016,,1.0,False,False,False
5966,1228,SDSS,-9.0,-9.0,0.30834,21.7003,0.252626,,1.0,False,False,False
1319821,1229,DES,53.3579,-29.4719,0.30878,21.7424,0.150006,,1.0,False,False,False
6699,1230,SDSS,-9.0,-9.0,0.30922,21.793,0.24918,,1.0,False,False,False
5844,1231,SDSS,-9.0,-9.0,0.30938,21.7227,0.269028,,1.0,False,False,False
16211,1232,SDSS,-9.0,-9.0,0.30949,21.7647,0.299213,,1.0,False,False,False
21042,1233,SDSS,-9.0,-9.0,0.30962,21.467,0.255756,,1.0,False,False,False
1300516,1234,DES,34.5464,-5.0101,0.31052,21.3667,0.335336,,1.0,False,False,False
15213,1235,SDSS,-9.0,-9.0,0.31061,21.7432,0.219739,,1.0,False,False,False
500100,1236,PS1MD,131.639,45.3562,0.31088,21.793,0.180631,,1.0,False,False,False
000420,1237,PS1MD,149.82,1.6135,0.31144,21.7593,0.139148,,1.0,False,False,False
1338128,1238,DES,8.0837,-43.7408,0.31179,21.7847,0.209189,,1.0,False,False,False
1337838,1239,DES,35.496,-6.4982,0.31203,21.6973,0.158158,,1.0,False,False,False
1263369,1240,DES,43.2295,-0.5418,0.31262,21.7035,0.147254,,1.0,False,False,False
1294743,1241,DES,36.1025,-4.6749,0.31267,21.7822,0.278167,,1.0,False,False,False
20142,1242,SDSS,-9.0,-9.0,0.3127,21.3709,0.204424,,1.0,False,False,False
1283878,1243,DES,37.1332,-4.0413,0.31296,21.7665,0.2017,,1.0,False,False,False
1341894,1244,DES,35.3025,-4.6502,0.31303,21.7531,0.174721,,1.0,False,False,False
19632,1245,SDSS,-9.0,-9.0,0.31387,21.7698,0.212727,,1.0,False,False,False
530112,1246,PS1MD,333.569,0.9209,0.31453,21.8721,0.153352,,1.0,False,False,False
15383,1247,SDSS,-9.0,-9.0,0.31506,21.7664,0.226199,,1.0,False,False,False
6649,1248,SDSS,-9.0,-9.0,0.3152,21.6307,0.218301,,1.0,False,False,False
110716,1249,PS1MD,128.986,43.4945,0.31588,21.9503,0.231736,,1.0,False,False,False
15776,1250,SDSS,-9.0,-9.0,0.31593,21.68,0.226031,,1.0,False,False,False
6100,1251,SDSS,-9.0,-9.0,0.31623,21.9449,0.272758,,1.0,False,False,False
100163,1252,PS1MD,35.4423,-5.1516,0.31782,21.8208,0.194052,,1.0,False,False,False
1345553,1253,DES,35.3447,-4.668,0.31804,21.8242,0.165019,,1.0,False,False,False
080646,1254,PS1MD,334.622,0.9415,0.31822,21.7669,0.151096,,1.0,False,False,False
550059,1255,PS1MD,351.303,-1.0245,0.3185,22.0815,0.326812,,1.0,False,False,False
310188,1256,PS1MD,35.2776,-4.5196,0.31901,21.888,0.17561,,1.0,False,False,False
440509,1257,PS1MD,34.8496,-5.4304,0.31901,21.6411,0.20208,,1.0,False,False,False
170078,1258,PS1MD,186.183,47.6681,0.32096,21.9785,0.20553,,1.0,False,False,False
330128,1259,PS1MD,36.8228,-3.8213,0.32104,21.7016,0.154025,,1.0,False,False,False
1266657,1260,DES,43.2731,0.5575,0.32118,21.9391,0.292199,,1.0,False,False,False
120085,1261,PS1MD,150.471,2.0426,0.32206,21.4741,0.197428,,1.0,False,False,False
580104,1262,PS1MD,36.1196,-4.9673,0.32223,21.6098,0.155864,,1.0,False,False,False
1261579,1263,DES,36.1196,-4.9673,0.32223,21.6244,0.136121,,1.0,False,False,False
7475,1264,SDSS,-9.0,-9.0,0.32276,21.6786,0.210177,,1.0,False,False,False
05D2ab,1265,SNLS,150.462,2.1063,0.32446,21.8169,0.123552,,1.0,False,False,False
050291,1266,PS1MD,244.566,55.3847,0.32548,21.9743,0.19137,,1.0,False,False,False
500301,1267,PS1MD,215.548,52.6318,0.3256,22.0095,0.253854,,1.0,False,False,False
18617,1268,SDSS,-9.0,-9.0,0.3258,21.9109,0.269927,,1.0,False,False,False
1305626,1269,DES,35.6546,-4.1333,0.32581,21.7948,0.13912,,1.0,False,False,False
1308326,1270,DES,42.2701,0.5823,0.32632,21.7974,0.154865,,1.0,False,False,False
14456,1271,SDSS,-9.0,-9.0,0.32804,21.7472,0.169699,,1.0,False,False,False
050303,1272,PS1MD,241.437,56.0744,0.32842,22.0549,0.307244,,1.0,False,False,False
530219,1273,PS1MD,351.529,-0.3194,0.32848,22.098,0.277388,,1.0,False,False,False
430003,1274,PS1MD,333.38,-0.4529,0.32851,21.681,0.294415,,1.0,False,False,False
1337687,1275,DES,55.0471,-26.9756,0.32868,21.8186,0.148043,,1.0,False,False,False
1306073,1276,DES,36.8506,-3.7494,0.32868,21.847,0.141621,,1.0,False,False,False
6924,1277,SDSS,-9.0,-9.0,0.32871,21.6746,0.220549,,1.0,False,False,False
1316465,1278,DES,52.7975,-27.9593,0.32907,21.8036,0.16293,,1.0,False,False,False
13934,1279,SDSS,-9.0,-9.0,0.32941,22.1579,0.309396,,1.0,False,False,False
540163,1280,PS1MD,36.0723,-3.3093,0.32952,21.9861,0.16024,,1.0,False,False,False
1301933,1281,DES,36.6637,-4.9708,0.32968,21.8501,0.111583,,1.0,False,False,False
13830,1282,SDSS,-9.0,-9.0,0.32995,21.5914,0.208068,,1.0,False,False,False
120369,1283,PS1MD,150.995,2.2624,0.33047,21.9776,0.128807,,1.0,False,False,False
1338675,1284,DES,36.7437,-4.9677,0.33056,21.9144,0.21272,,1.0,False,False,False
4241,1285,SDSS,-9.0,-9.0,0.33063,21.9159,0.229507,,1.0,False,False,False
480184,1286,PS1MD,129.736,43.3139,0.33089,21.9056,0.237926,,1.0,False,False,False
370394,1287,PS1MD,132.379,45.0022,0.3309,21.743,0.210322,,1.0,False,False,False
03D1fc,1288,SNLS,36.4316,-4.1441,0.33103,21.7568,0.134432,,1.0,False,False,False
580235,1289,PS1MD,150.235,2.5796,0.33147,21.7771,0.217018,,1.0,False,False,False
20106,1290,SDSS,-9.0,-9.0,0.33147,21.9805,0.284201,,1.0,False,False,False
370344,1291,PS1MD,150.174,1.8316,0.33147,21.8482,0.163826,,1.0,False,False,False
470041,1292,PS1MD,131.337,44.7548,0.33189,21.7619,0.141445,,1.0,False,False,False
1306141,1293,DES,54.8978,-28.9108,0.33237,21.724,0.156927,,1.0,False,False,False
130862,1294,PS1MD,184.002,47.9204,0.33298,22.0769,0.199859,,1.0,False,False,False
1309492,1295,DES,53.3008,-28.0249,0.3335,21.7495,0.139304,,1.0,False,False,False
1346956,1296,DES,54.3435,-28.8264,0.3335,21.7836,0.174041,,1.0,False,False,False
16093,1297,SDSS,-9.0,-9.0,0.3345,21.8674,0.234169,,1.0,False,False,False
500511,1298,PS1MD,184.696,47.6473,0.33498,21.7721,0.16973,,1.0,False,False,False
1346966,1299,DES,55.3407,-29.1493,0.3351,21.7712,0.175867,,1.0,False,False,False
1314897,1300,DES,36.6066,-4.1552,0.33671,21.7837,0.182251,,1.0,False,False,False
470015,1301,PS1MD,54.1486,-28.6251,0.33749,21.9148,0.277342,,1.0,False,False,False
040782,1302,PS1MD,242.077,54.9081,0.33751,21.7568,0.235699,,1.0,False,False,False
04D3kr,1303,SNLS,214.15,52.4789,0.33762,21.8947,0.174019,,1.0,False,False,False
1300912,1304,DES,52.0379,-27.5329,0.33778,21.9007,0.232298,,1.0,False,False,False
380318,1305,PS1MD,150.413,3.2498,0.33818,21.892,0.20951,,1.0,False,False,False
580276,1306,PS1MD,53.5214,-28.8077,0.33848,21.8601,0.198585,,1.0,False,False,False
1343337,1307,DES,54.5592,-28.7099,0.33897,21.8025,0.355487,,1.0,False,False,False
04D3nh,1308,SNLS,215.611,52.3334,0.34061,21.9207,0.190519,,1.0,False,False,False
320258,1309,PS1MD,34.748,-4.8807,0.34098,21.8057,0.192415,,1.0,False,False,False
2533,1310,SDSS,-9.0,-9.0,0.34111,21.8111,0.25367,,1.0,False,False,False
1336009,1311,DES,8.9162,-44.8937,0.34169,21.9592,0.319871,,1.0,False,False,False
1346387,1312,DES,52.695,-28.6493,0.34446,22.0551,0.150058,,1.0,False,False,False
350606,1313,PS1MD,54.2033,-26.7605,0.34448,22.0384,0.297982,,1.0,False,False,False
1329312,1314,DES,36.2633,-5.5418,0.34487,21.9803,0.169534,,1.0,False,False,False
470110,1315,PS1MD,52.0706,-28.6233,0.34545,21.9503,0.228622,,1.0,False,False,False
03D1bp,1316,SNLS,36.6572,-4.8388,0.34602,22.0788,0.13399,,1.0,False,False,False
310090,1317,PS1MD,351.308,-0.6051,0.34696,22.1633,0.36936,,1.0,False,False,False
050301,1318,PS1MD,244.724,55.7829,0.34717,21.8644,0.242775,,1.0,False,False,False
330089,1319,PS1MD,36.1903,-4.8221,0.34881,22.1191,0.21674,,1.0,False,False,False
160198,1320,PS1MD,242.905,53.9703,0.3491,21.9969,0.156289,,1.0,False,False,False
1258906,1321,DES,10.262,-44.3941,0.34912,22.029,0.204259,,1.0,False,False,False
070955,1322,PS1MD,241.475,55.1978,0.34932,21.8876,0.155629,,1.0,False,False,False
380279,1323,PS1MD,149.827,2.9349,0.34939,21.9503,0.166428,,1.0,False,False,False
04D2mc,1324,SNLS,150.148,1.7842,0.34949,21.752,0.224702,,1.0,False,False,False
05D2ie,1325,SNLS,150.262,2.6581,0.34949,22.1226,0.169292,,1.0,False,False,False
440185,1326,PS1MD,54.3495,-28.44,0.34949,21.8996,0.204053,,1.0,False,False,False
20186,1327,SDSS,-9.0,-9.0,0.34968,22.2343,0.286414,,1.0,False,False,False
1248677,1328,DES,53.6462,-28.127,0.35015,21.9337,0.144515,,1.0,False,False,False
000196,1329,PS1MD,150.115,2.694,0.35059,21.9812,0.160871,,1.0,False,False,False
050296,1330,PS1MD,243.451,55.6085,0.35099,22.0002,0.159103,,1.0,False,False,False
05D2hc,1331,SNLS,150.019,1.886,0.35149,22.2268,0.207758,,1.0,False,False,False
120400,1332,PS1MD,149.628,2.8718,0.35149,22.0813,0.136315,,1.0,False,False,False
160197,1333,PS1MD,241.617,53.8718,0.35372,22.1127,0.190035,,1.0,False,False,False
05D2mp,1334,SNLS,149.786,2.204,0.35519,22.2117,0.221402,,1.0,False,False,False
1688,1335,SDSS,-9.0,-9.0,0.35774,22.1044,0.290713,,1.0,False,False,False
1334423,1336,DES,42.2137,-0.1522,0.358,22.1009,0.213552,,1.0,False,False,False
04D3fk,1337,SNLS,214.609,52.5285,0.35842,21.9893,0.214298,,1.0,False,False,False
04D2fs,1338,SNLS,150.092,1.7654,0.3585,21.8954,0.287731,,1.0,False,False,False
1280217,1339,DES,40.8943,-1.5184,0.35909,21.9002,0.304482,,1.0,False,False,False
160070,1340,PS1MD,243.192,54.8737,0.35909,22.1899,0.168965,,1.0,False,False,False
1307830,1341,DES,53.2945,-27.9578,0.35946,22.1683,0.152092,,1.0,False,False,False
050293,1342,PS1MD,244.449,55.3023,0.36017,21.934,0.189244,,1.0,False,False,False
160126,1343,PS1MD,163.283,57.2013,0.36034,21.8261,0.2287,,1.0,False,False,False
470244,1344,PS1MD,130.408,43.7715,0.36091,22.1798,0.195675,,1.0,False,False,False
420417,1345,PS1MD,333.495,-0.1916,0.36147,21.8629,0.286753,,1.0,False,False,False
1294014,1346,DES,42.8035,-0.6691,0.3628,21.9922,0.208254,,1.0,False,False,False
1346137,1347,DES,53.2592,-26.8541,0.36325,22.111,0.2134,,1.0,False,False,False
560121,1348,PS1MD,36.3388,-4.3953,0.36499,22.2096,0.290313,,1.0,False,False,False
100358,1349,PS1MD,352.444,0.5905,0.36623,21.883,0.224608,,1.0,False,False,False
190209,1350,PS1MD,333.082,1.0359,0.36656,21.9797,0.153297,,1.0,False,False,False
1308582,1351,DES,37.1372,-4.3728,0.36713,21.9558,0.149493,,1.0,False,False,False
350083,1352,PS1MD,130.138,44.3739,0.3679,22.0097,0.163359,,1.0,False,False,False
04D1hd,1353,SNLS,36.5368,-4.1096,0.36799,22.2169,0.156057,,1.0,False,False,False
1343533,1354,DES,7.3584,-42.2673,0.36839,22.2949,0.335343,,1.0,False,False,False
1283936,1355,DES,8.8776,-44.3713,0.36857,22.21,0.344494,,1.0,False,False,False
15704,1356,SDSS,-9.0,-9.0,0.36962,22.1968,0.242857,,1.0,False,False,False
18091,1357,SDSS,-9.0,-9.0,0.36987,21.9655,0.253612,,1.0,False,False,False
510578,1358,PS1MD,241.233,53.9121,0.37023,22.1264,0.186837,,1.0,False,False,False
04D2cf,1359,SNLS,150.484,1.8795,0.37052,22.1229,0.160993,,1.0,False,False,False
05D4bm,1360,SNLS,334.269,-17.6776,0.37053,22.1303,0.157731,,1.0,False,False,False
13136,1361,SDSS,-9.0,-9.0,0.37057,22.3865,0.255207,,1.0,False,False,False
05D3jr,1362,SNLS,214.87,52.8648,0.37062,22.02,0.281113,,1.0,False,False,False
390471,1363,PS1MD,214.52,53.014,0.37062,21.8168,0.133144,,1.0,False,False,False
320469,1364,PS1MD,34.4183,-4.8371,0.37095,22.1568,0.389586,,1.0,False,False,False
1291957,1365,DES,7.2,-43.5623,0.37138,22.081,0.165922,,1.0,False,False,False
000199,1366,PS1MD,151.231,2.5909,0.37153,22.1312,0.11347,,1.0,False,False,False
05D4fo,1367,SNLS,333.837,-17.2681,0.37153,22.1759,0.1632,,1.0,False,False,False
05D4cw,1368,SNLS,333.709,-17.7388,0.37353,22.0584,0.13027,,1.0,False,False,False
16232,1369,SDSS,-9.0,-9.0,0.37436,22.2192,0.233228,,1.0,False,False,False
1299643,1370,DES,55.1026,-26.7221,0.37676,22.1625,0.152336,,1.0,False,False,False
1282736,1371,DES,35.8093,-6.2681,0.37805,22.1068,0.221544,,1.0,False,False,False
590031,1372,PS1MD,149.073,2.0023,0.37852,22.1741,0.180392,,1.0,False,False,False
7779,1373,SDSS,-9.0,-9.0,0.37991,22.0429,0.218255,,1.0,False,False,False
320099,1374,PS1MD,36.0675,-3.916,0.37997,22.1624,0.161555,,1.0,False,False,False
500057,1375,PS1MD,214.473,53.8417,0.38061,22.2084,0.186096,,1.0,False,False,False
110425,1376,PS1MD,132.012,44.4493,0.38092,22.1981,0.199616,,1.0,False,False,False
1299785,1377,DES,53.9115,-28.3193,0.38129,22.2019,0.202337,,1.0,False,False,False
000011,1378,PS1MD,149.976,2.4119,0.38153,22.4245,0.217312,,1.0,False,False,False
040150,1379,PS1MD,162.098,57.1482,0.38185,22.3085,0.197057,,1.0,False,False,False
580275,1380,PS1MD,54.1391,-28.6139,0.38248,22.1196,0.263796,,1.0,False,False,False
1343401,1381,DES,34.5721,-5.6549,0.38291,22.1148,0.204813,,1.0,False,False,False
1281886,1382,DES,41.7252,-1.0099,0.38402,22.2652,0.200026,,1.0,False,False,False
360139,1383,PS1MD,185.739,47.5675,0.386,22.2687,0.149698,,1.0,False,False,False
1338170,1384,DES,6.6699,-42.9641,0.38672,22.1261,0.269458,,1.0,False,False,False
550218,1385,PS1MD,332.927,0.9013,0.38744,22.3037,0.272138,,1.0,False,False,False
050251,1386,PS1MD,214.327,53.9783,0.38781,22.3772,0.282606,,1.0,False,False,False
420352,1387,PS1MD,35.1822,-3.9625,0.38895,22.13,0.197743,,1.0,False,False,False
1290779,1388,DES,54.7233,-27.9051,0.38949,22.291,0.190269,,1.0,False,False,False
120086,1389,PS1MD,150.789,2.1434,0.39255,22.2212,0.235747,,1.0,False,False,False
1291794,1390,DES,55.1693,-28.7119,0.3951,22.2147,0.20185,,1.0,False,False,False
1296273,1391,DES,41.0798,-0.4504,0.39706,22.006,0.166358,,1.0,False,False,False
1333438,1392,DES,52.3525,-28.9967,0.39944,22.4589,0.286551,,1.0,False,False,False
05D4ff,1393,SNLS,334.084,-18.0426,0.4005,22.2388,0.15602,,1.0,False,False,False
110734,1394,PS1MD,131.069,45.3442,0.40221,22.2265,0.197688,,1.0,False,False,False
580312,1395,PS1MD,35.2534,-4.8171,0.40293,22.2948,0.289144,,1.0,False,False,False
1329615,1396,DES,35.4427,-5.6398,0.40368,22.363,0.212116,,1.0,False,False,False
06D3ed,1397,SNLS,214.699,52.7566,0.40463,22.4217,0.163837,,1.0,False,False,False
350050,1398,PS1MD,161.08,58.0762,0.40483,22.0843,0.200221,,1.0,False,False,False
05D4dt,1399,SNLS,333.608,-17.6711,0.4055,22.5277,0.132801,,1.0,False,False,False
1308314,1400,DES,53.4156,-28.9407,0.40646,22.4384,0.166642,,1.0,False,False,False
1341370,1401,DES,8.9639,-44.6767,0.40895,22.4472,0.2385,,1.0,False,False,False
1306390,1402,DES,43.3164,-0.0301,0.4092,22.4875,0.36265,,1.0,False,False,False
450339,1403,PS1MD,36.2874,-3.3534,0.40935,22.4531,0.273629,,1.0,False,False,False
06D4cq,1404,SNLS,334.231,-17.712,0.40949,22.4254,0.170063,,1.0,False,False,False
020090,1405,PS1MD,212.879,53.5796,0.41004,22.4306,0.278663,,1.0,False,False,False
1307277,1406,DES,41.7388,-0.2355,0.41123,22.409,0.316941,,1.0,False,False,False
530251,1407,PS1MD,334.634,1.1149,0.4114,22.5805,0.241171,,1.0,False,False,False
520071,1408,PS1MD,215.504,53.6193,0.41161,22.5601,0.146641,,1.0,False,False,False
1315296,1409,DES,40.3016,-0.7644,0.41266,22.5363,0.329022,,1.0,False,False,False
04D2fp,1410,SNLS,149.867,2.321,0.41657,22.4765,0.146745,,1.0,False,False,False
05D2dw,1411,SNLS,149.634,2.0322,0.41857,22.3644,0.200288,,1.0,False,False,False
440162,1412,PS1MD,353.266,-0.9127,0.41936,22.4333,0.190697,,1.0,False,False,False
550137,1413,PS1MD,334.754,0.0297,0.41939,22.2074,0.220996,,1.0,False,False,False
1289600,1414,DES,52.0477,-27.8629,0.4196,22.6132,0.222992,,1.0,False,False,False
05D3cf,1415,SNLS,214.223,52.3451,0.41965,22.5451,0.234205,,1.0,False,False,False
1340454,1416,DES,54.7539,-27.8432,0.41995,22.1864,0.293175,,1.0,False,False,False
550202,1417,PS1MD,351.8,-0.7829,0.42036,22.5813,0.343127,,1.0,False,False,False
1306626,1418,DES,54.8773,-27.239,0.42088,22.3648,0.174351,,1.0,False,False,False
110430,1419,PS1MD,132.249,44.8657,0.42094,22.475,0.248656,,1.0,False,False,False
1306991,1420,DES,8.4681,-42.0948,0.42195,22.2806,0.269472,,1.0,False,False,False
04D4gg,1421,SNLS,334.039,-17.2944,0.42247,22.3953,0.230128,,1.0,False,False,False
1345594,1422,DES,33.8987,-5.5998,0.42249,22.4266,0.274122,,1.0,False,False,False
490037,1423,PS1MD,149.957,0.8166,0.42348,22.3425,0.1845,,1.0,False,False,False
160200,1424,PS1MD,242.608,54.1496,0.4236,22.5873,0.399906,,1.0,False,False,False
1302523,1425,DES,36.3176,-4.6598,0.42399,22.4734,0.131426,,1.0,False,False,False
1312274,1426,DES,42.611,-0.3617,0.42459,22.4953,0.193961,,1.0,False,False,False
1295027,1427,DES,35.4327,-6.9406,0.42568,22.4509,0.193594,,1.0,False,False,False
1258940,1428,DES,42.7148,-0.5251,0.42602,22.4987,0.173359,,1.0,False,False,False
050003,1429,PS1MD,242.219,55.0048,0.427,22.56,0.227945,,1.0,False,False,False
110542,1430,PS1MD,131.82,45.2976,0.42703,22.5818,0.196477,,1.0,False,False,False
110719,1431,PS1MD,129.923,43.9644,0.42793,23.0227,0.237078,,1.0,False,False,False
05D2cb,1432,SNLS,149.852,2.3282,0.42859,22.6295,0.402639,,1.0,False,False,False
440236,1433,PS1MD,37.1019,-4.4246,0.42895,22.3913,0.191504,,1.0,False,False,False
1306029,1434,DES,40.8416,-1.9578,0.42903,22.5736,0.249299,,1.0,False,False,False
100101,1435,PS1MD,132.141,43.9852,0.42976,22.6689,0.196222,,1.0,False,False,False
080723,1436,PS1MD,34.9864,-3.9606,0.4302,22.5824,0.163569,,1.0,False,False,False
04D1rh,1437,SNLS,36.9464,-4.2538,0.43494,22.5298,0.181679,,1.0,False,False,False
06D4co,1438,SNLS,333.861,-17.8692,0.43546,22.3309,0.130894,,1.0,False,False,False
000142,1439,PS1MD,162.309,58.4672,0.43683,22.7521,0.179784,,1.0,False,False,False
1336008,1440,DES,10.3212,-43.8862,0.4376,22.3723,0.163932,,1.0,False,False,False
1333246,1441,DES,41.384,-0.0616,0.43783,22.629,0.355854,,1.0,False,False,False
1310338,1442,DES,35.042,-6.3767,0.4389,22.2149,0.209461,,1.0,False,False,False
560027,1443,PS1MD,35.8506,-3.0839,0.43891,22.4152,0.278656,,1.0,False,False,False
050607,1444,PS1MD,213.514,53.3622,0.43935,22.5732,0.200978,,1.0,False,False,False
040166,1445,PS1MD,214.12,54.0536,0.44013,22.8871,0.44109,,1.0,False,False,False
510266,1446,PS1MD,214.033,51.7321,0.44067,22.3834,0.157885,,1.0,False,False,False
1328105,1447,DES,8.1871,-43.5769,0.44149,22.4293,0.181576,,1.0,False,False,False
1295256,1448,DES,53.7194,-27.8328,0.44245,22.5993,0.17077,,1.0,False,False,False
06D3df,1449,SNLS,215.572,52.9577,0.44263,22.6509,0.137065,,1.0,False,False,False
06D2gb,1450,SNLS,150.198,1.9854,0.44361,22.54,0.180208,,1.0,False,False,False
1291080,1451,DES,35.6846,-6.0636,0.44391,22.5539,0.289089,,1.0,False,False,False
040137,1452,PS1MD,214.46,52.801,0.44764,22.6022,0.222321,,1.0,False,False,False
1328066,1453,DES,7.3173,-42.0522,0.44886,22.6323,0.220164,,1.0,False,False,False
1320166,1454,DES,9.3464,-43.8719,0.44891,22.7345,0.213951,,1.0,False,False,False
050580,1455,PS1MD,212.991,52.0718,0.45068,22.3916,0.155357,,1.0,False,False,False
520016,1456,PS1MD,185.338,46.9708,0.45106,22.6751,0.211716,,1.0,False,False,False
04D2gb,1457,SNLS,150.594,1.8942,0.45162,22.3362,0.223723,,1.0,False,False,False
120094,1458,PS1MD,150.526,2.0878,0.45162,22.7393,0.152341,,1.0,False,False,False
04D3gt,1459,SNLS,215.636,52.6469,0.45163,22.4632,0.304189,,1.0,False,False,False
1290127,1460,DES,6.6908,-43.434,0.45218,22.7429,0.318935,,1.0,False,False,False
1253101,1461,DES,7.4651,-43.1378,0.45328,22.5423,0.206024,,1.0,False,False,False
1253039,1462,DES,54.4186,-27.5274,0.45346,22.6333,0.141558,,1.0,False,False,False
1334302,1463,DES,7.3673,-43.3882,0.45458,22.5343,0.207487,,1.0,False,False,False
1306360,1464,DES,53.6767,-26.487,0.45477,22.631,0.282863,,1.0,False,False,False
1345582,1465,DES,33.7065,-4.6747,0.45885,22.7149,0.250735,,1.0,False,False,False
380199,1466,PS1MD,215.233,53.0089,0.46064,22.7491,0.189025,,1.0,False,False,False
510597,1467,PS1MD,185.821,47.8228,0.46104,22.7632,0.228663,,1.0,False,False,False
05D3lc,1468,SNLS,215.596,52.4789,0.46164,22.7309,0.135783,,1.0,False,False,False
03D4au,1469,SNLS,334.041,-18.0776,0.46643,23.0894,0.395571,,1.0,False,False,False
000215,1470,PS1MD,150.81,3.1442,0.46654,22.795,0.133213,,1.0,False,False,False
04D4jr,1471,SNLS,333.56,-17.3502,0.46842,22.7203,0.20437,,1.0,False,False,False
1339149,1472,DES,35.555,-5.8717,0.46887,22.5101,0.232472,,1.0,False,False,False
04D4ju,1473,SNLS,334.261,-17.3328,0.47042,22.9621,0.403614,,1.0,False,False,False
05D3mx,1474,SNLS,215.538,52.2192,0.47065,22.7605,0.178608,,1.0,False,False,False
370367,1475,PS1MD,149.222,1.9779,0.47163,22.7268,0.209178,,1.0,False,False,False
1316437,1476,DES,42.5626,-0.745,0.47204,22.7844,0.255487,,1.0,False,False,False
05D2bv,1477,SNLS,150.571,2.2406,0.47565,22.685,0.175042,,1.0,False,False,False
370329,1478,PS1MD,151.309,1.7007,0.47786,22.9739,0.226675,,1.0,False,False,False
310146,1479,PS1MD,52.4866,-28.7419,0.47941,22.6165,0.202088,,1.0,False,False,False
1306537,1480,DES,55.041,-27.5592,0.47946,22.7577,0.197147,,1.0,False,False,False
560054,1481,PS1MD,353.296,-0.3364,0.47988,22.6426,0.236258,,1.0,False,False,False
05D3dd,1482,SNLS,215.627,52.6068,0.48064,22.7511,0.158073,,1.0,False,False,False
05D2ac,1483,SNLS,149.747,2.4895,0.48065,22.7218,0.136578,,1.0,False,False,False
120044,1484,PS1MD,148.792,1.7302,0.48164,23.0525,0.209151,,1.0,False,False,False
05D1ix,1485,SNLS,36.0832,-4.67,0.48888,22.8312,0.197899,,1.0,False,False,False
1292145,1486,DES,53.6305,-29.6489,0.49244,23.0253,0.334315,,1.0,False,False,False
1343208,1487,DES,52.8465,-28.5442,0.49499,22.8291,0.162788,,1.0,False,False,False
1305504,1488,DES,36.0584,-5.1646,0.49566,22.8923,0.117866,,1.0,False,False,False
03D1ax,1489,SNLS,36.0972,-4.7207,0.49579,22.8287,0.151559,,1.0,False,False,False
05D4af,1490,SNLS,334.138,-18.0049,0.49739,22.8738,0.224236,,1.0,False,False,False
06D2bk,1491,SNLS,149.679,2.172,0.50067,23.004,0.252376,,1.0,False,False,False
350374,1492,PS1MD,131.336,44.239,0.50098,22.8635,0.281843,,1.0,False,False,False
1337272,1493,DES,34.1284,-5.6806,0.50282,22.908,0.216875,,1.0,False,False,False
030006,1494,PS1MD,162.525,58.7774,0.50285,22.8173,0.311707,,1.0,False,False,False
510457,1495,PS1MD,186.389,48.1369,0.50306,22.8954,0.310109,,1.0,False,False,False
03D1au,1496,SNLS,36.0432,-4.0375,0.50316,22.8914,0.227088,,1.0,False,False,False
1335472,1497,DES,9.5553,-44.0495,0.50593,22.826,0.164502,,1.0,False,False,False
1343759,1498,DES,51.979,-28.5644,0.50615,22.8513,0.149287,,1.0,False,False,False
310091,1499,PS1MD,353.126,-0.1047,0.50725,22.9828,0.178949,,1.0,False,False,False
05D4av,1500,SNLS,333.544,-17.9119,0.50739,22.9889,0.287557,,1.0,False,False,False
090201,1501,PS1MD,353.328,-0.9507,0.50825,22.7663,0.182324,,1.0,False,False,False
180313,1502,PS1MD,244.319,55.3794,0.51016,22.8415,0.141859,,1.0,False,False,False
110484,1503,PS1MD,129.186,44.5547,0.51095,22.8053,0.237556,,1.0,False,False,False
05D2dy,1504,SNLS,150.242,2.1831,0.51169,23.1355,0.225672,,1.0,False,False,False
04D1pg,1505,SNLS,36.7673,-4.1753,0.51387,23.0037,0.358645,,1.0,False,False,False
04D4in,1506,SNLS,333.786,-17.261,0.51437,22.9729,0.194295,,1.0,False,False,False
04D2mj,1507,SNLS,150.152,2.5771,0.51469,23.0729,0.402018,,1.0,False,False,False
1338430,1508,DES,40.6393,-1.2547,0.51726,22.8402,0.188517,,1.0,False,False,False
1334470,1509,DES,35.0537,-4.9472,0.51883,22.9419,0.248961,,1.0,False,False,False
310260,1510,PS1MD,36.1689,-5.1043,0.51885,22.9294,0.207812,,1.0,False,False,False
450175,1511,PS1MD,53.2864,-28.0844,0.51941,22.9908,0.313952,,1.0,False,False,False
06D3el,1512,SNLS,214.255,52.2324,0.51968,23.0375,0.194591,,1.0,False,False,False
04D2gc,1513,SNLS,150.414,1.8831,0.52271,23.0966,0.272593,,1.0,False,False,False
1295921,1514,DES,42.6149,-0.8718,0.524,22.9244,0.368248,,1.0,False,False,False
1322229,1515,DES,35.9264,-4.0189,0.5262,22.9172,0.221632,,1.0,False,False,False
050005,1516,PS1MD,211.812,53.9976,0.52859,22.8325,0.186889,,1.0,False,False,False
1322979,1517,DES,52.0693,-28.0637,0.52937,23.0383,0.138414,,1.0,False,False,False
330106,1518,PS1MD,130.009,43.7419,0.53099,22.6272,0.232749,,1.0,False,False,False
160066,1519,PS1MD,186.588,46.5959,0.53111,23.2579,0.288005,,1.0,False,False,False
1338471,1520,DES,41.2916,-1.5649,0.53124,23.2723,0.379971,,1.0,False,False,False
1337703,1521,DES,54.8836,-26.7243,0.53225,22.7291,0.220331,,1.0,False,False,False
06D2ca,1522,SNLS,149.79,2.3025,0.53271,22.9942,0.293113,,1.0,False,False,False
06D2cc,1523,SNLS,149.862,2.4514,0.53372,22.9119,0.272484,,1.0,False,False,False
05D4ek,1524,SNLS,334.115,-17.7363,0.53435,22.8903,0.223672,,1.0,False,False,False
05D4be,1525,SNLS,334.222,-17.2361,0.53534,23.0675,0.202915,,1.0,False,False,False
05D2eb,1526,SNLS,150.061,2.4074,0.53572,22.9604,0.20776,,1.0,False,False,False
1289656,1527,DES,54.3017,-27.3554,0.53942,23.0808,0.24298,,1.0,False,False,False
110426,1528,PS1MD,130.013,44.8943,0.54097,23.0261,0.23188,,1.0,False,False,False
1324542,1529,DES,53.8952,-29.048,0.54152,23.277,0.240962,,1.0,False,False,False
520041,1530,PS1MD,184.138,45.962,0.54545,23.3103,0.18949,,1.0,False,False,False
04D4bq,1531,SNLS,333.706,-17.8276,0.54834,22.7705,0.362217,,1.0,False,False,False
1306980,1532,DES,7.0361,-43.2916,0.54881,22.9165,0.377591,,1.0,False,False,False
050201,1533,PS1MD,241.703,54.9809,0.55021,23.0723,0.19401,,1.0,False,False,False
06D4bo,1534,SNLS,333.867,-17.4092,0.55033,23.1198,0.2067,,1.0,False,False,False
1339450,1535,DES,53.621,-29.169,0.55046,23.1574,0.375291,,1.0,False,False,False
04D3hn,1536,SNLS,215.529,52.2286,0.55267,22.9408,0.242653,,1.0,False,False,False
06D2ck,1537,SNLS,150.367,1.8636,0.55375,23.237,0.205365,,1.0,False,False,False
1337117,1538,DES,10.1815,-43.6449,0.55384,22.8297,0.175342,,1.0,False,False,False
05D1ee,1539,SNLS,36.1948,-4.0005,0.55782,23.1859,0.193312,,1.0,False,False,False
05D1kl,1540,SNLS,36.1397,-4.319,0.55882,23.4801,0.382347,,1.0,False,False,False
04D1hx,1541,SNLS,36.1771,-4.7903,0.55882,23.0445,0.35519,,1.0,False,False,False
1289555,1542,DES,40.7331,-1.3929,0.56181,23.0407,0.226224,,1.0,False,False,False
1303952,1543,DES,35.8718,-6.9219,0.56269,23.3486,0.263864,,1.0,False,False,False
05D1cc,1544,SNLS,36.6299,-4.1648,0.56283,23.1766,0.233154,,1.0,False,False,False
1285317,1545,DES,9.4725,-43.3145,0.56437,23.1398,0.219457,,1.0,False,False,False
1330903,1546,DES,41.1163,-0.645,0.56437,23.2351,0.205824,,1.0,False,False,False
1338278,1547,DES,34.43,-4.976,0.56437,23.1439,0.295284,,1.0,False,False,False
05D1dn,1548,SNLS,36.111,-4.9916,0.56481,23.2343,0.190849,,1.0,False,False,False
1317454,1549,DES,8.0244,-42.6662,0.56879,22.9877,0.260944,,1.0,False,False,False
1306785,1550,DES,33.7937,-4.5222,0.57542,22.9382,0.452062,,1.0,False,False,False
05D2dt,1551,SNLS,150.35,1.8577,0.57577,23.3385,0.211441,,1.0,False,False,False
050203,1552,PS1MD,242.793,55.1223,0.57619,23.2357,0.200291,,1.0,False,False,False
06D3et,1553,SNLS,215.52,52.3384,0.57668,23.1733,0.164644,,1.0,False,False,False
1337228,1554,DES,7.5248,-43.0341,0.57737,23.392,0.289693,,1.0,False,False,False
03D4gf,1555,SNLS,333.596,-17.734,0.5783,23.1644,0.243357,,1.0,False,False,False
110721,1556,PS1MD,130.216,44.1143,0.57831,23.1982,0.23966,,1.0,False,False,False
05D1dx,1557,SNLS,36.9458,-4.0325,0.57882,23.1742,0.212684,,1.0,False,False,False
1332059,1558,DES,40.8651,-1.2774,0.57891,23.2787,0.230108,,1.0,False,False,False
05D3jq,1559,SNLS,215.439,53.0299,0.57967,23.1393,0.229578,,1.0,False,False,False
05D3gp,1560,SNLS,215.676,52.7247,0.58067,23.32,0.261104,,1.0,False,False,False
03D1aw,1561,SNLS,36.0616,-4.5172,0.5808,23.4531,0.238297,,1.0,False,False,False
04D1jg,1562,SNLS,36.5523,-4.1348,0.58301,23.2878,0.165845,,1.0,False,False,False
05D4ej,1563,SNLS,333.969,-18.1957,0.5833,23.5444,0.184233,,1.0,False,False,False
04D1kj,1564,SNLS,36.9694,-4.1803,0.58382,23.2235,0.196641,,1.0,False,False,False
04D1sa,1565,SNLS,36.984,-4.1761,0.58382,23.3959,0.182769,,1.0,False,False,False
1338387,1566,DES,40.4513,-0.3686,0.5839,23.1669,0.197532,,1.0,False,False,False
05D1hm,1567,SNLS,36.9426,-4.7173,0.58582,23.454,0.371991,,1.0,False,False,False
05D4bf,1568,SNLS,334.11,-18.2321,0.5873,23.3711,0.201234,,1.0,False,False,False
04D1oh,1569,SNLS,36.2598,-4.2362,0.58879,23.2491,0.218369,,1.0,False,False,False
03D4gg,1570,SNLS,334.168,-18.1645,0.59029,23.2626,0.246781,,1.0,False,False,False
04D2mh,1571,SNLS,149.941,2.141,0.59179,23.1978,0.254399,,1.0,False,False,False
05D3lr,1572,SNLS,215.551,53.1843,0.60067,23.3586,0.277528,,1.0,False,False,False
1338233,1573,DES,35.1227,-5.5293,0.60155,23.5032,0.393855,,1.0,False,False,False
05D4ef,1574,SNLS,333.497,-18.2123,0.60328,23.4973,0.19827,,1.0,False,False,False
1335564,1575,DES,35.1281,-6.4465,0.60626,23.3628,0.273748,,1.0,False,False,False
03D4dy,1576,SNLS,333.711,-17.9565,0.60827,23.3374,0.226786,,1.0,False,False,False
1302141,1577,DES,7.8305,-42.5014,0.60876,23.1752,0.349285,,1.0,False,False,False
1332413,1578,DES,36.2749,-5.853,0.60878,23.3649,0.229166,,1.0,False,False,False
05D2he,1579,SNLS,150.361,2.3177,0.60981,23.4346,0.320347,,1.0,False,False,False
04D3do,1580,SNLS,214.442,52.2676,0.61071,23.4156,0.182249,,1.0,False,False,False
04D4an,1581,SNLS,333.988,-17.6955,0.61127,23.6519,0.24621,,1.0,False,False,False
1295305,1582,DES,36.2434,-4.2509,0.61177,23.448,0.162208,,1.0,False,False,False
05D1ck,1583,SNLS,36.1035,-4.7128,0.61577,23.4555,0.346221,,1.0,False,False,False
1308957,1584,DES,35.1339,-6.624,0.61875,23.4634,0.387817,,1.0,False,False,False
1335868,1585,DES,55.0891,-26.5127,0.61941,23.4418,0.273973,,1.0,False,False,False
000202,1586,PS1MD,150.539,1.8992,0.61983,23.5027,0.15249,,1.0,False,False,False
04D3co,1587,SNLS,214.458,52.9636,0.6207,23.4458,0.266773,,1.0,False,False,False
04D2an,1588,SNLS,150.218,2.0412,0.62183,23.3364,0.274297,,1.0,False,False,False
03D4dh,1589,SNLS,334.379,-17.6297,0.62525,23.4047,0.213447,,1.0,False,False,False
04D4fx,1590,SNLS,334.159,-18.0664,0.62725,23.332,0.242543,,1.0,False,False,False
05D1cb,1591,SNLS,36.7377,-4.1176,0.63077,23.4102,0.201051,,1.0,False,False,False
05D2ci,1592,SNLS,150.008,2.2159,0.63183,23.0581,0.325833,,1.0,False,False,False
03D4at,1593,SNLS,333.6,-17.7767,0.63225,23.5963,0.322534,,1.0,False,False,False
1330642,1594,DES,37.0406,-4.0471,0.63399,23.3442,0.145119,,1.0,False,False,False
04D1pu,1595,SNLS,36.8686,-4.7449,0.63777,23.2768,0.442055,,1.0,False,False,False
1343871,1596,DES,43.5025,-0.3703,0.63794,23.6107,0.309645,,1.0,False,False,False
05D4ag,1597,SNLS,333.448,-18.1653,0.63824,23.4064,0.366523,,1.0,False,False,False
1337325,1598,DES,35.135,-4.6525,0.63873,23.5274,0.26025,,1.0,False,False,False
1334879,1599,DES,52.4089,-28.2164,0.63934,23.537,0.16971,,1.0,False,False,False
05D2ec,1600,SNLS,149.859,2.0136,0.64185,23.5946,0.255519,,1.0,False,False,False
1308568,1601,DES,33.8732,-5.0525,0.64311,23.1079,0.406947,,1.0,False,False,False
04D3cy,1602,SNLS,214.552,52.6583,0.64371,23.5462,0.308662,,1.0,False,False,False
05D3ax,1603,SNLS,214.823,52.6875,0.64371,23.5504,0.315374,,1.0,False,False,False
05D3lb,1604,SNLS,214.382,53.1679,0.6477,23.566,0.287168,,1.0,False,False,False
1338266,1605,DES,34.905,-5.8691,0.64852,23.7867,0.271027,,1.0,False,False,False
05D3kt,1606,SNLS,214.974,52.743,0.6487,23.4805,0.309502,,1.0,False,False,False
1334707,1607,DES,51.7764,-28.6278,0.64962,23.5275,0.147114,,1.0,False,False,False
04D1sk,1608,SNLS,36.0949,-4.3536,0.66213,23.7263,0.278466,,1.0,False,False,False
05D3hs,1609,SNLS,215.307,52.9038,0.6647,23.6168,0.232426,,1.0,False,False,False
05D3mh,1610,SNLS,214.749,52.6676,0.67072,23.8147,0.273465,,1.0,False,False,False
03D1co,1611,SNLS,36.5677,-4.9351,0.67773,23.9721,0.310626,,1.0,False,False,False
05D2bt,1612,SNLS,150.418,2.5662,0.6819,23.5846,0.23784,,1.0,False,False,False
06D3cc,1613,SNLS,214.382,52.9125,0.68372,23.9186,0.406839,,1.0,False,False,False
04D4ic,1614,SNLS,333.591,-17.9435,0.68519,23.7636,0.365177,,1.0,False,False,False
05D1ke,1615,SNLS,36.6929,-4.8625,0.68872,23.5607,0.224893,,1.0,False,False,False
1262715,1616,DES,53.37,-28.4427,0.68935,23.6005,0.154427,,1.0,False,False,False
1262214,1617,DES,53.5027,-28.6602,0.68936,23.7914,0.270648,,1.0,False,False,False
06D3em,1618,SNLS,214.848,53.023,0.69072,23.6613,0.425,,1.0,False,False,False
03D4cz,1619,SNLS,334.174,-17.9263,0.69318,23.6632,0.316876,,1.0,False,False,False
04D4ib,1620,SNLS,334.174,-18.1051,0.69718,23.7162,0.211018,,1.0,False,False,False
06D4ba,1621,SNLS,333.899,-18.2291,0.69818,23.7141,0.341743,,1.0,False,False,False
05D4bj,1622,SNLS,333.749,-18.1334,0.69918,23.6872,0.337384,,1.0,False,False,False
05D4cq,1623,SNLS,333.54,-18.2267,0.69918,23.8161,0.213646,,1.0,False,False,False
1335718,1624,DES,52.3094,-28.3854,0.69932,23.8577,0.153542,,1.0,False,False,False
05D2ck,1625,SNLS,150.188,2.5729,0.69992,23.8617,0.294144,,1.0,False,False,False
04D1si,1626,SNLS,36.2033,-4.569,0.7007,23.664,0.221555,,1.0,False,False,False
04D4hu,1627,SNLS,333.901,-17.8389,0.70117,23.8438,0.260185,,1.0,False,False,False
04D2iu,1628,SNLS,150.305,2.415,0.70192,23.6432,0.461925,,1.0,False,False,False
05D2le,1629,SNLS,150.479,2.0929,0.70192,23.7903,0.251306,,1.0,False,False,False
05D3gv,1630,SNLS,215.247,53.1789,0.71571,23.7414,0.244445,,1.0,False,False,False
05D3jh,1631,SNLS,214.356,52.6188,0.71874,23.6209,0.186486,,1.0,False,False,False
1331993,1632,DES,35.9718,-4.4593,0.71968,23.9108,0.202759,,1.0,False,False,False
04D1aj,1633,SNLS,36.4748,-4.9946,0.71969,23.717,0.34116,,1.0,False,False,False
05D4ev,1634,SNLS,333.377,-17.7008,0.72015,23.9082,0.241658,,1.0,False,False,False
06D3gh,1635,SNLS,214.631,52.4429,0.72074,23.7929,0.303977,,1.0,False,False,False
06D3do,1636,SNLS,214.247,52.8825,0.72674,23.8281,0.246891,,1.0,False,False,False
06D3bz,1637,SNLS,214.292,53.0248,0.72774,23.755,0.25567,,1.0,False,False,False
1304127,1638,DES,35.1805,-6.9511,0.72866,23.752,0.282209,,1.0,False,False,False
06D4bw,1639,SNLS,333.766,-17.8835,0.73014,23.6656,0.320827,,1.0,False,False,False
1329166,1640,DES,52.3035,-28.9116,0.73161,23.9269,0.194559,,1.0,False,False,False
04D1pp,1641,SNLS,36.302,-4.7016,0.73368,23.7315,0.194032,,1.0,False,False,False
04D2gp,1642,SNLS,149.835,2.5089,0.73395,23.967,0.387349,,1.0,False,False,False
05D2fq,1643,SNLS,149.785,2.602,0.73495,24.0007,0.222986,,1.0,False,False,False
05D1eo,1644,SNLS,36.3464,-4.6427,0.73568,23.9277,0.255688,,1.0,False,False,False
05D2ct,1645,SNLS,150.426,2.1238,0.73596,23.9145,0.424782,,1.0,False,False,False
05D3jk,1646,SNLS,214.198,52.5925,0.73675,23.739,0.213187,,1.0,False,False,False
04D2ja,1647,SNLS,149.702,1.7717,0.74196,24.2283,0.324017,,1.0,False,False,False
04D3fq,1648,SNLS,214.241,52.3795,0.74276,23.8295,0.326063,,1.0,False,False,False
05D3jb,1649,SNLS,215.542,52.8781,0.74573,23.9145,0.193302,,1.0,False,False,False
04D2kr,1650,SNLS,150.156,1.7119,0.74607,23.7287,0.253305,,1.0,False,False,False
04D4im,1651,SNLS,333.754,-17.396,0.74911,23.6866,0.261096,,1.0,False,False,False
1285160,1652,DES,52.3989,-28.6476,0.7493,23.9242,0.160977,,1.0,False,False,False
04D3ks,1653,SNLS,215.64,52.1852,0.75074,23.6482,0.317571,,1.0,False,False,False
05D2nt,1654,SNLS,150.243,2.3727,0.75899,23.9939,0.231584,,1.0,False,False,False
05D3mn,1655,SNLS,214.689,52.3231,0.76076,23.8137,0.199341,,1.0,False,False,False
05D4cn,1656,SNLS,333.381,-17.2888,0.7611,23.9237,0.235082,,1.0,False,False,False
05D1if,1657,SNLS,36.1239,-4.5703,0.76165,23.878,0.238347,,1.0,False,False,False
04D1qd,1658,SNLS,36.6378,-4.1072,0.76566,23.9839,0.223812,,1.0,False,False,False
04D1de,1659,SNLS,36.6496,-4.4226,0.76666,24.1694,0.2487,,1.0,False,False,False
05D3hh,1660,SNLS,214.792,52.9593,0.76674,24.1093,0.268898,,1.0,False,False,False
04D4id,1661,SNLS,334.089,-17.229,0.76709,24.3057,0.255729,,1.0,False,False,False
04D1pc,1662,SNLS,36.6037,-4.3994,0.76865,24.0399,0.310504,,1.0,False,False,False
1329196,1663,DES,53.0758,-28.9065,0.76932,23.9638,0.160486,,1.0,False,False,False
05D4bi,1664,SNLS,333.986,-17.9861,0.77309,24.1038,0.293843,,1.0,False,False,False
1325358,1665,DES,52.2841,-28.9516,0.77929,23.7865,0.309918,,1.0,False,False,False
05D4cs,1666,SNLS,334.324,-17.8802,0.78807,24.0512,0.230473,,1.0,False,False,False
03D4fd,1667,SNLS,334.06,-17.3956,0.78907,24.1307,0.269829,,1.0,False,False,False
1309749,1668,DES,52.5384,-27.3174,0.78928,23.9465,0.163342,,1.0,False,False,False
04D1ks,1669,SNLS,36.0396,-4.9787,0.79662,23.6496,0.371115,,1.0,False,False,False
03D1fq,1670,SNLS,36.7319,-4.3022,0.79863,24.1808,0.286876,,1.0,False,False,False
Elvis,1671,HST,189.451,62.2265,0.83981,24.107,0.210118,,1.0,False,False,False
Spock,1672,HST,189.277,62.2533,0.83981,23.9482,0.389488,,1.0,False,False,False
Manipogo,1673,HST,189.145,62.2636,0.85482,24.3638,0.298695,,1.0,False,False,False
Vilas,1674,HST,189.371,62.1911,0.93585,24.2801,0.238415,,1.0,False,False,False
Ombo,1675,HST,53.1056,-27.7508,0.97423,24.8581,0.199702,,1.0,False,False,False
SCP05D0,1676,SNAP,35.4253,-3.3648,1.01242,24.8647,0.36609,,1.0,False,False,True
Eagle,1677,HST,189.337,62.2282,1.01988,25.0227,0.224284,,1.0,False,False,False
Ferguson,1678,HST,189.105,62.2566,1.02088,24.7176,0.474703,,1.0,False,False,False
Strolger,1679,HST,189.086,62.1807,1.02789,25.2834,0.352352,,1.0,False,False,False
SCP06U4,1680,SNAP,356.373,-36.546,1.04817,25.1699,0.488011,,1.0,False,False,True
Gabi,1681,HST,189.058,62.2021,1.12092,25.1875,0.221994,,1.0,False,False,False
SCP06H5,1682,SNAP,218.626,34.4492,1.23225,25.0677,0.609899,,1.0,False,False,True
Lancaster,1683,HST,189.236,62.2148,1.23597,25.652,0.2724,,1.0,False,False,False
Aphrodite,1684,HST,53.1563,-27.7796,1.29911,25.6111,0.273963,,1.0,False,False,False
Thoth,1685,HST,53.1033,-27.7716,1.3041,25.4676,0.315363,,1.0,False,False,False
Inanna,1686,HST,53.1847,-27.9184,1.30611,25.7667,0.444343,,1.0,False,False,False
SCP05D6,1687,SNAP,35.4437,-3.3823,1.31317,25.5337,0.315195,,1.0,False,False,True
washington,1688,CANDELS,53.0869,-27.8282,1.3291,25.6215,0.23681,,1.0,False,False,False
Borg,1689,HST,189.288,62.1914,1.34101,25.5011,0.305203,,1.0,False,False,False
SCP06G4,1690,SNAP,217.328,34.6437,1.35136,25.2962,0.317314,,1.0,False,False,True
Mcguire,1691,HST,53.0418,-27.8305,1.35608,25.5564,0.236747,,1.0,False,False,False
Sasquatch,1692,HST,189.225,62.1397,1.39103,25.5414,0.37337,,1.0,False,False,False
SCP06K0,1693,SNAP,219.535,34.2384,1.41633,25.2049,0.735281,,1.0,False,False,True
carter,1694,CANDELS,150.061,2.1924,1.5429,25.8372,0.370031,,1.0,False,False,False
Primo,1695,CANDELS,53.1584,-27.7775,1.54901,26.04,0.232206,,1.0,False,False,False
rutledge,1696,CANDELS,215.2,53.0728,1.61505,25.9065,0.331927,,1.0,False,False,False
geta,1697,CANDELS,322.35,0.1402,1.69706,26.0333,0.379521,,1.0,False,False,False
stone,1698,CANDELS,189.32,62.2782,1.80119,26.2335,0.280685,,1.0,False,False,False
wilson,1699,CANDELS,34.4431,-5.2566,1.91165,26.1703,0.357624,,1.0,False,False,False
colfax,1700,CANDELS,189.157,62.3092,2.26137,26.9298,0.280011,,1.0,False,False,False
