CID,sample,row_index,region,zHD,MU,MUERR,PROBIA,HOST_RA,HOST_DEC,HOST_LOGMASS,clipped,cluster_targeted,cluster_tier_ok,kappa_raw,kappa_ext,kappa_gal_ext,kappa_cl_ext,gamma,dmu_pred,zbin,rand_mean,rand_sig,n_rand_ok,area_frac,area_flag,frac_nir,hr
000014,PS1MD,793,12,0.13614,19.7241,0.204855,1.0,35.878,-4.6363,,False,False,True,0.0021757949292169005,0.0016713191599338722,0.0018470450049335434,-0.00017572584499967123,0.000538546896134959,-0.0036533094158409424,0.125,0.0005044757692830282,0.0003849872253640185,493,1.0,False,0.947535052012664,0.027832544364582115
340229,PS1MD,807,12,0.14123,19.7877,0.210706,1.0,35.879,-2.8604,,False,False,True,0.0007533295867829925,0.0002130596089509767,-0.0003240100187420559,0.0005370696276930327,0.0024841857420196418,-0.00046684627997142596,0.125,0.0005402699778320158,0.0004202344398892603,493,1.0,False,0.0,0.00515190906463321
1317666,DES,808,12,0.14134,19.8707,0.259463,1.0,36.7711,-5.0031,,False,False,True,0.00047070882518313186,-7.033470136015872e-05,-0.0003045385985196172,0.00023420389715945853,0.0003237078061598754,0.00015257883798153855,0.125,0.0005410435265432906,0.00042099616751161323,493,1.0,False,0.9580008399832003,0.08631972340854706
1296657,DES,815,12,0.14638,19.9327,0.205643,1.0,36.2552,-6.2786,,False,False,True,0.004128935075662515,0.0035524489536208157,0.0037525756151508987,-0.00020012666153008274,0.0032369389937731336,-0.007743033169948175,0.125,0.0005764861220416988,0.00045589714220851295,493,1.0,False,0.0,0.0657752435199301
000038,PS1MD,826,12,0.1505,19.8528,0.167881,1.0,35.0957,-4.6725,,False,False,True,0.002035489330068171,0.001430030292658726,0.0016353752825727435,-0.00020534498991401766,0.004439774959664707,-0.0031172943842997904,0.17500000000000004,0.000605459037409445,0.00048442730406391494,493,1.0,False,0.9887029288702929,-0.03453534213651648
440042,PS1MD,840,12,0.15921,20.1737,0.282399,1.0,35.9021,-3.294,,False,False,True,3.690985842525374e-05,-0.0006298001723951309,-0.00039910100343485474,-0.00023069916896027595,0.00023824217893629945,0.0013739628924927523,0.17500000000000004,0.0006667100308203846,0.0005447422821611362,493,1.0,False,0.0,0.1532056448823464
310039,PS1MD,861,12,0.17169,20.2073,0.21301,1.0,36.2156,-3.3448,,False,False,True,0.00015186590397342083,-0.0006026067442715936,-0.0003963047703096509,-0.00020630197396194255,0.0006248017091701291,0.0013157261922435164,0.17500000000000004,0.0007544726482450144,0.000631163743315364,493,1.0,False,0.0,0.00742408253264943
330023,PS1MD,890,12,0.18078,20.4636,0.177112,1.0,35.7981,-2.7801,,False,False,True,0.0006958489886477687,-0.00014829793412304447,-0.0005120905665446905,0.0003637926324216461,0.002389255361832698,0.00032425804263542125,0.17500000000000004,0.0008441469227708131,0.0007089497120725694,493,1.0,False,0.0,0.1405747719995833
1298893,DES,934,12,0.19627,20.5867,0.253215,1.0,35.724,-6.2568,,False,False,True,0.0024338062357373885,0.0014117186332010842,-0.00023114158685853678,0.001642860220059621,0.0022219985484891107,-0.0030692648299185067,0.17500000000000004,0.0010220876025363044,0.0008559838260783629,493,1.0,False,0.0,0.06653232016581428
1334620,DES,935,12,0.19635,20.6397,0.292175,1.0,35.7529,-6.2642,,False,False,True,0.001931900406126747,0.0009088938071810664,-0.0004413273116769048,0.0013502211188579712,0.0006805353395326664,-0.0019764384138677114,0.17500000000000004,0.0010230065989456807,0.0008567432017478569,493,1.0,False,0.0,0.11855227292346443
550154,PS1MD,973,12,0.21015,20.8949,0.146409,1.0,36.3556,-3.5962,,False,False,True,0.0008251244839516226,-0.00035640899561147435,1.696872951165954e-05,-0.0003733777251231343,0.0006808818380154652,0.0007879113318149133,0.22500000000000003,0.001181533479563097,0.0009877355047355877,493,1.0,False,0.0,0.20510012441318104
1292560,DES,1015,12,0.22493,20.8596,0.158331,1.0,35.0558,-5.3611,,False,False,True,0.0015371880416405947,0.0001858699754452213,0.0007118172502261965,-0.0005259472747809756,0.0043199655578018345,-0.0004077495430755149,0.22500000000000003,0.0013513180661953734,0.001128030159674621,493,1.0,False,0.8338068181818182,0.005151574501591875
1336687,DES,1038,12,0.23391,20.9258,0.290889,1.0,35.6058,-6.1499,,False,False,True,0.0013086840997536095,-0.00015789380255631187,0.0003357987286701458,-0.0004936925312264581,0.004495420245341034,0.00033756665297853764,0.22500000000000003,0.0014665779023099214,0.0012050935185158908,493,1.0,False,0.0,-0.023849272732044176
1279500,DES,1041,12,0.23481,21.0254,0.165515,1.0,36.9257,-4.3149,,False,False,True,0.0010161452834540684,-0.00046199380211406956,-0.0001084951774714425,-0.0003534986246426273,0.001758232092903152,0.001017373812899537,0.22500000000000003,0.001478139085568138,0.0012128105796401798,493,1.0,False,0.9629798903107861,0.06639707738460665
1317277,DES,1050,12,0.23721,20.9715,0.202153,1.0,35.9031,-5.4815,,False,False,True,0.0002772087823656904,-0.0012317601252243584,-0.0009049139158421996,-0.0003268462093821591,0.0005714226783306435,0.0026944394150495883,0.22500000000000003,0.0015089689075900488,0.0012333894093049507,493,1.0,False,0.7526289434151227,-0.012284498787306638
1334645,DES,1076,12,0.24711,20.9453,0.134755,1.0,36.3796,-5.879,,False,False,True,0.004110810659022152,0.0024746687355917214,-0.00029010417311281294,0.0027647729087045343,0.004774593071126824,-0.005383395125462461,0.22500000000000003,0.0016361419234304309,0.001318277081672131,493,1.0,False,0.0,-0.1383124415506395
120585,PS1MD,1083,12,0.24909,21.0637,0.165166,1.0,35.7735,-3.6103,,False,False,True,0.00011396255760614641,-0.0015476139689923612,-0.0009329895125993178,-0.0006146244563930435,0.0009975212912648045,0.0033853141532077676,0.22500000000000003,0.0016615765265985075,0.0013352546161455672,493,1.0,False,0.0,-0.03943250097938111
000034,PS1MD,1096,12,0.2533,21.1158,0.154711,1.0,36.0664,-3.1865,,False,False,True,0.00037034375783385966,-0.0013453134148947497,-0.0009314040998136534,-0.0004139093150810966,0.0012199202878542604,0.0029474960431122195,0.275,0.0017156571727286094,0.0013713533131825197,493,1.0,False,0.0,-0.049821040880525386
1297026,DES,1108,12,0.25865,21.257,0.147331,1.0,35.821,-5.1821,,False,False,True,0.00032955397147766774,-0.001454828012841451,-0.0008255859765974184,-0.0006292420362440326,0.0023834499713094068,0.003184134553212557,0.275,0.0017843819843191186,0.0014172269543102382,493,1.0,False,0.9970014992503748,0.04013830246697295
330022,PS1MD,1127,12,0.26397,21.0505,0.204064,1.0,35.3241,-2.9491,,False,False,True,0.010046551438260123,0.00819383001512577,0.008872476964163276,-0.0006786469490375076,0.016591719437078586,-0.01813906656997094,0.275,0.0018527214231343543,0.001462843360067147,493,1.0,False,0.0,-0.216351067848466
1317286,DES,1161,12,0.28207,21.3456,0.164427,1.0,36.0079,-6.8106,,False,False,True,0.0007589620190985943,-0.0013627232115318243,-0.0009670354101173344,-0.00039568780141449025,0.0016655445106409932,0.0029887822114175434,0.275,0.0021216852306304187,0.0016277871306694747,493,1.0,False,0.0,-0.08461273618926954
310238,PS1MD,1164,12,0.28405,21.3205,0.151751,1.0,35.5268,-3.2333,,False,False,True,0.0002443101022843596,-0.0019130193526598264,-0.001094117558941846,-0.00081890179371798,0.0006055079787396928,0.004192305721352842,0.275,0.002157329454944186,0.001647493843618642,493,1.0,False,0.0,-0.12699021334370117
1334644,DES,1174,12,0.28814,21.4545,0.186062,1.0,35.1072,-5.7725,,False,False,True,0.006455201573011154,0.004224243392085502,0.005085417832580089,-0.0008611744404945871,0.0004612193809714922,-0.009319937560364274,0.275,0.002230958180925652,0.0016882011446095976,493,1.0,False,0.010158472165786265,-0.028329418846231826
1313594,DES,1175,12,0.28844,21.496,0.135178,1.0,34.8329,-5.7894,,False,False,True,0.0028079626604505716,0.0005716038394773804,0.0010052648135476896,-0.0004336609740703096,0.0016355158251541643,-0.0012096278793010638,0.275,0.0022363588209731913,0.0016911870102079558,493,1.0,False,0.015157722244981565,0.010596773036981508
1334597,DES,1179,12,0.28905,21.4233,0.165869,1.0,35.8313,-4.0678,,False,False,True,0.002937986544586487,0.0006906464221832966,0.0011618808123059427,-0.0004712343901226458,0.0027602854797448835,-0.001493042586517902,0.275,0.0022473401224031905,0.0016972582702579518,493,1.0,False,0.44501278772378516,-0.06732900533205396
570056,PS1MD,1183,12,0.29008,21.4768,0.232933,1.0,37.0067,-3.495,,False,False,True,0.0018574480301833032,-0.0004084342897164423,0.0004586068653793789,-0.0008670411550958214,0.0015904817481382073,0.0009244909247653069,0.275,0.0022658823198997455,0.00170750974214565,493,1.0,False,0.0,-0.022629737407561103
1303004,DES,1195,12,0.29504,21.509,0.171668,1.0,35.2946,-6.4631,,False,False,True,0.0014649653890937133,-0.0008902075129253663,3.101144057238809e-05,-0.0009212189534977545,0.0023608375752318736,0.001967897087491067,0.275,0.0023551729020190796,0.0017568760533718457,493,1.0,False,0.0,-0.03240912699564022
1293319,DES,1200,12,0.29695,21.4975,0.208762,1.0,36.0024,-6.4977,,False,False,True,0.00031073903290909486,-0.0020788179440793244,-0.001182566756125487,-0.0008962511879538373,0.0024388119965864964,0.004554893419486425,0.275,0.002389556976988419,0.001775886064348062,493,1.0,False,0.0,-0.05990058244093718
1339002,DES,1213,12,0.30304,21.5674,0.273372,1.0,35.8305,-6.5263,,False,False,True,0.0025992220442850253,0.00010003207433153822,0.0010657411085882224,-0.0009657090342566843,0.0029762586683874455,-0.00018164047362451315,0.32500000000000007,0.002499189969953487,0.0018364991359947414,493,1.0,False,0.0,-0.05550399575764957
1287626,DES,1216,12,0.30404,21.466,0.220442,1.0,35.9318,-5.9612,,False,False,True,0.0005016199143666685,-0.00201557218907862,-0.0011786990450537093,-0.0008368731440249104,0.0027290055401402395,0.004420452806622426,0.32500000000000007,0.0025171921034452885,0.0018464520213226036,493,1.0,False,0.0,-0.1650836615299865
1259412,DES,1219,12,0.30486,21.6488,0.137489,1.0,36.3454,-5.3241,,False,False,True,0.0010140523649953019,-0.001517901487913264,-0.0011079069567805576,-0.0004099945311327065,0.0029308174989815883,0.0033386154276512574,0.32500000000000007,0.002531953852908566,0.0018546133872914508,493,1.0,False,0.8994881340158213,0.011027573806519933
1300516,DES,1234,12,0.31052,21.3667,0.335336,1.0,34.5464,-5.0101,,False,False,True,0.00036959756607201,-0.0022642483624001498,-0.0012150190458657568,-0.0010492293165343936,0.0017087334445602324,0.0049695838680402496,0.32500000000000007,0.00263384592847216,0.00191094671824715,493,1.0,False,0.8908400569530137,-0.31679213300963754
1337838,DES,1239,12,0.31203,21.6973,0.158158,1.0,35.496,-6.4982,,False,False,True,0.0010688393746319182,-0.0015921897754128606,-0.0005426718432986798,-0.001049517932114181,0.002558324875103676,0.0035053451337942777,0.32500000000000007,0.0026610291500447788,0.0019259755750922211,493,1.0,False,0.0,0.0017409434054699996
1294743,DES,1241,12,0.31267,21.7822,0.278167,1.0,36.1025,-4.6749,,False,False,True,0.006743057759047743,0.004070507243568212,0.0050899988442330135,-0.0010194916006648017,0.008824443176704342,-0.008904504143674462,0.32500000000000007,0.0026725505154795316,0.001932345421702053,493,1.0,False,0.9715617715617716,0.08154279099088142
1283878,DES,1243,12,0.31296,21.7665,0.2017,1.0,37.1332,-4.0413,,False,False,True,0.0038414195180575023,0.0011636483838653477,-0.00100106538313762,0.0021647137670029676,0.005527624979577443,-0.0025201133053365087,0.32500000000000007,0.0026777711341921546,0.0019352317584471332,493,1.0,False,0.4583145561063542,0.06353587060669681
1341894,DES,1244,12,0.31303,21.7531,0.174721,1.0,35.3025,-4.6502,,False,False,True,0.012147523175293546,0.009468491891756966,0.00967052197705686,-0.00020203008529989547,0.01394332447758453,-0.020865786470978184,0.32500000000000007,0.0026790312835365798,0.0019359284604200833,493,1.0,False,0.9549514563106796,0.0495793242716482
100163,PS1MD,1252,12,0.31782,21.8208,0.194052,1.0,35.4423,-5.1516,,False,False,True,0.0010913176585320172,-0.0016739438444302898,-0.0008985204918771118,-0.0007754233525531784,0.004211812123232651,0.0036756197830313656,0.32500000000000007,0.002765261502962307,0.0019836027811405425,493,1.0,False,0.98227969348659,0.07946672158052777
1345553,DES,1253,12,0.31804,21.8242,0.165019,1.0,35.3447,-4.668,,False,False,True,0.0029234189993927228,0.00015419702706221923,0.00036388438152623994,-0.00020968735446402049,0.0024875952689701057,-0.0002911778258352536,0.32500000000000007,0.0027692219723305035,0.001985792415912672,493,1.0,False,0.9492667459373761,0.08114272856467238
310188,PS1MD,1256,12,0.31901,21.888,0.17561,1.0,35.2776,-4.5196,,False,False,True,0.006099163429783642,0.0033124793879660912,0.0020566843296652873,0.001255795058300804,0.01091033992271055,-0.007295190049030271,0.32500000000000007,0.002786684041817551,0.0019954467146806984,493,1.0,False,0.9726882559500585,0.13735463006698095
440509,PS1MD,1257,12,0.31901,21.6411,0.20208,1.0,34.8496,-5.4304,,False,False,True,0.00048306629610021145,-0.0023036177457173394,-0.00128420054895955,-0.0010194171967577894,0.0020107846944530283,0.0050588628534668206,0.32500000000000007,0.002786684041817551,0.0019954467146806984,493,1.0,False,0.9904378459989934,-0.10954536993301915
330128,PS1MD,1259,12,0.32104,21.7016,0.154025,1.0,36.8228,-3.8213,,False,False,True,0.002490585526293619,-0.00033264284651228796,0.00022636102557318312,-0.0005590038720854715,0.0007261688869180284,0.0007770120038595009,0.32500000000000007,0.002823228372805907,0.0020156510718962583,493,1.0,False,0.0012903225806451613,-0.06485671891416005
580104,PS1MD,1262,12,0.32223,21.6098,0.155864,1.0,36.1196,-4.9673,,False,False,True,0.0008974591562280358,-0.0019471917554331145,-0.0014148377033192166,-0.0005323540521138983,0.0018114176238514432,0.004286582348891233,0.32500000000000007,0.0028446509116611504,0.002027495005436414,493,1.0,False,0.9205443371378402,-0.16588245113792072
1261579,DES,1263,12,0.32223,21.6244,0.136121,1.0,36.1196,-4.9673,,False,False,True,0.0008974591562280358,-0.0019471917554331145,-0.0014148377033192166,-0.0005323540521138983,0.0018114176238514432,0.004286582348891233,0.32500000000000007,0.0028446509116611504,0.002027495005436414,493,1.0,False,0.9205443371378402,-0.15128245113791922
1305626,DES,1269,12,0.32581,21.7948,0.13912,1.0,35.6546,-4.1333,,False,False,True,0.008814433156972867,0.005903696576944728,0.006365987384267426,-0.0004622908073226993,0.009652037552497888,-0.012943582599910318,0.32500000000000007,0.0029107365800281394,0.0020639879719689756,493,1.0,False,0.6692527562270314,-0.008448154245207326
1306073,DES,1276,12,0.32868,21.847,0.141621,1.0,36.8506,-3.7494,,False,False,True,0.0022667436238018395,-0.0007014629650741928,0.0002289252275987988,-0.0009303881926729919,0.005000134295751109,0.001557871976180683,0.32500000000000007,0.0029682065888760323,0.002095605713796731,493,1.0,False,0.0,0.021854932268834795
540163,PS1MD,1280,12,0.32952,21.9861,0.16024,1.0,36.0723,-3.3093,,False,False,True,0.0007680530097638489,-0.002216974069506687,-0.0014681908201217653,-0.0007487832493849223,0.0023192498738002993,0.004875049043322785,0.32500000000000007,0.002985027079270536,0.00210485968701461,493,1.0,False,0.0,0.15457957921625803
1301933,DES,1281,12,0.32968,21.8501,0.111583,1.0,36.6637,-4.9708,,False,False,True,0.004059490460231434,0.001071259478028612,0.0017381964501815542,-0.0006669369721529423,0.007307052726751381,-0.002335569585139868,0.32500000000000007,0.0029882309822028223,0.00210662234857992,493,1.0,False,0.9570747217806042,0.01736693326930179
1338675,DES,1284,12,0.33056,21.9144,0.21272,1.0,36.7437,-4.9677,,False,False,True,0.0035027444603444183,0.0004968920120140188,0.0005310596659545415,-3.4167653940522704e-05,0.002074669073863541,-0.0010289141897735212,0.32500000000000007,0.0030058524483303995,0.0021163169871891273,493,1.0,False,0.9392426133999168,0.07500710922206096
03D1fc,SNLS,1288,12,0.33103,21.7568,0.134432,1.0,36.4316,-4.1441,,False,False,True,0.001991022059442271,-0.0010242418537517203,-0.0005521130361003735,-0.0004721288176513464,0.004686731654614874,0.002263983729871232,0.32500000000000007,0.003015263913193991,0.002121494805537226,493,1.0,False,0.9690966719492868,-0.08614311710997939
1314897,DES,1300,12,0.33671,21.7837,0.182251,1.0,36.6066,-4.1552,,False,False,True,0.0008394223196966939,-0.0022895801475934733,-0.0016472905761716785,-0.0006422895714217953,0.003026037426787101,0.005034582137763406,0.32500000000000007,0.003129002467290167,0.002184069291105745,493,1.0,False,0.9650637073571722,-0.10178268702059427
320258,PS1MD,1309,12,0.34098,21.8057,0.192415,1.0,34.748,-4.8807,,False,False,True,0.001959130161302877,-0.001255376465492689,-0.00015434493331144142,-0.0011010315321812478,0.005287953221408117,0.0027681519743820663,0.32500000000000007,0.003214506626795566,0.0022311103216299645,493,1.0,False,0.9361167002012073,-0.11132667997103866
1329312,DES,1314,12,0.34487,21.9803,0.169534,1.0,36.2633,-5.5418,,False,False,True,0.0025899291033899203,-0.0007024724134468653,-0.0017100206521914042,0.001007548238744539,0.0037470019938313,0.001586484334454138,0.32500000000000007,0.0032924015168367855,0.002273965030936574,493,1.0,False,0.1799709724238026,0.03485356788723677
03D1bp,SNLS,1316,12,0.34602,22.0788,0.13399,1.0,36.6572,-4.8388,,False,False,True,0.0008955512011871026,-0.002419878367975493,-0.001619915321379473,-0.0007999630465960199,0.0033039078886585643,0.005321033309240702,0.32500000000000007,0.0033154295691625955,0.002286634160937242,493,1.0,False,0.9603836530442035,0.12500873650221406
330089,PS1MD,1319,12,0.34881,22.1191,0.21674,1.0,36.1903,-4.8221,,False,False,True,0.0008542949580313944,-0.0025170026685129485,-0.0013641412806485688,-0.0011528613878643804,0.0009951017339320089,0.005545142985274811,0.32500000000000007,0.003371297626544343,0.002317370571982341,493,1.0,False,0.9196924391285776,0.14516980732309376
560121,PS1MD,1348,12,0.36499,22.2096,0.290313,1.0,36.3388,-4.3953,,False,False,True,0.0044693477242847505,0.0007740554137129225,0.0019699232896004996,-0.001195867875887578,0.012517116133036662,-0.0017689734266436944,0.3750000000000001,0.003695292310571828,0.002495619722774352,493,1.0,False,0.9881342062193126,0.10777920105170596
1308582,DES,1351,12,0.36713,21.9558,0.149493,1.0,37.1372,-4.3728,,False,False,True,0.0010954859239227976,-0.0026426585883683653,-0.0018195809609477431,-0.0008230776274206216,0.003226495620290219,0.005825377476272521,0.3750000000000001,0.0037381445122911627,0.0025191953212103783,493,0.75,True,0.7383309759547383,-0.16073674855285686
04D1hd,SNLS,1353,12,0.36799,22.2169,0.156057,1.0,36.5368,-4.1096,,False,False,True,0.0009962960124721319,-0.0027590694780800715,-0.0020162198773951323,-0.0007428496006849393,0.004158116806006932,0.00607182980605732,0.3750000000000001,0.003755365490552203,0.0025286696271239213,493,1.0,False,0.8856447688564477,0.09447177739347284
320469,PS1MD,1364,12,0.37095,22.1568,0.389586,1.0,34.4183,-4.8371,,False,False,True,0.000945968776269426,-0.0028686689185300806,-0.0012784897786857815,-0.0015901791398442993,0.0006895071457751952,0.006329921089526394,0.3750000000000001,0.0038146376947995066,0.0025612788660821636,493,1.0,False,0.9911090313523632,0.014191364832577054
1282736,DES,1371,12,0.37805,22.1068,0.221544,1.0,35.8093,-6.2681,,False,False,True,0.0024379801127286504,-0.0015143282520882692,-0.001134660995342986,-0.0003796672567452832,0.001884518512486495,0.00338655226542615,0.3750000000000001,0.00395230836481692,0.002645570982670821,493,1.0,False,0.0,-0.0836115762190735
320099,PS1MD,1374,12,0.37997,22.1624,0.161555,1.0,36.0675,-3.916,,False,False,True,0.004114494745881659,0.00012657392076169047,0.0017539957676618052,-0.0016274218469001147,0.0043097929295155294,-0.00021343909166799194,0.3750000000000001,0.003987920825119969,0.0026705465603023416,493,1.0,False,0.18791946308724833,-0.0407953566234907
1343401,DES,1381,12,0.38291,22.1148,0.204813,1.0,34.5721,-5.6549,,False,False,True,0.0008932978178368841,-0.0031491545871221295,-0.0020547678827042525,-0.0010943867044178775,0.003482612926652869,0.0069366549737535175,0.3750000000000001,0.004042452404959014,0.0027087904135506087,493,1.0,False,0.4063588850174216,-0.10785471730926571
580312,PS1MD,1395,12,0.40293,22.2948,0.289144,1.0,35.2534,-4.8171,,False,False,True,0.0011107876500923263,-0.0033029988461516146,-0.0015256275681303604,-0.0017773712780212547,0.0030805228008312117,0.007294831748924052,0.42500000000000016,0.004413786496243941,0.002969212842812617,493,1.0,False,0.9761036857027137,-0.019566280110325164
1329615,DES,1396,12,0.40368,22.363,0.212116,1.0,35.4427,-5.6398,,False,False,True,0.0006523021052900197,-0.0037753955082598,-0.002336288358318341,-0.00143910714994146,0.0045117650925593335,0.00831314988159491,0.42500000000000016,0.00442769761354982,0.00297896892782493,493,0.95,False,0.16600616468516072,0.04392028093396424
450339,PS1MD,1403,12,0.40935,22.4531,0.273629,1.0,36.2874,-3.3534,,False,False,True,0.008020623824023222,0.003487758163640957,0.004451847389472884,-0.0009640892258319259,0.006874335220078837,-0.0075538203964845944,0.42500000000000016,0.004532865660382265,0.0030527249305180165,493,1.0,False,0.0,0.09864806945482858
1345594,DES,1422,12,0.42249,22.4266,0.274122,1.0,33.8987,-5.5998,,False,False,True,0.006377592493980538,0.0016010040583992755,-0.0012266574155022033,0.0028276614739014792,0.010017842014677984,-0.0034761408730684604,0.42500000000000016,0.004776588435581263,0.00322365153993374,493,1.0,False,0.4188295165394402,-0.008103398745429572
1302523,DES,1425,12,0.42399,22.4734,0.131426,1.0,36.3176,-4.6598,,False,False,True,0.012280187281242572,0.007475776611049551,0.003354983741281273,0.00412079286976828,0.015197163681021732,-0.016499530864855894,0.42500000000000016,0.004804410670193021,0.0032431637099583663,493,1.0,False,0.9317548746518106,0.029683819140594113
1295027,DES,1427,12,0.42568,22.4509,0.193594,1.0,35.4327,-6.9406,,False,False,True,0.004978750556358659,0.00014334944207156346,0.002142491956028419,-0.001999142513956855,0.006661942965412777,-0.00023088735288205077,0.42500000000000016,0.004835401114287096,0.0032635046966690982,493,1.0,False,0.0,-0.00293505117167551
440236,PS1MD,1433,12,0.42895,22.3913,0.191504,1.0,37.1019,-4.4246,,False,False,True,0.0007187037312330437,-0.004175638200729717,-0.0026604269186636382,-0.00151521128206608,0.003480887851049975,0.009212111051521017,0.42500000000000016,0.004894341931962761,0.0032981416534100818,493,0.7,True,0.9078850405305822,-0.08200829231056499
04D1rh,SNLS,1437,12,0.43494,22.5298,0.181679,1.0,36.9464,-4.2538,,False,False,True,0.0006343315374487814,-0.004367978436678275,-0.0026128569142070883,-0.001755121522471187,0.005132763306964325,0.009621238983960067,0.42500000000000016,0.005002309974127057,0.0033615897790609975,493,1.0,False,0.979982206405694,0.021176828089526555
1310338,DES,1442,12,0.4389,22.2149,0.209461,1.0,35.042,-6.3767,,False,False,True,0.0019875869617246075,-0.0030861008833491287,-0.0013282641119966956,-0.0017578367713524333,0.0047360849979768745,0.006841696976907911,0.42500000000000016,0.005073687845073736,0.0034035354514445745,493,1.0,False,0.0,-0.3168216522125851
560027,PS1MD,1443,12,0.43891,22.4152,0.278656,1.0,35.8506,-3.0839,,False,False,True,0.0014604904261970907,-0.0036133776660255013,-0.002327269744295682,-0.001286107921729819,0.0037254850000806783,0.00800085609956645,0.42500000000000016,0.005073868092222592,0.0034036413748596847,493,1.0,False,0.0,-0.11657973517326407
1291080,DES,1451,12,0.44391,22.5539,0.289089,1.0,35.6846,-6.0636,,False,False,True,0.0201296491700904,0.014965657503440182,-0.001721960257148329,0.01668761776058851,0.01273815362958213,-0.03298748626126702,0.42500000000000016,0.005163991666650217,0.0034566030824147065,493,1.0,False,0.0,-0.006767648030763055
1339149,DES,1472,12,0.46887,22.5101,0.232472,1.0,35.555,-5.8717,,False,False,True,0.0017922253550400635,-0.00382166319515286,-0.0019310103822306615,-0.001890652812922198,0.003289928520520235,0.00848639572486375,0.4750000000000001,0.005613888550192923,0.0037209879265293734,493,1.0,False,0.0,-0.20622487888995233
05D1ix,SNLS,1485,12,0.48888,22.8312,0.197899,1.0,36.0832,-4.67,,False,False,True,0.00509264373365902,-0.0008852580001907015,0.0014420166636391926,-0.002327274663829894,0.008229492128651558,0.002049988333450702,0.4750000000000001,0.005977901733849721,0.003957131509375588,493,1.0,False,0.9703016241299304,0.007731891432128945
1305504,DES,1488,12,0.49566,22.8923,0.117866,1.0,36.0584,-5.1646,,False,False,True,0.0026960778510390334,-0.003405662283383443,-0.0019449527061028665,-0.0014607095772805763,0.0038283593843403013,0.0076043644185776905,0.4750000000000001,0.006101740134422476,0.0040407641426048295,493,1.0,False,0.9211229946524064,0.03345931214807086
03D1ax,SNLS,1489,12,0.49579,22.8287,0.151559,1.0,36.0972,-4.7207,,False,False,True,0.006506552116480768,0.0004024374994514388,-0.0028824235077172466,0.003284861007168686,0.0035113989472385933,-0.0007614713607867404,0.4750000000000001,0.0061041146170293294,0.004042367718168223,493,1.0,False,0.9675925925925926,-0.030814477982034506
1337272,DES,1493,12,0.50282,22.908,0.216875,1.0,34.1284,-5.6806,,False,False,True,0.003795915130765399,-0.0024366041995421703,8.924742834919789e-05,-0.002525851627891368,0.001064596953603706,0.005514325464914144,0.5250000000000001,0.006232519330307569,0.004129084150557835,493,1.0,False,0.3727810650887574,0.032673688901175196
03D1au,SNLS,1496,12,0.50316,22.8914,0.227088,1.0,36.0432,-4.0375,,False,False,True,0.002685140343508401,-0.003553589172078628,-0.0010167515387187556,-0.0025368376333598725,0.007206885821163725,0.007911062697143579,0.5250000000000001,0.006238729515587029,0.004133278117415939,493,1.0,False,0.5028997514498758,0.014335371674265601
04D1pg,SNLS,1505,12,0.51387,23.0037,0.358645,1.0,36.7673,-4.1753,,False,False,True,0.012523621086581506,0.006089270734691497,-0.0013871915372773475,0.007476462271968845,0.009750465322881737,-0.013244602325878355,0.5250000000000001,0.0064343503518900095,0.004265388073446202,493,1.0,False,0.9730082716586852,0.07243562618346469
1334470,DES,1509,12,0.51883,22.9419,0.248961,1.0,35.0537,-4.9472,,False,False,True,0.0037116673919943733,-0.00281327860397246,-0.0005516252367447536,-0.0022616533672277055,0.009828572460861159,0.0062540940833526095,0.5250000000000001,0.006524945995966833,0.004326570648787949,493,1.0,False,0.9614035087719298,-0.01410645840329569
310260,PS1MD,1510,12,0.51885,22.9294,0.207812,1.0,36.1689,-5.1043,,False,False,True,0.009399255269574698,0.002873943968591427,-0.0023350857606038652,0.005209029729195291,0.013009477679815752,-0.006260956979914127,0.5250000000000001,0.006525311300983271,0.004326817352720779,493,1.0,False,0.8831168831168831,-0.026705773822877504
1322229,DES,1515,12,0.5262,22.9172,0.221632,1.0,35.9264,-4.0189,,False,False,True,0.006111051196450132,-0.0005486279399706919,0.0020782208084834603,-0.0026268487484541526,0.013802873958340319,0.001209772865840255,0.5250000000000001,0.006659679136420824,0.004415159981079809,493,1.0,False,0.36230706742485785,-0.07516250705401181
05D1ee,SNLS,1539,12,0.55782,23.1859,0.193312,1.0,36.1948,-4.0005,,False,False,True,0.0011001824596405842,-0.006140159581737333,-0.003152294184648196,-0.0029878653970891356,0.0003961589791028083,0.01364206695914654,0.5750000000000002,0.007240342041377917,0.004744038784596614,493,1.0,False,0.498948254101809,0.027743754281885635
05D1kl,SNLS,1540,12,0.55882,23.4801,0.382347,1.0,36.1397,-4.319,,False,False,True,0.006746751613661216,-0.0005119542134522179,0.0007363967142495556,-0.0012483509277017735,0.013780570536153357,0.0011809820090288164,0.5750000000000002,0.007258705827113434,0.004754439758774881,493,1.0,False,0.9496587030716723,0.3173096607090035
04D1hx,SNLS,1541,12,0.55882,23.0445,0.35519,1.0,36.1771,-4.7903,,False,False,True,0.0026266079837423996,-0.004632097843371034,-0.0025420834368150734,-0.002090014406555961,0.0024530763180651326,0.010357574379269659,0.5750000000000002,0.007258705827113434,0.004754439758774881,493,0.975,False,0.9202867988190637,-0.11829033929099736
1303952,DES,1543,12,0.56269,23.3486,0.263864,1.0,35.8718,-6.9219,,False,False,True,0.0027331757456720133,-0.004596597932237878,-0.0028216997857557526,-0.0017748981464821248,0.011422364097985272,0.010149466912422038,0.5750000000000002,0.007329773677909891,0.0047946915288447755,493,1.0,False,0.0,0.1679492454930906
05D1cc,SNLS,1544,12,0.56283,23.1766,0.233154,1.0,36.6299,-4.1648,,False,False,True,0.003918416602888948,-0.0034139280050239154,-0.0021995081909508096,-0.001214419814073107,0.0061910536320147315,0.007671812986704957,0.5750000000000002,0.0073323446079128635,0.004796147665229733,493,1.0,False,0.9658997534921939,-0.004694689799482454
1338278,DES,1547,12,0.56437,23.1439,0.295284,1.0,34.43,-4.976,,False,False,True,0.002063155718060915,-0.0052974691198846464,-0.0037545852822212012,-0.0015428838376634452,0.006260959574488223,0.011780727422574577,0.5750000000000002,0.0073606248379455615,0.004812165165464264,493,1.0,False,0.9295977011494253,-0.04446800316328875
05D1dn,SNLS,1548,12,0.56481,23.2343,0.190849,1.0,36.111,-4.9916,,False,False,True,0.03492392679013728,0.02755522188646809,0.006093471518209872,0.021461750368258217,0.028938083995678206,-0.061772281406688154,0.5750000000000002,0.007368704903669191,0.004816741594102702,493,1.0,False,0.9206698986337594,0.04391440112208017
05D1dx,SNLS,1557,12,0.57882,23.1742,0.212684,1.0,36.9458,-4.0325,,False,False,True,0.0035312145216112073,-0.004093842455278484,-0.0012427518374006057,-0.0028510906178778766,0.01402316047102269,0.008997670326438466,0.5750000000000002,0.0076250569768896905,0.00496971352458237,493,1.0,False,0.5971001757469244,-0.07966260111528484
03D1aw,SNLS,1561,12,0.5808,23.4531,0.238297,1.0,36.0616,-4.5172,,False,False,True,0.01171989494820851,0.004058956900318919,0.007089008758411779,-0.0030300518580928582,0.010668908857314667,-0.008748462537678473,0.5750000000000002,0.007660938047889591,0.00499406752644996,493,1.0,False,0.9328223624887286,0.1903838595337281
04D1jg,SNLS,1562,12,0.58301,23.2878,0.165845,1.0,36.5523,-4.1348,,False,False,True,0.0017957179990193473,-0.005905269123067106,-0.0037962872847402116,-0.0021089818383268934,0.005105643201834636,0.013135657462477562,0.5750000000000002,0.007700987122086453,0.005021250528534493,493,1.0,False,0.9378280177634235,0.015235573154072035
04D1kj,SNLS,1564,12,0.58382,23.2235,0.196641,1.0,36.9694,-4.1803,,False,False,True,0.008187131872053253,0.0004714661300122946,-0.0023551496139527315,0.0028266157439650274,0.011363721974071025,-0.0009206088641093707,0.5750000000000002,0.007715665742040958,0.005031213529298507,493,1.0,False,0.961250550418318,-0.05266512657471295
04D1sa,SNLS,1565,12,0.58382,23.3959,0.182769,1.0,36.984,-4.1761,,False,False,True,0.010577882322276935,0.0028622165802359763,-0.002983737896524228,0.005845954476760206,0.006746507487034844,-0.0060567941312595075,0.5750000000000002,0.007715665742040958,0.005031213529298507,493,1.0,False,0.9513415188722146,0.11973487342528671
05D1hm,SNLS,1567,12,0.58582,23.454,0.371991,1.0,36.9426,-4.7173,,False,False,True,0.001651671527391818,-0.006100237720709646,-0.004164379917463238,-0.0019358578032464074,0.008635032468626192,0.013508656354110832,0.5750000000000002,0.007751909248101464,0.005055813531184961,493,1.0,False,0.8914903196758217,0.1689644869788826
04D1oh,SNLS,1569,12,0.58879,23.2491,0.218369,1.0,36.2598,-4.2362,,False,False,True,0.005748119438493348,-0.002057611416107971,-0.0020713679052175677,1.3756489109597626e-05,0.01161391552618336,0.004606766164624422,0.5750000000000002,0.007805730854601319,0.005092344533986347,493,1.0,False,0.9746233148295004,-0.04905523044827148
1338233,DES,1573,12,0.60155,23.5032,0.393855,1.0,35.1227,-5.5293,,False,False,True,0.0033037549020035637,-0.004733209521263789,-0.0016382161933639321,-0.003094993327899856,0.006418874075653232,0.010600165695216865,0.6250000000000002,0.008036964423267352,0.0052492925460219265,493,1.0,False,0.5307625649913345,0.16702131122074163
1335564,DES,1575,12,0.60626,23.3628,0.273748,1.0,35.1281,-6.4465,,False,False,True,0.007251344214889966,-0.0008709736651498811,0.0020608785808462144,-0.0029318522459960954,0.002474016499302188,0.002205327023829872,0.6250000000000002,0.008122317880039847,0.005307225550464528,493,1.0,False,0.0,0.006358138104067296
1332413,DES,1578,12,0.60878,23.3649,0.229166,1.0,36.2749,-5.853,,False,False,True,0.01162025044411739,0.003452265746441306,-0.003610078391652553,0.007062344138093859,0.016959173267620625,-0.007558529221026306,0.6250000000000002,0.008167984697676085,0.005338221552841459,493,1.0,False,0.0,-0.0023219965543522514
1295305,DES,1582,12,0.61177,23.448,0.162208,1.0,36.2434,-4.2509,,False,False,True,0.004130722547074358,-0.004091446192162184,-0.0024432834368579718,-0.0016481627553042132,0.008945394183526514,0.009171130044386622,0.6250000000000002,0.008222168739236542,0.00537499855566171,493,1.0,False,0.976078431372549,0.06804214291314095
05D1ck,SNLS,1583,12,0.61577,23.4555,0.346221,1.0,36.1035,-4.7128,,False,False,True,0.03410850230411188,0.025813846552754323,-0.0037982868252366916,0.02961213337799102,0.014494766316962815,-0.05720764798708654,0.6250000000000002,0.008294655751357558,0.005424198559434618,493,1.0,False,0.9664804469273743,0.05859639322261315
1308957,DES,1584,12,0.61875,23.4634,0.387817,1.0,35.1339,-6.624,,False,False,True,0.004217217880323921,-0.0041314406950637905,-0.0014541688961364442,-0.002677271798927347,0.003547901292726579,0.00933284503184073,0.6250000000000002,0.008348658575387712,0.0054608525622454355,493,1.0,False,0.0,0.0539396982800521
05D1cb,SNLS,1591,12,0.63077,23.4102,0.201051,1.0,36.7377,-4.1176,,False,False,True,0.010938839050827797,0.0023572005147198156,-0.0035673358994475547,0.005924536414167372,0.017280071466661866,-0.0051727798585340865,0.6250000000000002,0.008581638536107982,0.005626222297258959,493,1.0,False,0.8954602249062891,-0.049331177695767975
1330642,DES,1594,12,0.63399,23.3442,0.145119,1.0,37.0406,-4.0471,,False,False,True,0.007459019845921445,-0.0011894289490748215,2.4913079356566996e-05,-0.0012143420284313894,0.009700089649691013,0.002829419830554368,0.6250000000000002,0.008648448794996266,0.00567560757070109,493,1.0,False,0.643621766280107,-0.12859023794972488
04D1pu,SNLS,1595,12,0.63777,23.2768,0.442055,1.0,36.8686,-4.7449,,False,False,True,0.0027874084284630384,-0.005939469800880345,-0.004076172030183658,-0.0018632977706966873,0.01525049177801091,0.013051218297215932,0.6250000000000002,0.008726878229343383,0.005733581587350547,493,1.0,False,0.9163346613545816,-0.21147360292877168
1337325,DES,1598,12,0.63873,23.5274,0.26025,1.0,35.135,-4.6525,,False,False,True,0.009843079317737567,0.001096282501893326,-0.0032205659999080885,0.0043168485018014145,0.015927204372639638,-0.0023501357886392647,0.6250000000000002,0.00874679681584424,0.005748305147134538,493,1.0,False,0.9888705688375927,0.035208040162265336
1338266,DES,1605,12,0.64852,23.7867,0.271027,1.0,34.905,-5.8691,,False,False,True,0.007531698763659721,-0.0014182261374380374,0.0003451125151731722,-0.00176333865261121,0.007870397368857559,0.003375196827062204,0.6250000000000002,0.008949924901097759,0.005898454782848347,493,1.0,False,0.0,0.2548665020252815
04D1sk,SNLS,1608,12,0.66213,23.7263,0.278466,1.0,36.0949,-4.3536,,False,False,True,0.006601821212355096,-0.0026304911494475017,0.0005642877193386677,-0.0031947788687861707,0.016365734222481176,0.005845189274173546,0.6750000000000002,0.009232312361802598,0.006107191916869281,493,1.0,False,0.9444444444444444,0.10619469097890051
03D1co,SNLS,1611,12,0.67773,23.9721,0.310626,1.0,36.5677,-4.9351,,False,False,True,0.009583512686071225,2.471559120539174e-05,0.002916734537884212,-0.002892018946678821,0.011075423769495739,0.00019863755267718677,0.6750000000000002,0.009558797094865833,0.006335974946308833,493,1.0,False,0.9542670477746019,0.29119694392426015
05D1ke,SNLS,1615,12,0.68872,23.5607,0.224893,1.0,36.6929,-4.8625,,False,False,True,0.00458140429344325,-0.005216721921869342,-0.0018883231185355125,-0.003328398803333832,0.007762173269376958,0.011743322842713951,0.6750000000000002,0.009798126215312591,0.006462361178498936,493,1.0,False,0.9603796945934792,-0.1622352907335506
04D1si,SNLS,1626,12,0.7007,23.664,0.221555,1.0,36.2033,-4.569,,False,False,True,0.0016395310383582643,-0.008419483517532328,-0.004413868173144775,-0.004005615344387553,0.005086458829154192,0.018787740681865388,0.7250000000000002,0.010059014555890592,0.006600132521687058,493,1.0,False,0.9542697153523099,-0.08866391329691772
1331993,DES,1632,12,0.71968,23.9108,0.202759,1.0,35.9718,-4.4593,,False,False,True,0.004961513246700888,-0.005510828579988572,-0.002271405414758177,-0.0032394231652303953,0.006192601348910885,0.012464660716492772,0.7250000000000002,0.01047234182668946,0.006818404649709641,493,1.0,False,0.9624413145539906,0.08818900097102564
04D1aj,SNLS,1633,12,0.71969,23.717,0.34116,1.0,36.4748,-4.9946,,False,False,True,0.02278816013985726,0.012315600543267484,0.012033911984925627,0.00028168855834185495,0.03579076334285297,-0.028186624439624716,0.7250000000000002,0.010472559596589775,0.006818519650830835,493,1.0,False,0.9392931392931393,-0.10564738265549614
1304127,DES,1638,12,0.72866,23.752,0.282209,1.0,35.1805,-6.9511,,False,False,True,0.009761615037344608,-0.0009044698632995011,0.0025199036825699532,-0.0034243735458694535,0.011896398601019927,0.002282662547037087,0.7250000000000002,0.010666084900644109,0.006925736474666065,493,1.0,False,0.0,-0.10308920666074975
04D1pp,SNLS,1641,12,0.73368,23.7315,0.194032,1.0,36.302,-4.7016,,False,False,True,0.012206184769922322,0.0014332678406788462,0.0008685459597467093,0.0005647218809321352,0.01080788855136381,-0.0028151264642350925,0.7250000000000002,0.010772916929243476,0.006989036793513281,493,1.0,False,0.9307974335472043,-0.14157769879149576
05D1eo,SNLS,1644,12,0.73568,23.9277,0.255688,1.0,36.3464,-4.6427,,False,False,True,0.013476097057332236,0.0026606175668937946,-0.005348309513470468,0.008008927080364263,0.018311912617609654,-0.0057584423503122435,0.7250000000000002,0.010815479490438441,0.00701425604405002,493,1.0,False,0.9425022999080037,0.04748856990149783
05D1if,SNLS,1657,12,0.76165,23.878,0.238347,1.0,36.1239,-4.5703,,False,False,True,0.006338525669189834,-0.005029628678365253,-0.0006110216963215306,-0.004418606982043724,0.007989752898972231,0.011468018526408887,0.7750000000000002,0.011368154347555087,0.007341728012269578,493,1.0,False,0.947539461467038,-0.05018984211964218
04D1qd,SNLS,1658,12,0.76566,23.9839,0.223812,1.0,36.6378,-4.1072,,False,False,True,0.011769961949869265,0.0003164696671182701,-0.005219253438554017,0.005535723105672287,0.02695737404551872,-0.0009771933263396718,0.7750000000000002,0.011453492282750995,0.007392292609595739,493,1.0,False,0.8678485092667204,0.04193089301355789
04D1de,SNLS,1659,12,0.76666,24.1694,0.2487,1.0,36.6496,-4.4226,,False,False,True,0.012937881175804588,0.00146310761245611,0.00251502521768198,-0.0010519176052258715,0.010457360366846543,-0.002820446446194575,0.7750000000000002,0.011474773563348478,0.007404902234864109,493,1.0,False,0.9769681742043551,0.22400553081791663
04D1pc,SNLS,1662,12,0.76865,24.0399,0.310504,1.0,36.6037,-4.3994,,False,False,True,0.006790603957420976,-0.004726519354316496,-0.0011313486054038624,-0.003595170748912634,0.01056069216696472,0.010757652380232007,0.7750000000000002,0.011517123311737472,0.007429995389148165,493,1.0,False,0.9890350877192983,0.08770188796380728
04D1ks,SNLS,1669,12,0.79662,23.6496,0.371115,1.0,36.0396,-4.9787,,False,False,True,0.011049398760692306,-0.0010585880659203135,-0.004306093428201593,0.003247505362281279,0.010736176784144114,0.0027694660367496918,0.7750000000000002,0.01210798682661262,0.007806142617792559,493,1.0,False,0.9365148861646234,-0.396463217007308
03D1fq,SNLS,1670,12,0.79863,24.1808,0.286876,1.0,36.7319,-4.3022,,False,False,True,0.009174019442045505,-0.0029763361190718804,-0.002210701703924003,-0.0007656344151478773,0.02151270293035839,0.0065793577404818365,0.7750000000000002,0.012150355561117385,0.007833668657453169,493,1.0,False,0.9786212914485166,0.12811487066914118
SCP05D0,SNAP,1676,12,1.01242,24.8647,0.36609,1.0,35.4253,-3.3648,,False,True,True,0.012218537544675084,-0.004385021273851014,0.0020169210795308173,-0.006401942353381827,0.015601452702919051,0.010352671685571295,1.0250000000000004,0.0166035588185261,0.010396324385577208,493,1.0,False,0.0,0.0
SCP05D6,SNAP,1687,12,1.31317,25.5337,0.315195,1.0,35.4437,-3.3823,,False,True,True,0.026236887774192797,0.004284795104430205,-0.005186607091694842,0.009471402196125044,0.013402367636580344,-0.008157508882050996,1.3250000000000006,0.021952092669762592,0.014135025783530378,493,1.0,False,0.0,-0.04112993716813659
100405,PS1MD,744,3,0.10294,18.9285,0.184283,1.0,53.6285,-27.3206,,False,False,True,2.7652296007099507e-05,-0.0005011032665632501,-0.0004061462574142554,-9.495700914899477e-05,0.00028139885968045175,0.0010934513955411257,0.125,0.0005287555625703497,0.00030637785910545923,498,1.0,False,0.8062654575432812,-0.11665309993505328
090275,PS1MD,804,3,0.13955,19.7683,0.143245,1.0,54.0721,-28.0515,,False,False,True,0.0006537439715484811,-6.14806365010675e-05,-0.0005012903004839741,0.00043980966398290684,6.6038703593755e-05,0.0001311351725126976,0.125,0.0007152246080495486,0.0004210116487941908,498,1.0,False,0.9645075421472937,0.013902114589001436
440008,PS1MD,816,3,0.14652,19.905,0.185624,1.0,52.6735,-28.8632,,False,False,True,0.0032676581809206267,0.002463107851428465,-0.0005204513620270187,0.002983559213455484,0.00023672702519354633,-0.005364917943402978,0.125,0.0008045503294921614,0.0004759255672911295,498,1.0,False,0.9830004249893752,0.03582060355475765
1316385,DES,817,3,0.14737,19.7624,0.19564,1.0,53.526,-27.6321,,False,False,True,8.26151076859852e-05,-0.0007328286024699095,-0.0005533578733770035,-0.00017947072909290577,7.992607000759089e-05,0.0016026936077610963,0.125,0.0008154437101558947,0.00048262238662002445,498,1.0,False,0.9778270509977827,-0.12042508180838833
1299775,DES,843,3,0.16004,19.7898,0.269298,1.0,53.4389,-29.6767,,False,False,True,0.00038087559330140727,-0.0005969435674538994,-0.0005088794175209879,-8.80641499329113e-05,0.000785002553723082,0.001310616217080103,0.17500000000000004,0.0009778191607553066,0.0005824443876754352,498,1.0,False,0.0,-0.24302541645674408
1303279,DES,863,3,0.1727,20.0146,0.149932,1.0,54.9068,-27.813,,False,False,True,0.00015436229892600305,-0.0009857041550091427,-0.0006437590271990425,-0.0003419451278101001,0.0005072584775998665,0.0021587036803054085,0.17500000000000004,0.0011400664539351457,0.0006821876026210944,498,1.0,False,0.0,-0.19925557478899775
1347120,DES,884,3,0.17952,20.2979,0.279272,1.0,52.8899,-28.9121,,False,False,True,0.001473882120260554,0.0002452496146594062,0.0003144081952900252,-6.915858063061861e-05,0.0010034854411410236,-0.0005180171102251584,0.17500000000000004,0.0012286325056011479,0.000749967353508894,498,1.0,False,0.9912510936132983,-0.008404402493033251
1303496,DES,886,3,0.17975,20.3432,0.207177,1.0,53.8482,-29.5918,,False,False,True,0.0006419008399701433,-0.0005897384497875863,-0.0007720692254732962,0.0001823307756857102,0.002502171327979548,0.00129356773323293,0.17500000000000004,0.0012316392897577296,0.0007524942467607363,498,1.0,False,0.0,0.03383524054475901
1339392,DES,896,3,0.18145,20.1423,0.233619,1.0,54.1245,-28.5698,,False,False,True,0.000273142597037405,-0.0009807207495298445,-0.000687269133516133,-0.00029345161601371125,0.00017057990855648463,0.0021511158914893956,0.17500000000000004,0.0012538633465672495,0.0007711712838395732,498,1.0,False,0.9484251968503937,-0.1895722862353662
440643,PS1MD,921,3,0.18952,20.5094,0.237114,1.0,53.6036,-26.7739,,False,False,True,0.00019625638370186993,-0.0011631058678376297,-0.0007399295736279102,-0.00042317629420971924,0.000830354656644452,0.0025493565999003603,0.17500000000000004,0.0013593622515394995,0.0008598322775020513,498,1.0,False,0.0,0.07329236938490341
1253920,DES,929,3,0.19553,20.4581,0.154272,1.0,54.6293,-27.0428,,False,False,True,0.00103564459422337,-0.00040228623462507953,5.046368424917744e-05,-0.00045274991887425653,0.0009908293407543895,0.0008977211816766735,0.17500000000000004,0.0014379308288484495,0.0009258610968219392,498,1.0,False,0.0,-0.052984591109476446
1302058,DES,938,3,0.19782,20.239,0.187234,1.0,53.3964,-29.1906,,False,False,True,0.00032427538116944996,-0.0011435925594988818,-0.0007659035080969476,-0.00037768905140193415,0.0012543472410622303,0.002507242255427373,0.17500000000000004,0.0014678679406683317,0.0009510201644163721,498,1.0,False,0.2993258426966292,-0.30009031451563756
110460,PS1MD,945,3,0.19953,20.5981,0.252789,1.0,53.8448,-27.8403,,False,False,True,0.0001389590349024637,-0.0013512636923213267,-0.0009566375742368603,-0.00039462611808446617,0.0011812201014109766,0.002960883007009439,0.17500000000000004,0.0014902227272237903,0.0009698070664192023,498,0.925,False,0.9819277108433735,0.03829301077047904
1283373,DES,966,3,0.20751,20.8195,0.146505,1.0,54.9467,-26.7304,,False,False,True,0.0002988230127643909,-0.0012957220517182044,-0.0008152100943315734,-0.0004805119573866307,0.0016958347473885063,0.0028423687698336227,0.22500000000000003,0.0015945450644825952,0.001057479275765742,498,1.0,False,0.0,0.16023633953735505
1257366,DES,978,3,0.21134,20.8885,0.264746,1.0,53.8996,-26.9693,,False,False,True,0.000716315133952306,-0.000928299423224678,-0.0009381438453770708,9.844422152392859e-06,0.00233903835607123,0.0020436560195073996,0.22500000000000003,0.001644614557176984,0.0010995575416551213,498,1.0,False,0.0,0.18505200366399344
1249851,DES,986,3,0.21507,20.6295,0.477123,1.0,55.218,-29.4,,False,False,True,0.0003741415669806673,-0.001319235185431322,-0.0007801783483304071,-0.0005390568371009147,0.000771303228819967,0.0028982852560738848,0.22500000000000003,0.0016933767524119894,0.0011405371583045692,498,1.0,False,0.0,-0.1162698405061321
100206,PS1MD,989,3,0.2165,20.5723,0.138936,1.0,52.5182,-28.2567,,False,False,True,0.00020183911719071898,-0.0015102319888904547,-0.0009482495006235568,-0.0005619824882668978,0.0006284373764233597,0.00331387730514722,0.22500000000000003,0.0017120711060811737,0.0011562478424355905,498,1.0,False,0.91921726041144,-0.18951465118985034
1290816,DES,994,3,0.21845,20.9686,0.202626,1.0,54.1725,-27.84,,False,False,True,0.0005216361329292488,-0.0012159272736099037,-0.0011042931184826361,-0.00011163415512726726,0.0034767885994283028,0.00266344758289785,0.22500000000000003,0.0017375634065391525,0.0011776715026142563,498,1.0,False,0.972457627118644,0.18506382773921992
1304678,DES,995,3,0.21881,20.8886,0.24612,1.0,54.8701,-27.6439,,False,False,True,0.0005876912201061677,-0.0011545784572867654,-0.0005730709468680739,-0.0005815075104186912,0.0024797035215995563,0.0025365277038843347,0.22500000000000003,0.001742269677392933,0.0011816266398780098,498,1.0,False,0.0,0.10107338517655429
1302187,DES,999,3,0.21941,20.7518,0.20721,1.0,52.1619,-27.1421,,False,False,True,0.00032450486023720583,-0.0014256086019120281,-0.0008491448936799947,-0.0005764637082320333,8.519631273683719e-05,0.003131534306040231,0.22500000000000003,0.001750113462149234,0.0011882185353175993,498,1.0,False,0.966900702106319,-0.042363835702233454
1304442,DES,1013,3,0.22449,20.8763,0.195353,1.0,52.1631,-28.1083,,False,False,True,0.0001977093247880895,-0.0016188148482978275,-0.0010135207221854832,-0.0006052941261123439,0.0008085013212815225,0.003552378244788068,0.22500000000000003,0.001816524173085917,0.0012440299167061233,498,1.0,False,0.9775853285787061,0.026606249770526284
000006,PS1MD,1027,3,0.23041,21.0532,0.258704,1.0,53.3665,-28.3715,,False,False,True,0.0001646896978233039,-0.0017517729825554402,-0.001252421658202386,-0.0004993513243530543,0.001218133629146732,0.003841765482555443,0.22500000000000003,0.001916462680378744,0.0013177613430713447,498,1.0,False,0.9954841946813848,0.14024600277126986
110536,PS1MD,1040,3,0.23472,20.9382,0.326877,1.0,54.3325,-26.9017,,False,False,True,0.0005602142841616295,-0.0014305550988007332,-0.0008007399120588197,-0.0006298151867419132,0.000692794676321375,0.0031478965137354278,0.22500000000000003,0.0019907693829623626,0.0013720373206482705,498,1.0,False,0.0,-0.01986905426340335
470008,PS1MD,1053,3,0.2395,20.6529,0.206653,1.0,53.0828,-29.0138,,False,False,True,0.001231805761667889,-0.0008413733749718974,-0.00039338096321494013,-0.0004479924117569573,0.0011132391842665114,0.0018698594288209108,0.22500000000000003,0.0020731791366397864,0.0014322320243182717,498,1.0,False,0.9628406275805119,-0.3543145810797136
460064,PS1MD,1058,3,0.24151,20.8684,0.182146,1.0,53.7742,-26.7649,,False,False,True,0.00033327651716167717,-0.0017745560933048084,-0.0010700351210122458,-0.0007045209722925626,0.0013811507408601304,0.0038975359041056833,0.22500000000000003,0.0021078326104664855,0.0014575440231418496,498,1.0,False,0.0,-0.1592094177246154
1330426,DES,1113,3,0.25952,21.189,0.167819,1.0,53.9704,-28.6924,,False,False,True,0.0005874145511084014,-0.0018309200810590054,-0.0013416484246259808,-0.0004892716564330245,0.001352200212052947,0.00403041157368647,0.275,0.002418334632167407,0.001684344569814804,498,1.0,False,0.6348,-0.03610137921355702
110478,PS1MD,1130,3,0.2646,21.2623,0.196115,1.0,53.5803,-27.5689,,False,False,True,0.000741241739789901,-0.001764674806327572,-0.0009170067410855199,-0.0008476680652420519,0.0009060673566108234,0.0038900635010861336,0.275,0.002505916546117473,0.0017483171837569813,498,1.0,False,0.9795117698343505,-0.010408967977246854
1309288,DES,1136,3,0.26791,21.2573,0.200253,1.0,54.6449,-29.1944,,False,False,True,0.0005935445823437696,-0.0019694381321151825,-0.0010335244218804727,-0.0009359137102347096,0.0022400658133810997,0.00433256889411218,0.275,0.002562982714458952,0.0017900001270933206,498,1.0,False,0.0,-0.045975674019212404
100213,PS1MD,1149,3,0.27509,21.5239,0.237894,1.0,53.0671,-27.1943,,False,False,True,0.0008582129554107884,-0.001828454182436638,-0.0009152652324666069,-0.0009131889499700309,0.002451718789588386,0.004028413117051132,0.275,0.0026866671378474264,0.0018803881470773661,498,1.0,False,0.9758981355161437,0.1555033739522446
1297465,DES,1155,3,0.27782,21.6657,0.175971,1.0,51.7953,-27.8221,,False,False,True,7.561265613240041e-05,-0.0026550085619368676,-0.0016624318277847813,-0.0009925767341520861,0.00054118950715513,0.005832052744234182,0.275,0.002730621218069268,0.001913858166032171,498,1.0,False,0.7862823061630219,0.2729550206189852
350180,PS1MD,1181,3,0.28949,21.7235,0.254687,1.0,53.4627,-28.1376,,False,False,True,0.006818973835633247,0.003900460999912371,0.004890322063613501,-0.0009898610637011302,0.004160144450008168,-0.008480225626457762,0.275,0.0029185128357208765,0.0020569333020038086,498,0.9,False,0.9920582395764395,0.229107913281167
120444,PS1MD,1205,3,0.29945,21.7683,0.194112,1.0,51.682,-27.9362,,False,False,True,0.00025873208281689404,-0.002820140693933118,-0.0017208961536992183,-0.0010992445402339,0.0014117970479675455,0.006202387834139471,0.275,0.0030788727767500123,0.0021790437008279307,498,1.0,False,0.4651898734177215,0.19011143929880517
460037,PS1MD,1212,3,0.30251,21.6364,0.223122,1.0,54.727,-27.5411,,False,False,True,0.0011662987823110294,-0.001961841205237091,-0.0008251545559321781,-0.001136686649304913,0.003136196276362558,0.004333423193157075,0.32500000000000007,0.0031281399875481204,0.0022165595462497996,498,1.0,False,0.10959507042253522,0.01784136251488007
1335717,DES,1218,3,0.30476,21.7881,0.241296,1.0,52.8599,-28.3531,,False,False,True,0.0023463103054833043,-0.0008180555723575423,-4.427037018292935e-06,-0.0008136285353392489,0.005026860622478014,0.0018306991464216247,0.32500000000000007,0.0031643658778408466,0.0022441447267070556,498,1.0,False,0.9948207171314741,0.15114238457371426
440005,PS1MD,1222,3,0.30548,21.7511,0.224608,1.0,52.9893,-28.8836,,False,False,True,0.003516348693884311,0.000340390531149792,0.00119532186500571,-0.0008549313338559177,0.0029399380487370864,-0.0006743458666977481,0.32500000000000007,0.003175958162734519,0.002252971984453378,498,1.0,False,0.9816160752458315,0.1082812622358675
1319821,DES,1229,3,0.30878,21.7424,0.150006,1.0,53.3579,-29.4719,,False,False,True,0.005734827566725845,0.00250573809822866,0.0004030908556638922,0.002102647242564767,0.004418946787105486,-0.005410453864465655,0.32500000000000007,0.0032290894684971847,0.002293430249124021,498,1.0,False,0.0,0.07288034769325775
1337687,DES,1275,3,0.32868,21.8186,0.148043,1.0,55.0471,-26.9756,,False,False,True,0.002199603982179923,-0.0013585749065142556,-5.087212014523229e-05,-0.0013077027863690235,0.003688206784992864,0.0030310473614290614,0.32500000000000007,0.0035581788886941785,0.002535798381489547,498,1.0,False,0.0,-0.006545067731166518
1316465,DES,1278,3,0.32907,21.8036,0.16293,1.0,52.7975,-27.9593,,False,False,True,0.0008610776682531149,-0.002704301489693373,-0.0013749712600982103,-0.0013293302295951633,0.004024725816819173,0.005954150880462283,0.32500000000000007,0.003565379157946488,0.00254040945656373,498,1.0,False,0.9128014842300557,-0.024506927673747333
1306141,DES,1293,3,0.33237,21.724,0.156927,1.0,54.8978,-28.9108,,False,False,True,0.030735188132076176,0.027108883618917827,0.028048028805868076,-0.000939145186950246,0.005737292274312602,-0.05985214260402713,0.32500000000000007,0.003626304513158348,0.002579426245652971,498,1.0,False,0.0,-0.1290394647991056
1309492,DES,1295,3,0.3335,21.7495,0.139304,1.0,53.3008,-28.0249,,False,False,True,0.0041849043387817515,0.0005377375070205548,0.0012178742730150878,-0.0006801367659945328,0.006610805970618969,-0.0011345373997694117,0.32500000000000007,0.0036471668317611967,0.0025927865400986808,498,0.825,True,0.9404888416578109,-0.11202428457261875
1346956,DES,1296,3,0.3335,21.7836,0.174041,1.0,54.3435,-28.8264,,False,False,True,0.0005299971343257877,-0.003117169697435409,-0.0021487593981443054,-0.0009684102992911035,0.0011662648493035645,0.006872077054319797,0.32500000000000007,0.0036471668317611967,0.0025927865400986808,498,1.0,False,0.12095323741007194,-0.07792428457262006
1346966,DES,1299,3,0.3351,21.7712,0.175867,1.0,55.3407,-29.1493,,False,False,True,0.006348897300103451,0.0026721909021789284,-0.002108497465684929,0.0047806883678638565,0.007197247321281597,-0.005801025753865128,0.32500000000000007,0.0036767063979245224,0.0026117037711722523,498,1.0,False,0.0,-0.10229274608468857
470015,PS1MD,1301,3,0.33749,21.9148,0.277342,1.0,54.1486,-28.6251,,False,False,True,0.0020397119214974036,-0.0016811192033835873,-0.0013702446752262233,-0.00031087452815736424,0.0015401301049764236,0.003745377447026726,0.32500000000000007,0.003720831124880991,0.0026399613850883997,498,1.0,False,0.8061104582843713,0.023527610918148548
1300912,DES,1304,3,0.33778,21.9007,0.232298,1.0,52.0379,-27.5329,,False,False,True,0.0004251426712714327,-0.003301042499976661,-0.0019491395177055008,-0.00135190298227116,0.0012863393526675434,0.007275076496726782,0.32500000000000007,0.0037261851712480937,0.0026433901332204844,498,1.0,False,0.9765411893071467,0.007278190731928327
580276,PS1MD,1306,3,0.33848,21.8601,0.198585,1.0,53.5214,-28.8077,,False,False,True,0.0028186014998500043,-0.0009205072315945436,0.0001460106516288427,-0.0010665178832233863,0.005909397982106637,0.002053529009392905,0.32500000000000007,0.003739108731444548,0.0026516664218151718,498,1.0,False,0.25992961287078936,-0.038503028131471814
1343337,DES,1307,3,0.33897,21.8025,0.355487,1.0,54.5592,-28.7099,,False,False,True,0.0011033396042951155,-0.0026448156192869516,-0.00161342828478349,-0.0010313873345034613,0.006790728296212477,0.0058019775552644185,0.32500000000000007,0.003748155223582067,0.0026574598238314527,498,1.0,False,0.37557125051931867,-0.09972397699792794
1346387,DES,1312,3,0.34446,22.0551,0.150058,1.0,52.695,-28.6493,,False,False,True,0.008142668880813836,0.0042931560208338574,0.004159917168717825,0.00013323885211603066,0.004014146080105633,-0.009388095152031137,0.32500000000000007,0.003849512859979978,0.0027223695729526446,498,1.0,False,0.9986541049798116,0.11263491972682345
350606,PS1MD,1313,3,0.34448,22.0384,0.297982,1.0,54.2033,-26.7605,,False,False,True,0.0022316794291610672,-0.0016182026753959527,-0.002078144948846343,0.00045994227345039023,0.006553797057858,0.003557745841615641,0.32500000000000007,0.00384988210455702,0.0027226060383410645,498,1.0,False,0.0,0.09578941163962269
470110,PS1MD,1315,3,0.34545,21.9503,0.228622,1.0,52.0706,-28.6233,,False,False,True,0.005985127105455109,0.002117336638911574,8.773157356761936e-05,0.0020296050653439545,0.01139474214749309,-0.0046626397873848376,0.32500000000000007,0.003867790466543535,0.0027340746096794163,498,1.0,False,0.9312883435582822,0.0006416518516134256
440185,PS1MD,1326,3,0.34949,21.8996,0.204053,1.0,54.3495,-28.44,,False,False,True,0.001524265445941577,-0.0024181124251643565,-0.0013089871788392604,-0.0011091252463250965,0.001712588611520075,0.005359663280673042,0.32500000000000007,0.003942377871105933,0.0027818406181401847,498,1.0,False,0.9943227899432279,-0.07921596811620461
1248677,DES,1328,3,0.35015,21.9337,0.144515,1.0,53.6462,-28.127,,False,False,True,0.00024171442083171217,-0.0037128485213165936,-0.002387298899086262,-0.001325549622230332,0.0009015217585563947,0.00817986061411162,0.3750000000000001,0.0039545629421483056,0.002789643975958033,498,0.925,False,0.9918032786885246,-0.06381293752702871
1307830,DES,1341,3,0.35946,22.1683,0.152092,1.0,53.2945,-27.9578,,False,False,True,0.0007468869127371943,-0.0033795593800239627,-0.0024855307634007793,-0.0008940286166231836,0.005842303608396298,0.007430008107853551,0.3750000000000001,0.004126446292761157,0.0028997186142673765,498,0.85,True,0.9571713147410359,0.10488084671594339
1346137,DES,1347,3,0.36325,22.111,0.2134,1.0,53.2592,-26.8541,,False,False,True,0.00036758575575695444,-0.00382883238435358,-0.002449710147864602,-0.0013791222364889792,0.0027323185510480887,0.008436705673992455,0.3750000000000001,0.004196418140110535,0.0029445288053728987,498,1.0,False,0.0904997748761819,0.02120363790259478
1299643,DES,1370,3,0.37676,22.1625,0.152336,1.0,55.1026,-26.7221,,False,False,True,0.00972103916361236,0.005276174834411679,0.006839410626474615,-0.0015632357920629346,0.00772846142431392,-0.011497379487383845,0.3750000000000001,0.004444864329200681,0.003104088815838478,498,1.0,False,0.0,-0.019288566386922494
1299785,DES,1377,3,0.38129,22.2019,0.202337,1.0,53.9115,-28.3193,,False,False,True,0.019698325569798864,0.015172345927896848,0.016473619734318885,-0.0013012738064220395,0.004801827640697035,-0.0332542638153838,0.3750000000000001,0.004525979641902015,0.0031572045966928833,498,1.0,False,0.970325011775789,-0.010049450024190602
580275,PS1MD,1380,3,0.38248,22.1196,0.263796,1.0,54.1391,-28.6139,,False,False,True,0.008916304955823906,0.0043690168763690015,0.0003400654881199343,0.004028951388249068,0.005933062899951027,-0.009500519126583827,0.3750000000000001,0.0045472880794549045,0.0031711577488378593,498,1.0,False,0.8397790055248618,-0.1002173033627079
1290779,DES,1388,3,0.38949,22.291,0.190269,1.0,54.7233,-27.9051,,False,False,True,0.0038648213301544694,-0.0008079895621119922,0.000701513156810447,-0.0015095027189224396,0.0037032641838768373,0.0018760653251114444,0.3750000000000001,0.004672810892266462,0.0032533523677759123,498,0.975,False,0.19272908366533864,0.025291551801508834
1291794,DES,1390,3,0.3951,22.2147,0.20185,1.0,55.1693,-28.7119,,False,False,True,0.02315738389530921,0.01838411894029341,0.004505856431165042,0.01387826250912837,0.01676905031678338,-0.04068074183330505,0.3750000000000001,0.004773264955015797,0.003319131513602229,498,1.0,False,0.0,-0.08718480320924354
1333438,DES,1392,3,0.39944,22.4589,0.286551,1.0,52.3525,-28.9967,,False,False,True,0.0007935937042707028,-0.0040573843759379846,-0.002251166392317307,-0.001806217983620678,0.0024534950312330088,0.00896130032104755,0.3750000000000001,0.0048509780802086875,0.0033700194802486127,498,1.0,False,0.9648014440433214,0.129354670734177
1308314,DES,1400,3,0.40646,22.4384,0.166642,1.0,53.4156,-28.9407,,False,False,True,0.0012450187991838411,-0.003731661156336847,-0.00210281416439215,-0.0016288469919446967,0.0017692300097352177,0.008266974931393709,0.42500000000000016,0.004976679955520688,0.003452331352566035,498,1.0,False,0.39345794392523364,0.10191991814053498
1289600,DES,1414,3,0.4196,22.6132,0.222992,1.0,52.0477,-27.8629,,False,False,True,0.00467507929703062,-0.0005368887840740705,0.0008193892362887943,-0.001356278020362865,0.0029434932786017607,0.0013141758438120366,0.42500000000000016,0.005211968081104691,0.0036064022930576206,498,1.0,False,0.9856938483547926,0.19594560780473477
1340454,DES,1416,3,0.41995,22.1864,0.293175,1.0,54.7539,-27.8432,,False,False,True,0.011581256938695748,0.006363021670075501,0.007906474207688781,-0.0015434525376132801,0.01851836681507645,-0.014153292090407051,0.42500000000000016,0.005218235268620247,0.003610506161335555,498,1.0,False,0.09913793103448276,-0.2329735421627637
1306626,DES,1418,3,0.42088,22.3648,0.174351,1.0,54.8773,-27.239,,False,False,True,0.0030434843702916155,-0.0021914037108699646,-0.0002346044379919589,-0.0019567992728780057,0.006307918877672928,0.00488786922116763,0.42500000000000016,0.00523488808116158,0.0036214107256169223,498,1.0,False,0.0,-0.060196441890162856
1295256,DES,1448,3,0.44245,22.5993,0.17077,1.0,53.7194,-27.8328,,False,False,True,0.001440958739729521,-0.004173816775429465,-0.0021487619977786495,-0.002025054777650817,0.0011594168087113428,0.009264760196012732,0.42500000000000016,0.005614775515158986,0.0038378003993959297,498,0.85,True,0.9754232659748772,0.047036098581895135
1253039,DES,1462,3,0.45346,22.6333,0.141558,1.0,54.4186,-27.5274,,False,False,True,0.008217394651335261,0.002409478066904336,0.004616800781621368,-0.0022073227147170332,0.0076906950295822585,-0.005143631814032696,0.4750000000000001,0.005807916584430925,0.003943850537452151,498,1.0,False,0.8052120141342756,0.0024457686485732755
1306360,DES,1464,3,0.45477,22.631,0.282863,1.0,53.6767,-26.487,,False,False,True,0.002717121043662234,-0.0031137759949690777,-0.0012931317133392031,-0.0018206442816298756,0.0058422073005753705,0.006939044374881341,0.4750000000000001,0.0058308970386313115,0.003956468673769468,498,1.0,False,0.0,-0.007224857153514053
310146,PS1MD,1479,3,0.47941,22.6165,0.202088,1.0,52.4866,-28.7419,,False,False,True,0.006194022343097693,-6.898363359465667e-05,0.0014557483432326326,-0.0015247319768272906,0.006731322847588673,0.0003009190330902009,0.4750000000000001,0.00626300597669235,0.004184169671187517,498,1.0,False,0.9845950704225352,-0.1567835366944983
1306537,DES,1480,3,0.47946,22.7577,0.197147,1.0,55.041,-27.5592,,False,False,True,0.01445881703400506,0.00819493546124906,-0.003016243413869339,0.011211178875118398,0.018397834038418284,-0.01817476158483089,0.4750000000000001,0.0062638815727559995,0.0041845420328301955,498,1.0,False,0.0,-0.015850933533560808
1292145,DES,1486,3,0.49244,23.0253,0.334315,1.0,53.6305,-29.6489,,False,False,True,0.0071378738289409015,0.0006466875180615493,0.00043743316980412745,0.00020925434825742103,0.02155033592197974,-0.001761447556238872,0.4750000000000001,0.006491186310879352,0.004281207115269491,498,1.0,False,0.0,0.18320171135201524
1343208,DES,1487,3,0.49499,22.8291,0.162788,1.0,52.8465,-28.5442,,False,False,True,0.009956599121463829,0.0034207574113383635,-2.0875285058466475e-05,0.0034416326963968287,0.0070143594650195805,-0.007344873712115826,0.4750000000000001,0.006535841710125465,0.004300197559046086,498,1.0,False,0.9782790309106099,-0.02626544544219266
1343759,DES,1498,3,0.50615,22.8513,0.149287,1.0,51.979,-28.5644,,False,False,True,0.005988964861772791,-0.0007423098897591934,-0.0024857345433630424,0.0017434246536038494,0.008871049995709248,0.0017674845095009394,0.5250000000000001,0.006731274751531985,0.00438330867769189,498,1.0,False,0.9310344827586207,-0.04100426246804109
450175,PS1MD,1511,3,0.51941,22.9908,0.313952,1.0,53.2864,-28.0844,,False,False,True,0.0019834271112163663,-0.004980055716395408,-0.004096863329037672,-0.0008831923873577363,0.0024915551402275764,0.011093898953958979,0.5250000000000001,0.006963482827611774,0.004482058985330185,498,0.775,True,0.9550561797752809,0.03191485545329267
1322979,DES,1517,3,0.52937,23.0383,0.138414,1.0,52.0693,-28.0637,,False,False,True,0.012914809211012871,0.005769995729755916,0.008349926602528845,-0.002579930872772928,0.01682322788875209,-0.012727462561488302,0.5250000000000001,0.007144813481256955,0.004570101553811985,498,1.0,False,0.9532163742690059,0.030447153607701366
1337703,DES,1521,3,0.53225,22.7291,0.220331,1.0,54.8836,-26.7243,,False,False,True,0.07086318169893992,0.06366337866172414,-0.0014517340534643125,0.06511511271518844,0.011191263013225391,-0.1438236115231115,0.5250000000000001,0.007199803037215782,0.004600689221105222,498,1.0,False,0.0,-0.292750544869369
1289656,DES,1527,3,0.53942,23.0808,0.24298,1.0,54.3017,-27.3554,,False,False,True,0.004202895115145795,-0.0031338090040924837,-0.0002823599396718059,-0.0028514490644206787,0.003322907682306201,0.00707981697888161,0.5250000000000001,0.007336704119238278,0.004676839767804009,498,1.0,False,0.691117984975696,0.02440860053245511
1324542,DES,1529,3,0.54152,23.277,0.240962,1.0,53.8952,-29.048,,False,False,True,0.003455247696327347,-0.003921552974130909,-0.002523900572905974,-0.0013976524012249362,0.004650722570672256,0.008795100690450634,0.5250000000000001,0.007376800670458256,0.0046991432752053275,498,1.0,False,0.0,0.21057395153905925
1339450,DES,1535,3,0.55046,23.1574,0.375291,1.0,53.621,-29.169,,False,False,True,0.005331754710271601,-0.0022157427068088464,-0.00250289863650964,0.0002871559297007919,0.014955568476712791,0.0049166366502955625,0.5750000000000002,0.007547497417080448,0.004794092492428083,498,1.0,False,0.0,0.03359405882785155
1335868,DES,1585,3,0.61941,23.4418,0.273973,1.0,55.0891,-26.5127,,False,False,True,0.0014843798716892601,-0.007362329166098896,-0.004455382474513985,-0.0029069466915849105,0.008653923920011132,0.016333217664786338,0.6250000000000002,0.008846709037788156,0.00577970082450539,498,1.0,False,0.0,0.029566465508308243
1334879,DES,1599,3,0.63934,23.537,0.16971,1.0,52.4089,-28.2164,,False,False,True,0.021138125003078535,0.011873782248966541,0.01539749531911241,-0.00352371307014587,0.025646447476323875,-0.02658562897025355,0.6250000000000002,0.009264342754111993,0.006085760369211716,498,1.0,False,0.9413031771674745,0.04232116646388376
1334707,DES,1607,3,0.64962,23.5275,0.147114,1.0,51.7764,-28.6278,,False,False,True,0.003120976130794669,-0.006367804027993041,-0.0037100451472610496,-0.0026577588807319926,0.006326753766759623,0.014243921509477557,0.6250000000000002,0.009488780158787711,0.00623974887394945,498,1.0,False,0.7827140549273021,-0.008751875221426259
1262715,DES,1616,3,0.68935,23.6005,0.154427,1.0,53.37,-28.4427,,False,False,True,0.009152451578679353,-0.0012278297798756603,-0.004655742817084184,0.0034279130372085256,0.02178169657338869,0.002581808302228792,0.6750000000000002,0.010380281358555014,0.006859789683166072,498,1.0,False,0.9968960165545784,-0.12482526464303116
1262214,DES,1617,3,0.68936,23.7914,0.270648,1.0,53.5027,-28.6602,,False,False,True,0.0032903523697900413,-0.0070901641065813,-0.004149799803467638,-0.0029403643031136618,0.00879437692336416,0.01577948936339039,0.6750000000000002,0.010380516476371341,0.006859956835057265,498,1.0,False,0.7439429928741093,0.06603681614504826
1335718,DES,1624,3,0.69932,23.8577,0.153542,1.0,52.3094,-28.3854,,False,False,True,0.01533462019057531,0.004719926369139199,0.008323198699185614,-0.003603272330046414,0.005152626364982202,-0.009964372959558772,0.6750000000000002,0.01061469382143611,0.00702644011868565,498,1.0,False,0.924009324009324,0.09482871453885029
1329166,DES,1640,3,0.73161,23.9269,0.194559,1.0,52.3035,-28.9116,,False,False,True,0.002645938990304046,-0.008729479009552187,-0.004542550291501048,-0.004186928718051139,0.0051168432635485825,0.01955209575369076,0.7250000000000002,0.011375417999856233,0.007529752136963761,498,1.0,False,0.9665071770334929,0.061225464252933154
1285160,DES,1652,3,0.7493,23.9242,0.160977,1.0,52.3989,-28.6476,,False,False,True,0.002723861001286248,-0.00907157172859028,-0.004938965798290885,-0.004132605930299396,0.006189697752852669,0.02032218648871,0.7250000000000002,0.011795432729876529,0.007727971026883324,498,1.0,False,0.9479073909171861,-0.004100830503565831
1329196,DES,1663,3,0.76932,23.9638,0.160486,1.0,53.0758,-28.9065,,False,False,True,0.006593692518833889,-0.005677076270681213,-0.002827588414862331,-0.002849487855818881,0.005563172357044114,0.012961803684517235,0.7750000000000002,0.012270768789515102,0.007952297888171603,498,1.0,False,0.9775993237531699,0.009315045004229514
1325358,DES,1665,3,0.77929,23.7865,0.309918,1.0,52.2841,-28.9516,,False,False,True,0.006805276903037419,-0.005698652861334097,-0.0009215356035078212,-0.004777117257826276,0.007777825700419876,0.012994229518540817,0.7750000000000002,0.012503929764371516,0.00805610461230962,498,1.0,False,0.9657777777777777,-0.2017888613404849
1309749,DES,1668,3,0.78928,23.9465,0.163342,1.0,52.5384,-27.3174,,False,False,True,0.018317410614042753,0.005584571539403364,0.010246955254076255,-0.0046623837146728886,0.011969819060354889,-0.011896245540250202,0.7750000000000002,0.01273283907463939,0.008149627640689229,498,1.0,False,0.9967259120673526,-0.07524338234058016
Ombo,HST,1675,3,0.97423,24.8581,0.199702,1.0,53.1056,-27.7508,,False,False,True,0.007950183369296574,-0.008899739207675257,-0.0036534709297815467,-0.005246268277893711,0.006017086652818586,0.02043201960965843,0.9750000000000003,0.01684992257697183,0.010362596298081348,498,1.0,False,0.9978127734033246,0.0
Aphrodite,HST,1684,3,1.29911,25.6111,0.273963,1.0,53.1563,-27.7796,,False,False,True,0.034345582552280596,0.011067764861419797,-0.005849168260455305,0.016916933121875106,0.036714850550858345,-0.024872415279079324,1.2750000000000004,0.0232778176908608,0.014916334817848475,498,1.0,False,0.9986270022883296,0.0
Thoth,HST,1685,3,1.3041,25.4676,0.315363,1.0,53.1033,-27.7716,,False,False,True,0.013023022434412557,-0.010340083612428552,-0.007235647465853278,-0.0031044361465752696,0.031770766579384054,0.02334968756166205,1.3250000000000006,0.02336310604684111,0.014989504254161705,498,1.0,False,0.998223011994669,-0.08891616903603958
Inanna,HST,1686,3,1.30611,25.7667,0.444343,1.0,53.1847,-27.9184,,False,False,True,0.011197370200033918,-0.012200090475167995,-0.004130905290413232,-0.008069185184754767,0.022584193237426893,0.027944184214225454,1.3250000000000006,0.023397460675201914,0.015018977313678659,498,0.9,False,0.9691548426896978,0.20611428162075288
washington,CANDELS,1688,3,1.3291,25.6215,0.23681,1.0,53.0869,-27.8282,,False,False,True,0.010903655840024801,-0.012882392078194863,-0.009382878228118584,-0.003499513850076283,0.006483120965616933,0.030018557649007505,1.3250000000000006,0.023786047918219665,0.015337590824649932,498,1.0,False,0.9784644194756554,0.01481123301019241
Mcguire,HST,1691,3,1.35608,25.5564,0.236747,1.0,53.0418,-27.8305,,False,False,True,0.035261673089825696,0.011043141668737703,-0.012483164105948946,0.02352630577468665,0.03622600060776523,-0.024555314670980696,1.3750000000000004,0.024218531421087992,0.015611506290458047,498,1.0,False,0.9752293577981651,0.0
Primo,CANDELS,1695,3,1.54901,26.04,0.232206,1.0,53.1584,-27.7775,,False,False,True,0.030585425316910594,0.0036358893767188885,-0.007198191865912043,0.01083408124263093,0.03482609545955895,-0.007534197100309885,1.5250000000000004,0.026949535940191706,0.017985861961144427,498,1.0,False,0.9986282578875172,0.054353616004910066
000190,PS1MD,742,1,0.10221,19.1555,0.185457,1.0,148.988,2.2635,,False,False,True,3.0034010946815107e-05,-0.0005366125216519644,-0.00038655740599832843,-0.00015005511565363599,0.00013953088214071135,0.001170263800992373,0.125,0.0005666465325987795,0.0003950993293927323,500,1.0,False,0.0,0.12679503572636736
120225,PS1MD,751,1,0.10713,19.5271,0.467763,1.0,150.818,3.4749,,False,False,True,0.008571933335158672,0.008005286802559892,0.008155341918213528,-0.00015005511565363599,0.0041017903840484355,-0.017477033979300814,0.125,0.0005666465325987795,0.0003950993293927323,500,1.0,False,0.0,0.3896261639168516
500038,PS1MD,753,1,0.10794,19.1487,0.185149,1.0,150.193,2.5513,,False,False,True,0.009611409511873259,0.009044762979274479,0.009192941662820881,-0.0001481786835464024,0.006428068816969544,-0.019782092047800758,0.125,0.0005666465325987795,0.0003950993293927323,500,1.0,False,0.9094488188976378,-0.006225530795937394
120336,PS1MD,848,1,0.16122,20.0576,0.244838,1.0,149.082,1.4095,,False,False,True,0.004451791149716636,0.003400688852407229,0.003379507338450186,2.118151395704191e-05,0.004336880797504367,-0.007413494353888951,0.17500000000000004,0.0010511022973094073,0.000741506507004607,500,1.0,False,0.0,0.007346212649254676
350233,PS1MD,857,1,0.16924,20.2625,0.180867,1.0,149.466,3.4824,,False,False,True,0.0001152804160045535,-0.0010430923184384607,-0.000623371737280061,-0.0004197205811583997,0.0006316411042079051,0.0022803510919598047,0.17500000000000004,0.0011583727344430142,0.0008182095871936526,500,1.0,False,0.0,0.09685661613921143
370563,PS1MD,912,1,0.18527,20.5352,0.136717,1.0,150.952,2.646,,False,False,True,0.001975621385474711,0.0006151777727426374,-0.0007586289221314432,0.0013738066948740806,0.0011834109036315662,-0.0013374138136696338,0.17500000000000004,0.0013604436127320737,0.0009669295458292495,500,1.0,False,0.02133544053733702,0.15346026466674617
000220,PS1MD,1001,1,0.21972,20.8086,0.121352,1.0,150.537,2.7186,,False,False,True,0.0003621471151721182,-0.0014176967980539757,-0.0009101242054582971,-0.0005075725925956793,0.0007827171107197118,0.003107745022595257,0.22500000000000003,0.0017798439132260938,0.0012810097669342002,500,1.0,False,0.8942868247182277,0.011013528581901192
370098,PS1MD,1007,1,0.22132,20.7911,0.140687,1.0,150.006,2.4311,,False,False,True,9.07114368250737e-05,-0.0017086111550886959,-0.001095521270391769,-0.0006130898846969273,0.00042113196053586107,0.0037404938804855028,0.22500000000000003,0.0017993225919137696,0.0012955969470145462,500,1.0,False,0.9534224382341029,-0.024080770007420035
480464,PS1MD,1008,1,0.22132,20.8058,0.202968,1.0,149.8,3.2216,,False,False,True,0.0009978376210391681,-0.0008014849708746015,-0.000682518641486585,-0.00011896632938801705,0.002693808321439285,0.0017623398832062234,0.22500000000000003,0.0017993225919137696,0.0012955969470145462,500,1.0,False,0.0,-0.009380770007418767
030066,PS1MD,1016,1,0.22542,20.8961,0.171928,1.0,150.183,3.404,,False,False,True,0.002609593026122869,0.0007576832312330812,0.001079466477925627,-0.00032178324669254646,0.008241237042119676,-0.0016952789645943772,0.22500000000000003,0.0018519097948897878,0.001335225715460465,500,1.0,False,0.0,0.036366736142667055
000010,PS1MD,1071,1,0.24585,21.1788,0.165167,1.0,149.749,3.1575,,False,False,True,0.0038540770631823743,0.0016234222112810025,-0.001067578877614501,0.002691001088895503,0.003986691791942889,-0.0035433928617139565,0.22500000000000003,0.002230654851901372,0.0016308893691622563,500,1.0,False,0.0,0.10768498000153592
350192,PS1MD,1210,1,0.30142,21.6055,0.189791,1.0,148.716,1.9617,,False,False,True,0.0009102788541655031,-0.0022762582898386134,-0.0011325768791921851,-0.001143681410646428,0.002480291277573973,0.005007489444789768,0.32500000000000007,0.0031865371440041165,0.002327267802455046,500,1.0,False,0.0,-0.004099763948938892
000420,PS1MD,1237,1,0.31144,21.7593,0.139148,1.0,149.82,1.6135,,False,False,True,0.0008741441581719592,-0.002469967164632961,-0.001785711415626204,-0.0006842557490067565,0.004369600493849597,0.00542110165115706,0.32500000000000007,0.0033441113228049203,0.0024313812319743176,500,1.0,False,0.5850492390331244,0.06844938578940059
120085,PS1MD,1261,1,0.32206,21.4741,0.197428,1.0,150.471,2.0426,,False,False,True,0.0014865851991446514,-0.002024535882029984,-0.0006877236649626564,-0.001336812217067327,0.003873319554314843,0.004461348595726446,0.32500000000000007,0.003511121081174635,0.0025417289985905523,500,1.0,False,0.9814066289409863,-0.30026642301441614
05D2ab,SNLS,1265,1,0.32446,21.8169,0.123552,1.0,150.462,2.1063,,False,False,True,0.001685553789231763,-0.0018633096102185142,-0.0005580646871661446,-0.0013052449230523695,0.003001683994771811,0.0041184468986970296,0.32500000000000007,0.0035488633994502773,0.002566666346978402,500,1.0,False,0.9833200953137411,0.024013635151832483
120369,PS1MD,1283,1,0.33047,21.9776,0.128807,1.0,150.995,2.2624,,False,False,True,0.000417081266508625,-0.003230781951441641,-0.0019286142532407137,-0.0013021676982009278,0.0012941746217958084,0.007102762706089256,0.32500000000000007,0.0036478632179502662,0.002628127887918844,500,1.0,False,0.0,0.1388874731776974
580235,PS1MD,1289,1,0.33147,21.7771,0.217018,1.0,150.235,2.5796,,False,False,True,0.007750464365604642,0.004086054932501183,0.005113990790970911,-0.0010279358584697285,0.008764837668654733,-0.008938099908539433,0.32500000000000007,0.00366440943310346,0.0026383382421333187,500,1.0,False,0.91112828438949,-0.06916250399171191
370344,PS1MD,1291,1,0.33147,21.8482,0.163826,1.0,150.174,1.8316,,False,False,True,0.0006712908212507478,-0.0029931186118527125,-0.0018518989577932245,-0.0011412196540594877,0.003467822048015112,0.006573631255869575,0.32500000000000007,0.00366440943310346,0.0026383382421333187,500,1.0,False,0.9851007887817704,0.0019374960082858134
380318,PS1MD,1305,1,0.33818,21.892,0.20951,1.0,150.413,3.2498,,False,False,True,0.0003194235061061857,-0.0034560110306752056,-0.002031333110270728,-0.001424677920404478,0.001724315090082388,0.007595554627444676,0.32500000000000007,0.0037754345367813913,0.002706849718912443,500,1.0,False,0.0,-0.004383722662871611
380279,PS1MD,1323,1,0.34939,21.9503,0.166428,1.0,149.827,2.9349,,False,False,True,0.0024157633717390168,-0.0015451542369096785,-0.0008796828816592809,-0.0006654713552503978,0.0026014046053817286,0.003444512484708638,0.32500000000000007,0.003960917608648695,0.002821307789656703,500,1.0,False,0.12188473520249221,-0.027798024745489022
04D2mc,SNLS,1324,1,0.34949,21.752,0.224702,1.0,150.148,1.7842,,False,False,True,0.0016677268161590189,-0.0022948454140049967,-0.0017997617339716254,-0.0004950836800333709,0.0016687835367806198,0.0050767598336900616,0.32500000000000007,0.003962572230164016,0.002822328825078151,500,1.0,False,0.9802718106093818,-0.22681596811620525
05D2ie,SNLS,1325,1,0.34949,22.1226,0.169292,1.0,150.262,2.6581,,False,False,True,0.0024835125787038407,-0.0014790596514601749,-0.00018320071773286414,-0.0012958589337273103,0.0055106602740403274,0.0032630295884914133,0.32500000000000007,0.003962572230164016,0.002822328825078151,500,1.0,False,0.9185788304959289,0.14378403188379435
000196,PS1MD,1329,1,0.35059,21.9812,0.160871,1.0,150.115,2.694,,False,False,True,0.00754810513146228,0.0035673320646297507,-0.001857062195756409,0.00542439426038616,0.005013596305960601,-0.007777359797324013,0.3750000000000001,0.003980773066832529,0.002833560214714073,500,1.0,False,0.9070813038591232,-0.019464114148529714
05D2hc,SNLS,1331,1,0.35149,22.2268,0.207758,1.0,150.019,1.886,,False,False,True,0.006804381779266795,0.0028087171187963916,0.004145603983278911,-0.0013368868644825188,0.002632247350462586,-0.006083041563888733,0.3750000000000001,0.0039956646604704035,0.0028427495335071,500,1.0,False,0.974910394265233,0.21970170172512143
120400,PS1MD,1332,1,0.35149,22.0813,0.136315,1.0,149.628,2.8718,,False,False,True,0.0006281624221421486,-0.0033675022383282548,-0.002271236877652119,-0.0010962653606761356,0.00533586659622598,0.007397584258293189,0.3750000000000001,0.0039956646604704035,0.0028427495335071,500,1.0,False,0.3115646258503401,0.07420170172511947
05D2mp,SNLS,1334,1,0.35519,22.2117,0.221402,1.0,149.786,2.204,,False,False,True,0.0009668952306215074,-0.0030899904259157136,-0.00170059213348823,-0.0013893982924274837,0.002345465868835171,0.0068115097212286735,0.3750000000000001,0.004056885656537221,0.002880527844100656,500,1.0,False,0.9911231184870706,0.17830954558469275
04D2fs,SNLS,1338,1,0.3585,21.8954,0.287731,1.0,150.092,1.7654,,False,False,True,0.0007582756138095764,-0.0033533780148847165,-0.002396366035975308,-0.0009570119789094075,0.004935723786751294,0.007367820504610553,0.3750000000000001,0.004111653628694293,0.0029143241165505668,500,1.0,False,0.9795361527967258,-0.1612969115346699
04D2cf,SNLS,1359,1,0.37052,22.1229,0.160993,1.0,150.484,1.8795,,False,False,True,0.0029068804706531494,-0.0014036586641825344,0.00015034243899354326,-0.0015540011031760774,0.005018956061846527,0.0031301834064244617,0.3750000000000001,0.004310539134835684,0.0030370525742085515,500,1.0,False,0.9564676616915423,-0.016786320495693556
000199,PS1MD,1366,1,0.37153,22.1312,0.11347,1.0,151.231,2.5909,,False,False,True,0.003503799480166701,-0.00082345133197371,0.0006616150665492183,-0.0014850663985229281,0.0068740774488083075,0.0018423889300727102,0.3750000000000001,0.004327250812140411,0.003047365031965171,500,1.0,False,0.0,-0.015345384880926898
590031,PS1MD,1372,1,0.37852,22.1741,0.180392,1.0,149.073,2.0023,,False,False,True,0.003291973981601269,-0.0011637980972540665,0.0003078797831806029,-0.0014716778804346683,0.004739152907002798,0.0026144524216002033,0.3750000000000001,0.004455772078855336,0.003130809498550006,500,1.0,False,0.0,-0.01944650306322853
000011,PS1MD,1378,1,0.38153,22.4245,0.217312,1.0,149.976,2.4119,,False,False,True,0.002368378553732489,-0.0021481971499527773,-0.0018232298770463704,-0.00032496727290640777,0.0061827505868862955,0.004737384156549529,0.3750000000000001,0.004516575703685266,0.0031718673842762654,500,1.0,False,0.9530386740331491,0.21096192158298538
120086,PS1MD,1389,1,0.39255,22.2212,0.235747,1.0,150.789,2.1434,,False,False,True,0.002605813444722875,-0.002133372207675302,-0.00026433543151402946,-0.0018690367761612728,0.003922937655974216,0.004741465316744575,0.3750000000000001,0.004739185652398177,0.0033221856237126055,500,1.0,False,0.5459533607681756,-0.06430059802813287
04D2fp,SNLS,1410,1,0.41657,22.4765,0.146745,1.0,149.867,2.321,,False,False,True,0.0010321614102323062,-0.004192241208416696,-0.002229684267286725,-0.001962556941129971,0.005005634320630435,0.009238960406258444,0.42500000000000016,0.005224402618649002,0.0036498302799068765,500,1.0,False,0.9620398773006135,0.07766053302725968
05D2dw,SNLS,1411,1,0.41857,22.3644,0.200288,1.0,149.634,2.0322,,False,False,True,0.002376427122626679,-0.0028883765756435404,-0.0007443701170066703,-0.00214400645863687,0.003480160681368442,0.0064155934575536215,0.42500000000000016,0.00526480369827022,0.0036771112671004046,500,1.0,False,0.9845511482254697,-0.04660846947550804
05D2cb,SNLS,1432,1,0.42859,22.6295,0.402639,1.0,149.852,2.3282,,False,False,True,0.001758952220203459,-0.0037069760213570063,-0.0016224089930610582,-0.002084567028295948,0.006629324691667153,0.008170013310052404,0.42500000000000016,0.005465928241560465,0.0038201663221398715,500,1.0,False,0.9619916381603952,0.15832875872370186
06D2gb,SNLS,1450,1,0.44361,22.54,0.180208,1.0,150.198,1.9854,,False,False,True,0.009908936277136578,0.004144971604916888,0.0013553292588889473,0.0027896423460279413,0.0064660641396254645,-0.009019075208880041,0.42500000000000016,0.0057639646722196895,0.004051728202866435,500,1.0,False,0.997539975399754,-0.018942959152763263
04D2gb,SNLS,1457,1,0.45162,22.3362,0.223723,1.0,150.594,1.8942,,False,False,True,0.005329081056679565,-0.0005938231501326947,0.00039832629466560404,-0.000992149444798298,0.002641447116435977,0.0014474518948984095,0.4750000000000001,0.00592290420681226,0.00417521759465204,500,1.0,False,0.9443950177935944,-0.28426792689222036
120094,PS1MD,1458,1,0.45162,22.7393,0.152341,1.0,150.526,2.0878,,False,False,True,0.002075744126876176,-0.003847160079936084,-0.0023360572467014925,-0.0015111028332345908,0.002565373472992334,0.008541613594770178,0.4750000000000001,0.00592290420681226,0.00417521759465204,500,1.0,False,0.9862847922549415,0.11883207310777812
000215,PS1MD,1470,1,0.46654,22.795,0.133213,1.0,150.81,3.1442,,False,False,True,0.0021447533838047095,-0.004074202989814184,-0.0017084091487679256,-0.002365793841046257,0.007942599527071324,0.008991113448437418,0.4750000000000001,0.006218956373618893,0.0044052377850941375,500,1.0,False,0.0,0.09142819153508987
370367,PS1MD,1475,1,0.47163,22.7268,0.209178,1.0,149.222,1.9779,,False,False,True,0.002798190872179012,-0.0035217645315367817,-0.0009736642283247193,-0.002548100303212061,0.006667392625413537,0.007813198567420968,0.4750000000000001,0.006319955403715794,0.004483709820573379,500,1.0,False,0.2593305117352828,-0.004555007961813063
05D2bv,SNLS,1477,1,0.47565,22.685,0.175042,1.0,150.571,2.2406,,False,False,True,0.007018113168871943,0.0006181073112675748,0.0029640329638853696,-0.002345925652617793,0.011010587698954086,-0.0013022023606783905,0.4750000000000001,0.006400005857604368,0.004546371033278632,500,1.0,False,0.9319804584742578,-0.06810007227110114
05D2ac,SNLS,1483,1,0.48065,22.7218,0.136578,1.0,149.747,2.4895,,False,False,True,0.0022823862180251374,-0.004219010116934957,-0.0016535276153719258,-0.0025654825015630307,0.002977222180748924,0.009379239493353562,0.4750000000000001,0.006501396334960094,0.004628726803423254,500,1.0,False,0.8963310580204779,-0.05810728090896044
120044,PS1MD,1484,1,0.48164,23.0525,0.209151,1.0,148.792,1.7302,,False,False,True,0.006189144427098977,-0.0003323272223775507,-0.0022104016996345403,0.0018780744772569895,0.007982673364500268,0.0008405888109137179,0.4750000000000001,0.006521471649476527,0.004645033245911889,500,1.0,False,0.0,0.26731589068812345
06D2bk,SNLS,1491,1,0.50067,23.004,0.252376,1.0,149.679,2.172,,False,False,True,0.002044095486469876,-0.004863268319822544,-0.0020359117865163595,-0.0028273565333061836,0.003861928075613042,0.010798818859919311,0.5250000000000001,0.00690736380629242,0.004958479307082317,500,1.0,False,0.9803120356612184,0.13969161325624138
05D2dy,SNLS,1504,1,0.51169,23.1355,0.225672,1.0,150.242,2.1831,,False,False,True,0.0023985240143590734,-0.004732304404025367,-0.0020248204813186977,-0.00270748392270667,0.008411354790021653,0.010470413666145713,0.5250000000000001,0.0071308284183844405,0.005139991424481063,500,1.0,False,0.9861619861619861,0.21518127835859072
04D2mj,SNLS,1507,1,0.51469,23.0729,0.402018,1.0,150.152,2.5771,,False,False,True,0.003872997320951007,-0.003318665383846869,-0.0017475116790385014,-0.0015711537048083684,0.00794198513517859,0.007400098251333618,0.5250000000000001,0.007191662704797876,0.005189404886567836,500,1.0,False,0.9258252427184466,0.1375297491623915
04D2gc,SNLS,1513,1,0.52271,23.0966,0.272593,1.0,150.414,1.8831,,False,False,True,0.0013610341918518004,-0.0059932588386246615,-0.00307834013676984,-0.0029149187018548215,0.001998829652687618,0.013295206240521558,0.5250000000000001,0.007354293030476462,0.005321503541879809,500,1.0,False,0.9662107803700724,0.12139345146787586
06D2ca,SNLS,1522,1,0.53271,22.9942,0.293113,1.0,149.79,2.3025,,False,False,True,0.0027034928540449173,-0.004856966559528484,-0.00182643324853384,-0.0030305333109946443,0.007984895719648803,0.010768034709088534,0.5250000000000001,0.0075604594135734015,0.005436387547058456,500,1.0,False,0.9604499274310595,-0.0298796783816275
06D2cc,SNLS,1523,1,0.53372,22.9119,0.272484,1.0,149.862,2.4514,,False,False,True,0.011404241459968495,0.0038228576832416965,-0.003445641162608424,0.007268498845850121,0.020582521088917557,-0.008644426246177266,0.5250000000000001,0.007581383776726798,0.005446496070155333,500,1.0,False,0.9500998003992016,-0.11706772539653618
05D2eb,SNLS,1526,1,0.53572,22.9604,0.20776,1.0,150.061,2.4074,,False,False,True,0.07427750268745195,0.06665468452824318,-0.00384257127527105,0.07049725580351422,0.029213290356231696,-0.15187805818473596,0.5250000000000001,0.0076228181592087755,0.005466512947574895,500,1.0,False,0.9545454545454546,-0.07822136453889958
06D2ck,SNLS,1537,1,0.55375,23.237,0.205365,1.0,150.367,1.8636,,False,False,True,0.004135605691087273,-0.003860743426196519,-0.0006706629664050686,-0.0031900804597914485,0.004450894559437423,0.00867965643386641,0.5750000000000002,0.007996349117283792,0.005646965097512238,500,1.0,False,0.9823914823914824,0.0977858308518404
05D2dt,SNLS,1551,1,0.57577,23.3385,0.211441,1.0,150.35,1.8577,,False,False,True,0.0021201839432970497,-0.006331613163607395,-0.0029829191530540513,-0.0033486940105533426,0.004797825560401904,0.014081616570248954,0.5750000000000002,0.008451797106904444,0.00586519713689416,500,1.0,False,0.987936772046589,0.09833168984207646
04D2mh,SNLS,1571,1,0.59179,23.1978,0.254399,1.0,149.941,2.141,,False,False,True,0.004292145373318168,-0.004476050390092073,-0.0011766150541429208,-0.0032994353359491516,0.004492525754721339,0.010062960178545168,0.5750000000000002,0.00876819576341024,0.005980722491597156,500,1.0,False,0.990191707534552,-0.11354394090875203
05D2he,SNLS,1579,1,0.60981,23.4346,0.320347,1.0,150.361,2.3177,,False,False,True,0.005098369655565179,-0.004025725220843468,-0.0029024661484280414,-0.0011232590724154254,0.013377162034188709,0.008938732851064881,0.6250000000000002,0.009124094876408646,0.006110670487336732,500,1.0,False,0.9303867403314917,0.06298403652830045
000202,PS1MD,1586,1,0.61983,23.5027,0.15249,1.0,150.539,1.8992,,False,False,True,0.017599430957482762,0.008277438794046145,0.008314190085860453,-3.675129181430949e-05,0.010023423484038499,-0.017994544562363744,0.6250000000000002,0.009321992163436618,0.006182927918929992,500,1.0,False,0.9455550829434284,0.08870314396538417
04D2an,SNLS,1588,1,0.62183,23.3364,0.274297,1.0,150.218,2.0412,,False,False,True,0.004390859068021698,-0.004970633551907529,-0.0016051167312077326,-0.003365516820699795,0.009863457627291542,0.01110225598338738,0.6250000000000002,0.009361492619929227,0.006197350559966572,500,1.0,False,0.996232733361239,-0.08597806390180382
05D2ci,SNLS,1592,1,0.63183,23.0581,0.325833,1.0,150.008,2.2159,,False,False,True,0.002915479922508805,-0.006637935368872454,-0.003991892193414888,-0.002646043175457565,0.008406064127899534,0.014774291309853653,0.6250000000000002,0.009553415291381259,0.006292049099850365,500,1.0,False,0.9921422663358147,-0.40580306563913215
05D2ec,SNLS,1600,1,0.64185,23.5946,0.255519,1.0,149.859,2.0136,,False,False,True,0.001457993526902793,-0.008285133443551772,-0.004441196948221989,-0.003843936495329783,0.008123446608697144,0.018381114608266986,0.6250000000000002,0.009743126970454565,0.006397440507095606,500,1.0,False,0.9877991553261379,0.08971203854018298
05D2bt,SNLS,1612,1,0.6819,23.5846,0.23784,1.0,150.418,2.5662,,False,False,True,0.01960372188964541,0.00908825242421407,0.009124792364017335,-3.653993980326422e-05,0.016911263093004995,-0.01995470646042709,0.6750000000000002,0.01051546946543134,0.00685433786908577,500,1.0,False,0.9725274725274725,-0.11232793352039987
05D2ck,SNLS,1625,1,0.69992,23.8617,0.294144,1.0,150.188,2.5729,,False,False,True,0.009408983326905028,-0.0014843931084088224,0.0013727090906496793,-0.002857102199058499,0.014500440243327143,0.003471424563045583,0.6750000000000002,0.01089337643531385,0.007136970332183506,500,1.0,False,0.9207882534775889,0.09658558633407328
04D2iu,SNLS,1628,1,0.70192,23.6432,0.461925,1.0,150.305,2.415,,False,False,True,0.007210680392267908,-0.0037246391029663074,-0.0038086617291466715,8.402262618036494e-05,0.01471199795679155,0.008367557369938411,0.7250000000000002,0.010935319495234215,0.0071683390850245405,500,1.0,False,0.9554140127388535,-0.1140143929601988
05D2le,SNLS,1629,1,0.70192,23.7903,0.251306,1.0,150.479,2.0929,,False,False,True,0.018098436565534788,0.007163117070300573,-0.003946309503683278,0.011109426573983852,0.022709669751262377,-0.015877405973879294,0.7250000000000002,0.010935319495234215,0.0071683390850245405,500,1.0,False,0.9867256637168141,0.03308560703979943
04D2gp,SNLS,1642,1,0.73395,23.967,0.387349,1.0,149.835,2.5089,,False,False,True,0.0028314100651268986,-0.008775385185347566,-0.004927944252145835,-0.0038474409332017287,0.003719463377384408,0.019649453228424298,0.7250000000000002,0.011606795250474464,0.007640211439253822,500,1.0,False,0.9308176100628931,0.09295815461764953
05D2fq,SNLS,1643,1,0.73495,24.0007,0.222986,1.0,149.785,2.602,,False,False,True,0.010120991445646701,-0.0015067482566444319,0.0030173578533857943,-0.0045241061100302245,0.010695775645399907,0.0036461384002970665,0.7250000000000002,0.011627739702291133,0.0076524881930464155,500,1.0,False,0.9474157303370786,0.12309021456642974
05D2ct,SNLS,1645,1,0.73596,23.9145,0.424782,1.0,150.426,2.1238,,False,False,True,0.01587877075132607,0.0042298771527001025,0.006907521898707104,-0.002677644746007001,0.025767711371276557,-0.009582834537037309,0.7250000000000002,0.011648893598625969,0.007664887714376936,500,1.0,False,0.9743788819875776,0.03329133860515818
04D2ja,SNLS,1647,1,0.74196,24.2283,0.324017,1.0,149.702,1.7717,,False,False,True,0.002933344091368182,-0.008841216218157817,-0.0048262712835284265,-0.004014944934629387,0.008116411913011875,0.019739403458819214,0.7250000000000002,0.011774560309525998,0.0077385482371325025,500,1.0,False,0.9986301369863013,0.32580948549092686
04D2kr,SNLS,1650,1,0.74607,23.7287,0.253305,1.0,150.156,1.7119,,False,False,True,0.018707818790384627,0.006847176783892107,-0.0007951525357943919,0.007642329319686503,0.018526527668430454,-0.014973296671242198,0.7250000000000002,0.01186064200649252,0.007789005695220067,500,1.0,False,0.9000920810313076,-0.18827306068091523
05D2nt,SNLS,1654,1,0.75899,23.9939,0.231584,1.0,150.243,2.3727,,False,False,True,0.006656958771690294,-0.00547428555227362,-0.002519118108411286,-0.0029551674438623317,0.00441236974961896,0.01248348994981311,0.7750000000000002,0.012131244323963914,0.00794762135422039,500,1.0,False,0.9603047313552526,0.07488923351001096
carter,CANDELS,1694,1,1.5429,25.8372,0.370031,1.0,150.061,2.1924,,False,False,True,0.043290042860749126,0.015973449909991173,0.01758910435082699,-0.0016156544408358186,0.034840611340430684,-0.035595566056854766,1.5250000000000004,0.027316592950757952,0.01661865612443361,500,1.0,False,0.9912645590682196,-0.138025009577742
1302648,DES,1033,36,0.23164,20.8345,0.235724,1.0,10.0026,-44.0541,,False,False,True,0.00024064473605977718,-0.0011032549330505957,-0.0005466543656960424,-0.0005566005673545533,0.00037643890884159236,0.002416858139873764,0.22500000000000003,0.001343899669110373,0.0008516509173804923,500,1.0,False,0.9496139780577001,-0.09140829066136724
1275946,DES,1034,36,0.23205,20.9515,0.157205,1.0,10.404,-43.6378,,False,False,True,0.00037007414170391056,-0.000980133625369915,-0.00048545405078810014,-0.0004946795745818149,0.0019866877977128988,0.0021465933157845713,0.22500000000000003,0.0013502077670738254,0.0008545355365667935,500,1.0,False,0.7329136690647482,0.021287778812513317
1289288,DES,1182,36,0.28995,21.4863,0.270091,1.0,10.1789,-43.9483,,False,False,True,0.0007802979722771617,-0.0014843859047375062,-0.0010220970628432857,-0.0004622888418942203,0.002183237569397646,0.003262978085390516,0.275,0.002264683877014668,0.0012929176869389358,500,1.0,False,0.8752855185015989,-0.012020561639120766
1291090,DES,1186,36,0.29193,21.5076,0.175644,1.0,9.4631,-43.7215,,False,False,True,0.0004014893236221988,-0.0018967902377288765,-0.0009958992386588138,-0.0009008909990700627,0.002489209306653644,0.004157454233116165,0.275,0.0022982795613510753,0.001310956308270181,500,1.0,False,0.9979270315091211,-0.007564504053972324
1281668,DES,1226,36,0.30691,21.7043,0.147609,1.0,9.4105,-43.9203,,False,False,True,0.00025073120066301574,-0.002301721770465523,-0.0011419572008370823,-0.001159764569628441,0.0006900010895874135,0.005054658042408453,0.32500000000000007,0.002552452971128539,0.0014474303221803078,500,1.0,False,0.9460721868365181,0.0498782442339953
1258906,DES,1321,36,0.34912,22.029,0.204259,1.0,10.262,-44.3941,,False,False,True,0.0004048910596324985,-0.002877868413458144,-0.001407398950934102,-0.0014704694625240417,0.00292590260951618,0.006323161242362748,0.32500000000000007,0.0032827594730906423,0.0019233782346905993,500,1.0,False,0.9478798586572438,0.05284137434194576
1336008,DES,1440,36,0.4376,22.3723,0.163932,1.0,10.3212,-43.8862,,False,False,True,0.0072213779982065514,0.001962404328541968,-0.002449307885399517,0.004411712213941485,0.013600616816845002,-0.004374617555437761,0.42500000000000016,0.0052589736696645835,0.0032035652729424406,500,1.0,False,0.6598440545808967,-0.15186033235595156
1320166,DES,1454,36,0.44891,22.7345,0.213951,1.0,9.3464,-43.8719,,False,False,True,0.004400810294987835,-0.0011449276336961455,0.0013367566872013034,-0.002481684320897449,0.006326119265301397,0.002589365967552739,0.42500000000000016,0.005545737928683981,0.00338196685437426,500,1.0,False,0.9446790540540541,0.14524662593331092
1335472,DES,1497,36,0.50593,22.826,0.164502,1.0,9.5553,-44.0495,,False,False,True,0.0035280748577267073,-0.003453040278149318,-0.0004895317449755241,-0.002963508533173794,0.0051853743046494935,0.007732426350263809,0.5250000000000001,0.006981115135876025,0.004266110436499187,500,1.0,False,0.9077822762033289,-0.06518583734534819
1337117,DES,1538,36,0.55384,22.8297,0.175342,1.0,10.1815,-43.6449,,False,False,True,0.010893313120400809,0.0026462228815595755,0.006295597305323093,-0.0036493744237635194,0.013206644945686723,-0.005701116514362968,0.5750000000000002,0.008247090238841234,0.0051189359817738435,500,1.0,False,0.9753303964757709,-0.30993445521670565
1285317,DES,1545,36,0.56437,23.1398,0.219457,1.0,9.4725,-43.3145,,False,False,True,0.007290377956875598,-0.0012447335735271898,-0.0006967851048065967,-0.000547948468720594,0.01593557961266847,0.0027583057527609117,0.5750000000000002,0.008535111530402787,0.005323927424430543,500,1.0,False,0.9930244145490782,-0.0485680031632863
1293758,DES,821,15,0.14803,19.9755,0.183004,1.0,8.4839,-43.3497,,False,False,True,0.012241839607041512,0.012018670731209052,0.012018703878356825,-3.3147147773245e-08,0.0005296852664862804,-0.026486880495020557,0.125,0.00022316887583245917,0.00011888765195527636,500,1.0,False,0.6239476145930777,0.08213023224748657
1273127,DES,918,15,0.18929,20.6829,0.227356,1.0,8.5563,-43.2759,,False,False,True,0.0017351590536635463,0.0013255058414523824,0.0013724452087176056,-4.693936726522315e-05,0.000578966585094313,-0.002887118792646655,0.17500000000000004,0.00040965321221116374,0.00024461242393419413,500,1.0,False,0.8214629451395573,0.24970544464246375
1327978,DES,964,15,0.20691,20.6695,0.278525,1.0,8.28,-44.1402,,False,False,True,0.00013364794979812476,-0.0004090726612336942,-0.0002957610297488484,-0.00011331163148484574,0.0004294821164084409,0.0008950645057496233,0.22500000000000003,0.000542720611031819,0.0003389506836428429,500,1.0,False,0.07227138643067847,0.01722668561624652
1303883,DES,1109,15,0.25904,21.2888,0.161457,1.0,8.8633,-44.9171,,False,False,True,0.00023211618106060058,-0.0009115296931818289,-0.000552087575228429,-0.00035944211795340005,0.00043376375427122527,0.001998452793017803,0.275,0.0011436458742424295,0.0007404986230936692,500,1.0,False,0.9423170140571983,0.06824148391965848
1338128,DES,1238,15,0.31179,21.7847,0.209189,1.0,8.0837,-43.7408,,False,False,True,0.0009238071954671737,-0.00114169878020573,-0.0010714070403852265,-7.029173982050325e-05,0.003484283449359739,0.002513393776317651,0.32500000000000007,0.0020655059756729036,0.0012903161006315733,500,1.0,False,0.0,0.09105524671000338
1336009,DES,1311,15,0.34169,21.9592,0.319871,1.0,8.9162,-44.8937,,False,False,True,0.0008793297585768988,-0.0017327716768022945,-0.0008393962770787768,-0.0008933753997235174,0.003226540042503239,0.0038153205425920924,0.32500000000000007,0.002612101435379193,0.0015776860021717463,500,1.0,False,0.946225949679329,0.03696382568632202
1283936,DES,1355,15,0.36857,22.21,0.344494,1.0,8.8776,-44.3713,,False,False,True,0.00433971592670765,0.0012545092613175518,-0.001438932864694773,0.0026934421260123255,0.009295212658140303,-0.0027452351177265797,0.3750000000000001,0.003085206665390098,0.0018051677957145243,500,1.0,False,0.969428444838281,0.08360566816387321
1341370,DES,1401,15,0.40895,22.4472,0.2385,1.0,8.9639,-44.6767,,False,False,True,0.0023961205538281546,-0.0014325763899684118,-0.0016775906380966617,0.000245014248128251,0.009193359606740767,0.003148300005965673,0.42500000000000016,0.0038286969437965664,0.0023035514998270045,500,1.0,False,0.9442559379544353,0.09522846802963177
1328105,DES,1447,15,0.44149,22.4293,0.181576,1.0,8.1871,-43.5769,,False,False,True,0.0063809409741289085,0.0018920471797150605,-0.0008220395314328405,0.0027140867111479007,0.01258461053726349,-0.004169426950436705,0.42500000000000016,0.004488893794413848,0.0027066308737203927,500,1.0,False,0.0,-0.11742403242836712
1255502,DES,823,16,0.14834,19.7709,0.140105,1.0,33.9046,-4.2092,,False,False,True,0.0002666191174885177,-0.0007378580465799357,-0.000250775226636989,-0.00048708281994294667,0.00012112699672589354,0.0016143075199736533,0.125,0.0010044771640684534,0.0006457511510091741,200,1.0,False,0.4715203426124197,-0.12740737452438095
1345582,DES,1465,16,0.45885,22.7149,0.250735,1.0,33.7065,-4.6747,,False,False,True,0.014701951262943588,0.003045003316799272,-0.00015238731832355103,0.0031973906351228237,0.02496187032998478,-0.006844040858661974,0.4750000000000001,0.011656947946144317,0.008051336037867863,200,1.0,False,0.058707449432659105,0.05384577712365091
1306785,DES,1550,16,0.57542,22.9382,0.452062,1.0,33.7937,-4.5222,,False,False,True,0.009741218415535251,-0.005189732155246164,-0.004475948230193381,-0.0007137839250527852,0.013772676989431664,0.011981369923458399,0.5750000000000002,0.014930950570781415,0.01039906487128743,200,1.0,False,0.33590402742073694,-0.30039244439350227
1308568,DES,1601,16,0.64311,23.1079,0.406947,1.0,33.8732,-5.0525,,False,False,True,0.0020194354288427885,-0.014766159364789214,-0.004161847289775403,-0.010604312075013809,0.006415705916366519,0.03326277388748467,0.6250000000000002,0.016785594793632,0.011696875299096136,200,1.0,False,0.5778443113772455,-0.4020985203650317
110033,PS1MD,961,29,0.20483,20.5897,0.200513,1.0,34.9031,-3.5292,,False,False,True,0.0011219035508363158,0.0004013901339281345,0.0002944663785132102,0.0001069237554149245,0.001650981698297994,-0.0008661609761785941,0.22500000000000003,0.0007205134169081814,0.00036883848646574206,200,1.0,False,0.0,-0.03819346439083382
420352,PS1MD,1387,29,0.38895,22.13,0.197743,1.0,35.1822,-3.9625,,False,False,True,0.0008962447741763274,-0.0024902983905669357,-0.0010444754443341719,-0.0014458229462327636,0.0041388741943545635,0.005478272763769667,0.3750000000000001,0.003386543164743263,0.0017949755495879369,200,1.0,False,0.08344923504867872,-0.13220072089227825
080723,PS1MD,1436,29,0.4302,22.5824,0.163569,1.0,34.9864,-3.9606,,False,False,True,0.01913872163774277,0.015094711625776094,0.01562437751945835,-0.0005296658936822529,0.018530982784437346,-0.0334618145686464,0.42500000000000016,0.004044010011966675,0.002075332763157234,200,1.0,False,0.09932659932659933,0.10168435274266248
